#k-distance eigenvalue[eV]
0.00000000 -28.93000000
0.01647355 -28.93470000
0.03294710 -28.93470000
0.04942064 -28.93460000
0.06589419 -28.93460000
0.08236774 -28.93450000
0.09884129 -28.93440000
0.11531484 -28.93430000
0.13178839 -28.93420000
0.14826193 -28.93400000
0.16473548 -28.93390000
0.18120903 -28.93370000
0.19768258 -28.93350000
0.21415613 -28.93340000
0.23062967 -28.93320000
0.24710322 -28.93300000
0.26357677 -28.93280000
0.28005032 -28.93260000
0.29652387 -28.93240000
0.31299741 -28.93220000
0.32947096 -28.93200000
0.34594451 -28.93190000
0.36241806 -28.93170000
0.37889161 -28.93150000
0.39536516 -28.93140000
0.41183870 -28.93130000
0.42831225 -28.93110000
0.44478580 -28.93100000
0.46125935 -28.93100000
0.47773290 -28.93090000
0.49420644 -28.93080000
0.51067999 -28.93080000
0.52715354 -28.93080000
0.54343995 -28.93080000
0.55972636 -28.93080000
0.57601278 -28.93070000
0.59229919 -28.93070000
0.60858559 -28.93060000
0.62487200 -28.93050000
0.64115842 -28.93040000
0.65744483 -28.93030000
0.67373124 -28.93010000
0.69001765 -28.93000000
0.70630407 -28.92980000
0.72259047 -28.92970000
0.73887688 -28.92950000
0.75516329 -28.92930000
0.77144971 -28.92910000
0.78773612 -28.92890000
0.80402253 -28.92880000
0.82030893 -28.92860000
0.83659534 -28.92840000
0.85288176 -28.92820000
0.86916817 -28.92800000
0.88545458 -28.92780000
0.90174099 -28.92770000
0.91802741 -28.92750000
0.93431382 -28.92740000
0.95060022 -28.92720000
0.96688663 -28.92710000
0.98317305 -28.92700000
0.99945946 -28.92690000
1.01574587 -28.92680000
1.03203228 -28.92680000
1.04831870 -28.92670000
1.06460510 -28.92670000
1.08089151 -28.92970000
1.09717792 -28.92670000
1.11346433 -28.92680000
1.12975075 -28.92690000
1.14603716 -28.92700000
1.16232357 -28.92710000
1.17860997 -28.92730000
1.19489639 -28.92750000
1.21118280 -28.92780000
1.22746921 -28.92800000
1.24375562 -28.92830000
1.26004204 -28.92860000
1.27632845 -28.92890000
1.29261485 -28.92930000
1.30890126 -28.92960000
1.32518768 -28.93000000
1.34147409 -28.93030000
1.35776050 -28.92980000
1.37404691 -28.93110000
1.39033332 -28.93150000
1.40661973 -28.93180000
1.42290614 -28.93220000
1.43919255 -28.93250000
1.45547896 -28.93280000
1.47176538 -28.93310000
1.48805179 -28.93340000
1.50433820 -28.93370000
1.52062460 -28.93390000
1.53691102 -28.93410000
1.55319743 -28.93430000
1.56948384 -28.93440000
1.58577025 -28.93460000
1.60205667 -28.93460000
1.61834308 -28.93470000
1.63462948 -28.93000000
1.65084218 -28.93470000
1.66705486 -28.93460000
1.68326756 -28.93460000
1.69948025 -28.93440000
1.71569294 -28.93430000
1.73190563 -28.93410000
1.74811833 -28.93390000
1.76433101 -28.93360000
1.78054371 -28.93330000
1.79675640 -28.93300000
1.81296909 -28.93270000
1.82918178 -28.93240000
1.84539448 -28.93200000
1.86160716 -28.93170000
1.87781986 -28.93130000
1.89403255 -28.93090000
1.91024524 -28.93050000
1.92645793 -28.93020000
1.94267063 -28.92980000
1.95888331 -28.92940000
1.97509601 -28.92910000
1.99130870 -28.92870000
2.00752139 -28.92840000
2.02373408 -28.92810000
2.03994678 -28.92780000
2.05615946 -28.92760000
2.07237216 -28.92740000
2.08858485 -28.92720000
2.10479754 -28.92700000
2.12101023 -28.92680000
2.13748378 -28.92680000
2.15395733 -28.92690000
2.17043088 -28.92690000
2.18690443 -28.92700000
2.20337797 -28.92710000
2.21985152 -28.92720000
2.23632507 -28.92730000
2.25279862 -28.92740000
2.26927217 -28.92760000
2.28574571 -28.92770000
2.30221926 -28.92790000
2.31869281 -28.92800000
2.33516636 -28.92820000
2.35163991 -28.92840000
2.36811346 -28.92860000
2.38458700 -28.92880000
2.40106055 -28.92900000
2.41753410 -28.92920000
2.43400765 -28.92930000
2.45048120 -28.92950000
2.46695474 -28.92970000
2.48342829 -28.92980000
2.49990184 -28.93000000
2.51637539 -28.93010000
2.53284894 -28.93030000
2.54932249 -28.93040000
2.56579603 -28.93050000
2.58226958 -28.93050000
2.59874313 -28.93060000
2.61521668 -28.93060000
2.63169023 -28.93070000
2.64816377 -28.93070000
2.66445018 -28.93070000
2.68073659 -28.93060000
2.69702301 -28.93060000
2.71330942 -28.93050000
2.72959583 -28.93050000
2.74588223 -28.93030000
2.76216865 -28.93020000
2.77845506 -28.93010000
2.79474147 -28.93000000
2.81102788 -28.92980000
2.82731430 -28.92960000
2.84360071 -28.92940000
2.85988712 -28.92920000
2.87617352 -28.92900000
2.89245994 -28.92880000
2.90874635 -28.92860000
2.92503276 -28.92840000
2.94131917 -28.92820000
2.95760558 -28.92800000
2.97389200 -28.92780000
2.99017840 -28.92760000
3.00646481 -28.92740000
3.02275122 -28.92720000
3.03903764 -28.92710000
3.05532405 -28.92690000
3.07161046 -28.92680000
3.08789687 -28.92660000
3.10418328 -28.92650000
3.12046969 -28.92640000
3.13675610 -28.92630000
3.15304251 -28.92620000
3.16932893 -28.92620000
3.18561534 -28.92620000
3.20190175 -28.92620000
3.21811444 -28.92630000
3.23432713 -28.92640000
3.25053982 -28.92650000
3.26675252 -28.92660000
3.28296520 -28.92670000
3.29917790 -28.92670000
3.31539059 -28.92680000
3.33160328 -28.92680000
3.34781597 -28.92690000
3.36402867 -28.92690000
3.38024135 -28.92690000
3.39645405 -28.92700000
3.41266674 -28.92700000
3.42887943 -28.92700000
3.44509212 -28.92690000
3.46130482 -28.92690000
3.47751750 -28.92690000
3.49373020 -28.92690000
3.50994289 -28.92690000
3.52615558 -28.92690000
3.54236827 -28.92680000
3.55858096 -28.92680000
3.57479365 -28.92680000
3.59100634 -28.92680000
3.60721904 -28.92680000
3.62343172 -28.92670000
3.63964442 -28.92670000
3.65585711 -28.92670000
3.67206980 -28.92670000
3.68828249 -28.92970000

0.00000000 -28.92490000
0.01647355 -28.92960000
0.03294710 -28.92960000
0.04942064 -28.92950000
0.06589419 -28.92950000
0.08236774 -28.92940000
0.09884129 -28.92930000
0.11531484 -28.92920000
0.13178839 -28.92910000
0.14826193 -28.92890000
0.16473548 -28.92880000
0.18120903 -28.92860000
0.19768258 -28.92850000
0.21415613 -28.92830000
0.23062967 -28.92810000
0.24710322 -28.92790000
0.26357677 -28.92770000
0.28005032 -28.92750000
0.29652387 -28.92730000
0.31299741 -28.92720000
0.32947096 -28.92700000
0.34594451 -28.92680000
0.36241806 -28.92660000
0.37889161 -28.92650000
0.39536516 -28.92630000
0.41183870 -28.92620000
0.42831225 -28.92610000
0.44478580 -28.92600000
0.46125935 -28.92590000
0.47773290 -28.92580000
0.49420644 -28.92580000
0.51067999 -28.92580000
0.52715354 -28.92570000
0.54343995 -28.92570000
0.55972636 -28.92570000
0.57601278 -28.92570000
0.59229919 -28.92560000
0.60858559 -28.92550000
0.62487200 -28.92540000
0.64115842 -28.92530000
0.65744483 -28.92520000
0.67373124 -28.92510000
0.69001765 -28.92490000
0.70630407 -28.92480000
0.72259047 -28.92460000
0.73887688 -28.92440000
0.75516329 -28.92430000
0.77144971 -28.92410000
0.78773612 -28.92390000
0.80402253 -28.92370000
0.82030893 -28.92350000
0.83659534 -28.92330000
0.85288176 -28.92310000
0.86916817 -28.92290000
0.88545458 -28.92280000
0.90174099 -28.92260000
0.91802741 -28.92250000
0.93431382 -28.92230000
0.95060022 -28.92220000
0.96688663 -28.92200000
0.98317305 -28.92190000
0.99945946 -28.92180000
1.01574587 -28.92180000
1.03203228 -28.92170000
1.04831870 -28.92170000
1.06460510 -28.92160000
1.08089151 -28.92470000
1.09717792 -28.92170000
1.11346433 -28.92170000
1.12975075 -28.92180000
1.14603716 -28.92190000
1.16232357 -28.92210000
1.17860997 -28.92220000
1.19489639 -28.92240000
1.21118280 -28.92270000
1.22746921 -28.92290000
1.24375562 -28.92320000
1.26004204 -28.92350000
1.27632845 -28.92380000
1.29261485 -28.92420000
1.30890126 -28.92450000
1.32518768 -28.92490000
1.34147409 -28.92530000
1.35776050 -28.92480000
1.37404691 -28.92600000
1.39033332 -28.92640000
1.40661973 -28.92670000
1.42290614 -28.92710000
1.43919255 -28.92740000
1.45547896 -28.92770000
1.47176538 -28.92800000
1.48805179 -28.92830000
1.50433820 -28.92860000
1.52062460 -28.92880000
1.53691102 -28.92900000
1.55319743 -28.92920000
1.56948384 -28.92940000
1.58577025 -28.92950000
1.60205667 -28.92960000
1.61834308 -28.92960000
1.63462948 -28.92490000
1.65084218 -28.92960000
1.66705486 -28.92960000
1.68326756 -28.92950000
1.69948025 -28.92940000
1.71569294 -28.92930000
1.73190563 -28.92920000
1.74811833 -28.92910000
1.76433101 -28.92900000
1.78054371 -28.92880000
1.79675640 -28.92860000
1.81296909 -28.92850000
1.82918178 -28.92830000
1.84539448 -28.92810000
1.86160716 -28.92790000
1.87781986 -28.92770000
1.89403255 -28.92760000
1.91024524 -28.92740000
1.92645793 -28.92720000
1.94267063 -28.92710000
1.95888331 -28.92690000
1.97509601 -28.92680000
1.99130870 -28.92670000
2.00752139 -28.92660000
2.02373408 -28.92660000
2.03994678 -28.92660000
2.05615946 -28.92660000
2.07237216 -28.92660000
2.08858485 -28.92660000
2.10479754 -28.92670000
2.12101023 -28.92680000
2.13748378 -28.92680000
2.15395733 -28.92690000
2.17043088 -28.92690000
2.18690443 -28.92700000
2.20337797 -28.92710000
2.21985152 -28.92720000
2.23632507 -28.92730000
2.25279862 -28.92740000
2.26927217 -28.92760000
2.28574571 -28.92770000
2.30221926 -28.92790000
2.31869281 -28.92800000
2.33516636 -28.92820000
2.35163991 -28.92840000
2.36811346 -28.92860000
2.38458700 -28.92880000
2.40106055 -28.92900000
2.41753410 -28.92920000
2.43400765 -28.92930000
2.45048120 -28.92950000
2.46695474 -28.92970000
2.48342829 -28.92980000
2.49990184 -28.93000000
2.51637539 -28.93010000
2.53284894 -28.93030000
2.54932249 -28.93040000
2.56579603 -28.93050000
2.58226958 -28.93050000
2.59874313 -28.93060000
2.61521668 -28.93060000
2.63169023 -28.93070000
2.64816377 -28.93070000
2.66445018 -28.93070000
2.68073659 -28.93060000
2.69702301 -28.93060000
2.71330942 -28.93050000
2.72959583 -28.93040000
2.74588223 -28.93030000
2.76216865 -28.93020000
2.77845506 -28.93010000
2.79474147 -28.92990000
2.81102788 -28.92980000
2.82731430 -28.92960000
2.84360071 -28.92940000
2.85988712 -28.92920000
2.87617352 -28.92900000
2.89245994 -28.92880000
2.90874635 -28.92860000
2.92503276 -28.92840000
2.94131917 -28.92820000
2.95760558 -28.92800000
2.97389200 -28.92780000
2.99017840 -28.92760000
3.00646481 -28.92740000
3.02275122 -28.92720000
3.03903764 -28.92700000
3.05532405 -28.92690000
3.07161046 -28.92670000
3.08789687 -28.92660000
3.10418328 -28.92650000
3.12046969 -28.92640000
3.13675610 -28.92630000
3.15304251 -28.92620000
3.16932893 -28.92620000
3.18561534 -28.92620000
3.20190175 -28.92610000
3.21811444 -28.92600000
3.23432713 -28.92590000
3.25053982 -28.92570000
3.26675252 -28.92560000
3.28296520 -28.92540000
3.29917790 -28.92520000
3.31539059 -28.92500000
3.33160328 -28.92480000
3.34781597 -28.92460000
3.36402867 -28.92440000
3.38024135 -28.92420000
3.39645405 -28.92400000
3.41266674 -28.92380000
3.42887943 -28.92360000
3.44509212 -28.92340000
3.46130482 -28.92320000
3.47751750 -28.92300000
3.49373020 -28.92280000
3.50994289 -28.92270000
3.52615558 -28.92250000
3.54236827 -28.92230000
3.55858096 -28.92220000
3.57479365 -28.92210000
3.59100634 -28.92200000
3.60721904 -28.92190000
3.62343172 -28.92180000
3.63964442 -28.92170000
3.65585711 -28.92170000
3.67206980 -28.92160000
3.68828249 -28.92470000

0.00000000 -28.91530000
0.01647355 -28.92000000
0.03294710 -28.92000000
0.04942064 -28.91990000
0.06589419 -28.91990000
0.08236774 -28.91980000
0.09884129 -28.91970000
0.11531484 -28.91960000
0.13178839 -28.91950000
0.14826193 -28.91930000
0.16473548 -28.91920000
0.18120903 -28.91900000
0.19768258 -28.91890000
0.21415613 -28.91870000
0.23062967 -28.91850000
0.24710322 -28.91830000
0.26357677 -28.91810000
0.28005032 -28.91790000
0.29652387 -28.91780000
0.31299741 -28.91760000
0.32947096 -28.91740000
0.34594451 -28.91720000
0.36241806 -28.91710000
0.37889161 -28.91690000
0.39536516 -28.91680000
0.41183870 -28.91660000
0.42831225 -28.91650000
0.44478580 -28.91640000
0.46125935 -28.91630000
0.47773290 -28.91620000
0.49420644 -28.91620000
0.51067999 -28.91620000
0.52715354 -28.91620000
0.54343995 -28.91620000
0.55972636 -28.91610000
0.57601278 -28.91610000
0.59229919 -28.91600000
0.60858559 -28.91590000
0.62487200 -28.91590000
0.64115842 -28.91580000
0.65744483 -28.91560000
0.67373124 -28.91550000
0.69001765 -28.91540000
0.70630407 -28.91520000
0.72259047 -28.91500000
0.73887688 -28.91490000
0.75516329 -28.91470000
0.77144971 -28.91450000
0.78773612 -28.91430000
0.80402253 -28.91410000
0.82030893 -28.91390000
0.83659534 -28.91370000
0.85288176 -28.91360000
0.86916817 -28.91340000
0.88545458 -28.91320000
0.90174099 -28.91300000
0.91802741 -28.91290000
0.93431382 -28.91270000
0.95060022 -28.91260000
0.96688663 -28.91250000
0.98317305 -28.91240000
0.99945946 -28.91230000
1.01574587 -28.91220000
1.03203228 -28.91210000
1.04831870 -28.91210000
1.06460510 -28.91210000
1.08089151 -28.91510000
1.09717792 -28.91210000
1.11346433 -28.91210000
1.12975075 -28.91220000
1.14603716 -28.91230000
1.16232357 -28.91250000
1.17860997 -28.91270000
1.19489639 -28.91290000
1.21118280 -28.91310000
1.22746921 -28.91340000
1.24375562 -28.91360000
1.26004204 -28.91390000
1.27632845 -28.91430000
1.29261485 -28.91460000
1.30890126 -28.91500000
1.32518768 -28.91530000
1.34147409 -28.91570000
1.35776050 -28.91520000
1.37404691 -28.91640000
1.39033332 -28.91680000
1.40661973 -28.91710000
1.42290614 -28.91750000
1.43919255 -28.91780000
1.45547896 -28.91810000
1.47176538 -28.91840000
1.48805179 -28.91870000
1.50433820 -28.91900000
1.52062460 -28.91920000
1.53691102 -28.91940000
1.55319743 -28.91960000
1.56948384 -28.91970000
1.58577025 -28.91990000
1.60205667 -28.91990000
1.61834308 -28.92000000
1.63462948 -28.91530000
1.65084218 -28.92000000
1.66705486 -28.91990000
1.68326756 -28.91990000
1.69948025 -28.91980000
1.71569294 -28.91960000
1.73190563 -28.91940000
1.74811833 -28.91930000
1.76433101 -28.91900000
1.78054371 -28.91880000
1.79675640 -28.91850000
1.81296909 -28.91830000
1.82918178 -28.91800000
1.84539448 -28.91770000
1.86160716 -28.91740000
1.87781986 -28.91700000
1.89403255 -28.91670000
1.91024524 -28.91640000
1.92645793 -28.91610000
1.94267063 -28.91580000
1.95888331 -28.91550000
1.97509601 -28.91530000
1.99130870 -28.91500000
2.00752139 -28.91480000
2.02373408 -28.91460000
2.03994678 -28.91440000
2.05615946 -28.91430000
2.07237216 -28.91410000
2.08858485 -28.91400000
2.10479754 -28.91400000
2.12101023 -28.91390000
2.13748378 -28.91390000
2.15395733 -28.91400000
2.17043088 -28.91400000
2.18690443 -28.91410000
2.20337797 -28.91420000
2.21985152 -28.91430000
2.23632507 -28.91440000
2.25279862 -28.91450000
2.26927217 -28.91460000
2.28574571 -28.91480000
2.30221926 -28.91500000
2.31869281 -28.91510000
2.33516636 -28.91530000
2.35163991 -28.91550000
2.36811346 -28.91570000
2.38458700 -28.91590000
2.40106055 -28.91610000
2.41753410 -28.91620000
2.43400765 -28.91640000
2.45048120 -28.91660000
2.46695474 -28.91680000
2.48342829 -28.91690000
2.49990184 -28.91710000
2.51637539 -28.91720000
2.53284894 -28.91730000
2.54932249 -28.91750000
2.56579603 -28.91750000
2.58226958 -28.91760000
2.59874313 -28.91770000
2.61521668 -28.91770000
2.63169023 -28.91780000
2.64816377 -28.91780000
2.66445018 -28.91780000
2.68073659 -28.91770000
2.69702301 -28.91770000
2.71330942 -28.91760000
2.72959583 -28.91750000
2.74588223 -28.91740000
2.76216865 -28.91730000
2.77845506 -28.91720000
2.79474147 -28.91700000
2.81102788 -28.91690000
2.82731430 -28.91670000
2.84360071 -28.91650000
2.85988712 -28.91630000
2.87617352 -28.91610000
2.89245994 -28.91590000
2.90874635 -28.91570000
2.92503276 -28.91550000
2.94131917 -28.91530000
2.95760558 -28.91510000
2.97389200 -28.91490000
2.99017840 -28.91470000
3.00646481 -28.91450000
3.02275122 -28.91430000
3.03903764 -28.91410000
3.05532405 -28.91400000
3.07161046 -28.91380000
3.08789687 -28.91370000
3.10418328 -28.91360000
3.12046969 -28.91350000
3.13675610 -28.91340000
3.15304251 -28.91330000
3.16932893 -28.91330000
3.18561534 -28.91320000
3.20190175 -28.91320000
3.21811444 -28.91320000
3.23432713 -28.91320000
3.25053982 -28.91320000
3.26675252 -28.91320000
3.28296520 -28.91320000
3.29917790 -28.91320000
3.31539059 -28.91310000
3.33160328 -28.91310000
3.34781597 -28.91310000
3.36402867 -28.91300000
3.38024135 -28.91300000
3.39645405 -28.91290000
3.41266674 -28.91280000
3.42887943 -28.91280000
3.44509212 -28.91270000
3.46130482 -28.91260000
3.47751750 -28.91260000
3.49373020 -28.91250000
3.50994289 -28.91250000
3.52615558 -28.91240000
3.54236827 -28.91230000
3.55858096 -28.91230000
3.57479365 -28.91220000
3.59100634 -28.91220000
3.60721904 -28.91220000
3.62343172 -28.91210000
3.63964442 -28.91210000
3.65585711 -28.91210000
3.67206980 -28.91210000
3.68828249 -28.91510000

0.00000000 -28.91460000
0.01647355 -28.91940000
0.03294710 -28.91940000
0.04942064 -28.91930000
0.06589419 -28.91930000
0.08236774 -28.91920000
0.09884129 -28.91910000
0.11531484 -28.91900000
0.13178839 -28.91890000
0.14826193 -28.91870000
0.16473548 -28.91860000
0.18120903 -28.91840000
0.19768258 -28.91830000
0.21415613 -28.91810000
0.23062967 -28.91790000
0.24710322 -28.91770000
0.26357677 -28.91750000
0.28005032 -28.91730000
0.29652387 -28.91720000
0.31299741 -28.91700000
0.32947096 -28.91680000
0.34594451 -28.91660000
0.36241806 -28.91650000
0.37889161 -28.91630000
0.39536516 -28.91620000
0.41183870 -28.91600000
0.42831225 -28.91590000
0.44478580 -28.91580000
0.46125935 -28.91570000
0.47773290 -28.91570000
0.49420644 -28.91560000
0.51067999 -28.91560000
0.52715354 -28.91560000
0.54343995 -28.91560000
0.55972636 -28.91550000
0.57601278 -28.91550000
0.59229919 -28.91540000
0.60858559 -28.91540000
0.62487200 -28.91530000
0.64115842 -28.91520000
0.65744483 -28.91500000
0.67373124 -28.91490000
0.69001765 -28.91480000
0.70630407 -28.91460000
0.72259047 -28.91440000
0.73887688 -28.91430000
0.75516329 -28.91410000
0.77144971 -28.91390000
0.78773612 -28.91370000
0.80402253 -28.91350000
0.82030893 -28.91330000
0.83659534 -28.91310000
0.85288176 -28.91300000
0.86916817 -28.91280000
0.88545458 -28.91260000
0.90174099 -28.91240000
0.91802741 -28.91230000
0.93431382 -28.91210000
0.95060022 -28.91200000
0.96688663 -28.91190000
0.98317305 -28.91180000
0.99945946 -28.91170000
1.01574587 -28.91160000
1.03203228 -28.91150000
1.04831870 -28.91150000
1.06460510 -28.91150000
1.08089151 -28.91450000
1.09717792 -28.91150000
1.11346433 -28.91150000
1.12975075 -28.91160000
1.14603716 -28.91170000
1.16232357 -28.91190000
1.17860997 -28.91200000
1.19489639 -28.91230000
1.21118280 -28.91250000
1.22746921 -28.91270000
1.24375562 -28.91300000
1.26004204 -28.91330000
1.27632845 -28.91370000
1.29261485 -28.91400000
1.30890126 -28.91430000
1.32518768 -28.91470000
1.34147409 -28.91510000
1.35776050 -28.91460000
1.37404691 -28.91580000
1.39033332 -28.91620000
1.40661973 -28.91650000
1.42290614 -28.91690000
1.43919255 -28.91720000
1.45547896 -28.91750000
1.47176538 -28.91780000
1.48805179 -28.91810000
1.50433820 -28.91840000
1.52062460 -28.91860000
1.53691102 -28.91880000
1.55319743 -28.91900000
1.56948384 -28.91910000
1.58577025 -28.91920000
1.60205667 -28.91930000
1.61834308 -28.91940000
1.63462948 -28.91460000
1.65084218 -28.91940000
1.66705486 -28.91930000
1.68326756 -28.91930000
1.69948025 -28.91920000
1.71569294 -28.91900000
1.73190563 -28.91890000
1.74811833 -28.91870000
1.76433101 -28.91850000
1.78054371 -28.91820000
1.79675640 -28.91800000
1.81296909 -28.91770000
1.82918178 -28.91740000
1.84539448 -28.91720000
1.86160716 -28.91690000
1.87781986 -28.91660000
1.89403255 -28.91630000
1.91024524 -28.91600000
1.92645793 -28.91570000
1.94267063 -28.91550000
1.95888331 -28.91520000
1.97509601 -28.91500000
1.99130870 -28.91470000
2.00752139 -28.91450000
2.02373408 -28.91440000
2.03994678 -28.91420000
2.05615946 -28.91410000
2.07237216 -28.91400000
2.08858485 -28.91400000
2.10479754 -28.91390000
2.12101023 -28.91390000
2.13748378 -28.91390000
2.15395733 -28.91400000
2.17043088 -28.91400000
2.18690443 -28.91410000
2.20337797 -28.91420000
2.21985152 -28.91430000
2.23632507 -28.91440000
2.25279862 -28.91450000
2.26927217 -28.91460000
2.28574571 -28.91480000
2.30221926 -28.91500000
2.31869281 -28.91510000
2.33516636 -28.91530000
2.35163991 -28.91550000
2.36811346 -28.91570000
2.38458700 -28.91590000
2.40106055 -28.91610000
2.41753410 -28.91620000
2.43400765 -28.91640000
2.45048120 -28.91660000
2.46695474 -28.91680000
2.48342829 -28.91690000
2.49990184 -28.91710000
2.51637539 -28.91720000
2.53284894 -28.91730000
2.54932249 -28.91750000
2.56579603 -28.91750000
2.58226958 -28.91760000
2.59874313 -28.91770000
2.61521668 -28.91770000
2.63169023 -28.91780000
2.64816377 -28.91780000
2.66445018 -28.91780000
2.68073659 -28.91770000
2.69702301 -28.91770000
2.71330942 -28.91760000
2.72959583 -28.91750000
2.74588223 -28.91740000
2.76216865 -28.91730000
2.77845506 -28.91720000
2.79474147 -28.91700000
2.81102788 -28.91680000
2.82731430 -28.91670000
2.84360071 -28.91650000
2.85988712 -28.91630000
2.87617352 -28.91610000
2.89245994 -28.91590000
2.90874635 -28.91570000
2.92503276 -28.91550000
2.94131917 -28.91520000
2.95760558 -28.91500000
2.97389200 -28.91480000
2.99017840 -28.91460000
3.00646481 -28.91440000
3.02275122 -28.91420000
3.03903764 -28.91410000
3.05532405 -28.91390000
3.07161046 -28.91380000
3.08789687 -28.91360000
3.10418328 -28.91350000
3.12046969 -28.91340000
3.13675610 -28.91330000
3.15304251 -28.91320000
3.16932893 -28.91320000
3.18561534 -28.91320000
3.20190175 -28.91310000
3.21811444 -28.91310000
3.23432713 -28.91310000
3.25053982 -28.91310000
3.26675252 -28.91300000
3.28296520 -28.91300000
3.29917790 -28.91290000
3.31539059 -28.91290000
3.33160328 -28.91280000
3.34781597 -28.91270000
3.36402867 -28.91270000
3.38024135 -28.91260000
3.39645405 -28.91250000
3.41266674 -28.91240000
3.42887943 -28.91230000
3.44509212 -28.91220000
3.46130482 -28.91220000
3.47751750 -28.91210000
3.49373020 -28.91200000
3.50994289 -28.91190000
3.52615558 -28.91180000
3.54236827 -28.91180000
3.55858096 -28.91170000
3.57479365 -28.91170000
3.59100634 -28.91160000
3.60721904 -28.91160000
3.62343172 -28.91150000
3.63964442 -28.91150000
3.65585711 -28.91150000
3.67206980 -28.91150000
3.68828249 -28.91450000

0.00000000 -28.88540000
0.01647355 -28.89020000
0.03294710 -28.89010000
0.04942064 -28.89010000
0.06589419 -28.89000000
0.08236774 -28.89000000
0.09884129 -28.88990000
0.11531484 -28.88980000
0.13178839 -28.88970000
0.14826193 -28.88950000
0.16473548 -28.88940000
0.18120903 -28.88920000
0.19768258 -28.88900000
0.21415613 -28.88890000
0.23062967 -28.88870000
0.24710322 -28.88850000
0.26357677 -28.88830000
0.28005032 -28.88810000
0.29652387 -28.88800000
0.31299741 -28.88780000
0.32947096 -28.88760000
0.34594451 -28.88740000
0.36241806 -28.88730000
0.37889161 -28.88710000
0.39536516 -28.88700000
0.41183870 -28.88680000
0.42831225 -28.88670000
0.44478580 -28.88660000
0.46125935 -28.88650000
0.47773290 -28.88650000
0.49420644 -28.88640000
0.51067999 -28.88640000
0.52715354 -28.88640000
0.54343995 -28.88640000
0.55972636 -28.88640000
0.57601278 -28.88630000
0.59229919 -28.88630000
0.60858559 -28.88620000
0.62487200 -28.88610000
0.64115842 -28.88600000
0.65744483 -28.88580000
0.67373124 -28.88570000
0.69001765 -28.88550000
0.70630407 -28.88540000
0.72259047 -28.88520000
0.73887688 -28.88500000
0.75516329 -28.88480000
0.77144971 -28.88470000
0.78773612 -28.88450000
0.80402253 -28.88430000
0.82030893 -28.88410000
0.83659534 -28.88390000
0.85288176 -28.88370000
0.86916817 -28.88350000
0.88545458 -28.88330000
0.90174099 -28.88310000
0.91802741 -28.88300000
0.93431382 -28.88280000
0.95060022 -28.88270000
0.96688663 -28.88250000
0.98317305 -28.88240000
0.99945946 -28.88230000
1.01574587 -28.88230000
1.03203228 -28.88220000
1.04831870 -28.88210000
1.06460510 -28.88210000
1.08089151 -28.88510000
1.09717792 -28.88210000
1.11346433 -28.88220000
1.12975075 -28.88230000
1.14603716 -28.88240000
1.16232357 -28.88250000
1.17860997 -28.88270000
1.19489639 -28.88290000
1.21118280 -28.88320000
1.22746921 -28.88340000
1.24375562 -28.88370000
1.26004204 -28.88400000
1.27632845 -28.88440000
1.29261485 -28.88470000
1.30890126 -28.88500000
1.32518768 -28.88540000
1.34147409 -28.88580000
1.35776050 -28.88530000
1.37404691 -28.88650000
1.39033332 -28.88690000
1.40661973 -28.88730000
1.42290614 -28.88760000
1.43919255 -28.88800000
1.45547896 -28.88830000
1.47176538 -28.88860000
1.48805179 -28.88890000
1.50433820 -28.88910000
1.52062460 -28.88940000
1.53691102 -28.88960000
1.55319743 -28.88980000
1.56948384 -28.88990000
1.58577025 -28.89000000
1.60205667 -28.89010000
1.61834308 -28.89020000
1.63462948 -28.88540000
1.65084218 -28.89020000
1.66705486 -28.89010000
1.68326756 -28.89000000
1.69948025 -28.88990000
1.71569294 -28.88980000
1.73190563 -28.88960000
1.74811833 -28.88950000
1.76433101 -28.88930000
1.78054371 -28.88900000
1.79675640 -28.88880000
1.81296909 -28.88850000
1.82918178 -28.88820000
1.84539448 -28.88790000
1.86160716 -28.88770000
1.87781986 -28.88740000
1.89403255 -28.88710000
1.91024524 -28.88680000
1.92645793 -28.88650000
1.94267063 -28.88620000
1.95888331 -28.88590000
1.97509601 -28.88570000
1.99130870 -28.88540000
2.00752139 -28.88520000
2.02373408 -28.88500000
2.03994678 -28.88490000
2.05615946 -28.88470000
2.07237216 -28.88460000
2.08858485 -28.88450000
2.10479754 -28.88450000
2.12101023 -28.88440000
2.13748378 -28.88450000
2.15395733 -28.88450000
2.17043088 -28.88450000
2.18690443 -28.88460000
2.20337797 -28.88470000
2.21985152 -28.88480000
2.23632507 -28.88490000
2.25279862 -28.88500000
2.26927217 -28.88520000
2.28574571 -28.88530000
2.30221926 -28.88550000
2.31869281 -28.88560000
2.33516636 -28.88580000
2.35163991 -28.88600000
2.36811346 -28.88620000
2.38458700 -28.88640000
2.40106055 -28.88660000
2.41753410 -28.88670000
2.43400765 -28.88690000
2.45048120 -28.88710000
2.46695474 -28.88730000
2.48342829 -28.88740000
2.49990184 -28.88760000
2.51637539 -28.88770000
2.53284894 -28.88780000
2.54932249 -28.88800000
2.56579603 -28.88800000
2.58226958 -28.88810000
2.59874313 -28.88820000
2.61521668 -28.88820000
2.63169023 -28.88830000
2.64816377 -28.88830000
2.66445018 -28.88830000
2.68073659 -28.88820000
2.69702301 -28.88820000
2.71330942 -28.88810000
2.72959583 -28.88800000
2.74588223 -28.88790000
2.76216865 -28.88780000
2.77845506 -28.88770000
2.79474147 -28.88750000
2.81102788 -28.88740000
2.82731430 -28.88720000
2.84360071 -28.88700000
2.85988712 -28.88680000
2.87617352 -28.88660000
2.89245994 -28.88640000
2.90874635 -28.88620000
2.92503276 -28.88600000
2.94131917 -28.88580000
2.95760558 -28.88560000
2.97389200 -28.88530000
2.99017840 -28.88510000
3.00646481 -28.88500000
3.02275122 -28.88480000
3.03903764 -28.88460000
3.05532405 -28.88440000
3.07161046 -28.88430000
3.08789687 -28.88410000
3.10418328 -28.88400000
3.12046969 -28.88390000
3.13675610 -28.88380000
3.15304251 -28.88380000
3.16932893 -28.88370000
3.18561534 -28.88370000
3.20190175 -28.88370000
3.21811444 -28.88370000
3.23432713 -28.88370000
3.25053982 -28.88360000
3.26675252 -28.88360000
3.28296520 -28.88360000
3.29917790 -28.88350000
3.31539059 -28.88350000
3.33160328 -28.88340000
3.34781597 -28.88340000
3.36402867 -28.88330000
3.38024135 -28.88320000
3.39645405 -28.88320000
3.41266674 -28.88310000
3.42887943 -28.88300000
3.44509212 -28.88290000
3.46130482 -28.88280000
3.47751750 -28.88270000
3.49373020 -28.88270000
3.50994289 -28.88260000
3.52615558 -28.88250000
3.54236827 -28.88240000
3.55858096 -28.88240000
3.57479365 -28.88230000
3.59100634 -28.88230000
3.60721904 -28.88220000
3.62343172 -28.88220000
3.63964442 -28.88210000
3.65585711 -28.88210000
3.67206980 -28.88210000
3.68828249 -28.88510000

0.00000000 -28.88500000
0.01647355 -28.88980000
0.03294710 -28.88970000
0.04942064 -28.88970000
0.06589419 -28.88970000
0.08236774 -28.88960000
0.09884129 -28.88950000
0.11531484 -28.88940000
0.13178839 -28.88920000
0.14826193 -28.88910000
0.16473548 -28.88900000
0.18120903 -28.88880000
0.19768258 -28.88860000
0.21415613 -28.88850000
0.23062967 -28.88830000
0.24710322 -28.88810000
0.26357677 -28.88790000
0.28005032 -28.88770000
0.29652387 -28.88750000
0.31299741 -28.88730000
0.32947096 -28.88720000
0.34594451 -28.88700000
0.36241806 -28.88680000
0.37889161 -28.88670000
0.39536516 -28.88650000
0.41183870 -28.88640000
0.42831225 -28.88630000
0.44478580 -28.88620000
0.46125935 -28.88610000
0.47773290 -28.88600000
0.49420644 -28.88600000
0.51067999 -28.88590000
0.52715354 -28.88590000
0.54343995 -28.88590000
0.55972636 -28.88590000
0.57601278 -28.88590000
0.59229919 -28.88580000
0.60858559 -28.88570000
0.62487200 -28.88560000
0.64115842 -28.88550000
0.65744483 -28.88540000
0.67373124 -28.88530000
0.69001765 -28.88510000
0.70630407 -28.88490000
0.72259047 -28.88480000
0.73887688 -28.88460000
0.75516329 -28.88440000
0.77144971 -28.88420000
0.78773612 -28.88400000
0.80402253 -28.88380000
0.82030893 -28.88360000
0.83659534 -28.88340000
0.85288176 -28.88320000
0.86916817 -28.88310000
0.88545458 -28.88290000
0.90174099 -28.88270000
0.91802741 -28.88250000
0.93431382 -28.88240000
0.95060022 -28.88220000
0.96688663 -28.88210000
0.98317305 -28.88200000
0.99945946 -28.88190000
1.01574587 -28.88180000
1.03203228 -28.88180000
1.04831870 -28.88170000
1.06460510 -28.88170000
1.08089151 -28.88470000
1.09717792 -28.88170000
1.11346433 -28.88180000
1.12975075 -28.88180000
1.14603716 -28.88200000
1.16232357 -28.88210000
1.17860997 -28.88230000
1.19489639 -28.88250000
1.21118280 -28.88270000
1.22746921 -28.88300000
1.24375562 -28.88330000
1.26004204 -28.88360000
1.27632845 -28.88390000
1.29261485 -28.88430000
1.30890126 -28.88460000
1.32518768 -28.88500000
1.34147409 -28.88540000
1.35776050 -28.88490000
1.37404691 -28.88610000
1.39033332 -28.88650000
1.40661973 -28.88680000
1.42290614 -28.88720000
1.43919255 -28.88750000
1.45547896 -28.88790000
1.47176538 -28.88820000
1.48805179 -28.88850000
1.50433820 -28.88870000
1.52062460 -28.88900000
1.53691102 -28.88920000
1.55319743 -28.88940000
1.56948384 -28.88950000
1.58577025 -28.88960000
1.60205667 -28.88970000
1.61834308 -28.88980000
1.63462948 -28.88500000
1.65084218 -28.88980000
1.66705486 -28.88970000
1.68326756 -28.88970000
1.69948025 -28.88960000
1.71569294 -28.88940000
1.73190563 -28.88930000
1.74811833 -28.88910000
1.76433101 -28.88890000
1.78054371 -28.88870000
1.79675640 -28.88840000
1.81296909 -28.88820000
1.82918178 -28.88790000
1.84539448 -28.88760000
1.86160716 -28.88740000
1.87781986 -28.88710000
1.89403255 -28.88680000
1.91024524 -28.88650000
1.92645793 -28.88620000
1.94267063 -28.88600000
1.95888331 -28.88570000
1.97509601 -28.88550000
1.99130870 -28.88530000
2.00752139 -28.88510000
2.02373408 -28.88490000
2.03994678 -28.88480000
2.05615946 -28.88460000
2.07237216 -28.88460000
2.08858485 -28.88450000
2.10479754 -28.88450000
2.12101023 -28.88440000
2.13748378 -28.88450000
2.15395733 -28.88450000
2.17043088 -28.88450000
2.18690443 -28.88460000
2.20337797 -28.88470000
2.21985152 -28.88480000
2.23632507 -28.88490000
2.25279862 -28.88500000
2.26927217 -28.88520000
2.28574571 -28.88530000
2.30221926 -28.88550000
2.31869281 -28.88560000
2.33516636 -28.88580000
2.35163991 -28.88600000
2.36811346 -28.88620000
2.38458700 -28.88640000
2.40106055 -28.88660000
2.41753410 -28.88670000
2.43400765 -28.88690000
2.45048120 -28.88710000
2.46695474 -28.88730000
2.48342829 -28.88740000
2.49990184 -28.88760000
2.51637539 -28.88770000
2.53284894 -28.88780000
2.54932249 -28.88800000
2.56579603 -28.88800000
2.58226958 -28.88810000
2.59874313 -28.88820000
2.61521668 -28.88820000
2.63169023 -28.88830000
2.64816377 -28.88830000
2.66445018 -28.88830000
2.68073659 -28.88820000
2.69702301 -28.88820000
2.71330942 -28.88810000
2.72959583 -28.88800000
2.74588223 -28.88790000
2.76216865 -28.88780000
2.77845506 -28.88760000
2.79474147 -28.88750000
2.81102788 -28.88730000
2.82731430 -28.88710000
2.84360071 -28.88690000
2.85988712 -28.88680000
2.87617352 -28.88650000
2.89245994 -28.88630000
2.90874635 -28.88610000
2.92503276 -28.88590000
2.94131917 -28.88570000
2.95760558 -28.88550000
2.97389200 -28.88530000
2.99017840 -28.88510000
3.00646481 -28.88490000
3.02275122 -28.88470000
3.03903764 -28.88450000
3.05532405 -28.88430000
3.07161046 -28.88420000
3.08789687 -28.88400000
3.10418328 -28.88390000
3.12046969 -28.88380000
3.13675610 -28.88370000
3.15304251 -28.88370000
3.16932893 -28.88360000
3.18561534 -28.88360000
3.20190175 -28.88360000
3.21811444 -28.88360000
3.23432713 -28.88350000
3.25053982 -28.88350000
3.26675252 -28.88350000
3.28296520 -28.88340000
3.29917790 -28.88340000
3.31539059 -28.88330000
3.33160328 -28.88320000
3.34781597 -28.88320000
3.36402867 -28.88310000
3.38024135 -28.88300000
3.39645405 -28.88290000
3.41266674 -28.88280000
3.42887943 -28.88270000
3.44509212 -28.88260000
3.46130482 -28.88250000
3.47751750 -28.88240000
3.49373020 -28.88230000
3.50994289 -28.88220000
3.52615558 -28.88220000
3.54236827 -28.88210000
3.55858096 -28.88200000
3.57479365 -28.88190000
3.59100634 -28.88190000
3.60721904 -28.88180000
3.62343172 -28.88180000
3.63964442 -28.88170000
3.65585711 -28.88170000
3.67206980 -28.88170000
3.68828249 -28.88470000

0.00000000 -28.86300000
0.01647355 -28.86770000
0.03294710 -28.86770000
0.04942064 -28.86760000
0.06589419 -28.86760000
0.08236774 -28.86750000
0.09884129 -28.86740000
0.11531484 -28.86730000
0.13178839 -28.86720000
0.14826193 -28.86700000
0.16473548 -28.86690000
0.18120903 -28.86670000
0.19768258 -28.86660000
0.21415613 -28.86640000
0.23062967 -28.86620000
0.24710322 -28.86600000
0.26357677 -28.86590000
0.28005032 -28.86570000
0.29652387 -28.86550000
0.31299741 -28.86530000
0.32947096 -28.86510000
0.34594451 -28.86500000
0.36241806 -28.86480000
0.37889161 -28.86470000
0.39536516 -28.86450000
0.41183870 -28.86440000
0.42831225 -28.86430000
0.44478580 -28.86420000
0.46125935 -28.86410000
0.47773290 -28.86400000
0.49420644 -28.86400000
0.51067999 -28.86390000
0.52715354 -28.86390000
0.54343995 -28.86390000
0.55972636 -28.86390000
0.57601278 -28.86390000
0.59229919 -28.86380000
0.60858559 -28.86370000
0.62487200 -28.86360000
0.64115842 -28.86350000
0.65744483 -28.86340000
0.67373124 -28.86330000
0.69001765 -28.86310000
0.70630407 -28.86290000
0.72259047 -28.86280000
0.73887688 -28.86260000
0.75516329 -28.86240000
0.77144971 -28.86220000
0.78773612 -28.86200000
0.80402253 -28.86180000
0.82030893 -28.86160000
0.83659534 -28.86140000
0.85288176 -28.86120000
0.86916817 -28.86100000
0.88545458 -28.86090000
0.90174099 -28.86070000
0.91802741 -28.86050000
0.93431382 -28.86040000
0.95060022 -28.86020000
0.96688663 -28.86010000
0.98317305 -28.86000000
0.99945946 -28.85990000
1.01574587 -28.85980000
1.03203228 -28.85980000
1.04831870 -28.85970000
1.06460510 -28.85970000
1.08089151 -28.86270000
1.09717792 -28.85970000
1.11346433 -28.85980000
1.12975075 -28.85980000
1.14603716 -28.86000000
1.16232357 -28.86010000
1.17860997 -28.86030000
1.19489639 -28.86050000
1.21118280 -28.86070000
1.22746921 -28.86100000
1.24375562 -28.86130000
1.26004204 -28.86160000
1.27632845 -28.86190000
1.29261485 -28.86230000
1.30890126 -28.86260000
1.32518768 -28.86300000
1.34147409 -28.86330000
1.35776050 -28.86280000
1.37404691 -28.86410000
1.39033332 -28.86440000
1.40661973 -28.86480000
1.42290614 -28.86520000
1.43919255 -28.86550000
1.45547896 -28.86580000
1.47176538 -28.86610000
1.48805179 -28.86640000
1.50433820 -28.86670000
1.52062460 -28.86690000
1.53691102 -28.86710000
1.55319743 -28.86730000
1.56948384 -28.86740000
1.58577025 -28.86760000
1.60205667 -28.86760000
1.61834308 -28.86770000
1.63462948 -28.86300000
1.65084218 -28.86770000
1.66705486 -28.86760000
1.68326756 -28.86760000
1.69948025 -28.86750000
1.71569294 -28.86730000
1.73190563 -28.86720000
1.74811833 -28.86700000
1.76433101 -28.86680000
1.78054371 -28.86650000
1.79675640 -28.86630000
1.81296909 -28.86600000
1.82918178 -28.86570000
1.84539448 -28.86550000
1.86160716 -28.86520000
1.87781986 -28.86490000
1.89403255 -28.86460000
1.91024524 -28.86430000
1.92645793 -28.86400000
1.94267063 -28.86370000
1.95888331 -28.86340000
1.97509601 -28.86310000
1.99130870 -28.86290000
2.00752139 -28.86270000
2.02373408 -28.86250000
2.03994678 -28.86230000
2.05615946 -28.86220000
2.07237216 -28.86200000
2.08858485 -28.86190000
2.10479754 -28.86190000
2.12101023 -28.86180000
2.13748378 -28.86180000
2.15395733 -28.86190000
2.17043088 -28.86190000
2.18690443 -28.86200000
2.20337797 -28.86210000
2.21985152 -28.86220000
2.23632507 -28.86230000
2.25279862 -28.86240000
2.26927217 -28.86250000
2.28574571 -28.86270000
2.30221926 -28.86290000
2.31869281 -28.86300000
2.33516636 -28.86320000
2.35163991 -28.86340000
2.36811346 -28.86360000
2.38458700 -28.86380000
2.40106055 -28.86390000
2.41753410 -28.86410000
2.43400765 -28.86430000
2.45048120 -28.86450000
2.46695474 -28.86460000
2.48342829 -28.86480000
2.49990184 -28.86490000
2.51637539 -28.86510000
2.53284894 -28.86520000
2.54932249 -28.86530000
2.56579603 -28.86540000
2.58226958 -28.86550000
2.59874313 -28.86550000
2.61521668 -28.86560000
2.63169023 -28.86560000
2.64816377 -28.86560000
2.66445018 -28.86560000
2.68073659 -28.86560000
2.69702301 -28.86550000
2.71330942 -28.86550000
2.72959583 -28.86540000
2.74588223 -28.86530000
2.76216865 -28.86520000
2.77845506 -28.86500000
2.79474147 -28.86490000
2.81102788 -28.86470000
2.82731430 -28.86450000
2.84360071 -28.86440000
2.85988712 -28.86420000
2.87617352 -28.86400000
2.89245994 -28.86380000
2.90874635 -28.86350000
2.92503276 -28.86330000
2.94131917 -28.86310000
2.95760558 -28.86290000
2.97389200 -28.86270000
2.99017840 -28.86250000
3.00646481 -28.86230000
3.02275122 -28.86210000
3.03903764 -28.86190000
3.05532405 -28.86180000
3.07161046 -28.86160000
3.08789687 -28.86150000
3.10418328 -28.86140000
3.12046969 -28.86130000
3.13675610 -28.86120000
3.15304251 -28.86110000
3.16932893 -28.86110000
3.18561534 -28.86100000
3.20190175 -28.86100000
3.21811444 -28.86100000
3.23432713 -28.86100000
3.25053982 -28.86100000
3.26675252 -28.86100000
3.28296520 -28.86100000
3.29917790 -28.86090000
3.31539059 -28.86090000
3.33160328 -28.86090000
3.34781597 -28.86080000
3.36402867 -28.86080000
3.38024135 -28.86070000
3.39645405 -28.86060000
3.41266674 -28.86060000
3.42887943 -28.86050000
3.44509212 -28.86040000
3.46130482 -28.86030000
3.47751750 -28.86030000
3.49373020 -28.86020000
3.50994289 -28.86010000
3.52615558 -28.86010000
3.54236827 -28.86000000
3.55858096 -28.85990000
3.57479365 -28.85990000
3.59100634 -28.85980000
3.60721904 -28.85980000
3.62343172 -28.85980000
3.63964442 -28.85970000
3.65585711 -28.85970000
3.67206980 -28.85970000
3.68828249 -28.86270000

0.00000000 -28.86220000
0.01647355 -28.86700000
0.03294710 -28.86700000
0.04942064 -28.86690000
0.06589419 -28.86690000
0.08236774 -28.86680000
0.09884129 -28.86670000
0.11531484 -28.86660000
0.13178839 -28.86650000
0.14826193 -28.86630000
0.16473548 -28.86620000
0.18120903 -28.86600000
0.19768258 -28.86580000
0.21415613 -28.86570000
0.23062967 -28.86550000
0.24710322 -28.86530000
0.26357677 -28.86510000
0.28005032 -28.86490000
0.29652387 -28.86480000
0.31299741 -28.86460000
0.32947096 -28.86440000
0.34594451 -28.86420000
0.36241806 -28.86410000
0.37889161 -28.86390000
0.39536516 -28.86380000
0.41183870 -28.86360000
0.42831225 -28.86350000
0.44478580 -28.86340000
0.46125935 -28.86330000
0.47773290 -28.86330000
0.49420644 -28.86320000
0.51067999 -28.86320000
0.52715354 -28.86320000
0.54343995 -28.86320000
0.55972636 -28.86320000
0.57601278 -28.86310000
0.59229919 -28.86300000
0.60858559 -28.86300000
0.62487200 -28.86290000
0.64115842 -28.86280000
0.65744483 -28.86260000
0.67373124 -28.86250000
0.69001765 -28.86240000
0.70630407 -28.86220000
0.72259047 -28.86200000
0.73887688 -28.86190000
0.75516329 -28.86170000
0.77144971 -28.86150000
0.78773612 -28.86130000
0.80402253 -28.86110000
0.82030893 -28.86090000
0.83659534 -28.86070000
0.85288176 -28.86050000
0.86916817 -28.86030000
0.88545458 -28.86010000
0.90174099 -28.86000000
0.91802741 -28.85980000
0.93431382 -28.85970000
0.95060022 -28.85950000
0.96688663 -28.85940000
0.98317305 -28.85930000
0.99945946 -28.85920000
1.01574587 -28.85910000
1.03203228 -28.85910000
1.04831870 -28.85900000
1.06460510 -28.85900000
1.08089151 -28.86200000
1.09717792 -28.85900000
1.11346433 -28.85900000
1.12975075 -28.85910000
1.14603716 -28.85920000
1.16232357 -28.85940000
1.17860997 -28.85960000
1.19489639 -28.85980000
1.21118280 -28.86000000
1.22746921 -28.86030000
1.24375562 -28.86060000
1.26004204 -28.86090000
1.27632845 -28.86120000
1.29261485 -28.86150000
1.30890126 -28.86190000
1.32518768 -28.86230000
1.34147409 -28.86260000
1.35776050 -28.86210000
1.37404691 -28.86340000
1.39033332 -28.86370000
1.40661973 -28.86410000
1.42290614 -28.86440000
1.43919255 -28.86480000
1.45547896 -28.86510000
1.47176538 -28.86540000
1.48805179 -28.86570000
1.50433820 -28.86590000
1.52062460 -28.86620000
1.53691102 -28.86640000
1.55319743 -28.86660000
1.56948384 -28.86670000
1.58577025 -28.86680000
1.60205667 -28.86690000
1.61834308 -28.86700000
1.63462948 -28.86220000
1.65084218 -28.86700000
1.66705486 -28.86690000
1.68326756 -28.86690000
1.69948025 -28.86680000
1.71569294 -28.86660000
1.73190563 -28.86650000
1.74811833 -28.86630000
1.76433101 -28.86610000
1.78054371 -28.86590000
1.79675640 -28.86570000
1.81296909 -28.86540000
1.82918178 -28.86510000
1.84539448 -28.86490000
1.86160716 -28.86460000
1.87781986 -28.86430000
1.89403255 -28.86410000
1.91024524 -28.86380000
1.92645793 -28.86350000
1.94267063 -28.86330000
1.95888331 -28.86300000
1.97509601 -28.86280000
1.99130870 -28.86260000
2.00752139 -28.86240000
2.02373408 -28.86230000
2.03994678 -28.86210000
2.05615946 -28.86200000
2.07237216 -28.86190000
2.08858485 -28.86190000
2.10479754 -28.86180000
2.12101023 -28.86180000
2.13748378 -28.86180000
2.15395733 -28.86190000
2.17043088 -28.86190000
2.18690443 -28.86200000
2.20337797 -28.86210000
2.21985152 -28.86220000
2.23632507 -28.86230000
2.25279862 -28.86240000
2.26927217 -28.86250000
2.28574571 -28.86270000
2.30221926 -28.86290000
2.31869281 -28.86300000
2.33516636 -28.86320000
2.35163991 -28.86340000
2.36811346 -28.86360000
2.38458700 -28.86380000
2.40106055 -28.86390000
2.41753410 -28.86410000
2.43400765 -28.86430000
2.45048120 -28.86450000
2.46695474 -28.86460000
2.48342829 -28.86480000
2.49990184 -28.86490000
2.51637539 -28.86510000
2.53284894 -28.86520000
2.54932249 -28.86530000
2.56579603 -28.86540000
2.58226958 -28.86550000
2.59874313 -28.86550000
2.61521668 -28.86560000
2.63169023 -28.86560000
2.64816377 -28.86560000
2.66445018 -28.86560000
2.68073659 -28.86560000
2.69702301 -28.86550000
2.71330942 -28.86550000
2.72959583 -28.86540000
2.74588223 -28.86530000
2.76216865 -28.86510000
2.77845506 -28.86500000
2.79474147 -28.86490000
2.81102788 -28.86470000
2.82731430 -28.86450000
2.84360071 -28.86430000
2.85988712 -28.86410000
2.87617352 -28.86390000
2.89245994 -28.86370000
2.90874635 -28.86350000
2.92503276 -28.86330000
2.94131917 -28.86310000
2.95760558 -28.86280000
2.97389200 -28.86260000
2.99017840 -28.86240000
3.00646481 -28.86220000
3.02275122 -28.86200000
3.03903764 -28.86190000
3.05532405 -28.86170000
3.07161046 -28.86150000
3.08789687 -28.86140000
3.10418328 -28.86130000
3.12046969 -28.86120000
3.13675610 -28.86110000
3.15304251 -28.86100000
3.16932893 -28.86100000
3.18561534 -28.86090000
3.20190175 -28.86090000
3.21811444 -28.86090000
3.23432713 -28.86090000
3.25053982 -28.86090000
3.26675252 -28.86080000
3.28296520 -28.86080000
3.29917790 -28.86070000
3.31539059 -28.86060000
3.33160328 -28.86060000
3.34781597 -28.86050000
3.36402867 -28.86040000
3.38024135 -28.86030000
3.39645405 -28.86020000
3.41266674 -28.86010000
3.42887943 -28.86000000
3.44509212 -28.85990000
3.46130482 -28.85980000
3.47751750 -28.85970000
3.49373020 -28.85960000
3.50994289 -28.85950000
3.52615558 -28.85940000
3.54236827 -28.85940000
3.55858096 -28.85930000
3.57479365 -28.85920000
3.59100634 -28.85920000
3.60721904 -28.85910000
3.62343172 -28.85910000
3.63964442 -28.85900000
3.65585711 -28.85900000
3.67206980 -28.85900000
3.68828249 -28.86200000

0.00000000 -28.85760000
0.01647355 -28.86230000
0.03294710 -28.86230000
0.04942064 -28.86220000
0.06589419 -28.86220000
0.08236774 -28.86210000
0.09884129 -28.86200000
0.11531484 -28.86190000
0.13178839 -28.86180000
0.14826193 -28.86160000
0.16473548 -28.86150000
0.18120903 -28.86130000
0.19768258 -28.86120000
0.21415613 -28.86100000
0.23062967 -28.86080000
0.24710322 -28.86060000
0.26357677 -28.86050000
0.28005032 -28.86030000
0.29652387 -28.86010000
0.31299741 -28.85990000
0.32947096 -28.85970000
0.34594451 -28.85960000
0.36241806 -28.85940000
0.37889161 -28.85920000
0.39536516 -28.85910000
0.41183870 -28.85900000
0.42831225 -28.85880000
0.44478580 -28.85870000
0.46125935 -28.85870000
0.47773290 -28.85860000
0.49420644 -28.85850000
0.51067999 -28.85850000
0.52715354 -28.85850000
0.54343995 -28.85850000
0.55972636 -28.85850000
0.57601278 -28.85840000
0.59229919 -28.85840000
0.60858559 -28.85830000
0.62487200 -28.85820000
0.64115842 -28.85810000
0.65744483 -28.85800000
0.67373124 -28.85780000
0.69001765 -28.85770000
0.70630407 -28.85750000
0.72259047 -28.85730000
0.73887688 -28.85720000
0.75516329 -28.85700000
0.77144971 -28.85680000
0.78773612 -28.85660000
0.80402253 -28.85640000
0.82030893 -28.85620000
0.83659534 -28.85600000
0.85288176 -28.85580000
0.86916817 -28.85560000
0.88545458 -28.85540000
0.90174099 -28.85530000
0.91802741 -28.85510000
0.93431382 -28.85490000
0.95060022 -28.85480000
0.96688663 -28.85470000
0.98317305 -28.85460000
0.99945946 -28.85450000
1.01574587 -28.85440000
1.03203228 -28.85430000
1.04831870 -28.85430000
1.06460510 -28.85430000
1.08089151 -28.85730000
1.09717792 -28.85430000
1.11346433 -28.85430000
1.12975075 -28.85440000
1.14603716 -28.85450000
1.16232357 -28.85470000
1.17860997 -28.85490000
1.19489639 -28.85510000
1.21118280 -28.85530000
1.22746921 -28.85560000
1.24375562 -28.85590000
1.26004204 -28.85620000
1.27632845 -28.85650000
1.29261485 -28.85680000
1.30890126 -28.85720000
1.32518768 -28.85750000
1.34147409 -28.85790000
1.35776050 -28.85740000
1.37404691 -28.85870000
1.39033332 -28.85900000
1.40661973 -28.85940000
1.42290614 -28.85970000
1.43919255 -28.86010000
1.45547896 -28.86040000
1.47176538 -28.86070000
1.48805179 -28.86100000
1.50433820 -28.86130000
1.52062460 -28.86150000
1.53691102 -28.86170000
1.55319743 -28.86190000
1.56948384 -28.86200000
1.58577025 -28.86220000
1.60205667 -28.86220000
1.61834308 -28.86230000
1.63462948 -28.85760000
1.65084218 -28.86230000
1.66705486 -28.86220000
1.68326756 -28.86220000
1.69948025 -28.86210000
1.71569294 -28.86190000
1.73190563 -28.86180000
1.74811833 -28.86160000
1.76433101 -28.86140000
1.78054371 -28.86110000
1.79675640 -28.86090000
1.81296909 -28.86060000
1.82918178 -28.86030000
1.84539448 -28.86000000
1.86160716 -28.85980000
1.87781986 -28.85950000
1.89403255 -28.85910000
1.91024524 -28.85890000
1.92645793 -28.85860000
1.94267063 -28.85830000
1.95888331 -28.85800000
1.97509601 -28.85770000
1.99130870 -28.85750000
2.00752139 -28.85730000
2.02373408 -28.85710000
2.03994678 -28.85690000
2.05615946 -28.85670000
2.07237216 -28.85660000
2.08858485 -28.85650000
2.10479754 -28.85650000
2.12101023 -28.85640000
2.13748378 -28.85640000
2.15395733 -28.85650000
2.17043088 -28.85650000
2.18690443 -28.85660000
2.20337797 -28.85670000
2.21985152 -28.85680000
2.23632507 -28.85690000
2.25279862 -28.85700000
2.26927217 -28.85710000
2.28574571 -28.85730000
2.30221926 -28.85750000
2.31869281 -28.85760000
2.33516636 -28.85780000
2.35163991 -28.85800000
2.36811346 -28.85820000
2.38458700 -28.85840000
2.40106055 -28.85850000
2.41753410 -28.85870000
2.43400765 -28.85890000
2.45048120 -28.85910000
2.46695474 -28.85920000
2.48342829 -28.85940000
2.49990184 -28.85960000
2.51637539 -28.85970000
2.53284894 -28.85980000
2.54932249 -28.85990000
2.56579603 -28.86000000
2.58226958 -28.86010000
2.59874313 -28.86010000
2.61521668 -28.86020000
2.63169023 -28.86020000
2.64816377 -28.86020000
2.66445018 -28.86020000
2.68073659 -28.86020000
2.69702301 -28.86010000
2.71330942 -28.86010000
2.72959583 -28.86000000
2.74588223 -28.85990000
2.76216865 -28.85980000
2.77845506 -28.85960000
2.79474147 -28.85950000
2.81102788 -28.85930000
2.82731430 -28.85910000
2.84360071 -28.85900000
2.85988712 -28.85880000
2.87617352 -28.85860000
2.89245994 -28.85840000
2.90874635 -28.85810000
2.92503276 -28.85790000
2.94131917 -28.85770000
2.95760558 -28.85750000
2.97389200 -28.85730000
2.99017840 -28.85710000
3.00646481 -28.85690000
3.02275122 -28.85670000
3.03903764 -28.85650000
3.05532405 -28.85640000
3.07161046 -28.85620000
3.08789687 -28.85610000
3.10418328 -28.85600000
3.12046969 -28.85590000
3.13675610 -28.85580000
3.15304251 -28.85570000
3.16932893 -28.85570000
3.18561534 -28.85560000
3.20190175 -28.85560000
3.21811444 -28.85560000
3.23432713 -28.85560000
3.25053982 -28.85560000
3.26675252 -28.85560000
3.28296520 -28.85560000
3.29917790 -28.85550000
3.31539059 -28.85550000
3.33160328 -28.85550000
3.34781597 -28.85540000
3.36402867 -28.85540000
3.38024135 -28.85530000
3.39645405 -28.85520000
3.41266674 -28.85520000
3.42887943 -28.85510000
3.44509212 -28.85500000
3.46130482 -28.85490000
3.47751750 -28.85490000
3.49373020 -28.85480000
3.50994289 -28.85470000
3.52615558 -28.85460000
3.54236827 -28.85460000
3.55858096 -28.85450000
3.57479365 -28.85450000
3.59100634 -28.85440000
3.60721904 -28.85440000
3.62343172 -28.85430000
3.63964442 -28.85430000
3.65585711 -28.85430000
3.67206980 -28.85430000
3.68828249 -28.85730000

0.00000000 -28.85680000
0.01647355 -28.86150000
0.03294710 -28.86150000
0.04942064 -28.86150000
0.06589419 -28.86140000
0.08236774 -28.86130000
0.09884129 -28.86120000
0.11531484 -28.86110000
0.13178839 -28.86100000
0.14826193 -28.86090000
0.16473548 -28.86070000
0.18120903 -28.86060000
0.19768258 -28.86040000
0.21415613 -28.86020000
0.23062967 -28.86000000
0.24710322 -28.85980000
0.26357677 -28.85970000
0.28005032 -28.85950000
0.29652387 -28.85930000
0.31299741 -28.85910000
0.32947096 -28.85890000
0.34594451 -28.85870000
0.36241806 -28.85860000
0.37889161 -28.85840000
0.39536516 -28.85830000
0.41183870 -28.85820000
0.42831225 -28.85800000
0.44478580 -28.85790000
0.46125935 -28.85790000
0.47773290 -28.85780000
0.49420644 -28.85770000
0.51067999 -28.85770000
0.52715354 -28.85770000
0.54343995 -28.85770000
0.55972636 -28.85770000
0.57601278 -28.85760000
0.59229919 -28.85760000
0.60858559 -28.85750000
0.62487200 -28.85740000
0.64115842 -28.85730000
0.65744483 -28.85710000
0.67373124 -28.85700000
0.69001765 -28.85690000
0.70630407 -28.85670000
0.72259047 -28.85650000
0.73887688 -28.85630000
0.75516329 -28.85620000
0.77144971 -28.85600000
0.78773612 -28.85580000
0.80402253 -28.85560000
0.82030893 -28.85540000
0.83659534 -28.85520000
0.85288176 -28.85500000
0.86916817 -28.85480000
0.88545458 -28.85460000
0.90174099 -28.85450000
0.91802741 -28.85430000
0.93431382 -28.85410000
0.95060022 -28.85400000
0.96688663 -28.85390000
0.98317305 -28.85380000
0.99945946 -28.85370000
1.01574587 -28.85360000
1.03203228 -28.85350000
1.04831870 -28.85350000
1.06460510 -28.85350000
1.08089151 -28.85650000
1.09717792 -28.85350000
1.11346433 -28.85350000
1.12975075 -28.85360000
1.14603716 -28.85370000
1.16232357 -28.85390000
1.17860997 -28.85410000
1.19489639 -28.85430000
1.21118280 -28.85450000
1.22746921 -28.85480000
1.24375562 -28.85510000
1.26004204 -28.85540000
1.27632845 -28.85570000
1.29261485 -28.85600000
1.30890126 -28.85640000
1.32518768 -28.85680000
1.34147409 -28.85710000
1.35776050 -28.85660000
1.37404691 -28.85790000
1.39033332 -28.85820000
1.40661973 -28.85860000
1.42290614 -28.85900000
1.43919255 -28.85930000
1.45547896 -28.85960000
1.47176538 -28.85990000
1.48805179 -28.86020000
1.50433820 -28.86050000
1.52062460 -28.86070000
1.53691102 -28.86090000
1.55319743 -28.86110000
1.56948384 -28.86130000
1.58577025 -28.86140000
1.60205667 -28.86150000
1.61834308 -28.86150000
1.63462948 -28.85680000
1.65084218 -28.86150000
1.66705486 -28.86150000
1.68326756 -28.86140000
1.69948025 -28.86130000
1.71569294 -28.86120000
1.73190563 -28.86100000
1.74811833 -28.86090000
1.76433101 -28.86070000
1.78054371 -28.86040000
1.79675640 -28.86020000
1.81296909 -28.86000000
1.82918178 -28.85970000
1.84539448 -28.85940000
1.86160716 -28.85920000
1.87781986 -28.85890000
1.89403255 -28.85860000
1.91024524 -28.85840000
1.92645793 -28.85810000
1.94267063 -28.85780000
1.95888331 -28.85760000
1.97509601 -28.85740000
1.99130870 -28.85720000
2.00752139 -28.85700000
2.02373408 -28.85680000
2.03994678 -28.85670000
2.05615946 -28.85660000
2.07237216 -28.85650000
2.08858485 -28.85640000
2.10479754 -28.85640000
2.12101023 -28.85640000
2.13748378 -28.85640000
2.15395733 -28.85650000
2.17043088 -28.85650000
2.18690443 -28.85660000
2.20337797 -28.85670000
2.21985152 -28.85680000
2.23632507 -28.85690000
2.25279862 -28.85700000
2.26927217 -28.85710000
2.28574571 -28.85730000
2.30221926 -28.85750000
2.31869281 -28.85760000
2.33516636 -28.85780000
2.35163991 -28.85800000
2.36811346 -28.85820000
2.38458700 -28.85840000
2.40106055 -28.85850000
2.41753410 -28.85870000
2.43400765 -28.85890000
2.45048120 -28.85910000
2.46695474 -28.85920000
2.48342829 -28.85940000
2.49990184 -28.85960000
2.51637539 -28.85970000
2.53284894 -28.85980000
2.54932249 -28.85990000
2.56579603 -28.86000000
2.58226958 -28.86010000
2.59874313 -28.86010000
2.61521668 -28.86020000
2.63169023 -28.86020000
2.64816377 -28.86020000
2.66445018 -28.86020000
2.68073659 -28.86020000
2.69702301 -28.86010000
2.71330942 -28.86010000
2.72959583 -28.86000000
2.74588223 -28.85990000
2.76216865 -28.85980000
2.77845506 -28.85960000
2.79474147 -28.85950000
2.81102788 -28.85930000
2.82731430 -28.85910000
2.84360071 -28.85890000
2.85988712 -28.85870000
2.87617352 -28.85850000
2.89245994 -28.85830000
2.90874635 -28.85810000
2.92503276 -28.85790000
2.94131917 -28.85770000
2.95760558 -28.85740000
2.97389200 -28.85720000
2.99017840 -28.85700000
3.00646481 -28.85680000
3.02275122 -28.85660000
3.03903764 -28.85650000
3.05532405 -28.85630000
3.07161046 -28.85610000
3.08789687 -28.85600000
3.10418328 -28.85590000
3.12046969 -28.85580000
3.13675610 -28.85570000
3.15304251 -28.85560000
3.16932893 -28.85560000
3.18561534 -28.85550000
3.20190175 -28.85550000
3.21811444 -28.85550000
3.23432713 -28.85550000
3.25053982 -28.85550000
3.26675252 -28.85540000
3.28296520 -28.85540000
3.29917790 -28.85530000
3.31539059 -28.85520000
3.33160328 -28.85510000
3.34781597 -28.85500000
3.36402867 -28.85500000
3.38024135 -28.85490000
3.39645405 -28.85480000
3.41266674 -28.85470000
3.42887943 -28.85450000
3.44509212 -28.85440000
3.46130482 -28.85430000
3.47751750 -28.85420000
3.49373020 -28.85410000
3.50994289 -28.85400000
3.52615558 -28.85390000
3.54236827 -28.85390000
3.55858096 -28.85380000
3.57479365 -28.85370000
3.59100634 -28.85360000
3.60721904 -28.85360000
3.62343172 -28.85350000
3.63964442 -28.85350000
3.65585711 -28.85350000
3.67206980 -28.85350000
3.68828249 -28.85650000

0.00000000 -16.33980000
0.01647355 -16.34410000
0.03294710 -16.34260000
0.04942064 -16.34030000
0.06589419 -16.33690000
0.08236774 -16.33270000
0.09884129 -16.32750000
0.11531484 -16.32150000
0.13178839 -16.31450000
0.14826193 -16.30680000
0.16473548 -16.29830000
0.18120903 -16.28900000
0.19768258 -16.27900000
0.21415613 -16.26830000
0.23062967 -16.25700000
0.24710322 -16.24530000
0.26357677 -16.23300000
0.28005032 -16.22040000
0.29652387 -16.20750000
0.31299741 -16.19450000
0.32947096 -16.18140000
0.34594451 -16.16840000
0.36241806 -16.15570000
0.37889161 -16.14330000
0.39536516 -16.13150000
0.41183870 -16.12050000
0.42831225 -16.11030000
0.44478580 -16.10140000
0.46125935 -16.09370000
0.47773290 -16.08750000
0.49420644 -16.08300000
0.51067999 -16.08020000
0.52715354 -16.07930000
0.54343995 -16.07930000
0.55972636 -16.07950000
0.57601278 -16.07970000
0.59229919 -16.08000000
0.60858559 -16.08030000
0.62487200 -16.08070000
0.64115842 -16.08110000
0.65744483 -16.08160000
0.67373124 -16.08200000
0.69001765 -16.08240000
0.70630407 -16.08270000
0.72259047 -16.08300000
0.73887688 -16.08320000
0.75516329 -16.08330000
0.77144971 -16.08330000
0.78773612 -16.08320000
0.80402253 -16.08300000
0.82030893 -16.08260000
0.83659534 -16.08220000
0.85288176 -16.08170000
0.86916817 -16.08110000
0.88545458 -16.08050000
0.90174099 -16.07980000
0.91802741 -16.07910000
0.93431382 -16.07830000
0.95060022 -16.07760000
0.96688663 -16.07690000
0.98317305 -16.07620000
0.99945946 -16.07560000
1.01574587 -16.07510000
1.03203228 -16.07470000
1.04831870 -16.07440000
1.06460510 -16.07420000
1.08089151 -16.07720000
1.09717792 -16.07490000
1.11346433 -16.07720000
1.12975075 -16.08100000
1.14603716 -16.08610000
1.16232357 -16.09260000
1.17860997 -16.10030000
1.19489639 -16.10910000
1.21118280 -16.11880000
1.22746921 -16.12930000
1.24375562 -16.14050000
1.26004204 -16.15220000
1.27632845 -16.16430000
1.29261485 -16.17670000
1.30890126 -16.18920000
1.32518768 -16.20170000
1.34147409 -16.21410000
1.35776050 -16.22550000
1.37404691 -16.23840000
1.39033332 -16.25000000
1.40661973 -16.26120000
1.42290614 -16.27190000
1.43919255 -16.28200000
1.45547896 -16.29150000
1.47176538 -16.30040000
1.48805179 -16.30850000
1.50433820 -16.31590000
1.52062460 -16.32250000
1.53691102 -16.32830000
1.55319743 -16.33320000
1.56948384 -16.33730000
1.58577025 -16.34040000
1.60205667 -16.34270000
1.61834308 -16.34410000
1.63462948 -16.33980000
1.65084218 -16.34390000
1.66705486 -16.34200000
1.68326756 -16.33880000
1.69948025 -16.33440000
1.71569294 -16.32870000
1.73190563 -16.32170000
1.74811833 -16.31350000
1.76433101 -16.30410000
1.78054371 -16.29340000
1.79675640 -16.28160000
1.81296909 -16.26850000
1.82918178 -16.25430000
1.84539448 -16.23890000
1.86160716 -16.22240000
1.87781986 -16.20480000
1.89403255 -16.18610000
1.91024524 -16.16640000
1.92645793 -16.14560000
1.94267063 -16.12380000
1.95888331 -16.10110000
1.97509601 -16.07740000
1.99130870 -16.05280000
2.00752139 -16.02740000
2.02373408 -16.00110000
2.03994678 -15.97410000
2.05615946 -15.94630000
2.07237216 -15.91780000
2.08858485 -15.88870000
2.10479754 -15.85890000
2.12101023 -15.82870000
2.13748378 -15.82830000
2.15395733 -15.82720000
2.17043088 -15.82540000
2.18690443 -15.82300000
2.20337797 -15.81980000
2.21985152 -15.81600000
2.23632507 -15.81150000
2.25279862 -15.80640000
2.26927217 -15.80070000
2.28574571 -15.79440000
2.30221926 -15.78760000
2.31869281 -15.78030000
2.33516636 -15.77270000
2.35163991 -15.76460000
2.36811346 -15.75620000
2.38458700 -15.74760000
2.40106055 -15.73880000
2.41753410 -15.72990000
2.43400765 -15.72090000
2.45048120 -15.71210000
2.46695474 -15.70340000
2.48342829 -15.69500000
2.49990184 -15.68690000
2.51637539 -15.67940000
2.53284894 -15.67240000
2.54932249 -15.66600000
2.56579603 -15.66050000
2.58226958 -15.65580000
2.59874313 -15.65210000
2.61521668 -15.64940000
2.63169023 -15.64770000
2.64816377 -15.64720000
2.66445018 -15.64930000
2.68073659 -15.65170000
2.69702301 -15.65420000
2.71330942 -15.65690000
2.72959583 -15.65990000
2.74588223 -15.66300000
2.76216865 -15.66630000
2.77845506 -15.66970000
2.79474147 -15.67320000
2.81102788 -15.67680000
2.82731430 -15.68040000
2.84360071 -15.68400000
2.85988712 -15.68760000
2.87617352 -15.69110000
2.89245994 -15.69450000
2.90874635 -15.69770000
2.92503276 -15.70090000
2.94131917 -15.70380000
2.95760558 -15.70650000
2.97389200 -15.70900000
2.99017840 -15.71130000
3.00646481 -15.71340000
3.02275122 -15.71520000
3.03903764 -15.71680000
3.05532405 -15.71820000
3.07161046 -15.71940000
3.08789687 -15.72040000
3.10418328 -15.72130000
3.12046969 -15.72190000
3.13675610 -15.72250000
3.15304251 -15.72280000
3.16932893 -15.72310000
3.18561534 -15.72330000
3.20190175 -15.72330000
3.21811444 -15.72930000
3.23432713 -15.74370000
3.25053982 -15.76170000
3.26675252 -15.78110000
3.28296520 -15.80080000
3.29917790 -15.82040000
3.31539059 -15.83970000
3.33160328 -15.85850000
3.34781597 -15.87670000
3.36402867 -15.89430000
3.38024135 -15.91120000
3.39645405 -15.92740000
3.41266674 -15.94290000
3.42887943 -15.95750000
3.44509212 -15.97140000
3.46130482 -15.98440000
3.47751750 -15.99660000
3.49373020 -16.00790000
3.50994289 -16.01840000
3.52615558 -16.02800000
3.54236827 -16.03670000
3.55858096 -16.04450000
3.57479365 -16.05140000
3.59100634 -16.05740000
3.60721904 -16.06250000
3.62343172 -16.06670000
3.63964442 -16.07000000
3.65585711 -16.07230000
3.67206980 -16.07370000
3.68828249 -16.07720000

0.00000000 -15.02620000
0.01647355 -15.03070000
0.03294710 -15.03000000
0.04942064 -15.02870000
0.06589419 -15.02710000
0.08236774 -15.02500000
0.09884129 -15.02270000
0.11531484 -15.02040000
0.13178839 -15.01830000
0.14826193 -15.01730000
0.16473548 -15.01840000
0.18120903 -15.02340000
0.19768258 -15.03340000
0.21415613 -15.04760000
0.23062967 -15.06440000
0.24710322 -15.08280000
0.26357677 -15.10210000
0.28005032 -15.12190000
0.29652387 -15.14180000
0.31299741 -15.16160000
0.32947096 -15.18120000
0.34594451 -15.20030000
0.36241806 -15.21880000
0.37889161 -15.23640000
0.39536516 -15.25290000
0.41183870 -15.26830000
0.42831225 -15.28210000
0.44478580 -15.29420000
0.46125935 -15.30450000
0.47773290 -15.31270000
0.49420644 -15.31870000
0.51067999 -15.32240000
0.52715354 -15.32360000
0.54343995 -15.32300000
0.55972636 -15.32120000
0.57601278 -15.31830000
0.59229919 -15.31430000
0.60858559 -15.30920000
0.62487200 -15.30300000
0.64115842 -15.29590000
0.65744483 -15.28790000
0.67373124 -15.27910000
0.69001765 -15.26960000
0.70630407 -15.25950000
0.72259047 -15.24890000
0.73887688 -15.23790000
0.75516329 -15.22670000
0.77144971 -15.21530000
0.78773612 -15.20410000
0.80402253 -15.19300000
0.82030893 -15.18220000
0.83659534 -15.17190000
0.85288176 -15.16220000
0.86916817 -15.15320000
0.88545458 -15.14500000
0.90174099 -15.13780000
0.91802741 -15.13150000
0.93431382 -15.12610000
0.95060022 -15.12160000
0.96688663 -15.11800000
0.98317305 -15.11520000
0.99945946 -15.11300000
1.01574587 -15.11140000
1.03203228 -15.11020000
1.04831870 -15.10950000
1.06460510 -15.10900000
1.08089151 -15.11190000
1.09717792 -15.10820000
1.11346433 -15.10600000
1.12975075 -15.10250000
1.14603716 -15.09770000
1.16232357 -15.09160000
1.17860997 -15.08460000
1.19489639 -15.07670000
1.21118280 -15.06800000
1.22746921 -15.05890000
1.24375562 -15.04950000
1.26004204 -15.04000000
1.27632845 -15.03070000
1.29261485 -15.02190000
1.30890126 -15.01390000
1.32518768 -15.00730000
1.34147409 -15.00230000
1.35776050 -14.99850000
1.37404691 -14.99840000
1.39033332 -14.99900000
1.40661973 -15.00080000
1.42290614 -15.00330000
1.43919255 -15.00630000
1.45547896 -15.00940000
1.47176538 -15.01260000
1.48805179 -15.01580000
1.50433820 -15.01870000
1.52062460 -15.02140000
1.53691102 -15.02390000
1.55319743 -15.02600000
1.56948384 -15.02780000
1.58577025 -15.02920000
1.60205667 -15.03020000
1.61834308 -15.03080000
1.63462948 -15.02620000
1.65084218 -15.03370000
1.66705486 -15.04140000
1.68326756 -15.05340000
1.69948025 -15.06890000
1.71569294 -15.08720000
1.73190563 -15.10770000
1.74811833 -15.13000000
1.76433101 -15.15380000
1.78054371 -15.17890000
1.79675640 -15.20530000
1.81296909 -15.23260000
1.82918178 -15.26080000
1.84539448 -15.28990000
1.86160716 -15.31970000
1.87781986 -15.35010000
1.89403255 -15.38100000
1.91024524 -15.41240000
1.92645793 -15.44420000
1.94267063 -15.47630000
1.95888331 -15.50860000
1.97509601 -15.54110000
1.99130870 -15.57360000
2.00752139 -15.60620000
2.02373408 -15.63870000
2.03994678 -15.67100000
2.05615946 -15.70320000
2.07237216 -15.73510000
2.08858485 -15.76670000
2.10479754 -15.79790000
2.12101023 -15.82870000
2.13748378 -15.82830000
2.15395733 -15.82720000
2.17043088 -15.82540000
2.18690443 -15.82300000
2.20337797 -15.81980000
2.21985152 -15.81600000
2.23632507 -15.81150000
2.25279862 -15.80640000
2.26927217 -15.80070000
2.28574571 -15.79440000
2.30221926 -15.78760000
2.31869281 -15.78030000
2.33516636 -15.77270000
2.35163991 -15.76460000
2.36811346 -15.75620000
2.38458700 -15.74760000
2.40106055 -15.73880000
2.41753410 -15.72990000
2.43400765 -15.72090000
2.45048120 -15.71210000
2.46695474 -15.70340000
2.48342829 -15.69500000
2.49990184 -15.68690000
2.51637539 -15.67940000
2.53284894 -15.67240000
2.54932249 -15.66600000
2.56579603 -15.66050000
2.58226958 -15.65580000
2.59874313 -15.65210000
2.61521668 -15.64940000
2.63169023 -15.64770000
2.64816377 -15.64720000
2.66445018 -15.64520000
2.68073659 -15.64350000
2.69702301 -15.64190000
2.71330942 -15.64040000
2.72959583 -15.63910000
2.74588223 -15.63780000
2.76216865 -15.63670000
2.77845506 -15.63570000
2.79474147 -15.63480000
2.81102788 -15.63400000
2.82731430 -15.63330000
2.84360071 -15.63260000
2.85988712 -15.63210000
2.87617352 -15.63170000
2.89245994 -15.63130000
2.90874635 -15.63110000
2.92503276 -15.63100000
2.94131917 -15.63100000
2.95760558 -15.63120000
2.97389200 -15.63140000
2.99017840 -15.63180000
3.00646481 -15.63220000
3.02275122 -15.63270000
3.03903764 -15.63330000
3.05532405 -15.63400000
3.07161046 -15.63460000
3.08789687 -15.63530000
3.10418328 -15.63590000
3.12046969 -15.63650000
3.13675610 -15.63700000
3.15304251 -15.63750000
3.16932893 -15.63780000
3.18561534 -15.63800000
3.20190175 -15.63810000
3.21811444 -15.63160000
3.23432713 -15.61590000
3.25053982 -15.59560000
3.26675252 -15.57320000
3.28296520 -15.54950000
3.29917790 -15.52520000
3.31539059 -15.50030000
3.33160328 -15.47520000
3.34781597 -15.45000000
3.36402867 -15.42470000
3.38024135 -15.39960000
3.39645405 -15.37460000
3.41266674 -15.35000000
3.42887943 -15.32570000
3.44509212 -15.30210000
3.46130482 -15.27910000
3.47751750 -15.25690000
3.49373020 -15.23570000
3.50994289 -15.21570000
3.52615558 -15.19700000
3.54236827 -15.17980000
3.55858096 -15.16440000
3.57479365 -15.15080000
3.59100634 -15.13920000
3.60721904 -15.12950000
3.62343172 -15.12190000
3.63964442 -15.11610000
3.65585711 -15.11200000
3.67206980 -15.10970000
3.68828249 -15.11190000

0.00000000 -14.85280000
0.01647355 -14.85890000
0.03294710 -14.86280000
0.04942064 -14.86920000
0.06589419 -14.87790000
0.08236774 -14.88830000
0.09884129 -14.90030000
0.11531484 -14.91330000
0.13178839 -14.92690000
0.14826193 -14.94000000
0.16473548 -14.95150000
0.18120903 -14.95950000
0.19768258 -14.96280000
0.21415613 -14.96200000
0.23062967 -14.95870000
0.24710322 -14.95380000
0.26357677 -14.94800000
0.28005032 -14.94160000
0.29652387 -14.93490000
0.31299741 -14.92800000
0.32947096 -14.92100000
0.34594451 -14.91420000
0.36241806 -14.90750000
0.37889161 -14.90100000
0.39536516 -14.89500000
0.41183870 -14.88940000
0.42831225 -14.88430000
0.44478580 -14.87990000
0.46125935 -14.87610000
0.47773290 -14.87320000
0.49420644 -14.87100000
0.51067999 -14.86970000
0.52715354 -14.86930000
0.54343995 -14.86930000
0.55972636 -14.86960000
0.57601278 -14.87000000
0.59229919 -14.87060000
0.60858559 -14.87140000
0.62487200 -14.87230000
0.64115842 -14.87330000
0.65744483 -14.87450000
0.67373124 -14.87570000
0.69001765 -14.87710000
0.70630407 -14.87850000
0.72259047 -14.88000000
0.73887688 -14.88150000
0.75516329 -14.88300000
0.77144971 -14.88460000
0.78773612 -14.88620000
0.80402253 -14.88770000
0.82030893 -14.88920000
0.83659534 -14.89070000
0.85288176 -14.89210000
0.86916817 -14.89340000
0.88545458 -14.89460000
0.90174099 -14.89570000
0.91802741 -14.89670000
0.93431382 -14.89760000
0.95060022 -14.89840000
0.96688663 -14.89900000
0.98317305 -14.89960000
0.99945946 -14.90000000
1.01574587 -14.90030000
1.03203228 -14.90060000
1.04831870 -14.90080000
1.06460510 -14.90090000
1.08089151 -14.90390000
1.09717792 -14.90110000
1.11346433 -14.90180000
1.12975075 -14.90290000
1.14603716 -14.90450000
1.16232357 -14.90640000
1.17860997 -14.90880000
1.19489639 -14.91150000
1.21118280 -14.91450000
1.22746921 -14.91770000
1.24375562 -14.92110000
1.26004204 -14.92440000
1.27632845 -14.92770000
1.29261485 -14.93050000
1.30890126 -14.93260000
1.32518768 -14.93370000
1.34147409 -14.93330000
1.35776050 -14.93030000
1.37404691 -14.92740000
1.39033332 -14.92240000
1.40661973 -14.91640000
1.42290614 -14.91000000
1.43919255 -14.90350000
1.45547896 -14.89700000
1.47176538 -14.89080000
1.48805179 -14.88490000
1.50433820 -14.87950000
1.52062460 -14.87450000
1.53691102 -14.87010000
1.55319743 -14.86640000
1.56948384 -14.86320000
1.58577025 -14.86070000
1.60205667 -14.85900000
1.61834308 -14.85790000
1.63462948 -14.85280000
1.65084218 -14.85580000
1.66705486 -14.85080000
1.68326756 -14.84340000
1.69948025 -14.83440000
1.71569294 -14.82440000
1.73190563 -14.81390000
1.74811833 -14.80320000
1.76433101 -14.79270000
1.78054371 -14.78240000
1.79675640 -14.77240000
1.81296909 -14.76280000
1.82918178 -14.75360000
1.84539448 -14.74480000
1.86160716 -14.73640000
1.87781986 -14.72840000
1.89403255 -14.72090000
1.91024524 -14.71380000
1.92645793 -14.70700000
1.94267063 -14.70060000
1.95888331 -14.69460000
1.97509601 -14.68890000
1.99130870 -14.68350000
2.00752139 -14.67850000
2.02373408 -14.67370000
2.03994678 -14.66930000
2.05615946 -14.66510000
2.07237216 -14.66110000
2.08858485 -14.65750000
2.10479754 -14.65400000
2.12101023 -14.65080000
2.13748378 -14.65120000
2.15395733 -14.65220000
2.17043088 -14.65400000
2.18690443 -14.65650000
2.20337797 -14.65970000
2.21985152 -14.66360000
2.23632507 -14.66800000
2.25279862 -14.67320000
2.26927217 -14.67880000
2.28574571 -14.68510000
2.30221926 -14.69180000
2.31869281 -14.69900000
2.33516636 -14.70660000
2.35163991 -14.71460000
2.36811346 -14.72290000
2.38458700 -14.73140000
2.40106055 -14.74010000
2.41753410 -14.74890000
2.43400765 -14.75780000
2.45048120 -14.76650000
2.46695474 -14.77510000
2.48342829 -14.78340000
2.49990184 -14.79140000
2.51637539 -14.79890000
2.53284894 -14.80590000
2.54932249 -14.81220000
2.56579603 -14.81770000
2.58226958 -14.82230000
2.59874313 -14.82600000
2.61521668 -14.82870000
2.63169023 -14.83040000
2.64816377 -14.83090000
2.66445018 -14.83550000
2.68073659 -14.83940000
2.69702301 -14.84260000
2.71330942 -14.84500000
2.72959583 -14.84660000
2.74588223 -14.84760000
2.76216865 -14.84790000
2.77845506 -14.84760000
2.79474147 -14.84660000
2.81102788 -14.84510000
2.82731430 -14.84300000
2.84360071 -14.84040000
2.85988712 -14.83730000
2.87617352 -14.83380000
2.89245994 -14.82990000
2.90874635 -14.82570000
2.92503276 -14.82120000
2.94131917 -14.81630000
2.95760558 -14.81130000
2.97389200 -14.80600000
2.99017840 -14.80060000
3.00646481 -14.79510000
3.02275122 -14.78950000
3.03903764 -14.78390000
3.05532405 -14.77840000
3.07161046 -14.77310000
3.08789687 -14.76800000
3.10418328 -14.76330000
3.12046969 -14.75910000
3.13675610 -14.75550000
3.15304251 -14.75260000
3.16932893 -14.75040000
3.18561534 -14.74910000
3.20190175 -14.74860000
3.21811444 -14.75040000
3.23432713 -14.75510000
3.25053982 -14.76220000
3.26675252 -14.77080000
3.28296520 -14.78030000
3.29917790 -14.79050000
3.31539059 -14.80100000
3.33160328 -14.81170000
3.34781597 -14.82240000
3.36402867 -14.83300000
3.38024135 -14.84340000
3.39645405 -14.85340000
3.41266674 -14.86300000
3.42887943 -14.87210000
3.44509212 -14.88050000
3.46130482 -14.88830000
3.47751750 -14.89510000
3.49373020 -14.90110000
3.50994289 -14.90600000
3.52615558 -14.90980000
3.54236827 -14.91240000
3.55858096 -14.91380000
3.57479365 -14.91390000
3.59100634 -14.91280000
3.60721904 -14.91090000
3.62343172 -14.90840000
3.63964442 -14.90560000
3.65585711 -14.90320000
3.67206980 -14.90150000
3.68828249 -14.90390000

0.00000000 -14.61380000
0.01647355 -14.61800000
0.03294710 -14.61640000
0.04942064 -14.61380000
0.06589419 -14.61060000
0.08236774 -14.60700000
0.09884129 -14.60320000
0.11531484 -14.59940000
0.13178839 -14.59590000
0.14826193 -14.59270000
0.16473548 -14.59010000
0.18120903 -14.58810000
0.19768258 -14.58680000
0.21415613 -14.58630000
0.23062967 -14.58640000
0.24710322 -14.58730000
0.26357677 -14.58880000
0.28005032 -14.59090000
0.29652387 -14.59350000
0.31299741 -14.59640000
0.32947096 -14.59970000
0.34594451 -14.60310000
0.36241806 -14.60660000
0.37889161 -14.61010000
0.39536516 -14.61340000
0.41183870 -14.61660000
0.42831225 -14.61950000
0.44478580 -14.62200000
0.46125935 -14.62410000
0.47773290 -14.62580000
0.49420644 -14.62710000
0.51067999 -14.62780000
0.52715354 -14.62810000
0.54343995 -14.62860000
0.55972636 -14.63010000
0.57601278 -14.63260000
0.59229919 -14.63610000
0.60858559 -14.64040000
0.62487200 -14.64550000
0.64115842 -14.65130000
0.65744483 -14.65770000
0.67373124 -14.66470000
0.69001765 -14.67200000
0.70630407 -14.67950000
0.72259047 -14.68730000
0.73887688 -14.69500000
0.75516329 -14.70270000
0.77144971 -14.71010000
0.78773612 -14.71710000
0.80402253 -14.72360000
0.82030893 -14.72950000
0.83659534 -14.73470000
0.85288176 -14.73900000
0.86916817 -14.74240000
0.88545458 -14.74480000
0.90174099 -14.74630000
0.91802741 -14.74670000
0.93431382 -14.74630000
0.95060022 -14.74520000
0.96688663 -14.74340000
0.98317305 -14.74120000
0.99945946 -14.73880000
1.01574587 -14.73650000
1.03203228 -14.73430000
1.04831870 -14.73270000
1.06460510 -14.73160000
1.08089151 -14.73430000
1.09717792 -14.73110000
1.11346433 -14.73050000
1.12975075 -14.72940000
1.14603716 -14.72800000
1.16232357 -14.72610000
1.17860997 -14.72380000
1.19489639 -14.72100000
1.21118280 -14.71770000
1.22746921 -14.71390000
1.24375562 -14.70970000
1.26004204 -14.70510000
1.27632845 -14.70010000
1.29261485 -14.69490000
1.30890126 -14.68930000
1.32518768 -14.68360000
1.34147409 -14.67780000
1.35776050 -14.67110000
1.37404691 -14.66620000
1.39033332 -14.66060000
1.40661973 -14.65520000
1.42290614 -14.65000000
1.43919255 -14.64520000
1.45547896 -14.64080000
1.47176538 -14.63680000
1.48805179 -14.63310000
1.50433820 -14.63000000
1.52062460 -14.62720000
1.53691102 -14.62480000
1.55319743 -14.62280000
1.56948384 -14.62130000
1.58577025 -14.62010000
1.60205667 -14.61920000
1.61834308 -14.61870000
1.63462948 -14.61380000
1.65084218 -14.61850000
1.66705486 -14.61860000
1.68326756 -14.61870000
1.69948025 -14.61880000
1.71569294 -14.61900000
1.73190563 -14.61920000
1.74811833 -14.61950000
1.76433101 -14.61980000
1.78054371 -14.62010000
1.79675640 -14.62050000
1.81296909 -14.62100000
1.82918178 -14.62160000
1.84539448 -14.62220000
1.86160716 -14.62290000
1.87781986 -14.62370000
1.89403255 -14.62450000
1.91024524 -14.62550000
1.92645793 -14.62660000
1.94267063 -14.62780000
1.95888331 -14.62910000
1.97509601 -14.63060000
1.99130870 -14.63210000
2.00752139 -14.63390000
2.02373408 -14.63580000
2.03994678 -14.63780000
2.05615946 -14.64000000
2.07237216 -14.64240000
2.08858485 -14.64500000
2.10479754 -14.64780000
2.12101023 -14.65080000
2.13748378 -14.65120000
2.15395733 -14.65220000
2.17043088 -14.65400000
2.18690443 -14.65650000
2.20337797 -14.65970000
2.21985152 -14.66360000
2.23632507 -14.66800000
2.25279862 -14.67320000
2.26927217 -14.67880000
2.28574571 -14.68510000
2.30221926 -14.69180000
2.31869281 -14.69900000
2.33516636 -14.70660000
2.35163991 -14.71460000
2.36811346 -14.72290000
2.38458700 -14.73140000
2.40106055 -14.74010000
2.41753410 -14.74890000
2.43400765 -14.75780000
2.45048120 -14.76650000
2.46695474 -14.77510000
2.48342829 -14.78340000
2.49990184 -14.79140000
2.51637539 -14.79890000
2.53284894 -14.80590000
2.54932249 -14.81220000
2.56579603 -14.81770000
2.58226958 -14.82230000
2.59874313 -14.82600000
2.61521668 -14.82870000
2.63169023 -14.83040000
2.64816377 -14.83090000
2.66445018 -14.82560000
2.68073659 -14.81950000
2.69702301 -14.81280000
2.71330942 -14.80560000
2.72959583 -14.79770000
2.74588223 -14.78950000
2.76216865 -14.78080000
2.77845506 -14.77200000
2.79474147 -14.76310000
2.81102788 -14.75420000
2.82731430 -14.74550000
2.84360071 -14.73720000
2.85988712 -14.72940000
2.87617352 -14.72240000
2.89245994 -14.71610000
2.90874635 -14.71080000
2.92503276 -14.70630000
2.94131917 -14.70280000
2.95760558 -14.70010000
2.97389200 -14.69820000
2.99017840 -14.69680000
3.00646481 -14.69600000
3.02275122 -14.69540000
3.03903764 -14.69510000
3.05532405 -14.69490000
3.07161046 -14.69470000
3.08789687 -14.69450000
3.10418328 -14.69420000
3.12046969 -14.69380000
3.13675610 -14.69330000
3.15304251 -14.69290000
3.16932893 -14.69240000
3.18561534 -14.69210000
3.20190175 -14.69200000
3.21811444 -14.69100000
3.23432713 -14.68830000
3.25053982 -14.68460000
3.26675252 -14.68070000
3.28296520 -14.67680000
3.29917790 -14.67320000
3.31539059 -14.66990000
3.33160328 -14.66710000
3.34781597 -14.66460000
3.36402867 -14.66270000
3.38024135 -14.66130000
3.39645405 -14.66040000
3.41266674 -14.66010000
3.42887943 -14.66050000
3.44509212 -14.66170000
3.46130482 -14.66360000
3.47751750 -14.66640000
3.49373020 -14.67000000
3.50994289 -14.67440000
3.52615558 -14.67960000
3.54236827 -14.68540000
3.55858096 -14.69170000
3.57479365 -14.69830000
3.59100634 -14.70510000
3.60721904 -14.71180000
3.62343172 -14.71800000
3.63964442 -14.72340000
3.65585711 -14.72760000
3.67206980 -14.73030000
3.68828249 -14.73430000

0.00000000 -14.30590000
0.01647355 -14.31490000
0.03294710 -14.32140000
0.04942064 -14.32820000
0.06589419 -14.33520000
0.08236774 -14.34240000
0.09884129 -14.34960000
0.11531484 -14.35680000
0.13178839 -14.36390000
0.14826193 -14.37090000
0.16473548 -14.37770000
0.18120903 -14.38420000
0.19768258 -14.39040000
0.21415613 -14.39610000
0.23062967 -14.40150000
0.24710322 -14.40640000
0.26357677 -14.41090000
0.28005032 -14.41490000
0.29652387 -14.41840000
0.31299741 -14.42160000
0.32947096 -14.42440000
0.34594451 -14.42690000
0.36241806 -14.42910000
0.37889161 -14.43110000
0.39536516 -14.43280000
0.41183870 -14.43420000
0.42831225 -14.43550000
0.44478580 -14.43660000
0.46125935 -14.43740000
0.47773290 -14.43810000
0.49420644 -14.43860000
0.51067999 -14.43890000
0.52715354 -14.43900000
0.54343995 -14.43890000
0.55972636 -14.43850000
0.57601278 -14.43790000
0.59229919 -14.43720000
0.60858559 -14.43630000
0.62487200 -14.43530000
0.64115842 -14.43420000
0.65744483 -14.43310000
0.67373124 -14.43210000
0.69001765 -14.43120000
0.70630407 -14.43040000
0.72259047 -14.42980000
0.73887688 -14.42930000
0.75516329 -14.42910000
0.77144971 -14.42900000
0.78773612 -14.42930000
0.80402253 -14.42970000
0.82030893 -14.43050000
0.83659534 -14.43140000
0.85288176 -14.43260000
0.86916817 -14.43400000
0.88545458 -14.43570000
0.90174099 -14.43750000
0.91802741 -14.43950000
0.93431382 -14.44160000
0.95060022 -14.44390000
0.96688663 -14.44620000
0.98317305 -14.44860000
0.99945946 -14.45080000
1.01574587 -14.45290000
1.03203228 -14.45470000
1.04831870 -14.45610000
1.06460510 -14.45690000
1.08089151 -14.46030000
1.09717792 -14.45720000
1.11346433 -14.45690000
1.12975075 -14.45640000
1.14603716 -14.45570000
1.16232357 -14.45470000
1.17860997 -14.45340000
1.19489639 -14.45160000
1.21118280 -14.44950000
1.22746921 -14.44680000
1.24375562 -14.44380000
1.26004204 -14.44020000
1.27632845 -14.43630000
1.29261485 -14.43180000
1.30890126 -14.42690000
1.32518768 -14.42170000
1.34147409 -14.41600000
1.35776050 -14.40910000
1.37404691 -14.40360000
1.39033332 -14.39700000
1.40661973 -14.39010000
1.42290614 -14.38310000
1.43919255 -14.37610000
1.45547896 -14.36900000
1.47176538 -14.36190000
1.48805179 -14.35490000
1.50433820 -14.34820000
1.52062460 -14.34170000
1.53691102 -14.33550000
1.55319743 -14.32980000
1.56948384 -14.32450000
1.58577025 -14.31970000
1.60205667 -14.31550000
1.61834308 -14.31220000
1.63462948 -14.30590000
1.65084218 -14.31060000
1.66705486 -14.31060000
1.68326756 -14.31050000
1.69948025 -14.31040000
1.71569294 -14.31020000
1.73190563 -14.31000000
1.74811833 -14.30980000
1.76433101 -14.30960000
1.78054371 -14.30940000
1.79675640 -14.30910000
1.81296909 -14.30880000
1.82918178 -14.30850000
1.84539448 -14.30820000
1.86160716 -14.30780000
1.87781986 -14.30750000
1.89403255 -14.30710000
1.91024524 -14.30680000
1.92645793 -14.30640000
1.94267063 -14.30610000
1.95888331 -14.30580000
1.97509601 -14.30550000
1.99130870 -14.30520000
2.00752139 -14.30490000
2.02373408 -14.30460000
2.03994678 -14.30430000
2.05615946 -14.30410000
2.07237216 -14.30390000
2.08858485 -14.30370000
2.10479754 -14.30350000
2.12101023 -14.30340000
2.13748378 -14.30370000
2.15395733 -14.30460000
2.17043088 -14.30610000
2.18690443 -14.30810000
2.20337797 -14.31080000
2.21985152 -14.31390000
2.23632507 -14.31760000
2.25279862 -14.32180000
2.26927217 -14.32640000
2.28574571 -14.33140000
2.30221926 -14.33670000
2.31869281 -14.34240000
2.33516636 -14.34830000
2.35163991 -14.35440000
2.36811346 -14.36060000
2.38458700 -14.36690000
2.40106055 -14.37320000
2.41753410 -14.37950000
2.43400765 -14.38560000
2.45048120 -14.39160000
2.46695474 -14.39730000
2.48342829 -14.40270000
2.49990184 -14.40780000
2.51637539 -14.41240000
2.53284894 -14.41660000
2.54932249 -14.42040000
2.56579603 -14.42360000
2.58226958 -14.42630000
2.59874313 -14.42840000
2.61521668 -14.42990000
2.63169023 -14.43080000
2.64816377 -14.43110000
2.66445018 -14.43690000
2.68073659 -14.44310000
2.69702301 -14.44950000
2.71330942 -14.45610000
2.72959583 -14.46290000
2.74588223 -14.46960000
2.76216865 -14.47630000
2.77845506 -14.48280000
2.79474147 -14.48900000
2.81102788 -14.49490000
2.82731430 -14.50020000
2.84360071 -14.50500000
2.85988712 -14.50910000
2.87617352 -14.51250000
2.89245994 -14.51530000
2.90874635 -14.51750000
2.92503276 -14.51930000
2.94131917 -14.52090000
2.95760558 -14.52250000
2.97389200 -14.52440000
2.99017840 -14.52690000
3.00646481 -14.52990000
3.02275122 -14.53370000
3.03903764 -14.53810000
3.05532405 -14.54300000
3.07161046 -14.54820000
3.08789687 -14.55360000
3.10418328 -14.55900000
3.12046969 -14.56410000
3.13675610 -14.56870000
3.15304251 -14.57270000
3.16932893 -14.57570000
3.18561534 -14.57750000
3.20190175 -14.57820000
3.21811444 -14.57760000
3.23432713 -14.57610000
3.25053982 -14.57350000
3.26675252 -14.57010000
3.28296520 -14.56610000
3.29917790 -14.56160000
3.31539059 -14.55670000
3.33160328 -14.55180000
3.34781597 -14.54680000
3.36402867 -14.54190000
3.38024135 -14.53720000
3.39645405 -14.53260000
3.41266674 -14.52820000
3.42887943 -14.52400000
3.44509212 -14.51980000
3.46130482 -14.51560000
3.47751750 -14.51130000
3.49373020 -14.50690000
3.50994289 -14.50230000
3.52615558 -14.49750000
3.54236827 -14.49260000
3.55858096 -14.48750000
3.57479365 -14.48240000
3.59100634 -14.47730000
3.60721904 -14.47230000
3.62343172 -14.46760000
3.63964442 -14.46350000
3.65585711 -14.46020000
3.67206980 -14.45800000
3.68828249 -14.46030000

0.00000000 -14.30050000
0.01647355 -14.30130000
0.03294710 -14.29570000
0.04942064 -14.29030000
0.06589419 -14.28520000
0.08236774 -14.28050000
0.09884129 -14.27610000
0.11531484 -14.27220000
0.13178839 -14.26860000
0.14826193 -14.26550000
0.16473548 -14.26280000
0.18120903 -14.26060000
0.19768258 -14.25870000
0.21415613 -14.25730000
0.23062967 -14.25630000
0.24710322 -14.25570000
0.26357677 -14.25550000
0.28005032 -14.25560000
0.29652387 -14.25600000
0.31299741 -14.25670000
0.32947096 -14.25770000
0.34594451 -14.25880000
0.36241806 -14.26020000
0.37889161 -14.26160000
0.39536516 -14.26300000
0.41183870 -14.26450000
0.42831225 -14.26590000
0.44478580 -14.26720000
0.46125935 -14.26830000
0.47773290 -14.26920000
0.49420644 -14.26990000
0.51067999 -14.27030000
0.52715354 -14.27050000
0.54343995 -14.27070000
0.55972636 -14.27140000
0.57601278 -14.27260000
0.59229919 -14.27430000
0.60858559 -14.27640000
0.62487200 -14.27890000
0.64115842 -14.28190000
0.65744483 -14.28530000
0.67373124 -14.28910000
0.69001765 -14.29320000
0.70630407 -14.29770000
0.72259047 -14.30250000
0.73887688 -14.30760000
0.75516329 -14.31290000
0.77144971 -14.31850000
0.78773612 -14.32440000
0.80402253 -14.33030000
0.82030893 -14.33650000
0.83659534 -14.34270000
0.85288176 -14.34900000
0.86916817 -14.35540000
0.88545458 -14.36170000
0.90174099 -14.36780000
0.91802741 -14.37380000
0.93431382 -14.37960000
0.95060022 -14.38490000
0.96688663 -14.38990000
0.98317305 -14.39430000
0.99945946 -14.39810000
1.01574587 -14.40130000
1.03203228 -14.40380000
1.04831870 -14.40550000
1.06460510 -14.40660000
1.08089151 -14.41000000
1.09717792 -14.40650000
1.11346433 -14.40530000
1.12975075 -14.40320000
1.14603716 -14.40040000
1.16232357 -14.39690000
1.17860997 -14.39290000
1.19489639 -14.38850000
1.21118280 -14.38370000
1.22746921 -14.37860000
1.24375562 -14.37330000
1.26004204 -14.36780000
1.27632845 -14.36230000
1.29261485 -14.35680000
1.30890126 -14.35120000
1.32518768 -14.34580000
1.34147409 -14.34050000
1.35776050 -14.33460000
1.37404691 -14.33050000
1.39033332 -14.32590000
1.40661973 -14.32150000
1.42290614 -14.31750000
1.43919255 -14.31380000
1.45547896 -14.31050000
1.47176538 -14.30770000
1.48805179 -14.30530000
1.50433820 -14.30330000
1.52062460 -14.30190000
1.53691102 -14.30100000
1.55319743 -14.30060000
1.56948384 -14.30080000
1.58577025 -14.30150000
1.60205667 -14.30270000
1.61834308 -14.30430000
1.63462948 -14.30050000
1.65084218 -14.30530000
1.66705486 -14.30530000
1.68326756 -14.30520000
1.69948025 -14.30520000
1.71569294 -14.30510000
1.73190563 -14.30500000
1.74811833 -14.30490000
1.76433101 -14.30480000
1.78054371 -14.30470000
1.79675640 -14.30450000
1.81296909 -14.30440000
1.82918178 -14.30430000
1.84539448 -14.30410000
1.86160716 -14.30400000
1.87781986 -14.30380000
1.89403255 -14.30370000
1.91024524 -14.30360000
1.92645793 -14.30340000
1.94267063 -14.30330000
1.95888331 -14.30320000
1.97509601 -14.30320000
1.99130870 -14.30310000
2.00752139 -14.30310000
2.02373408 -14.30300000
2.03994678 -14.30300000
2.05615946 -14.30300000
2.07237216 -14.30310000
2.08858485 -14.30320000
2.10479754 -14.30330000
2.12101023 -14.30340000
2.13748378 -14.30370000
2.15395733 -14.30460000
2.17043088 -14.30610000
2.18690443 -14.30810000
2.20337797 -14.31080000
2.21985152 -14.31390000
2.23632507 -14.31760000
2.25279862 -14.32180000
2.26927217 -14.32640000
2.28574571 -14.33140000
2.30221926 -14.33670000
2.31869281 -14.34240000
2.33516636 -14.34830000
2.35163991 -14.35440000
2.36811346 -14.36060000
2.38458700 -14.36690000
2.40106055 -14.37320000
2.41753410 -14.37950000
2.43400765 -14.38560000
2.45048120 -14.39160000
2.46695474 -14.39730000
2.48342829 -14.40270000
2.49990184 -14.40780000
2.51637539 -14.41240000
2.53284894 -14.41660000
2.54932249 -14.42040000
2.56579603 -14.42360000
2.58226958 -14.42630000
2.59874313 -14.42840000
2.61521668 -14.42990000
2.63169023 -14.43080000
2.64816377 -14.43110000
2.66445018 -14.42570000
2.68073659 -14.42080000
2.69702301 -14.41640000
2.71330942 -14.41250000
2.72959583 -14.40920000
2.74588223 -14.40640000
2.76216865 -14.40430000
2.77845506 -14.40280000
2.79474147 -14.40180000
2.81102788 -14.40140000
2.82731430 -14.40150000
2.84360071 -14.40200000
2.85988712 -14.40290000
2.87617352 -14.40400000
2.89245994 -14.40520000
2.90874635 -14.40640000
2.92503276 -14.40740000
2.94131917 -14.40790000
2.95760558 -14.40790000
2.97389200 -14.40710000
2.99017840 -14.40550000
3.00646481 -14.40310000
3.02275122 -14.40000000
3.03903764 -14.39640000
3.05532405 -14.39230000
3.07161046 -14.38810000
3.08789687 -14.38400000
3.10418328 -14.38000000
3.12046969 -14.37640000
3.13675610 -14.37330000
3.15304251 -14.37070000
3.16932893 -14.36890000
3.18561534 -14.36770000
3.20190175 -14.36730000
3.21811444 -14.36740000
3.23432713 -14.36770000
3.25053982 -14.36810000
3.26675252 -14.36870000
3.28296520 -14.36940000
3.29917790 -14.37030000
3.31539059 -14.37110000
3.33160328 -14.37200000
3.34781597 -14.37300000
3.36402867 -14.37390000
3.38024135 -14.37480000
3.39645405 -14.37560000
3.41266674 -14.37650000
3.42887943 -14.37730000
3.44509212 -14.37820000
3.46130482 -14.37910000
3.47751750 -14.38020000
3.49373020 -14.38150000
3.50994289 -14.38290000
3.52615558 -14.38460000
3.54236827 -14.38660000
3.55858096 -14.38890000
3.57479365 -14.39140000
3.59100634 -14.39410000
3.60721904 -14.39700000
3.62343172 -14.39990000
3.63964442 -14.40260000
3.65585711 -14.40490000
3.67206980 -14.40640000
3.68828249 -14.41000000

0.00000000 -9.93460000
0.01647355 -9.93950000
0.03294710 -9.93970000
0.04942064 -9.94000000
0.06589419 -9.94050000
0.08236774 -9.94110000
0.09884129 -9.94180000
0.11531484 -9.94270000
0.13178839 -9.94360000
0.14826193 -9.94450000
0.16473548 -9.94560000
0.18120903 -9.94660000
0.19768258 -9.94770000
0.21415613 -9.94880000
0.23062967 -9.94990000
0.24710322 -9.95090000
0.26357677 -9.95190000
0.28005032 -9.95280000
0.29652387 -9.95370000
0.31299741 -9.95450000
0.32947096 -9.95530000
0.34594451 -9.95590000
0.36241806 -9.95650000
0.37889161 -9.95700000
0.39536516 -9.95750000
0.41183870 -9.95780000
0.42831225 -9.95810000
0.44478580 -9.95840000
0.46125935 -9.95860000
0.47773290 -9.95870000
0.49420644 -9.95880000
0.51067999 -9.95890000
0.52715354 -9.95890000
0.54343995 -9.95860000
0.55972636 -9.95780000
0.57601278 -9.95650000
0.59229919 -9.95460000
0.60858559 -9.95230000
0.62487200 -9.94950000
0.64115842 -9.94620000
0.65744483 -9.94250000
0.67373124 -9.93840000
0.69001765 -9.93400000
0.70630407 -9.92930000
0.72259047 -9.92430000
0.73887688 -9.91910000
0.75516329 -9.91370000
0.77144971 -9.90820000
0.78773612 -9.90260000
0.80402253 -9.89700000
0.82030893 -9.89140000
0.83659534 -9.88590000
0.85288176 -9.88050000
0.86916817 -9.87520000
0.88545458 -9.87010000
0.90174099 -9.86530000
0.91802741 -9.86070000
0.93431382 -9.85650000
0.95060022 -9.85260000
0.96688663 -9.84910000
0.98317305 -9.84590000
0.99945946 -9.84330000
1.01574587 -9.84100000
1.03203228 -9.83930000
1.04831870 -9.83800000
1.06460510 -9.83730000
1.08089151 -9.84000000
1.09717792 -9.83730000
1.11346433 -9.83800000
1.12975075 -9.83930000
1.14603716 -9.84100000
1.16232357 -9.84310000
1.17860997 -9.84570000
1.19489639 -9.84880000
1.21118280 -9.85210000
1.22746921 -9.85580000
1.24375562 -9.85980000
1.26004204 -9.86400000
1.27632845 -9.86850000
1.29261485 -9.87300000
1.30890126 -9.87770000
1.32518768 -9.88250000
1.34147409 -9.88720000
1.35776050 -9.89110000
1.37404691 -9.89670000
1.39033332 -9.90130000
1.40661973 -9.90570000
1.42290614 -9.91000000
1.43919255 -9.91400000
1.45547896 -9.91790000
1.47176538 -9.92140000
1.48805179 -9.92470000
1.50433820 -9.92770000
1.52062460 -9.93040000
1.53691102 -9.93270000
1.55319743 -9.93480000
1.56948384 -9.93640000
1.58577025 -9.93770000
1.60205667 -9.93860000
1.61834308 -9.93920000
1.63462948 -9.93460000
1.65084218 -9.93840000
1.66705486 -9.93540000
1.68326756 -9.93040000
1.69948025 -9.92350000
1.71569294 -9.91470000
1.73190563 -9.90420000
1.74811833 -9.89190000
1.76433101 -9.87790000
1.78054371 -9.86240000
1.79675640 -9.84550000
1.81296909 -9.82730000
1.82918178 -9.80800000
1.84539448 -9.78750000
1.86160716 -9.76620000
1.87781986 -9.74400000
1.89403255 -9.72120000
1.91024524 -9.69780000
1.92645793 -9.67400000
1.94267063 -9.65000000
1.95888331 -9.62570000
1.97509601 -9.60130000
1.99130870 -9.57690000
2.00752139 -9.55260000
2.02373408 -9.52840000
2.03994678 -9.50450000
2.05615946 -9.48100000
2.07237216 -9.45780000
2.08858485 -9.43500000
2.10479754 -9.41270000
2.12101023 -9.39090000
2.13748378 -9.39050000
2.15395733 -9.38950000
2.17043088 -9.38790000
2.18690443 -9.38560000
2.20337797 -9.38270000
2.21985152 -9.37920000
2.23632507 -9.37510000
2.25279862 -9.37040000
2.26927217 -9.36520000
2.28574571 -9.35950000
2.30221926 -9.35340000
2.31869281 -9.34690000
2.33516636 -9.34000000
2.35163991 -9.33290000
2.36811346 -9.32550000
2.38458700 -9.31800000
2.40106055 -9.31040000
2.41753410 -9.30280000
2.43400765 -9.29530000
2.45048120 -9.28800000
2.46695474 -9.28090000
2.48342829 -9.27400000
2.49990184 -9.26760000
2.51637539 -9.26160000
2.53284894 -9.25620000
2.54932249 -9.25130000
2.56579603 -9.24710000
2.58226958 -9.24350000
2.59874313 -9.24070000
2.61521668 -9.23870000
2.63169023 -9.23750000
2.64816377 -9.23710000
2.66445018 -9.24150000
2.68073659 -9.24610000
2.69702301 -9.25090000
2.71330942 -9.25570000
2.72959583 -9.26050000
2.74588223 -9.26540000
2.76216865 -9.27020000
2.77845506 -9.27500000
2.79474147 -9.27970000
2.81102788 -9.28430000
2.82731430 -9.28880000
2.84360071 -9.29310000
2.85988712 -9.29740000
2.87617352 -9.30150000
2.89245994 -9.30540000
2.90874635 -9.30920000
2.92503276 -9.31270000
2.94131917 -9.31610000
2.95760558 -9.31920000
2.97389200 -9.32220000
2.99017840 -9.32480000
3.00646481 -9.32720000
3.02275122 -9.32920000
3.03903764 -9.33090000
3.05532405 -9.33230000
3.07161046 -9.33330000
3.08789687 -9.33390000
3.10418328 -9.33410000
3.12046969 -9.33390000
3.13675610 -9.33340000
3.15304251 -9.33250000
3.16932893 -9.33150000
3.18561534 -9.33070000
3.20190175 -9.33030000
3.21811444 -9.35060000
3.23432713 -9.37740000
3.25053982 -9.40420000
3.26675252 -9.43080000
3.28296520 -9.45690000
3.29917790 -9.48270000
3.31539059 -9.50790000
3.33160328 -9.53250000
3.34781597 -9.55660000
3.36402867 -9.58000000
3.38024135 -9.60260000
3.39645405 -9.62460000
3.41266674 -9.64570000
3.42887943 -9.66600000
3.44509212 -9.68540000
3.46130482 -9.70390000
3.47751750 -9.72130000
3.49373020 -9.73770000
3.50994289 -9.75300000
3.52615558 -9.76720000
3.54236827 -9.78010000
3.55858096 -9.79180000
3.57479365 -9.80230000
3.59100634 -9.81140000
3.60721904 -9.81910000
3.62343172 -9.82550000
3.63964442 -9.83050000
3.65585711 -9.83410000
3.67206980 -9.83630000
3.68828249 -9.84000000

0.00000000 -9.05390000
0.01647355 -9.05830000
0.03294710 -9.05710000
0.04942064 -9.05510000
0.06589419 -9.05240000
0.08236774 -9.04890000
0.09884129 -9.04470000
0.11531484 -9.03980000
0.13178839 -9.03430000
0.14826193 -9.02820000
0.16473548 -9.02160000
0.18120903 -9.01450000
0.19768258 -9.00700000
0.21415613 -8.99920000
0.23062967 -8.99110000
0.24710322 -8.98280000
0.26357677 -8.97440000
0.28005032 -8.96610000
0.29652387 -8.95780000
0.31299741 -8.94960000
0.32947096 -8.94170000
0.34594451 -8.93410000
0.36241806 -8.92690000
0.37889161 -8.92020000
0.39536516 -8.91400000
0.41183870 -8.90830000
0.42831225 -8.90330000
0.44478580 -8.89900000
0.46125935 -8.89550000
0.47773290 -8.89260000
0.49420644 -8.89060000
0.51067999 -8.88940000
0.52715354 -8.88900000
0.54343995 -8.88840000
0.55972636 -8.88660000
0.57601278 -8.88360000
0.59229919 -8.87960000
0.60858559 -8.87440000
0.62487200 -8.86830000
0.64115842 -8.86130000
0.65744483 -8.85350000
0.67373124 -8.84510000
0.69001765 -8.83600000
0.70630407 -8.82660000
0.72259047 -8.81690000
0.73887688 -8.80690000
0.75516329 -8.79700000
0.77144971 -8.78710000
0.78773612 -8.77750000
0.80402253 -8.76810000
0.82030893 -8.75920000
0.83659534 -8.75070000
0.85288176 -8.74280000
0.86916817 -8.73550000
0.88545458 -8.72880000
0.90174099 -8.72270000
0.91802741 -8.71730000
0.93431382 -8.71250000
0.95060022 -8.70840000
0.96688663 -8.70490000
0.98317305 -8.70190000
0.99945946 -8.69950000
1.01574587 -8.69750000
1.03203228 -8.69610000
1.04831870 -8.69500000
1.06460510 -8.69440000
1.08089151 -8.69730000
1.09717792 -8.69510000
1.11346433 -8.69760000
1.12975075 -8.70170000
1.14603716 -8.70740000
1.16232357 -8.71470000
1.17860997 -8.72340000
1.19489639 -8.73350000
1.21118280 -8.74490000
1.22746921 -8.75740000
1.24375562 -8.77090000
1.26004204 -8.78540000
1.27632845 -8.80060000
1.29261485 -8.81650000
1.30890126 -8.83280000
1.32518768 -8.84950000
1.34147409 -8.86630000
1.35776050 -8.88230000
1.37404691 -8.89990000
1.39033332 -8.91640000
1.40661973 -8.93250000
1.42290614 -8.94810000
1.43919255 -8.96310000
1.45547896 -8.97720000
1.47176538 -8.99050000
1.48805179 -9.00290000
1.50433820 -9.01420000
1.52062460 -9.02430000
1.53691102 -9.03320000
1.55319743 -9.04090000
1.56948384 -9.04720000
1.58577025 -9.05220000
1.60205667 -9.05580000
1.61834308 -9.05800000
1.63462948 -9.05390000
1.65084218 -9.05900000
1.66705486 -9.06010000
1.68326756 -9.06200000
1.69948025 -9.06450000
1.71569294 -9.06780000
1.73190563 -9.07190000
1.74811833 -9.07660000
1.76433101 -9.08210000
1.78054371 -9.08840000
1.79675640 -9.09540000
1.81296909 -9.10320000
1.82918178 -9.11170000
1.84539448 -9.12100000
1.86160716 -9.13110000
1.87781986 -9.14190000
1.89403255 -9.15340000
1.91024524 -9.16570000
1.92645793 -9.17880000
1.94267063 -9.19260000
1.95888331 -9.20720000
1.97509601 -9.22240000
1.99130870 -9.23840000
2.00752139 -9.25510000
2.02373408 -9.27260000
2.03994678 -9.29070000
2.05615946 -9.30940000
2.07237216 -9.32890000
2.08858485 -9.34890000
2.10479754 -9.36960000
2.12101023 -9.39090000
2.13748378 -9.39050000
2.15395733 -9.38950000
2.17043088 -9.38790000
2.18690443 -9.38560000
2.20337797 -9.38270000
2.21985152 -9.37920000
2.23632507 -9.37510000
2.25279862 -9.37040000
2.26927217 -9.36520000
2.28574571 -9.35950000
2.30221926 -9.35340000
2.31869281 -9.34690000
2.33516636 -9.34000000
2.35163991 -9.33290000
2.36811346 -9.32550000
2.38458700 -9.31800000
2.40106055 -9.31040000
2.41753410 -9.30280000
2.43400765 -9.29530000
2.45048120 -9.28800000
2.46695474 -9.28080000
2.48342829 -9.27400000
2.49990184 -9.26760000
2.51637539 -9.26160000
2.53284894 -9.25620000
2.54932249 -9.25130000
2.56579603 -9.24710000
2.58226958 -9.24350000
2.59874313 -9.24070000
2.61521668 -9.23870000
2.63169023 -9.23750000
2.64816377 -9.23710000
2.66445018 -9.23290000
2.68073659 -9.22890000
2.69702301 -9.22520000
2.71330942 -9.22190000
2.72959583 -9.21910000
2.74588223 -9.21670000
2.76216865 -9.21480000
2.77845506 -9.21340000
2.79474147 -9.21260000
2.81102788 -9.21250000
2.82731430 -9.21290000
2.84360071 -9.21400000
2.85988712 -9.21580000
2.87617352 -9.21820000
2.89245994 -9.22120000
2.90874635 -9.22470000
2.92503276 -9.22880000
2.94131917 -9.23340000
2.95760558 -9.23850000
2.97389200 -9.24390000
2.99017840 -9.24960000
3.00646481 -9.25560000
3.02275122 -9.26170000
3.03903764 -9.26790000
3.05532405 -9.27400000
3.07161046 -9.28010000
3.08789687 -9.28610000
3.10418328 -9.29170000
3.12046969 -9.29700000
3.13675610 -9.30190000
3.15304251 -9.30610000
3.16932893 -9.30960000
3.18561534 -9.31200000
3.20190175 -9.31280000
3.21811444 -9.29230000
3.23432713 -9.26470000
3.25053982 -9.23660000
3.26675252 -9.20820000
3.28296520 -9.17980000
3.29917790 -9.15130000
3.31539059 -9.12280000
3.33160328 -9.09450000
3.34781597 -9.06640000
3.36402867 -9.03850000
3.38024135 -9.01100000
3.39645405 -8.98390000
3.41266674 -8.95740000
3.42887943 -8.93150000
3.44509212 -8.90630000
3.46130482 -8.88200000
3.47751750 -8.85870000
3.49373020 -8.83640000
3.50994289 -8.81540000
3.52615558 -8.79570000
3.54236827 -8.77740000
3.55858096 -8.76070000
3.57479365 -8.74560000
3.59100634 -8.73230000
3.60721904 -8.72090000
3.62343172 -8.71140000
3.63964442 -8.70390000
3.65585711 -8.69860000
3.67206980 -8.69530000
3.68828249 -8.69730000

0.00000000 -6.36990000
0.01647355 -6.37440000
0.03294710 -6.37350000
0.04942064 -6.37200000
0.06589419 -6.36990000
0.08236774 -6.36700000
0.09884129 -6.36320000
0.11531484 -6.35860000
0.13178839 -6.35300000
0.14826193 -6.34620000
0.16473548 -6.33830000
0.18120903 -6.32920000
0.19768258 -6.31880000
0.21415613 -6.30710000
0.23062967 -6.29410000
0.24710322 -6.27980000
0.26357677 -6.26410000
0.28005032 -6.24720000
0.29652387 -6.22900000
0.31299741 -6.20960000
0.32947096 -6.18910000
0.34594451 -6.16750000
0.36241806 -6.14510000
0.37889161 -6.12180000
0.39536516 -6.09800000
0.41183870 -6.07370000
0.42831225 -6.04950000
0.44478580 -6.02560000
0.46125935 -6.00300000
0.47773290 -5.98280000
0.49420644 -5.96690000
0.51067999 -5.95720000
0.52715354 -5.95420000
0.54343995 -5.95440000
0.55972636 -5.95520000
0.57601278 -5.95630000
0.59229919 -5.95770000
0.60858559 -5.95930000
0.62487200 -5.96110000
0.64115842 -5.96310000
0.65744483 -5.96530000
0.67373124 -5.96770000
0.69001765 -5.97050000
0.70630407 -5.97370000
0.72259047 -5.97740000
0.73887688 -5.98150000
0.75516329 -5.98610000
0.77144971 -5.99120000
0.78773612 -5.99670000
0.80402253 -6.00280000
0.82030893 -6.00920000
0.83659534 -6.01610000
0.85288176 -6.02330000
0.86916817 -6.03080000
0.88545458 -6.03840000
0.90174099 -6.04610000
0.91802741 -6.05360000
0.93431382 -6.06090000
0.95060022 -6.06790000
0.96688663 -6.07430000
0.98317305 -6.08010000
0.99945946 -6.08510000
1.01574587 -6.08940000
1.03203228 -6.09280000
1.04831870 -6.09520000
1.06460510 -6.09670000
1.08089151 -6.10020000
1.09717792 -6.09790000
1.11346433 -6.10010000
1.12975075 -6.10370000
1.14603716 -6.10870000
1.16232357 -6.11500000
1.17860997 -6.12260000
1.19489639 -6.13130000
1.21118280 -6.14110000
1.22746921 -6.15180000
1.24375562 -6.16330000
1.26004204 -6.17560000
1.27632845 -6.18830000
1.29261485 -6.20150000
1.30890126 -6.21490000
1.32518768 -6.22850000
1.34147409 -6.24200000
1.35776050 -6.25440000
1.37404691 -6.26820000
1.39033332 -6.28070000
1.40661973 -6.29260000
1.42290614 -6.30390000
1.43919255 -6.31450000
1.45547896 -6.32420000
1.47176538 -6.33310000
1.48805179 -6.34120000
1.50433820 -6.34840000
1.52062460 -6.35460000
1.53691102 -6.36000000
1.55319743 -6.36460000
1.56948384 -6.36820000
1.58577025 -6.37100000
1.60205667 -6.37300000
1.61834308 -6.37420000
1.63462948 -6.36990000
1.65084218 -6.37350000
1.66705486 -6.37030000
1.68326756 -6.36480000
1.69948025 -6.35710000
1.71569294 -6.34710000
1.73190563 -6.33500000
1.74811833 -6.32060000
1.76433101 -6.30400000
1.78054371 -6.28510000
1.79675640 -6.26390000
1.81296909 -6.24040000
1.82918178 -6.21470000
1.84539448 -6.18670000
1.86160716 -6.15640000
1.87781986 -6.12400000
1.89403255 -6.08930000
1.91024524 -6.05260000
1.92645793 -6.01380000
1.94267063 -5.97310000
1.95888331 -5.94890000
1.97509601 -5.93970000
1.99130870 -5.92910000
2.00752139 -5.91730000
2.02373408 -5.90430000
2.03994678 -5.89030000
2.05615946 -5.87550000
2.07237216 -5.86000000
2.08858485 -5.84400000
2.10479754 -5.82760000
2.12101023 -5.81110000
2.13748378 -5.81190000
2.15395733 -5.81400000
2.17043088 -5.81760000
2.18690443 -5.82250000
2.20337797 -5.82860000
2.21985152 -5.83580000
2.23632507 -5.84400000
2.25279862 -5.85290000
2.26927217 -5.86240000
2.28574571 -5.87220000
2.30221926 -5.88220000
2.31869281 -5.89220000
2.33516636 -5.90190000
2.35163991 -5.91130000
2.36811346 -5.92020000
2.38458700 -5.92850000
2.40106055 -5.93600000
2.41753410 -5.94280000
2.43400765 -5.94880000
2.45048120 -5.95390000
2.46695474 -5.95830000
2.48342829 -5.96190000
2.49990184 -5.96480000
2.51637539 -5.96700000
2.53284894 -5.96870000
2.54932249 -5.96990000
2.56579603 -5.97070000
2.58226958 -5.97120000
2.59874313 -5.97150000
2.61521668 -5.97160000
2.63169023 -5.97170000
2.64816377 -5.97170000
2.66445018 -5.98020000
2.68073659 -5.98800000
2.69702301 -5.99500000
2.71330942 -6.00140000
2.72959583 -6.00720000
2.74588223 -6.01260000
2.76216865 -6.01780000
2.77845506 -6.02290000
2.79474147 -6.02810000
2.81102788 -6.03370000
2.82731430 -6.03990000
2.84360071 -6.04700000
2.85988712 -6.05500000
2.87617352 -6.06430000
2.89245994 -6.07470000
2.90874635 -6.08620000
2.92503276 -6.09880000
2.94131917 -6.11220000
2.95760558 -6.12610000
2.97389200 -6.14030000
2.99017840 -6.15450000
3.00646481 -6.16850000
3.02275122 -6.18210000
3.03903764 -6.19500000
3.05532405 -6.20710000
3.07161046 -6.21830000
3.08789687 -6.22840000
3.10418328 -6.23730000
3.12046969 -6.24500000
3.13675610 -6.25130000
3.15304251 -6.25630000
3.16932893 -6.25990000
3.18561534 -6.26210000
3.20190175 -6.26280000
3.21811444 -6.26220000
3.23432713 -6.26050000
3.25053982 -6.25770000
3.26675252 -6.25390000
3.28296520 -6.24890000
3.29917790 -6.24310000
3.31539059 -6.23630000
3.33160328 -6.22860000
3.34781597 -6.22030000
3.36402867 -6.21140000
3.38024135 -6.20190000
3.39645405 -6.19210000
3.41266674 -6.18220000
3.42887943 -6.17220000
3.44509212 -6.16230000
3.46130482 -6.15280000
3.47751750 -6.14370000
3.49373020 -6.13530000
3.50994289 -6.12770000
3.52615558 -6.12100000
3.54236827 -6.11520000
3.55858096 -6.11040000
3.57479365 -6.10650000
3.59100634 -6.10350000
3.60721904 -6.10120000
3.62343172 -6.09960000
3.63964442 -6.09840000
3.65585711 -6.09770000
3.67206980 -6.09730000
3.68828249 -6.10020000

0.00000000 -5.79210000
0.01647355 -5.79780000
0.03294710 -5.80130000
0.04942064 -5.80820000
0.06589419 -5.81900000
0.08236774 -5.83300000
0.09884129 -5.84880000
0.11531484 -5.86540000
0.13178839 -5.88210000
0.14826193 -5.89830000
0.16473548 -5.91350000
0.18120903 -5.92760000
0.19768258 -5.94030000
0.21415613 -5.95150000
0.23062967 -5.96110000
0.24710322 -5.96890000
0.26357677 -5.97510000
0.28005032 -5.97950000
0.29652387 -5.98230000
0.31299741 -5.98340000
0.32947096 -5.98300000
0.34594451 -5.98120000
0.36241806 -5.97830000
0.37889161 -5.97430000
0.39536516 -5.96960000
0.41183870 -5.96430000
0.42831225 -5.95890000
0.44478580 -5.95340000
0.46125935 -5.94820000
0.47773290 -5.94320000
0.49420644 -5.93850000
0.51067999 -5.93430000
0.52715354 -5.93230000
0.54343995 -5.93230000
0.55972636 -5.93210000
0.57601278 -5.93190000
0.59229919 -5.93140000
0.60858559 -5.93080000
0.62487200 -5.92990000
0.64115842 -5.92850000
0.65744483 -5.92640000
0.67373124 -5.92350000
0.69001765 -5.91960000
0.70630407 -5.91470000
0.72259047 -5.90870000
0.73887688 -5.90160000
0.75516329 -5.89340000
0.77144971 -5.88430000
0.78773612 -5.87460000
0.80402253 -5.86430000
0.82030893 -5.85410000
0.83659534 -5.84450000
0.85288176 -5.83620000
0.86916817 -5.83020000
0.88545458 -5.82690000
0.90174099 -5.82620000
0.91802741 -5.82740000
0.93431382 -5.82980000
0.95060022 -5.83250000
0.96688663 -5.83540000
0.98317305 -5.83800000
0.99945946 -5.84030000
1.01574587 -5.84230000
1.03203228 -5.84380000
1.04831870 -5.84480000
1.06460510 -5.84550000
1.08089151 -5.84870000
1.09717792 -5.84590000
1.11346433 -5.84630000
1.12975075 -5.84710000
1.14603716 -5.84810000
1.16232357 -5.84920000
1.17860997 -5.85040000
1.19489639 -5.85180000
1.21118280 -5.85320000
1.22746921 -5.85460000
1.24375562 -5.85610000
1.26004204 -5.85770000
1.27632845 -5.85940000
1.29261485 -5.86110000
1.30890126 -5.86270000
1.32518768 -5.86400000
1.34147409 -5.86480000
1.35776050 -5.86400000
1.37404691 -5.86420000
1.39033332 -5.86260000
1.40661973 -5.86010000
1.42290614 -5.85670000
1.43919255 -5.85240000
1.45547896 -5.84730000
1.47176538 -5.84170000
1.48805179 -5.83560000
1.50433820 -5.82930000
1.52062460 -5.82290000
1.53691102 -5.81680000
1.55319743 -5.81110000
1.56948384 -5.80620000
1.58577025 -5.80220000
1.60205667 -5.79920000
1.61834308 -5.79740000
1.63462948 -5.79210000
1.65084218 -5.80380000
1.66705486 -5.81980000
1.68326756 -5.83880000
1.69948025 -5.85800000
1.71569294 -5.87660000
1.73190563 -5.89390000
1.74811833 -5.90970000
1.76433101 -5.92390000
1.78054371 -5.93630000
1.79675640 -5.94680000
1.81296909 -5.95550000
1.82918178 -5.96220000
1.84539448 -5.96700000
1.86160716 -5.96990000
1.87781986 -5.97080000
1.89403255 -5.96990000
1.91024524 -5.96720000
1.92645793 -5.96280000
1.94267063 -5.95660000
1.95888331 -5.93070000
1.97509601 -5.88670000
1.99130870 -5.84150000
2.00752139 -5.79590000
2.02373408 -5.75380000
2.03994678 -5.73900000
2.05615946 -5.74890000
2.07237216 -5.76310000
2.08858485 -5.77860000
2.10479754 -5.79470000
2.12101023 -5.81110000
2.13748378 -5.81190000
2.15395733 -5.81400000
2.17043088 -5.81760000
2.18690443 -5.82250000
2.20337797 -5.82860000
2.21985152 -5.83580000
2.23632507 -5.84400000
2.25279862 -5.85290000
2.26927217 -5.86240000
2.28574571 -5.87220000
2.30221926 -5.88220000
2.31869281 -5.89220000
2.33516636 -5.90190000
2.35163991 -5.91130000
2.36811346 -5.92020000
2.38458700 -5.92850000
2.40106055 -5.93600000
2.41753410 -5.94280000
2.43400765 -5.94880000
2.45048120 -5.95390000
2.46695474 -5.95830000
2.48342829 -5.96190000
2.49990184 -5.96480000
2.51637539 -5.96700000
2.53284894 -5.96870000
2.54932249 -5.96990000
2.56579603 -5.97070000
2.58226958 -5.97120000
2.59874313 -5.97150000
2.61521668 -5.97160000
2.63169023 -5.97170000
2.64816377 -5.97170000
2.66445018 -5.96240000
2.68073659 -5.95220000
2.69702301 -5.94110000
2.71330942 -5.92930000
2.72959583 -5.91670000
2.74588223 -5.90340000
2.76216865 -5.88940000
2.77845506 -5.87500000
2.79474147 -5.86010000
2.81102788 -5.84510000
2.82731430 -5.83000000
2.84360071 -5.81510000
2.85988712 -5.80050000
2.87617352 -5.78620000
2.89245994 -5.77250000
2.90874635 -5.75930000
2.92503276 -5.74650000
2.94131917 -5.73410000
2.95760558 -5.72210000
2.97389200 -5.71050000
2.99017840 -5.69940000
3.00646481 -5.68890000
3.02275122 -5.67920000
3.03903764 -5.67030000
3.05532405 -5.66250000
3.07161046 -5.65570000
3.08789687 -5.65030000
3.10418328 -5.64610000
3.12046969 -5.64320000
3.13675610 -5.64150000
3.15304251 -5.64080000
3.16932893 -5.64060000
3.18561534 -5.64070000
3.20190175 -5.64070000
3.21811444 -5.64110000
3.23432713 -5.64220000
3.25053982 -5.64400000
3.26675252 -5.64670000
3.28296520 -5.65030000
3.29917790 -5.65520000
3.31539059 -5.66190000
3.33160328 -5.67070000
3.34781597 -5.68140000
3.36402867 -5.69380000
3.38024135 -5.70750000
3.39645405 -5.72200000
3.41266674 -5.73690000
3.42887943 -5.75160000
3.44509212 -5.76600000
3.46130482 -5.77950000
3.47751750 -5.79200000
3.49373020 -5.80330000
3.50994289 -5.81310000
3.52615558 -5.82150000
3.54236827 -5.82840000
3.55858096 -5.83390000
3.57479365 -5.83800000
3.59100634 -5.84100000
3.60721904 -5.84300000
3.62343172 -5.84430000
3.63964442 -5.84510000
3.65585711 -5.84550000
3.67206980 -5.84570000
3.68828249 -5.84870000

0.00000000 -5.70790000
0.01647355 -5.71430000
0.03294710 -5.71740000
0.04942064 -5.71900000
0.06589419 -5.71690000
0.08236774 -5.71070000
0.09884129 -5.70130000
0.11531484 -5.68940000
0.13178839 -5.67610000
0.14826193 -5.66190000
0.16473548 -5.64770000
0.18120903 -5.63400000
0.19768258 -5.62130000
0.21415613 -5.60990000
0.23062967 -5.60000000
0.24710322 -5.59140000
0.26357677 -5.58390000
0.28005032 -5.57730000
0.29652387 -5.57150000
0.31299741 -5.56630000
0.32947096 -5.56190000
0.34594451 -5.55870000
0.36241806 -5.55760000
0.37889161 -5.55990000
0.39536516 -5.56730000
0.41183870 -5.58070000
0.42831225 -5.59960000
0.44478580 -5.62200000
0.46125935 -5.64540000
0.47773290 -5.66770000
0.49420644 -5.68660000
0.51067999 -5.69950000
0.52715354 -5.70420000
0.54343995 -5.70290000
0.55972636 -5.69890000
0.57601278 -5.69260000
0.59229919 -5.68410000
0.60858559 -5.67390000
0.62487200 -5.66250000
0.64115842 -5.65060000
0.65744483 -5.63920000
0.67373124 -5.62960000
0.69001765 -5.62350000
0.70630407 -5.62200000
0.72259047 -5.62570000
0.73887688 -5.63390000
0.75516329 -5.64520000
0.77144971 -5.65820000
0.78773612 -5.67180000
0.80402253 -5.68490000
0.82030893 -5.69660000
0.83659534 -5.70600000
0.85288176 -5.71220000
0.86916817 -5.71420000
0.88545458 -5.71170000
0.90174099 -5.70510000
0.91802741 -5.69510000
0.93431382 -5.68300000
0.95060022 -5.66980000
0.96688663 -5.65640000
0.98317305 -5.64320000
0.99945946 -5.63100000
1.01574587 -5.62020000
1.03203228 -5.61130000
1.04831870 -5.60470000
1.06460510 -5.60050000
1.08089151 -5.60210000
1.09717792 -5.60130000
1.11346433 -5.60770000
1.12975075 -5.61770000
1.14603716 -5.63040000
1.16232357 -5.64490000
1.17860997 -5.66020000
1.19489639 -5.67560000
1.21118280 -5.69050000
1.22746921 -5.70410000
1.24375562 -5.71600000
1.26004204 -5.72590000
1.27632845 -5.73340000
1.29261485 -5.73850000
1.30890126 -5.74130000
1.32518768 -5.74180000
1.34147409 -5.74050000
1.35776050 -5.73680000
1.37404691 -5.73360000
1.39033332 -5.72870000
1.40661973 -5.72340000
1.42290614 -5.71800000
1.43919255 -5.71300000
1.45547896 -5.70870000
1.47176538 -5.70540000
1.48805179 -5.70330000
1.50433820 -5.70260000
1.52062460 -5.70300000
1.53691102 -5.70430000
1.55319743 -5.70620000
1.56948384 -5.70820000
1.58577025 -5.71010000
1.60205667 -5.71150000
1.61834308 -5.71240000
1.63462948 -5.70790000
1.65084218 -5.70460000
1.66705486 -5.68540000
1.68326756 -5.66130000
1.69948025 -5.63480000
1.71569294 -5.60730000
1.73190563 -5.60600000
1.74811833 -5.60840000
1.76433101 -5.61090000
1.78054371 -5.61350000
1.79675640 -5.61630000
1.81296909 -5.61930000
1.82918178 -5.62260000
1.84539448 -5.62610000
1.86160716 -5.63010000
1.87781986 -5.63450000
1.89403255 -5.63960000
1.91024524 -5.64550000
1.92645793 -5.65220000
1.94267063 -5.65980000
1.95888331 -5.66850000
1.97509601 -5.67800000
1.99130870 -5.68840000
2.00752139 -5.69890000
2.02373408 -5.70610000
2.03994678 -5.68620000
2.05615946 -5.64230000
2.07237216 -5.59540000
2.08858485 -5.54910000
2.10479754 -5.50530000
2.12101023 -5.46570000
2.13748378 -5.46570000
2.15395733 -5.46560000
2.17043088 -5.46540000
2.18690443 -5.46500000
2.20337797 -5.46440000
2.21985152 -5.46350000
2.23632507 -5.46220000
2.25279862 -5.46040000
2.26927217 -5.45810000
2.28574571 -5.45510000
2.30221926 -5.45150000
2.31869281 -5.44720000
2.33516636 -5.44220000
2.35163991 -5.43650000
2.36811346 -5.43010000
2.38458700 -5.42310000
2.40106055 -5.41540000
2.41753410 -5.40700000
2.43400765 -5.39800000
2.45048120 -5.38840000
2.46695474 -5.37830000
2.48342829 -5.36750000
2.49990184 -5.35640000
2.51637539 -5.34480000
2.53284894 -5.33290000
2.54932249 -5.32110000
2.56579603 -5.30940000
2.58226958 -5.29840000
2.59874313 -5.28870000
2.61521668 -5.28080000
2.63169023 -5.27570000
2.64816377 -5.27390000
2.66445018 -5.28160000
2.68073659 -5.29540000
2.69702301 -5.31440000
2.71330942 -5.33690000
2.72959583 -5.36140000
2.74588223 -5.38660000
2.76216865 -5.41150000
2.77845506 -5.43530000
2.79474147 -5.45740000
2.81102788 -5.47690000
2.82731430 -5.49350000
2.84360071 -5.50670000
2.85988712 -5.51610000
2.87617352 -5.52170000
2.89245994 -5.52350000
2.90874635 -5.52230000
2.92503276 -5.51930000
2.94131917 -5.51760000
2.95760558 -5.52090000
2.97389200 -5.52920000
2.99017840 -5.53960000
3.00646481 -5.55050000
3.02275122 -5.56100000
3.03903764 -5.57090000
3.05532405 -5.57990000
3.07161046 -5.58780000
3.08789687 -5.59460000
3.10418328 -5.60010000
3.12046969 -5.60430000
3.13675610 -5.60720000
3.15304251 -5.60890000
3.16932893 -5.60990000
3.18561534 -5.61030000
3.20190175 -5.61040000
3.21811444 -5.61080000
3.23432713 -5.61190000
3.25053982 -5.61380000
3.26675252 -5.61640000
3.28296520 -5.61960000
3.29917790 -5.62310000
3.31539059 -5.62630000
3.33160328 -5.62880000
3.34781597 -5.63040000
3.36402867 -5.63100000
3.38024135 -5.63070000
3.39645405 -5.62960000
3.41266674 -5.62780000
3.42887943 -5.62540000
3.44509212 -5.62250000
3.46130482 -5.61920000
3.47751750 -5.61570000
3.49373020 -5.61220000
3.50994289 -5.60880000
3.52615558 -5.60570000
3.54236827 -5.60300000
3.55858096 -5.60090000
3.57479365 -5.59940000
3.59100634 -5.59850000
3.60721904 -5.59810000
3.62343172 -5.59820000
3.63964442 -5.59840000
3.65585711 -5.59880000
3.67206980 -5.59900000
3.68828249 -5.60210000

0.00000000 -5.59350000
0.01647355 -5.59450000
0.03294710 -5.58440000
0.04942064 -5.57010000
0.06589419 -5.55340000
0.08236774 -5.53570000
0.09884129 -5.51740000
0.11531484 -5.49910000
0.13178839 -5.48090000
0.14826193 -5.46280000
0.16473548 -5.44440000
0.18120903 -5.42540000
0.19768258 -5.40540000
0.21415613 -5.38420000
0.23062967 -5.36140000
0.24710322 -5.33730000
0.26357677 -5.31270000
0.28005032 -5.29080000
0.29652387 -5.28630000
0.31299741 -5.30350000
0.32947096 -5.32730000
0.34594451 -5.35290000
0.36241806 -5.37800000
0.37889161 -5.40030000
0.39536516 -5.41780000
0.41183870 -5.42910000
0.42831225 -5.43440000
0.44478580 -5.43540000
0.46125935 -5.43400000
0.47773290 -5.43170000
0.49420644 -5.42940000
0.51067999 -5.42770000
0.52715354 -5.42710000
0.54343995 -5.42760000
0.55972636 -5.42890000
0.57601278 -5.43120000
0.59229919 -5.43440000
0.60858559 -5.43840000
0.62487200 -5.44320000
0.64115842 -5.44820000
0.65744483 -5.45280000
0.67373124 -5.45580000
0.69001765 -5.45550000
0.70630407 -5.45070000
0.72259047 -5.44060000
0.73887688 -5.42560000
0.75516329 -5.40670000
0.77144971 -5.38500000
0.78773612 -5.36130000
0.80402253 -5.33620000
0.82030893 -5.31030000
0.83659534 -5.28380000
0.85288176 -5.25720000
0.86916817 -5.23080000
0.88545458 -5.20490000
0.90174099 -5.18020000
0.91802741 -5.15770000
0.93431382 -5.13920000
0.95060022 -5.12760000
0.96688663 -5.12400000
0.98317305 -5.12630000
0.99945946 -5.13140000
1.01574587 -5.13740000
1.03203228 -5.14310000
1.04831870 -5.14770000
1.06460510 -5.15070000
1.08089151 -5.15480000
1.09717792 -5.14930000
1.11346433 -5.14250000
1.12975075 -5.13240000
1.14603716 -5.12100000
1.16232357 -5.11150000
1.17860997 -5.10820000
1.19489639 -5.11360000
1.21118280 -5.12670000
1.22746921 -5.14510000
1.24375562 -5.16670000
1.26004204 -5.19040000
1.27632845 -5.21560000
1.29261485 -5.24180000
1.30890126 -5.26850000
1.32518768 -5.29560000
1.34147409 -5.32270000
1.35776050 -5.34880000
1.37404691 -5.37610000
1.39033332 -5.40180000
1.40661973 -5.42650000
1.42290614 -5.45000000
1.43919255 -5.47210000
1.45547896 -5.49260000
1.47176538 -5.51130000
1.48805179 -5.52810000
1.50433820 -5.54290000
1.52062460 -5.55580000
1.53691102 -5.56690000
1.55319743 -5.57620000
1.56948384 -5.58400000
1.58577025 -5.59010000
1.60205667 -5.59460000
1.61834308 -5.59730000
1.63462948 -5.59350000
1.65084218 -5.59850000
1.66705486 -5.59920000
1.68326756 -5.60040000
1.69948025 -5.60200000
1.71569294 -5.60390000
1.73190563 -5.57930000
1.74811833 -5.55150000
1.76433101 -5.52410000
1.78054371 -5.49770000
1.79675640 -5.47260000
1.81296909 -5.44930000
1.82918178 -5.42800000
1.84539448 -5.40910000
1.86160716 -5.39280000
1.87781986 -5.37930000
1.89403255 -5.36840000
1.91024524 -5.36010000
1.92645793 -5.35420000
1.94267063 -5.35050000
1.95888331 -5.34850000
1.97509601 -5.34820000
1.99130870 -5.34940000
2.00752139 -5.35200000
2.02373408 -5.35640000
2.03994678 -5.36280000
2.05615946 -5.37230000
2.07237216 -5.38600000
2.08858485 -5.40550000
2.10479754 -5.43210000
2.12101023 -5.46570000
2.13748378 -5.46570000
2.15395733 -5.46560000
2.17043088 -5.46540000
2.18690443 -5.46500000
2.20337797 -5.46440000
2.21985152 -5.46350000
2.23632507 -5.46220000
2.25279862 -5.46040000
2.26927217 -5.45810000
2.28574571 -5.45510000
2.30221926 -5.45150000
2.31869281 -5.44720000
2.33516636 -5.44220000
2.35163991 -5.43650000
2.36811346 -5.43010000
2.38458700 -5.42310000
2.40106055 -5.41540000
2.41753410 -5.40700000
2.43400765 -5.39800000
2.45048120 -5.38840000
2.46695474 -5.37830000
2.48342829 -5.36750000
2.49990184 -5.35640000
2.51637539 -5.34480000
2.53284894 -5.33290000
2.54932249 -5.32110000
2.56579603 -5.30940000
2.58226958 -5.29840000
2.59874313 -5.28870000
2.61521668 -5.28080000
2.63169023 -5.27570000
2.64816377 -5.27390000
2.66445018 -5.27170000
2.68073659 -5.27350000
2.69702301 -5.27810000
2.71330942 -5.28500000
2.72959583 -5.29390000
2.74588223 -5.30450000
2.76216865 -5.31650000
2.77845506 -5.32970000
2.79474147 -5.34400000
2.81102788 -5.35900000
2.82731430 -5.37460000
2.84360071 -5.39050000
2.85988712 -5.40650000
2.87617352 -5.42230000
2.89245994 -5.43770000
2.90874635 -5.45190000
2.92503276 -5.46410000
2.94131917 -5.47150000
2.95760558 -5.47080000
2.97389200 -5.46260000
2.99017840 -5.45010000
3.00646481 -5.43560000
3.02275122 -5.42020000
3.03903764 -5.40480000
3.05532405 -5.38990000
3.07161046 -5.37610000
3.08789687 -5.36390000
3.10418328 -5.35340000
3.12046969 -5.34480000
3.13675610 -5.33810000
3.15304251 -5.33310000
3.16932893 -5.32970000
3.18561534 -5.32770000
3.20190175 -5.32700000
3.21811444 -5.32670000
3.23432713 -5.32560000
3.25053982 -5.32380000
3.26675252 -5.32140000
3.28296520 -5.31840000
3.29917790 -5.31480000
3.31539059 -5.31060000
3.33160328 -5.30590000
3.34781597 -5.30050000
3.36402867 -5.29450000
3.38024135 -5.28780000
3.39645405 -5.28060000
3.41266674 -5.27280000
3.42887943 -5.26470000
3.44509212 -5.25630000
3.46130482 -5.24780000
3.47751750 -5.23930000
3.49373020 -5.23100000
3.50994289 -5.22290000
3.52615558 -5.21500000
3.54236827 -5.20720000
3.55858096 -5.19950000
3.57479365 -5.19170000
3.59100634 -5.18380000
3.60721904 -5.17600000
3.62343172 -5.16860000
3.63964442 -5.16190000
3.65585711 -5.15650000
3.67206980 -5.15300000
3.68828249 -5.15480000

0.00000000 -5.24470000
0.01647355 -5.24920000
0.03294710 -5.24860000
0.04942064 -5.24770000
0.06589419 -5.24640000
0.08236774 -5.24490000
0.09884129 -5.24290000
0.11531484 -5.24030000
0.13178839 -5.23700000
0.14826193 -5.23290000
0.16473548 -5.22820000
0.18120903 -5.22340000
0.19768258 -5.21930000
0.21415613 -5.21710000
0.23062967 -5.21820000
0.24710322 -5.22330000
0.26357677 -5.23260000
0.28005032 -5.24300000
0.29652387 -5.23940000
0.31299741 -5.21690000
0.32947096 -5.18950000
0.34594451 -5.16120000
0.36241806 -5.13300000
0.37889161 -5.10550000
0.39536516 -5.07910000
0.41183870 -5.05420000
0.42831225 -5.03140000
0.44478580 -5.01090000
0.46125935 -4.99320000
0.47773290 -4.97880000
0.49420644 -4.96810000
0.51067999 -4.96150000
0.52715354 -4.95930000
0.54343995 -4.96170000
0.55972636 -4.96870000
0.57601278 -4.97940000
0.59229919 -4.99260000
0.60858559 -5.00700000
0.62487200 -5.02150000
0.64115842 -5.03520000
0.65744483 -5.04730000
0.67373124 -5.05730000
0.69001765 -5.06490000
0.70630407 -5.07030000
0.72259047 -5.07360000
0.73887688 -5.07550000
0.75516329 -5.07660000
0.77144971 -5.07780000
0.78773612 -5.07950000
0.80402253 -5.08140000
0.82030893 -5.08310000
0.83659534 -5.08410000
0.85288176 -5.08420000
0.86916817 -5.08330000
0.88545458 -5.08160000
0.90174099 -5.07930000
0.91802741 -5.07640000
0.93431382 -5.07210000
0.95060022 -5.06380000
0.96688663 -5.05040000
0.98317305 -5.03370000
0.99945946 -5.01630000
1.01574587 -4.99990000
1.03203228 -4.98580000
1.04831870 -4.97500000
1.06460510 -4.96810000
1.08089151 -4.96870000
1.09717792 -4.96760000
1.11346433 -4.97300000
1.12975075 -4.98050000
1.14603716 -4.98850000
1.16232357 -4.99380000
1.17860997 -4.99280000
1.19489639 -4.98320000
1.21118280 -4.96640000
1.22746921 -4.94560000
1.24375562 -4.92370000
1.26004204 -4.91290000
1.27632845 -4.92930000
1.29261485 -4.95130000
1.30890126 -4.97510000
1.32518768 -5.00000000
1.34147409 -5.02550000
1.35776050 -5.05030000
1.37404691 -5.07660000
1.39033332 -5.10150000
1.40661973 -5.12540000
1.42290614 -5.14790000
1.43919255 -5.16870000
1.45547896 -5.18730000
1.47176538 -5.20360000
1.48805179 -5.21730000
1.50433820 -5.22830000
1.52062460 -5.23660000
1.53691102 -5.24240000
1.55319743 -5.24620000
1.56948384 -5.24830000
1.58577025 -5.24920000
1.60205667 -5.24950000
1.61834308 -5.24940000
1.63462948 -5.24470000
1.65084218 -5.24830000
1.66705486 -5.24510000
1.68326756 -5.23970000
1.69948025 -5.23250000
1.71569294 -5.22350000
1.73190563 -5.21310000
1.74811833 -5.20140000
1.76433101 -5.18880000
1.78054371 -5.17560000
1.79675640 -5.16240000
1.81296909 -5.14970000
1.82918178 -5.13820000
1.84539448 -5.12890000
1.86160716 -5.12300000
1.87781986 -5.12150000
1.89403255 -5.12470000
1.91024524 -5.13190000
1.92645793 -5.14180000
1.94267063 -5.15310000
1.95888331 -5.16490000
1.97509601 -5.17650000
1.99130870 -5.18730000
2.00752139 -5.19710000
2.02373408 -5.20540000
2.03994678 -5.21210000
2.05615946 -5.21670000
2.07237216 -5.21870000
2.08858485 -5.21740000
2.10479754 -5.21190000
2.12101023 -5.20070000
2.13748378 -5.20010000
2.15395733 -5.19810000
2.17043088 -5.19460000
2.18690443 -5.18950000
2.20337797 -5.18260000
2.21985152 -5.17380000
2.23632507 -5.16310000
2.25279862 -5.15040000
2.26927217 -5.13590000
2.28574571 -5.11970000
2.30221926 -5.10190000
2.31869281 -5.08280000
2.33516636 -5.06260000
2.35163991 -5.04170000
2.36811346 -5.02050000
2.38458700 -4.99940000
2.40106055 -4.97910000
2.41753410 -4.96030000
2.43400765 -4.94400000
2.45048120 -4.93140000
2.46695474 -4.92380000
2.48342829 -4.92200000
2.49990184 -4.92630000
2.51637539 -4.93570000
2.53284894 -4.94890000
2.54932249 -4.96420000
2.56579603 -4.98040000
2.58226958 -4.99610000
2.59874313 -5.01010000
2.61521668 -5.02130000
2.63169023 -5.02850000
2.64816377 -5.03100000
2.66445018 -5.03250000
2.68073659 -5.03290000
2.69702301 -5.03300000
2.71330942 -5.03320000
2.72959583 -5.03360000
2.74588223 -5.03430000
2.76216865 -5.03550000
2.77845506 -5.03720000
2.79474147 -5.03960000
2.81102788 -5.04280000
2.82731430 -5.04690000
2.84360071 -5.05180000
2.85988712 -5.05740000
2.87617352 -5.06360000
2.89245994 -5.07020000
2.90874635 -5.07700000
2.92503276 -5.08360000
2.94131917 -5.08980000
2.95760558 -5.09520000
2.97389200 -5.09950000
2.99017840 -5.10240000
3.00646481 -5.10360000
3.02275122 -5.10270000
3.03903764 -5.09940000
3.05532405 -5.09330000
3.07161046 -5.08420000
3.08789687 -5.07190000
3.10418328 -5.05650000
3.12046969 -5.03820000
3.13675610 -5.01770000
3.15304251 -4.99550000
3.16932893 -4.97320000
3.18561534 -4.95350000
3.20190175 -4.94420000
3.21811444 -4.95470000
3.23432713 -4.97550000
3.25053982 -4.99760000
3.26675252 -5.01820000
3.28296520 -5.03610000
3.29917790 -5.05080000
3.31539059 -5.06210000
3.33160328 -5.06980000
3.34781597 -5.07420000
3.36402867 -5.07550000
3.38024135 -5.07400000
3.39645405 -5.07030000
3.41266674 -5.06480000
3.42887943 -5.05780000
3.44509212 -5.04970000
3.46130482 -5.04090000
3.47751750 -5.03150000
3.49373020 -5.02180000
3.50994289 -5.01200000
3.52615558 -5.00220000
3.54236827 -4.99270000
3.55858096 -4.98380000
3.57479365 -4.97610000
3.59100634 -4.97010000
3.60721904 -4.96610000
3.62343172 -4.96420000
3.63964442 -4.96390000
3.65585711 -4.96460000
3.67206980 -4.96540000
3.68828249 -4.96870000

0.00000000 -4.85450000
0.01647355 -4.86340000
0.03294710 -4.87200000
0.04942064 -4.88070000
0.06589419 -4.88740000
0.08236774 -4.89170000
0.09884129 -4.89380000
0.11531484 -4.89420000
0.13178839 -4.89390000
0.14826193 -4.89360000
0.16473548 -4.89430000
0.18120903 -4.89630000
0.19768258 -4.89930000
0.21415613 -4.90240000
0.23062967 -4.90420000
0.24710322 -4.90340000
0.26357677 -4.89910000
0.28005032 -4.89140000
0.29652387 -4.88070000
0.31299741 -4.86790000
0.32947096 -4.85400000
0.34594451 -4.83990000
0.36241806 -4.82660000
0.37889161 -4.81480000
0.39536516 -4.80490000
0.41183870 -4.79730000
0.42831225 -4.79210000
0.44478580 -4.78900000
0.46125935 -4.78760000
0.47773290 -4.78750000
0.49420644 -4.78790000
0.51067999 -4.78850000
0.52715354 -4.78870000
0.54343995 -4.79180000
0.55972636 -4.80070000
0.57601278 -4.81420000
0.59229919 -4.83100000
0.60858559 -4.84990000
0.62487200 -4.86990000
0.64115842 -4.89040000
0.65744483 -4.91060000
0.67373124 -4.93020000
0.69001765 -4.94850000
0.70630407 -4.96520000
0.72259047 -4.97970000
0.73887688 -4.99140000
0.75516329 -4.99980000
0.77144971 -5.00420000
0.78773612 -5.00460000
0.80402253 -5.00150000
0.82030893 -4.99610000
0.83659534 -4.98960000
0.85288176 -4.98320000
0.86916817 -4.97750000
0.88545458 -4.97290000
0.90174099 -4.96870000
0.91802741 -4.96360000
0.93431382 -4.95640000
0.95060022 -4.94610000
0.96688663 -4.93270000
0.98317305 -4.91650000
0.99945946 -4.89830000
1.01574587 -4.87900000
1.03203228 -4.85990000
1.04831870 -4.84280000
1.06460510 -4.83020000
1.08089151 -4.82850000
1.09717792 -4.82510000
1.11346433 -4.82430000
1.12975075 -4.82390000
1.14603716 -4.82490000
1.16232357 -4.82800000
1.17860997 -4.83380000
1.19489639 -4.84250000
1.21118280 -4.85400000
1.22746921 -4.86800000
1.24375562 -4.88350000
1.26004204 -4.88950000
1.27632845 -4.87050000
1.29261485 -4.84850000
1.30890126 -4.82760000
1.32518768 -4.80880000
1.34147409 -4.79290000
1.35776050 -4.77950000
1.37404691 -4.77190000
1.39033332 -4.76770000
1.40661973 -4.76770000
1.42290614 -4.77160000
1.43919255 -4.77860000
1.45547896 -4.78800000
1.47176538 -4.79890000
1.48805179 -4.81040000
1.50433820 -4.82180000
1.52062460 -4.83250000
1.53691102 -4.84180000
1.55319743 -4.84930000
1.56948384 -4.85480000
1.58577025 -4.85800000
1.60205667 -4.85930000
1.61834308 -4.85940000
1.63462948 -4.85450000
1.65084218 -4.86000000
1.66705486 -4.86210000
1.68326756 -4.86550000
1.69948025 -4.87000000
1.71569294 -4.87530000
1.73190563 -4.88110000
1.74811833 -4.88730000
1.76433101 -4.89330000
1.78054371 -4.89880000
1.79675640 -4.91220000
1.81296909 -4.92860000
1.82918178 -4.94350000
1.84539448 -4.95600000
1.86160716 -4.96480000
1.87781986 -4.96880000
1.89403255 -4.96780000
1.91024524 -4.96240000
1.92645793 -4.95390000
1.94267063 -4.94340000
1.95888331 -4.93190000
1.97509601 -4.92010000
1.99130870 -4.90840000
2.00752139 -4.94980000
2.02373408 -4.99550000
2.03994678 -5.04060000
2.05615946 -5.08370000
2.07237216 -5.12300000
2.08858485 -5.15650000
2.10479754 -5.18250000
2.12101023 -5.20070000
2.13748378 -5.20010000
2.15395733 -5.19810000
2.17043088 -5.19460000
2.18690443 -5.18950000
2.20337797 -5.18260000
2.21985152 -5.17380000
2.23632507 -5.16310000
2.25279862 -5.15040000
2.26927217 -5.13590000
2.28574571 -5.11970000
2.30221926 -5.10190000
2.31869281 -5.08280000
2.33516636 -5.06260000
2.35163991 -5.04170000
2.36811346 -5.02050000
2.38458700 -4.99940000
2.40106055 -4.97910000
2.41753410 -4.96030000
2.43400765 -4.94400000
2.45048120 -4.93140000
2.46695474 -4.92380000
2.48342829 -4.92200000
2.49990184 -4.92630000
2.51637539 -4.93570000
2.53284894 -4.94890000
2.54932249 -4.96420000
2.56579603 -4.98040000
2.58226958 -4.99610000
2.59874313 -5.01010000
2.61521668 -5.02130000
2.63169023 -5.02850000
2.64816377 -5.03100000
2.66445018 -5.02580000
2.68073659 -5.01530000
2.69702301 -5.00060000
2.71330942 -4.98350000
2.72959583 -4.96580000
2.74588223 -4.94860000
2.76216865 -4.93280000
2.77845506 -4.91890000
2.79474147 -4.90720000
2.81102788 -4.89750000
2.82731430 -4.88950000
2.84360071 -4.88290000
2.85988712 -4.87690000
2.87617352 -4.87120000
2.89245994 -4.86530000
2.90874635 -4.85890000
2.92503276 -4.85170000
2.94131917 -4.84350000
2.95760558 -4.83430000
2.97389200 -4.82430000
2.99017840 -4.81350000
3.00646481 -4.80250000
3.02275122 -4.79180000
3.03903764 -4.78240000
3.05532405 -4.77580000
3.07161046 -4.77320000
3.08789687 -4.77560000
3.10418328 -4.78330000
3.12046969 -4.79570000
3.13675610 -4.81190000
3.15304251 -4.83090000
3.16932893 -4.85110000
3.18561534 -4.86950000
3.20190175 -4.87830000
3.21811444 -4.86690000
3.23432713 -4.84340000
3.25053982 -4.81680000
3.26675252 -4.79020000
3.28296520 -4.76530000
3.29917790 -4.74340000
3.31539059 -4.72580000
3.33160328 -4.71470000
3.34781597 -4.71190000
3.36402867 -4.71740000
3.38024135 -4.72900000
3.39645405 -4.74370000
3.41266674 -4.75980000
3.42887943 -4.77610000
3.44509212 -4.79200000
3.46130482 -4.80670000
3.47751750 -4.81990000
3.49373020 -4.83120000
3.50994289 -4.84060000
3.52615558 -4.84780000
3.54236827 -4.85300000
3.55858096 -4.85610000
3.57479365 -4.85700000
3.59100634 -4.85560000
3.60721904 -4.85190000
3.62343172 -4.84610000
3.63964442 -4.83920000
3.65585711 -4.83240000
3.67206980 -4.82740000
3.68828249 -4.82850000

0.00000000 -4.79550000
0.01647355 -4.79370000
0.03294710 -4.77800000
0.04942064 -4.75790000
0.06589419 -4.73570000
0.08236774 -4.71290000
0.09884129 -4.69050000
0.11531484 -4.66960000
0.13178839 -4.65150000
0.14826193 -4.63700000
0.16473548 -4.62620000
0.18120903 -4.61790000
0.19768258 -4.61030000
0.21415613 -4.60250000
0.23062967 -4.59420000
0.24710322 -4.58560000
0.26357677 -4.57730000
0.28005032 -4.56980000
0.29652387 -4.56390000
0.31299741 -4.55980000
0.32947096 -4.55820000
0.34594451 -4.55930000
0.36241806 -4.56350000
0.37889161 -4.57100000
0.39536516 -4.58150000
0.41183870 -4.59430000
0.42831225 -4.60830000
0.44478580 -4.62240000
0.46125935 -4.63550000
0.47773290 -4.64680000
0.49420644 -4.65540000
0.51067999 -4.66080000
0.52715354 -4.66260000
0.54343995 -4.66270000
0.55972636 -4.66310000
0.57601278 -4.66410000
0.59229919 -4.66600000
0.60858559 -4.66910000
0.62487200 -4.67350000
0.64115842 -4.67900000
0.65744483 -4.68570000
0.67373124 -4.69360000
0.69001765 -4.70240000
0.70630407 -4.71220000
0.72259047 -4.72270000
0.73887688 -4.73380000
0.75516329 -4.74530000
0.77144971 -4.75690000
0.78773612 -4.76820000
0.80402253 -4.77880000
0.82030893 -4.78800000
0.83659534 -4.79510000
0.85288176 -4.79930000
0.86916817 -4.79960000
0.88545458 -4.79570000
0.90174099 -4.78760000
0.91802741 -4.77610000
0.93431382 -4.76190000
0.95060022 -4.74620000
0.96688663 -4.72980000
0.98317305 -4.71360000
0.99945946 -4.69850000
1.01574587 -4.68540000
1.03203228 -4.67540000
1.04831870 -4.66990000
1.06460510 -4.66920000
1.08089151 -4.67300000
1.09717792 -4.66830000
1.11346433 -4.66310000
1.12975075 -4.65470000
1.14603716 -4.64340000
1.16232357 -4.62990000
1.17860997 -4.61470000
1.19489639 -4.59880000
1.21118280 -4.58290000
1.22746921 -4.56750000
1.24375562 -4.55330000
1.26004204 -4.54130000
1.27632845 -4.53280000
1.29261485 -4.52840000
1.30890126 -4.52820000
1.32518768 -4.53150000
1.34147409 -4.53710000
1.35776050 -4.54350000
1.37404691 -4.55280000
1.39033332 -4.56220000
1.40661973 -4.57300000
1.42290614 -4.58560000
1.43919255 -4.60040000
1.45547896 -4.61740000
1.47176538 -4.63610000
1.48805179 -4.65630000
1.50433820 -4.67720000
1.52062460 -4.69850000
1.53691102 -4.71950000
1.55319743 -4.73960000
1.56948384 -4.75830000
1.58577025 -4.77480000
1.60205667 -4.78810000
1.61834308 -4.79700000
1.63462948 -4.79550000
1.65084218 -4.80170000
1.66705486 -4.80590000
1.68326756 -4.81290000
1.69948025 -4.82230000
1.71569294 -4.83390000
1.73190563 -4.84740000
1.74811833 -4.86250000
1.76433101 -4.87860000
1.78054371 -4.89540000
1.79675640 -4.90340000
1.81296909 -4.90690000
1.82918178 -4.90900000
1.84539448 -4.90930000
1.86160716 -4.90780000
1.87781986 -4.90450000
1.89403255 -4.89960000
1.91024524 -4.89330000
1.92645793 -4.88620000
1.94267063 -4.87870000
1.95888331 -4.87220000
1.97509601 -4.87340000
1.99130870 -4.90550000
2.00752139 -4.89710000
2.02373408 -4.88630000
2.03994678 -4.87630000
2.05615946 -4.86720000
2.07237216 -4.85890000
2.08858485 -4.85180000
2.10479754 -4.84570000
2.12101023 -4.84080000
2.13748378 -4.83880000
2.15395733 -4.83300000
2.17043088 -4.82350000
2.18690443 -4.81090000
2.20337797 -4.79560000
2.21985152 -4.77820000
2.23632507 -4.75950000
2.25279862 -4.74010000
2.26927217 -4.72060000
2.28574571 -4.70190000
2.30221926 -4.68490000
2.31869281 -4.67020000
2.33516636 -4.65890000
2.35163991 -4.65150000
2.36811346 -4.64840000
2.38458700 -4.64950000
2.40106055 -4.65410000
2.41753410 -4.66090000
2.43400765 -4.66840000
2.45048120 -4.67470000
2.46695474 -4.67800000
2.48342829 -4.67700000
2.49990184 -4.67110000
2.51637539 -4.66080000
2.53284894 -4.64720000
2.54932249 -4.63150000
2.56579603 -4.61490000
2.58226958 -4.59830000
2.59874313 -4.58280000
2.61521668 -4.56970000
2.63169023 -4.56070000
2.64816377 -4.55740000
2.66445018 -4.57280000
2.68073659 -4.58840000
2.69702301 -4.60390000
2.71330942 -4.61880000
2.72959583 -4.63280000
2.74588223 -4.64550000
2.76216865 -4.65650000
2.77845506 -4.66560000
2.79474147 -4.67270000
2.81102788 -4.67780000
2.82731430 -4.68100000
2.84360071 -4.68260000
2.85988712 -4.68290000
2.87617352 -4.68220000
2.89245994 -4.68080000
2.90874635 -4.67890000
2.92503276 -4.67670000
2.94131917 -4.67430000
2.95760558 -4.67180000
2.97389200 -4.66930000
2.99017840 -4.66680000
3.00646481 -4.66430000
3.02275122 -4.66160000
3.03903764 -4.65810000
3.05532405 -4.65320000
3.07161046 -4.64600000
3.08789687 -4.63630000
3.10418328 -4.62420000
3.12046969 -4.61070000
3.13675610 -4.59700000
3.15304251 -4.58440000
3.16932893 -4.57410000
3.18561534 -4.56730000
3.20190175 -4.56490000
3.21811444 -4.56640000
3.23432713 -4.57070000
3.25053982 -4.57730000
3.26675252 -4.58590000
3.28296520 -4.59580000
3.29917790 -4.60650000
3.31539059 -4.61690000
3.33160328 -4.62520000
3.34781597 -4.62960000
3.36402867 -4.62980000
3.38024135 -4.62790000
3.39645405 -4.62580000
3.41266674 -4.62450000
3.42887943 -4.62450000
3.44509212 -4.62550000
3.46130482 -4.62730000
3.47751750 -4.62970000
3.49373020 -4.63240000
3.50994289 -4.63510000
3.52615558 -4.63760000
3.54236827 -4.63960000
3.55858096 -4.64110000
3.57479365 -4.64200000
3.59100634 -4.64270000
3.60721904 -4.64390000
3.62343172 -4.64680000
3.63964442 -4.65290000
3.65585711 -4.66090000
3.67206980 -4.66750000
3.68828249 -4.67300000

0.00000000 -4.43530000
0.01647355 -4.44190000
0.03294710 -4.44730000
0.04942064 -4.45570000
0.06589419 -4.46610000
0.08236774 -4.47760000
0.09884129 -4.48880000
0.11531484 -4.49800000
0.13178839 -4.50350000
0.14826193 -4.50390000
0.16473548 -4.49870000
0.18120903 -4.48930000
0.19768258 -4.47780000
0.21415613 -4.46660000
0.23062967 -4.45740000
0.24710322 -4.45170000
0.26357677 -4.45020000
0.28005032 -4.45310000
0.29652387 -4.45990000
0.31299741 -4.46980000
0.32947096 -4.48160000
0.34594451 -4.49430000
0.36241806 -4.50670000
0.37889161 -4.51790000
0.39536516 -4.52720000
0.41183870 -4.53440000
0.42831225 -4.53960000
0.44478580 -4.54290000
0.46125935 -4.54450000
0.47773290 -4.54480000
0.49420644 -4.54420000
0.51067999 -4.54340000
0.52715354 -4.54310000
0.54343995 -4.54020000
0.55972636 -4.53200000
0.57601278 -4.51950000
0.59229919 -4.50400000
0.60858559 -4.48670000
0.62487200 -4.46850000
0.64115842 -4.45030000
0.65744483 -4.43250000
0.67373124 -4.41560000
0.69001765 -4.39970000
0.70630407 -4.38520000
0.72259047 -4.37200000
0.73887688 -4.36040000
0.75516329 -4.35040000
0.77144971 -4.34230000
0.78773612 -4.33620000
0.80402253 -4.33240000
0.82030893 -4.33130000
0.83659534 -4.33350000
0.85288176 -4.33990000
0.86916817 -4.35090000
0.88545458 -4.36630000
0.90174099 -4.38550000
0.91802741 -4.40750000
0.93431382 -4.43180000
0.95060022 -4.45770000
0.96688663 -4.48490000
0.98317305 -4.51270000
0.99945946 -4.54030000
1.01574587 -4.56680000
1.03203228 -4.59050000
1.04831870 -4.60890000
1.06460510 -4.61940000
1.08089151 -4.62540000
1.09717792 -4.62170000
1.11346433 -4.61920000
1.12975075 -4.61500000
1.14603716 -4.60860000
1.16232357 -4.59960000
1.17860997 -4.58790000
1.19489639 -4.57320000
1.21118280 -4.55590000
1.22746921 -4.53670000
1.24375562 -4.51630000
1.26004204 -4.49550000
1.27632845 -4.47490000
1.29261485 -4.45640000
1.30890126 -4.44670000
1.32518768 -4.44630000
1.34147409 -4.44940000
1.35776050 -4.45320000
1.37404691 -4.45930000
1.39033332 -4.46440000
1.40661973 -4.46840000
1.42290614 -4.47070000
1.43919255 -4.47100000
1.45547896 -4.46950000
1.47176538 -4.46670000
1.48805179 -4.46300000
1.50433820 -4.45910000
1.52062460 -4.45510000
1.53691102 -4.45130000
1.55319743 -4.44800000
1.56948384 -4.44520000
1.58577025 -4.44300000
1.60205667 -4.44130000
1.61834308 -4.44040000
1.63462948 -4.43530000
1.65084218 -4.44040000
1.66705486 -4.44140000
1.68326756 -4.44330000
1.69948025 -4.44620000
1.71569294 -4.45040000
1.73190563 -4.45610000
1.74811833 -4.46370000
1.76433101 -4.47350000
1.78054371 -4.48570000
1.79675640 -4.50060000
1.81296909 -4.51840000
1.82918178 -4.53920000
1.84539448 -4.56300000
1.86160716 -4.59000000
1.87781986 -4.61990000
1.89403255 -4.65270000
1.91024524 -4.68820000
1.92645793 -4.72620000
1.94267063 -4.76620000
1.95888331 -4.80710000
1.97509601 -4.84240000
1.99130870 -4.84860000
2.00752139 -4.84450000
2.02373408 -4.84010000
2.03994678 -4.83680000
2.05615946 -4.83470000
2.07237216 -4.83410000
2.08858485 -4.83500000
2.10479754 -4.83720000
2.12101023 -4.84080000
2.13748378 -4.83880000
2.15395733 -4.83300000
2.17043088 -4.82350000
2.18690443 -4.81090000
2.20337797 -4.79560000
2.21985152 -4.77820000
2.23632507 -4.75950000
2.25279862 -4.74010000
2.26927217 -4.72060000
2.28574571 -4.70190000
2.30221926 -4.68490000
2.31869281 -4.67020000
2.33516636 -4.65890000
2.35163991 -4.65150000
2.36811346 -4.64840000
2.38458700 -4.64950000
2.40106055 -4.65410000
2.41753410 -4.66090000
2.43400765 -4.66840000
2.45048120 -4.67470000
2.46695474 -4.67800000
2.48342829 -4.67700000
2.49990184 -4.67110000
2.51637539 -4.66080000
2.53284894 -4.64720000
2.54932249 -4.63150000
2.56579603 -4.61490000
2.58226958 -4.59830000
2.59874313 -4.58280000
2.61521668 -4.56970000
2.63169023 -4.56070000
2.64816377 -4.55740000
2.66445018 -4.54270000
2.68073659 -4.52930000
2.69702301 -4.51740000
2.71330942 -4.50710000
2.72959583 -4.49820000
2.74588223 -4.49030000
2.76216865 -4.48280000
2.77845506 -4.47540000
2.79474147 -4.46770000
2.81102788 -4.45980000
2.82731430 -4.45190000
2.84360071 -4.44440000
2.85988712 -4.43790000
2.87617352 -4.43300000
2.89245994 -4.43010000
2.90874635 -4.42920000
2.92503276 -4.43020000
2.94131917 -4.43280000
2.95760558 -4.43700000
2.97389200 -4.44240000
2.99017840 -4.44880000
3.00646481 -4.45610000
3.02275122 -4.46380000
3.03903764 -4.47180000
3.05532405 -4.47950000
3.07161046 -4.48670000
3.08789687 -4.49310000
3.10418328 -4.49840000
3.12046969 -4.50270000
3.13675610 -4.50610000
3.15304251 -4.50850000
3.16932893 -4.51020000
3.18561534 -4.51120000
3.20190175 -4.51160000
3.21811444 -4.51120000
3.23432713 -4.51000000
3.25053982 -4.50850000
3.26675252 -4.50670000
3.28296520 -4.50480000
3.29917790 -4.50290000
3.31539059 -4.50100000
3.33160328 -4.49910000
3.34781597 -4.49720000
3.36402867 -4.49550000
3.38024135 -4.49400000
3.39645405 -4.49300000
3.41266674 -4.49270000
3.42887943 -4.49330000
3.44509212 -4.49500000
3.46130482 -4.49800000
3.47751750 -4.50250000
3.49373020 -4.50870000
3.50994289 -4.51680000
3.52615558 -4.52680000
3.54236827 -4.53890000
3.55858096 -4.55260000
3.57479365 -4.56770000
3.59100634 -4.58330000
3.60721904 -4.59830000
3.62343172 -4.61070000
3.63964442 -4.61820000
3.65585711 -4.62130000
3.67206980 -4.62230000
3.68828249 -4.62540000

0.00000000 -4.21500000
0.01647355 -4.21950000
0.03294710 -4.21850000
0.04942064 -4.21710000
0.06589419 -4.21540000
0.08236774 -4.21350000
0.09884129 -4.21140000
0.11531484 -4.20930000
0.13178839 -4.20720000
0.14826193 -4.20550000
0.16473548 -4.20600000
0.18120903 -4.21430000
0.19768258 -4.22570000
0.21415613 -4.23780000
0.23062967 -4.25020000
0.24710322 -4.26290000
0.26357677 -4.27650000
0.28005032 -4.29160000
0.29652387 -4.30860000
0.31299741 -4.32740000
0.32947096 -4.34760000
0.34594451 -4.36850000
0.36241806 -4.38930000
0.37889161 -4.40940000
0.39536516 -4.42820000
0.41183870 -4.44530000
0.42831225 -4.46070000
0.44478580 -4.47420000
0.46125935 -4.48580000
0.47773290 -4.49550000
0.49420644 -4.50300000
0.51067999 -4.50790000
0.52715354 -4.50970000
0.54343995 -4.50750000
0.55972636 -4.50120000
0.57601278 -4.49130000
0.59229919 -4.47830000
0.60858559 -4.46310000
0.62487200 -4.44640000
0.64115842 -4.42860000
0.65744483 -4.41050000
0.67373124 -4.39240000
0.69001765 -4.37490000
0.70630407 -4.35830000
0.72259047 -4.34290000
0.73887688 -4.32910000
0.75516329 -4.31720000
0.77144971 -4.30750000
0.78773612 -4.30050000
0.80402253 -4.29670000
0.82030893 -4.29630000
0.83659534 -4.29910000
0.85288176 -4.30390000
0.86916817 -4.30970000
0.88545458 -4.31610000
0.90174099 -4.32300000
0.91802741 -4.33080000
0.93431382 -4.33950000
0.95060022 -4.34900000
0.96688663 -4.35910000
0.98317305 -4.36960000
0.99945946 -4.38000000
1.01574587 -4.38980000
1.03203228 -4.39820000
1.04831870 -4.40480000
1.06460510 -4.40900000
1.08089151 -4.41350000
1.09717792 -4.41050000
1.11346433 -4.41080000
1.12975075 -4.41130000
1.14603716 -4.41210000
1.16232357 -4.41330000
1.17860997 -4.41500000
1.19489639 -4.41720000
1.21118280 -4.41990000
1.22746921 -4.42280000
1.24375562 -4.42590000
1.26004204 -4.42850000
1.27632845 -4.43020000
1.29261485 -4.42900000
1.30890126 -4.41920000
1.32518768 -4.40070000
1.34147409 -4.38000000
1.35776050 -4.35830000
1.37404691 -4.33910000
1.39033332 -4.32030000
1.40661973 -4.30330000
1.42290614 -4.28850000
1.43919255 -4.27630000
1.45547896 -4.26640000
1.47176538 -4.25830000
1.48805179 -4.25160000
1.50433820 -4.24560000
1.52062460 -4.24020000
1.53691102 -4.23530000
1.55319743 -4.23090000
1.56948384 -4.22710000
1.58577025 -4.22400000
1.60205667 -4.22170000
1.61834308 -4.22030000
1.63462948 -4.21500000
1.65084218 -4.21990000
1.66705486 -4.22030000
1.68326756 -4.22120000
1.69948025 -4.22270000
1.71569294 -4.22510000
1.73190563 -4.22860000
1.74811833 -4.23310000
1.76433101 -4.23890000
1.78054371 -4.24560000
1.79675640 -4.25310000
1.81296909 -4.26120000
1.82918178 -4.26950000
1.84539448 -4.27790000
1.86160716 -4.28600000
1.87781986 -4.29360000
1.89403255 -4.30040000
1.91024524 -4.30620000
1.92645793 -4.31080000
1.94267063 -4.31400000
1.95888331 -4.31580000
1.97509601 -4.31600000
1.99130870 -4.31450000
2.00752139 -4.31150000
2.02373408 -4.30700000
2.03994678 -4.30110000
2.05615946 -4.29390000
2.07237216 -4.28570000
2.08858485 -4.27670000
2.10479754 -4.26720000
2.12101023 -4.25740000
2.13748378 -4.25830000
2.15395733 -4.26090000
2.17043088 -4.26520000
2.18690443 -4.27110000
2.20337797 -4.27850000
2.21985152 -4.28720000
2.23632507 -4.29710000
2.25279862 -4.30770000
2.26927217 -4.31890000
2.28574571 -4.33020000
2.30221926 -4.34100000
2.31869281 -4.35080000
2.33516636 -4.35890000
2.35163991 -4.36480000
2.36811346 -4.36830000
2.38458700 -4.36940000
2.40106055 -4.36870000
2.41753410 -4.36700000
2.43400765 -4.36520000
2.45048120 -4.36410000
2.46695474 -4.36430000
2.48342829 -4.36620000
2.49990184 -4.36990000
2.51637539 -4.37550000
2.53284894 -4.38270000
2.54932249 -4.39140000
2.56579603 -4.40110000
2.58226958 -4.41150000
2.59874313 -4.42190000
2.61521668 -4.43120000
2.63169023 -4.43790000
2.64816377 -4.44040000
2.66445018 -4.44170000
2.68073659 -4.44150000
2.69702301 -4.43990000
2.71330942 -4.43710000
2.72959583 -4.43330000
2.74588223 -4.42870000
2.76216865 -4.42370000
2.77845506 -4.41820000
2.79474147 -4.41260000
2.81102788 -4.40680000
2.82731430 -4.40070000
2.84360071 -4.39400000
2.85988712 -4.38660000
2.87617352 -4.37810000
2.89245994 -4.36850000
2.90874635 -4.35810000
2.92503276 -4.34740000
2.94131917 -4.33680000
2.95760558 -4.32680000
2.97389200 -4.31780000
2.99017840 -4.31030000
3.00646481 -4.30450000
3.02275122 -4.30080000
3.03903764 -4.29930000
3.05532405 -4.29980000
3.07161046 -4.30210000
3.08789687 -4.30610000
3.10418328 -4.31130000
3.12046969 -4.31750000
3.13675610 -4.32400000
3.15304251 -4.33030000
3.16932893 -4.33570000
3.18561534 -4.33940000
3.20190175 -4.34070000
3.21811444 -4.34060000
3.23432713 -4.34040000
3.25053982 -4.34000000
3.26675252 -4.33950000
3.28296520 -4.33870000
3.29917790 -4.33780000
3.31539059 -4.33660000
3.33160328 -4.33530000
3.34781597 -4.33400000
3.36402867 -4.33290000
3.38024135 -4.33220000
3.39645405 -4.33230000
3.41266674 -4.33330000
3.42887943 -4.33550000
3.44509212 -4.33890000
3.46130482 -4.34360000
3.47751750 -4.34950000
3.49373020 -4.35630000
3.50994289 -4.36370000
3.52615558 -4.37130000
3.54236827 -4.37860000
3.55858096 -4.38530000
3.57479365 -4.39130000
3.59100634 -4.39640000
3.60721904 -4.40070000
3.62343172 -4.40420000
3.63964442 -4.40690000
3.65585711 -4.40890000
3.67206980 -4.41010000
3.68828249 -4.41350000

0.00000000 -4.13200000
0.01647355 -4.13740000
0.03294710 -4.13930000
0.04942064 -4.14260000
0.06589419 -4.14730000
0.08236774 -4.15330000
0.09884129 -4.16050000
0.11531484 -4.16890000
0.13178839 -4.17820000
0.14826193 -4.18810000
0.16473548 -4.19620000
0.18120903 -4.19700000
0.19768258 -4.19490000
0.21415613 -4.19210000
0.23062967 -4.18910000
0.24710322 -4.18590000
0.26357677 -4.18250000
0.28005032 -4.17900000
0.29652387 -4.17510000
0.31299741 -4.17110000
0.32947096 -4.16740000
0.34594451 -4.16400000
0.36241806 -4.16090000
0.37889161 -4.15800000
0.39536516 -4.15540000
0.41183870 -4.15310000
0.42831225 -4.15100000
0.44478580 -4.14920000
0.46125935 -4.14770000
0.47773290 -4.14650000
0.49420644 -4.14570000
0.51067999 -4.14520000
0.52715354 -4.14500000
0.54343995 -4.14510000
0.55972636 -4.14530000
0.57601278 -4.14570000
0.59229919 -4.14620000
0.60858559 -4.14680000
0.62487200 -4.14750000
0.64115842 -4.14840000
0.65744483 -4.14930000
0.67373124 -4.15030000
0.69001765 -4.15140000
0.70630407 -4.15290000
0.72259047 -4.15520000
0.73887688 -4.15940000
0.75516329 -4.16510000
0.77144971 -4.17150000
0.78773612 -4.17760000
0.80402253 -4.18290000
0.82030893 -4.18670000
0.83659534 -4.18880000
0.85288176 -4.18950000
0.86916817 -4.18990000
0.88545458 -4.19210000
0.90174099 -4.19910000
0.91802741 -4.21050000
0.93431382 -4.22430000
0.95060022 -4.23930000
0.96688663 -4.25450000
0.98317305 -4.26920000
0.99945946 -4.28290000
1.01574587 -4.29510000
1.03203228 -4.30530000
1.04831870 -4.31300000
1.06460510 -4.31780000
1.08089151 -4.32250000
1.09717792 -4.31980000
1.11346433 -4.32100000
1.12975075 -4.32280000
1.14603716 -4.32510000
1.16232357 -4.32760000
1.17860997 -4.33000000
1.19489639 -4.33220000
1.21118280 -4.33360000
1.22746921 -4.33410000
1.24375562 -4.33300000
1.26004204 -4.32990000
1.27632845 -4.32430000
1.29261485 -4.31590000
1.30890126 -4.30470000
1.32518768 -4.29130000
1.34147409 -4.27660000
1.35776050 -4.26080000
1.37404691 -4.24830000
1.39033332 -4.23780000
1.40661973 -4.23020000
1.42290614 -4.22320000
1.43919255 -4.21530000
1.45547896 -4.20600000
1.47176538 -4.19590000
1.48805179 -4.18560000
1.50433820 -4.17560000
1.52062460 -4.16640000
1.53691102 -4.15830000
1.55319743 -4.15130000
1.56948384 -4.14560000
1.58577025 -4.14120000
1.60205667 -4.13820000
1.61834308 -4.13680000
1.63462948 -4.13200000
1.65084218 -4.13650000
1.66705486 -4.13570000
1.68326756 -4.13530000
1.69948025 -4.13550000
1.71569294 -4.13590000
1.73190563 -4.13670000
1.74811833 -4.13800000
1.76433101 -4.14030000
1.78054371 -4.14370000
1.79675640 -4.14810000
1.81296909 -4.15310000
1.82918178 -4.15840000
1.84539448 -4.16380000
1.86160716 -4.16910000
1.87781986 -4.17400000
1.89403255 -4.17870000
1.91024524 -4.18290000
1.92645793 -4.18680000
1.94267063 -4.19050000
1.95888331 -4.19390000
1.97509601 -4.19730000
1.99130870 -4.20080000
2.00752139 -4.20480000
2.02373408 -4.20960000
2.03994678 -4.21520000
2.05615946 -4.22190000
2.07237216 -4.22970000
2.08858485 -4.23840000
2.10479754 -4.24770000
2.12101023 -4.25740000
2.13748378 -4.25830000
2.15395733 -4.26090000
2.17043088 -4.26520000
2.18690443 -4.27110000
2.20337797 -4.27850000
2.21985152 -4.28720000
2.23632507 -4.29710000
2.25279862 -4.30770000
2.26927217 -4.31890000
2.28574571 -4.33020000
2.30221926 -4.34100000
2.31869281 -4.35080000
2.33516636 -4.35890000
2.35163991 -4.36480000
2.36811346 -4.36830000
2.38458700 -4.36940000
2.40106055 -4.36870000
2.41753410 -4.36700000
2.43400765 -4.36520000
2.45048120 -4.36410000
2.46695474 -4.36430000
2.48342829 -4.36620000
2.49990184 -4.36990000
2.51637539 -4.37550000
2.53284894 -4.38270000
2.54932249 -4.39140000
2.56579603 -4.40110000
2.58226958 -4.41150000
2.59874313 -4.42190000
2.61521668 -4.43120000
2.63169023 -4.43790000
2.64816377 -4.44040000
2.66445018 -4.43740000
2.68073659 -4.43240000
2.69702301 -4.42540000
2.71330942 -4.41640000
2.72959583 -4.40560000
2.74588223 -4.39340000
2.76216865 -4.38030000
2.77845506 -4.36660000
2.79474147 -4.35280000
2.81102788 -4.33910000
2.82731430 -4.32570000
2.84360071 -4.31270000
2.85988712 -4.30020000
2.87617352 -4.28830000
2.89245994 -4.27710000
2.90874635 -4.26680000
2.92503276 -4.25730000
2.94131917 -4.24860000
2.95760558 -4.24090000
2.97389200 -4.23390000
2.99017840 -4.22750000
3.00646481 -4.22160000
3.02275122 -4.21590000
3.03903764 -4.21040000
3.05532405 -4.20490000
3.07161046 -4.19960000
3.08789687 -4.19460000
3.10418328 -4.19000000
3.12046969 -4.18600000
3.13675610 -4.18270000
3.15304251 -4.18020000
3.16932893 -4.17850000
3.18561534 -4.17750000
3.20190175 -4.17720000
3.21811444 -4.17730000
3.23432713 -4.17760000
3.25053982 -4.17800000
3.26675252 -4.17850000
3.28296520 -4.17910000
3.29917790 -4.17960000
3.31539059 -4.18000000
3.33160328 -4.18030000
3.34781597 -4.18070000
3.36402867 -4.18190000
3.38024135 -4.18540000
3.39645405 -4.19110000
3.41266674 -4.19820000
3.42887943 -4.20620000
3.44509212 -4.21480000
3.46130482 -4.22380000
3.47751750 -4.23300000
3.49373020 -4.24230000
3.50994289 -4.25140000
3.52615558 -4.26040000
3.54236827 -4.26930000
3.55858096 -4.27780000
3.57479365 -4.28600000
3.59100634 -4.29370000
3.60721904 -4.30080000
3.62343172 -4.30710000
3.63964442 -4.31230000
3.65585711 -4.31620000
3.67206980 -4.31860000
3.68828249 -4.32250000

0.00000000 -4.13040000
0.01647355 -4.13530000
0.03294710 -4.13550000
0.04942064 -4.13580000
0.06589419 -4.13610000
0.08236774 -4.13640000
0.09884129 -4.13670000
0.11531484 -4.13700000
0.13178839 -4.13730000
0.14826193 -4.13770000
0.16473548 -4.13840000
0.18120903 -4.13980000
0.19768258 -4.14230000
0.21415613 -4.14630000
0.23062967 -4.15180000
0.24710322 -4.15740000
0.26357677 -4.16170000
0.28005032 -4.16320000
0.29652387 -4.16170000
0.31299741 -4.15720000
0.32947096 -4.15020000
0.34594451 -4.14160000
0.36241806 -4.13210000
0.37889161 -4.12250000
0.39536516 -4.11330000
0.41183870 -4.10660000
0.42831225 -4.10420000
0.44478580 -4.10320000
0.46125935 -4.10260000
0.47773290 -4.10220000
0.49420644 -4.10200000
0.51067999 -4.10190000
0.52715354 -4.10180000
0.54343995 -4.10240000
0.55972636 -4.10390000
0.57601278 -4.10620000
0.59229919 -4.10920000
0.60858559 -4.11270000
0.62487200 -4.11670000
0.64115842 -4.12100000
0.65744483 -4.12560000
0.67373124 -4.13060000
0.69001765 -4.13590000
0.70630407 -4.14120000
0.72259047 -4.14600000
0.73887688 -4.14930000
0.75516329 -4.15110000
0.77144971 -4.15230000
0.78773612 -4.15340000
0.80402253 -4.15460000
0.82030893 -4.15630000
0.83659534 -4.15870000
0.85288176 -4.16240000
0.86916817 -4.16710000
0.88545458 -4.17170000
0.90174099 -4.17370000
0.91802741 -4.17330000
0.93431382 -4.17200000
0.95060022 -4.17040000
0.96688663 -4.16900000
0.98317305 -4.16780000
0.99945946 -4.16680000
1.01574587 -4.16600000
1.03203228 -4.16540000
1.04831870 -4.16500000
1.06460510 -4.16470000
1.08089151 -4.16770000
1.09717792 -4.16470000
1.11346433 -4.16470000
1.12975075 -4.16490000
1.14603716 -4.16530000
1.16232357 -4.16620000
1.17860997 -4.16770000
1.19489639 -4.17000000
1.21118280 -4.17310000
1.22746921 -4.17720000
1.24375562 -4.18200000
1.26004204 -4.18740000
1.27632845 -4.19310000
1.29261485 -4.19880000
1.30890126 -4.20420000
1.32518768 -4.20880000
1.34147409 -4.21210000
1.35776050 -4.21260000
1.37404691 -4.21170000
1.39033332 -4.20560000
1.40661973 -4.19540000
1.42290614 -4.18350000
1.43919255 -4.17160000
1.45547896 -4.16060000
1.47176538 -4.15080000
1.48805179 -4.14270000
1.50433820 -4.13670000
1.52062460 -4.13350000
1.53691102 -4.13300000
1.55319743 -4.13370000
1.56948384 -4.13450000
1.58577025 -4.13520000
1.60205667 -4.13570000
1.61834308 -4.13560000
1.63462948 -4.13040000
1.65084218 -4.13520000
1.66705486 -4.13520000
1.68326756 -4.13470000
1.69948025 -4.13360000
1.71569294 -4.13250000
1.73190563 -4.13150000
1.74811833 -4.13050000
1.76433101 -4.12930000
1.78054371 -4.12790000
1.79675640 -4.12600000
1.81296909 -4.12390000
1.82918178 -4.12140000
1.84539448 -4.11860000
1.86160716 -4.11560000
1.87781986 -4.11260000
1.89403255 -4.10940000
1.91024524 -4.10630000
1.92645793 -4.10340000
1.94267063 -4.10060000
1.95888331 -4.09810000
1.97509601 -4.09670000
1.99130870 -4.09830000
2.00752139 -4.10020000
2.02373408 -4.10210000
2.03994678 -4.10360000
2.05615946 -4.10430000
2.07237216 -4.10420000
2.08858485 -4.10340000
2.10479754 -4.10190000
2.12101023 -4.10010000
2.13748378 -4.10020000
2.15395733 -4.10060000
2.17043088 -4.10110000
2.18690443 -4.10180000
2.20337797 -4.10280000
2.21985152 -4.10390000
2.23632507 -4.10520000
2.25279862 -4.10670000
2.26927217 -4.10840000
2.28574571 -4.11020000
2.30221926 -4.11210000
2.31869281 -4.11410000
2.33516636 -4.11610000
2.35163991 -4.11800000
2.36811346 -4.11960000
2.38458700 -4.12080000
2.40106055 -4.12150000
2.41753410 -4.12130000
2.43400765 -4.12030000
2.45048120 -4.11820000
2.46695474 -4.11510000
2.48342829 -4.11100000
2.49990184 -4.10610000
2.51637539 -4.10060000
2.53284894 -4.09490000
2.54932249 -4.08920000
2.56579603 -4.08380000
2.58226958 -4.07880000
2.59874313 -4.07470000
2.61521668 -4.07160000
2.63169023 -4.06960000
2.64816377 -4.06890000
2.66445018 -4.06970000
2.68073659 -4.07100000
2.69702301 -4.07290000
2.71330942 -4.07510000
2.72959583 -4.07780000
2.74588223 -4.08050000
2.76216865 -4.08340000
2.77845506 -4.08620000
2.79474147 -4.08890000
2.81102788 -4.09150000
2.82731430 -4.09390000
2.84360071 -4.09630000
2.85988712 -4.09840000
2.87617352 -4.10050000
2.89245994 -4.10250000
2.90874635 -4.10440000
2.92503276 -4.10630000
2.94131917 -4.10810000
2.95760558 -4.10990000
2.97389200 -4.11170000
2.99017840 -4.11350000
3.00646481 -4.11550000
3.02275122 -4.11780000
3.03903764 -4.12050000
3.05532405 -4.12360000
3.07161046 -4.12710000
3.08789687 -4.13100000
3.10418328 -4.13500000
3.12046969 -4.13890000
3.13675610 -4.14250000
3.15304251 -4.14550000
3.16932893 -4.14770000
3.18561534 -4.14910000
3.20190175 -4.14950000
3.21811444 -4.14980000
3.23432713 -4.15050000
3.25053982 -4.15170000
3.26675252 -4.15340000
3.28296520 -4.15560000
3.29917790 -4.15830000
3.31539059 -4.16150000
3.33160328 -4.16510000
3.34781597 -4.16900000
3.36402867 -4.17250000
3.38024135 -4.17420000
3.39645405 -4.17430000
3.41266674 -4.17350000
3.42887943 -4.17260000
3.44509212 -4.17150000
3.46130482 -4.17050000
3.47751750 -4.16970000
3.49373020 -4.16890000
3.50994289 -4.16830000
3.52615558 -4.16770000
3.54236827 -4.16720000
3.55858096 -4.16670000
3.57479365 -4.16630000
3.59100634 -4.16590000
3.60721904 -4.16560000
3.62343172 -4.16520000
3.63964442 -4.16500000
3.65585711 -4.16480000
3.67206980 -4.16470000
3.68828249 -4.16770000

0.00000000 -4.10560000
0.01647355 -4.11010000
0.03294710 -4.10930000
0.04942064 -4.10790000
0.06589419 -4.10580000
0.08236774 -4.10330000
0.09884129 -4.10030000
0.11531484 -4.09710000
0.13178839 -4.09410000
0.14826193 -4.09200000
0.16473548 -4.09220000
0.18120903 -4.09600000
0.19768258 -4.10170000
0.21415613 -4.10720000
0.23062967 -4.11100000
0.24710322 -4.11300000
0.26357677 -4.11360000
0.28005032 -4.11340000
0.29652387 -4.11260000
0.31299741 -4.11150000
0.32947096 -4.11010000
0.34594451 -4.10870000
0.36241806 -4.10720000
0.37889161 -4.10570000
0.39536516 -4.10400000
0.41183870 -4.10060000
0.42831225 -4.09390000
0.44478580 -4.08690000
0.46125935 -4.08080000
0.47773290 -4.07590000
0.49420644 -4.07240000
0.51067999 -4.07020000
0.52715354 -4.06950000
0.54343995 -4.06900000
0.55972636 -4.06770000
0.57601278 -4.06570000
0.59229919 -4.06320000
0.60858559 -4.06040000
0.62487200 -4.05740000
0.64115842 -4.05430000
0.65744483 -4.05130000
0.67373124 -4.04830000
0.69001765 -4.04580000
0.70630407 -4.04440000
0.72259047 -4.04590000
0.73887688 -4.04990000
0.75516329 -4.05510000
0.77144971 -4.06070000
0.78773612 -4.06640000
0.80402253 -4.07220000
0.82030893 -4.07800000
0.83659534 -4.08360000
0.85288176 -4.08890000
0.86916817 -4.09340000
0.88545458 -4.09660000
0.90174099 -4.09840000
0.91802741 -4.09880000
0.93431382 -4.09810000
0.95060022 -4.09660000
0.96688663 -4.09450000
0.98317305 -4.09210000
0.99945946 -4.08980000
1.01574587 -4.08760000
1.03203228 -4.08570000
1.04831870 -4.08420000
1.06460510 -4.08330000
1.08089151 -4.08600000
1.09717792 -4.08350000
1.11346433 -4.08490000
1.12975075 -4.08700000
1.14603716 -4.08950000
1.16232357 -4.09210000
1.17860997 -4.09450000
1.19489639 -4.09640000
1.21118280 -4.09780000
1.22746921 -4.09860000
1.24375562 -4.09890000
1.26004204 -4.09890000
1.27632845 -4.09880000
1.29261485 -4.09890000
1.30890126 -4.09940000
1.32518768 -4.10030000
1.34147409 -4.10180000
1.35776050 -4.10280000
1.37404691 -4.10600000
1.39033332 -4.10850000
1.40661973 -4.11110000
1.42290614 -4.11380000
1.43919255 -4.11640000
1.45547896 -4.11890000
1.47176538 -4.12110000
1.48805179 -4.12290000
1.50433820 -4.12390000
1.52062460 -4.12300000
1.53691102 -4.12040000
1.55319743 -4.11740000
1.56948384 -4.11490000
1.58577025 -4.11290000
1.60205667 -4.11150000
1.61834308 -4.11060000
1.63462948 -4.10560000
1.65084218 -4.11030000
1.66705486 -4.11010000
1.68326756 -4.10960000
1.69948025 -4.10820000
1.71569294 -4.10580000
1.73190563 -4.10200000
1.74811833 -4.10380000
1.76433101 -4.10730000
1.78054371 -4.10960000
1.79675640 -4.11040000
1.81296909 -4.11010000
1.82918178 -4.10890000
1.84539448 -4.10710000
1.86160716 -4.10490000
1.87781986 -4.10260000
1.89403255 -4.10030000
1.91024524 -4.09820000
1.92645793 -4.09660000
1.94267063 -4.09580000
1.95888331 -4.09580000
1.97509601 -4.09600000
1.99130870 -4.09440000
2.00752139 -4.09330000
2.02373408 -4.09280000
2.03994678 -4.09280000
2.05615946 -4.09350000
2.07237216 -4.09470000
2.08858485 -4.09630000
2.10479754 -4.09810000
2.12101023 -4.10010000
2.13748378 -4.10020000
2.15395733 -4.10060000
2.17043088 -4.10110000
2.18690443 -4.10180000
2.20337797 -4.10280000
2.21985152 -4.10390000
2.23632507 -4.10520000
2.25279862 -4.10670000
2.26927217 -4.10840000
2.28574571 -4.11020000
2.30221926 -4.11210000
2.31869281 -4.11410000
2.33516636 -4.11610000
2.35163991 -4.11800000
2.36811346 -4.11960000
2.38458700 -4.12080000
2.40106055 -4.12150000
2.41753410 -4.12130000
2.43400765 -4.12030000
2.45048120 -4.11820000
2.46695474 -4.11510000
2.48342829 -4.11100000
2.49990184 -4.10610000
2.51637539 -4.10060000
2.53284894 -4.09490000
2.54932249 -4.08920000
2.56579603 -4.08380000
2.58226958 -4.07880000
2.59874313 -4.07470000
2.61521668 -4.07160000
2.63169023 -4.06960000
2.64816377 -4.06890000
2.66445018 -4.06840000
2.68073659 -4.06770000
2.69702301 -4.06680000
2.71330942 -4.06560000
2.72959583 -4.06420000
2.74588223 -4.06250000
2.76216865 -4.06060000
2.77845506 -4.05860000
2.79474147 -4.05640000
2.81102788 -4.05410000
2.82731430 -4.05180000
2.84360071 -4.04950000
2.85988712 -4.04720000
2.87617352 -4.04510000
2.89245994 -4.04320000
2.90874635 -4.04160000
2.92503276 -4.04030000
2.94131917 -4.03930000
2.95760558 -4.03870000
2.97389200 -4.03830000
2.99017840 -4.03820000
3.00646481 -4.03820000
3.02275122 -4.03830000
3.03903764 -4.03830000
3.05532405 -4.03840000
3.07161046 -4.03860000
3.08789687 -4.03890000
3.10418328 -4.03940000
3.12046969 -4.03990000
3.13675610 -4.04040000
3.15304251 -4.04090000
3.16932893 -4.04130000
3.18561534 -4.04160000
3.20190175 -4.04170000
3.21811444 -4.04140000
3.23432713 -4.04070000
3.25053982 -4.03950000
3.26675252 -4.03800000
3.28296520 -4.03630000
3.29917790 -4.03450000
3.31539059 -4.03290000
3.33160328 -4.03150000
3.34781597 -4.03070000
3.36402867 -4.03070000
3.38024135 -4.03170000
3.39645405 -4.03370000
3.41266674 -4.03670000
3.42887943 -4.04030000
3.44509212 -4.04440000
3.46130482 -4.04870000
3.47751750 -4.05320000
3.49373020 -4.05760000
3.50994289 -4.06180000
3.52615558 -4.06580000
3.54236827 -4.06950000
3.55858096 -4.07280000
3.57479365 -4.07560000
3.59100634 -4.07790000
3.60721904 -4.07980000
3.62343172 -4.08110000
3.63964442 -4.08210000
3.65585711 -4.08260000
3.67206980 -4.08290000
3.68828249 -4.08600000

0.00000000 -4.07410000
0.01647355 -4.07780000
0.03294710 -4.07460000
0.04942064 -4.06970000
0.06589419 -4.06350000
0.08236774 -4.05680000
0.09884129 -4.05100000
0.11531484 -4.05070000
0.13178839 -4.05550000
0.14826193 -4.06130000
0.16473548 -4.06540000
0.18120903 -4.06600000
0.19768258 -4.06380000
0.21415613 -4.06020000
0.23062967 -4.05610000
0.24710322 -4.05170000
0.26357677 -4.04740000
0.28005032 -4.04310000
0.29652387 -4.03890000
0.31299741 -4.03500000
0.32947096 -4.03120000
0.34594451 -4.02760000
0.36241806 -4.02430000
0.37889161 -4.02120000
0.39536516 -4.01840000
0.41183870 -4.01590000
0.42831225 -4.01370000
0.44478580 -4.01180000
0.46125935 -4.01020000
0.47773290 -4.00900000
0.49420644 -4.00810000
0.51067999 -4.00760000
0.52715354 -4.00740000
0.54343995 -4.00760000
0.55972636 -4.00830000
0.57601278 -4.00940000
0.59229919 -4.01100000
0.60858559 -4.01310000
0.62487200 -4.01570000
0.64115842 -4.01870000
0.65744483 -4.02210000
0.67373124 -4.02590000
0.69001765 -4.02980000
0.70630407 -4.03300000
0.72259047 -4.03390000
0.73887688 -4.03260000
0.75516329 -4.03070000
0.77144971 -4.02880000
0.78773612 -4.02740000
0.80402253 -4.02680000
0.82030893 -4.02740000
0.83659534 -4.02990000
0.85288176 -4.03390000
0.86916817 -4.03830000
0.88545458 -4.04210000
0.90174099 -4.04510000
0.91802741 -4.04710000
0.93431382 -4.04830000
0.95060022 -4.04900000
0.96688663 -4.04910000
0.98317305 -4.04890000
0.99945946 -4.04850000
1.01574587 -4.04790000
1.03203228 -4.04730000
1.04831870 -4.04680000
1.06460510 -4.04640000
1.08089151 -4.04920000
1.09717792 -4.04610000
1.11346433 -4.04580000
1.12975075 -4.04550000
1.14603716 -4.04530000
1.16232357 -4.04550000
1.17860997 -4.04610000
1.19489639 -4.04720000
1.21118280 -4.04880000
1.22746921 -4.05060000
1.24375562 -4.05270000
1.26004204 -4.05470000
1.27632845 -4.05660000
1.29261485 -4.05810000
1.30890126 -4.05920000
1.32518768 -4.05980000
1.34147409 -4.06000000
1.35776050 -4.05910000
1.37404691 -4.06000000
1.39033332 -4.06020000
1.40661973 -4.06070000
1.42290614 -4.06140000
1.43919255 -4.06240000
1.45547896 -4.06350000
1.47176538 -4.06490000
1.48805179 -4.06650000
1.50433820 -4.06810000
1.52062460 -4.06990000
1.53691102 -4.07170000
1.55319743 -4.07360000
1.56948384 -4.07530000
1.58577025 -4.07670000
1.60205667 -4.07790000
1.61834308 -4.07860000
1.63462948 -4.07410000
1.65084218 -4.07970000
1.66705486 -4.08190000
1.68326756 -4.08530000
1.69948025 -4.08960000
1.71569294 -4.09450000
1.73190563 -4.09930000
1.74811833 -4.09710000
1.76433101 -4.09110000
1.78054371 -4.08430000
1.79675640 -4.07710000
1.81296909 -4.06950000
1.82918178 -4.06180000
1.84539448 -4.05410000
1.86160716 -4.04650000
1.87781986 -4.03920000
1.89403255 -4.03220000
1.91024524 -4.02550000
1.92645793 -4.01930000
1.94267063 -4.01800000
1.95888331 -4.01870000
1.97509601 -4.01840000
1.99130870 -4.01710000
2.00752139 -4.01500000
2.02373408 -4.01210000
2.03994678 -4.00880000
2.05615946 -4.00510000
2.07237216 -4.00140000
2.08858485 -3.99780000
2.10479754 -3.99450000
2.12101023 -3.99170000
2.13748378 -3.99170000
2.15395733 -3.99160000
2.17043088 -3.99150000
2.18690443 -3.99130000
2.20337797 -3.99100000
2.21985152 -3.99070000
2.23632507 -3.99020000
2.25279862 -3.98960000
2.26927217 -3.98880000
2.28574571 -3.98790000
2.30221926 -3.98670000
2.31869281 -3.98540000
2.33516636 -3.98380000
2.35163991 -3.98210000
2.36811346 -3.98030000
2.38458700 -3.97840000
2.40106055 -3.97650000
2.41753410 -3.97480000
2.43400765 -3.97330000
2.45048120 -3.97200000
2.46695474 -3.97120000
2.48342829 -3.97080000
2.49990184 -3.97080000
2.51637539 -3.97130000
2.53284894 -3.97210000
2.54932249 -3.97320000
2.56579603 -3.97450000
2.58226958 -3.97580000
2.59874313 -3.97710000
2.61521668 -3.97810000
2.63169023 -3.97880000
2.64816377 -3.97900000
2.66445018 -3.97930000
2.68073659 -3.97920000
2.69702301 -3.97890000
2.71330942 -3.97850000
2.72959583 -3.97810000
2.74588223 -3.97760000
2.76216865 -3.97720000
2.77845506 -3.97700000
2.79474147 -3.97690000
2.81102788 -3.97730000
2.82731430 -3.97800000
2.84360071 -3.97940000
2.85988712 -3.98140000
2.87617352 -3.98410000
2.89245994 -3.98720000
2.90874635 -3.99060000
2.92503276 -3.99390000
2.94131917 -3.99700000
2.95760558 -3.99980000
2.97389200 -4.00200000
2.99017840 -4.00380000
3.00646481 -4.00520000
3.02275122 -4.00620000
3.03903764 -4.00670000
3.05532405 -4.00670000
3.07161046 -4.00630000
3.08789687 -4.00530000
3.10418328 -4.00380000
3.12046969 -4.00200000
3.13675610 -4.00010000
3.15304251 -3.99830000
3.16932893 -3.99670000
3.18561534 -3.99570000
3.20190175 -3.99540000
3.21811444 -3.99550000
3.23432713 -3.99570000
3.25053982 -3.99620000
3.26675252 -3.99690000
3.28296520 -3.99780000
3.29917790 -3.99900000
3.31539059 -4.00030000
3.33160328 -4.00180000
3.34781597 -4.00320000
3.36402867 -4.00430000
3.38024135 -4.00500000
3.39645405 -4.00530000
3.41266674 -4.00530000
3.42887943 -4.00550000
3.44509212 -4.00600000
3.46130482 -4.00720000
3.47751750 -4.00910000
3.49373020 -4.01170000
3.50994289 -4.01480000
3.52615558 -4.01840000
3.54236827 -4.02210000
3.55858096 -4.02600000
3.57479365 -4.02980000
3.59100634 -4.03340000
3.60721904 -4.03690000
3.62343172 -4.03990000
3.63964442 -4.04250000
3.65585711 -4.04450000
3.67206980 -4.04580000
3.68828249 -4.04920000

0.00000000 -4.01530000
0.01647355 -4.02050000
0.03294710 -4.02210000
0.04942064 -4.02470000
0.06589419 -4.02810000
0.08236774 -4.03210000
0.09884129 -4.03550000
0.11531484 -4.03370000
0.13178839 -4.02710000
0.14826193 -4.01920000
0.16473548 -4.01110000
0.18120903 -4.00310000
0.19768258 -3.99530000
0.21415613 -3.98760000
0.23062967 -3.98000000
0.24710322 -3.97240000
0.26357677 -3.96490000
0.28005032 -3.95750000
0.29652387 -3.95010000
0.31299741 -3.94280000
0.32947096 -3.93580000
0.34594451 -3.92910000
0.36241806 -3.92280000
0.37889161 -3.91700000
0.39536516 -3.91170000
0.41183870 -3.90680000
0.42831225 -3.90230000
0.44478580 -3.89820000
0.46125935 -3.89450000
0.47773290 -3.89130000
0.49420644 -3.88870000
0.51067999 -3.88670000
0.52715354 -3.88580000
0.54343995 -3.88610000
0.55972636 -3.88720000
0.57601278 -3.88920000
0.59229919 -3.89200000
0.60858559 -3.89570000
0.62487200 -3.90010000
0.64115842 -3.90530000
0.65744483 -3.91130000
0.67373124 -3.91810000
0.69001765 -3.92560000
0.70630407 -3.93380000
0.72259047 -3.94260000
0.73887688 -3.95210000
0.75516329 -3.96190000
0.77144971 -3.97210000
0.78773612 -3.98210000
0.80402253 -3.99140000
0.82030893 -3.99930000
0.83659534 -4.00480000
0.85288176 -4.00780000
0.86916817 -4.00920000
0.88545458 -4.01000000
0.90174099 -4.01050000
0.91802741 -4.01110000
0.93431382 -4.01180000
0.95060022 -4.01270000
0.96688663 -4.01380000
0.98317305 -4.01500000
0.99945946 -4.01620000
1.01574587 -4.01750000
1.03203228 -4.01860000
1.04831870 -4.01960000
1.06460510 -4.02020000
1.08089151 -4.02350000
1.09717792 -4.02060000
1.11346433 -4.02100000
1.12975075 -4.02160000
1.14603716 -4.02250000
1.16232357 -4.02350000
1.17860997 -4.02450000
1.19489639 -4.02560000
1.21118280 -4.02680000
1.22746921 -4.02790000
1.24375562 -4.02920000
1.26004204 -4.03040000
1.27632845 -4.03170000
1.29261485 -4.03300000
1.30890126 -4.03420000
1.32518768 -4.03520000
1.34147409 -4.03600000
1.35776050 -4.03560000
1.37404691 -4.03660000
1.39033332 -4.03630000
1.40661973 -4.03550000
1.42290614 -4.03450000
1.43919255 -4.03330000
1.45547896 -4.03200000
1.47176538 -4.03060000
1.48805179 -4.02920000
1.50433820 -4.02770000
1.52062460 -4.02630000
1.53691102 -4.02490000
1.55319743 -4.02350000
1.56948384 -4.02240000
1.58577025 -4.02140000
1.60205667 -4.02060000
1.61834308 -4.02020000
1.63462948 -4.01530000
1.65084218 -4.01960000
1.66705486 -4.01860000
1.68326756 -4.01700000
1.69948025 -4.01520000
1.71569294 -4.01330000
1.73190563 -4.01140000
1.74811833 -4.00970000
1.76433101 -4.00820000
1.78054371 -4.00720000
1.79675640 -4.00650000
1.81296909 -4.00630000
1.82918178 -4.00670000
1.84539448 -4.00750000
1.86160716 -4.00890000
1.87781986 -4.01060000
1.89403255 -4.01260000
1.91024524 -4.01470000
1.92645793 -4.01660000
1.94267063 -4.01350000
1.95888331 -4.00820000
1.97509601 -4.00340000
1.99130870 -3.99920000
2.00752139 -3.99550000
2.02373408 -3.99240000
2.03994678 -3.99010000
2.05615946 -3.98850000
2.07237216 -3.98790000
2.08858485 -3.98830000
2.10479754 -3.98960000
2.12101023 -3.99170000
2.13748378 -3.99170000
2.15395733 -3.99160000
2.17043088 -3.99150000
2.18690443 -3.99130000
2.20337797 -3.99100000
2.21985152 -3.99070000
2.23632507 -3.99020000
2.25279862 -3.98960000
2.26927217 -3.98880000
2.28574571 -3.98790000
2.30221926 -3.98670000
2.31869281 -3.98540000
2.33516636 -3.98380000
2.35163991 -3.98210000
2.36811346 -3.98030000
2.38458700 -3.97840000
2.40106055 -3.97650000
2.41753410 -3.97480000
2.43400765 -3.97330000
2.45048120 -3.97200000
2.46695474 -3.97120000
2.48342829 -3.97080000
2.49990184 -3.97080000
2.51637539 -3.97130000
2.53284894 -3.97210000
2.54932249 -3.97320000
2.56579603 -3.97450000
2.58226958 -3.97580000
2.59874313 -3.97710000
2.61521668 -3.97810000
2.63169023 -3.97880000
2.64816377 -3.97900000
2.66445018 -3.97800000
2.68073659 -3.97590000
2.69702301 -3.97280000
2.71330942 -3.96860000
2.72959583 -3.96370000
2.74588223 -3.95830000
2.76216865 -3.95260000
2.77845506 -3.94690000
2.79474147 -3.94190000
2.81102788 -3.93890000
2.82731430 -3.93950000
2.84360071 -3.94230000
2.85988712 -3.94550000
2.87617352 -3.94830000
2.89245994 -3.95060000
2.90874635 -3.95240000
2.92503276 -3.95390000
2.94131917 -3.95510000
2.95760558 -3.95620000
2.97389200 -3.95720000
2.99017840 -3.95820000
3.00646481 -3.95910000
3.02275122 -3.95990000
3.03903764 -3.96080000
3.05532405 -3.96150000
3.07161046 -3.96230000
3.08789687 -3.96310000
3.10418328 -3.96390000
3.12046969 -3.96470000
3.13675610 -3.96550000
3.15304251 -3.96630000
3.16932893 -3.96700000
3.18561534 -3.96750000
3.20190175 -3.96770000
3.21811444 -3.96790000
3.23432713 -3.96830000
3.25053982 -3.96910000
3.26675252 -3.97010000
3.28296520 -3.97120000
3.29917790 -3.97240000
3.31539059 -3.97360000
3.33160328 -3.97480000
3.34781597 -3.97590000
3.36402867 -3.97710000
3.38024135 -3.97840000
3.39645405 -3.98000000
3.41266674 -3.98190000
3.42887943 -3.98410000
3.44509212 -3.98660000
3.46130482 -3.98930000
3.47751750 -3.99210000
3.49373020 -3.99480000
3.50994289 -3.99770000
3.52615558 -4.00060000
3.54236827 -4.00350000
3.55858096 -4.00650000
3.57479365 -4.00940000
3.59100634 -4.01200000
3.60721904 -4.01450000
3.62343172 -4.01650000
3.63964442 -4.01820000
3.65585711 -4.01940000
3.67206980 -4.02020000
3.68828249 -4.02350000

0.00000000 -3.88680000
0.01647355 -3.89280000
0.03294710 -3.89410000
0.04942064 -3.89550000
0.06589419 -3.89690000
0.08236774 -3.89850000
0.09884129 -3.90010000
0.11531484 -3.90190000
0.13178839 -3.90370000
0.14826193 -3.90550000
0.16473548 -3.90740000
0.18120903 -3.90930000
0.19768258 -3.91100000
0.21415613 -3.91250000
0.23062967 -3.91380000
0.24710322 -3.91480000
0.26357677 -3.91530000
0.28005032 -3.91540000
0.29652387 -3.91490000
0.31299741 -3.91380000
0.32947096 -3.91210000
0.34594451 -3.90970000
0.36241806 -3.90680000
0.37889161 -3.90340000
0.39536516 -3.89970000
0.41183870 -3.89610000
0.42831225 -3.89270000
0.44478580 -3.88980000
0.46125935 -3.88740000
0.47773290 -3.88570000
0.49420644 -3.88480000
0.51067999 -3.88450000
0.52715354 -3.88470000
0.54343995 -3.88480000
0.55972636 -3.88500000
0.57601278 -3.88510000
0.59229919 -3.88510000
0.60858559 -3.88520000
0.62487200 -3.88520000
0.64115842 -3.88520000
0.65744483 -3.88520000
0.67373124 -3.88510000
0.69001765 -3.88500000
0.70630407 -3.88480000
0.72259047 -3.88460000
0.73887688 -3.88440000
0.75516329 -3.88420000
0.77144971 -3.88390000
0.78773612 -3.88360000
0.80402253 -3.88340000
0.82030893 -3.88330000
0.83659534 -3.88320000
0.85288176 -3.88320000
0.86916817 -3.88340000
0.88545458 -3.88380000
0.90174099 -3.88430000
0.91802741 -3.88510000
0.93431382 -3.88610000
0.95060022 -3.88730000
0.96688663 -3.88860000
0.98317305 -3.89010000
0.99945946 -3.89150000
1.01574587 -3.89280000
1.03203228 -3.89390000
1.04831870 -3.89470000
1.06460510 -3.89530000
1.08089151 -3.89850000
1.09717792 -3.89570000
1.11346433 -3.89630000
1.12975075 -3.89730000
1.14603716 -3.89870000
1.16232357 -3.90040000
1.17860997 -3.90230000
1.19489639 -3.90440000
1.21118280 -3.90670000
1.22746921 -3.90900000
1.24375562 -3.91130000
1.26004204 -3.91350000
1.27632845 -3.91560000
1.29261485 -3.91750000
1.30890126 -3.91920000
1.32518768 -3.92060000
1.34147409 -3.92170000
1.35776050 -3.92150000
1.37404691 -3.92270000
1.39033332 -3.92260000
1.40661973 -3.92200000
1.42290614 -3.92080000
1.43919255 -3.91920000
1.45547896 -3.91710000
1.47176538 -3.91460000
1.48805179 -3.91180000
1.50433820 -3.90880000
1.52062460 -3.90570000
1.53691102 -3.90260000
1.55319743 -3.89980000
1.56948384 -3.89720000
1.58577025 -3.89510000
1.60205667 -3.89340000
1.61834308 -3.89220000
1.63462948 -3.88680000
1.65084218 -3.89160000
1.66705486 -3.89160000
1.68326756 -3.89170000
1.69948025 -3.89180000
1.71569294 -3.89190000
1.73190563 -3.89210000
1.74811833 -3.89230000
1.76433101 -3.89270000
1.78054371 -3.89310000
1.79675640 -3.89360000
1.81296909 -3.89420000
1.82918178 -3.89490000
1.84539448 -3.89560000
1.86160716 -3.89650000
1.87781986 -3.89750000
1.89403255 -3.89860000
1.91024524 -3.89980000
1.92645793 -3.90120000
1.94267063 -3.90370000
1.95888331 -3.90720000
1.97509601 -3.91080000
1.99130870 -3.91450000
2.00752139 -3.91800000
2.02373408 -3.92120000
2.03994678 -3.92390000
2.05615946 -3.92610000
2.07237216 -3.92750000
2.08858485 -3.92810000
2.10479754 -3.92780000
2.12101023 -3.92680000
2.13748378 -3.92670000
2.15395733 -3.92630000
2.17043088 -3.92560000
2.18690443 -3.92480000
2.20337797 -3.92380000
2.21985152 -3.92260000
2.23632507 -3.92140000
2.25279862 -3.92010000
2.26927217 -3.91880000
2.28574571 -3.91750000
2.30221926 -3.91630000
2.31869281 -3.91510000
2.33516636 -3.91400000
2.35163991 -3.91290000
2.36811346 -3.91180000
2.38458700 -3.91070000
2.40106055 -3.90940000
2.41753410 -3.90800000
2.43400765 -3.90640000
2.45048120 -3.90450000
2.46695474 -3.90240000
2.48342829 -3.90000000
2.49990184 -3.89740000
2.51637539 -3.89460000
2.53284894 -3.89180000
2.54932249 -3.88910000
2.56579603 -3.88650000
2.58226958 -3.88430000
2.59874313 -3.88240000
2.61521668 -3.88100000
2.63169023 -3.88020000
2.64816377 -3.87990000
2.66445018 -3.88360000
2.68073659 -3.88760000
2.69702301 -3.89190000
2.71330942 -3.89660000
2.72959583 -3.90150000
2.74588223 -3.90660000
2.76216865 -3.91170000
2.77845506 -3.91660000
2.79474147 -3.92070000
2.81102788 -3.92270000
2.82731430 -3.92090000
2.84360071 -3.91680000
2.85988712 -3.91210000
2.87617352 -3.90770000
2.89245994 -3.90380000
2.90874635 -3.90080000
2.92503276 -3.89880000
2.94131917 -3.89790000
2.95760558 -3.89800000
2.97389200 -3.89890000
2.99017840 -3.90040000
3.00646481 -3.90210000
3.02275122 -3.90390000
3.03903764 -3.90580000
3.05532405 -3.90750000
3.07161046 -3.90910000
3.08789687 -3.91040000
3.10418328 -3.91160000
3.12046969 -3.91250000
3.13675610 -3.91330000
3.15304251 -3.91390000
3.16932893 -3.91420000
3.18561534 -3.91450000
3.20190175 -3.91450000
3.21811444 -3.91470000
3.23432713 -3.91530000
3.25053982 -3.91620000
3.26675252 -3.91740000
3.28296520 -3.91890000
3.29917790 -3.92070000
3.31539059 -3.92250000
3.33160328 -3.92450000
3.34781597 -3.92630000
3.36402867 -3.92780000
3.38024135 -3.92890000
3.39645405 -3.92920000
3.41266674 -3.92880000
3.42887943 -3.92740000
3.44509212 -3.92530000
3.46130482 -3.92260000
3.47751750 -3.91950000
3.49373020 -3.91620000
3.50994289 -3.91300000
3.52615558 -3.91000000
3.54236827 -3.90720000
3.55858096 -3.90470000
3.57479365 -3.90260000
3.59100634 -3.90070000
3.60721904 -3.89910000
3.62343172 -3.89780000
3.63964442 -3.89680000
3.65585711 -3.89600000
3.67206980 -3.89560000
3.68828249 -3.89850000

0.00000000 -3.88650000
0.01647355 -3.88990000
0.03294710 -3.88820000
0.04942064 -3.88620000
0.06589419 -3.88380000
0.08236774 -3.88090000
0.09884129 -3.87740000
0.11531484 -3.87340000
0.13178839 -3.86870000
0.14826193 -3.86330000
0.16473548 -3.85720000
0.18120903 -3.85040000
0.19768258 -3.84310000
0.21415613 -3.83510000
0.23062967 -3.82670000
0.24710322 -3.81800000
0.26357677 -3.80890000
0.28005032 -3.79960000
0.29652387 -3.79030000
0.31299741 -3.78090000
0.32947096 -3.77160000
0.34594451 -3.76250000
0.36241806 -3.75360000
0.37889161 -3.74520000
0.39536516 -3.73730000
0.41183870 -3.73000000
0.42831225 -3.72340000
0.44478580 -3.71770000
0.46125935 -3.71290000
0.47773290 -3.70900000
0.49420644 -3.70630000
0.51067999 -3.70460000
0.52715354 -3.70400000
0.54343995 -3.70440000
0.55972636 -3.70530000
0.57601278 -3.70690000
0.59229919 -3.70910000
0.60858559 -3.71190000
0.62487200 -3.71530000
0.64115842 -3.71920000
0.65744483 -3.72370000
0.67373124 -3.72860000
0.69001765 -3.73390000
0.70630407 -3.73960000
0.72259047 -3.74560000
0.73887688 -3.75180000
0.75516329 -3.75810000
0.77144971 -3.76450000
0.78773612 -3.77090000
0.80402253 -3.77720000
0.82030893 -3.78330000
0.83659534 -3.78920000
0.85288176 -3.79470000
0.86916817 -3.79990000
0.88545458 -3.80460000
0.90174099 -3.80880000
0.91802741 -3.81250000
0.93431382 -3.81570000
0.95060022 -3.81830000
0.96688663 -3.82050000
0.98317305 -3.82220000
0.99945946 -3.82350000
1.01574587 -3.82440000
1.03203228 -3.82510000
1.04831870 -3.82550000
1.06460510 -3.82580000
1.08089151 -3.82890000
1.09717792 -3.82610000
1.11346433 -3.82680000
1.12975075 -3.82790000
1.14603716 -3.82950000
1.16232357 -3.83150000
1.17860997 -3.83380000
1.19489639 -3.83640000
1.21118280 -3.83940000
1.22746921 -3.84260000
1.24375562 -3.84590000
1.26004204 -3.84950000
1.27632845 -3.85310000
1.29261485 -3.85680000
1.30890126 -3.86040000
1.32518768 -3.86400000
1.34147409 -3.86750000
1.35776050 -3.87000000
1.37404691 -3.87400000
1.39033332 -3.87690000
1.40661973 -3.87950000
1.42290614 -3.88170000
1.43919255 -3.88370000
1.45547896 -3.88540000
1.47176538 -3.88670000
1.48805179 -3.88780000
1.50433820 -3.88860000
1.52062460 -3.88920000
1.53691102 -3.88970000
1.55319743 -3.89000000
1.56948384 -3.89020000
1.58577025 -3.89040000
1.60205667 -3.89060000
1.61834308 -3.89090000
1.63462948 -3.88650000
1.65084218 -3.89110000
1.66705486 -3.89070000
1.68326756 -3.89020000
1.69948025 -3.88950000
1.71569294 -3.88870000
1.73190563 -3.88790000
1.74811833 -3.88720000
1.76433101 -3.88670000
1.78054371 -3.88640000
1.79675640 -3.88640000
1.81296909 -3.88680000
1.82918178 -3.88750000
1.84539448 -3.88870000
1.86160716 -3.89030000
1.87781986 -3.89220000
1.89403255 -3.89460000
1.91024524 -3.89730000
1.92645793 -3.90040000
1.94267063 -3.90270000
1.95888331 -3.90440000
1.97509601 -3.90640000
1.99130870 -3.90850000
2.00752139 -3.91070000
2.02373408 -3.91310000
2.03994678 -3.91570000
2.05615946 -3.91820000
2.07237216 -3.92070000
2.08858485 -3.92310000
2.10479754 -3.92520000
2.12101023 -3.92680000
2.13748378 -3.92670000
2.15395733 -3.92630000
2.17043088 -3.92560000
2.18690443 -3.92480000
2.20337797 -3.92380000
2.21985152 -3.92260000
2.23632507 -3.92140000
2.25279862 -3.92010000
2.26927217 -3.91880000
2.28574571 -3.91750000
2.30221926 -3.91630000
2.31869281 -3.91510000
2.33516636 -3.91400000
2.35163991 -3.91290000
2.36811346 -3.91180000
2.38458700 -3.91070000
2.40106055 -3.90940000
2.41753410 -3.90800000
2.43400765 -3.90640000
2.45048120 -3.90450000
2.46695474 -3.90240000
2.48342829 -3.90000000
2.49990184 -3.89740000
2.51637539 -3.89460000
2.53284894 -3.89180000
2.54932249 -3.88910000
2.56579603 -3.88650000
2.58226958 -3.88430000
2.59874313 -3.88240000
2.61521668 -3.88100000
2.63169023 -3.88020000
2.64816377 -3.87990000
2.66445018 -3.87650000
2.68073659 -3.87360000
2.69702301 -3.87100000
2.71330942 -3.86880000
2.72959583 -3.86690000
2.74588223 -3.86550000
2.76216865 -3.86430000
2.77845506 -3.86360000
2.79474147 -3.86310000
2.81102788 -3.86300000
2.82731430 -3.86310000
2.84360071 -3.86350000
2.85988712 -3.86400000
2.87617352 -3.86450000
2.89245994 -3.86500000
2.90874635 -3.86510000
2.92503276 -3.86480000
2.94131917 -3.86400000
2.95760558 -3.86270000
2.97389200 -3.86110000
2.99017840 -3.85920000
3.00646481 -3.85730000
3.02275122 -3.85540000
3.03903764 -3.85370000
3.05532405 -3.85210000
3.07161046 -3.85070000
3.08789687 -3.84940000
3.10418328 -3.84840000
3.12046969 -3.84750000
3.13675610 -3.84680000
3.15304251 -3.84620000
3.16932893 -3.84580000
3.18561534 -3.84560000
3.20190175 -3.84550000
3.21811444 -3.84570000
3.23432713 -3.84640000
3.25053982 -3.84740000
3.26675252 -3.84880000
3.28296520 -3.85060000
3.29917790 -3.85260000
3.31539059 -3.85480000
3.33160328 -3.85700000
3.34781597 -3.85920000
3.36402867 -3.86130000
3.38024135 -3.86310000
3.39645405 -3.86450000
3.41266674 -3.86540000
3.42887943 -3.86570000
3.44509212 -3.86530000
3.46130482 -3.86420000
3.47751750 -3.86230000
3.49373020 -3.85960000
3.50994289 -3.85640000
3.52615558 -3.85270000
3.54236827 -3.84870000
3.55858096 -3.84470000
3.57479365 -3.84080000
3.59100634 -3.83710000
3.60721904 -3.83380000
3.62343172 -3.83100000
3.63964442 -3.82880000
3.65585711 -3.82720000
3.67206980 -3.82620000
3.68828249 -3.82890000

0.00000000 -2.94370000
0.01647355 -2.94870000
0.03294710 -2.94930000
0.04942064 -2.95040000
0.06589419 -2.95210000
0.08236774 -2.95440000
0.09884129 -2.95750000
0.11531484 -2.96130000
0.13178839 -2.96570000
0.14826193 -2.97050000
0.16473548 -2.97540000
0.18120903 -2.98010000
0.19768258 -2.98440000
0.21415613 -2.98810000
0.23062967 -2.99120000
0.24710322 -2.99360000
0.26357677 -2.99520000
0.28005032 -2.99610000
0.29652387 -2.99640000
0.31299741 -2.99600000
0.32947096 -2.99510000
0.34594451 -2.99380000
0.36241806 -2.99240000
0.37889161 -2.99110000
0.39536516 -2.99040000
0.41183870 -2.99020000
0.42831225 -2.99030000
0.44478580 -2.99050000
0.46125935 -2.99070000
0.47773290 -2.99090000
0.49420644 -2.99100000
0.51067999 -2.99110000
0.52715354 -2.99110000
0.54343995 -2.99110000
0.55972636 -2.99110000
0.57601278 -2.99100000
0.59229919 -2.99110000
0.60858559 -2.99140000
0.62487200 -2.99190000
0.64115842 -2.99270000
0.65744483 -2.99380000
0.67373124 -2.99520000
0.69001765 -2.99680000
0.70630407 -2.99860000
0.72259047 -3.00050000
0.73887688 -3.00240000
0.75516329 -3.00420000
0.77144971 -3.00590000
0.78773612 -3.00740000
0.80402253 -3.00870000
0.82030893 -3.00980000
0.83659534 -3.01050000
0.85288176 -3.01100000
0.86916817 -3.01110000
0.88545458 -3.01100000
0.90174099 -3.01070000
0.91802741 -3.01010000
0.93431382 -3.00930000
0.95060022 -3.00830000
0.96688663 -3.00730000
0.98317305 -3.00630000
0.99945946 -3.00530000
1.01574587 -3.00440000
1.03203228 -3.00360000
1.04831870 -3.00310000
1.06460510 -3.00270000
1.08089151 -3.00560000
1.09717792 -3.00260000
1.11346433 -3.00260000
1.12975075 -3.00270000
1.14603716 -3.00270000
1.16232357 -3.00260000
1.17860997 -3.00250000
1.19489639 -3.00230000
1.21118280 -3.00190000
1.22746921 -3.00140000
1.24375562 -3.00060000
1.26004204 -2.99950000
1.27632845 -2.99810000
1.29261485 -2.99630000
1.30890126 -2.99400000
1.32518768 -2.99140000
1.34147409 -2.98820000
1.35776050 -2.98380000
1.37404691 -2.98080000
1.39033332 -2.97670000
1.40661973 -2.97260000
1.42290614 -2.96840000
1.43919255 -2.96450000
1.45547896 -2.96090000
1.47176538 -2.95780000
1.48805179 -2.95530000
1.50433820 -2.95320000
1.52062460 -2.95170000
1.53691102 -2.95060000
1.55319743 -2.94980000
1.56948384 -2.94920000
1.58577025 -2.94890000
1.60205667 -2.94860000
1.61834308 -2.94850000
1.63462948 -2.94370000
1.65084218 -2.94840000
1.66705486 -2.94840000
1.68326756 -2.94830000
1.69948025 -2.94820000
1.71569294 -2.94810000
1.73190563 -2.94820000
1.74811833 -2.94850000
1.76433101 -2.94880000
1.78054371 -2.94940000
1.79675640 -2.95000000
1.81296909 -2.95080000
1.82918178 -2.95140000
1.84539448 -2.95200000
1.86160716 -2.95250000
1.87781986 -2.95270000
1.89403255 -2.95270000
1.91024524 -2.95240000
1.92645793 -2.95180000
1.94267063 -2.95090000
1.95888331 -2.94970000
1.97509601 -2.94830000
1.99130870 -2.94650000
2.00752139 -2.94450000
2.02373408 -2.94230000
2.03994678 -2.94000000
2.05615946 -2.93750000
2.07237216 -2.93490000
2.08858485 -2.93230000
2.10479754 -2.92960000
2.12101023 -2.92700000
2.13748378 -2.92710000
2.15395733 -2.92740000
2.17043088 -2.92780000
2.18690443 -2.92840000
2.20337797 -2.92920000
2.21985152 -2.93010000
2.23632507 -2.93100000
2.25279862 -2.93200000
2.26927217 -2.93300000
2.28574571 -2.93410000
2.30221926 -2.93510000
2.31869281 -2.93610000
2.33516636 -2.93710000
2.35163991 -2.93810000
2.36811346 -2.93910000
2.38458700 -2.94030000
2.40106055 -2.94160000
2.41753410 -2.94300000
2.43400765 -2.94470000
2.45048120 -2.94650000
2.46695474 -2.94840000
2.48342829 -2.95040000
2.49990184 -2.95230000
2.51637539 -2.95420000
2.53284894 -2.95600000
2.54932249 -2.95750000
2.56579603 -2.95890000
2.58226958 -2.96010000
2.59874313 -2.96100000
2.61521668 -2.96160000
2.63169023 -2.96200000
2.64816377 -2.96220000
2.66445018 -2.96460000
2.68073659 -2.96730000
2.69702301 -2.97060000
2.71330942 -2.97430000
2.72959583 -2.97860000
2.74588223 -2.98320000
2.76216865 -2.98820000
2.77845506 -2.99360000
2.79474147 -2.99920000
2.81102788 -3.00490000
2.82731430 -3.01080000
2.84360071 -3.01660000
2.85988712 -3.02240000
2.87617352 -3.02810000
2.89245994 -3.03360000
2.90874635 -3.03880000
2.92503276 -3.04360000
2.94131917 -3.04800000
2.95760558 -3.05200000
2.97389200 -3.05530000
2.99017840 -3.05810000
3.00646481 -3.06020000
3.02275122 -3.06160000
3.03903764 -3.06230000
3.05532405 -3.06220000
3.07161046 -3.06130000
3.08789687 -3.05960000
3.10418328 -3.05720000
3.12046969 -3.05410000
3.13675610 -3.05050000
3.15304251 -3.04660000
3.16932893 -3.04290000
3.18561534 -3.04010000
3.20190175 -3.03910000
3.21811444 -3.03940000
3.23432713 -3.04050000
3.25053982 -3.04190000
3.26675252 -3.04340000
3.28296520 -3.04470000
3.29917790 -3.04550000
3.31539059 -3.04570000
3.33160328 -3.04500000
3.34781597 -3.04340000
3.36402867 -3.04090000
3.38024135 -3.03760000
3.39645405 -3.03330000
3.41266674 -3.02830000
3.42887943 -3.02270000
3.44509212 -3.01670000
3.46130482 -3.01040000
3.47751750 -3.00410000
3.49373020 -2.99800000
3.50994289 -2.99290000
3.52615558 -2.98950000
3.54236827 -2.98890000
3.55858096 -2.99030000
3.57479365 -2.99250000
3.59100634 -2.99480000
3.60721904 -2.99700000
3.62343172 -2.99900000
3.63964442 -3.00050000
3.65585711 -3.00170000
3.67206980 -3.00240000
3.68828249 -3.00560000

0.00000000 -2.90820000
0.01647355 -2.91320000
0.03294710 -2.91400000
0.04942064 -2.91520000
0.06589419 -2.91690000
0.08236774 -2.91890000
0.09884129 -2.92100000
0.11531484 -2.92300000
0.13178839 -2.92480000
0.14826193 -2.92640000
0.16473548 -2.92780000
0.18120903 -2.92940000
0.19768258 -2.93280000
0.21415613 -2.93820000
0.23062967 -2.94400000
0.24710322 -2.94970000
0.26357677 -2.95520000
0.28005032 -2.96040000
0.29652387 -2.96510000
0.31299741 -2.96940000
0.32947096 -2.97290000
0.34594451 -2.97580000
0.36241806 -2.97780000
0.37889161 -2.97870000
0.39536516 -2.97830000
0.41183870 -2.97690000
0.42831225 -2.97490000
0.44478580 -2.97280000
0.46125935 -2.97090000
0.47773290 -2.96930000
0.49420644 -2.96810000
0.51067999 -2.96740000
0.52715354 -2.96720000
0.54343995 -2.96720000
0.55972636 -2.96720000
0.57601278 -2.96710000
0.59229919 -2.96690000
0.60858559 -2.96650000
0.62487200 -2.96590000
0.64115842 -2.96510000
0.65744483 -2.96410000
0.67373124 -2.96300000
0.69001765 -2.96190000
0.70630407 -2.96070000
0.72259047 -2.95970000
0.73887688 -2.95860000
0.75516329 -2.95770000
0.77144971 -2.95690000
0.78773612 -2.95620000
0.80402253 -2.95560000
0.82030893 -2.95520000
0.83659534 -2.95480000
0.85288176 -2.95460000
0.86916817 -2.95440000
0.88545458 -2.95440000
0.90174099 -2.95450000
0.91802741 -2.95450000
0.93431382 -2.95450000
0.95060022 -2.95450000
0.96688663 -2.95420000
0.98317305 -2.95370000
0.99945946 -2.95290000
1.01574587 -2.95180000
1.03203228 -2.95040000
1.04831870 -2.94900000
1.06460510 -2.94780000
1.08089151 -2.95030000
1.09717792 -2.94730000
1.11346433 -2.94740000
1.12975075 -2.94750000
1.14603716 -2.94770000
1.16232357 -2.94780000
1.17860997 -2.94770000
1.19489639 -2.94750000
1.21118280 -2.94710000
1.22746921 -2.94650000
1.24375562 -2.94550000
1.26004204 -2.94420000
1.27632845 -2.94260000
1.29261485 -2.94060000
1.30890126 -2.93820000
1.32518768 -2.93540000
1.34147409 -2.93230000
1.35776050 -2.92800000
1.37404691 -2.92700000
1.39033332 -2.92650000
1.40661973 -2.92600000
1.42290614 -2.92520000
1.43919255 -2.92420000
1.45547896 -2.92310000
1.47176538 -2.92180000
1.48805179 -2.92040000
1.50433820 -2.91910000
1.52062460 -2.91780000
1.53691102 -2.91650000
1.55319743 -2.91550000
1.56948384 -2.91460000
1.58577025 -2.91380000
1.60205667 -2.91330000
1.61834308 -2.91300000
1.63462948 -2.90820000
1.65084218 -2.91280000
1.66705486 -2.91250000
1.68326756 -2.91200000
1.69948025 -2.91130000
1.71569294 -2.91050000
1.73190563 -2.90940000
1.74811833 -2.90830000
1.76433101 -2.90710000
1.78054371 -2.90580000
1.79675640 -2.90440000
1.81296909 -2.90300000
1.82918178 -2.90170000
1.84539448 -2.90040000
1.86160716 -2.89930000
1.87781986 -2.89840000
1.89403255 -2.89790000
1.91024524 -2.89800000
1.92645793 -2.89890000
1.94267063 -2.90050000
1.95888331 -2.90260000
1.97509601 -2.90480000
1.99130870 -2.90720000
2.00752139 -2.90950000
2.02373408 -2.91190000
2.03994678 -2.91440000
2.05615946 -2.91680000
2.07237216 -2.91930000
2.08858485 -2.92180000
2.10479754 -2.92440000
2.12101023 -2.92700000
2.13748378 -2.92710000
2.15395733 -2.92740000
2.17043088 -2.92780000
2.18690443 -2.92840000
2.20337797 -2.92920000
2.21985152 -2.93010000
2.23632507 -2.93100000
2.25279862 -2.93200000
2.26927217 -2.93300000
2.28574571 -2.93410000
2.30221926 -2.93510000
2.31869281 -2.93610000
2.33516636 -2.93710000
2.35163991 -2.93810000
2.36811346 -2.93910000
2.38458700 -2.94030000
2.40106055 -2.94160000
2.41753410 -2.94300000
2.43400765 -2.94470000
2.45048120 -2.94650000
2.46695474 -2.94840000
2.48342829 -2.95040000
2.49990184 -2.95230000
2.51637539 -2.95420000
2.53284894 -2.95600000
2.54932249 -2.95750000
2.56579603 -2.95890000
2.58226958 -2.96010000
2.59874313 -2.96100000
2.61521668 -2.96160000
2.63169023 -2.96200000
2.64816377 -2.96220000
2.66445018 -2.96000000
2.68073659 -2.95790000
2.69702301 -2.95560000
2.71330942 -2.95320000
2.72959583 -2.95050000
2.74588223 -2.94780000
2.76216865 -2.94500000
2.77845506 -2.94230000
2.79474147 -2.93990000
2.81102788 -2.93790000
2.82731430 -2.93620000
2.84360071 -2.93480000
2.85988712 -2.93360000
2.87617352 -2.93270000
2.89245994 -2.93180000
2.90874635 -2.93090000
2.92503276 -2.93020000
2.94131917 -2.92950000
2.95760558 -2.92900000
2.97389200 -2.92880000
2.99017840 -2.92900000
3.00646481 -2.92970000
3.02275122 -2.93130000
3.03903764 -2.93380000
3.05532405 -2.93740000
3.07161046 -2.94210000
3.08789687 -2.94790000
3.10418328 -2.95450000
3.12046969 -2.96170000
3.13675610 -2.96900000
3.15304251 -2.97610000
3.16932893 -2.98220000
3.18561534 -2.98650000
3.20190175 -2.98810000
3.21811444 -2.98750000
3.23432713 -2.98600000
3.25053982 -2.98360000
3.26675252 -2.98080000
3.28296520 -2.97780000
3.29917790 -2.97490000
3.31539059 -2.97210000
3.33160328 -2.96960000
3.34781597 -2.96760000
3.36402867 -2.96600000
3.38024135 -2.96490000
3.39645405 -2.96430000
3.41266674 -2.96430000
3.42887943 -2.96480000
3.44509212 -2.96580000
3.46130482 -2.96730000
3.47751750 -2.96910000
3.49373020 -2.97110000
3.50994289 -2.97270000
3.52615558 -2.97290000
3.54236827 -2.97090000
3.55858096 -2.96740000
3.57479365 -2.96340000
3.59100634 -2.95960000
3.60721904 -2.95620000
3.62343172 -2.95320000
3.63964442 -2.95070000
3.65585711 -2.94890000
3.67206980 -2.94770000
3.68828249 -2.95030000

0.00000000 -2.87810000
0.01647355 -2.88320000
0.03294710 -2.88430000
0.04942064 -2.88630000
0.06589419 -2.88900000
0.08236774 -2.89250000
0.09884129 -2.89670000
0.11531484 -2.90150000
0.13178839 -2.90680000
0.14826193 -2.91240000
0.16473548 -2.91820000
0.18120903 -2.92360000
0.19768258 -2.92710000
0.21415613 -2.92850000
0.23062967 -2.92930000
0.24710322 -2.92990000
0.26357677 -2.93030000
0.28005032 -2.93070000
0.29652387 -2.93110000
0.31299741 -2.93130000
0.32947096 -2.93140000
0.34594451 -2.93120000
0.36241806 -2.93080000
0.37889161 -2.93000000
0.39536516 -2.92880000
0.41183870 -2.92710000
0.42831225 -2.92470000
0.44478580 -2.92190000
0.46125935 -2.91860000
0.47773290 -2.91520000
0.49420644 -2.91210000
0.51067999 -2.90990000
0.52715354 -2.90910000
0.54343995 -2.90890000
0.55972636 -2.90820000
0.57601278 -2.90730000
0.59229919 -2.90630000
0.60858559 -2.90550000
0.62487200 -2.90500000
0.64115842 -2.90490000
0.65744483 -2.90510000
0.67373124 -2.90530000
0.69001765 -2.90550000
0.70630407 -2.90550000
0.72259047 -2.90530000
0.73887688 -2.90490000
0.75516329 -2.90440000
0.77144971 -2.90390000
0.78773612 -2.90350000
0.80402253 -2.90310000
0.82030893 -2.90280000
0.83659534 -2.90270000
0.85288176 -2.90270000
0.86916817 -2.90290000
0.88545458 -2.90330000
0.90174099 -2.90400000
0.91802741 -2.90510000
0.93431382 -2.90660000
0.95060022 -2.90860000
0.96688663 -2.91110000
0.98317305 -2.91420000
0.99945946 -2.91760000
1.01574587 -2.92110000
1.03203228 -2.92460000
1.04831870 -2.92770000
1.06460510 -2.92990000
1.08089151 -2.93380000
1.09717792 -2.93070000
1.11346433 -2.93040000
1.12975075 -2.92980000
1.14603716 -2.92920000
1.16232357 -2.92840000
1.17860997 -2.92750000
1.19489639 -2.92670000
1.21118280 -2.92590000
1.22746921 -2.92520000
1.24375562 -2.92470000
1.26004204 -2.92460000
1.27632845 -2.92470000
1.29261485 -2.92500000
1.30890126 -2.92550000
1.32518768 -2.92600000
1.34147409 -2.92630000
1.35776050 -2.92550000
1.37404691 -2.92430000
1.39033332 -2.92010000
1.40661973 -2.91540000
1.42290614 -2.91040000
1.43919255 -2.90540000
1.45547896 -2.90140000
1.47176538 -2.89910000
1.48805179 -2.89750000
1.50433820 -2.89580000
1.52062460 -2.89390000
1.53691102 -2.89180000
1.55319743 -2.88970000
1.56948384 -2.88760000
1.58577025 -2.88570000
1.60205667 -2.88420000
1.61834308 -2.88320000
1.63462948 -2.87810000
1.65084218 -2.88300000
1.66705486 -2.88340000
1.68326756 -2.88400000
1.69948025 -2.88480000
1.71569294 -2.88570000
1.73190563 -2.88660000
1.74811833 -2.88750000
1.76433101 -2.88820000
1.78054371 -2.88870000
1.79675640 -2.88900000
1.81296909 -2.88920000
1.82918178 -2.88930000
1.84539448 -2.88920000
1.86160716 -2.88920000
1.87781986 -2.88920000
1.89403255 -2.88920000
1.91024524 -2.88920000
1.92645793 -2.88940000
1.94267063 -2.88960000
1.95888331 -2.88990000
1.97509601 -2.89030000
1.99130870 -2.89070000
2.00752139 -2.89100000
2.02373408 -2.89130000
2.03994678 -2.89150000
2.05615946 -2.89170000
2.07237216 -2.89170000
2.08858485 -2.89170000
2.10479754 -2.89150000
2.12101023 -2.89120000
2.13748378 -2.89140000
2.15395733 -2.89200000
2.17043088 -2.89300000
2.18690443 -2.89420000
2.20337797 -2.89560000
2.21985152 -2.89720000
2.23632507 -2.89890000
2.25279862 -2.90060000
2.26927217 -2.90240000
2.28574571 -2.90420000
2.30221926 -2.90600000
2.31869281 -2.90770000
2.33516636 -2.90940000
2.35163991 -2.91100000
2.36811346 -2.91250000
2.38458700 -2.91370000
2.40106055 -2.91460000
2.41753410 -2.91520000
2.43400765 -2.91540000
2.45048120 -2.91520000
2.46695474 -2.91470000
2.48342829 -2.91380000
2.49990184 -2.91260000
2.51637539 -2.91120000
2.53284894 -2.90970000
2.54932249 -2.90810000
2.56579603 -2.90650000
2.58226958 -2.90500000
2.59874313 -2.90370000
2.61521668 -2.90270000
2.63169023 -2.90210000
2.64816377 -2.90180000
2.66445018 -2.90190000
2.68073659 -2.90190000
2.69702301 -2.90190000
2.71330942 -2.90170000
2.72959583 -2.90140000
2.74588223 -2.90080000
2.76216865 -2.89990000
2.77845506 -2.89870000
2.79474147 -2.89690000
2.81102788 -2.89470000
2.82731430 -2.89220000
2.84360071 -2.88940000
2.85988712 -2.88650000
2.87617352 -2.88360000
2.89245994 -2.88090000
2.90874635 -2.87850000
2.92503276 -2.87680000
2.94131917 -2.87610000
2.95760558 -2.87660000
2.97389200 -2.87770000
2.99017840 -2.87900000
3.00646481 -2.88060000
3.02275122 -2.88240000
3.03903764 -2.88430000
3.05532405 -2.88620000
3.07161046 -2.88820000
3.08789687 -2.89010000
3.10418328 -2.89180000
3.12046969 -2.89350000
3.13675610 -2.89490000
3.15304251 -2.89610000
3.16932893 -2.89700000
3.18561534 -2.89750000
3.20190175 -2.89770000
3.21811444 -2.89760000
3.23432713 -2.89730000
3.25053982 -2.89670000
3.26675252 -2.89590000
3.28296520 -2.89480000
3.29917790 -2.89350000
3.31539059 -2.89210000
3.33160328 -2.89060000
3.34781597 -2.88980000
3.36402867 -2.89090000
3.38024135 -2.89460000
3.39645405 -2.89930000
3.41266674 -2.90420000
3.42887943 -2.90900000
3.44509212 -2.91330000
3.46130482 -2.91720000
3.47751750 -2.92050000
3.49373020 -2.92320000
3.50994289 -2.92530000
3.52615558 -2.92700000
3.54236827 -2.92820000
3.55858096 -2.92900000
3.57479365 -2.92960000
3.59100634 -2.93000000
3.60721904 -2.93020000
3.62343172 -2.93040000
3.63964442 -2.93050000
3.65585711 -2.93060000
3.67206980 -2.93070000
3.68828249 -2.93380000

0.00000000 -2.84690000
0.01647355 -2.85190000
0.03294710 -2.85260000
0.04942064 -2.85350000
0.06589419 -2.85440000
0.08236774 -2.85510000
0.09884129 -2.85560000
0.11531484 -2.85820000
0.13178839 -2.86230000
0.14826193 -2.86580000
0.16473548 -2.86890000
0.18120903 -2.87140000
0.19768258 -2.87350000
0.21415613 -2.87520000
0.23062967 -2.87670000
0.24710322 -2.87800000
0.26357677 -2.87910000
0.28005032 -2.87980000
0.29652387 -2.88040000
0.31299741 -2.88050000
0.32947096 -2.88040000
0.34594451 -2.87980000
0.36241806 -2.87890000
0.37889161 -2.87770000
0.39536516 -2.87620000
0.41183870 -2.87460000
0.42831225 -2.87300000
0.44478580 -2.87160000
0.46125935 -2.87150000
0.47773290 -2.87260000
0.49420644 -2.87350000
0.51067999 -2.87430000
0.52715354 -2.87460000
0.54343995 -2.87470000
0.55972636 -2.87500000
0.57601278 -2.87530000
0.59229919 -2.87540000
0.60858559 -2.87490000
0.62487200 -2.87360000
0.64115842 -2.87160000
0.65744483 -2.86930000
0.67373124 -2.86710000
0.69001765 -2.86530000
0.70630407 -2.86370000
0.72259047 -2.86210000
0.73887688 -2.86050000
0.75516329 -2.85880000
0.77144971 -2.85720000
0.78773612 -2.85580000
0.80402253 -2.85450000
0.82030893 -2.85380000
0.83659534 -2.85380000
0.85288176 -2.85450000
0.86916817 -2.85590000
0.88545458 -2.85810000
0.90174099 -2.86070000
0.91802741 -2.86380000
0.93431382 -2.86700000
0.95060022 -2.87010000
0.96688663 -2.87300000
0.98317305 -2.87540000
0.99945946 -2.87730000
1.01574587 -2.87880000
1.03203228 -2.87980000
1.04831870 -2.88050000
1.06460510 -2.88090000
1.08089151 -2.88410000
1.09717792 -2.88120000
1.11346433 -2.88150000
1.12975075 -2.88210000
1.14603716 -2.88300000
1.16232357 -2.88410000
1.17860997 -2.88550000
1.19489639 -2.88700000
1.21118280 -2.88860000
1.22746921 -2.89020000
1.24375562 -2.89160000
1.26004204 -2.89260000
1.27632845 -2.89330000
1.29261485 -2.89370000
1.30890126 -2.89370000
1.32518768 -2.89370000
1.34147409 -2.89370000
1.35776050 -2.89310000
1.37404691 -2.89450000
1.39033332 -2.89510000
1.40661973 -2.89570000
1.42290614 -2.89590000
1.43919255 -2.89530000
1.45547896 -2.89290000
1.47176538 -2.88800000
1.48805179 -2.88200000
1.50433820 -2.87570000
1.52062460 -2.86980000
1.53691102 -2.86460000
1.55319743 -2.86020000
1.56948384 -2.85680000
1.58577025 -2.85440000
1.60205667 -2.85280000
1.61834308 -2.85190000
1.63462948 -2.84690000
1.65084218 -2.85190000
1.66705486 -2.85240000
1.68326756 -2.85330000
1.69948025 -2.85460000
1.71569294 -2.85630000
1.73190563 -2.85830000
1.74811833 -2.86070000
1.76433101 -2.86330000
1.78054371 -2.86600000
1.79675640 -2.86900000
1.81296909 -2.87200000
1.82918178 -2.87510000
1.84539448 -2.87820000
1.86160716 -2.88110000
1.87781986 -2.88390000
1.89403255 -2.88630000
1.91024524 -2.88810000
1.92645793 -2.88910000
1.94267063 -2.88950000
1.95888331 -2.88950000
1.97509601 -2.88940000
1.99130870 -2.88930000
2.00752139 -2.88930000
2.02373408 -2.88940000
2.03994678 -2.88950000
2.05615946 -2.88980000
2.07237216 -2.89020000
2.08858485 -2.89050000
2.10479754 -2.89090000
2.12101023 -2.89120000
2.13748378 -2.89140000
2.15395733 -2.89200000
2.17043088 -2.89300000
2.18690443 -2.89420000
2.20337797 -2.89560000
2.21985152 -2.89720000
2.23632507 -2.89890000
2.25279862 -2.90060000
2.26927217 -2.90240000
2.28574571 -2.90420000
2.30221926 -2.90600000
2.31869281 -2.90770000
2.33516636 -2.90940000
2.35163991 -2.91100000
2.36811346 -2.91250000
2.38458700 -2.91370000
2.40106055 -2.91460000
2.41753410 -2.91520000
2.43400765 -2.91540000
2.45048120 -2.91520000
2.46695474 -2.91470000
2.48342829 -2.91380000
2.49990184 -2.91260000
2.51637539 -2.91120000
2.53284894 -2.90970000
2.54932249 -2.90810000
2.56579603 -2.90650000
2.58226958 -2.90500000
2.59874313 -2.90370000
2.61521668 -2.90270000
2.63169023 -2.90210000
2.64816377 -2.90180000
2.66445018 -2.90130000
2.68073659 -2.89990000
2.69702301 -2.89770000
2.71330942 -2.89480000
2.72959583 -2.89160000
2.74588223 -2.88810000
2.76216865 -2.88470000
2.77845506 -2.88140000
2.79474147 -2.87860000
2.81102788 -2.87630000
2.82731430 -2.87460000
2.84360071 -2.87340000
2.85988712 -2.87270000
2.87617352 -2.87240000
2.89245994 -2.87230000
2.90874635 -2.87240000
2.92503276 -2.87250000
2.94131917 -2.87190000
2.95760558 -2.87080000
2.97389200 -2.86980000
2.99017840 -2.86920000
3.00646481 -2.86920000
3.02275122 -2.86980000
3.03903764 -2.87100000
3.05532405 -2.87230000
3.07161046 -2.87370000
3.08789687 -2.87500000
3.10418328 -2.87610000
3.12046969 -2.87700000
3.13675610 -2.87770000
3.15304251 -2.87830000
3.16932893 -2.87860000
3.18561534 -2.87880000
3.20190175 -2.87890000
3.21811444 -2.87870000
3.23432713 -2.87820000
3.25053982 -2.87730000
3.26675252 -2.87610000
3.28296520 -2.87470000
3.29917790 -2.87350000
3.31539059 -2.87300000
3.33160328 -2.87440000
3.34781597 -2.87720000
3.36402867 -2.87870000
3.38024135 -2.87760000
3.39645405 -2.87520000
3.41266674 -2.87210000
3.42887943 -2.86870000
3.44509212 -2.86500000
3.46130482 -2.86130000
3.47751750 -2.85760000
3.49373020 -2.85410000
3.50994289 -2.85140000
3.52615558 -2.85020000
3.54236827 -2.85100000
3.55858096 -2.85350000
3.57479365 -2.85710000
3.59100634 -2.86160000
3.60721904 -2.86640000
3.62343172 -2.87100000
3.63964442 -2.87510000
3.65585711 -2.87830000
3.67206980 -2.88040000
3.68828249 -2.88410000

0.00000000 -2.83620000
0.01647355 -2.84130000
0.03294710 -2.84220000
0.04942064 -2.84380000
0.06589419 -2.84620000
0.08236774 -2.84950000
0.09884129 -2.85360000
0.11531484 -2.85550000
0.13178839 -2.85540000
0.14826193 -2.85520000
0.16473548 -2.85490000
0.18120903 -2.85470000
0.19768258 -2.85470000
0.21415613 -2.85500000
0.23062967 -2.85570000
0.24710322 -2.85650000
0.26357677 -2.85760000
0.28005032 -2.85880000
0.29652387 -2.86010000
0.31299741 -2.86140000
0.32947096 -2.86270000
0.34594451 -2.86390000
0.36241806 -2.86510000
0.37889161 -2.86620000
0.39536516 -2.86730000
0.41183870 -2.86840000
0.42831225 -2.86940000
0.44478580 -2.87040000
0.46125935 -2.87040000
0.47773290 -2.86950000
0.49420644 -2.86890000
0.51067999 -2.86860000
0.52715354 -2.86850000
0.54343995 -2.86840000
0.55972636 -2.86820000
0.57601278 -2.86780000
0.59229919 -2.86730000
0.60858559 -2.86660000
0.62487200 -2.86560000
0.64115842 -2.86430000
0.65744483 -2.86220000
0.67373124 -2.85930000
0.69001765 -2.85560000
0.70630407 -2.85160000
0.72259047 -2.84770000
0.73887688 -2.84440000
0.75516329 -2.84180000
0.77144971 -2.84000000
0.78773612 -2.83890000
0.80402253 -2.83820000
0.82030893 -2.83740000
0.83659534 -2.83630000
0.85288176 -2.83470000
0.86916817 -2.83260000
0.88545458 -2.83040000
0.90174099 -2.82980000
0.91802741 -2.83090000
0.93431382 -2.83180000
0.95060022 -2.83220000
0.96688663 -2.83200000
0.98317305 -2.83140000
0.99945946 -2.83030000
1.01574587 -2.82900000
1.03203228 -2.82760000
1.04831870 -2.82620000
1.06460510 -2.82510000
1.08089151 -2.82760000
1.09717792 -2.82550000
1.11346433 -2.82770000
1.12975075 -2.83050000
1.14603716 -2.83360000
1.16232357 -2.83670000
1.17860997 -2.83990000
1.19489639 -2.84320000
1.21118280 -2.84650000
1.22746921 -2.84990000
1.24375562 -2.85340000
1.26004204 -2.85670000
1.27632845 -2.86000000
1.29261485 -2.86290000
1.30890126 -2.86550000
1.32518768 -2.86760000
1.34147409 -2.86910000
1.35776050 -2.86890000
1.37404691 -2.86970000
1.39033332 -2.86890000
1.40661973 -2.86750000
1.42290614 -2.86550000
1.43919255 -2.86320000
1.45547896 -2.86040000
1.47176538 -2.85730000
1.48805179 -2.85390000
1.50433820 -2.85020000
1.52062460 -2.84670000
1.53691102 -2.84400000
1.55319743 -2.84250000
1.56948384 -2.84190000
1.58577025 -2.84150000
1.60205667 -2.84120000
1.61834308 -2.84100000
1.63462948 -2.83620000
1.65084218 -2.84090000
1.66705486 -2.84070000
1.68326756 -2.84030000
1.69948025 -2.83980000
1.71569294 -2.83910000
1.73190563 -2.83830000
1.74811833 -2.83730000
1.76433101 -2.83620000
1.78054371 -2.83510000
1.79675640 -2.83380000
1.81296909 -2.83260000
1.82918178 -2.83140000
1.84539448 -2.83030000
1.86160716 -2.82930000
1.87781986 -2.82840000
1.89403255 -2.82830000
1.91024524 -2.82830000
1.92645793 -2.82820000
1.94267063 -2.82790000
1.95888331 -2.82740000
1.97509601 -2.82690000
1.99130870 -2.82610000
2.00752139 -2.82540000
2.02373408 -2.82450000
2.03994678 -2.82380000
2.05615946 -2.82310000
2.07237216 -2.82260000
2.08858485 -2.82230000
2.10479754 -2.82210000
2.12101023 -2.82200000
2.13748378 -2.82190000
2.15395733 -2.82160000
2.17043088 -2.82110000
2.18690443 -2.82070000
2.20337797 -2.82030000
2.21985152 -2.82010000
2.23632507 -2.82020000
2.25279862 -2.82060000
2.26927217 -2.82140000
2.28574571 -2.82250000
2.30221926 -2.82390000
2.31869281 -2.82540000
2.33516636 -2.82690000
2.35163991 -2.82840000
2.36811346 -2.82990000
2.38458700 -2.83110000
2.40106055 -2.83200000
2.41753410 -2.83270000
2.43400765 -2.83310000
2.45048120 -2.83320000
2.46695474 -2.83300000
2.48342829 -2.83250000
2.49990184 -2.83190000
2.51637539 -2.83120000
2.53284894 -2.83040000
2.54932249 -2.82970000
2.56579603 -2.82910000
2.58226958 -2.82870000
2.59874313 -2.82850000
2.61521668 -2.82840000
2.63169023 -2.82830000
2.64816377 -2.82830000
2.66445018 -2.83080000
2.68073659 -2.83320000
2.69702301 -2.83530000
2.71330942 -2.83700000
2.72959583 -2.83820000
2.74588223 -2.83880000
2.76216865 -2.83880000
2.77845506 -2.83790000
2.79474147 -2.83630000
2.81102788 -2.83390000
2.82731430 -2.83110000
2.84360071 -2.82900000
2.85988712 -2.83000000
2.87617352 -2.83190000
2.89245994 -2.83390000
2.90874635 -2.83610000
2.92503276 -2.83840000
2.94131917 -2.84070000
2.95760558 -2.84300000
2.97389200 -2.84510000
2.99017840 -2.84680000
3.00646481 -2.84790000
3.02275122 -2.84830000
3.03903764 -2.84800000
3.05532405 -2.84720000
3.07161046 -2.84600000
3.08789687 -2.84460000
3.10418328 -2.84310000
3.12046969 -2.84170000
3.13675610 -2.84050000
3.15304251 -2.83940000
3.16932893 -2.83870000
3.18561534 -2.83820000
3.20190175 -2.83810000
3.21811444 -2.83890000
3.23432713 -2.84100000
3.25053982 -2.84420000
3.26675252 -2.84810000
3.28296520 -2.85250000
3.29917790 -2.85680000
3.31539059 -2.86030000
3.33160328 -2.86140000
3.34781597 -2.86020000
3.36402867 -2.85800000
3.38024135 -2.85540000
3.39645405 -2.85280000
3.41266674 -2.85050000
3.42887943 -2.84850000
3.44509212 -2.84690000
3.46130482 -2.84570000
3.47751750 -2.84470000
3.49373020 -2.84400000
3.50994289 -2.84320000
3.52615558 -2.84180000
3.54236827 -2.83990000
3.55858096 -2.83760000
3.57479365 -2.83550000
3.59100634 -2.83340000
3.60721904 -2.83140000
3.62343172 -2.82940000
3.63964442 -2.82760000
3.65585711 -2.82610000
3.67206980 -2.82500000
3.68828249 -2.82760000

0.00000000 -2.81030000
0.01647355 -2.81570000
0.03294710 -2.81780000
0.04942064 -2.82130000
0.06589419 -2.82550000
0.08236774 -2.82940000
0.09884129 -2.83210000
0.11531484 -2.83380000
0.13178839 -2.83470000
0.14826193 -2.83510000
0.16473548 -2.83530000
0.18120903 -2.83530000
0.19768258 -2.83540000
0.21415613 -2.83580000
0.23062967 -2.83650000
0.24710322 -2.83750000
0.26357677 -2.83860000
0.28005032 -2.83970000
0.29652387 -2.84060000
0.31299741 -2.84130000
0.32947096 -2.84180000
0.34594451 -2.84200000
0.36241806 -2.84190000
0.37889161 -2.84140000
0.39536516 -2.84050000
0.41183870 -2.83920000
0.42831225 -2.83760000
0.44478580 -2.83580000
0.46125935 -2.83420000
0.47773290 -2.83290000
0.49420644 -2.83220000
0.51067999 -2.83180000
0.52715354 -2.83170000
0.54343995 -2.83190000
0.55972636 -2.83210000
0.57601278 -2.83240000
0.59229919 -2.83260000
0.60858559 -2.83260000
0.62487200 -2.83230000
0.64115842 -2.83180000
0.65744483 -2.83100000
0.67373124 -2.83000000
0.69001765 -2.82880000
0.70630407 -2.82750000
0.72259047 -2.82610000
0.73887688 -2.82460000
0.75516329 -2.82310000
0.77144971 -2.82170000
0.78773612 -2.82050000
0.80402253 -2.81970000
0.82030893 -2.81950000
0.83659534 -2.82020000
0.85288176 -2.82170000
0.86916817 -2.82370000
0.88545458 -2.82570000
0.90174099 -2.82550000
0.91802741 -2.82290000
0.93431382 -2.81990000
0.95060022 -2.81710000
0.96688663 -2.81470000
0.98317305 -2.81320000
0.99945946 -2.81250000
1.01574587 -2.81260000
1.03203228 -2.81320000
1.04831870 -2.81400000
1.06460510 -2.81470000
1.08089151 -2.81810000
1.09717792 -2.81470000
1.11346433 -2.81420000
1.12975075 -2.81460000
1.14603716 -2.81620000
1.16232357 -2.81900000
1.17860997 -2.82240000
1.19489639 -2.82590000
1.21118280 -2.82910000
1.22746921 -2.83180000
1.24375562 -2.83390000
1.26004204 -2.83560000
1.27632845 -2.83680000
1.29261485 -2.83760000
1.30890126 -2.83820000
1.32518768 -2.83840000
1.34147409 -2.83850000
1.35776050 -2.83750000
1.37404691 -2.83810000
1.39033332 -2.83780000
1.40661973 -2.83740000
1.42290614 -2.83710000
1.43919255 -2.83690000
1.45547896 -2.83680000
1.47176538 -2.83670000
1.48805179 -2.83660000
1.50433820 -2.83640000
1.52062460 -2.83550000
1.53691102 -2.83330000
1.55319743 -2.82970000
1.56948384 -2.82540000
1.58577025 -2.82130000
1.60205667 -2.81800000
1.61834308 -2.81580000
1.63462948 -2.81030000
1.65084218 -2.81530000
1.66705486 -2.81580000
1.68326756 -2.81680000
1.69948025 -2.81800000
1.71569294 -2.81950000
1.73190563 -2.82110000
1.74811833 -2.82260000
1.76433101 -2.82390000
1.78054371 -2.82500000
1.79675640 -2.82590000
1.81296909 -2.82660000
1.82918178 -2.82720000
1.84539448 -2.82760000
1.86160716 -2.82800000
1.87781986 -2.82820000
1.89403255 -2.82760000
1.91024524 -2.82690000
1.92645793 -2.82630000
1.94267063 -2.82580000
1.95888331 -2.82530000
1.97509601 -2.82490000
1.99130870 -2.82450000
2.00752139 -2.82410000
2.02373408 -2.82380000
2.03994678 -2.82340000
2.05615946 -2.82300000
2.07237216 -2.82250000
2.08858485 -2.82220000
2.10479754 -2.82200000
2.12101023 -2.82200000
2.13748378 -2.82190000
2.15395733 -2.82160000
2.17043088 -2.82110000
2.18690443 -2.82070000
2.20337797 -2.82030000
2.21985152 -2.82010000
2.23632507 -2.82020000
2.25279862 -2.82060000
2.26927217 -2.82140000
2.28574571 -2.82250000
2.30221926 -2.82390000
2.31869281 -2.82540000
2.33516636 -2.82690000
2.35163991 -2.82840000
2.36811346 -2.82990000
2.38458700 -2.83110000
2.40106055 -2.83200000
2.41753410 -2.83270000
2.43400765 -2.83310000
2.45048120 -2.83320000
2.46695474 -2.83300000
2.48342829 -2.83250000
2.49990184 -2.83190000
2.51637539 -2.83120000
2.53284894 -2.83040000
2.54932249 -2.82970000
2.56579603 -2.82910000
2.58226958 -2.82870000
2.59874313 -2.82850000
2.61521668 -2.82840000
2.63169023 -2.82830000
2.64816377 -2.82830000
2.66445018 -2.82580000
2.68073659 -2.82340000
2.69702301 -2.82140000
2.71330942 -2.81990000
2.72959583 -2.81910000
2.74588223 -2.81910000
2.76216865 -2.81980000
2.77845506 -2.82090000
2.79474147 -2.82240000
2.81102788 -2.82400000
2.82731430 -2.82570000
2.84360071 -2.82660000
2.85988712 -2.82460000
2.87617352 -2.82230000
2.89245994 -2.82060000
2.90874635 -2.81930000
2.92503276 -2.81850000
2.94131917 -2.81800000
2.95760558 -2.81780000
2.97389200 -2.81780000
2.99017840 -2.81790000
3.00646481 -2.81820000
3.02275122 -2.81870000
3.03903764 -2.81920000
3.05532405 -2.81990000
3.07161046 -2.82070000
3.08789687 -2.82140000
3.10418328 -2.82210000
3.12046969 -2.82280000
3.13675610 -2.82320000
3.15304251 -2.82360000
3.16932893 -2.82380000
3.18561534 -2.82390000
3.20190175 -2.82390000
3.21811444 -2.82370000
3.23432713 -2.82320000
3.25053982 -2.82260000
3.26675252 -2.82210000
3.28296520 -2.82170000
3.29917790 -2.82150000
3.31539059 -2.82140000
3.33160328 -2.82140000
3.34781597 -2.82140000
3.36402867 -2.82150000
3.38024135 -2.82160000
3.39645405 -2.82170000
3.41266674 -2.82170000
3.42887943 -2.82190000
3.44509212 -2.82200000
3.46130482 -2.82240000
3.47751750 -2.82280000
3.49373020 -2.82320000
3.50994289 -2.82340000
3.52615558 -2.82320000
3.54236827 -2.82220000
3.55858096 -2.82040000
3.57479365 -2.81820000
3.59100634 -2.81610000
3.60721904 -2.81460000
3.62343172 -2.81390000
3.63964442 -2.81400000
3.65585711 -2.81440000
3.67206980 -2.81490000
3.68828249 -2.81810000

0.00000000 -2.78040000
0.01647355 -2.78640000
0.03294710 -2.79100000
0.04942064 -2.79620000
0.06589419 -2.80030000
0.08236774 -2.80360000
0.09884129 -2.80640000
0.11531484 -2.80900000
0.13178839 -2.81140000
0.14826193 -2.81380000
0.16473548 -2.81580000
0.18120903 -2.81740000
0.19768258 -2.81840000
0.21415613 -2.81840000
0.23062967 -2.81760000
0.24710322 -2.81600000
0.26357677 -2.81400000
0.28005032 -2.81180000
0.29652387 -2.80960000
0.31299741 -2.80750000
0.32947096 -2.80560000
0.34594451 -2.80380000
0.36241806 -2.80230000
0.37889161 -2.80100000
0.39536516 -2.79990000
0.41183870 -2.79900000
0.42831225 -2.79820000
0.44478580 -2.79730000
0.46125935 -2.79620000
0.47773290 -2.79460000
0.49420644 -2.79260000
0.51067999 -2.79070000
0.52715354 -2.78980000
0.54343995 -2.79000000
0.55972636 -2.79060000
0.57601278 -2.79130000
0.59229919 -2.79230000
0.60858559 -2.79340000
0.62487200 -2.79460000
0.64115842 -2.79580000
0.65744483 -2.79700000
0.67373124 -2.79810000
0.69001765 -2.79900000
0.70630407 -2.79960000
0.72259047 -2.79960000
0.73887688 -2.79910000
0.75516329 -2.79810000
0.77144971 -2.79680000
0.78773612 -2.79580000
0.80402253 -2.79540000
0.82030893 -2.79590000
0.83659534 -2.79690000
0.85288176 -2.79800000
0.86916817 -2.79880000
0.88545458 -2.79930000
0.90174099 -2.79950000
0.91802741 -2.79960000
0.93431382 -2.79950000
0.95060022 -2.79910000
0.96688663 -2.79840000
0.98317305 -2.79710000
0.99945946 -2.79530000
1.01574587 -2.79340000
1.03203228 -2.79160000
1.04831870 -2.79020000
1.06460510 -2.78930000
1.08089151 -2.79200000
1.09717792 -2.78930000
1.11346433 -2.79010000
1.12975075 -2.79090000
1.14603716 -2.79120000
1.16232357 -2.79100000
1.17860997 -2.79050000
1.19489639 -2.79020000
1.21118280 -2.79020000
1.22746921 -2.79100000
1.24375562 -2.79260000
1.26004204 -2.79500000
1.27632845 -2.79780000
1.29261485 -2.80060000
1.30890126 -2.80320000
1.32518768 -2.80540000
1.34147409 -2.80730000
1.35776050 -2.80810000
1.37404691 -2.81010000
1.39033332 -2.81100000
1.40661973 -2.81140000
1.42290614 -2.81140000
1.43919255 -2.81080000
1.45547896 -2.80980000
1.47176538 -2.80840000
1.48805179 -2.80650000
1.50433820 -2.80410000
1.52062460 -2.80150000
1.53691102 -2.79850000
1.55319743 -2.79520000
1.56948384 -2.79170000
1.58577025 -2.78830000
1.60205667 -2.78550000
1.61834308 -2.78490000
1.63462948 -2.78040000
1.65084218 -2.78620000
1.66705486 -2.78870000
1.68326756 -2.79150000
1.69948025 -2.79390000
1.71569294 -2.79550000
1.73190563 -2.79640000
1.74811833 -2.79670000
1.76433101 -2.79650000
1.78054371 -2.79590000
1.79675640 -2.79500000
1.81296909 -2.79390000
1.82918178 -2.79260000
1.84539448 -2.79130000
1.86160716 -2.78990000
1.87781986 -2.78860000
1.89403255 -2.78740000
1.91024524 -2.78630000
1.92645793 -2.78540000
1.94267063 -2.78450000
1.95888331 -2.78360000
1.97509601 -2.78270000
1.99130870 -2.78170000
2.00752139 -2.78040000
2.02373408 -2.77880000
2.03994678 -2.77670000
2.05615946 -2.77400000
2.07237216 -2.77070000
2.08858485 -2.76680000
2.10479754 -2.76220000
2.12101023 -2.75710000
2.13748378 -2.75720000
2.15395733 -2.75750000
2.17043088 -2.75800000
2.18690443 -2.75860000
2.20337797 -2.75930000
2.21985152 -2.76000000
2.23632507 -2.76070000
2.25279862 -2.76130000
2.26927217 -2.76180000
2.28574571 -2.76220000
2.30221926 -2.76260000
2.31869281 -2.76310000
2.33516636 -2.76360000
2.35163991 -2.76440000
2.36811346 -2.76530000
2.38458700 -2.76650000
2.40106055 -2.76800000
2.41753410 -2.76970000
2.43400765 -2.77170000
2.45048120 -2.77400000
2.46695474 -2.77640000
2.48342829 -2.77890000
2.49990184 -2.78150000
2.51637539 -2.78410000
2.53284894 -2.78660000
2.54932249 -2.78890000
2.56579603 -2.79080000
2.58226958 -2.79240000
2.59874313 -2.79360000
2.61521668 -2.79450000
2.63169023 -2.79490000
2.64816377 -2.79510000
2.66445018 -2.79530000
2.68073659 -2.79550000
2.69702301 -2.79580000
2.71330942 -2.79600000
2.72959583 -2.79620000
2.74588223 -2.79620000
2.76216865 -2.79620000
2.77845506 -2.79610000
2.79474147 -2.79590000
2.81102788 -2.79540000
2.82731430 -2.79460000
2.84360071 -2.79330000
2.85988712 -2.79150000
2.87617352 -2.78920000
2.89245994 -2.78640000
2.90874635 -2.78330000
2.92503276 -2.78010000
2.94131917 -2.77700000
2.95760558 -2.77400000
2.97389200 -2.77120000
2.99017840 -2.76880000
3.00646481 -2.76670000
3.02275122 -2.76490000
3.03903764 -2.76360000
3.05532405 -2.76280000
3.07161046 -2.76280000
3.08789687 -2.76350000
3.10418328 -2.76500000
3.12046969 -2.76660000
3.13675610 -2.76820000
3.15304251 -2.76950000
3.16932893 -2.77050000
3.18561534 -2.77100000
3.20190175 -2.77120000
3.21811444 -2.77180000
3.23432713 -2.77340000
3.25053982 -2.77570000
3.26675252 -2.77850000
3.28296520 -2.78140000
3.29917790 -2.78440000
3.31539059 -2.78730000
3.33160328 -2.79000000
3.34781597 -2.79240000
3.36402867 -2.79440000
3.38024135 -2.79600000
3.39645405 -2.79710000
3.41266674 -2.79770000
3.42887943 -2.79770000
3.44509212 -2.79730000
3.46130482 -2.79650000
3.47751750 -2.79570000
3.49373020 -2.79510000
3.50994289 -2.79470000
3.52615558 -2.79490000
3.54236827 -2.79540000
3.55858096 -2.79610000
3.57479365 -2.79660000
3.59100634 -2.79670000
3.60721904 -2.79600000
3.62343172 -2.79450000
3.63964442 -2.79250000
3.65585711 -2.79070000
3.67206980 -2.78940000
3.68828249 -2.79200000

0.00000000 -2.77520000
0.01647355 -2.78130000
0.03294710 -2.78190000
0.04942064 -2.78140000
0.06589419 -2.78070000
0.08236774 -2.78010000
0.09884129 -2.77970000
0.11531484 -2.77960000
0.13178839 -2.77980000
0.14826193 -2.78010000
0.16473548 -2.78050000
0.18120903 -2.78090000
0.19768258 -2.78110000
0.21415613 -2.78100000
0.23062967 -2.78060000
0.24710322 -2.77980000
0.26357677 -2.77850000
0.28005032 -2.77680000
0.29652387 -2.77490000
0.31299741 -2.77280000
0.32947096 -2.77080000
0.34594451 -2.76900000
0.36241806 -2.76760000
0.37889161 -2.76680000
0.39536516 -2.76650000
0.41183870 -2.76680000
0.42831225 -2.76770000
0.44478580 -2.76900000
0.46125935 -2.77080000
0.47773290 -2.77290000
0.49420644 -2.77510000
0.51067999 -2.77700000
0.52715354 -2.77790000
0.54343995 -2.77710000
0.55972636 -2.77490000
0.57601278 -2.77170000
0.59229919 -2.76780000
0.60858559 -2.76360000
0.62487200 -2.75940000
0.64115842 -2.75550000
0.65744483 -2.75210000
0.67373124 -2.74960000
0.69001765 -2.74810000
0.70630407 -2.74760000
0.72259047 -2.74820000
0.73887688 -2.74960000
0.75516329 -2.75150000
0.77144971 -2.75340000
0.78773612 -2.75460000
0.80402253 -2.75470000
0.82030893 -2.75320000
0.83659534 -2.75050000
0.85288176 -2.74700000
0.86916817 -2.74320000
0.88545458 -2.73940000
0.90174099 -2.73600000
0.91802741 -2.73310000
0.93431382 -2.73080000
0.95060022 -2.72910000
0.96688663 -2.72790000
0.98317305 -2.72720000
0.99945946 -2.72690000
1.01574587 -2.72670000
1.03203228 -2.72660000
1.04831870 -2.72660000
1.06460510 -2.72660000
1.08089151 -2.72960000
1.09717792 -2.72770000
1.11346433 -2.73070000
1.12975075 -2.73530000
1.14603716 -2.74110000
1.16232357 -2.74740000
1.17860997 -2.75390000
1.19489639 -2.76010000
1.21118280 -2.76570000
1.22746921 -2.77020000
1.24375562 -2.77340000
1.26004204 -2.77540000
1.27632845 -2.77640000
1.29261485 -2.77670000
1.30890126 -2.77670000
1.32518768 -2.77640000
1.34147409 -2.77580000
1.35776050 -2.77410000
1.37404691 -2.77400000
1.39033332 -2.77280000
1.40661973 -2.77160000
1.42290614 -2.77050000
1.43919255 -2.76940000
1.45547896 -2.76850000
1.47176538 -2.76790000
1.48805179 -2.76780000
1.50433820 -2.76820000
1.52062460 -2.76920000
1.53691102 -2.77100000
1.55319743 -2.77340000
1.56948384 -2.77620000
1.58577025 -2.77890000
1.60205667 -2.78080000
1.61834308 -2.78060000
1.63462948 -2.77520000
1.65084218 -2.77990000
1.66705486 -2.77970000
1.68326756 -2.77930000
1.69948025 -2.77870000
1.71569294 -2.77780000
1.73190563 -2.77670000
1.74811833 -2.77530000
1.76433101 -2.77350000
1.78054371 -2.77140000
1.79675640 -2.76870000
1.81296909 -2.76560000
1.82918178 -2.76200000
1.84539448 -2.75790000
1.86160716 -2.75330000
1.87781986 -2.74820000
1.89403255 -2.74290000
1.91024524 -2.73740000
1.92645793 -2.73210000
1.94267063 -2.72730000
1.95888331 -2.72330000
1.97509601 -2.72080000
1.99130870 -2.72000000
2.00752139 -2.72110000
2.02373408 -2.72400000
2.03994678 -2.72840000
2.05615946 -2.73360000
2.07237216 -2.73950000
2.08858485 -2.74550000
2.10479754 -2.75140000
2.12101023 -2.75710000
2.13748378 -2.75720000
2.15395733 -2.75750000
2.17043088 -2.75800000
2.18690443 -2.75860000
2.20337797 -2.75930000
2.21985152 -2.76000000
2.23632507 -2.76070000
2.25279862 -2.76130000
2.26927217 -2.76180000
2.28574571 -2.76220000
2.30221926 -2.76260000
2.31869281 -2.76310000
2.33516636 -2.76360000
2.35163991 -2.76440000
2.36811346 -2.76530000
2.38458700 -2.76650000
2.40106055 -2.76800000
2.41753410 -2.76970000
2.43400765 -2.77170000
2.45048120 -2.77400000
2.46695474 -2.77640000
2.48342829 -2.77890000
2.49990184 -2.78150000
2.51637539 -2.78410000
2.53284894 -2.78660000
2.54932249 -2.78890000
2.56579603 -2.79080000
2.58226958 -2.79240000
2.59874313 -2.79360000
2.61521668 -2.79450000
2.63169023 -2.79490000
2.64816377 -2.79510000
2.66445018 -2.79490000
2.68073659 -2.79470000
2.69702301 -2.79420000
2.71330942 -2.79330000
2.72959583 -2.79170000
2.74588223 -2.78930000
2.76216865 -2.78590000
2.77845506 -2.78160000
2.79474147 -2.77640000
2.81102788 -2.77040000
2.82731430 -2.76340000
2.84360071 -2.75570000
2.85988712 -2.74730000
2.87617352 -2.73860000
2.89245994 -2.73010000
2.90874635 -2.72250000
2.92503276 -2.71650000
2.94131917 -2.71290000
2.95760558 -2.71190000
2.97389200 -2.71350000
2.99017840 -2.71700000
3.00646481 -2.72190000
3.02275122 -2.72750000
3.03903764 -2.73300000
3.05532405 -2.73800000
3.07161046 -2.74180000
3.08789687 -2.74420000
3.10418328 -2.74540000
3.12046969 -2.74560000
3.13675610 -2.74540000
3.15304251 -2.74510000
3.16932893 -2.74470000
3.18561534 -2.74440000
3.20190175 -2.74430000
3.21811444 -2.74380000
3.23432713 -2.74240000
3.25053982 -2.74040000
3.26675252 -2.73790000
3.28296520 -2.73520000
3.29917790 -2.73240000
3.31539059 -2.72960000
3.33160328 -2.72670000
3.34781597 -2.72390000
3.36402867 -2.72130000
3.38024135 -2.71870000
3.39645405 -2.71640000
3.41266674 -2.71430000
3.42887943 -2.71250000
3.44509212 -2.71110000
3.46130482 -2.71010000
3.47751750 -2.70950000
3.49373020 -2.70940000
3.50994289 -2.70980000
3.52615558 -2.71070000
3.54236827 -2.71190000
3.55858096 -2.71350000
3.57479365 -2.71540000
3.59100634 -2.71740000
3.60721904 -2.71950000
3.62343172 -2.72170000
3.63964442 -2.72360000
3.65585711 -2.72520000
3.67206980 -2.72630000
3.68828249 -2.72960000

0.00000000 -2.74500000
0.01647355 -2.74610000
0.03294710 -2.73770000
0.04942064 -2.72740000
0.06589419 -2.71620000
0.08236774 -2.70430000
0.09884129 -2.69190000
0.11531484 -2.67900000
0.13178839 -2.66570000
0.14826193 -2.65200000
0.16473548 -2.63820000
0.18120903 -2.62440000
0.19768258 -2.61090000
0.21415613 -2.59810000
0.23062967 -2.58590000
0.24710322 -2.57450000
0.26357677 -2.56370000
0.28005032 -2.55310000
0.29652387 -2.54270000
0.31299741 -2.53240000
0.32947096 -2.52200000
0.34594451 -2.51170000
0.36241806 -2.50180000
0.37889161 -2.49270000
0.39536516 -2.48480000
0.41183870 -2.47890000
0.42831225 -2.47540000
0.44478580 -2.47410000
0.46125935 -2.47440000
0.47773290 -2.47550000
0.49420644 -2.47670000
0.51067999 -2.47760000
0.52715354 -2.47790000
0.54343995 -2.47840000
0.55972636 -2.47980000
0.57601278 -2.48210000
0.59229919 -2.48540000
0.60858559 -2.48960000
0.62487200 -2.49470000
0.64115842 -2.50060000
0.65744483 -2.50730000
0.67373124 -2.51470000
0.69001765 -2.52250000
0.70630407 -2.53060000
0.72259047 -2.53890000
0.73887688 -2.54690000
0.75516329 -2.55460000
0.77144971 -2.56170000
0.78773612 -2.56800000
0.80402253 -2.57350000
0.82030893 -2.57800000
0.83659534 -2.58160000
0.85288176 -2.58430000
0.86916817 -2.58620000
0.88545458 -2.58730000
0.90174099 -2.58770000
0.91802741 -2.58740000
0.93431382 -2.58650000
0.95060022 -2.58480000
0.96688663 -2.58250000
0.98317305 -2.57960000
0.99945946 -2.57610000
1.01574587 -2.57240000
1.03203228 -2.56850000
1.04831870 -2.56510000
1.06460510 -2.56260000
1.08089151 -2.56470000
1.09717792 -2.56160000
1.11346433 -2.56110000
1.12975075 -2.56040000
1.14603716 -2.55940000
1.16232357 -2.55800000
1.17860997 -2.55630000
1.19489639 -2.55430000
1.21118280 -2.55230000
1.22746921 -2.55030000
1.24375562 -2.54860000
1.26004204 -2.54750000
1.27632845 -2.54730000
1.29261485 -2.54840000
1.30890126 -2.55110000
1.32518768 -2.55610000
1.34147409 -2.56360000
1.35776050 -2.57280000
1.37404691 -2.58610000
1.39033332 -2.60030000
1.40661973 -2.61560000
1.42290614 -2.63120000
1.43919255 -2.64670000
1.45547896 -2.66180000
1.47176538 -2.67610000
1.48805179 -2.68940000
1.50433820 -2.70150000
1.52062460 -2.71230000
1.53691102 -2.72160000
1.55319743 -2.72950000
1.56948384 -2.73610000
1.58577025 -2.74150000
1.60205667 -2.74580000
1.61834308 -2.74870000
1.63462948 -2.74500000
1.65084218 -2.74780000
1.66705486 -2.74270000
1.68326756 -2.73550000
1.69948025 -2.72740000
1.71569294 -2.71860000
1.73190563 -2.70970000
1.74811833 -2.70090000
1.76433101 -2.69250000
1.78054371 -2.68470000
1.79675640 -2.67770000
1.81296909 -2.67140000
1.82918178 -2.66590000
1.84539448 -2.66100000
1.86160716 -2.65650000
1.87781986 -2.65230000
1.89403255 -2.64810000
1.91024524 -2.64370000
1.92645793 -2.63910000
1.94267063 -2.63420000
1.95888331 -2.62900000
1.97509601 -2.62340000
1.99130870 -2.61750000
2.00752139 -2.61140000
2.02373408 -2.60750000
2.03994678 -2.60340000
2.05615946 -2.59860000
2.07237216 -2.59350000
2.08858485 -2.58880000
2.10479754 -2.58510000
2.12101023 -2.58300000
2.13748378 -2.58250000
2.15395733 -2.58090000
2.17043088 -2.57840000
2.18690443 -2.57480000
2.20337797 -2.57020000
2.21985152 -2.56480000
2.23632507 -2.55840000
2.25279862 -2.55110000
2.26927217 -2.54310000
2.28574571 -2.53440000
2.30221926 -2.52500000
2.31869281 -2.51500000
2.33516636 -2.50450000
2.35163991 -2.49360000
2.36811346 -2.48230000
2.38458700 -2.47080000
2.40106055 -2.45920000
2.41753410 -2.44770000
2.43400765 -2.43660000
2.45048120 -2.42600000
2.46695474 -2.41630000
2.48342829 -2.40780000
2.49990184 -2.40090000
2.51637539 -2.39600000
2.53284894 -2.39310000
2.54932249 -2.39230000
2.56579603 -2.39320000
2.58226958 -2.39520000
2.59874313 -2.39770000
2.61521668 -2.40000000
2.63169023 -2.40160000
2.64816377 -2.40220000
2.66445018 -2.40410000
2.68073659 -2.40740000
2.69702301 -2.41220000
2.71330942 -2.41800000
2.72959583 -2.42490000
2.74588223 -2.43230000
2.76216865 -2.44010000
2.77845506 -2.44820000
2.79474147 -2.45630000
2.81102788 -2.46440000
2.82731430 -2.47230000
2.84360071 -2.48000000
2.85988712 -2.48770000
2.87617352 -2.49550000
2.89245994 -2.50310000
2.90874635 -2.51030000
2.92503276 -2.51660000
2.94131917 -2.52210000
2.95760558 -2.52670000
2.97389200 -2.53080000
2.99017840 -2.53460000
3.00646481 -2.53830000
3.02275122 -2.54210000
3.03903764 -2.54610000
3.05532405 -2.55040000
3.07161046 -2.55480000
3.08789687 -2.55940000
3.10418328 -2.56390000
3.12046969 -2.56830000
3.13675610 -2.57220000
3.15304251 -2.57550000
3.16932893 -2.57800000
3.18561534 -2.57960000
3.20190175 -2.58020000
3.21811444 -2.57910000
3.23432713 -2.57610000
3.25053982 -2.57130000
3.26675252 -2.56480000
3.28296520 -2.55710000
3.29917790 -2.54850000
3.31539059 -2.53960000
3.33160328 -2.53080000
3.34781597 -2.52310000
3.36402867 -2.51730000
3.38024135 -2.51450000
3.39645405 -2.51560000
3.41266674 -2.52070000
3.42887943 -2.52890000
3.44509212 -2.53890000
3.46130482 -2.54960000
3.47751750 -2.55980000
3.49373020 -2.56890000
3.50994289 -2.57620000
3.52615558 -2.58150000
3.54236827 -2.58450000
3.55858096 -2.58550000
3.57479365 -2.58450000
3.59100634 -2.58190000
3.60721904 -2.57820000
3.62343172 -2.57380000
3.63964442 -2.56930000
3.65585711 -2.56540000
3.67206980 -2.56270000
3.68828249 -2.56470000

0.00000000 -2.56370000
0.01647355 -2.56860000
0.03294710 -2.56880000
0.04942064 -2.56900000
0.06589419 -2.56890000
0.08236774 -2.56820000
0.09884129 -2.56680000
0.11531484 -2.56460000
0.13178839 -2.56140000
0.14826193 -2.55710000
0.16473548 -2.55150000
0.18120903 -2.54440000
0.19768258 -2.53550000
0.21415613 -2.52460000
0.23062967 -2.51170000
0.24710322 -2.49680000
0.26357677 -2.48050000
0.28005032 -2.46330000
0.29652387 -2.44580000
0.31299741 -2.42890000
0.32947096 -2.41340000
0.34594451 -2.40060000
0.36241806 -2.39240000
0.37889161 -2.39180000
0.39536516 -2.39600000
0.41183870 -2.39970000
0.42831225 -2.40130000
0.44478580 -2.40080000
0.46125935 -2.39880000
0.47773290 -2.39600000
0.49420644 -2.39300000
0.51067999 -2.39060000
0.52715354 -2.38960000
0.54343995 -2.39050000
0.55972636 -2.39370000
0.57601278 -2.40020000
0.59229919 -2.41010000
0.60858559 -2.42100000
0.62487200 -2.43160000
0.64115842 -2.44120000
0.65744483 -2.44950000
0.67373124 -2.45650000
0.69001765 -2.46220000
0.70630407 -2.46680000
0.72259047 -2.47070000
0.73887688 -2.47420000
0.75516329 -2.47770000
0.77144971 -2.48120000
0.78773612 -2.48470000
0.80402253 -2.48810000
0.82030893 -2.49130000
0.83659534 -2.49410000
0.85288176 -2.49640000
0.86916817 -2.49820000
0.88545458 -2.49940000
0.90174099 -2.50000000
0.91802741 -2.50040000
0.93431382 -2.50050000
0.95060022 -2.50060000
0.96688663 -2.50100000
0.98317305 -2.50180000
0.99945946 -2.50310000
1.01574587 -2.50500000
1.03203228 -2.50730000
1.04831870 -2.50960000
1.06460510 -2.51150000
1.08089151 -2.51520000
1.09717792 -2.50950000
1.11346433 -2.50160000
1.12975075 -2.48890000
1.14603716 -2.47180000
1.16232357 -2.45100000
1.17860997 -2.42700000
1.19489639 -2.40030000
1.21118280 -2.37170000
1.22746921 -2.34330000
1.24375562 -2.34310000
1.26004204 -2.36260000
1.27632845 -2.38290000
1.29261485 -2.40300000
1.30890126 -2.42210000
1.32518768 -2.43950000
1.34147409 -2.45480000
1.35776050 -2.46700000
1.37404691 -2.47870000
1.39033332 -2.48790000
1.40661973 -2.49590000
1.42290614 -2.50310000
1.43919255 -2.51000000
1.45547896 -2.51670000
1.47176538 -2.52330000
1.48805179 -2.52970000
1.50433820 -2.53610000
1.52062460 -2.54240000
1.53691102 -2.54830000
1.55319743 -2.55380000
1.56948384 -2.55870000
1.58577025 -2.56280000
1.60205667 -2.56590000
1.61834308 -2.56780000
1.63462948 -2.56370000
1.65084218 -2.56840000
1.66705486 -2.56830000
1.68326756 -2.56810000
1.69948025 -2.56770000
1.71569294 -2.56690000
1.73190563 -2.56570000
1.74811833 -2.56380000
1.76433101 -2.56120000
1.78054371 -2.55750000
1.79675640 -2.55280000
1.81296909 -2.54700000
1.82918178 -2.54030000
1.84539448 -2.54490000
1.86160716 -2.55570000
1.87781986 -2.56600000
1.89403255 -2.57580000
1.91024524 -2.58490000
1.92645793 -2.59310000
1.94267063 -2.60010000
1.95888331 -2.60560000
1.97509601 -2.60930000
1.99130870 -2.61080000
2.00752139 -2.61010000
2.02373408 -2.60520000
2.03994678 -2.59910000
2.05615946 -2.59340000
2.07237216 -2.58840000
2.08858485 -2.58480000
2.10479754 -2.58290000
2.12101023 -2.58300000
2.13748378 -2.58250000
2.15395733 -2.58090000
2.17043088 -2.57840000
2.18690443 -2.57480000
2.20337797 -2.57020000
2.21985152 -2.56480000
2.23632507 -2.55840000
2.25279862 -2.55110000
2.26927217 -2.54310000
2.28574571 -2.53440000
2.30221926 -2.52500000
2.31869281 -2.51500000
2.33516636 -2.50450000
2.35163991 -2.49360000
2.36811346 -2.48230000
2.38458700 -2.47080000
2.40106055 -2.45920000
2.41753410 -2.44770000
2.43400765 -2.43660000
2.45048120 -2.42600000
2.46695474 -2.41630000
2.48342829 -2.40780000
2.49990184 -2.40090000
2.51637539 -2.39600000
2.53284894 -2.39310000
2.54932249 -2.39230000
2.56579603 -2.39320000
2.58226958 -2.39520000
2.59874313 -2.39770000
2.61521668 -2.40000000
2.63169023 -2.40160000
2.64816377 -2.40220000
2.66445018 -2.40160000
2.68073659 -2.40200000
2.69702301 -2.40340000
2.71330942 -2.40580000
2.72959583 -2.40920000
2.74588223 -2.41380000
2.76216865 -2.41960000
2.77845506 -2.42660000
2.79474147 -2.43470000
2.81102788 -2.44350000
2.82731430 -2.45290000
2.84360071 -2.46220000
2.85988712 -2.47080000
2.87617352 -2.47800000
2.89245994 -2.48310000
2.90874635 -2.48570000
2.92503276 -2.48530000
2.94131917 -2.48160000
2.95760558 -2.47410000
2.97389200 -2.46320000
2.99017840 -2.44940000
3.00646481 -2.43370000
3.02275122 -2.41730000
3.03903764 -2.40140000
3.05532405 -2.38710000
3.07161046 -2.37510000
3.08789687 -2.36530000
3.10418328 -2.35720000
3.12046969 -2.35040000
3.13675610 -2.34460000
3.15304251 -2.33970000
3.16932893 -2.33580000
3.18561534 -2.33330000
3.20190175 -2.33250000
3.21811444 -2.33280000
3.23432713 -2.33390000
3.25053982 -2.33610000
3.26675252 -2.33960000
3.28296520 -2.34480000
3.29917790 -2.35160000
3.31539059 -2.36010000
3.33160328 -2.36950000
3.34781597 -2.37920000
3.36402867 -2.38800000
3.38024135 -2.39500000
3.39645405 -2.39910000
3.41266674 -2.40050000
3.42887943 -2.40010000
3.44509212 -2.39930000
3.46130482 -2.39970000
3.47751750 -2.40230000
3.49373020 -2.40790000
3.50994289 -2.41660000
3.52615558 -2.42760000
3.54236827 -2.44020000
3.55858096 -2.45320000
3.57479365 -2.46580000
3.59100634 -2.47750000
3.60721904 -2.48780000
3.62343172 -2.49640000
3.63964442 -2.50330000
3.65585711 -2.50820000
3.67206980 -2.51120000
3.68828249 -2.51520000

0.00000000 -2.38110000
0.01647355 -2.38350000
0.03294710 -2.37870000
0.04942064 -2.37590000
0.06589419 -2.37500000
0.08236774 -2.37440000
0.09884129 -2.37360000
0.11531484 -2.37210000
0.13178839 -2.36970000
0.14826193 -2.36630000
0.16473548 -2.36190000
0.18120903 -2.35630000
0.19768258 -2.34970000
0.21415613 -2.34200000
0.23062967 -2.33340000
0.24710322 -2.32430000
0.26357677 -2.31650000
0.28005032 -2.31570000
0.29652387 -2.32410000
0.31299741 -2.33600000
0.32947096 -2.34830000
0.34594451 -2.35930000
0.36241806 -2.36720000
0.37889161 -2.36890000
0.39536516 -2.36670000
0.41183870 -2.36500000
0.42831225 -2.36440000
0.44478580 -2.36440000
0.46125935 -2.36420000
0.47773290 -2.36360000
0.49420644 -2.36300000
0.51067999 -2.36260000
0.52715354 -2.36250000
0.54343995 -2.36700000
0.55972636 -2.37660000
0.57601278 -2.38580000
0.59229919 -2.39270000
0.60858559 -2.39850000
0.62487200 -2.40400000
0.64115842 -2.40940000
0.65744483 -2.41450000
0.67373124 -2.41890000
0.69001765 -2.42220000
0.70630407 -2.42400000
0.72259047 -2.42380000
0.73887688 -2.42140000
0.75516329 -2.41650000
0.77144971 -2.40930000
0.78773612 -2.40010000
0.80402253 -2.38930000
0.82030893 -2.37740000
0.83659534 -2.36500000
0.85288176 -2.35310000
0.86916817 -2.34310000
0.88545458 -2.33660000
0.90174099 -2.33520000
0.91802741 -2.33900000
0.93431382 -2.34680000
0.95060022 -2.35720000
0.96688663 -2.36880000
0.98317305 -2.38070000
0.99945946 -2.39210000
1.01574587 -2.40230000
1.03203228 -2.41070000
1.04831870 -2.41700000
1.06460510 -2.42090000
1.08089151 -2.42520000
1.09717792 -2.41970000
1.11346433 -2.41250000
1.12975075 -2.40090000
1.14603716 -2.38560000
1.16232357 -2.36730000
1.17860997 -2.34700000
1.19489639 -2.32680000
1.21118280 -2.31440000
1.22746921 -2.32160000
1.24375562 -2.31050000
1.26004204 -2.28570000
1.27632845 -2.26860000
1.29261485 -2.26110000
1.30890126 -2.26000000
1.32518768 -2.26170000
1.34147409 -2.26430000
1.35776050 -2.26610000
1.37404691 -2.26960000
1.39033332 -2.27240000
1.40661973 -2.27590000
1.42290614 -2.28110000
1.43919255 -2.28920000
1.45547896 -2.30040000
1.47176538 -2.31350000
1.48805179 -2.32710000
1.50433820 -2.34000000
1.52062460 -2.35180000
1.53691102 -2.36190000
1.55319743 -2.37030000
1.56948384 -2.37680000
1.58577025 -2.38130000
1.60205667 -2.38410000
1.61834308 -2.38540000
1.63462948 -2.38110000
1.65084218 -2.39260000
1.66705486 -2.40490000
1.68326756 -2.41830000
1.69948025 -2.43190000
1.71569294 -2.44550000
1.73190563 -2.45890000
1.74811833 -2.47210000
1.76433101 -2.48500000
1.78054371 -2.49770000
1.79675640 -2.51000000
1.81296909 -2.52200000
1.82918178 -2.53360000
1.84539448 -2.53300000
1.86160716 -2.52540000
1.87781986 -2.51800000
1.89403255 -2.51120000
1.91024524 -2.50530000
1.92645793 -2.50070000
1.94267063 -2.49750000
1.95888331 -2.49560000
1.97509601 -2.49490000
1.99130870 -2.49540000
2.00752139 -2.49660000
2.02373408 -2.49850000
2.03994678 -2.50060000
2.05615946 -2.50250000
2.07237216 -2.50380000
2.08858485 -2.50390000
2.10479754 -2.50210000
2.12101023 -2.49810000
2.13748378 -2.49710000
2.15395733 -2.49440000
2.17043088 -2.48970000
2.18690443 -2.48330000
2.20337797 -2.47510000
2.21985152 -2.46510000
2.23632507 -2.45350000
2.25279862 -2.44020000
2.26927217 -2.42530000
2.28574571 -2.40900000
2.30221926 -2.39150000
2.31869281 -2.37280000
2.33516636 -2.35330000
2.35163991 -2.33320000
2.36811346 -2.31310000
2.38458700 -2.29340000
2.40106055 -2.27480000
2.41753410 -2.25800000
2.43400765 -2.24390000
2.45048120 -2.23320000
2.46695474 -2.22640000
2.48342829 -2.22330000
2.49990184 -2.22320000
2.51637539 -2.22480000
2.53284894 -2.22710000
2.54932249 -2.22910000
2.56579603 -2.23040000
2.58226958 -2.23080000
2.59874313 -2.23070000
2.61521668 -2.23030000
2.63169023 -2.22990000
2.64816377 -2.22980000
2.66445018 -2.23020000
2.68073659 -2.23030000
2.69702301 -2.23050000
2.71330942 -2.23060000
2.72959583 -2.23080000
2.74588223 -2.23110000
2.76216865 -2.23160000
2.77845506 -2.23240000
2.79474147 -2.23380000
2.81102788 -2.23590000
2.82731430 -2.23880000
2.84360071 -2.24270000
2.85988712 -2.24760000
2.87617352 -2.25330000
2.89245994 -2.25960000
2.90874635 -2.26640000
2.92503276 -2.27340000
2.94131917 -2.28020000
2.95760558 -2.28650000
2.97389200 -2.29200000
2.99017840 -2.29620000
3.00646481 -2.29870000
3.02275122 -2.29890000
3.03903764 -2.29640000
3.05532405 -2.29080000
3.07161046 -2.28220000
3.08789687 -2.27140000
3.10418328 -2.25980000
3.12046969 -2.24880000
3.13675610 -2.23960000
3.15304251 -2.23280000
3.16932893 -2.22880000
3.18561534 -2.22690000
3.20190175 -2.22640000
3.21811444 -2.22660000
3.23432713 -2.22710000
3.25053982 -2.22750000
3.26675252 -2.22740000
3.28296520 -2.22640000
3.29917790 -2.22410000
3.31539059 -2.22070000
3.33160328 -2.21650000
3.34781597 -2.21240000
3.36402867 -2.20910000
3.38024135 -2.20790000
3.39645405 -2.20970000
3.41266674 -2.21500000
3.42887943 -2.22380000
3.44509212 -2.23560000
3.46130482 -2.24950000
3.47751750 -2.26450000
3.49373020 -2.27980000
3.50994289 -2.29480000
3.52615558 -2.30960000
3.54236827 -2.32440000
3.55858096 -2.33930000
3.57479365 -2.35410000
3.59100634 -2.36870000
3.60721904 -2.38260000
3.62343172 -2.39520000
3.63964442 -2.40620000
3.65585711 -2.41480000
3.67206980 -2.42030000
3.68828249 -2.42520000

0.00000000 -2.35980000
0.01647355 -2.36340000
0.03294710 -2.35790000
0.04942064 -2.34390000
0.06589419 -2.32210000
0.08236774 -2.29440000
0.09884129 -2.26280000
0.11531484 -2.23480000
0.13178839 -2.22540000
0.14826193 -2.22370000
0.16473548 -2.22550000
0.18120903 -2.23020000
0.19768258 -2.23760000
0.21415613 -2.24710000
0.23062967 -2.25810000
0.24710322 -2.26950000
0.26357677 -2.27920000
0.28005032 -2.28080000
0.29652387 -2.27170000
0.31299741 -2.25710000
0.32947096 -2.23980000
0.34594451 -2.22100000
0.36241806 -2.20240000
0.37889161 -2.19020000
0.39536516 -2.19610000
0.41183870 -2.21190000
0.42831225 -2.22950000
0.44478580 -2.24740000
0.46125935 -2.26500000
0.47773290 -2.28120000
0.49420644 -2.29470000
0.51067999 -2.30370000
0.52715354 -2.30690000
0.54343995 -2.30140000
0.55972636 -2.28830000
0.57601278 -2.27210000
0.59229919 -2.25470000
0.60858559 -2.23710000
0.62487200 -2.22000000
0.64115842 -2.20370000
0.65744483 -2.18890000
0.67373124 -2.17600000
0.69001765 -2.16550000
0.70630407 -2.15830000
0.72259047 -2.15620000
0.73887688 -2.16150000
0.75516329 -2.17090000
0.77144971 -2.18150000
0.78773612 -2.19220000
0.80402253 -2.20270000
0.82030893 -2.21260000
0.83659534 -2.22160000
0.85288176 -2.22910000
0.86916817 -2.23440000
0.88545458 -2.23610000
0.90174099 -2.23370000
0.91802741 -2.22830000
0.93431382 -2.22220000
0.95060022 -2.21720000
0.96688663 -2.21320000
0.98317305 -2.20940000
0.99945946 -2.20560000
1.01574587 -2.20180000
1.03203228 -2.19830000
1.04831870 -2.19540000
1.06460510 -2.19360000
1.08089151 -2.19590000
1.09717792 -2.19490000
1.11346433 -2.20090000
1.12975075 -2.21040000
1.14603716 -2.22270000
1.16232357 -2.23720000
1.17860997 -2.25300000
1.19489639 -2.26830000
1.21118280 -2.27560000
1.22746921 -2.26260000
1.24375562 -2.24100000
1.26004204 -2.21840000
1.27632845 -2.19660000
1.29261485 -2.17920000
1.30890126 -2.16890000
1.32518768 -2.16560000
1.34147409 -2.16860000
1.35776050 -2.17600000
1.37404691 -2.18910000
1.39033332 -2.20350000
1.40661973 -2.21870000
1.42290614 -2.23280000
1.43919255 -2.24450000
1.45547896 -2.25370000
1.47176538 -2.26230000
1.48805179 -2.27280000
1.50433820 -2.28580000
1.52062460 -2.30020000
1.53691102 -2.31450000
1.55319743 -2.32790000
1.56948384 -2.33980000
1.58577025 -2.34990000
1.60205667 -2.35770000
1.61834308 -2.36280000
1.63462948 -2.35980000
1.65084218 -2.35810000
1.66705486 -2.34670000
1.68326756 -2.33500000
1.69948025 -2.32390000
1.71569294 -2.31380000
1.73190563 -2.30500000
1.74811833 -2.29770000
1.76433101 -2.29230000
1.78054371 -2.28880000
1.79675640 -2.28750000
1.81296909 -2.28840000
1.82918178 -2.29150000
1.84539448 -2.29680000
1.86160716 -2.30410000
1.87781986 -2.31330000
1.89403255 -2.32410000
1.91024524 -2.33630000
1.92645793 -2.34950000
1.94267063 -2.36350000
1.95888331 -2.37800000
1.97509601 -2.39270000
1.99130870 -2.40750000
2.00752139 -2.42190000
2.02373408 -2.43600000
2.03994678 -2.44940000
2.05615946 -2.46190000
2.07237216 -2.47330000
2.08858485 -2.48340000
2.10479754 -2.49170000
2.12101023 -2.49810000
2.13748378 -2.49710000
2.15395733 -2.49440000
2.17043088 -2.48970000
2.18690443 -2.48330000
2.20337797 -2.47510000
2.21985152 -2.46510000
2.23632507 -2.45350000
2.25279862 -2.44020000
2.26927217 -2.42530000
2.28574571 -2.40900000
2.30221926 -2.39150000
2.31869281 -2.37280000
2.33516636 -2.35330000
2.35163991 -2.33320000
2.36811346 -2.31310000
2.38458700 -2.29340000
2.40106055 -2.27480000
2.41753410 -2.25800000
2.43400765 -2.24390000
2.45048120 -2.23320000
2.46695474 -2.22640000
2.48342829 -2.22330000
2.49990184 -2.22320000
2.51637539 -2.22480000
2.53284894 -2.22710000
2.54932249 -2.22910000
2.56579603 -2.23040000
2.58226958 -2.23080000
2.59874313 -2.23070000
2.61521668 -2.23030000
2.63169023 -2.22990000
2.64816377 -2.22980000
2.66445018 -2.22810000
2.68073659 -2.22420000
2.69702301 -2.21820000
2.71330942 -2.21050000
2.72959583 -2.20150000
2.74588223 -2.19170000
2.76216865 -2.18160000
2.77845506 -2.17160000
2.79474147 -2.16210000
2.81102788 -2.15330000
2.82731430 -2.14550000
2.84360071 -2.13880000
2.85988712 -2.13330000
2.87617352 -2.12890000
2.89245994 -2.12550000
2.90874635 -2.12300000
2.92503276 -2.12130000
2.94131917 -2.12030000
2.95760558 -2.11990000
2.97389200 -2.12000000
2.99017840 -2.12080000
3.00646481 -2.12220000
3.02275122 -2.12430000
3.03903764 -2.12720000
3.05532405 -2.13100000
3.07161046 -2.13570000
3.08789687 -2.14110000
3.10418328 -2.14710000
3.12046969 -2.15300000
3.13675610 -2.15820000
3.15304251 -2.16200000
3.16932893 -2.16420000
3.18561534 -2.16520000
3.20190175 -2.16540000
3.21811444 -2.16490000
3.23432713 -2.16330000
3.25053982 -2.16090000
3.26675252 -2.15790000
3.28296520 -2.15460000
3.29917790 -2.15160000
3.31539059 -2.14940000
3.33160328 -2.14840000
3.34781597 -2.14880000
3.36402867 -2.15020000
3.38024135 -2.15230000
3.39645405 -2.15500000
3.41266674 -2.15870000
3.42887943 -2.16410000
3.44509212 -2.17160000
3.46130482 -2.18040000
3.47751750 -2.18940000
3.49373020 -2.19730000
3.50994289 -2.20350000
3.52615558 -2.20760000
3.54236827 -2.20950000
3.55858096 -2.20970000
3.57479365 -2.20840000
3.59100634 -2.20610000
3.60721904 -2.20320000
3.62343172 -2.20010000
3.63964442 -2.19730000
3.65585711 -2.19490000
3.67206980 -2.19340000
3.68828249 -2.19590000

0.00000000 -2.24710000
0.01647355 -2.25090000
0.03294710 -2.24800000
0.04942064 -2.24360000
0.06589419 -2.23810000
0.08236774 -2.23190000
0.09884129 -2.22500000
0.11531484 -2.21150000
0.13178839 -2.17750000
0.14826193 -2.13490000
0.16473548 -2.08910000
0.18120903 -2.04120000
0.19768258 -1.99240000
0.21415613 -1.94400000
0.23062967 -1.89910000
0.24710322 -1.87350000
0.26357677 -1.90250000
0.28005032 -1.94610000
0.29652387 -1.98960000
0.31299741 -2.03050000
0.32947096 -2.06760000
0.34594451 -2.10020000
0.36241806 -2.12690000
0.37889161 -2.14180000
0.39536516 -2.13460000
0.41183870 -2.11500000
0.42831225 -2.09290000
0.44478580 -2.07130000
0.46125935 -2.05170000
0.47773290 -2.03510000
0.49420644 -2.02310000
0.51067999 -2.01870000
0.52715354 -2.01850000
0.54343995 -2.02020000
0.55972636 -2.02510000
0.57601278 -2.03280000
0.59229919 -2.04260000
0.60858559 -2.05390000
0.62487200 -2.06590000
0.64115842 -2.07830000
0.65744483 -2.09080000
0.67373124 -2.10320000
0.69001765 -2.11500000
0.70630407 -2.12570000
0.72259047 -2.13320000
0.73887688 -2.13550000
0.75516329 -2.13540000
0.77144971 -2.13590000
0.78773612 -2.13770000
0.80402253 -2.14100000
0.82030893 -2.14550000
0.83659534 -2.15110000
0.85288176 -2.15720000
0.86916817 -2.16310000
0.88545458 -2.16810000
0.90174099 -2.17080000
0.91802741 -2.16970000
0.93431382 -2.16310000
0.95060022 -2.15060000
0.96688663 -2.13330000
0.98317305 -2.11290000
0.99945946 -2.09060000
1.01574587 -2.06760000
1.03203228 -2.04500000
1.04831870 -2.02430000
1.06460510 -2.00810000
1.08089151 -2.00440000
1.09717792 -2.00830000
1.11346433 -2.02370000
1.12975075 -2.04250000
1.14603716 -2.06260000
1.16232357 -2.08290000
1.17860997 -2.10270000
1.19489639 -2.12110000
1.21118280 -2.13740000
1.22746921 -2.15080000
1.24375562 -2.15970000
1.26004204 -2.16190000
1.27632845 -2.15380000
1.29261485 -2.13280000
1.30890126 -2.10210000
1.32518768 -2.07010000
1.34147409 -2.05980000
1.35776050 -2.07470000
1.37404691 -2.09660000
1.39033332 -2.11890000
1.40661973 -2.14120000
1.42290614 -2.16310000
1.43919255 -2.18410000
1.45547896 -2.20330000
1.47176538 -2.21950000
1.48805179 -2.23130000
1.50433820 -2.23860000
1.52062460 -2.24300000
1.53691102 -2.24580000
1.55319743 -2.24780000
1.56948384 -2.24930000
1.58577025 -2.25040000
1.60205667 -2.25120000
1.61834308 -2.25170000
1.63462948 -2.24710000
1.65084218 -2.25200000
1.66705486 -2.25230000
1.68326756 -2.25290000
1.69948025 -2.25370000
1.71569294 -2.25460000
1.73190563 -2.25560000
1.74811833 -2.25650000
1.76433101 -2.25740000
1.78054371 -2.25790000
1.79675640 -2.25800000
1.81296909 -2.25740000
1.82918178 -2.25580000
1.84539448 -2.25280000
1.86160716 -2.24810000
1.87781986 -2.24130000
1.89403255 -2.23210000
1.91024524 -2.22020000
1.92645793 -2.20540000
1.94267063 -2.18770000
1.95888331 -2.16730000
1.97509601 -2.14420000
1.99130870 -2.11890000
2.00752139 -2.09160000
2.02373408 -2.06270000
2.03994678 -2.03240000
2.05615946 -2.00130000
2.07237216 -1.96940000
2.08858485 -1.93730000
2.10479754 -1.90530000
2.12101023 -1.87370000
2.13748378 -1.87390000
2.15395733 -1.87460000
2.17043088 -1.87570000
2.18690443 -1.87730000
2.20337797 -1.87940000
2.21985152 -1.88200000
2.23632507 -1.88500000
2.25279862 -1.88870000
2.26927217 -1.89280000
2.28574571 -1.89760000
2.30221926 -1.90300000
2.31869281 -1.90900000
2.33516636 -1.91560000
2.35163991 -1.92280000
2.36811346 -1.93030000
2.38458700 -1.93790000
2.40106055 -1.94520000
2.41753410 -1.95150000
2.43400765 -1.95590000
2.45048120 -1.95750000
2.46695474 -1.95570000
2.48342829 -1.95020000
2.49990184 -1.94140000
2.51637539 -1.93010000
2.53284894 -1.91740000
2.54932249 -1.90430000
2.56579603 -1.89170000
2.58226958 -1.88040000
2.59874313 -1.87110000
2.61521668 -1.86430000
2.63169023 -1.86010000
2.64816377 -1.85860000
2.66445018 -1.86260000
2.68073659 -1.86770000
2.69702301 -1.87400000
2.71330942 -1.88150000
2.72959583 -1.88970000
2.74588223 -1.89830000
2.76216865 -1.90680000
2.77845506 -1.91450000
2.79474147 -1.92100000
2.81102788 -1.92600000
2.82731430 -1.92950000
2.84360071 -1.93130000
2.85988712 -1.93190000
2.87617352 -1.93150000
2.89245994 -1.93090000
2.90874635 -1.93060000
2.92503276 -1.93130000
2.94131917 -1.93350000
2.95760558 -1.93790000
2.97389200 -1.94490000
2.99017840 -1.95440000
3.00646481 -1.96620000
3.02275122 -1.97950000
3.03903764 -1.99340000
3.05532405 -2.00710000
3.07161046 -2.02000000
3.08789687 -2.03150000
3.10418328 -2.04140000
3.12046969 -2.04960000
3.13675610 -2.05620000
3.15304251 -2.06120000
3.16932893 -2.06480000
3.18561534 -2.06700000
3.20190175 -2.06780000
3.21811444 -2.06800000
3.23432713 -2.06890000
3.25053982 -2.07010000
3.26675252 -2.07150000
3.28296520 -2.07280000
3.29917790 -2.07350000
3.31539059 -2.07320000
3.33160328 -2.07170000
3.34781597 -2.06920000
3.36402867 -2.06630000
3.38024135 -2.06430000
3.39645405 -2.06450000
3.41266674 -2.06680000
3.42887943 -2.06980000
3.44509212 -2.07140000
3.46130482 -2.07070000
3.47751750 -2.06750000
3.49373020 -2.06260000
3.50994289 -2.05620000
3.52615558 -2.04890000
3.54236827 -2.04120000
3.55858096 -2.03340000
3.57479365 -2.02590000
3.59100634 -2.01920000
3.60721904 -2.01360000
3.62343172 -2.00900000
3.63964442 -2.00560000
3.65585711 -2.00320000
3.67206980 -2.00180000
3.68828249 -2.00440000

0.00000000 -1.69990000
0.01647355 -1.70930000
0.03294710 -1.72150000
0.04942064 -1.73810000
0.06589419 -1.75640000
0.08236774 -1.77450000
0.09884129 -1.79130000
0.11531484 -1.80580000
0.13178839 -1.81710000
0.14826193 -1.82490000
0.16473548 -1.82890000
0.18120903 -1.82900000
0.19768258 -1.82590000
0.21415613 -1.82130000
0.23062967 -1.82130000
0.24710322 -1.83010000
0.26357677 -1.80920000
0.28005032 -1.78570000
0.29652387 -1.76930000
0.31299741 -1.76600000
0.32947096 -1.78420000
0.34594451 -1.81690000
0.36241806 -1.85450000
0.37889161 -1.89200000
0.39536516 -1.92620000
0.41183870 -1.95540000
0.42831225 -1.97830000
0.44478580 -1.99480000
0.46125935 -2.00560000
0.47773290 -2.01180000
0.49420644 -2.01440000
0.51067999 -2.01230000
0.52715354 -2.01020000
0.54343995 -2.01040000
0.55972636 -2.01060000
0.57601278 -2.01070000
0.59229919 -2.01070000
0.60858559 -2.01020000
0.62487200 -2.00920000
0.64115842 -2.00740000
0.65744483 -2.00460000
0.67373124 -2.00060000
0.69001765 -1.99550000
0.70630407 -1.98930000
0.72259047 -1.98230000
0.73887688 -1.97480000
0.75516329 -1.96730000
0.77144971 -1.96020000
0.78773612 -1.95380000
0.80402253 -1.94860000
0.82030893 -1.94460000
0.83659534 -1.94190000
0.85288176 -1.94040000
0.86916817 -1.93980000
0.88545458 -1.94000000
0.90174099 -1.94060000
0.91802741 -1.94160000
0.93431382 -1.94280000
0.95060022 -1.94410000
0.96688663 -1.94560000
0.98317305 -1.94710000
0.99945946 -1.94890000
1.01574587 -1.95100000
1.03203228 -1.95370000
1.04831870 -1.95720000
1.06460510 -1.96130000
1.08089151 -1.96670000
1.09717792 -1.95860000
1.11346433 -1.94870000
1.12975075 -1.93830000
1.14603716 -1.92880000
1.16232357 -1.92080000
1.17860997 -1.91530000
1.19489639 -1.91300000
1.21118280 -1.91440000
1.22746921 -1.92010000
1.24375562 -1.93000000
1.26004204 -1.94360000
1.27632845 -1.96010000
1.29261485 -1.97860000
1.30890126 -1.99770000
1.32518768 -2.01340000
1.34147409 -2.00620000
1.35776050 -1.97250000
1.37404691 -1.93730000
1.39033332 -1.90330000
1.40661973 -1.87300000
1.42290614 -1.84680000
1.43919255 -1.82450000
1.45547896 -1.80530000
1.47176538 -1.78850000
1.48805179 -1.77370000
1.50433820 -1.76050000
1.52062460 -1.74850000
1.53691102 -1.73780000
1.55319743 -1.72830000
1.56948384 -1.72020000
1.58577025 -1.71360000
1.60205667 -1.70870000
1.61834308 -1.70570000
1.63462948 -1.69990000
1.65084218 -1.70370000
1.66705486 -1.70060000
1.68326756 -1.69560000
1.69948025 -1.68870000
1.71569294 -1.68010000
1.73190563 -1.67000000
1.74811833 -1.65850000
1.76433101 -1.64610000
1.78054371 -1.63280000
1.79675640 -1.61910000
1.81296909 -1.60540000
1.82918178 -1.60610000
1.84539448 -1.61260000
1.86160716 -1.61900000
1.87781986 -1.62550000
1.89403255 -1.63220000
1.91024524 -1.63930000
1.92645793 -1.64700000
1.94267063 -1.65550000
1.95888331 -1.66500000
1.97509601 -1.67580000
1.99130870 -1.68810000
2.00752139 -1.70240000
2.02373408 -1.71910000
2.03994678 -1.73850000
2.05615946 -1.76080000
2.07237216 -1.78590000
2.08858485 -1.81350000
2.10479754 -1.84290000
2.12101023 -1.87370000
2.13748378 -1.87390000
2.15395733 -1.87460000
2.17043088 -1.87570000
2.18690443 -1.87730000
2.20337797 -1.87940000
2.21985152 -1.88200000
2.23632507 -1.88500000
2.25279862 -1.88870000
2.26927217 -1.89280000
2.28574571 -1.89760000
2.30221926 -1.90300000
2.31869281 -1.90900000
2.33516636 -1.91560000
2.35163991 -1.92280000
2.36811346 -1.93030000
2.38458700 -1.93790000
2.40106055 -1.94520000
2.41753410 -1.95150000
2.43400765 -1.95590000
2.45048120 -1.95750000
2.46695474 -1.95570000
2.48342829 -1.95020000
2.49990184 -1.94140000
2.51637539 -1.93010000
2.53284894 -1.91740000
2.54932249 -1.90430000
2.56579603 -1.89170000
2.58226958 -1.88040000
2.59874313 -1.87110000
2.61521668 -1.86430000
2.63169023 -1.86010000
2.64816377 -1.85860000
2.66445018 -1.85560000
2.68073659 -1.85320000
2.69702301 -1.85120000
2.71330942 -1.84950000
2.72959583 -1.84800000
2.74588223 -1.84660000
2.76216865 -1.84510000
2.77845506 -1.84360000
2.79474147 -1.84210000
2.81102788 -1.84070000
2.82731430 -1.83920000
2.84360071 -1.83780000
2.85988712 -1.83670000
2.87617352 -1.83580000
2.89245994 -1.83550000
2.90874635 -1.83610000
2.92503276 -1.83790000
2.94131917 -1.84100000
2.95760558 -1.84500000
2.97389200 -1.84920000
2.99017840 -1.85260000
3.00646481 -1.85470000
3.02275122 -1.85520000
3.03903764 -1.85420000
3.05532405 -1.85170000
3.07161046 -1.84780000
3.08789687 -1.84280000
3.10418328 -1.83690000
3.12046969 -1.83050000
3.13675610 -1.82410000
3.15304251 -1.81820000
3.16932893 -1.81350000
3.18561534 -1.81050000
3.20190175 -1.80940000
3.21811444 -1.80990000
3.23432713 -1.81110000
3.25053982 -1.81350000
3.26675252 -1.81710000
3.28296520 -1.82240000
3.29917790 -1.82960000
3.31539059 -1.83930000
3.33160328 -1.85140000
3.34781597 -1.86580000
3.36402867 -1.88140000
3.38024135 -1.89610000
3.39645405 -1.90720000
3.41266674 -1.91340000
3.42887943 -1.91510000
3.44509212 -1.91460000
3.46130482 -1.91410000
3.47751750 -1.91460000
3.49373020 -1.91620000
3.50994289 -1.91860000
3.52615558 -1.92170000
3.54236827 -1.92510000
3.55858096 -1.92910000
3.57479365 -1.93360000
3.59100634 -1.93860000
3.60721904 -1.94420000
3.62343172 -1.94990000
3.63964442 -1.95520000
3.65585711 -1.95970000
3.67206980 -1.96260000
3.68828249 -1.96670000

0.00000000 -1.53770000
0.01647355 -1.53760000
0.03294710 -1.52450000
0.04942064 -1.50660000
0.06589419 -1.48680000
0.08236774 -1.46760000
0.09884129 -1.45160000
0.11531484 -1.44460000
0.13178839 -1.45870000
0.14826193 -1.49750000
0.16473548 -1.54800000
0.18120903 -1.60250000
0.19768258 -1.65740000
0.21415613 -1.70930000
0.23062967 -1.75000000
0.24710322 -1.76130000
0.26357677 -1.74940000
0.28005032 -1.73230000
0.29652387 -1.72160000
0.31299741 -1.71720000
0.32947096 -1.70780000
0.34594451 -1.69370000
0.36241806 -1.67820000
0.37889161 -1.66240000
0.39536516 -1.64690000
0.41183870 -1.64330000
0.42831225 -1.66620000
0.44478580 -1.68680000
0.46125935 -1.70460000
0.47773290 -1.71900000
0.49420644 -1.72960000
0.51067999 -1.73600000
0.52715354 -1.73820000
0.54343995 -1.73640000
0.55972636 -1.73140000
0.57601278 -1.72360000
0.59229919 -1.71420000
0.60858559 -1.70390000
0.62487200 -1.69390000
0.64115842 -1.68500000
0.65744483 -1.67810000
0.67373124 -1.67370000
0.69001765 -1.67230000
0.70630407 -1.67350000
0.72259047 -1.67700000
0.73887688 -1.68220000
0.75516329 -1.68830000
0.77144971 -1.69470000
0.78773612 -1.70080000
0.80402253 -1.70610000
0.82030893 -1.71030000
0.83659534 -1.71320000
0.85288176 -1.71490000
0.86916817 -1.71570000
0.88545458 -1.71600000
0.90174099 -1.71630000
0.91802741 -1.71710000
0.93431382 -1.71910000
0.95060022 -1.72270000
0.96688663 -1.72850000
0.98317305 -1.73690000
0.99945946 -1.74820000
1.01574587 -1.76230000
1.03203228 -1.77790000
1.04831870 -1.79280000
1.06460510 -1.80390000
1.08089151 -1.81110000
1.09717792 -1.80530000
1.11346433 -1.79760000
1.12975075 -1.78690000
1.14603716 -1.77570000
1.16232357 -1.76750000
1.17860997 -1.76490000
1.19489639 -1.76850000
1.21118280 -1.77640000
1.22746921 -1.78650000
1.24375562 -1.79690000
1.26004204 -1.80650000
1.27632845 -1.81420000
1.29261485 -1.81870000
1.30890126 -1.81890000
1.32518768 -1.81380000
1.34147409 -1.80290000
1.35776050 -1.78570000
1.37404691 -1.76520000
1.39033332 -1.73970000
1.40661973 -1.71120000
1.42290614 -1.68180000
1.43919255 -1.65350000
1.45547896 -1.62820000
1.47176538 -1.60710000
1.48805179 -1.59030000
1.50433820 -1.57720000
1.52062460 -1.56710000
1.53691102 -1.55940000
1.55319743 -1.55350000
1.56948384 -1.54910000
1.58577025 -1.54610000
1.60205667 -1.54400000
1.61834308 -1.54280000
1.63462948 -1.53770000
1.65084218 -1.54310000
1.66705486 -1.54520000
1.68326756 -1.54850000
1.69948025 -1.55300000
1.71569294 -1.55840000
1.73190563 -1.56460000
1.74811833 -1.57130000
1.76433101 -1.57830000
1.78054371 -1.58540000
1.79675640 -1.59250000
1.81296909 -1.59940000
1.82918178 -1.59190000
1.84539448 -1.57910000
1.86160716 -1.56720000
1.87781986 -1.55660000
1.89403255 -1.54770000
1.91024524 -1.54050000
1.92645793 -1.53540000
1.94267063 -1.53240000
1.95888331 -1.53140000
1.97509601 -1.53240000
1.99130870 -1.53520000
2.00752139 -1.53950000
2.02373408 -1.54490000
2.03994678 -1.55100000
2.05615946 -1.55730000
2.07237216 -1.56340000
2.08858485 -1.56870000
2.10479754 -1.57310000
2.12101023 -1.57400000
2.13748378 -1.57400000
2.15395733 -1.57390000
2.17043088 -1.57380000
2.18690443 -1.57370000
2.20337797 -1.57350000
2.21985152 -1.57320000
2.23632507 -1.57300000
2.25279862 -1.57280000
2.26927217 -1.57280000
2.28574571 -1.57290000
2.30221926 -1.57330000
2.31869281 -1.57420000
2.33516636 -1.57590000
2.35163991 -1.57860000
2.36811346 -1.58280000
2.38458700 -1.58870000
2.40106055 -1.59650000
2.41753410 -1.60600000
2.43400765 -1.61680000
2.45048120 -1.62800000
2.46695474 -1.63890000
2.48342829 -1.64870000
2.49990184 -1.65700000
2.51637539 -1.66360000
2.53284894 -1.66830000
2.54932249 -1.67120000
2.56579603 -1.67230000
2.58226958 -1.67200000
2.59874313 -1.67060000
2.61521668 -1.66880000
2.63169023 -1.66740000
2.64816377 -1.66690000
2.66445018 -1.68610000
2.68073659 -1.70300000
2.69702301 -1.71740000
2.71330942 -1.72900000
2.72959583 -1.73790000
2.74588223 -1.74390000
2.76216865 -1.74720000
2.77845506 -1.74790000
2.79474147 -1.74600000
2.81102788 -1.74170000
2.82731430 -1.73500000
2.84360071 -1.72630000
2.85988712 -1.71620000
2.87617352 -1.70580000
2.89245994 -1.69690000
2.90874635 -1.69170000
2.92503276 -1.69060000
2.94131917 -1.69130000
2.95760558 -1.69130000
2.97389200 -1.68930000
2.99017840 -1.68520000
3.00646481 -1.67950000
3.02275122 -1.67250000
3.03903764 -1.66480000
3.05532405 -1.65660000
3.07161046 -1.64820000
3.08789687 -1.63960000
3.10418328 -1.63100000
3.12046969 -1.62260000
3.13675610 -1.61450000
3.15304251 -1.60720000
3.16932893 -1.60120000
3.18561534 -1.59730000
3.20190175 -1.59590000
3.21811444 -1.59680000
3.23432713 -1.59970000
3.25053982 -1.60470000
3.26675252 -1.61200000
3.28296520 -1.62240000
3.29917790 -1.63730000
3.31539059 -1.65790000
3.33160328 -1.68330000
3.34781597 -1.70980000
3.36402867 -1.73380000
3.38024135 -1.75340000
3.39645405 -1.76800000
3.41266674 -1.77720000
3.42887943 -1.78030000
3.44509212 -1.77700000
3.46130482 -1.76720000
3.47751750 -1.75270000
3.49373020 -1.74330000
3.50994289 -1.75570000
3.52615558 -1.77060000
3.54236827 -1.78450000
3.55858096 -1.79660000
3.57479365 -1.80610000
3.59100634 -1.81250000
3.60721904 -1.81560000
3.62343172 -1.81590000
3.63964442 -1.81410000
3.65585711 -1.81130000
3.67206980 -1.80900000
3.68828249 -1.81110000

0.00000000 -1.15480000
0.01647355 -1.16420000
0.03294710 -1.17780000
0.04942064 -1.19990000
0.06589419 -1.22950000
0.08236774 -1.26520000
0.09884129 -1.30440000
0.11531484 -1.34160000
0.13178839 -1.36460000
0.14826193 -1.36960000
0.16473548 -1.36890000
0.18120903 -1.36990000
0.19768258 -1.37480000
0.21415613 -1.38400000
0.23062967 -1.39760000
0.24710322 -1.41500000
0.26357677 -1.43500000
0.28005032 -1.45590000
0.29652387 -1.47530000
0.31299741 -1.49420000
0.32947096 -1.51590000
0.34594451 -1.54050000
0.36241806 -1.56650000
0.37889161 -1.59270000
0.39536516 -1.61850000
0.41183870 -1.63160000
0.42831225 -1.61690000
0.44478580 -1.60230000
0.46125935 -1.58780000
0.47773290 -1.57340000
0.49420644 -1.55940000
0.51067999 -1.54760000
0.52715354 -1.54260000
0.54343995 -1.54360000
0.55972636 -1.54620000
0.57601278 -1.54970000
0.59229919 -1.55320000
0.60858559 -1.55620000
0.62487200 -1.55810000
0.64115842 -1.55860000
0.65744483 -1.55710000
0.67373124 -1.55350000
0.69001765 -1.54780000
0.70630407 -1.54030000
0.72259047 -1.53150000
0.73887688 -1.52200000
0.75516329 -1.51250000
0.77144971 -1.50330000
0.78773612 -1.49490000
0.80402253 -1.48770000
0.82030893 -1.48230000
0.83659534 -1.47910000
0.85288176 -1.47860000
0.86916817 -1.48140000
0.88545458 -1.48790000
0.90174099 -1.49850000
0.91802741 -1.51300000
0.93431382 -1.53120000
0.95060022 -1.55200000
0.96688663 -1.57440000
0.98317305 -1.59670000
0.99945946 -1.61750000
1.01574587 -1.63520000
1.03203228 -1.64900000
1.04831870 -1.65870000
1.06460510 -1.66430000
1.08089151 -1.66920000
1.09717792 -1.66690000
1.11346433 -1.66890000
1.12975075 -1.67140000
1.14603716 -1.67300000
1.16232357 -1.67110000
1.17860997 -1.66320000
1.19489639 -1.64870000
1.21118280 -1.62910000
1.22746921 -1.60610000
1.24375562 -1.58080000
1.26004204 -1.55410000
1.27632845 -1.52660000
1.29261485 -1.49980000
1.30890126 -1.47620000
1.32518768 -1.45990000
1.34147409 -1.45220000
1.35776050 -1.44840000
1.37404691 -1.44710000
1.39033332 -1.44320000
1.40661973 -1.43620000
1.42290614 -1.42490000
1.43919255 -1.40820000
1.45547896 -1.38600000
1.47176538 -1.35880000
1.48805179 -1.32800000
1.50433820 -1.29600000
1.52062460 -1.26470000
1.53691102 -1.23620000
1.55319743 -1.21180000
1.56948384 -1.19220000
1.58577025 -1.17750000
1.60205667 -1.16740000
1.61834308 -1.16150000
1.63462948 -1.15480000
1.65084218 -1.15870000
1.66705486 -1.15610000
1.68326756 -1.15180000
1.69948025 -1.14580000
1.71569294 -1.13810000
1.73190563 -1.12900000
1.74811833 -1.11830000
1.76433101 -1.10640000
1.78054371 -1.09320000
1.79675640 -1.07910000
1.81296909 -1.06460000
1.82918178 -1.05060000
1.84539448 -1.04040000
1.86160716 -1.04650000
1.87781986 -1.08550000
1.89403255 -1.14110000
1.91024524 -1.19850000
1.92645793 -1.25400000
1.94267063 -1.30630000
1.95888331 -1.35480000
1.97509601 -1.39910000
1.99130870 -1.43900000
2.00752139 -1.47400000
2.02373408 -1.50380000
2.03994678 -1.52810000
2.05615946 -1.54680000
2.07237216 -1.56020000
2.08858485 -1.56860000
2.10479754 -1.57230000
2.12101023 -1.57400000
2.13748378 -1.57400000
2.15395733 -1.57390000
2.17043088 -1.57380000
2.18690443 -1.57370000
2.20337797 -1.57350000
2.21985152 -1.57320000
2.23632507 -1.57300000
2.25279862 -1.57280000
2.26927217 -1.57280000
2.28574571 -1.57290000
2.30221926 -1.57330000
2.31869281 -1.57420000
2.33516636 -1.57590000
2.35163991 -1.57860000
2.36811346 -1.58280000
2.38458700 -1.58870000
2.40106055 -1.59650000
2.41753410 -1.60600000
2.43400765 -1.61680000
2.45048120 -1.62800000
2.46695474 -1.63890000
2.48342829 -1.64870000
2.49990184 -1.65700000
2.51637539 -1.66360000
2.53284894 -1.66830000
2.54932249 -1.67120000
2.56579603 -1.67230000
2.58226958 -1.67200000
2.59874313 -1.67060000
2.61521668 -1.66880000
2.63169023 -1.66740000
2.64816377 -1.66690000
2.66445018 -1.64570000
2.68073659 -1.62300000
2.69702301 -1.59930000
2.71330942 -1.57500000
2.72959583 -1.55130000
2.74588223 -1.53060000
2.76216865 -1.51770000
2.77845506 -1.51500000
2.79474147 -1.52020000
2.81102788 -1.53120000
2.82731430 -1.54650000
2.84360071 -1.56360000
2.85988712 -1.58050000
2.87617352 -1.59510000
2.89245994 -1.60470000
2.90874635 -1.60670000
2.92503276 -1.59980000
2.94131917 -1.58630000
2.95760558 -1.56860000
2.97389200 -1.54870000
2.99017840 -1.52760000
3.00646481 -1.50600000
3.02275122 -1.48440000
3.03903764 -1.46320000
3.05532405 -1.44280000
3.07161046 -1.42360000
3.08789687 -1.40590000
3.10418328 -1.39010000
3.12046969 -1.37660000
3.13675610 -1.36580000
3.15304251 -1.35790000
3.16932893 -1.35280000
3.18561534 -1.35010000
3.20190175 -1.34930000
3.21811444 -1.35800000
3.23432713 -1.38310000
3.25053982 -1.41990000
3.26675252 -1.46160000
3.28296520 -1.50290000
3.29917790 -1.54000000
3.31539059 -1.56970000
3.33160328 -1.59130000
3.34781597 -1.60760000
3.36402867 -1.62130000
3.38024135 -1.63400000
3.39645405 -1.64680000
3.41266674 -1.66000000
3.42887943 -1.67410000
3.44509212 -1.68890000
3.46130482 -1.70430000
3.47751750 -1.71950000
3.49373020 -1.72620000
3.50994289 -1.70940000
3.52615558 -1.68990000
3.54236827 -1.67250000
3.55858096 -1.65900000
3.57479365 -1.65030000
3.59100634 -1.64660000
3.60721904 -1.64710000
3.62343172 -1.65060000
3.63964442 -1.65570000
3.65585711 -1.66090000
3.67206980 -1.66480000
3.68828249 -1.66920000

0.00000000 -1.00450000
0.01647355 -1.00960000
0.03294710 -1.01070000
0.04942064 -1.01240000
0.06589419 -1.01460000
0.08236774 -1.01700000
0.09884129 -1.01910000
0.11531484 -1.02070000
0.13178839 -1.02100000
0.14826193 -1.01980000
0.16473548 -1.01660000
0.18120903 -1.01140000
0.19768258 -1.00870000
0.21415613 -1.08140000
0.23062967 -1.15460000
0.24710322 -1.22120000
0.26357677 -1.27850000
0.28005032 -1.32290000
0.29652387 -1.34990000
0.31299741 -1.35510000
0.32947096 -1.33960000
0.34594451 -1.31190000
0.36241806 -1.28270000
0.37889161 -1.26280000
0.39536516 -1.26080000
0.41183870 -1.27660000
0.42831225 -1.30320000
0.44478580 -1.33470000
0.46125935 -1.36730000
0.47773290 -1.39840000
0.49420644 -1.42570000
0.51067999 -1.44610000
0.52715354 -1.45420000
0.54343995 -1.45160000
0.55972636 -1.44410000
0.57601278 -1.43280000
0.59229919 -1.41860000
0.60858559 -1.40230000
0.62487200 -1.38480000
0.64115842 -1.36660000
0.65744483 -1.34820000
0.67373124 -1.33040000
0.69001765 -1.31360000
0.70630407 -1.29830000
0.72259047 -1.28470000
0.73887688 -1.27330000
0.75516329 -1.26430000
0.77144971 -1.25770000
0.78773612 -1.25370000
0.80402253 -1.25220000
0.82030893 -1.25300000
0.83659534 -1.25580000
0.85288176 -1.26030000
0.86916817 -1.26580000
0.88545458 -1.27190000
0.90174099 -1.27800000
0.91802741 -1.28350000
0.93431382 -1.28820000
0.95060022 -1.29210000
0.96688663 -1.29500000
0.98317305 -1.29700000
0.99945946 -1.29820000
1.01574587 -1.29880000
1.03203228 -1.29900000
1.04831870 -1.29890000
1.06460510 -1.29870000
1.08089151 -1.30170000
1.09717792 -1.29990000
1.11346433 -1.30370000
1.12975075 -1.30980000
1.14603716 -1.31780000
1.16232357 -1.32710000
1.17860997 -1.33720000
1.19489639 -1.34770000
1.21118280 -1.35790000
1.22746921 -1.36750000
1.24375562 -1.37620000
1.26004204 -1.38380000
1.27632845 -1.38980000
1.29261485 -1.39330000
1.30890126 -1.39170000
1.32518768 -1.38110000
1.34147409 -1.36040000
1.35776050 -1.33270000
1.37404691 -1.30480000
1.39033332 -1.27610000
1.40661973 -1.24880000
1.42290614 -1.22320000
1.43919255 -1.19930000
1.45547896 -1.17710000
1.47176538 -1.15630000
1.48805179 -1.13650000
1.50433820 -1.11740000
1.52062460 -1.09870000
1.53691102 -1.08040000
1.55319743 -1.06250000
1.56948384 -1.04560000
1.58577025 -1.03080000
1.60205667 -1.01920000
1.61834308 -1.01180000
1.63462948 -1.00450000
1.65084218 -1.00920000
1.66705486 -1.00890000
1.68326756 -1.00840000
1.69948025 -1.00750000
1.71569294 -1.00630000
1.73190563 -1.00450000
1.74811833 -1.00210000
1.76433101 -0.99900000
1.78054371 -0.99510000
1.79675640 -0.99010000
1.81296909 -0.98420000
1.82918178 -0.97710000
1.84539448 -0.96890000
1.86160716 -0.95940000
1.87781986 -0.95610000
1.89403255 -0.94450000
1.91024524 -0.92660000
1.92645793 -0.90870000
1.94267063 -0.89280000
1.95888331 -0.87570000
1.97509601 -0.85740000
1.99130870 -0.83800000
2.00752139 -0.81770000
2.02373408 -0.79660000
2.03994678 -0.77490000
2.05615946 -0.75310000
2.07237216 -0.73160000
2.08858485 -0.71130000
2.10479754 -0.69420000
2.12101023 -0.68340000
2.13748378 -0.68910000
2.15395733 -0.70540000
2.17043088 -0.73060000
2.18690443 -0.76330000
2.20337797 -0.80210000
2.21985152 -0.84570000
2.23632507 -0.89320000
2.25279862 -0.94330000
2.26927217 -0.99500000
2.28574571 -1.04720000
2.30221926 -1.09880000
2.31869281 -1.14880000
2.33516636 -1.19600000
2.35163991 -1.23940000
2.36811346 -1.27800000
2.38458700 -1.31080000
2.40106055 -1.33730000
2.41753410 -1.35740000
2.43400765 -1.37160000
2.45048120 -1.38070000
2.46695474 -1.38600000
2.48342829 -1.38860000
2.49990184 -1.38970000
2.51637539 -1.39020000
2.53284894 -1.39120000
2.54932249 -1.39310000
2.56579603 -1.39630000
2.58226958 -1.40080000
2.59874313 -1.40580000
2.61521668 -1.41060000
2.63169023 -1.41410000
2.64816377 -1.41530000
2.66445018 -1.43200000
2.68073659 -1.44720000
2.69702301 -1.46010000
2.71330942 -1.47010000
2.72959583 -1.47650000
2.74588223 -1.47790000
2.76216865 -1.47170000
2.77845506 -1.46020000
2.79474147 -1.45210000
2.81102788 -1.44750000
2.82731430 -1.44170000
2.84360071 -1.43360000
2.85988712 -1.42330000
2.87617352 -1.41150000
2.89245994 -1.39860000
2.90874635 -1.38480000
2.92503276 -1.37060000
2.94131917 -1.35610000
2.95760558 -1.34160000
2.97389200 -1.32730000
2.99017840 -1.31340000
3.00646481 -1.30000000
3.02275122 -1.28750000
3.03903764 -1.27590000
3.05532405 -1.26550000
3.07161046 -1.25650000
3.08789687 -1.24900000
3.10418328 -1.24320000
3.12046969 -1.23920000
3.13675610 -1.23700000
3.15304251 -1.23620000
3.16932893 -1.23630000
3.18561534 -1.23680000
3.20190175 -1.23700000
3.21811444 -1.24710000
3.23432713 -1.26160000
3.25053982 -1.27080000
3.26675252 -1.27610000
3.28296520 -1.27960000
3.29917790 -1.28230000
3.31539059 -1.28490000
3.33160328 -1.28750000
3.34781597 -1.29040000
3.36402867 -1.29360000
3.38024135 -1.29720000
3.39645405 -1.30100000
3.41266674 -1.30510000
3.42887943 -1.30920000
3.44509212 -1.31320000
3.46130482 -1.31700000
3.47751750 -1.32050000
3.49373020 -1.32390000
3.50994289 -1.32740000
3.52615558 -1.33060000
3.54236827 -1.33260000
3.55858096 -1.33250000
3.57479365 -1.33020000
3.59100634 -1.32570000
3.60721904 -1.32000000
3.62343172 -1.31370000
3.63964442 -1.30780000
3.65585711 -1.30290000
3.67206980 -1.29970000
3.68828249 -1.30170000

0.00000000 -0.16860000
0.01647355 -0.18600000
0.03294710 -0.22150000
0.04942064 -0.27490000
0.06589419 -0.34100000
0.08236774 -0.41570000
0.09884129 -0.49590000
0.11531484 -0.57960000
0.13178839 -0.66510000
0.14826193 -0.75110000
0.16473548 -0.83670000
0.18120903 -0.92070000
0.19768258 -0.99830000
0.21415613 -0.99590000
0.23062967 -0.98820000
0.24710322 -0.98160000
0.26357677 -0.97770000
0.28005032 -0.97770000
0.29652387 -0.98290000
0.31299741 -0.99340000
0.32947096 -1.00880000
0.34594451 -1.02670000
0.36241806 -1.04280000
0.37889161 -1.04980000
0.39536516 -1.04080000
0.41183870 -1.01670000
0.42831225 -0.98480000
0.44478580 -0.95150000
0.46125935 -0.92060000
0.47773290 -0.89460000
0.49420644 -0.87490000
0.51067999 -0.86270000
0.52715354 -0.85850000
0.54343995 -0.85870000
0.55972636 -0.85920000
0.57601278 -0.86000000
0.59229919 -0.86120000
0.60858559 -0.86260000
0.62487200 -0.86420000
0.64115842 -0.86620000
0.65744483 -0.86870000
0.67373124 -0.87180000
0.69001765 -0.87590000
0.70630407 -0.88120000
0.72259047 -0.88800000
0.73887688 -0.89660000
0.75516329 -0.90710000
0.77144971 -0.91920000
0.78773612 -0.93300000
0.80402253 -0.94810000
0.82030893 -0.96420000
0.83659534 -0.98110000
0.85288176 -0.99830000
0.86916817 -1.01560000
0.88545458 -1.03240000
0.90174099 -1.04840000
0.91802741 -1.06320000
0.93431382 -1.07630000
0.95060022 -1.08750000
0.96688663 -1.09690000
0.98317305 -1.10450000
0.99945946 -1.11040000
1.01574587 -1.11500000
1.03203228 -1.11830000
1.04831870 -1.12060000
1.06460510 -1.12190000
1.08089151 -1.12540000
1.09717792 -1.12350000
1.11346433 -1.12670000
1.12975075 -1.13180000
1.14603716 -1.13810000
1.16232357 -1.14530000
1.17860997 -1.15290000
1.19489639 -1.16030000
1.21118280 -1.16690000
1.22746921 -1.17220000
1.24375562 -1.17530000
1.26004204 -1.17550000
1.27632845 -1.17210000
1.29261485 -1.16460000
1.30890126 -1.15250000
1.32518768 -1.13540000
1.34147409 -1.11280000
1.35776050 -1.08360000
1.37404691 -1.04990000
1.39033332 -1.00890000
1.40661973 -0.96170000
1.42290614 -0.90860000
1.43919255 -0.85020000
1.45547896 -0.78730000
1.47176538 -0.72090000
1.48805179 -0.65190000
1.50433820 -0.58110000
1.52062460 -0.50980000
1.53691102 -0.43910000
1.55319743 -0.37070000
1.56948384 -0.30660000
1.58577025 -0.24980000
1.60205667 -0.20440000
1.61834308 -0.17810000
1.63462948 -0.16860000
1.65084218 -0.17420000
1.66705486 -0.17690000
1.68326756 -0.18120000
1.69948025 -0.22020000
1.71569294 -0.28500000
1.73190563 -0.36090000
1.74811833 -0.44090000
1.76433101 -0.52220000
1.78054371 -0.60340000
1.79675640 -0.68320000
1.81296909 -0.76080000
1.82918178 -0.83450000
1.84539448 -0.90080000
1.86160716 -0.94700000
1.87781986 -0.94870000
1.89403255 -0.93670000
1.91024524 -0.92330000
1.92645793 -0.90620000
1.94267063 -0.88460000
1.95888331 -0.86220000
1.97509601 -0.83940000
1.99130870 -0.81640000
2.00752139 -0.79340000
2.02373408 -0.77070000
2.03994678 -0.74860000
2.05615946 -0.72740000
2.07237216 -0.70820000
2.08858485 -0.69230000
2.10479754 -0.68290000
2.12101023 -0.68340000
2.13748378 -0.68910000
2.15395733 -0.70540000
2.17043088 -0.73060000
2.18690443 -0.76330000
2.20337797 -0.80210000
2.21985152 -0.84570000
2.23632507 -0.89320000
2.25279862 -0.94330000
2.26927217 -0.99500000
2.28574571 -1.04720000
2.30221926 -1.09880000
2.31869281 -1.14880000
2.33516636 -1.19600000
2.35163991 -1.23940000
2.36811346 -1.27800000
2.38458700 -1.31080000
2.40106055 -1.33730000
2.41753410 -1.35740000
2.43400765 -1.37160000
2.45048120 -1.38070000
2.46695474 -1.38600000
2.48342829 -1.38860000
2.49990184 -1.38970000
2.51637539 -1.39020000
2.53284894 -1.39120000
2.54932249 -1.39310000
2.56579603 -1.39630000
2.58226958 -1.40080000
2.59874313 -1.40580000
2.61521668 -1.41060000
2.63169023 -1.41410000
2.64816377 -1.41530000
2.66445018 -1.39830000
2.68073659 -1.38280000
2.69702301 -1.37150000
2.71330942 -1.36730000
2.72959583 -1.37140000
2.74588223 -1.38130000
2.76216865 -1.39200000
2.77845506 -1.39680000
2.79474147 -1.38860000
2.81102788 -1.36860000
2.82731430 -1.34300000
2.84360071 -1.31510000
2.85988712 -1.28650000
2.87617352 -1.25770000
2.89245994 -1.22920000
2.90874635 -1.20130000
2.92503276 -1.17440000
2.94131917 -1.14890000
2.95760558 -1.12520000
2.97389200 -1.10410000
2.99017840 -1.08610000
3.00646481 -1.07230000
3.02275122 -1.06340000
3.03903764 -1.06010000
3.05532405 -1.06210000
3.07161046 -1.06910000
3.08789687 -1.07980000
3.10418328 -1.09310000
3.12046969 -1.10740000
3.13675610 -1.12100000
3.15304251 -1.13260000
3.16932893 -1.14110000
3.18561534 -1.14630000
3.20190175 -1.14800000
3.21811444 -1.13090000
3.23432713 -1.09680000
3.25053982 -1.06230000
3.26675252 -1.03590000
3.28296520 -1.02340000
3.29917790 -1.02580000
3.31539059 -1.03950000
3.33160328 -1.06050000
3.34781597 -1.08550000
3.36402867 -1.11250000
3.38024135 -1.13980000
3.39645405 -1.16650000
3.41266674 -1.19160000
3.42887943 -1.21450000
3.44509212 -1.23470000
3.46130482 -1.25170000
3.47751750 -1.26480000
3.49373020 -1.27340000
3.50994289 -1.27660000
3.52615558 -1.27400000
3.54236827 -1.26610000
3.55858096 -1.25350000
3.57479365 -1.23670000
3.59100634 -1.21690000
3.60721904 -1.19530000
3.62343172 -1.17360000
3.63964442 -1.15350000
3.65585711 -1.13710000
3.67206980 -1.12620000
3.68828249 -1.12540000

0.00000000 -0.15320000
0.01647355 -0.15880000
0.03294710 -0.16160000
0.04942064 -0.16640000
0.06589419 -0.17350000
0.08236774 -0.18320000
0.09884129 -0.19570000
0.11531484 -0.21130000
0.13178839 -0.23030000
0.14826193 -0.25240000
0.16473548 -0.27760000
0.18120903 -0.30540000
0.19768258 -0.33510000
0.21415613 -0.36610000
0.23062967 -0.39730000
0.24710322 -0.42770000
0.26357677 -0.45590000
0.28005032 -0.48070000
0.29652387 -0.50080000
0.31299741 -0.51520000
0.32947096 -0.52380000
0.34594451 -0.52690000
0.36241806 -0.52540000
0.37889161 -0.52040000
0.39536516 -0.51310000
0.41183870 -0.50450000
0.42831225 -0.49540000
0.44478580 -0.48670000
0.46125935 -0.47880000
0.47773290 -0.47220000
0.49420644 -0.46730000
0.51067999 -0.46430000
0.52715354 -0.46330000
0.54343995 -0.46470000
0.55972636 -0.46880000
0.57601278 -0.47530000
0.59229919 -0.48400000
0.60858559 -0.49430000
0.62487200 -0.50560000
0.64115842 -0.51720000
0.65744483 -0.52840000
0.67373124 -0.53850000
0.69001765 -0.54660000
0.70630407 -0.55220000
0.72259047 -0.55500000
0.73887688 -0.55500000
0.75516329 -0.55370000
0.77144971 -0.55830000
0.78773612 -0.58340000
0.80402253 -0.61930000
0.82030893 -0.65700000
0.83659534 -0.69450000
0.85288176 -0.73090000
0.86916817 -0.76560000
0.88545458 -0.79820000
0.90174099 -0.82850000
0.91802741 -0.85640000
0.93431382 -0.88180000
0.95060022 -0.90470000
0.96688663 -0.92510000
0.98317305 -0.94300000
0.99945946 -0.95830000
1.01574587 -0.97110000
1.03203228 -0.98110000
1.04831870 -0.98840000
1.06460510 -0.99270000
1.08089151 -0.99720000
1.09717792 -0.99190000
1.11346433 -0.98530000
1.12975075 -0.97440000
1.14603716 -0.95970000
1.16232357 -0.94120000
1.17860997 -0.91930000
1.19489639 -0.89410000
1.21118280 -0.86590000
1.22746921 -0.83500000
1.24375562 -0.80180000
1.26004204 -0.76660000
1.27632845 -0.72980000
1.29261485 -0.69180000
1.30890126 -0.65300000
1.32518768 -0.61390000
1.34147409 -0.57470000
1.35776050 -0.53510000
1.37404691 -0.49790000
1.39033332 -0.46090000
1.40661973 -0.42530000
1.42290614 -0.39130000
1.43919255 -0.35910000
1.45547896 -0.32910000
1.47176538 -0.30140000
1.48805179 -0.27610000
1.50433820 -0.25350000
1.52062460 -0.23350000
1.53691102 -0.21630000
1.55319743 -0.20180000
1.56948384 -0.19000000
1.58577025 -0.18080000
1.60205667 -0.17360000
1.61834308 -0.16530000
1.63462948 -0.15320000
1.65084218 -0.15960000
1.66705486 -0.16550000
1.68326756 -0.18090000
1.69948025 -0.18730000
1.71569294 -0.19500000
1.73190563 -0.20410000
1.74811833 -0.21470000
1.76433101 -0.22660000
1.78054371 -0.23950000
1.79675640 -0.25350000
1.81296909 -0.26830000
1.82918178 -0.28380000
1.84539448 -0.29980000
1.86160716 -0.31620000
1.87781986 -0.33290000
1.89403255 -0.34970000
1.91024524 -0.36660000
1.92645793 -0.38360000
1.94267063 -0.40060000
1.95888331 -0.41770000
1.97509601 -0.43480000
1.99130870 -0.45200000
2.00752139 -0.46940000
2.02373408 -0.48700000
2.03994678 -0.50470000
2.05615946 -0.52230000
2.07237216 -0.54230000
2.08858485 -0.56050000
2.10479754 -0.57290000
2.12101023 -0.57560000
2.13748378 -0.57540000
2.15395733 -0.57540000
2.17043088 -0.57680000
2.18690443 -0.58020000
2.20337797 -0.58620000
2.21985152 -0.59480000
2.23632507 -0.60610000
2.25279862 -0.61980000
2.26927217 -0.63590000
2.28574571 -0.65420000
2.30221926 -0.67460000
2.31869281 -0.69700000
2.33516636 -0.72120000
2.35163991 -0.74700000
2.36811346 -0.77430000
2.38458700 -0.80280000
2.40106055 -0.83230000
2.41753410 -0.86270000
2.43400765 -0.89340000
2.45048120 -0.92430000
2.46695474 -0.95480000
2.48342829 -0.98460000
2.49990184 -1.01300000
2.51637539 -1.03950000
2.53284894 -1.06340000
2.54932249 -1.08420000
2.56579603 -1.10140000
2.58226958 -1.11490000
2.59874313 -1.12480000
2.61521668 -1.13140000
2.63169023 -1.13520000
2.64816377 -1.13640000
2.66445018 -1.16430000
2.68073659 -1.18760000
2.69702301 -1.20420000
2.71330942 -1.21130000
2.72959583 -1.20790000
2.74588223 -1.19590000
2.76216865 -1.17880000
2.77845506 -1.15900000
2.79474147 -1.13820000
2.81102788 -1.11720000
2.82731430 -1.09650000
2.84360071 -1.07660000
2.85988712 -1.05760000
2.87617352 -1.03970000
2.89245994 -1.02300000
2.90874635 -1.00750000
2.92503276 -0.99330000
2.94131917 -0.98020000
2.95760558 -0.96820000
2.97389200 -0.95690000
2.99017840 -0.94600000
3.00646481 -0.93490000
3.02275122 -0.92300000
3.03903764 -0.91030000
3.05532405 -0.89690000
3.07161046 -0.88320000
3.08789687 -0.86980000
3.10418328 -0.85740000
3.12046969 -0.84630000
3.13675610 -0.83690000
3.15304251 -0.82950000
3.16932893 -0.82420000
3.18561534 -0.82100000
3.20190175 -0.81990000
3.21811444 -0.82060000
3.23432713 -0.82200000
3.25053982 -0.82190000
3.26675252 -0.81630000
3.28296520 -0.80230000
3.29917790 -0.78210000
3.31539059 -0.76470000
3.33160328 -0.75800000
3.34781597 -0.76030000
3.36402867 -0.76750000
3.38024135 -0.77740000
3.39645405 -0.78870000
3.41266674 -0.80090000
3.42887943 -0.81360000
3.44509212 -0.82680000
3.46130482 -0.84010000
3.47751750 -0.85360000
3.49373020 -0.86720000
3.50994289 -0.88070000
3.52615558 -0.89430000
3.54236827 -0.90780000
3.55858096 -0.92110000
3.57479365 -0.93420000
3.59100634 -0.94680000
3.60721904 -0.95880000
3.62343172 -0.96980000
3.63964442 -0.97940000
3.65585711 -0.98720000
3.67206980 -0.99240000
3.68828249 -0.99720000

0.00000000 0.00000000
0.01647355 -0.00540000
0.03294710 -0.00770000
0.04942064 -0.01190000
0.06589419 -0.01790000
0.08236774 -0.02530000
0.09884129 -0.03360000
0.11531484 -0.04220000
0.13178839 -0.05080000
0.14826193 -0.05920000
0.16473548 -0.06710000
0.18120903 -0.07460000
0.19768258 -0.08180000
0.21415613 -0.08860000
0.23062967 -0.09530000
0.24710322 -0.10200000
0.26357677 -0.10860000
0.28005032 -0.11520000
0.29652387 -0.12190000
0.31299741 -0.12870000
0.32947096 -0.13550000
0.34594451 -0.14230000
0.36241806 -0.14910000
0.37889161 -0.15580000
0.39536516 -0.16230000
0.41183870 -0.16850000
0.42831225 -0.17410000
0.44478580 -0.17910000
0.46125935 -0.18340000
0.47773290 -0.18670000
0.49420644 -0.18910000
0.51067999 -0.19060000
0.52715354 -0.19110000
0.54343995 -0.19280000
0.55972636 -0.19770000
0.57601278 -0.20600000
0.59229919 -0.21760000
0.60858559 -0.23250000
0.62487200 -0.25060000
0.64115842 -0.27180000
0.65744483 -0.29600000
0.67373124 -0.32310000
0.69001765 -0.35280000
0.70630407 -0.38490000
0.72259047 -0.41880000
0.73887688 -0.45400000
0.75516329 -0.48870000
0.77144971 -0.51560000
0.78773612 -0.52010000
0.80402253 -0.51220000
0.82030893 -0.50070000
0.83659534 -0.48790000
0.85288176 -0.47470000
0.86916817 -0.46160000
0.88545458 -0.44910000
0.90174099 -0.43740000
0.91802741 -0.42680000
0.93431382 -0.41720000
0.95060022 -0.40880000
0.96688663 -0.40160000
0.98317305 -0.39550000
0.99945946 -0.39050000
1.01574587 -0.38650000
1.03203228 -0.38340000
1.04831870 -0.38130000
1.06460510 -0.38010000
1.08089151 -0.38270000
1.09717792 -0.37840000
1.11346433 -0.37480000
1.12975075 -0.36880000
1.14603716 -0.36070000
1.16232357 -0.35060000
1.17860997 -0.33880000
1.19489639 -0.32560000
1.21118280 -0.31110000
1.22746921 -0.29560000
1.24375562 -0.27940000
1.26004204 -0.26270000
1.27632845 -0.24570000
1.29261485 -0.22850000
1.30890126 -0.21140000
1.32518768 -0.19440000
1.34147409 -0.17770000
1.35776050 -0.16050000
1.37404691 -0.14550000
1.39033332 -0.13020000
1.40661973 -0.11550000
1.42290614 -0.10140000
1.43919255 -0.08800000
1.45547896 -0.07540000
1.47176538 -0.06350000
1.48805179 -0.05250000
1.50433820 -0.04230000
1.52062460 -0.03310000
1.53691102 -0.02500000
1.55319743 -0.01810000
1.56948384 -0.01260000
1.58577025 -0.00850000
1.60205667 -0.00600000
1.61834308 -0.00500000
1.63462948 0.00000000
1.65084218 -0.01810000
1.66705486 -0.05400000
1.68326756 -0.10010000
1.69948025 -0.13500000
1.71569294 -0.15260000
1.73190563 -0.16430000
1.74811833 -0.17510000
1.76433101 -0.18620000
1.78054371 -0.19810000
1.79675640 -0.21080000
1.81296909 -0.22450000
1.82918178 -0.23910000
1.84539448 -0.25470000
1.86160716 -0.27110000
1.87781986 -0.28840000
1.89403255 -0.30650000
1.91024524 -0.32540000
1.92645793 -0.34510000
1.94267063 -0.36550000
1.95888331 -0.38660000
1.97509601 -0.40820000
1.99130870 -0.43050000
2.00752139 -0.45310000
2.02373408 -0.47600000
2.03994678 -0.49890000
2.05615946 -0.52120000
2.07237216 -0.53950000
2.08858485 -0.55550000
2.10479754 -0.56860000
2.12101023 -0.57560000
2.13748378 -0.57540000
2.15395733 -0.57540000
2.17043088 -0.57680000
2.18690443 -0.58020000
2.20337797 -0.58620000
2.21985152 -0.59480000
2.23632507 -0.60610000
2.25279862 -0.61980000
2.26927217 -0.63590000
2.28574571 -0.65420000
2.30221926 -0.67460000
2.31869281 -0.69700000
2.33516636 -0.72120000
2.35163991 -0.74700000
2.36811346 -0.77430000
2.38458700 -0.80280000
2.40106055 -0.83230000
2.41753410 -0.86270000
2.43400765 -0.89340000
2.45048120 -0.92430000
2.46695474 -0.95480000
2.48342829 -0.98460000
2.49990184 -1.01300000
2.51637539 -1.03950000
2.53284894 -1.06340000
2.54932249 -1.08420000
2.56579603 -1.10140000
2.58226958 -1.11490000
2.59874313 -1.12480000
2.61521668 -1.13140000
2.63169023 -1.13520000
2.64816377 -1.13640000
2.66445018 -1.10530000
2.68073659 -1.07180000
2.69702301 -1.03620000
2.71330942 -0.99900000
2.72959583 -0.96050000
2.74588223 -0.92110000
2.76216865 -0.88110000
2.77845506 -0.84120000
2.79474147 -0.80170000
2.81102788 -0.76350000
2.82731430 -0.72710000
2.84360071 -0.69320000
2.85988712 -0.66250000
2.87617352 -0.63570000
2.89245994 -0.61320000
2.90874635 -0.59550000
2.92503276 -0.58270000
2.94131917 -0.57510000
2.95760558 -0.57230000
2.97389200 -0.57400000
2.99017840 -0.57960000
3.00646481 -0.58830000
3.02275122 -0.59900000
3.03903764 -0.61080000
3.05532405 -0.62270000
3.07161046 -0.63390000
3.08789687 -0.64380000
3.10418328 -0.65200000
3.12046969 -0.65840000
3.13675610 -0.66310000
3.15304251 -0.66640000
3.16932893 -0.66850000
3.18561534 -0.66960000
3.20190175 -0.66990000
3.21811444 -0.67050000
3.23432713 -0.67230000
3.25053982 -0.67490000
3.26675252 -0.67780000
3.28296520 -0.67950000
3.29917790 -0.67700000
3.31539059 -0.66460000
3.33160328 -0.63810000
3.34781597 -0.60180000
3.36402867 -0.56160000
3.38024135 -0.52090000
3.39645405 -0.48160000
3.41266674 -0.44480000
3.42887943 -0.41130000
3.44509212 -0.38180000
3.46130482 -0.35680000
3.47751750 -0.33650000
3.49373020 -0.32120000
3.50994289 -0.31090000
3.52615558 -0.30560000
3.54236827 -0.30490000
3.55858096 -0.30850000
3.57479365 -0.31580000
3.59100634 -0.32580000
3.60721904 -0.33760000
3.62343172 -0.35000000
3.63964442 -0.36160000
3.65585711 -0.37120000
3.67206980 -0.37750000
3.68828249 -0.38270000

0.00000000 0.60250000
0.01647355 0.61280000
0.03294710 0.64170000
0.04942064 0.68470000
0.06589419 0.73680000
0.08236774 0.79370000
0.09884129 0.85220000
0.11531484 0.91020000
0.13178839 0.96590000
0.14826193 1.01800000
0.16473548 1.06570000
0.18120903 1.10810000
0.19768258 1.14490000
0.21415613 1.17560000
0.23062967 1.20020000
0.24710322 1.21860000
0.26357677 1.23110000
0.28005032 1.23790000
0.29652387 1.23930000
0.31299741 1.23580000
0.32947096 1.22790000
0.34594451 1.21610000
0.36241806 1.20100000
0.37889161 1.18350000
0.39536516 1.16410000
0.41183870 1.14370000
0.42831225 1.12330000
0.44478580 1.10370000
0.46125935 1.08600000
0.47773290 1.07100000
0.49420644 1.05960000
0.51067999 1.05250000
0.52715354 1.05000000
0.54343995 1.05150000
0.55972636 1.05570000
0.57601278 1.06250000
0.59229919 1.07200000
0.60858559 1.08380000
0.62487200 1.09770000
0.64115842 1.11340000
0.65744483 1.13090000
0.67373124 1.14970000
0.69001765 1.16980000
0.70630407 1.19080000
0.72259047 1.21280000
0.73887688 1.23550000
0.75516329 1.25890000
0.77144971 1.28290000
0.78773612 1.30750000
0.80402253 1.33260000
0.82030893 1.35830000
0.83659534 1.38430000
0.85288176 1.41060000
0.86916817 1.43720000
0.88545458 1.46370000
0.90174099 1.48990000
0.91802741 1.51560000
0.93431382 1.54050000
0.95060022 1.56410000
0.96688663 1.58610000
0.98317305 1.60620000
0.99945946 1.62390000
1.01574587 1.63890000
1.03203228 1.65090000
1.04831870 1.65970000
1.06460510 1.66500000
1.08089151 1.66680000
1.09717792 1.66630000
1.11346433 1.66470000
1.12975075 1.66190000
1.14603716 1.65800000
1.16232357 1.65270000
1.17860997 1.64590000
1.19489639 1.63760000
1.21118280 1.62750000
1.22746921 1.61540000
1.24375562 1.60120000
1.26004204 1.58470000
1.27632845 1.56570000
1.29261485 1.54400000
1.30890126 1.51950000
1.32518768 1.49200000
1.34147409 1.46140000
1.35776050 1.42740000
1.37404691 1.39010000
1.39033332 1.34930000
1.40661973 1.30510000
1.42290614 1.25750000
1.43919255 1.20660000
1.45547896 1.15250000
1.47176538 1.09570000
1.48805179 1.03640000
1.50433820 0.97530000
1.52062460 0.91320000
1.53691102 0.85090000
1.55319743 0.79010000
1.56948384 0.73260000
1.58577025 0.68130000
1.60205667 0.63970000
1.61834308 0.61220000
1.63462948 0.60250000
1.65084218 0.61570000
1.66705486 0.65220000
1.68326756 0.70460000
1.69948025 0.76620000
1.71569294 0.83240000
1.73190563 0.90000000
1.74811833 0.96700000
1.76433101 1.03200000
1.78054371 1.09390000
1.79675640 1.15200000
1.81296909 1.20580000
1.82918178 1.25490000
1.84539448 1.29920000
1.86160716 1.33860000
1.87781986 1.37320000
1.89403255 1.40340000
1.91024524 1.42960000
1.92645793 1.45200000
1.94267063 1.47130000
1.95888331 1.48790000
1.97509601 1.50230000
1.99130870 1.51480000
2.00752139 1.52570000
2.02373408 1.53550000
2.03994678 1.54410000
2.05615946 1.55190000
2.07237216 1.55880000
2.08858485 1.56510000
2.10479754 1.57060000
2.12101023 1.57560000
2.13748378 1.57850000
2.15395733 1.58720000
2.17043088 1.60110000
2.18690443 1.61960000
2.20337797 1.64190000
2.21985152 1.66690000
2.23632507 1.69380000
2.25279862 1.72150000
2.26927217 1.74940000
2.28574571 1.77670000
2.30221926 1.80300000
2.31869281 1.82780000
2.33516636 1.85090000
2.35163991 1.87210000
2.36811346 1.89130000
2.38458700 1.90850000
2.40106055 1.92370000
2.41753410 1.93700000
2.43400765 1.94830000
2.45048120 1.95790000
2.46695474 1.96570000
2.48342829 1.97180000
2.49990184 1.97650000
2.51637539 1.97990000
2.53284894 1.98210000
2.54932249 1.98330000
2.56579603 1.98380000
2.58226958 1.98380000
2.59874313 1.98350000
2.61521668 1.98310000
2.63169023 1.98280000
2.64816377 1.98270000
2.66445018 1.97100000
2.68073659 1.95590000
2.69702301 1.93750000
2.71330942 1.91600000
2.72959583 1.89160000
2.74588223 1.86460000
2.76216865 1.83520000
2.77845506 1.80390000
2.79474147 1.77120000
2.81102788 1.73750000
2.82731430 1.70340000
2.84360071 1.66940000
2.85988712 1.63610000
2.87617352 1.60390000
2.89245994 1.57320000
2.90874635 1.54440000
2.92503276 1.51750000
2.94131917 1.49260000
2.95760558 1.46950000
2.97389200 1.44790000
2.99017840 1.42760000
3.00646481 1.40820000
3.02275122 1.38940000
3.03903764 1.37120000
3.05532405 1.35340000
3.07161046 1.33620000
3.08789687 1.31980000
3.10418328 1.30460000
3.12046969 1.29080000
3.13675610 1.27890000
3.15304251 1.26920000
3.16932893 1.26200000
3.18561534 1.25760000
3.20190175 1.25610000
3.21811444 1.25960000
3.23432713 1.27000000
3.25053982 1.28680000
3.26675252 1.30920000
3.28296520 1.33650000
3.29917790 1.36750000
3.31539059 1.40080000
3.33160328 1.43530000
3.34781597 1.46940000
3.36402867 1.50190000
3.38024135 1.53150000
3.39645405 1.55740000
3.41266674 1.57920000
3.42887943 1.59690000
3.44509212 1.61080000
3.46130482 1.62160000
3.47751750 1.62990000
3.49373020 1.63630000
3.50994289 1.64130000
3.52615558 1.64550000
3.54236827 1.64900000
3.55858096 1.65210000
3.57479365 1.65500000
3.59100634 1.65770000
3.60721904 1.66020000
3.62343172 1.66240000
3.63964442 1.66430000
3.65585711 1.66570000
3.67206980 1.66650000
3.68828249 1.66680000

0.00000000 1.51820000
0.01647355 1.52170000
0.03294710 1.53180000
0.04942064 1.54820000
0.06589419 1.56990000
0.08236774 1.59600000
0.09884129 1.62540000
0.11531484 1.65700000
0.13178839 1.68980000
0.14826193 1.72280000
0.16473548 1.75540000
0.18120903 1.78680000
0.19768258 1.81670000
0.21415613 1.84490000
0.23062967 1.87100000
0.24710322 1.89520000
0.26357677 1.91720000
0.28005032 1.93730000
0.29652387 1.95540000
0.31299741 1.97160000
0.32947096 1.98610000
0.34594451 1.99890000
0.36241806 2.01020000
0.37889161 2.02000000
0.39536516 2.02860000
0.41183870 2.03590000
0.42831225 2.04200000
0.44478580 2.04710000
0.46125935 2.05120000
0.47773290 2.05430000
0.49420644 2.05650000
0.51067999 2.05780000
0.52715354 2.05820000
0.54343995 2.05920000
0.55972636 2.06220000
0.57601278 2.06690000
0.59229919 2.07290000
0.60858559 2.07970000
0.62487200 2.08670000
0.64115842 2.09340000
0.65744483 2.09950000
0.67373124 2.10460000
0.69001765 2.10880000
0.70630407 2.11220000
0.72259047 2.11510000
0.73887688 2.11790000
0.75516329 2.12100000
0.77144971 2.12480000
0.78773612 2.12970000
0.80402253 2.13610000
0.82030893 2.14400000
0.83659534 2.15350000
0.85288176 2.16470000
0.86916817 2.17740000
0.88545458 2.19120000
0.90174099 2.20580000
0.91802741 2.22100000
0.93431382 2.23610000
0.95060022 2.25080000
0.96688663 2.26460000
0.98317305 2.27730000
0.99945946 2.28850000
1.01574587 2.29800000
1.03203228 2.30550000
1.04831870 2.31090000
1.06460510 2.31420000
1.08089151 2.31530000
1.09717792 2.31580000
1.11346433 2.31720000
1.12975075 2.31920000
1.14603716 2.32140000
1.16232357 2.32330000
1.17860997 2.32430000
1.19489639 2.32360000
1.21118280 2.32070000
1.22746921 2.31490000
1.24375562 2.30560000
1.26004204 2.29250000
1.27632845 2.27520000
1.29261485 2.25360000
1.30890126 2.22760000
1.32518768 2.19750000
1.34147409 2.16340000
1.35776050 2.12580000
1.37404691 2.08500000
1.39033332 2.04160000
1.40661973 1.99610000
1.42290614 1.94910000
1.43919255 1.90130000
1.45547896 1.85330000
1.47176538 1.80580000
1.48805179 1.75950000
1.50433820 1.71520000
1.52062460 1.67360000
1.53691102 1.63550000
1.55319743 1.60160000
1.56948384 1.57260000
1.58577025 1.54930000
1.60205667 1.53220000
1.61834308 1.52170000
1.63462948 1.51820000
1.65084218 1.51880000
1.66705486 1.52070000
1.68326756 1.52360000
1.69948025 1.52760000
1.71569294 1.53250000
1.73190563 1.53800000
1.74811833 1.54400000
1.76433101 1.55030000
1.78054371 1.55660000
1.79675640 1.56290000
1.81296909 1.56880000
1.82918178 1.57440000
1.84539448 1.57940000
1.86160716 1.58380000
1.87781986 1.58760000
1.89403255 1.59060000
1.91024524 1.59300000
1.92645793 1.59480000
1.94267063 1.59590000
1.95888331 1.59640000
1.97509601 1.59640000
1.99130870 1.59590000
2.00752139 1.59500000
2.02373408 1.59360000
2.03994678 1.59180000
2.05615946 1.58950000
2.07237216 1.58680000
2.08858485 1.58360000
2.10479754 1.57990000
2.12101023 1.57560000
2.13748378 1.57850000
2.15395733 1.58720000
2.17043088 1.60110000
2.18690443 1.61960000
2.20337797 1.64190000
2.21985152 1.66690000
2.23632507 1.69380000
2.25279862 1.72150000
2.26927217 1.74940000
2.28574571 1.77670000
2.30221926 1.80300000
2.31869281 1.82780000
2.33516636 1.85090000
2.35163991 1.87210000
2.36811346 1.89130000
2.38458700 1.90850000
2.40106055 1.92370000
2.41753410 1.93700000
2.43400765 1.94830000
2.45048120 1.95790000
2.46695474 1.96570000
2.48342829 1.97180000
2.49990184 1.97650000
2.51637539 1.97990000
2.53284894 1.98210000
2.54932249 1.98330000
2.56579603 1.98380000
2.58226958 1.98380000
2.59874313 1.98350000
2.61521668 1.98310000
2.63169023 1.98280000
2.64816377 1.98270000
2.66445018 1.99110000
2.68073659 1.99600000
2.69702301 1.99770000
2.71330942 1.99610000
2.72959583 1.99140000
2.74588223 1.98390000
2.76216865 1.97380000
2.77845506 1.96140000
2.79474147 1.94700000
2.81102788 1.93120000
2.82731430 1.91430000
2.84360071 1.89670000
2.85988712 1.87890000
2.87617352 1.86130000
2.89245994 1.84430000
2.90874635 1.82820000
2.92503276 1.81330000
2.94131917 1.80000000
2.95760558 1.78830000
2.97389200 1.77850000
2.99017840 1.77060000
3.00646481 1.76460000
3.02275122 1.76050000
3.03903764 1.75800000
3.05532405 1.75700000
3.07161046 1.75720000
3.08789687 1.75820000
3.10418328 1.75980000
3.12046969 1.76160000
3.13675610 1.76340000
3.15304251 1.76500000
3.16932893 1.76630000
3.18561534 1.76710000
3.20190175 1.76740000
3.21811444 1.76830000
3.23432713 1.77100000
3.25053982 1.77550000
3.26675252 1.78180000
3.28296520 1.79000000
3.29917790 1.80000000
3.31539059 1.81210000
3.33160328 1.82650000
3.34781597 1.84350000
3.36402867 1.86340000
3.38024135 1.88640000
3.39645405 1.91270000
3.41266674 1.94180000
3.42887943 1.97330000
3.44509212 2.00640000
3.46130482 2.04020000
3.47751750 2.07390000
3.49373020 2.10680000
3.50994289 2.13820000
3.52615558 2.16770000
3.54236827 2.19500000
3.55858096 2.21980000
3.57479365 2.24190000
3.59100634 2.26120000
3.60721904 2.27770000
3.62343172 2.29120000
3.63964442 2.30170000
3.65585711 2.30930000
3.67206980 2.31380000
3.68828249 2.31530000

0.00000000 2.96980000
0.01647355 2.97010000
0.03294710 2.97110000
0.04942064 2.97270000
0.06589419 2.97490000
0.08236774 2.97760000
0.09884129 2.98060000
0.11531484 2.98370000
0.13178839 2.98660000
0.14826193 2.98900000
0.16473548 2.99020000
0.18120903 2.98980000
0.19768258 2.98690000
0.21415613 2.98100000
0.23062967 2.97140000
0.24710322 2.95750000
0.26357677 2.93900000
0.28005032 2.91550000
0.29652387 2.88720000
0.31299741 2.85440000
0.32947096 2.81780000
0.34594451 2.77820000
0.36241806 2.73670000
0.37889161 2.69440000
0.39536516 2.65260000
0.41183870 2.61240000
0.42831225 2.57500000
0.44478580 2.54130000
0.46125935 2.51250000
0.47773290 2.48920000
0.49420644 2.47210000
0.51067999 2.46160000
0.52715354 2.45810000
0.54343995 2.45960000
0.55972636 2.46420000
0.57601278 2.47210000
0.59229919 2.48370000
0.60858559 2.49940000
0.62487200 2.51960000
0.64115842 2.54480000
0.65744483 2.57530000
0.67373124 2.61120000
0.69001765 2.65260000
0.70630407 2.69920000
0.72259047 2.75070000
0.73887688 2.80660000
0.75516329 2.86620000
0.77144971 2.92870000
0.78773612 2.99280000
0.80402253 3.05680000
0.82030893 3.11820000
0.83659534 3.17290000
0.85288176 3.21690000
0.86916817 3.24860000
0.88545458 3.26990000
0.90174099 3.28400000
0.91802741 3.29290000
0.93431382 3.29750000
0.95060022 3.29840000
0.96688663 3.29640000
0.98317305 3.29230000
0.99945946 3.28710000
1.01574587 3.28170000
1.03203228 3.27670000
1.04831870 3.27280000
1.06460510 3.27030000
1.08089151 3.26950000
1.09717792 3.27240000
1.11346433 3.28110000
1.12975075 3.29540000
1.14603716 3.31490000
1.16232357 3.33910000
1.17860997 3.36730000
1.19489639 3.39860000
1.21118280 3.43200000
1.22746921 3.46580000
1.24375562 3.49640000
1.26004204 3.51670000
1.27632845 3.52120000
1.29261485 3.51610000
1.30890126 3.50630000
1.32518768 3.49320000
1.34147409 3.47680000
1.35776050 3.45710000
1.37404691 3.43340000
1.39033332 3.40560000
1.40661973 3.37360000
1.42290614 3.33790000
1.43919255 3.29930000
1.45547896 3.25900000
1.47176538 3.21810000
1.48805179 3.17780000
1.50433820 3.13900000
1.52062460 3.10270000
1.53691102 3.06960000
1.55319743 3.04030000
1.56948384 3.01560000
1.58577025 2.99590000
1.60205667 2.98150000
1.61834308 2.97270000
1.63462948 2.96980000
1.65084218 2.97230000
1.66705486 2.97970000
1.68326756 2.99180000
1.69948025 3.00840000
1.71569294 3.02890000
1.73190563 3.05280000
1.74811833 3.07900000
1.76433101 3.10630000
1.78054371 3.13300000
1.79675640 3.15720000
1.81296909 3.15760000
1.82918178 3.13940000
1.84539448 3.12260000
1.86160716 3.10740000
1.87781986 3.09410000
1.89403255 3.08270000
1.91024524 3.07330000
1.92645793 3.06570000
1.94267063 3.05990000
1.95888331 3.05570000
1.97509601 3.05300000
1.99130870 3.05150000
2.00752139 3.05120000
2.02373408 3.05180000
2.03994678 3.05330000
2.05615946 3.05530000
2.07237216 3.05780000
2.08858485 3.06050000
2.10479754 3.06340000
2.12101023 3.06630000
2.13748378 3.06770000
2.15395733 3.07200000
2.17043088 3.07900000
2.18690443 3.08880000
2.20337797 3.10120000
2.21985152 3.11610000
2.23632507 3.13330000
2.25279862 3.15250000
2.26927217 3.17330000
2.28574571 3.19530000
2.30221926 3.21800000
2.31869281 3.24090000
2.33516636 3.26340000
2.35163991 3.28510000
2.36811346 3.30540000
2.38458700 3.32390000
2.40106055 3.34040000
2.41753410 3.35470000
2.43400765 3.36660000
2.45048120 3.37600000
2.46695474 3.38310000
2.48342829 3.38790000
2.49990184 3.39060000
2.51637539 3.39150000
2.53284894 3.39080000
2.54932249 3.38880000
2.56579603 3.38610000
2.58226958 3.38290000
2.59874313 3.37990000
2.61521668 3.37740000
2.63169023 3.37580000
2.64816377 3.37520000
2.66445018 3.35590000
2.68073659 3.33310000
2.69702301 3.30740000
2.71330942 3.27910000
2.72959583 3.24880000
2.74588223 3.21680000
2.76216865 3.18350000
2.77845506 3.14930000
2.79474147 3.11450000
2.81102788 3.07930000
2.82731430 3.04400000
2.84360071 3.00880000
2.85988712 2.97400000
2.87617352 2.93970000
2.89245994 2.90630000
2.90874635 2.87380000
2.92503276 2.84260000
2.94131917 2.81280000
2.95760558 2.78450000
2.97389200 2.75780000
2.99017840 2.73280000
3.00646481 2.70950000
3.02275122 2.68790000
3.03903764 2.66790000
3.05532405 2.64970000
3.07161046 2.63320000
3.08789687 2.61830000
3.10418328 2.60530000
3.12046969 2.59410000
3.13675610 2.58480000
3.15304251 2.57740000
3.16932893 2.57210000
3.18561534 2.56890000
3.20190175 2.56780000
3.21811444 2.56920000
3.23432713 2.57340000
3.25053982 2.58040000
3.26675252 2.59000000
3.28296520 2.60230000
3.29917790 2.61710000
3.31539059 2.63440000
3.33160328 2.65390000
3.34781597 2.67560000
3.36402867 2.69930000
3.38024135 2.72500000
3.39645405 2.75240000
3.41266674 2.78150000
3.42887943 2.81210000
3.44509212 2.84400000
3.46130482 2.87720000
3.47751750 2.91140000
3.49373020 2.94640000
3.50994289 2.98200000
3.52615558 3.01780000
3.54236827 3.05370000
3.55858096 3.08900000
3.57479365 3.12340000
3.59100634 3.15620000
3.60721904 3.18670000
3.62343172 3.21390000
3.63964442 3.23690000
3.65585711 3.25450000
3.67206980 3.26570000
3.68828249 3.26950000

0.00000000 3.29720000
0.01647355 3.29800000
0.03294710 3.30050000
0.04942064 3.30470000
0.06589419 3.31070000
0.08236774 3.31850000
0.09884129 3.32820000
0.11531484 3.34000000
0.13178839 3.35370000
0.14826193 3.36950000
0.16473548 3.38710000
0.18120903 3.40630000
0.19768258 3.42700000
0.21415613 3.44850000
0.23062967 3.47060000
0.24710322 3.49270000
0.26357677 3.51410000
0.28005032 3.53440000
0.29652387 3.55290000
0.31299741 3.56900000
0.32947096 3.58230000
0.34594451 3.59210000
0.36241806 3.59830000
0.37889161 3.60060000
0.39536516 3.59940000
0.41183870 3.59530000
0.42831225 3.58900000
0.44478580 3.58160000
0.46125935 3.57410000
0.47773290 3.56730000
0.49420644 3.56190000
0.51067999 3.55850000
0.52715354 3.55730000
0.54343995 3.55710000
0.55972636 3.55640000
0.57601278 3.55450000
0.59229919 3.55050000
0.60858559 3.54360000
0.62487200 3.53300000
0.64115842 3.51860000
0.65744483 3.50090000
0.67373124 3.48090000
0.69001765 3.46000000
0.70630407 3.43940000
0.72259047 3.42020000
0.73887688 3.40340000
0.75516329 3.39000000
0.77144971 3.38080000
0.78773612 3.37640000
0.80402253 3.37820000
0.82030893 3.38790000
0.83659534 3.40810000
0.85288176 3.44100000
0.86916817 3.48430000
0.88545458 3.52690000
0.90174099 3.54900000
0.91802741 3.55040000
0.93431382 3.54620000
0.95060022 3.54310000
0.96688663 3.54270000
0.98317305 3.54490000
0.99945946 3.54880000
1.01574587 3.55350000
1.03203228 3.55810000
1.04831870 3.56200000
1.06460510 3.56450000
1.08089151 3.56540000
1.09717792 3.56560000
1.11346433 3.56640000
1.12975075 3.56740000
1.14603716 3.56840000
1.16232357 3.56910000
1.17860997 3.56920000
1.19489639 3.56860000
1.21118280 3.56740000
1.22746921 3.56620000
1.24375562 3.56720000
1.26004204 3.57620000
1.27632845 3.59660000
1.29261485 3.61960000
1.30890126 3.63710000
1.32518768 3.64400000
1.34147409 3.63840000
1.35776050 3.62190000
1.37404691 3.59820000
1.39033332 3.57110000
1.40661973 3.54300000
1.42290614 3.51530000
1.43919255 3.48850000
1.45547896 3.46280000
1.47176538 3.43820000
1.48805179 3.41480000
1.50433820 3.39270000
1.52062460 3.37210000
1.53691102 3.35350000
1.55319743 3.33710000
1.56948384 3.32310000
1.58577025 3.31200000
1.60205667 3.30380000
1.61834308 3.29890000
1.63462948 3.29720000
1.65084218 3.29590000
1.66705486 3.29180000
1.68326756 3.28510000
1.69948025 3.27570000
1.71569294 3.26370000
1.73190563 3.24930000
1.74811833 3.23280000
1.76433101 3.21480000
1.78054371 3.19590000
1.79675640 3.17660000
1.81296909 3.17660000
1.82918178 3.18940000
1.84539448 3.19480000
1.86160716 3.19320000
1.87781986 3.18590000
1.89403255 3.17490000
1.91024524 3.16180000
1.92645793 3.14800000
1.94267063 3.13460000
1.95888331 3.12240000
1.97509601 3.11150000
1.99130870 3.10230000
2.00752139 3.09460000
2.02373408 3.08840000
2.03994678 3.08330000
2.05615946 3.07910000
2.07237216 3.07550000
2.08858485 3.07230000
2.10479754 3.06930000
2.12101023 3.06630000
2.13748378 3.06770000
2.15395733 3.07200000
2.17043088 3.07900000
2.18690443 3.08880000
2.20337797 3.10120000
2.21985152 3.11610000
2.23632507 3.13330000
2.25279862 3.15250000
2.26927217 3.17330000
2.28574571 3.19530000
2.30221926 3.21800000
2.31869281 3.24090000
2.33516636 3.26340000
2.35163991 3.28510000
2.36811346 3.30540000
2.38458700 3.32390000
2.40106055 3.34040000
2.41753410 3.35470000
2.43400765 3.36660000
2.45048120 3.37600000
2.46695474 3.38310000
2.48342829 3.38790000
2.49990184 3.39060000
2.51637539 3.39150000
2.53284894 3.39080000
2.54932249 3.38880000
2.56579603 3.38610000
2.58226958 3.38290000
2.59874313 3.37990000
2.61521668 3.37740000
2.63169023 3.37580000
2.64816377 3.37520000
2.66445018 3.39040000
2.68073659 3.40090000
2.69702301 3.40620000
2.71330942 3.40580000
2.72959583 3.39950000
2.74588223 3.38740000
2.76216865 3.37010000
2.77845506 3.34840000
2.79474147 3.32350000
2.81102788 3.29650000
2.82731430 3.26880000
2.84360071 3.24120000
2.85988712 3.21500000
2.87617352 3.19070000
2.89245994 3.16920000
2.90874635 3.15100000
2.92503276 3.13650000
2.94131917 3.12600000
2.95760558 3.11990000
2.97389200 3.11820000
2.99017840 3.12110000
3.00646481 3.12830000
3.02275122 3.13970000
3.03903764 3.15490000
3.05532405 3.17320000
3.07161046 3.19410000
3.08789687 3.21660000
3.10418328 3.23980000
3.12046969 3.26260000
3.13675610 3.28380000
3.15304251 3.30210000
3.16932893 3.31640000
3.18561534 3.32540000
3.20190175 3.32860000
3.21811444 3.32910000
3.23432713 3.33090000
3.25053982 3.33370000
3.26675252 3.33740000
3.28296520 3.34190000
3.29917790 3.34710000
3.31539059 3.35270000
3.33160328 3.35870000
3.34781597 3.36490000
3.36402867 3.37140000
3.38024135 3.37810000
3.39645405 3.38500000
3.41266674 3.39240000
3.42887943 3.40030000
3.44509212 3.40890000
3.46130482 3.41840000
3.47751750 3.42870000
3.49373020 3.44010000
3.50994289 3.45240000
3.52615558 3.46560000
3.54236827 3.47960000
3.55858096 3.49390000
3.57479365 3.50830000
3.59100634 3.52220000
3.60721904 3.53500000
3.62343172 3.54600000
3.63964442 3.55470000
3.65585711 3.56070000
3.67206980 3.56420000
3.68828249 3.56540000

0.00000000 3.94450000
0.01647355 3.94420000
0.03294710 3.94330000
0.04942064 3.94200000
0.06589419 3.94040000
0.08236774 3.93870000
0.09884129 3.93690000
0.11531484 3.93510000
0.13178839 3.93340000
0.14826193 3.93170000
0.16473548 3.92990000
0.18120903 3.92800000
0.19768258 3.92590000
0.21415613 3.92330000
0.23062967 3.92030000
0.24710322 3.91670000
0.26357677 3.91260000
0.28005032 3.90780000
0.29652387 3.90250000
0.31299741 3.89670000
0.32947096 3.89070000
0.34594451 3.88470000
0.36241806 3.87920000
0.37889161 3.87450000
0.39536516 3.87090000
0.41183870 3.86850000
0.42831225 3.86710000
0.44478580 3.86650000
0.46125935 3.86640000
0.47773290 3.86650000
0.49420644 3.86680000
0.51067999 3.86700000
0.52715354 3.86710000
0.54343995 3.86600000
0.55972636 3.86300000
0.57601278 3.85920000
0.59229919 3.85590000
0.60858559 3.85500000
0.62487200 3.85780000
0.64115842 3.86540000
0.65744483 3.87750000
0.67373124 3.89320000
0.69001765 3.90960000
0.70630407 3.92150000
0.72259047 3.92050000
0.73887688 3.90310000
0.75516329 3.87470000
0.77144971 3.84120000
0.78773612 3.80600000
0.80402253 3.77090000
0.82030893 3.73710000
0.83659534 3.70590000
0.85288176 3.67860000
0.86916817 3.65810000
0.88545458 3.65230000
0.90174099 3.67550000
0.91802741 3.72190000
0.93431382 3.76710000
0.95060022 3.79540000
0.96688663 3.80820000
0.98317305 3.81410000
0.99945946 3.81760000
1.01574587 3.82010000
1.03203228 3.82210000
1.04831870 3.82370000
1.06460510 3.82470000
1.08089151 3.82510000
1.09717792 3.82700000
1.11346433 3.83290000
1.12975075 3.84280000
1.14603716 3.85680000
1.16232357 3.87460000
1.17860997 3.89580000
1.19489639 3.91870000
1.21118280 3.94050000
1.22746921 3.95650000
1.24375562 3.96200000
1.26004204 3.95560000
1.27632845 3.94100000
1.29261485 3.92340000
1.30890126 3.90780000
1.32518768 3.89860000
1.34147409 3.89790000
1.35776050 3.90440000
1.37404691 3.91490000
1.39033332 3.92630000
1.40661973 3.93670000
1.42290614 3.94510000
1.43919255 3.95120000
1.45547896 3.95510000
1.47176538 3.95710000
1.48805179 3.95770000
1.50433820 3.95700000
1.52062460 3.95560000
1.53691102 3.95370000
1.55319743 3.95150000
1.56948384 3.94930000
1.58577025 3.94730000
1.60205667 3.94580000
1.61834308 3.94480000
1.63462948 3.94450000
1.65084218 3.94180000
1.66705486 3.93390000
1.68326756 3.92110000
1.69948025 3.90410000
1.71569294 3.88380000
1.73190563 3.86150000
1.74811833 3.83870000
1.76433101 3.81730000
1.78054371 3.79980000
1.79675640 3.78860000
1.81296909 3.78660000
1.82918178 3.79580000
1.84539448 3.81730000
1.86160716 3.85090000
1.87781986 3.89490000
1.89403255 3.94720000
1.91024524 4.00540000
1.92645793 4.06720000
1.94267063 4.13060000
1.95888331 4.19350000
1.97509601 4.25380000
1.99130870 4.30960000
2.00752139 4.35910000
2.02373408 4.40100000
2.03994678 4.43470000
2.05615946 4.46040000
2.07237216 4.47940000
2.08858485 4.49330000
2.10479754 4.50360000
2.12101023 4.51140000
2.13748378 4.51150000
2.15395733 4.51160000
2.17043088 4.51170000
2.18690443 4.51180000
2.20337797 4.51180000
2.21985152 4.51140000
2.23632507 4.51060000
2.25279862 4.50910000
2.26927217 4.50670000
2.28574571 4.50280000
2.30221926 4.49720000
2.31869281 4.48890000
2.33516636 4.47740000
2.35163991 4.46140000
2.36811346 4.44000000
2.38458700 4.41240000
2.40106055 4.37810000
2.41753410 4.33760000
2.43400765 4.29190000
2.45048120 4.24280000
2.46695474 4.19210000
2.48342829 4.14160000
2.49990184 4.09300000
2.51637539 4.04750000
2.53284894 4.00620000
2.54932249 3.96990000
2.56579603 3.93890000
2.58226958 3.91350000
2.59874313 3.89390000
2.61521668 3.88000000
2.63169023 3.87170000
2.64816377 3.86890000
2.66445018 3.86290000
2.68073659 3.85480000
2.69702301 3.84490000
2.71330942 3.83370000
2.72959583 3.82180000
2.74588223 3.80970000
2.76216865 3.79800000
2.77845506 3.78700000
2.79474147 3.77680000
2.81102788 3.76760000
2.82731430 3.75940000
2.84360071 3.75200000
2.85988712 3.74550000
2.87617352 3.73950000
2.89245994 3.73400000
2.90874635 3.72890000
2.92503276 3.72420000
2.94131917 3.71990000
2.95760558 3.71620000
2.97389200 3.71330000
2.99017840 3.71150000
3.00646481 3.71100000
3.02275122 3.71190000
3.03903764 3.71420000
3.05532405 3.71780000
3.07161046 3.72230000
3.08789687 3.72720000
3.10418328 3.73190000
3.12046969 3.73580000
3.13675610 3.73850000
3.15304251 3.73990000
3.16932893 3.74030000
3.18561534 3.74020000
3.20190175 3.74010000
3.21811444 3.74070000
3.23432713 3.74230000
3.25053982 3.74510000
3.26675252 3.74900000
3.28296520 3.75390000
3.29917790 3.75980000
3.31539059 3.76690000
3.33160328 3.77510000
3.34781597 3.78460000
3.36402867 3.79550000
3.38024135 3.80790000
3.39645405 3.82190000
3.41266674 3.83760000
3.42887943 3.85470000
3.44509212 3.87310000
3.46130482 3.89190000
3.47751750 3.91010000
3.49373020 3.92580000
3.50994289 3.93680000
3.52615558 3.94080000
3.54236827 3.93700000
3.55858096 3.92630000
3.57479365 3.91110000
3.59100634 3.89350000
3.60721904 3.87550000
3.62343172 3.85880000
3.63964442 3.84460000
3.65585711 3.83390000
3.67206980 3.82730000
3.68828249 3.82510000

0.00000000 4.13000000
0.01647355 4.13090000
0.03294710 4.13360000
0.04942064 4.13800000
0.06589419 4.14390000
0.08236774 4.15100000
0.09884129 4.15900000
0.11531484 4.16770000
0.13178839 4.17670000
0.14826193 4.18590000
0.16473548 4.19490000
0.18120903 4.20340000
0.19768258 4.21100000
0.21415613 4.21760000
0.23062967 4.22280000
0.24710322 4.22660000
0.26357677 4.22900000
0.28005032 4.23020000
0.29652387 4.23070000
0.31299741 4.23080000
0.32947096 4.23100000
0.34594451 4.23160000
0.36241806 4.23270000
0.37889161 4.23430000
0.39536516 4.23630000
0.41183870 4.23830000
0.42831225 4.24030000
0.44478580 4.24180000
0.46125935 4.24300000
0.47773290 4.24370000
0.49420644 4.24410000
0.51067999 4.24430000
0.52715354 4.24430000
0.54343995 4.24240000
0.55972636 4.23680000
0.57601278 4.22750000
0.59229919 4.21470000
0.60858559 4.19870000
0.62487200 4.17960000
0.64115842 4.15790000
0.65744483 4.13390000
0.67373124 4.10850000
0.69001765 4.08390000
0.70630407 4.06440000
0.72259047 4.05670000
0.73887688 4.06030000
0.75516329 4.06220000
0.77144971 4.05130000
0.78773612 4.03070000
0.80402253 4.00660000
0.82030893 3.98210000
0.83659534 3.95870000
0.85288176 3.93760000
0.86916817 3.91960000
0.88545458 3.90540000
0.90174099 3.89670000
0.91802741 3.89650000
0.93431382 3.91170000
0.95060022 3.94930000
0.96688663 4.00360000
0.98317305 4.06320000
0.99945946 4.12140000
1.01574587 4.17400000
1.03203228 4.21830000
1.04831870 4.25180000
1.06460510 4.27290000
1.08089151 4.28000000
1.09717792 4.27810000
1.11346433 4.27240000
1.12975075 4.26320000
1.14603716 4.25110000
1.16232357 4.23660000
1.17860997 4.22110000
1.19489639 4.20650000
1.21118280 4.19610000
1.22746921 4.19460000
1.24375562 4.20710000
1.26004204 4.23450000
1.27632845 4.27340000
1.29261485 4.31830000
1.30890126 4.36240000
1.32518768 4.39450000
1.34147409 4.40080000
1.35776050 4.38590000
1.37404691 4.36290000
1.39033332 4.33770000
1.40661973 4.31240000
1.42290614 4.28800000
1.43919255 4.26480000
1.45547896 4.24320000
1.47176538 4.22320000
1.48805179 4.20490000
1.50433820 4.18860000
1.52062460 4.17430000
1.53691102 4.16210000
1.55319743 4.15190000
1.56948384 4.14380000
1.58577025 4.13760000
1.60205667 4.13330000
1.61834308 4.13080000
1.63462948 4.13000000
1.65084218 4.12890000
1.66705486 4.12620000
1.68326756 4.12250000
1.69948025 4.11900000
1.71569294 4.11700000
1.73190563 4.11740000
1.74811833 4.12100000
1.76433101 4.12830000
1.78054371 4.13950000
1.79675640 4.15460000
1.81296909 4.17330000
1.82918178 4.19540000
1.84539448 4.22030000
1.86160716 4.24780000
1.87781986 4.27720000
1.89403255 4.30790000
1.91024524 4.33940000
1.92645793 4.37080000
1.94267063 4.40120000
1.95888331 4.42980000
1.97509601 4.45560000
1.99130870 4.47790000
2.00752139 4.49590000
2.02373408 4.50930000
2.03994678 4.51810000
2.05615946 4.52260000
2.07237216 4.52360000
2.08858485 4.52160000
2.10479754 4.51740000
2.12101023 4.51140000
2.13748378 4.51150000
2.15395733 4.51160000
2.17043088 4.51170000
2.18690443 4.51180000
2.20337797 4.51180000
2.21985152 4.51140000
2.23632507 4.51060000
2.25279862 4.50910000
2.26927217 4.50670000
2.28574571 4.50280000
2.30221926 4.49720000
2.31869281 4.48890000
2.33516636 4.47740000
2.35163991 4.46140000
2.36811346 4.44000000
2.38458700 4.41240000
2.40106055 4.37810000
2.41753410 4.33760000
2.43400765 4.29190000
2.45048120 4.24280000
2.46695474 4.19210000
2.48342829 4.14160000
2.49990184 4.09300000
2.51637539 4.04750000
2.53284894 4.00620000
2.54932249 3.96990000
2.56579603 3.93890000
2.58226958 3.91350000
2.59874313 3.89390000
2.61521668 3.88000000
2.63169023 3.87170000
2.64816377 3.86890000
2.66445018 3.87280000
2.68073659 3.87510000
2.69702301 3.87630000
2.71330942 3.87750000
2.72959583 3.87960000
2.74588223 3.88340000
2.76216865 3.88930000
2.77845506 3.89750000
2.79474147 3.90770000
2.81102788 3.91960000
2.82731430 3.93260000
2.84360071 3.94610000
2.85988712 3.95940000
2.87617352 3.97190000
2.89245994 3.98320000
2.90874635 3.99270000
2.92503276 4.00030000
2.94131917 4.00590000
2.95760558 4.00960000
2.97389200 4.01150000
2.99017840 4.01190000
3.00646481 4.01100000
3.02275122 4.00870000
3.03903764 4.00540000
3.05532405 4.00110000
3.07161046 3.99600000
3.08789687 3.99060000
3.10418328 3.98520000
3.12046969 3.98040000
3.13675610 3.97650000
3.15304251 3.97380000
3.16932893 3.97210000
3.18561534 3.97120000
3.20190175 3.97100000
3.21811444 3.97240000
3.23432713 3.97670000
3.25053982 3.98370000
3.26675252 3.99350000
3.28296520 4.00590000
3.29917790 4.02060000
3.31539059 4.03740000
3.33160328 4.05590000
3.34781597 4.07520000
3.36402867 4.09460000
3.38024135 4.11270000
3.39645405 4.12840000
3.41266674 4.14030000
3.42887943 4.14760000
3.44509212 4.15040000
3.46130482 4.14930000
3.47751750 4.14590000
3.49373020 4.14230000
3.50994289 4.14130000
3.52615558 4.14530000
3.54236827 4.15550000
3.55858096 4.17100000
3.57479365 4.18960000
3.59100634 4.20940000
3.60721904 4.22860000
3.62343172 4.24590000
3.63964442 4.26030000
3.65585711 4.27110000
3.67206980 4.27770000
3.68828249 4.28000000

0.00000000 4.85630000
0.01647355 4.85590000
0.03294710 4.85480000
0.04942064 4.85280000
0.06589419 4.84970000
0.08236774 4.84500000
0.09884129 4.83780000
0.11531484 4.82660000
0.13178839 4.81000000
0.14826193 4.78840000
0.16473548 4.76320000
0.18120903 4.73570000
0.19768258 4.70710000
0.21415613 4.67800000
0.23062967 4.64940000
0.24710322 4.62170000
0.26357677 4.59540000
0.28005032 4.57080000
0.29652387 4.54790000
0.31299741 4.52670000
0.32947096 4.50730000
0.34594451 4.48950000
0.36241806 4.47330000
0.37889161 4.45870000
0.39536516 4.44580000
0.41183870 4.43470000
0.42831225 4.42550000
0.44478580 4.41820000
0.46125935 4.41270000
0.47773290 4.40880000
0.49420644 4.40630000
0.51067999 4.40490000
0.52715354 4.40450000
0.54343995 4.40210000
0.55972636 4.39520000
0.57601278 4.38430000
0.59229919 4.37000000
0.60858559 4.35310000
0.62487200 4.33450000
0.64115842 4.31490000
0.65744483 4.29470000
0.67373124 4.27380000
0.69001765 4.25190000
0.70630407 4.22870000
0.72259047 4.20580000
0.73887688 4.18780000
0.75516329 4.18370000
0.77144971 4.19890000
0.78773612 4.22730000
0.80402253 4.26080000
0.82030893 4.29490000
0.83659534 4.32810000
0.85288176 4.36040000
0.86916817 4.39240000
0.88545458 4.42450000
0.90174099 4.45680000
0.91802741 4.48950000
0.93431382 4.52210000
0.95060022 4.55430000
0.96688663 4.58550000
0.98317305 4.61470000
0.99945946 4.64130000
1.01574587 4.66420000
1.03203228 4.68280000
1.04831870 4.69630000
1.06460510 4.70460000
1.08089151 4.70730000
1.09717792 4.70690000
1.11346433 4.70570000
1.12975075 4.70340000
1.14603716 4.70000000
1.16232357 4.69500000
1.17860997 4.68820000
1.19489639 4.67900000
1.21118280 4.66680000
1.22746921 4.65120000
1.24375562 4.63200000
1.26004204 4.60950000
1.27632845 4.58470000
1.29261485 4.55970000
1.30890126 4.53830000
1.32518768 4.52990000
1.34147409 4.54660000
1.35776050 4.58200000
1.37404691 4.62160000
1.39033332 4.65810000
1.40661973 4.68910000
1.42290614 4.71440000
1.43919255 4.73520000
1.45547896 4.75290000
1.47176538 4.76840000
1.48805179 4.78250000
1.50433820 4.79560000
1.52062460 4.80780000
1.53691102 4.81910000
1.55319743 4.82940000
1.56948384 4.83840000
1.58577025 4.84590000
1.60205667 4.85150000
1.61834308 4.85510000
1.63462948 4.85630000
1.65084218 4.85770000
1.66705486 4.86190000
1.68326756 4.86860000
1.69948025 4.87790000
1.71569294 4.88950000
1.73190563 4.90360000
1.74811833 4.92000000
1.76433101 4.93880000
1.78054371 4.95960000
1.79675640 4.98220000
1.81296909 5.00600000
1.82918178 5.03050000
1.84539448 5.05470000
1.86160716 5.07420000
1.87781986 5.07210000
1.89403255 5.06830000
1.91024524 5.06270000
1.92645793 5.05520000
1.94267063 5.04640000
1.95888331 5.03690000
1.97509601 5.02790000
1.99130870 5.02090000
2.00752139 5.01750000
2.02373408 5.01880000
2.03994678 5.02550000
2.05615946 5.03700000
2.07237216 5.05220000
2.08858485 5.06920000
2.10479754 5.08640000
2.12101023 5.10230000
2.13748378 5.10350000
2.15395733 5.10720000
2.17043088 5.11280000
2.18690443 5.11990000
2.20337797 5.12740000
2.21985152 5.13390000
2.23632507 5.13790000
2.25279862 5.13740000
2.26927217 5.13060000
2.28574571 5.11590000
2.30221926 5.09320000
2.31869281 5.06310000
2.33516636 5.02770000
2.35163991 4.98950000
2.36811346 4.95120000
2.38458700 4.91550000
2.40106055 4.88400000
2.41753410 4.85770000
2.43400765 4.83660000
2.45048120 4.82020000
2.46695474 4.80760000
2.48342829 4.79790000
2.49990184 4.79020000
2.51637539 4.78410000
2.53284894 4.77910000
2.54932249 4.77490000
2.56579603 4.77150000
2.58226958 4.76860000
2.59874313 4.76630000
2.61521668 4.76470000
2.63169023 4.76370000
2.64816377 4.76340000
2.66445018 4.76010000
2.68073659 4.75460000
2.69702301 4.74590000
2.71330942 4.73350000
2.72959583 4.71730000
2.74588223 4.69740000
2.76216865 4.67420000
2.77845506 4.64820000
2.79474147 4.62030000
2.81102788 4.59120000
2.82731430 4.56190000
2.84360071 4.53340000
2.85988712 4.50660000
2.87617352 4.48220000
2.89245994 4.46070000
2.90874635 4.44250000
2.92503276 4.42760000
2.94131917 4.41580000
2.95760558 4.40680000
2.97389200 4.40010000
2.99017840 4.39540000
3.00646481 4.39250000
3.02275122 4.39130000
3.03903764 4.39200000
3.05532405 4.39470000
3.07161046 4.39950000
3.08789687 4.40650000
3.10418328 4.41550000
3.12046969 4.42620000
3.13675610 4.43790000
3.15304251 4.44950000
3.16932893 4.45990000
3.18561534 4.46720000
3.20190175 4.46980000
3.21811444 4.46890000
3.23432713 4.46620000
3.25053982 4.46190000
3.26675252 4.45610000
3.28296520 4.44960000
3.29917790 4.44300000
3.31539059 4.43730000
3.33160328 4.43330000
3.34781597 4.43210000
3.36402867 4.43430000
3.38024135 4.44110000
3.39645405 4.45310000
3.41266674 4.47130000
3.42887943 4.49570000
3.44509212 4.52630000
3.46130482 4.56210000
3.47751750 4.60190000
3.49373020 4.64400000
3.50994289 4.68640000
3.52615558 4.72630000
3.54236827 4.75970000
3.55858096 4.78170000
3.57479365 4.78900000
3.59100634 4.78320000
3.60721904 4.76900000
3.62343172 4.75140000
3.63964442 4.73410000
3.65585711 4.71990000
3.67206980 4.71060000
3.68828249 4.70730000

0.00000000 4.96440000
0.01647355 4.96140000
0.03294710 4.95310000
0.04942064 4.94090000
0.06589419 4.92610000
0.08236774 4.91000000
0.09884129 4.89370000
0.11531484 4.87900000
0.13178839 4.86740000
0.14826193 4.85870000
0.16473548 4.85180000
0.18120903 4.84550000
0.19768258 4.83920000
0.21415613 4.83210000
0.23062967 4.82360000
0.24710322 4.81310000
0.26357677 4.80000000
0.28005032 4.78450000
0.29652387 4.76700000
0.31299741 4.74840000
0.32947096 4.72980000
0.34594451 4.71230000
0.36241806 4.69670000
0.37889161 4.68350000
0.39536516 4.67290000
0.41183870 4.66490000
0.42831225 4.65920000
0.44478580 4.65540000
0.46125935 4.65310000
0.47773290 4.65190000
0.49420644 4.65130000
0.51067999 4.65100000
0.52715354 4.65100000
0.54343995 4.64600000
0.55972636 4.63150000
0.57601278 4.60860000
0.59229919 4.57900000
0.60858559 4.54450000
0.62487200 4.50720000
0.64115842 4.46890000
0.65744483 4.43180000
0.67373124 4.39800000
0.69001765 4.36990000
0.70630407 4.34970000
0.72259047 4.33800000
0.73887688 4.33480000
0.75516329 4.33940000
0.77144971 4.35150000
0.78773612 4.37120000
0.80402253 4.39900000
0.82030893 4.43520000
0.83659534 4.47910000
0.85288176 4.52930000
0.86916817 4.58410000
0.88545458 4.64200000
0.90174099 4.70200000
0.91802741 4.76280000
0.93431382 4.82360000
0.95060022 4.88350000
0.96688663 4.94130000
0.98317305 4.99600000
0.99945946 5.04620000
1.01574587 5.09030000
1.03203228 5.12690000
1.04831870 5.15440000
1.06460510 5.17150000
1.08089151 5.17730000
1.09717792 5.16980000
1.11346433 5.14950000
1.12975075 5.12070000
1.14603716 5.08690000
1.16232357 5.05090000
1.17860997 5.01450000
1.19489639 4.97950000
1.21118280 4.94700000
1.22746921 4.91820000
1.24375562 4.89420000
1.26004204 4.87520000
1.27632845 4.86140000
1.29261485 4.85240000
1.30890126 4.84790000
1.32518768 4.84760000
1.34147409 4.85170000
1.35776050 4.86050000
1.37404691 4.87430000
1.39033332 4.89340000
1.40661973 4.91680000
1.42290614 4.94240000
1.43919255 4.96680000
1.45547896 4.98560000
1.47176538 4.99430000
1.48805179 4.99410000
1.50433820 4.98990000
1.52062460 4.98470000
1.53691102 4.97970000
1.55319743 4.97520000
1.56948384 4.97140000
1.58577025 4.96840000
1.60205667 4.96620000
1.61834308 4.96490000
1.63462948 4.96440000
1.65084218 4.96840000
1.66705486 4.98000000
1.68326756 4.99870000
1.69948025 5.02330000
1.71569294 5.05280000
1.73190563 5.08520000
1.74811833 5.08130000
1.76433101 5.07830000
1.78054371 5.07650000
1.79675640 5.07560000
1.81296909 5.07540000
1.82918178 5.07540000
1.84539448 5.07520000
1.86160716 5.07780000
1.87781986 5.09910000
1.89403255 5.11760000
1.91024524 5.13300000
1.92645793 5.14480000
1.94267063 5.15320000
1.95888331 5.15830000
1.97509601 5.16040000
1.99130870 5.16020000
2.00752139 5.15820000
2.02373408 5.15470000
2.03994678 5.15010000
2.05615946 5.14420000
2.07237216 5.13690000
2.08858485 5.12760000
2.10479754 5.11610000
2.12101023 5.10230000
2.13748378 5.10350000
2.15395733 5.10720000
2.17043088 5.11280000
2.18690443 5.11990000
2.20337797 5.12740000
2.21985152 5.13390000
2.23632507 5.13790000
2.25279862 5.13740000
2.26927217 5.13060000
2.28574571 5.11590000
2.30221926 5.09320000
2.31869281 5.06310000
2.33516636 5.02770000
2.35163991 4.98950000
2.36811346 4.95120000
2.38458700 4.91550000
2.40106055 4.88400000
2.41753410 4.85770000
2.43400765 4.83660000
2.45048120 4.82020000
2.46695474 4.80760000
2.48342829 4.79790000
2.49990184 4.79020000
2.51637539 4.78410000
2.53284894 4.77910000
2.54932249 4.77490000
2.56579603 4.77150000
2.58226958 4.76860000
2.59874313 4.76630000
2.61521668 4.76470000
2.63169023 4.76370000
2.64816377 4.76340000
2.66445018 4.76640000
2.68073659 4.77140000
2.69702301 4.77880000
2.71330942 4.78830000
2.72959583 4.79950000
2.74588223 4.81160000
2.76216865 4.82410000
2.77845506 4.83630000
2.79474147 4.84770000
2.81102788 4.85760000
2.82731430 4.86560000
2.84360071 4.87150000
2.85988712 4.87480000
2.87617352 4.87540000
2.89245994 4.87330000
2.90874635 4.86840000
2.92503276 4.86070000
2.94131917 4.85040000
2.95760558 4.83800000
2.97389200 4.82370000
2.99017840 4.80810000
3.00646481 4.79170000
3.02275122 4.77470000
3.03903764 4.75750000
3.05532405 4.74020000
3.07161046 4.72310000
3.08789687 4.70620000
3.10418328 4.68950000
3.12046969 4.67350000
3.13675610 4.65820000
3.15304251 4.64430000
3.16932893 4.63280000
3.18561534 4.62490000
3.20190175 4.62210000
3.21811444 4.62270000
3.23432713 4.62460000
3.25053982 4.62820000
3.26675252 4.63410000
3.28296520 4.64260000
3.29917790 4.65390000
3.31539059 4.66790000
3.33160328 4.68460000
3.34781597 4.70370000
3.36402867 4.72500000
3.38024135 4.74840000
3.39645405 4.77350000
3.41266674 4.80010000
3.42887943 4.82750000
3.44509212 4.85510000
3.46130482 4.88190000
3.47751750 4.90670000
3.49373020 4.92850000
3.50994289 4.94630000
3.52615558 4.96040000
3.54236827 4.97310000
3.55858096 4.98890000
3.57479365 5.01170000
3.59100634 5.04130000
3.60721904 5.07410000
3.62343172 5.10650000
3.63964442 5.13510000
3.65585711 5.15770000
3.67206980 5.17220000
3.68828249 5.17730000

0.00000000 5.10830000
0.01647355 5.11110000
0.03294710 5.11870000
0.04942064 5.12970000
0.06589419 5.14230000
0.08236774 5.15520000
0.09884129 5.16740000
0.11531484 5.17810000
0.13178839 5.18650000
0.14826193 5.19190000
0.16473548 5.19380000
0.18120903 5.19200000
0.19768258 5.18680000
0.21415613 5.17900000
0.23062967 5.17010000
0.24710322 5.16200000
0.26357677 5.15640000
0.28005032 5.15460000
0.29652387 5.15720000
0.31299741 5.16380000
0.32947096 5.17380000
0.34594451 5.18590000
0.36241806 5.19920000
0.37889161 5.21270000
0.39536516 5.22550000
0.41183870 5.23700000
0.42831225 5.24700000
0.44478580 5.25520000
0.46125935 5.26160000
0.47773290 5.26640000
0.49420644 5.26970000
0.51067999 5.27160000
0.52715354 5.27220000
0.54343995 5.27310000
0.55972636 5.27580000
0.57601278 5.28010000
0.59229919 5.28570000
0.60858559 5.29260000
0.62487200 5.30070000
0.64115842 5.30990000
0.65744483 5.32020000
0.67373124 5.33180000
0.69001765 5.34470000
0.70630407 5.35890000
0.72259047 5.37450000
0.73887688 5.39120000
0.75516329 5.40910000
0.77144971 5.42760000
0.78773612 5.44610000
0.80402253 5.46370000
0.82030893 5.47900000
0.83659534 5.49030000
0.85288176 5.49600000
0.86916817 5.49570000
0.88545458 5.49030000
0.90174099 5.48130000
0.91802741 5.47050000
0.93431382 5.45920000
0.95060022 5.44850000
0.96688663 5.43910000
0.98317305 5.43150000
0.99945946 5.42580000
1.01574587 5.42190000
1.03203228 5.41950000
1.04831870 5.41830000
1.06460510 5.41770000
1.08089151 5.41760000
1.09717792 5.42280000
1.11346433 5.43630000
1.12975075 5.45360000
1.14603716 5.47020000
1.16232357 5.48270000
1.17860997 5.48800000
1.19489639 5.48450000
1.21118280 5.47170000
1.22746921 5.45070000
1.24375562 5.42350000
1.26004204 5.39180000
1.27632845 5.35720000
1.29261485 5.32100000
1.30890126 5.28430000
1.32518768 5.24820000
1.34147409 5.21340000
1.35776050 5.18070000
1.37404691 5.15080000
1.39033332 5.12400000
1.40661973 5.10090000
1.42290614 5.08190000
1.43919255 5.06800000
1.45547896 5.06120000
1.47176538 5.06400000
1.48805179 5.07390000
1.50433820 5.08510000
1.52062460 5.09460000
1.53691102 5.10150000
1.55319743 5.10570000
1.56948384 5.10790000
1.58577025 5.10870000
1.60205667 5.10860000
1.61834308 5.10840000
1.63462948 5.10830000
1.65084218 5.10730000
1.66705486 5.10450000
1.68326756 5.10030000
1.69948025 5.09520000
1.71569294 5.09000000
1.73190563 5.08580000
1.74811833 5.12130000
1.76433101 5.15850000
1.78054371 5.19690000
1.79675640 5.23630000
1.81296909 5.27670000
1.82918178 5.31830000
1.84539448 5.36160000
1.86160716 5.40690000
1.87781986 5.45480000
1.89403255 5.50560000
1.91024524 5.55920000
1.92645793 5.61540000
1.94267063 5.67380000
1.95888331 5.73310000
1.97509601 5.79100000
1.99130870 5.84260000
2.00752139 5.87720000
2.02373408 5.86860000
2.03994678 5.86220000
2.05615946 5.85790000
2.07237216 5.85540000
2.08858485 5.85480000
2.10479754 5.85580000
2.12101023 5.85840000
2.13748378 5.85630000
2.15395733 5.85020000
2.17043088 5.83970000
2.18690443 5.82500000
2.20337797 5.80630000
2.21985152 5.78460000
2.23632507 5.76180000
2.25279862 5.74020000
2.26927217 5.72230000
2.28574571 5.70990000
2.30221926 5.70400000
2.31869281 5.70440000
2.33516636 5.70980000
2.35163991 5.71870000
2.36811346 5.72950000
2.38458700 5.74100000
2.40106055 5.75200000
2.41753410 5.76210000
2.43400765 5.77090000
2.45048120 5.77810000
2.46695474 5.78370000
2.48342829 5.78770000
2.49990184 5.79020000
2.51637539 5.79160000
2.53284894 5.79200000
2.54932249 5.79160000
2.56579603 5.79090000
2.58226958 5.78990000
2.59874313 5.78900000
2.61521668 5.78820000
2.63169023 5.78770000
2.64816377 5.78750000
2.66445018 5.76250000
2.68073659 5.73370000
2.69702301 5.70140000
2.71330942 5.66530000
2.72959583 5.62510000
2.74588223 5.58090000
2.76216865 5.53330000
2.77845506 5.48350000
2.79474147 5.43300000
2.81102788 5.38310000
2.82731430 5.33500000
2.84360071 5.28960000
2.85988712 5.24790000
2.87617352 5.21060000
2.89245994 5.17840000
2.90874635 5.15180000
2.92503276 5.13150000
2.94131917 5.11760000
2.95760558 5.11030000
2.97389200 5.10910000
2.99017840 5.11370000
3.00646481 5.12310000
3.02275122 5.13640000
3.03903764 5.15260000
3.05532405 5.17050000
3.07161046 5.18890000
3.08789687 5.20660000
3.10418328 5.22250000
3.12046969 5.23580000
3.13675610 5.24610000
3.15304251 5.25340000
3.16932893 5.25790000
3.18561534 5.26020000
3.20190175 5.26090000
3.21811444 5.26090000
3.23432713 5.26100000
3.25053982 5.26110000
3.26675252 5.26110000
3.28296520 5.26120000
3.29917790 5.26160000
3.31539059 5.26260000
3.33160328 5.26450000
3.34781597 5.26790000
3.36402867 5.27310000
3.38024135 5.28010000
3.39645405 5.28910000
3.41266674 5.29950000
3.42887943 5.31040000
3.44509212 5.32050000
3.46130482 5.32790000
3.47751750 5.33150000
3.49373020 5.33160000
3.50994289 5.33040000
3.52615558 5.33050000
3.54236827 5.33400000
3.55858096 5.34170000
3.57479365 5.35310000
3.59100634 5.36650000
3.60721904 5.38050000
3.62343172 5.39340000
3.63964442 5.40400000
3.65585711 5.41160000
3.67206980 5.41610000
3.68828249 5.41760000

0.00000000 5.75550000
0.01647355 5.75480000
0.03294710 5.75280000
0.04942064 5.74960000
0.06589419 5.74550000
0.08236774 5.74040000
0.09884129 5.73410000
0.11531484 5.72630000
0.13178839 5.71660000
0.14826193 5.70540000
0.16473548 5.69390000
0.18120903 5.68370000
0.19768258 5.67630000
0.21415613 5.67260000
0.23062967 5.67260000
0.24710322 5.67560000
0.26357677 5.68050000
0.28005032 5.68530000
0.29652387 5.68820000
0.31299741 5.68770000
0.32947096 5.68360000
0.34594451 5.67690000
0.36241806 5.66880000
0.37889161 5.66080000
0.39536516 5.65370000
0.41183870 5.64800000
0.42831225 5.64380000
0.44478580 5.64100000
0.46125935 5.63950000
0.47773290 5.63870000
0.49420644 5.63840000
0.51067999 5.63840000
0.52715354 5.63840000
0.54343995 5.64210000
0.55972636 5.65280000
0.57601278 5.66950000
0.59229919 5.69050000
0.60858559 5.71380000
0.62487200 5.73750000
0.64115842 5.75940000
0.65744483 5.77760000
0.67373124 5.79070000
0.69001765 5.79800000
0.70630407 5.79940000
0.72259047 5.79550000
0.73887688 5.78750000
0.75516329 5.77650000
0.77144971 5.76380000
0.78773612 5.75090000
0.80402253 5.73930000
0.82030893 5.73080000
0.83659534 5.72710000
0.85288176 5.72960000
0.86916817 5.73840000
0.88545458 5.75190000
0.90174099 5.76760000
0.91802741 5.78300000
0.93431382 5.79600000
0.95060022 5.80590000
0.96688663 5.81240000
0.98317305 5.81640000
0.99945946 5.81900000
1.01574587 5.82100000
1.03203228 5.82300000
1.04831870 5.82510000
1.06460510 5.82680000
1.08089151 5.82740000
1.09717792 5.82480000
1.11346433 5.81730000
1.12975075 5.80650000
1.14603716 5.79430000
1.16232357 5.78350000
1.17860997 5.77650000
1.19489639 5.77510000
1.21118280 5.77970000
1.22746921 5.78900000
1.24375562 5.80070000
1.26004204 5.81170000
1.27632845 5.81870000
1.29261485 5.81960000
1.30890126 5.81510000
1.32518768 5.80760000
1.34147409 5.79900000
1.35776050 5.79090000
1.37404691 5.78410000
1.39033332 5.77920000
1.40661973 5.77660000
1.42290614 5.77660000
1.43919255 5.77920000
1.45547896 5.78410000
1.47176538 5.79050000
1.48805179 5.79690000
1.50433820 5.80060000
1.52062460 5.79970000
1.53691102 5.79410000
1.55319743 5.78550000
1.56948384 5.77620000
1.58577025 5.76770000
1.60205667 5.76110000
1.61834308 5.75690000
1.63462948 5.75550000
1.65084218 5.75760000
1.66705486 5.76380000
1.68326756 5.77410000
1.69948025 5.78820000
1.71569294 5.80590000
1.73190563 5.82700000
1.74811833 5.85100000
1.76433101 5.87760000
1.78054371 5.90630000
1.79675640 5.93640000
1.81296909 5.95910000
1.82918178 5.95820000
1.84539448 5.95780000
1.86160716 5.95740000
1.87781986 5.95640000
1.89403255 5.95380000
1.91024524 5.94870000
1.92645793 5.94020000
1.94267063 5.92840000
1.95888331 5.91480000
1.97509601 5.90080000
1.99130870 5.88800000
2.00752139 5.87820000
2.02373408 5.89150000
2.03994678 5.89010000
2.05615946 5.88330000
2.07237216 5.87550000
2.08858485 5.86830000
2.10479754 5.86260000
2.12101023 5.85840000
2.13748378 5.85630000
2.15395733 5.85020000
2.17043088 5.83970000
2.18690443 5.82500000
2.20337797 5.80630000
2.21985152 5.78460000
2.23632507 5.76180000
2.25279862 5.74020000
2.26927217 5.72230000
2.28574571 5.70990000
2.30221926 5.70400000
2.31869281 5.70440000
2.33516636 5.70980000
2.35163991 5.71870000
2.36811346 5.72950000
2.38458700 5.74100000
2.40106055 5.75200000
2.41753410 5.76210000
2.43400765 5.77090000
2.45048120 5.77810000
2.46695474 5.78370000
2.48342829 5.78770000
2.49990184 5.79020000
2.51637539 5.79160000
2.53284894 5.79200000
2.54932249 5.79160000
2.56579603 5.79090000
2.58226958 5.78990000
2.59874313 5.78900000
2.61521668 5.78820000
2.63169023 5.78770000
2.64816377 5.78750000
2.66445018 5.80740000
2.68073659 5.81880000
2.69702301 5.81600000
2.71330942 5.79580000
2.72959583 5.76250000
2.74588223 5.72330000
2.76216865 5.68240000
2.77845506 5.64210000
2.79474147 5.60360000
2.81102788 5.56750000
2.82731430 5.53470000
2.84360071 5.50570000
2.85988712 5.48140000
2.87617352 5.46220000
2.89245994 5.44860000
2.90874635 5.44090000
2.92503276 5.43940000
2.94131917 5.44390000
2.95760558 5.45450000
2.97389200 5.47080000
2.99017840 5.49220000
3.00646481 5.51790000
3.02275122 5.54680000
3.03903764 5.57680000
3.05532405 5.60440000
3.07161046 5.62270000
3.08789687 5.62270000
3.10418328 5.60560000
3.12046969 5.58160000
3.13675610 5.55790000
3.15304251 5.53790000
3.16932893 5.52310000
3.18561534 5.51400000
3.20190175 5.51100000
3.21811444 5.51240000
3.23432713 5.51660000
3.25053982 5.52310000
3.26675252 5.53130000
3.28296520 5.54050000
3.29917790 5.54980000
3.31539059 5.55850000
3.33160328 5.56570000
3.34781597 5.57090000
3.36402867 5.57360000
3.38024135 5.57370000
3.39645405 5.57130000
3.41266674 5.56750000
3.42887943 5.56390000
3.44509212 5.56280000
3.46130482 5.56720000
3.47751750 5.57960000
3.49373020 5.60100000
3.50994289 5.63050000
3.52615558 5.66560000
3.54236827 5.70310000
3.55858096 5.73940000
3.57479365 5.77070000
3.59100634 5.79410000
3.60721904 5.80950000
3.62343172 5.81850000
3.63964442 5.82340000
3.65585711 5.82590000
3.67206980 5.82710000
3.68828249 5.82740000

0.00000000 6.07200000
0.01647355 6.07060000
0.03294710 6.06400000
0.04942064 6.04860000
0.06589419 6.02610000
0.08236774 6.00160000
0.09884129 5.97940000
0.11531484 5.96270000
0.13178839 5.95350000
0.14826193 5.95280000
0.16473548 5.96010000
0.18120903 5.97390000
0.19768258 5.99060000
0.21415613 6.00070000
0.23062967 5.99170000
0.24710322 5.97250000
0.26357677 5.95300000
0.28005032 5.93720000
0.29652387 5.92780000
0.31299741 5.92650000
0.32947096 5.93350000
0.34594451 5.94800000
0.36241806 5.96830000
0.37889161 5.99260000
0.39536516 6.01950000
0.41183870 6.04720000
0.42831225 6.07340000
0.44478580 6.09300000
0.46125935 6.09760000
0.47773290 6.09230000
0.49420644 6.08580000
0.51067999 6.08130000
0.52715354 6.07970000
0.54343995 6.08220000
0.55972636 6.08860000
0.57601278 6.09590000
0.59229919 6.10120000
0.60858559 6.10330000
0.62487200 6.10320000
0.64115842 6.10230000
0.65744483 6.10200000
0.67373124 6.10330000
0.69001765 6.10650000
0.70630407 6.11130000
0.72259047 6.11680000
0.73887688 6.12210000
0.75516329 6.12640000
0.77144971 6.12930000
0.78773612 6.13050000
0.80402253 6.13030000
0.82030893 6.12920000
0.83659534 6.12780000
0.85288176 6.12690000
0.86916817 6.12760000
0.88545458 6.13090000
0.90174099 6.13790000
0.91802741 6.14920000
0.93431382 6.16430000
0.95060022 6.18070000
0.96688663 6.19270000
0.98317305 6.19270000
0.99945946 6.17910000
1.01574587 6.15970000
1.03203228 6.14260000
1.04831870 6.13140000
1.06460510 6.12660000
1.08089151 6.12550000
1.09717792 6.12230000
1.11346433 6.11320000
1.12975075 6.09990000
1.14603716 6.08340000
1.16232357 6.06480000
1.17860997 6.04490000
1.19489639 6.02450000
1.21118280 6.00450000
1.22746921 5.98620000
1.24375562 5.97110000
1.26004204 5.96150000
1.27632845 5.96000000
1.29261485 5.96830000
1.30890126 5.98510000
1.32518768 6.00730000
1.34147409 6.03160000
1.35776050 6.05430000
1.37404691 6.07120000
1.39033332 6.07770000
1.40661973 6.07170000
1.42290614 6.05610000
1.43919255 6.03530000
1.45547896 6.01320000
1.47176538 5.99290000
1.48805179 5.97730000
1.50433820 5.96940000
1.52062460 5.97120000
1.53691102 5.98230000
1.55319743 5.99990000
1.56948384 6.02050000
1.58577025 6.04060000
1.60205667 6.05730000
1.61834308 6.06820000
1.63462948 6.07200000
1.65084218 6.06440000
1.66705486 6.04760000
1.68326756 6.02900000
1.69948025 6.01180000
1.71569294 5.99710000
1.73190563 5.98520000
1.74811833 5.97600000
1.76433101 5.96900000
1.78054371 5.96420000
1.79675640 5.96100000
1.81296909 5.96730000
1.82918178 5.99800000
1.84539448 6.02710000
1.86160716 6.05280000
1.87781986 6.07280000
1.89403255 6.08490000
1.91024524 6.08780000
1.92645793 6.08200000
1.94267063 6.06970000
1.95888331 6.05420000
1.97509601 6.04000000
1.99130870 6.03350000
2.00752139 6.04520000
2.02373408 6.08140000
2.03994678 6.13350000
2.05615946 6.18990000
2.07237216 6.21400000
2.08858485 6.23840000
2.10479754 6.26150000
2.12101023 6.28000000
2.13748378 6.27340000
2.15395733 6.25620000
2.17043088 6.23330000
2.18690443 6.20950000
2.20337797 6.18810000
2.21985152 6.17110000
2.23632507 6.15950000
2.25279862 6.15360000
2.26927217 6.15300000
2.28574571 6.15760000
2.30221926 6.16670000
2.31869281 6.17970000
2.33516636 6.19590000
2.35163991 6.21400000
2.36811346 6.23230000
2.38458700 6.24860000
2.40106055 6.26020000
2.41753410 6.26450000
2.43400765 6.25960000
2.45048120 6.24620000
2.46695474 6.22710000
2.48342829 6.20570000
2.49990184 6.18420000
2.51637539 6.16390000
2.53284894 6.14540000
2.54932249 6.12930000
2.56579603 6.11550000
2.58226958 6.10410000
2.59874313 6.09520000
2.61521668 6.08890000
2.63169023 6.08500000
2.64816377 6.08380000
2.66445018 6.04960000
2.68073659 6.01790000
2.69702301 5.99660000
2.71330942 5.99070000
2.72959583 5.99650000
2.74588223 6.00730000
2.76216865 6.01860000
2.77845506 6.02840000
2.79474147 6.03680000
2.81102788 6.04440000
2.82731430 6.05160000
2.84360071 6.05820000
2.85988712 6.06360000
2.87617352 6.06700000
2.89245994 6.06750000
2.90874635 6.06410000
2.92503276 6.05570000
2.94131917 6.04130000
2.95760558 6.02060000
2.97389200 5.99340000
2.99017840 5.96060000
3.00646481 5.92340000
3.02275122 5.88390000
3.03903764 5.84480000
3.05532405 5.81010000
3.07161046 5.78760000
3.08789687 5.78660000
3.10418328 5.80690000
3.12046969 5.83890000
3.13675610 5.87580000
3.15304251 5.91360000
3.16932893 5.94850000
3.18561534 5.97480000
3.20190175 5.98490000
3.21811444 5.98430000
3.23432713 5.98260000
3.25053982 5.97980000
3.26675252 5.97620000
3.28296520 5.97210000
3.29917790 5.96810000
3.31539059 5.96470000
3.33160328 5.96260000
3.34781597 5.96270000
3.36402867 5.96570000
3.38024135 5.97230000
3.39645405 5.98260000
3.41266674 5.99600000
3.42887943 6.01100000
3.44509212 6.02480000
3.46130482 6.03430000
3.47751750 6.03760000
3.49373020 6.03550000
3.50994289 6.03030000
3.52615558 6.02500000
3.54236827 6.02220000
3.55858096 6.02440000
3.57479365 6.03360000
3.59100634 6.04990000
3.60721904 6.07070000
3.62343172 6.09130000
3.63964442 6.10760000
3.65585711 6.11820000
3.67206980 6.12380000
3.68828249 6.12550000

0.00000000 6.16890000
0.01647355 6.16450000
0.03294710 6.15750000
0.04942064 6.15750000
0.06589419 6.16520000
0.08236774 6.17470000
0.09884129 6.17860000
0.11531484 6.17290000
0.13178839 6.15920000
0.14826193 6.14020000
0.16473548 6.11830000
0.18120903 6.09520000
0.19768258 6.07420000
0.21415613 6.06420000
0.23062967 6.07750000
0.24710322 6.10490000
0.26357677 6.13700000
0.28005032 6.17030000
0.29652387 6.20310000
0.31299741 6.23390000
0.32947096 6.26160000
0.34594451 6.24710000
0.36241806 6.22650000
0.37889161 6.20650000
0.39536516 6.18740000
0.41183870 6.16970000
0.42831225 6.15520000
0.44478580 6.14820000
0.46125935 6.15660000
0.47773290 6.17440000
0.49420644 6.19180000
0.51067999 6.20420000
0.52715354 6.20870000
0.54343995 6.21070000
0.55972636 6.21770000
0.57601278 6.23170000
0.59229919 6.25400000
0.60858559 6.28320000
0.62487200 6.31450000
0.64115842 6.34340000
0.65744483 6.36850000
0.67373124 6.39080000
0.69001765 6.41110000
0.70630407 6.42980000
0.72259047 6.44740000
0.73887688 6.46410000
0.75516329 6.48030000
0.77144971 6.49610000
0.78773612 6.51130000
0.80402253 6.52520000
0.82030893 6.53660000
0.83659534 6.54420000
0.85288176 6.54600000
0.86916817 6.54020000
0.88545458 6.52550000
0.90174099 6.50140000
0.91802741 6.46910000
0.93431382 6.43140000
0.95060022 6.39280000
0.96688663 6.35940000
0.98317305 6.33700000
0.99945946 6.32350000
1.01574587 6.30850000
1.03203228 6.28700000
1.04831870 6.26290000
1.06460510 6.24330000
1.08089151 6.23570000
1.09717792 6.23910000
1.11346433 6.24840000
1.12975075 6.26100000
1.14603716 6.27420000
1.16232357 6.28590000
1.17860997 6.29460000
1.19489639 6.29990000
1.21118280 6.30250000
1.22746921 6.30370000
1.24375562 6.30460000
1.26004204 6.30580000
1.27632845 6.30750000
1.29261485 6.30880000
1.30890126 6.30780000
1.32518768 6.30190000
1.34147409 6.28940000
1.35776050 6.27210000
1.37404691 6.25510000
1.39033332 6.24300000
1.40661973 6.23630000
1.42290614 6.23060000
1.43919255 6.22170000
1.45547896 6.20980000
1.47176538 6.19740000
1.48805179 6.18630000
1.50433820 6.17730000
1.52062460 6.17060000
1.53691102 6.16620000
1.55319743 6.16390000
1.56948384 6.16340000
1.58577025 6.16430000
1.60205667 6.16610000
1.61834308 6.16810000
1.63462948 6.16890000
1.65084218 6.17770000
1.66705486 6.19740000
1.68326756 6.21960000
1.69948025 6.24000000
1.71569294 6.25650000
1.73190563 6.26840000
1.74811833 6.27540000
1.76433101 6.27790000
1.78054371 6.27590000
1.79675640 6.26940000
1.81296909 6.25840000
1.82918178 6.24290000
1.84539448 6.22330000
1.86160716 6.20040000
1.87781986 6.17560000
1.89403255 6.15130000
1.91024524 6.13000000
1.92645793 6.11440000
1.94267063 6.10580000
1.95888331 6.10420000
1.97509601 6.10860000
1.99130870 6.11790000
2.00752139 6.13120000
2.02373408 6.14810000
2.03994678 6.16790000
2.05615946 6.19010000
2.07237216 6.24080000
2.08858485 6.27590000
2.10479754 6.28770000
2.12101023 6.28000000
2.13748378 6.27340000
2.15395733 6.25620000
2.17043088 6.23330000
2.18690443 6.20950000
2.20337797 6.18810000
2.21985152 6.17110000
2.23632507 6.15950000
2.25279862 6.15360000
2.26927217 6.15300000
2.28574571 6.15760000
2.30221926 6.16670000
2.31869281 6.17970000
2.33516636 6.19590000
2.35163991 6.21400000
2.36811346 6.23230000
2.38458700 6.24860000
2.40106055 6.26020000
2.41753410 6.26450000
2.43400765 6.25960000
2.45048120 6.24620000
2.46695474 6.22710000
2.48342829 6.20570000
2.49990184 6.18420000
2.51637539 6.16390000
2.53284894 6.14540000
2.54932249 6.12930000
2.56579603 6.11550000
2.58226958 6.10410000
2.59874313 6.09520000
2.61521668 6.08890000
2.63169023 6.08500000
2.64816377 6.08380000
2.66445018 6.11410000
2.68073659 6.13570000
2.69702301 6.14590000
2.71330942 6.14630000
2.72959583 6.14240000
2.74588223 6.14020000
2.76216865 6.14370000
2.77845506 6.15470000
2.79474147 6.17250000
2.81102788 6.19560000
2.82731430 6.22250000
2.84360071 6.25210000
2.85988712 6.28340000
2.87617352 6.31560000
2.89245994 6.34770000
2.90874635 6.37820000
2.92503276 6.38810000
2.94131917 6.35640000
2.95760558 6.32490000
2.97389200 6.29630000
2.99017840 6.27120000
3.00646481 6.25010000
3.02275122 6.23380000
3.03903764 6.22290000
3.05532405 6.21790000
3.07161046 6.21910000
3.08789687 6.22630000
3.10418328 6.23810000
3.12046969 6.25240000
3.13675610 6.26560000
3.15304251 6.27320000
3.16932893 6.27150000
3.18561534 6.26300000
3.20190175 6.25800000
3.21811444 6.26000000
3.23432713 6.26560000
3.25053982 6.27430000
3.26675252 6.28480000
3.28296520 6.29480000
3.29917790 6.30200000
3.31539059 6.30470000
3.33160328 6.30300000
3.34781597 6.29780000
3.36402867 6.29020000
3.38024135 6.28100000
3.39645405 6.27140000
3.41266674 6.26280000
3.42887943 6.25740000
3.44509212 6.25820000
3.46130482 6.26820000
3.47751750 6.28810000
3.49373020 6.30820000
3.50994289 6.30450000
3.52615558 6.29010000
3.54236827 6.27460000
3.55858096 6.26000000
3.57479365 6.24720000
3.59100634 6.23700000
3.60721904 6.23030000
3.62343172 6.22760000
3.63964442 6.22870000
3.65585711 6.23180000
3.67206980 6.23460000
3.68828249 6.23570000

0.00000000 6.25360000
0.01647355 6.25740000
0.03294710 6.26510000
0.04942064 6.27190000
0.06589419 6.27730000
0.08236774 6.28450000
0.09884129 6.29950000
0.11531484 6.32550000
0.13178839 6.36090000
0.14826193 6.40230000
0.16473548 6.44470000
0.18120903 6.47630000
0.19768258 6.47620000
0.21415613 6.45280000
0.23062967 6.42320000
0.24710322 6.39330000
0.26357677 6.36490000
0.28005032 6.33840000
0.29652387 6.31360000
0.31299741 6.29040000
0.32947096 6.26830000
0.34594451 6.28530000
0.36241806 6.30440000
0.37889161 6.31870000
0.39536516 6.32820000
0.41183870 6.33340000
0.42831225 6.33510000
0.44478580 6.33390000
0.46125935 6.33080000
0.47773290 6.32650000
0.49420644 6.32180000
0.51067999 6.31800000
0.52715354 6.31640000
0.54343995 6.31840000
0.55972636 6.32430000
0.57601278 6.33470000
0.59229919 6.35020000
0.60858559 6.37260000
0.62487200 6.40440000
0.64115842 6.44730000
0.65744483 6.49970000
0.67373124 6.55800000
0.69001765 6.61910000
0.70630407 6.68020000
0.72259047 6.73800000
0.73887688 6.78820000
0.75516329 6.82360000
0.77144971 6.84040000
0.78773612 6.84430000
0.80402253 6.84120000
0.82030893 6.83340000
0.83659534 6.82150000
0.85288176 6.80530000
0.86916817 6.78440000
0.88545458 6.75900000
0.90174099 6.73010000
0.91802741 6.69920000
0.93431382 6.66760000
0.95060022 6.63630000
0.96688663 6.60720000
0.98317305 6.58350000
0.99945946 6.56980000
1.01574587 6.56950000
1.03203228 6.58010000
1.04831870 6.59410000
1.06460510 6.60480000
1.08089151 6.60850000
1.09717792 6.60370000
1.11346433 6.59190000
1.12975075 6.57770000
1.14603716 6.56470000
1.16232357 6.55490000
1.17860997 6.54940000
1.19489639 6.54740000
1.21118280 6.54650000
1.22746921 6.54350000
1.24375562 6.53530000
1.26004204 6.52020000
1.27632845 6.49870000
1.29261485 6.47280000
1.30890126 6.44620000
1.32518768 6.42250000
1.34147409 6.40350000
1.35776050 6.38750000
1.37404691 6.37140000
1.39033332 6.35440000
1.40661973 6.33870000
1.42290614 6.32750000
1.43919255 6.32200000
1.45547896 6.31960000
1.47176538 6.31730000
1.48805179 6.31350000
1.50433820 6.30780000
1.52062460 6.30070000
1.53691102 6.29250000
1.55319743 6.28380000
1.56948384 6.27520000
1.58577025 6.26720000
1.60205667 6.26030000
1.61834308 6.25540000
1.63462948 6.25360000
1.65084218 6.25480000
1.66705486 6.25820000
1.68326756 6.26380000
1.69948025 6.27150000
1.71569294 6.28090000
1.73190563 6.29200000
1.74811833 6.30410000
1.76433101 6.31700000
1.78054371 6.33000000
1.79675640 6.34260000
1.81296909 6.35450000
1.82918178 6.36570000
1.84539448 6.37640000
1.86160716 6.38760000
1.87781986 6.40110000
1.89403255 6.41850000
1.91024524 6.44070000
1.92645793 6.46670000
1.94267063 6.49330000
1.95888331 6.51560000
1.97509601 6.52960000
1.99130870 6.53350000
2.00752139 6.52890000
2.02373408 6.51850000
2.03994678 6.50530000
2.05615946 6.49260000
2.07237216 6.48550000
2.08858485 6.49230000
2.10479754 6.51900000
2.12101023 6.56030000
2.13748378 6.56680000
2.15395733 6.58370000
2.17043088 6.60670000
2.18690443 6.63120000
2.20337797 6.65430000
2.21985152 6.67390000
2.23632507 6.68880000
2.25279862 6.69810000
2.26927217 6.70150000
2.28574571 6.69880000
2.30221926 6.68980000
2.31869281 6.67380000
2.33516636 6.65000000
2.35163991 6.61830000
2.36811346 6.58100000
2.38458700 6.54190000
2.40106055 6.50560000
2.41753410 6.47600000
2.43400765 6.45560000
2.45048120 6.44460000
2.46695474 6.44110000
2.48342829 6.44250000
2.49990184 6.44720000
2.51637539 6.45410000
2.53284894 6.46280000
2.54932249 6.47250000
2.56579603 6.48280000
2.58226958 6.49290000
2.59874313 6.50210000
2.61521668 6.50940000
2.63169023 6.51420000
2.64816377 6.51580000
2.66445018 6.48480000
2.68073659 6.46710000
2.69702301 6.46640000
2.71330942 6.48210000
2.72959583 6.50960000
2.74588223 6.54270000
2.76216865 6.57490000
2.77845506 6.60000000
2.79474147 6.61270000
2.81102788 6.61040000
2.82731430 6.59480000
2.84360071 6.56940000
2.85988712 6.53770000
2.87617352 6.50240000
2.89245994 6.46560000
2.90874635 6.42940000
2.92503276 6.41300000
2.94131917 6.43800000
2.95760558 6.46260000
2.97389200 6.48530000
2.99017840 6.50610000
3.00646481 6.52580000
3.02275122 6.54480000
3.03903764 6.56340000
3.05532405 6.58140000
3.07161046 6.59780000
3.08789687 6.60860000
3.10418328 6.60020000
3.12046969 6.56240000
3.13675610 6.51360000
3.15304251 6.46850000
3.16932893 6.43560000
3.18561534 6.41810000
3.20190175 6.41310000
3.21811444 6.41290000
3.23432713 6.41260000
3.25053982 6.41280000
3.26675252 6.41490000
3.28296520 6.42050000
3.29917790 6.43160000
3.31539059 6.44820000
3.33160328 6.46760000
3.34781597 6.48280000
3.36402867 6.48490000
3.38024135 6.47310000
3.39645405 6.45430000
3.41266674 6.43320000
3.42887943 6.41210000
3.44509212 6.39170000
3.46130482 6.37250000
3.47751750 6.35590000
3.49373020 6.35020000
3.50994289 6.37650000
3.52615558 6.41770000
3.54236827 6.46010000
3.55858096 6.49760000
3.57479365 6.52620000
3.59100634 6.54540000
3.60721904 6.55850000
3.62343172 6.56960000
3.63964442 6.58140000
3.65585711 6.59400000
3.67206980 6.60430000
3.68828249 6.60850000

0.00000000 6.63400000
0.01647355 6.63640000
0.03294710 6.64300000
0.04942064 6.65230000
0.06589419 6.66200000
0.08236774 6.66910000
0.09884129 6.67050000
0.11531484 6.66390000
0.13178839 6.64890000
0.14826193 6.62690000
0.16473548 6.60320000
0.18120903 6.59090000
0.19768258 6.61190000
0.21415613 6.65850000
0.23062967 6.71200000
0.24710322 6.76170000
0.26357677 6.79610000
0.28005032 6.80730000
0.29652387 6.80400000
0.31299741 6.79720000
0.32947096 6.79130000
0.34594451 6.78720000
0.36241806 6.78450000
0.37889161 6.78210000
0.39536516 6.77880000
0.41183870 6.77380000
0.42831225 6.76660000
0.44478580 6.75740000
0.46125935 6.74700000
0.47773290 6.73670000
0.49420644 6.72790000
0.51067999 6.72200000
0.52715354 6.71990000
0.54343995 6.72450000
0.55972636 6.73800000
0.57601278 6.75960000
0.59229919 6.78830000
0.60858559 6.82260000
0.62487200 6.86100000
0.64115842 6.90110000
0.65744483 6.93030000
0.67373124 6.92510000
0.69001765 6.91610000
0.70630407 6.91030000
0.72259047 6.90890000
0.73887688 6.91390000
0.75516329 6.92940000
0.77144971 6.95630000
0.78773612 6.98620000
0.80402253 7.01040000
0.82030893 7.02460000
0.83659534 7.02820000
0.85288176 7.02390000
0.86916817 7.01640000
0.88545458 7.00970000
0.90174099 7.00530000
0.91802741 7.00200000
0.93431382 6.99640000
0.95060022 6.98380000
0.96688663 6.95980000
0.98317305 6.92290000
0.99945946 6.87550000
1.01574587 6.82380000
1.03203228 6.77550000
1.04831870 6.73730000
1.06460510 6.71340000
1.08089151 6.70550000
1.09717792 6.71010000
1.11346433 6.72160000
1.12975075 6.73680000
1.14603716 6.75340000
1.16232357 6.77000000
1.17860997 6.78550000
1.19489639 6.79890000
1.21118280 6.80850000
1.22746921 6.80920000
1.24375562 6.79390000
1.26004204 6.76780000
1.27632845 6.73930000
1.29261485 6.71120000
1.30890126 6.68460000
1.32518768 6.66070000
1.34147409 6.64150000
1.35776050 6.62930000
1.37404691 6.62510000
1.39033332 6.62800000
1.40661973 6.63570000
1.42290614 6.64580000
1.43919255 6.65630000
1.45547896 6.66590000
1.47176538 6.67370000
1.48805179 6.67890000
1.50433820 6.68100000
1.52062460 6.67980000
1.53691102 6.67550000
1.55319743 6.66840000
1.56948384 6.65950000
1.58577025 6.65020000
1.60205667 6.64190000
1.61834308 6.63610000
1.63462948 6.63400000
1.65084218 6.63900000
1.66705486 6.65400000
1.68326756 6.67900000
1.69948025 6.71330000
1.71569294 6.75560000
1.73190563 6.80330000
1.74811833 6.85290000
1.76433101 6.89960000
1.78054371 6.93720000
1.79675640 6.95810000
1.81296909 6.95710000
1.82918178 6.93710000
1.84539448 6.90670000
1.86160716 6.87420000
1.87781986 6.84430000
1.89403255 6.81920000
1.91024524 6.79950000
1.92645793 6.78480000
1.94267063 6.77420000
1.95888331 6.76690000
1.97509601 6.76150000
1.99130870 6.75690000
2.00752139 6.75160000
2.02373408 6.74360000
2.03994678 6.73110000
2.05615946 6.71200000
2.07237216 6.68460000
2.08858485 6.64880000
2.10479754 6.60600000
2.12101023 6.56030000
2.13748378 6.56680000
2.15395733 6.58370000
2.17043088 6.60670000
2.18690443 6.63120000
2.20337797 6.65430000
2.21985152 6.67390000
2.23632507 6.68880000
2.25279862 6.69810000
2.26927217 6.70150000
2.28574571 6.69880000
2.30221926 6.68980000
2.31869281 6.67380000
2.33516636 6.65000000
2.35163991 6.61830000
2.36811346 6.58100000
2.38458700 6.54190000
2.40106055 6.50560000
2.41753410 6.47600000
2.43400765 6.45560000
2.45048120 6.44460000
2.46695474 6.44110000
2.48342829 6.44250000
2.49990184 6.44720000
2.51637539 6.45410000
2.53284894 6.46280000
2.54932249 6.47250000
2.56579603 6.48280000
2.58226958 6.49290000
2.59874313 6.50210000
2.61521668 6.50940000
2.63169023 6.51420000
2.64816377 6.51580000
2.66445018 6.55530000
2.68073659 6.59930000
2.69702301 6.64480000
2.71330942 6.68980000
2.72959583 6.73250000
2.74588223 6.77120000
2.76216865 6.80410000
2.77845506 6.83060000
2.79474147 6.85270000
2.81102788 6.87290000
2.82731430 6.89130000
2.84360071 6.90610000
2.85988712 6.91490000
2.87617352 6.91600000
2.89245994 6.90890000
2.90874635 6.89520000
2.92503276 6.87760000
2.94131917 6.85970000
2.95760558 6.84390000
2.97389200 6.83140000
2.99017840 6.82200000
3.00646481 6.81430000
3.02275122 6.80620000
3.03903764 6.79490000
3.05532405 6.77730000
3.07161046 6.75060000
3.08789687 6.71740000
3.10418328 6.69480000
3.12046969 6.69880000
3.13675610 6.71660000
3.15304251 6.73680000
3.16932893 6.75220000
3.18561534 6.75970000
3.20190175 6.76170000
3.21811444 6.76020000
3.23432713 6.75520000
3.25053982 6.74540000
3.26675252 6.72960000
3.28296520 6.70800000
3.29917790 6.68270000
3.31539059 6.65660000
3.33160328 6.63390000
3.34781597 6.62120000
3.36402867 6.62640000
3.38024135 6.64900000
3.39645405 6.68030000
3.41266674 6.71100000
3.42887943 6.73090000
3.44509212 6.73370000
3.46130482 6.72630000
3.47751750 6.71570000
3.49373020 6.70490000
3.50994289 6.69530000
3.52615558 6.68800000
3.54236827 6.68370000
3.55858096 6.68300000
3.57479365 6.68570000
3.59100634 6.69050000
3.60721904 6.69550000
3.62343172 6.69980000
3.63964442 6.70300000
3.65585711 6.70490000
3.67206980 6.70550000
3.68828249 6.70550000

0.00000000 7.21300000
0.01647355 7.21160000
0.03294710 7.20710000
0.04942064 7.19930000
0.06589419 7.18810000
0.08236774 7.17420000
0.09884129 7.15920000
0.11531484 7.14510000
0.13178839 7.13390000
0.14826193 7.12590000
0.16473548 7.12050000
0.18120903 7.11330000
0.19768258 7.08390000
0.21415613 7.03700000
0.23062967 6.99620000
0.24710322 6.96890000
0.26357677 6.96420000
0.28005032 6.98710000
0.29652387 7.02420000
0.31299741 7.05770000
0.32947096 7.07680000
0.34594451 7.08310000
0.36241806 7.08380000
0.37889161 7.08330000
0.39536516 7.08420000
0.41183870 7.08770000
0.42831225 7.09390000
0.44478580 7.10230000
0.46125935 7.11190000
0.47773290 7.12130000
0.49420644 7.12920000
0.51067999 7.13450000
0.52715354 7.13630000
0.54343995 7.12630000
0.55972636 7.10240000
0.57601278 7.07300000
0.59229919 7.04270000
0.60858559 7.01390000
0.62487200 6.98810000
0.64115842 6.96710000
0.65744483 6.96290000
0.67373124 6.99840000
0.69001765 7.04180000
0.70630407 7.08510000
0.72259047 7.12550000
0.73887688 7.16010000
0.75516329 7.18450000
0.77144971 7.19610000
0.78773612 7.19690000
0.80402253 7.19130000
0.82030893 7.18290000
0.83659534 7.17370000
0.85288176 7.16400000
0.86916817 7.15260000
0.88545458 7.13880000
0.90174099 7.12230000
0.91802741 7.10340000
0.93431382 7.08330000
0.95060022 7.06350000
0.96688663 7.04410000
0.98317305 7.02470000
0.99945946 7.00650000
1.01574587 6.99230000
1.03203228 6.98370000
1.04831870 6.98070000
1.06460510 6.98110000
1.08089151 6.98190000
1.09717792 6.98180000
1.11346433 6.98120000
1.12975075 6.97870000
1.14603716 6.97290000
1.16232357 6.96230000
1.17860997 6.94600000
1.19489639 6.92380000
1.21118280 6.89850000
1.22746921 6.87790000
1.24375562 6.87290000
1.26004204 6.88070000
1.27632845 6.89370000
1.29261485 6.90870000
1.30890126 6.92400000
1.32518768 6.93880000
1.34147409 6.95310000
1.35776050 6.96770000
1.37404691 6.98400000
1.39033332 7.00380000
1.40661973 7.02820000
1.42290614 7.05660000
1.43919255 7.08640000
1.45547896 7.11380000
1.47176538 7.13690000
1.48805179 7.15590000
1.50433820 7.17150000
1.52062460 7.18390000
1.53691102 7.19350000
1.55319743 7.20060000
1.56948384 7.20570000
1.58577025 7.20920000
1.60205667 7.21140000
1.61834308 7.21260000
1.63462948 7.21300000
1.65084218 7.21250000
1.66705486 7.21120000
1.68326756 7.20870000
1.69948025 7.20480000
1.71569294 7.19930000
1.73190563 7.19140000
1.74811833 7.18040000
1.76433101 7.16560000
1.78054371 7.14600000
1.79675640 7.12120000
1.81296909 7.09100000
1.82918178 7.05620000
1.84539448 7.01800000
1.86160716 6.97840000
1.87781986 6.93970000
1.89403255 6.90420000
1.91024524 6.87410000
1.92645793 6.85200000
1.94267063 6.84060000
1.95888331 6.84300000
1.97509601 6.86160000
1.99130870 6.89600000
2.00752139 6.94280000
2.02373408 6.99760000
2.03994678 7.05610000
2.05615946 7.11410000
2.07237216 7.16760000
2.08858485 7.21250000
2.10479754 7.24570000
2.12101023 7.26750000
2.13748378 7.26470000
2.15395733 7.25640000
2.17043088 7.24330000
2.18690443 7.22590000
2.20337797 7.20480000
2.21985152 7.17990000
2.23632507 7.15070000
2.25279862 7.11590000
2.26927217 7.07470000
2.28574571 7.02770000
2.30221926 6.97760000
2.31869281 6.92940000
2.33516636 6.88850000
2.35163991 6.85950000
2.36811346 6.84400000
2.38458700 6.84140000
2.40106055 6.85040000
2.41753410 6.86960000
2.43400765 6.89730000
2.45048120 6.93130000
2.46695474 6.96890000
2.48342829 7.00680000
2.49990184 7.04180000
2.51637539 7.07070000
2.53284894 7.09130000
2.54932249 7.10280000
2.56579603 7.10620000
2.58226958 7.10390000
2.59874313 7.09850000
2.61521668 7.09250000
2.63169023 7.08810000
2.64816377 7.08650000
2.66445018 7.07260000
2.68073659 7.06340000
2.69702301 7.05670000
2.71330942 7.05130000
2.72959583 7.04730000
2.74588223 7.04650000
2.76216865 7.05240000
2.77845506 7.06770000
2.79474147 7.09130000
2.81102788 7.11720000
2.82731430 7.13700000
2.84360071 7.14530000
2.85988712 7.14240000
2.87617352 7.13290000
2.89245994 7.12140000
2.90874635 7.11050000
2.92503276 7.10070000
2.94131917 7.09120000
2.95760558 7.08100000
2.97389200 7.06890000
2.99017840 7.05410000
3.00646481 7.03560000
3.02275122 7.01260000
3.03903764 6.98450000
3.05532405 6.95240000
3.07161046 6.92020000
3.08789687 6.89270000
3.10418328 6.87160000
3.12046969 6.85690000
3.13675610 6.84930000
3.15304251 6.85240000
3.16932893 6.87180000
3.18561534 6.90870000
3.20190175 6.94450000
3.21811444 6.93720000
3.23432713 6.92230000
3.25053982 6.90680000
3.26675252 6.89380000
3.28296520 6.88430000
3.29917790 6.87710000
3.31539059 6.87050000
3.33160328 6.86320000
3.34781597 6.85440000
3.36402867 6.84430000
3.38024135 6.83340000
3.39645405 6.82310000
3.41266674 6.81670000
3.42887943 6.82150000
3.44509212 6.84100000
3.46130482 6.86570000
3.47751750 6.88530000
3.49373020 6.89470000
3.50994289 6.89420000
3.52615558 6.88800000
3.54236827 6.88200000
3.55858096 6.88150000
3.57479365 6.89030000
3.59100634 6.90960000
3.60721904 6.93590000
3.62343172 6.96200000
3.63964442 6.98000000
3.65585711 6.98590000
3.67206980 6.98380000
3.68828249 6.98190000

0.00000000 7.78300000
0.01647355 7.77130000
0.03294710 7.73940000
0.04942064 7.69270000
0.06589419 7.63590000
0.08236774 7.57200000
0.09884129 7.50350000
0.11531484 7.43230000
0.13178839 7.36030000
0.14826193 7.28940000
0.16473548 7.22160000
0.18120903 7.16180000
0.19768258 7.13120000
0.21415613 7.12610000
0.23062967 7.12500000
0.24710322 7.12500000
0.26357677 7.12560000
0.28005032 7.12740000
0.29652387 7.13150000
0.31299741 7.14090000
0.32947096 7.15780000
0.34594451 7.17690000
0.36241806 7.19260000
0.37889161 7.20490000
0.39536516 7.21570000
0.41183870 7.22650000
0.42831225 7.23760000
0.44478580 7.24890000
0.46125935 7.25970000
0.47773290 7.26930000
0.49420644 7.27680000
0.51067999 7.28160000
0.52715354 7.28320000
0.54343995 7.29330000
0.55972636 7.31710000
0.57601278 7.34110000
0.59229919 7.34290000
0.60858559 7.34110000
0.62487200 7.33850000
0.64115842 7.33540000
0.65744483 7.33180000
0.67373124 7.32800000
0.69001765 7.32440000
0.70630407 7.32160000
0.72259047 7.32100000
0.73887688 7.32500000
0.75516329 7.33740000
0.77144971 7.36040000
0.78773612 7.39220000
0.80402253 7.42900000
0.82030893 7.46820000
0.83659534 7.50810000
0.85288176 7.54690000
0.86916817 7.58250000
0.88545458 7.60280000
0.90174099 7.55610000
0.91802741 7.49110000
0.93431382 7.42020000
0.95060022 7.35030000
0.96688663 7.28910000
0.98317305 7.24350000
0.99945946 7.21430000
1.01574587 7.19720000
1.03203228 7.18660000
1.04831870 7.17920000
1.06460510 7.17400000
1.08089151 7.17200000
1.09717792 7.17160000
1.11346433 7.17000000
1.12975075 7.16580000
1.14603716 7.15830000
1.16232357 7.14800000
1.17860997 7.13740000
1.19489639 7.12960000
1.21118280 7.12630000
1.22746921 7.12730000
1.24375562 7.13100000
1.26004204 7.13610000
1.27632845 7.14120000
1.29261485 7.14540000
1.30890126 7.14830000
1.32518768 7.14950000
1.34147409 7.14960000
1.35776050 7.14960000
1.37404691 7.15130000
1.39033332 7.15650000
1.40661973 7.16710000
1.42290614 7.18530000
1.43919255 7.21420000
1.45547896 7.25600000
1.47176538 7.31000000
1.48805179 7.37310000
1.50433820 7.44130000
1.52062460 7.51070000
1.53691102 7.57790000
1.55319743 7.63930000
1.56948384 7.69170000
1.58577025 7.73270000
1.60205667 7.76120000
1.61834308 7.77770000
1.63462948 7.78300000
1.65084218 7.77630000
1.66705486 7.75610000
1.68326756 7.72290000
1.69948025 7.67760000
1.71569294 7.62270000
1.73190563 7.56130000
1.74811833 7.49750000
1.76433101 7.43650000
1.78054371 7.38480000
1.79675640 7.35010000
1.81296909 7.33800000
1.82918178 7.34610000
1.84539448 7.36590000
1.86160716 7.38970000
1.87781986 7.41270000
1.89403255 7.43220000
1.91024524 7.44690000
1.92645793 7.45610000
1.94267063 7.45940000
1.95888331 7.45640000
1.97509601 7.44690000
1.99130870 7.43110000
2.00752139 7.40970000
2.02373408 7.38430000
2.03994678 7.35750000
2.05615946 7.33220000
2.07237216 7.31110000
2.08858485 7.29490000
2.10479754 7.28190000
2.12101023 7.26750000
2.13748378 7.26470000
2.15395733 7.25640000
2.17043088 7.24330000
2.18690443 7.22590000
2.20337797 7.20480000
2.21985152 7.17990000
2.23632507 7.15070000
2.25279862 7.11590000
2.26927217 7.07470000
2.28574571 7.02770000
2.30221926 6.97760000
2.31869281 6.92940000
2.33516636 6.88850000
2.35163991 6.85950000
2.36811346 6.84400000
2.38458700 6.84140000
2.40106055 6.85040000
2.41753410 6.86960000
2.43400765 6.89730000
2.45048120 6.93130000
2.46695474 6.96890000
2.48342829 7.00680000
2.49990184 7.04180000
2.51637539 7.07070000
2.53284894 7.09130000
2.54932249 7.10280000
2.56579603 7.10620000
2.58226958 7.10390000
2.59874313 7.09850000
2.61521668 7.09250000
2.63169023 7.08810000
2.64816377 7.08650000
2.66445018 7.10710000
2.68073659 7.13560000
2.69702301 7.17170000
2.71330942 7.21280000
2.72959583 7.25520000
2.74588223 7.29400000
2.76216865 7.32530000
2.77845506 7.34830000
2.79474147 7.36580000
2.81102788 7.38290000
2.82731430 7.40460000
2.84360071 7.43090000
2.85988712 7.45350000
2.87617352 7.46470000
2.89245994 7.46520000
2.90874635 7.45940000
2.92503276 7.44990000
2.94131917 7.43700000
2.95760558 7.41910000
2.97389200 7.39370000
2.99017840 7.35770000
3.00646481 7.31150000
3.02275122 7.25950000
3.03903764 7.20890000
3.05532405 7.16570000
3.07161046 7.13270000
3.08789687 7.10980000
3.10418328 7.09490000
3.12046969 7.08630000
3.13675610 7.08190000
3.15304251 7.07980000
3.16932893 7.07390000
3.18561534 7.02920000
3.20190175 6.98540000
3.21811444 6.99210000
3.23432713 7.00600000
3.25053982 7.02230000
3.26675252 7.03980000
3.28296520 7.05740000
3.29917790 7.07440000
3.31539059 7.09160000
3.33160328 7.10970000
3.34781597 7.12830000
3.36402867 7.14570000
3.38024135 7.15950000
3.39645405 7.16700000
3.41266674 7.16670000
3.42887943 7.15920000
3.44509212 7.14780000
3.46130482 7.13720000
3.47751750 7.13260000
3.49373020 7.13760000
3.50994289 7.15190000
3.52615558 7.17180000
3.54236827 7.19270000
3.55858096 7.21110000
3.57479365 7.22370000
3.59100634 7.22710000
3.60721904 7.21830000
3.62343172 7.19990000
3.63964442 7.18180000
3.65585711 7.17260000
3.67206980 7.17140000
3.68828249 7.17200000

0.00000000 7.87690000
0.01647355 7.87580000
0.03294710 7.87150000
0.04942064 7.86430000
0.06589419 7.85680000
0.08236774 7.85190000
0.09884129 7.85220000
0.11531484 7.85830000
0.13178839 7.86920000
0.14826193 7.88060000
0.16473548 7.87910000
0.18120903 7.84620000
0.19768258 7.79130000
0.21415613 7.72910000
0.23062967 7.66530000
0.24710322 7.60290000
0.26357677 7.54410000
0.28005032 7.49100000
0.29652387 7.44560000
0.31299741 7.41030000
0.32947096 7.38640000
0.34594451 7.37370000
0.36241806 7.36840000
0.37889161 7.36570000
0.39536516 7.36260000
0.41183870 7.35890000
0.42831225 7.35510000
0.44478580 7.35200000
0.46125935 7.34990000
0.47773290 7.34870000
0.49420644 7.34800000
0.51067999 7.34780000
0.52715354 7.34770000
0.54343995 7.34760000
0.55972636 7.34740000
0.57601278 7.35230000
0.59229919 7.38040000
0.60858559 7.41100000
0.62487200 7.44080000
0.64115842 7.46960000
0.65744483 7.49790000
0.67373124 7.52590000
0.69001765 7.55430000
0.70630407 7.58320000
0.72259047 7.61290000
0.73887688 7.64310000
0.75516329 7.67320000
0.77144971 7.70170000
0.78773612 7.72550000
0.80402253 7.74010000
0.82030893 7.74110000
0.83659534 7.72740000
0.85288176 7.70110000
0.86916817 7.66490000
0.88545458 7.62930000
0.90174099 7.64420000
0.91802741 7.65990000
0.93431382 7.66590000
0.95060022 7.66000000
0.96688663 7.63820000
0.98317305 7.59850000
0.99945946 7.54750000
1.01574587 7.49350000
1.03203228 7.44300000
1.04831870 7.40130000
1.06460510 7.37360000
1.08089151 7.36390000
1.09717792 7.36620000
1.11346433 7.37350000
1.12975075 7.38610000
1.14603716 7.40410000
1.16232357 7.42630000
1.17860997 7.45070000
1.19489639 7.47480000
1.21118280 7.49700000
1.22746921 7.51580000
1.24375562 7.52910000
1.26004204 7.53330000
1.27632845 7.52650000
1.29261485 7.51230000
1.30890126 7.49750000
1.32518768 7.48740000
1.34147409 7.48480000
1.35776050 7.49060000
1.37404691 7.50400000
1.39033332 7.52330000
1.40661973 7.54680000
1.42290614 7.57300000
1.43919255 7.60060000
1.45547896 7.62890000
1.47176538 7.65770000
1.48805179 7.68660000
1.50433820 7.71550000
1.52062460 7.74390000
1.53691102 7.77150000
1.55319743 7.79770000
1.56948384 7.82200000
1.58577025 7.84360000
1.60205667 7.86120000
1.61834308 7.87280000
1.63462948 7.87690000
1.65084218 7.87700000
1.66705486 7.87710000
1.68326756 7.87730000
1.69948025 7.87790000
1.71569294 7.87890000
1.73190563 7.88080000
1.74811833 7.88380000
1.76433101 7.88840000
1.78054371 7.89500000
1.79675640 7.90380000
1.81296909 7.91450000
1.82918178 7.92640000
1.84539448 7.93780000
1.86160716 7.94720000
1.87781986 7.95340000
1.89403255 7.95600000
1.91024524 7.95510000
1.92645793 7.95090000
1.94267063 7.94320000
1.95888331 7.93140000
1.97509601 7.91430000
1.99130870 7.89070000
2.00752139 7.85970000
2.02373408 7.82190000
2.03994678 7.77990000
2.05615946 7.73820000
2.07237216 7.70230000
2.08858485 7.67780000
2.10479754 7.66890000
2.12101023 7.67650000
2.13748378 7.67520000
2.15395733 7.67060000
2.17043088 7.66060000
2.18690443 7.64250000
2.20337797 7.61430000
2.21985152 7.57630000
2.23632507 7.53170000
2.25279862 7.48630000
2.26927217 7.44580000
2.28574571 7.41420000
2.30221926 7.39270000
2.31869281 7.38060000
2.33516636 7.37610000
2.35163991 7.37770000
2.36811346 7.38390000
2.38458700 7.39400000
2.40106055 7.40690000
2.41753410 7.42200000
2.43400765 7.43860000
2.45048120 7.45600000
2.46695474 7.47360000
2.48342829 7.49120000
2.49990184 7.50900000
2.51637539 7.52780000
2.53284894 7.54820000
2.54932249 7.57030000
2.56579603 7.59290000
2.58226958 7.61450000
2.59874313 7.63300000
2.61521668 7.64700000
2.63169023 7.65570000
2.64816377 7.65870000
2.66445018 7.65300000
2.68073659 7.64900000
2.69702301 7.64620000
2.71330942 7.64550000
2.72959583 7.64820000
2.74588223 7.65480000
2.76216865 7.66340000
2.77845506 7.66900000
2.79474147 7.66730000
2.81102788 7.65910000
2.82731430 7.64970000
2.84360071 7.64750000
2.85988712 7.66130000
2.87617352 7.69390000
2.89245994 7.73440000
2.90874635 7.76330000
2.92503276 7.76350000
2.94131917 7.73510000
2.95760558 7.69130000
2.97389200 7.64450000
2.99017840 7.60340000
3.00646481 7.57190000
3.02275122 7.54840000
3.03903764 7.52890000
3.05532405 7.50890000
3.07161046 7.48390000
3.08789687 7.44730000
3.10418328 7.39180000
3.12046969 7.32280000
3.13675610 7.24960000
3.15304251 7.17650000
3.16932893 7.11070000
3.18561534 7.08910000
3.20190175 7.08780000
3.21811444 7.08680000
3.23432713 7.08480000
3.25053982 7.08460000
3.26675252 7.08860000
3.28296520 7.09940000
3.29917790 7.11820000
3.31539059 7.14460000
3.33160328 7.17670000
3.34781597 7.21300000
3.36402867 7.25170000
3.38024135 7.29050000
3.39645405 7.32670000
3.41266674 7.35960000
3.42887943 7.39050000
3.44509212 7.42130000
3.46130482 7.45270000
3.47751750 7.48440000
3.49373020 7.51480000
3.50994289 7.54040000
3.52615558 7.55380000
3.54236827 7.54520000
3.55858096 7.51380000
3.57479365 7.47090000
3.59100634 7.42880000
3.60721904 7.39740000
3.62343172 7.38000000
3.63964442 7.37200000
3.65585711 7.36780000
3.67206980 7.36500000
3.68828249 7.36390000

0.00000000 8.21350000
0.01647355 8.21550000
0.03294710 8.21990000
0.04942064 8.22190000
0.06589419 8.21620000
0.08236774 8.19890000
0.09884129 8.16910000
0.11531484 8.12870000
0.13178839 8.08160000
0.14826193 8.03410000
0.16473548 8.00030000
0.18120903 7.99910000
0.19768258 8.02110000
0.21415613 8.05060000
0.23062967 8.07360000
0.24710322 8.04420000
0.26357677 7.98180000
0.28005032 7.91900000
0.29652387 7.86120000
0.31299741 7.81060000
0.32947096 7.76890000
0.34594451 7.73790000
0.36241806 7.71840000
0.37889161 7.70990000
0.39536516 7.71050000
0.41183870 7.71730000
0.42831225 7.72810000
0.44478580 7.74170000
0.46125935 7.75740000
0.47773290 7.77520000
0.49420644 7.79440000
0.51067999 7.81230000
0.52715354 7.82080000
0.54343995 7.82030000
0.55972636 7.82010000
0.57601278 7.82220000
0.59229919 7.82810000
0.60858559 7.83820000
0.62487200 7.85220000
0.64115842 7.86930000
0.65744483 7.88830000
0.67373124 7.90740000
0.69001765 7.92510000
0.70630407 7.93990000
0.72259047 7.95050000
0.73887688 7.95670000
0.75516329 7.95880000
0.77144971 7.95840000
0.78773612 7.95800000
0.80402253 7.96150000
0.82030893 7.97100000
0.83659534 7.98350000
0.85288176 7.99080000
0.86916817 7.98520000
0.88545458 7.96620000
0.90174099 7.93850000
0.91802741 7.90490000
0.93431382 7.86450000
0.95060022 7.82110000
0.96688663 7.78600000
0.98317305 7.76730000
0.99945946 7.76200000
1.01574587 7.76380000
1.03203228 7.76860000
1.04831870 7.77370000
1.06460510 7.77750000
1.08089151 7.77880000
1.09717792 7.77220000
1.11346433 7.75490000
1.12975075 7.73300000
1.14603716 7.71210000
1.16232357 7.69560000
1.17860997 7.68510000
1.19489639 7.67970000
1.21118280 7.67740000
1.22746921 7.67600000
1.24375562 7.67540000
1.26004204 7.67970000
1.27632845 7.69260000
1.29261485 7.71010000
1.30890126 7.72080000
1.32518768 7.71890000
1.34147409 7.71090000
1.35776050 7.70410000
1.37404691 7.70240000
1.39033332 7.70770000
1.40661973 7.72110000
1.42290614 7.74360000
1.43919255 7.77540000
1.45547896 7.81650000
1.47176538 7.86590000
1.48805179 7.92210000
1.50433820 7.98200000
1.52062460 8.04120000
1.53691102 8.09420000
1.55319743 8.13640000
1.56948384 8.16710000
1.58577025 8.18830000
1.60205667 8.20240000
1.61834308 8.21070000
1.63462948 8.21350000
1.65084218 8.21150000
1.66705486 8.20660000
1.68326756 8.20100000
1.69948025 8.19730000
1.71569294 8.19730000
1.73190563 8.20180000
1.74811833 8.21110000
1.76433101 8.22490000
1.78054371 8.24260000
1.79675640 8.26310000
1.81296909 8.28430000
1.82918178 8.30330000
1.84539448 8.31600000
1.86160716 8.31800000
1.87781986 8.30660000
1.89403255 8.28170000
1.91024524 8.24510000
1.92645793 8.19950000
1.94267063 8.14790000
1.95888331 8.09310000
1.97509601 8.03740000
1.99130870 7.98310000
2.00752139 7.93170000
2.02373408 7.88410000
2.03994678 7.84030000
2.05615946 7.79980000
2.07237216 7.76210000
2.08858485 7.72740000
2.10479754 7.69760000
2.12101023 7.67650000
2.13748378 7.67520000
2.15395733 7.67060000
2.17043088 7.66060000
2.18690443 7.64250000
2.20337797 7.61430000
2.21985152 7.57630000
2.23632507 7.53170000
2.25279862 7.48630000
2.26927217 7.44580000
2.28574571 7.41420000
2.30221926 7.39270000
2.31869281 7.38060000
2.33516636 7.37610000
2.35163991 7.37770000
2.36811346 7.38390000
2.38458700 7.39400000
2.40106055 7.40690000
2.41753410 7.42200000
2.43400765 7.43860000
2.45048120 7.45600000
2.46695474 7.47360000
2.48342829 7.49120000
2.49990184 7.50900000
2.51637539 7.52780000
2.53284894 7.54820000
2.54932249 7.57030000
2.56579603 7.59290000
2.58226958 7.61450000
2.59874313 7.63300000
2.61521668 7.64700000
2.63169023 7.65570000
2.64816377 7.65870000
2.66445018 7.66760000
2.68073659 7.68200000
2.69702301 7.70330000
2.71330942 7.73220000
2.72959583 7.76860000
2.74588223 7.81190000
2.76216865 7.86100000
2.77845506 7.91520000
2.79474147 7.97220000
2.81102788 8.02570000
2.82731430 8.06530000
2.84360071 8.08470000
2.85988712 8.08660000
2.87617352 8.07740000
2.89245994 8.06590000
2.90874635 8.06520000
2.92503276 8.08820000
2.94131917 8.12660000
2.95760558 8.12290000
2.97389200 8.06530000
2.99017840 7.99350000
3.00646481 7.91580000
3.02275122 7.83510000
3.03903764 7.75350000
3.05532405 7.67310000
3.07161046 7.59670000
3.08789687 7.52990000
3.10418328 7.48030000
3.12046969 7.44350000
3.13675610 7.41270000
3.15304251 7.38670000
3.16932893 7.36670000
3.18561534 7.35390000
3.20190175 7.34950000
3.21811444 7.35620000
3.23432713 7.37460000
3.25053982 7.40030000
3.26675252 7.42850000
3.28296520 7.45490000
3.29917790 7.47620000
3.31539059 7.49040000
3.33160328 7.49740000
3.34781597 7.49890000
3.36402867 7.49880000
3.38024135 7.50250000
3.39645405 7.51580000
3.41266674 7.54160000
3.42887943 7.57750000
3.44509212 7.61810000
3.46130482 7.65750000
3.47751750 7.69050000
3.49373020 7.71250000
3.50994289 7.72180000
3.52615558 7.72430000
3.54236827 7.73250000
3.55858096 7.75230000
3.57479365 7.77740000
3.59100634 7.79860000
3.60721904 7.80840000
3.62343172 7.80510000
3.63964442 7.79490000
3.65585711 7.78540000
3.67206980 7.78020000
3.68828249 7.77880000

0.00000000 8.77350000
0.01647355 8.75260000
0.03294710 8.70970000
0.04942064 8.66480000
0.06589419 8.62560000
0.08236774 8.59460000
0.09884129 8.57000000
0.11531484 8.54610000
0.13178839 8.51590000
0.14826193 8.47450000
0.16473548 8.42090000
0.18120903 8.35700000
0.19768258 8.28680000
0.21415613 8.21500000
0.23062967 8.15330000
0.24710322 8.14620000
0.26357677 8.17280000
0.28005032 8.19800000
0.29652387 8.21560000
0.31299741 8.22660000
0.32947096 8.23360000
0.34594451 8.23680000
0.36241806 8.23370000
0.37889161 8.22100000
0.39536516 8.19740000
0.41183870 8.16460000
0.42831225 8.12550000
0.44478580 8.08330000
0.46125935 8.04030000
0.47773290 7.99890000
0.49420644 7.96130000
0.51067999 7.93180000
0.52715354 7.91930000
0.54343995 7.92570000
0.55972636 7.94370000
0.57601278 7.97110000
0.59229919 8.00590000
0.60858559 8.04690000
0.62487200 8.09270000
0.64115842 8.14210000
0.65744483 8.19320000
0.67373124 8.24390000
0.69001765 8.29140000
0.70630407 8.33160000
0.72259047 8.35850000
0.73887688 8.36490000
0.75516329 8.34810000
0.77144971 8.31550000
0.78773612 8.27780000
0.80402253 8.24290000
0.82030893 8.21480000
0.83659534 8.19540000
0.85288176 8.18380000
0.86916817 8.16860000
0.88545458 8.13200000
0.90174099 8.08430000
0.91802741 8.04290000
0.93431382 8.01870000
0.95060022 8.01360000
0.96688663 8.02190000
0.98317305 8.03780000
0.99945946 8.05770000
1.01574587 8.07940000
1.03203228 8.10120000
1.04831870 8.12140000
1.06460510 8.13660000
1.08089151 8.14260000
1.09717792 8.14660000
1.11346433 8.15400000
1.12975075 8.15370000
1.14603716 8.13740000
1.16232357 8.10710000
1.17860997 8.06850000
1.19489639 8.02680000
1.21118280 7.98590000
1.22746921 7.94830000
1.24375562 7.91560000
1.26004204 7.88760000
1.27632845 7.86480000
1.29261485 7.85140000
1.30890126 7.85680000
1.32518768 7.88580000
1.34147409 7.93140000
1.35776050 7.98580000
1.37404691 8.04450000
1.39033332 8.10470000
1.40661973 8.16370000
1.42290614 8.21850000
1.43919255 8.26610000
1.45547896 8.30430000
1.47176538 8.33320000
1.48805179 8.35600000
1.50433820 8.37750000
1.52062460 8.40370000
1.53691102 8.44080000
1.55319743 8.49250000
1.56948384 8.55760000
1.58577025 8.62970000
1.60205667 8.69920000
1.61834308 8.75260000
1.63462948 8.77350000
1.65084218 8.77450000
1.66705486 8.77700000
1.68326756 8.78000000
1.69948025 8.78240000
1.71569294 8.72170000
1.73190563 8.65340000
1.74811833 8.58480000
1.76433101 8.51980000
1.78054371 8.46200000
1.79675640 8.41410000
1.81296909 8.37850000
1.82918178 8.35710000
1.84539448 8.35120000
1.86160716 8.36110000
1.87781986 8.38600000
1.89403255 8.42300000
1.91024524 8.46770000
1.92645793 8.50930000
1.94267063 8.51600000
1.95888331 8.47210000
1.97509601 8.41390000
1.99130870 8.35840000
2.00752139 8.31220000
2.02373408 8.27810000
2.03994678 8.25700000
2.05615946 8.24800000
2.07237216 8.25010000
2.08858485 8.26220000
2.10479754 8.28380000
2.12101023 8.31470000
2.13748378 8.30670000
2.15395733 8.28450000
2.17043088 8.25370000
2.18690443 8.22130000
2.20337797 8.19410000
2.21985152 8.17640000
2.23632507 8.16930000
2.25279862 8.17150000
2.26927217 8.18070000
2.28574571 8.19430000
2.30221926 8.21010000
2.31869281 8.22590000
2.33516636 8.23900000
2.35163991 8.24580000
2.36811346 8.24170000
2.38458700 8.22370000
2.40106055 8.19340000
2.41753410 8.15590000
2.43400765 8.11650000
2.45048120 8.07930000
2.46695474 8.04750000
2.48342829 8.02350000
2.49990184 8.00910000
2.51637539 8.00530000
2.53284894 8.01210000
2.54932249 8.02900000
2.56579603 8.05440000
2.58226958 8.08620000
2.59874313 8.12120000
2.61521668 8.15440000
2.63169023 8.17920000
2.64816377 8.18860000
2.66445018 8.18120000
2.68073659 8.17040000
2.69702301 8.15610000
2.71330942 8.13920000
2.72959583 8.12250000
2.74588223 8.11010000
2.76216865 8.10720000
2.77845506 8.11870000
2.79474147 8.14600000
2.81102788 8.18700000
2.82731430 8.23940000
2.84360071 8.29810000
2.85988712 8.34560000
2.87617352 8.35940000
2.89245994 8.34420000
2.90874635 8.31220000
2.92503276 8.27080000
2.94131917 8.22980000
2.95760558 8.23690000
2.97389200 8.29570000
2.99017840 8.36270000
3.00646481 8.42800000
3.02275122 8.48610000
3.03903764 8.49120000
3.05532405 8.44710000
3.07161046 8.40340000
3.08789687 8.36510000
3.10418328 8.33420000
3.12046969 8.31100000
3.13675610 8.29490000
3.15304251 8.28450000
3.16932893 8.27850000
3.18561534 8.27550000
3.20190175 8.27460000
3.21811444 8.27340000
3.23432713 8.27040000
3.25053982 8.26680000
3.26675252 8.26460000
3.28296520 8.26620000
3.29917790 8.27360000
3.31539059 8.28800000
3.33160328 8.30910000
3.34781597 8.33400000
3.36402867 8.35740000
3.38024135 8.37150000
3.39645405 8.36920000
3.41266674 8.34850000
3.42887943 8.31350000
3.44509212 8.26990000
3.46130482 8.22310000
3.47751750 8.17790000
3.49373020 8.13880000
3.50994289 8.10930000
3.52615558 8.08990000
3.54236827 8.07700000
3.55858096 8.06590000
3.57479365 8.05440000
3.59100634 8.04550000
3.60721904 8.04580000
3.62343172 8.05930000
3.63964442 8.08260000
3.65585711 8.10910000
3.67206980 8.13230000
3.68828249 8.14260000

0.00000000 8.91570000
0.01647355 8.93110000
0.03294710 8.95300000
0.04942064 8.95290000
0.06589419 8.92640000
0.08236774 8.88390000
0.09884129 8.83430000
0.11531484 8.78200000
0.13178839 8.72730000
0.14826193 8.66860000
0.16473548 8.60820000
0.18120903 8.55090000
0.19768258 8.50040000
0.21415613 8.45820000
0.23062967 8.42490000
0.24710322 8.40180000
0.26357677 8.39130000
0.28005032 8.39660000
0.29652387 8.41930000
0.31299741 8.45720000
0.32947096 8.50590000
0.34594451 8.56160000
0.36241806 8.61760000
0.37889161 8.64820000
0.39536516 8.68340000
0.41183870 8.73400000
0.42831225 8.79630000
0.44478580 8.86520000
0.46125935 8.93230000
0.47773290 8.96670000
0.49420644 8.96420000
0.51067999 8.95840000
0.52715354 8.95610000
0.54343995 8.95470000
0.55972636 8.95040000
0.57601278 8.94290000
0.59229919 8.93180000
0.60858559 8.91710000
0.62487200 8.89910000
0.64115842 8.87780000
0.65744483 8.85220000
0.67373124 8.81810000
0.69001765 8.77290000
0.70630407 8.72150000
0.72259047 8.67330000
0.73887688 8.63740000
0.75516329 8.61520000
0.77144971 8.59560000
0.78773612 8.56420000
0.80402253 8.51600000
0.82030893 8.45560000
0.83659534 8.39020000
0.85288176 8.32880000
0.86916817 8.28790000
0.88545458 8.28420000
0.90174099 8.30350000
0.91802741 8.32790000
0.93431382 8.34890000
0.95060022 8.36230000
0.96688663 8.36700000
0.98317305 8.36360000
0.99945946 8.35400000
1.01574587 8.34000000
1.03203228 8.32340000
1.04831870 8.30670000
1.06460510 8.29330000
1.08089151 8.28800000
1.09717792 8.28640000
1.11346433 8.28370000
1.12975075 8.28570000
1.14603716 8.29640000
1.16232357 8.31240000
1.17860997 8.32780000
1.19489639 8.33770000
1.21118280 8.33820000
1.22746921 8.32890000
1.24375562 8.31450000
1.26004204 8.30210000
1.27632845 8.29670000
1.29261485 8.29990000
1.30890126 8.31070000
1.32518768 8.32750000
1.34147409 8.34840000
1.35776050 8.37210000
1.37404691 8.39770000
1.39033332 8.42450000
1.40661973 8.45270000
1.42290614 8.48330000
1.43919255 8.51780000
1.45547896 8.55780000
1.47176538 8.60310000
1.48805179 8.65190000
1.50433820 8.70130000
1.52062460 8.74860000
1.53691102 8.79200000
1.55319743 8.83000000
1.56948384 8.86170000
1.58577025 8.88630000
1.60205667 8.90340000
1.61834308 8.91290000
1.63462948 8.91570000
1.65084218 8.90700000
1.66705486 8.88130000
1.68326756 8.83980000
1.69948025 8.78540000
1.71569294 8.78330000
1.73190563 8.78230000
1.74811833 8.77930000
1.76433101 8.77450000
1.78054371 8.76840000
1.79675640 8.76190000
1.81296909 8.75660000
1.82918178 8.75470000
1.84539448 8.75930000
1.86160716 8.77300000
1.87781986 8.79680000
1.89403255 8.78870000
1.91024524 8.72770000
1.92645793 8.67360000
1.94267063 8.65730000
1.95888331 8.69410000
1.97509601 8.74800000
1.99130870 8.77870000
2.00752139 8.71650000
2.02373408 8.65100000
2.03994678 8.58470000
2.05615946 8.51990000
2.07237216 8.45860000
2.08858485 8.40310000
2.10479754 8.35470000
2.12101023 8.31470000
2.13748378 8.30670000
2.15395733 8.28450000
2.17043088 8.25370000
2.18690443 8.22130000
2.20337797 8.19410000
2.21985152 8.17640000
2.23632507 8.16930000
2.25279862 8.17150000
2.26927217 8.18070000
2.28574571 8.19430000
2.30221926 8.21010000
2.31869281 8.22590000
2.33516636 8.23900000
2.35163991 8.24580000
2.36811346 8.24170000
2.38458700 8.22370000
2.40106055 8.19340000
2.41753410 8.15590000
2.43400765 8.11650000
2.45048120 8.07930000
2.46695474 8.04750000
2.48342829 8.02350000
2.49990184 8.00910000
2.51637539 8.00530000
2.53284894 8.01210000
2.54932249 8.02900000
2.56579603 8.05440000
2.58226958 8.08620000
2.59874313 8.12120000
2.61521668 8.15440000
2.63169023 8.17920000
2.64816377 8.18860000
2.66445018 8.19410000
2.68073659 8.19920000
2.69702301 8.20520000
2.71330942 8.21260000
2.72959583 8.22120000
2.74588223 8.23120000
2.76216865 8.24250000
2.77845506 8.25600000
2.79474147 8.27350000
2.81102788 8.29820000
2.82731430 8.33150000
2.84360071 8.37070000
2.85988712 8.41470000
2.87617352 8.46960000
2.89245994 8.52710000
2.90874635 8.57810000
2.92503276 8.61810000
2.94131917 8.64400000
2.95760558 8.65370000
2.97389200 8.64680000
2.99017840 8.62470000
3.00646481 8.59060000
3.02275122 8.55090000
3.03903764 8.55400000
3.05532405 8.59910000
3.07161046 8.63930000
3.08789687 8.67180000
3.10418328 8.69650000
3.12046969 8.71390000
3.13675610 8.72500000
3.15304251 8.73130000
3.16932893 8.73440000
3.18561534 8.73560000
3.20190175 8.73590000
3.21811444 8.73700000
3.23432713 8.73980000
3.25053982 8.74380000
3.26675252 8.74810000
3.28296520 8.75160000
3.29917790 8.75340000
3.31539059 8.75280000
3.33160328 8.74960000
3.34781597 8.74450000
3.36402867 8.74070000
3.38024135 8.74420000
3.39645405 8.76120000
3.41266674 8.79360000
3.42887943 8.83750000
3.44509212 8.88410000
3.46130482 8.88350000
3.47751750 8.83000000
3.49373020 8.77460000
3.50994289 8.72340000
3.52615558 8.67870000
3.54236827 8.64220000
3.55858096 8.61570000
3.57479365 8.60030000
3.59100634 8.59550000
3.60721904 8.59250000
3.62343172 8.51580000
3.63964442 8.43110000
3.65585711 8.35940000
3.67206980 8.30800000
3.68828249 8.28800000

0.00000000 9.23430000
0.01647355 9.21780000
0.03294710 9.20420000
0.04942064 9.21180000
0.06589419 9.19100000
0.08236774 9.13170000
0.09884129 9.06230000
0.11531484 8.99120000
0.13178839 8.93010000
0.14826193 8.88800000
0.16473548 8.86520000
0.18120903 8.85420000
0.19768258 8.84680000
0.21415613 8.83720000
0.23062967 8.82270000
0.24710322 8.80280000
0.26357677 8.77810000
0.28005032 8.74980000
0.29652387 8.71960000
0.31299741 8.68980000
0.32947096 8.66360000
0.34594451 8.64630000
0.36241806 8.64860000
0.37889161 8.69990000
0.39536516 8.77170000
0.41183870 8.84940000
0.42831225 8.93070000
0.44478580 9.00920000
0.46125935 9.01970000
0.47773290 9.04650000
0.49420644 9.11160000
0.51067999 9.17510000
0.52715354 9.20630000
0.54343995 9.19940000
0.55972636 9.17940000
0.57601278 9.15110000
0.59229919 9.11930000
0.60858559 9.08580000
0.62487200 9.05030000
0.64115842 9.01150000
0.65744483 8.97110000
0.67373124 8.93480000
0.69001765 8.90880000
0.70630407 8.89100000
0.72259047 8.87430000
0.73887688 8.85330000
0.75516329 8.82800000
0.77144971 8.80390000
0.78773612 8.78750000
0.80402253 8.77810000
0.82030893 8.76820000
0.83659534 8.74990000
0.85288176 8.71960000
0.86916817 8.68090000
0.88545458 8.64270000
0.90174099 8.61260000
0.91802741 8.59400000
0.93431382 8.58670000
0.95060022 8.58860000
0.96688663 8.59650000
0.98317305 8.60700000
0.99945946 8.61760000
1.01574587 8.62640000
1.03203228 8.63290000
1.04831870 8.63720000
1.06460510 8.63950000
1.08089151 8.64020000
1.09717792 8.63930000
1.11346433 8.63820000
1.12975075 8.63890000
1.14603716 8.64140000
1.16232357 8.64210000
1.17860997 8.63670000
1.19489639 8.62590000
1.21118280 8.61790000
1.22746921 8.62150000
1.24375562 8.63980000
1.26004204 8.67030000
1.27632845 8.70960000
1.29261485 8.75440000
1.30890126 8.80210000
1.32518768 8.85060000
1.34147409 8.89780000
1.35776050 8.94230000
1.37404691 8.98330000
1.39033332 9.02070000
1.40661973 9.05510000
1.42290614 9.08790000
1.43919255 9.12020000
1.45547896 9.15290000
1.47176538 9.18570000
1.48805179 9.21660000
1.50433820 9.24090000
1.52062460 9.25230000
1.53691102 9.25070000
1.55319743 9.24340000
1.56948384 9.23590000
1.58577025 9.23070000
1.60205667 9.22890000
1.61834308 9.23080000
1.63462948 9.23430000
1.65084218 9.23150000
1.66705486 9.22380000
1.68326756 9.21240000
1.69948025 9.19870000
1.71569294 9.18310000
1.73190563 9.16590000
1.74811833 9.14660000
1.76433101 9.12460000
1.78054371 9.09930000
1.79675640 9.07010000
1.81296909 9.03630000
1.82918178 8.99750000
1.84539448 8.95320000
1.86160716 8.90340000
1.87781986 8.84820000
1.89403255 8.82830000
1.91024524 8.86230000
1.92645793 8.89040000
1.94267063 8.89920000
1.95888331 8.87820000
1.97509601 8.83450000
1.99130870 8.80340000
2.00752139 8.85530000
2.02373408 8.90160000
2.03994678 8.94140000
2.05615946 8.97490000
2.07237216 9.00250000
2.08858485 9.02500000
2.10479754 9.04330000
2.12101023 9.05820000
2.13748378 9.05590000
2.15395733 9.04890000
2.17043088 9.03660000
2.18690443 9.01840000
2.20337797 8.99400000
2.21985152 8.96310000
2.23632507 8.92590000
2.25279862 8.88280000
2.26927217 8.83470000
2.28574571 8.78290000
2.30221926 8.72930000
2.31869281 8.67610000
2.33516636 8.62670000
2.35163991 8.58570000
2.36811346 8.55850000
2.38458700 8.54960000
2.40106055 8.55850000
2.41753410 8.58170000
2.43400765 8.61520000
2.45048120 8.65600000
2.46695474 8.70190000
2.48342829 8.75030000
2.49990184 8.79760000
2.51637539 8.83760000
2.53284894 8.86130000
2.54932249 8.86070000
2.56579603 8.83630000
2.58226958 8.79650000
2.59874313 8.75080000
2.61521668 8.70830000
2.63169023 8.67740000
2.64816377 8.66590000
2.66445018 8.65350000
2.68073659 8.64860000
2.69702301 8.65080000
2.71330942 8.65950000
2.72959583 8.67360000
2.74588223 8.69140000
2.76216865 8.70990000
2.77845506 8.72420000
2.79474147 8.72930000
2.81102788 8.72370000
2.82731430 8.71210000
2.84360071 8.70480000
2.85988712 8.71450000
2.87617352 8.74940000
2.89245994 8.80550000
2.90874635 8.87230000
2.92503276 8.94140000
2.94131917 9.00800000
2.95760558 9.07040000
2.97389200 9.12870000
2.99017840 9.18380000
3.00646481 9.23610000
3.02275122 9.28410000
3.03903764 9.32240000
3.05532405 9.34400000
3.07161046 9.35100000
3.08789687 9.35130000
3.10418328 9.34980000
3.12046969 9.34860000
3.13675610 9.34840000
3.15304251 9.34900000
3.16932893 9.35010000
3.18561534 9.35110000
3.20190175 9.35150000
3.21811444 9.35030000
3.23432713 9.34710000
3.25053982 9.34180000
3.26675252 9.33410000
3.28296520 9.32240000
3.29917790 9.30440000
3.31539059 9.27830000
3.33160328 9.24520000
3.34781597 9.20920000
3.36402867 9.17370000
3.38024135 9.13930000
3.39645405 9.10340000
3.41266674 9.06200000
3.42887943 9.01350000
3.44509212 8.96250000
3.46130482 8.95730000
3.47751750 9.00280000
3.49373020 9.04610000
3.50994289 9.07600000
3.52615558 9.07280000
3.54236827 9.00940000
3.55858096 8.91710000
3.57479365 8.81680000
3.59100634 8.71500000
3.60721904 8.62220000
3.62343172 8.61390000
3.63964442 8.62420000
3.65585711 8.63310000
3.67206980 8.63850000
3.68828249 8.64020000

0.00000000 9.25370000
0.01647355 9.26560000
0.03294710 9.26660000
0.04942064 9.24470000
0.06589419 9.25010000
0.08236774 9.24700000
0.09884129 9.19400000
0.11531484 9.14420000
0.13178839 9.10380000
0.14826193 9.07280000
0.16473548 9.05060000
0.18120903 9.03730000
0.19768258 9.03320000
0.21415613 9.03800000
0.23062967 9.05010000
0.24710322 9.06680000
0.26357677 9.08520000
0.28005032 9.10260000
0.29652387 9.11710000
0.31299741 9.12700000
0.32947096 9.13130000
0.34594451 9.12960000
0.36241806 9.12200000
0.37889161 9.10920000
0.39536516 9.09240000
0.41183870 9.07300000
0.42831225 9.05280000
0.44478580 9.03750000
0.46125935 9.09340000
0.47773290 9.15860000
0.49420644 9.20630000
0.51067999 9.23320000
0.52715354 9.24060000
0.54343995 9.23900000
0.55972636 9.23640000
0.57601278 9.23340000
0.59229919 9.22790000
0.60858559 9.21690000
0.62487200 9.19880000
0.64115842 9.17590000
0.65744483 9.15240000
0.67373124 9.13130000
0.69001765 9.11430000
0.70630407 9.10370000
0.72259047 9.10260000
0.73887688 9.11320000
0.75516329 9.13330000
0.77144971 9.15540000
0.78773612 9.16810000
0.80402253 9.16010000
0.82030893 9.12920000
0.83659534 9.08690000
0.85288176 9.04780000
0.86916817 9.01850000
0.88545458 8.99760000
0.90174099 8.98150000
0.91802741 8.96800000
0.93431382 8.95650000
0.95060022 8.94730000
0.96688663 8.94070000
0.98317305 8.93640000
0.99945946 8.93330000
1.01574587 8.93020000
1.03203228 8.92650000
1.04831870 8.92250000
1.06460510 8.91940000
1.08089151 8.91820000
1.09717792 8.92510000
1.11346433 8.94370000
1.12975075 8.96830000
1.14603716 8.98770000
1.16232357 8.98810000
1.17860997 8.98120000
1.19489639 8.98560000
1.21118280 9.00410000
1.22746921 9.03220000
1.24375562 9.06530000
1.26004204 9.10030000
1.27632845 9.13540000
1.29261485 9.16970000
1.30890126 9.20240000
1.32518768 9.23320000
1.34147409 9.26160000
1.35776050 9.28750000
1.37404691 9.31010000
1.39033332 9.32840000
1.40661973 9.34120000
1.42290614 9.34730000
1.43919255 9.34700000
1.45547896 9.34190000
1.47176538 9.33440000
1.48805179 9.32670000
1.50433820 9.32200000
1.52062460 9.32390000
1.53691102 9.33000000
1.55319743 9.33320000
1.56948384 9.32970000
1.58577025 9.31750000
1.60205667 9.29540000
1.61834308 9.26850000
1.63462948 9.25370000
1.65084218 9.25740000
1.66705486 9.26810000
1.68326756 9.28420000
1.69948025 9.30360000
1.71569294 9.32320000
1.73190563 9.33960000
1.74811833 9.34960000
1.76433101 9.35150000
1.78054371 9.34520000
1.79675640 9.33150000
1.81296909 9.31150000
1.82918178 9.28600000
1.84539448 9.25610000
1.86160716 9.22270000
1.87781986 9.18660000
1.89403255 9.14890000
1.91024524 9.11140000
1.92645793 9.07820000
1.94267063 9.05840000
1.95888331 9.05920000
1.97509601 9.07160000
1.99130870 9.08440000
2.00752139 9.09320000
2.02373408 9.09730000
2.03994678 9.09730000
2.05615946 9.09400000
2.07237216 9.08830000
2.08858485 9.08040000
2.10479754 9.07040000
2.12101023 9.05820000
2.13748378 9.05590000
2.15395733 9.04890000
2.17043088 9.03660000
2.18690443 9.01840000
2.20337797 8.99400000
2.21985152 8.96310000
2.23632507 8.92590000
2.25279862 8.88280000
2.26927217 8.83470000
2.28574571 8.78290000
2.30221926 8.72930000
2.31869281 8.67610000
2.33516636 8.62670000
2.35163991 8.58570000
2.36811346 8.55850000
2.38458700 8.54960000
2.40106055 8.55850000
2.41753410 8.58170000
2.43400765 8.61520000
2.45048120 8.65600000
2.46695474 8.70190000
2.48342829 8.75030000
2.49990184 8.79760000
2.51637539 8.83760000
2.53284894 8.86130000
2.54932249 8.86070000
2.56579603 8.83630000
2.58226958 8.79650000
2.59874313 8.75080000
2.61521668 8.70830000
2.63169023 8.67740000
2.64816377 8.66590000
2.66445018 8.68560000
2.68073659 8.71200000
2.69702301 8.74420000
2.71330942 8.78030000
2.72959583 8.81830000
2.74588223 8.85590000
2.76216865 8.89140000
2.77845506 8.92550000
2.79474147 8.96230000
2.81102788 9.00590000
2.82731430 9.05720000
2.84360071 9.11450000
2.85988712 9.17440000
2.87617352 9.23320000
2.89245994 9.28610000
2.90874635 9.32930000
2.92503276 9.36060000
2.94131917 9.38150000
2.95760558 9.39490000
2.97389200 9.40360000
2.99017840 9.40960000
3.00646481 9.41450000
3.02275122 9.42090000
3.03903764 9.43470000
3.05532405 9.46280000
3.07161046 9.50200000
3.08789687 9.54100000
3.10418328 9.56820000
3.12046969 9.57880000
3.13675610 9.57880000
3.15304251 9.57520000
3.16932893 9.57130000
3.18561534 9.56850000
3.20190175 9.56750000
3.21811444 9.56720000
3.23432713 9.56550000
3.25053982 9.56070000
3.26675252 9.55040000
3.28296520 9.53300000
3.29917790 9.50980000
3.31539059 9.48520000
3.33160328 9.46180000
3.34781597 9.43860000
3.36402867 9.41370000
3.38024135 9.38740000
3.39645405 9.36360000
3.41266674 9.34710000
3.42887943 9.34070000
3.44509212 9.34240000
3.46130482 9.34440000
3.47751750 9.32880000
3.49373020 9.28180000
3.50994289 9.21660000
3.52615558 9.15670000
3.54236827 9.12940000
3.55858096 9.10830000
3.57479365 9.08130000
3.59100634 9.05010000
3.60721904 9.01700000
3.62343172 8.98470000
3.63964442 8.95640000
3.65585711 8.93510000
3.67206980 8.92230000
3.68828249 8.91820000

0.00000000 9.45860000
0.01647355 9.44900000
0.03294710 9.42520000
0.04942064 9.38960000
0.06589419 9.34130000
0.08236774 9.33040000
0.09884129 9.38070000
0.11531484 9.44160000
0.13178839 9.50530000
0.14826193 9.56980000
0.16473548 9.63420000
0.18120903 9.69710000
0.19768258 9.75560000
0.21415613 9.80260000
0.23062967 9.82590000
0.24710322 9.82270000
0.26357677 9.80410000
0.28005032 9.77890000
0.29652387 9.75130000
0.31299741 9.72330000
0.32947096 9.69610000
0.34594451 9.67040000
0.36241806 9.64650000
0.37889161 9.62500000
0.39536516 9.60650000
0.41183870 9.59180000
0.42831225 9.58230000
0.44478580 9.57830000
0.46125935 9.57450000
0.47773290 9.54690000
0.49420644 9.49340000
0.51067999 9.43800000
0.52715354 9.41060000
0.54343995 9.41410000
0.55972636 9.42010000
0.57601278 9.42190000
0.59229919 9.41700000
0.60858559 9.40970000
0.62487200 9.40690000
0.64115842 9.41280000
0.65744483 9.42780000
0.67373124 9.45010000
0.69001765 9.47740000
0.70630407 9.50610000
0.72259047 9.52990000
0.73887688 9.54050000
0.75516329 9.53620000
0.77144971 9.52270000
0.78773612 9.50460000
0.80402253 9.48390000
0.82030893 9.46230000
0.83659534 9.44210000
0.85288176 9.42470000
0.86916817 9.41030000
0.88545458 9.39850000
0.90174099 9.38790000
0.91802741 9.37510000
0.93431382 9.35450000
0.95060022 9.32360000
0.96688663 9.28740000
0.98317305 9.25240000
0.99945946 9.22290000
1.01574587 9.20140000
1.03203228 9.18820000
1.04831870 9.18170000
1.06460510 9.17940000
1.08089151 9.17900000
1.09717792 9.17070000
1.11346433 9.14810000
1.12975075 9.11810000
1.14603716 9.09580000
1.16232357 9.10210000
1.17860997 9.13330000
1.19489639 9.17470000
1.21118280 9.22060000
1.22746921 9.26950000
1.24375562 9.32010000
1.26004204 9.37050000
1.27632845 9.41770000
1.29261485 9.45760000
1.30890126 9.48630000
1.32518768 9.50230000
1.34147409 9.50770000
1.35776050 9.50580000
1.37404691 9.50000000
1.39033332 9.49330000
1.40661973 9.48790000
1.42290614 9.48530000
1.43919255 9.48530000
1.45547896 9.48620000
1.47176538 9.48650000
1.48805179 9.48640000
1.50433820 9.48840000
1.52062460 9.49590000
1.53691102 9.51070000
1.55319743 9.52910000
1.56948384 9.53640000
1.58577025 9.51540000
1.60205667 9.48500000
1.61834308 9.46500000
1.63462948 9.45860000
1.65084218 9.45880000
1.66705486 9.45930000
1.68326756 9.46030000
1.69948025 9.46220000
1.71569294 9.46540000
1.73190563 9.47100000
1.74811833 9.47970000
1.76433101 9.49120000
1.78054371 9.50400000
1.79675640 9.51610000
1.81296909 9.52180000
1.82918178 9.51490000
1.84539448 9.50950000
1.86160716 9.50590000
1.87781986 9.50410000
1.89403255 9.50430000
1.91024524 9.50630000
1.92645793 9.50480000
1.94267063 9.49560000
1.95888331 9.48910000
1.97509601 9.48670000
1.99130870 9.48870000
2.00752139 9.49470000
2.02373408 9.50350000
2.03994678 9.51360000
2.05615946 9.52360000
2.07237216 9.53260000
2.08858485 9.54000000
2.10479754 9.54540000
2.12101023 9.54890000
2.13748378 9.55230000
2.15395733 9.56170000
2.17043088 9.57550000
2.18690443 9.59180000
2.20337797 9.60970000
2.21985152 9.62860000
2.23632507 9.64830000
2.25279862 9.66880000
2.26927217 9.68920000
2.28574571 9.70750000
2.30221926 9.72080000
2.31869281 9.72610000
2.33516636 9.72190000
2.35163991 9.70920000
2.36811346 9.68900000
2.38458700 9.66270000
2.40106055 9.63060000
2.41753410 9.59330000
2.43400765 9.55120000
2.45048120 9.50530000
2.46695474 9.45690000
2.48342829 9.40840000
2.49990184 9.36360000
2.51637539 9.32890000
2.53284894 9.31330000
2.54932249 9.32480000
2.56579603 9.36250000
2.58226958 9.41730000
2.59874313 9.47830000
2.61521668 9.53500000
2.63169023 9.57640000
2.64816377 9.59190000
2.66445018 9.53710000
2.68073659 9.48240000
2.69702301 9.43040000
2.71330942 9.38300000
2.72959583 9.34260000
2.74588223 9.31180000
2.76216865 9.29370000
2.77845506 9.29090000
2.79474147 9.30350000
2.81102788 9.32870000
2.82731430 9.36180000
2.84360071 9.39910000
2.85988712 9.43750000
2.87617352 9.47610000
2.89245994 9.51510000
2.90874635 9.55600000
2.92503276 9.59930000
2.94131917 9.64340000
2.95760558 9.68440000
2.97389200 9.71800000
2.99017840 9.73970000
3.00646481 9.74770000
3.02275122 9.74410000
3.03903764 9.73330000
3.05532405 9.71980000
3.07161046 9.70860000
3.08789687 9.70570000
3.10418328 9.71940000
3.12046969 9.75290000
3.13675610 9.79880000
3.15304251 9.84880000
3.16932893 9.89670000
3.18561534 9.93510000
3.20190175 9.95100000
3.21811444 9.93200000
3.23432713 9.88740000
3.25053982 9.83390000
3.26675252 9.78180000
3.28296520 9.73750000
3.29917790 9.70380000
3.31539059 9.67920000
3.33160328 9.66060000
3.34781597 9.64570000
3.36402867 9.63280000
3.38024135 9.62010000
3.39645405 9.60490000
3.41266674 9.58440000
3.42887943 9.55660000
3.44509212 9.52100000
3.46130482 9.48230000
3.47751750 9.45610000
3.49373020 9.45160000
3.50994289 9.44410000
3.52615558 9.41000000
3.54236827 9.36530000
3.55858096 9.32260000
3.57479365 9.28390000
3.59100634 9.25060000
3.60721904 9.22410000
3.62343172 9.20490000
3.63964442 9.19200000
3.65585711 9.18420000
3.67206980 9.18020000
3.68828249 9.17900000

0.00000000 9.68110000
0.01647355 9.67660000
0.03294710 9.66280000
0.04942064 9.65210000
0.06589419 9.66290000
0.08236774 9.69570000
0.09884129 9.74160000
0.11531484 9.79310000
0.13178839 9.84430000
0.14826193 9.89010000
0.16473548 9.92590000
0.18120903 9.94870000
0.19768258 9.96090000
0.21415613 9.97230000
0.23062967 9.99910000
0.24710322 10.04740000
0.26357677 10.10820000
0.28005032 10.17240000
0.29652387 10.19950000
0.31299741 10.14150000
0.32947096 10.07990000
0.34594451 10.01990000
0.36241806 9.96210000
0.37889161 9.90690000
0.39536516 9.85410000
0.41183870 9.80330000
0.42831225 9.75380000
0.44478580 9.70580000
0.46125935 9.66630000
0.47773290 9.66090000
0.49420644 9.69230000
0.51067999 9.73400000
0.52715354 9.75580000
0.54343995 9.75430000
0.55972636 9.75000000
0.57601278 9.74450000
0.59229919 9.73980000
0.60858559 9.73630000
0.62487200 9.73260000
0.64115842 9.72750000
0.65744483 9.72030000
0.67373124 9.71100000
0.69001765 9.70070000
0.70630407 9.69230000
0.72259047 9.69140000
0.73887688 9.70460000
0.75516329 9.72950000
0.77144971 9.74790000
0.78773612 9.73500000
0.80402253 9.70660000
0.82030893 9.69140000
0.83659534 9.68500000
0.85288176 9.67170000
0.86916817 9.64390000
0.88545458 9.60460000
0.90174099 9.56080000
0.91802741 9.52110000
0.93431382 9.49460000
0.95060022 9.48560000
0.96688663 9.49060000
0.98317305 9.50360000
0.99945946 9.52050000
1.01574587 9.53810000
1.03203228 9.55380000
1.04831870 9.56570000
1.06460510 9.57290000
1.08089151 9.57530000
1.09717792 9.57120000
1.11346433 9.56030000
1.12975075 9.54640000
1.14603716 9.53470000
1.16232357 9.52900000
1.17860997 9.53150000
1.19489639 9.54280000
1.21118280 9.56180000
1.22746921 9.58670000
1.24375562 9.61520000
1.26004204 9.64580000
1.27632845 9.67820000
1.29261485 9.71440000
1.30890126 9.75700000
1.32518768 9.80630000
1.34147409 9.85810000
1.35776050 9.90190000
1.37404691 9.91990000
1.39033332 9.90400000
1.40661973 9.86840000
1.42290614 9.82670000
1.43919255 9.78600000
1.45547896 9.75020000
1.47176538 9.72160000
1.48805179 9.70100000
1.50433820 9.68740000
1.52062460 9.67760000
1.53691102 9.66630000
1.55319743 9.64830000
1.56948384 9.63250000
1.58577025 9.63950000
1.60205667 9.65900000
1.61834308 9.67510000
1.63462948 9.68110000
1.65084218 9.67370000
1.66705486 9.65520000
1.68326756 9.63290000
1.69948025 9.61140000
1.71569294 9.59250000
1.73190563 9.57640000
1.74811833 9.56240000
1.76433101 9.55030000
1.78054371 9.53950000
1.79675640 9.53000000
1.81296909 9.52610000
1.82918178 9.53300000
1.84539448 9.53630000
1.86160716 9.53580000
1.87781986 9.53170000
1.89403255 9.52450000
1.91024524 9.51500000
1.92645793 9.51020000
1.94267063 9.51560000
1.95888331 9.52200000
1.97509601 9.52850000
1.99130870 9.53460000
2.00752139 9.53950000
2.02373408 9.54340000
2.03994678 9.54630000
2.05615946 9.54850000
2.07237216 9.55010000
2.08858485 9.55090000
2.10479754 9.55060000
2.12101023 9.54890000
2.13748378 9.55230000
2.15395733 9.56170000
2.17043088 9.57550000
2.18690443 9.59180000
2.20337797 9.60970000
2.21985152 9.62860000
2.23632507 9.64830000
2.25279862 9.66880000
2.26927217 9.68920000
2.28574571 9.70750000
2.30221926 9.72080000
2.31869281 9.72610000
2.33516636 9.72190000
2.35163991 9.70920000
2.36811346 9.68900000
2.38458700 9.66270000
2.40106055 9.63060000
2.41753410 9.59330000
2.43400765 9.55120000
2.45048120 9.50530000
2.46695474 9.45690000
2.48342829 9.40840000
2.49990184 9.36360000
2.51637539 9.32890000
2.53284894 9.31330000
2.54932249 9.32480000
2.56579603 9.36250000
2.58226958 9.41730000
2.59874313 9.47830000
2.61521668 9.53500000
2.63169023 9.57640000
2.64816377 9.59190000
2.66445018 9.64340000
2.68073659 9.68820000
2.69702301 9.72350000
2.71330942 9.74920000
2.72959583 9.76760000
2.74588223 9.78210000
2.76216865 9.79520000
2.77845506 9.80890000
2.79474147 9.82380000
2.81102788 9.84000000
2.82731430 9.85710000
2.84360071 9.87440000
2.85988712 9.89190000
2.87617352 9.90990000
2.89245994 9.92920000
2.90874635 9.95030000
2.92503276 9.97290000
2.94131917 9.99660000
2.95760558 10.02090000
2.97389200 10.04570000
2.99017840 10.07250000
3.00646481 10.10350000
3.02275122 10.13860000
3.03903764 10.17610000
3.05532405 10.21320000
3.07161046 10.24710000
3.08789687 10.27320000
3.10418328 10.28530000
3.12046969 10.27850000
3.13675610 10.25590000
3.15304251 10.22380000
3.16932893 10.18850000
3.18561534 10.15750000
3.20190175 10.14400000
3.21811444 10.15740000
3.23432713 10.18570000
3.25053982 10.21370000
3.26675252 10.23420000
3.28296520 10.24380000
3.29917790 10.24110000
3.31539059 10.22600000
3.33160328 10.19880000
3.34781597 10.16050000
3.36402867 10.11260000
3.38024135 10.05680000
3.39645405 9.99500000
3.41266674 9.92930000
3.42887943 9.86140000
3.44509212 9.79320000
3.46130482 9.72540000
3.47751750 9.65910000
3.49373020 9.59830000
3.50994289 9.55880000
3.52615558 9.55880000
3.54236827 9.58440000
3.55858096 9.62530000
3.57479365 9.67800000
3.59100634 9.73670000
3.60721904 9.73260000
3.62343172 9.68900000
3.63964442 9.64480000
3.65585711 9.60810000
3.67206980 9.58380000
3.68828249 9.57530000

0.00000000 10.02430000
0.01647355 10.02620000
0.03294710 10.03070000
0.04942064 10.04580000
0.06589419 10.07740000
0.08236774 10.12220000
0.09884129 10.17570000
0.11531484 10.23140000
0.13178839 10.27980000
0.14826193 10.31400000
0.16473548 10.33850000
0.18120903 10.36150000
0.19768258 10.38500000
0.21415613 10.40200000
0.23062967 10.40040000
0.24710322 10.37370000
0.26357677 10.32750000
0.28005032 10.27180000
0.29652387 10.24790000
0.31299741 10.30190000
0.32947096 10.34670000
0.34594451 10.36690000
0.36241806 10.35350000
0.37889161 10.30970000
0.39536516 10.24630000
0.41183870 10.17310000
0.42831225 10.09740000
0.44478580 10.02470000
0.46125935 9.95990000
0.47773290 9.90680000
0.49420644 9.86700000
0.51067999 9.83980000
0.52715354 9.82760000
0.54343995 9.83000000
0.55972636 9.83920000
0.57601278 9.85870000
0.59229919 9.89020000
0.60858559 9.93270000
0.62487200 9.98400000
0.64115842 10.04130000
0.65744483 10.10160000
0.67373124 10.16160000
0.69001765 10.21690000
0.70630407 10.25550000
0.72259047 10.23650000
0.73887688 10.14680000
0.75516329 10.04290000
0.77144971 9.96170000
0.78773612 9.93540000
0.80402253 9.95370000
0.82030893 9.98350000
0.83659534 10.01300000
0.85288176 10.04290000
0.86916817 10.07300000
0.88545458 10.09770000
0.90174099 10.11170000
0.91802741 10.11410000
0.93431382 10.10790000
0.95060022 10.09640000
0.96688663 10.08130000
0.98317305 10.06300000
0.99945946 10.04210000
1.01574587 10.02040000
1.03203228 10.00110000
1.04831870 9.98690000
1.06460510 9.97860000
1.08089151 9.97600000
1.09717792 9.98000000
1.11346433 9.99420000
1.12975075 10.02120000
1.14603716 10.05960000
1.16232357 10.10370000
1.17860997 10.12640000
1.19489639 10.11840000
1.21118280 10.10690000
1.22746921 10.09750000
1.24375562 10.09270000
1.26004204 10.09380000
1.27632845 10.10120000
1.29261485 10.11330000
1.30890126 10.12560000
1.32518768 10.13130000
1.34147409 10.12520000
1.35776050 10.11350000
1.37404691 10.11510000
1.39033332 10.13700000
1.40661973 10.15850000
1.42290614 10.16260000
1.43919255 10.15080000
1.45547896 10.12940000
1.47176538 10.10130000
1.48805179 10.06790000
1.50433820 10.03060000
1.52062460 9.99300000
1.53691102 9.96240000
1.55319743 9.94910000
1.56948384 9.95870000
1.58577025 9.98710000
1.60205667 10.02130000
1.61834308 10.02940000
1.63462948 10.02430000
1.65084218 10.03170000
1.66705486 10.04750000
1.68326756 10.06130000
1.69948025 10.04180000
1.71569294 10.01420000
1.73190563 9.98790000
1.74811833 9.96450000
1.76433101 9.94520000
1.78054371 9.93080000
1.79675640 9.92160000
1.81296909 9.91770000
1.82918178 9.91890000
1.84539448 9.92490000
1.86160716 9.93550000
1.87781986 9.95050000
1.89403255 9.96330000
1.91024524 9.92950000
1.92645793 9.89780000
1.94267063 9.87100000
1.95888331 9.85190000
1.97509601 9.84230000
1.99130870 9.84360000
2.00752139 9.85610000
2.02373408 9.87910000
2.03994678 9.91080000
2.05615946 9.94880000
2.07237216 9.99030000
2.08858485 10.03280000
2.10479754 10.07370000
2.12101023 10.11070000
2.13748378 10.11570000
2.15395733 10.12780000
2.17043088 10.13860000
2.18690443 10.13540000
2.20337797 10.11460000
2.21985152 10.08410000
2.23632507 10.05210000
2.25279862 10.02360000
2.26927217 10.00110000
2.28574571 9.98720000
2.30221926 9.98380000
2.31869281 9.99240000
2.33516636 10.01150000
2.35163991 10.03720000
2.36811346 10.06400000
2.38458700 10.08730000
2.40106055 10.10450000
2.41753410 10.11510000
2.43400765 10.12000000
2.45048120 10.12110000
2.46695474 10.11970000
2.48342829 10.11690000
2.49990184 10.11290000
2.51637539 10.10790000
2.53284894 10.10150000
2.54932249 10.09330000
2.56579603 10.08250000
2.58226958 10.06860000
2.59874313 10.05170000
2.61521668 10.03330000
2.63169023 10.01780000
2.64816377 10.01140000
2.66445018 10.01080000
2.68073659 10.00890000
2.69702301 10.00600000
2.71330942 10.00250000
2.72959583 9.99870000
2.74588223 9.99520000
2.76216865 9.99250000
2.77845506 9.99120000
2.79474147 9.99160000
2.81102788 9.99410000
2.82731430 9.99900000
2.84360071 10.00570000
2.85988712 10.01300000
2.87617352 10.01920000
2.89245994 10.02410000
2.90874635 10.03150000
2.92503276 10.04750000
2.94131917 10.07550000
2.95760558 10.11500000
2.97389200 10.16410000
2.99017840 10.22130000
3.00646481 10.28440000
3.02275122 10.34920000
3.03903764 10.40480000
3.05532405 10.43070000
3.07161046 10.43560000
3.08789687 10.43480000
3.10418328 10.43810000
3.12046969 10.45160000
3.13675610 10.47370000
3.15304251 10.49930000
3.16932893 10.52450000
3.18561534 10.54550000
3.20190175 10.55480000
3.21811444 10.55170000
3.23432713 10.54290000
3.25053982 10.52960000
3.26675252 10.51210000
3.28296520 10.49030000
3.29917790 10.46430000
3.31539059 10.43460000
3.33160328 10.40220000
3.34781597 10.36840000
3.36402867 10.33360000
3.38024135 10.29730000
3.39645405 10.25700000
3.41266674 10.20810000
3.42887943 10.14620000
3.44509212 10.07170000
3.46130482 9.99090000
3.47751750 9.91270000
3.49373020 9.84550000
3.50994289 9.79600000
3.52615558 9.76830000
3.54236827 9.76170000
3.55858096 9.76900000
3.57479365 9.77710000
3.59100634 9.77150000
3.60721904 9.80860000
3.62343172 9.87000000
3.63964442 9.92010000
3.65585711 9.95280000
3.67206980 9.97040000
3.68828249 9.97600000

0.00000000 10.11440000
0.01647355 10.08110000
0.03294710 10.07360000
0.04942064 10.10200000
0.06589419 10.14960000
0.08236774 10.20630000
0.09884129 10.26530000
0.11531484 10.32380000
0.13178839 10.38490000
0.14826193 10.45390000
0.16473548 10.52900000
0.18120903 10.60340000
0.19768258 10.66560000
0.21415613 10.69740000
0.23062967 10.70830000
0.24710322 10.71950000
0.26357677 10.72440000
0.28005032 10.71800000
0.29652387 10.70500000
0.31299741 10.68990000
0.32947096 10.67620000
0.34594451 10.66890000
0.36241806 10.67230000
0.37889161 10.68320000
0.39536516 10.69300000
0.41183870 10.69260000
0.42831225 10.67240000
0.44478580 10.62560000
0.46125935 10.55350000
0.47773290 10.46590000
0.49420644 10.37750000
0.51067999 10.30760000
0.52715354 10.27990000
0.54343995 10.28700000
0.55972636 10.30680000
0.57601278 10.33590000
0.59229919 10.37010000
0.60858559 10.40590000
0.62487200 10.44010000
0.64115842 10.46960000
0.65744483 10.49040000
0.67373124 10.49590000
0.69001765 10.47570000
0.70630407 10.42690000
0.72259047 10.39390000
0.73887688 10.40610000
0.75516329 10.42220000
0.77144971 10.42650000
0.78773612 10.41790000
0.80402253 10.40270000
0.82030893 10.39080000
0.83659534 10.38920000
0.85288176 10.39680000
0.86916817 10.40660000
0.88545458 10.41100000
0.90174099 10.40510000
0.91802741 10.38730000
0.93431382 10.35970000
0.95060022 10.32640000
0.96688663 10.29230000
0.98317305 10.26130000
0.99945946 10.23500000
1.01574587 10.21250000
1.03203228 10.19180000
1.04831870 10.17350000
1.06460510 10.16040000
1.08089151 10.15560000
1.09717792 10.15980000
1.11346433 10.16680000
1.12975075 10.16870000
1.14603716 10.16430000
1.16232357 10.15820000
1.17860997 10.17600000
1.19489639 10.22570000
1.21118280 10.27800000
1.22746921 10.32480000
1.24375562 10.36010000
1.26004204 10.37810000
1.27632845 10.37690000
1.29261485 10.36060000
1.30890126 10.33700000
1.32518768 10.31510000
1.34147409 10.30130000
1.35776050 10.29480000
1.37404691 10.29080000
1.39033332 10.28960000
1.40661973 10.29740000
1.42290614 10.31640000
1.43919255 10.33590000
1.45547896 10.34570000
1.47176538 10.34290000
1.48805179 10.32900000
1.50433820 10.30700000
1.52062460 10.27900000
1.53691102 10.24590000
1.55319743 10.20700000
1.56948384 10.16260000
1.58577025 10.11780000
1.60205667 10.08490000
1.61834308 10.09280000
1.63462948 10.11440000
1.65084218 10.10840000
1.66705486 10.09210000
1.68326756 10.06880000
1.69948025 10.06940000
1.71569294 10.07340000
1.73190563 10.07520000
1.74811833 10.07570000
1.76433101 10.07560000
1.78054371 10.07450000
1.79675640 10.07210000
1.81296909 10.06730000
1.82918178 10.05860000
1.84539448 10.04430000
1.86160716 10.02320000
1.87781986 9.99560000
1.89403255 9.96990000
1.91024524 9.99330000
1.92645793 10.02010000
1.94267063 10.04910000
1.95888331 10.07850000
1.97509601 10.10640000
1.99130870 10.13100000
2.00752139 10.15130000
2.02373408 10.16660000
2.03994678 10.17660000
2.05615946 10.18060000
2.07237216 10.17680000
2.08858485 10.16380000
2.10479754 10.14140000
2.12101023 10.11070000
2.13748378 10.11570000
2.15395733 10.12780000
2.17043088 10.13860000
2.18690443 10.13540000
2.20337797 10.11460000
2.21985152 10.08410000
2.23632507 10.05210000
2.25279862 10.02360000
2.26927217 10.00110000
2.28574571 9.98720000
2.30221926 9.98380000
2.31869281 9.99240000
2.33516636 10.01150000
2.35163991 10.03720000
2.36811346 10.06400000
2.38458700 10.08730000
2.40106055 10.10450000
2.41753410 10.11510000
2.43400765 10.12000000
2.45048120 10.12110000
2.46695474 10.11970000
2.48342829 10.11690000
2.49990184 10.11290000
2.51637539 10.10790000
2.53284894 10.10150000
2.54932249 10.09330000
2.56579603 10.08250000
2.58226958 10.06860000
2.59874313 10.05170000
2.61521668 10.03330000
2.63169023 10.01780000
2.64816377 10.01140000
2.66445018 10.01820000
2.68073659 10.03900000
2.69702301 10.07440000
2.71330942 10.12310000
2.72959583 10.18130000
2.74588223 10.24410000
2.76216865 10.30620000
2.77845506 10.36110000
2.79474147 10.40010000
2.81102788 10.41280000
2.82731430 10.39500000
2.84360071 10.35570000
2.85988712 10.31040000
2.87617352 10.27200000
2.89245994 10.24760000
2.90874635 10.23790000
2.92503276 10.24020000
2.94131917 10.25230000
2.95760558 10.27470000
2.97389200 10.30790000
2.99017840 10.34830000
3.00646481 10.38890000
3.02275122 10.42350000
3.03903764 10.45540000
3.05532405 10.50140000
3.07161046 10.55190000
3.08789687 10.59370000
3.10418328 10.62280000
3.12046969 10.63900000
3.13675610 10.64420000
3.15304251 10.64080000
3.16932893 10.63160000
3.18561534 10.62010000
3.20190175 10.61390000
3.21811444 10.61520000
3.23432713 10.61840000
3.25053982 10.62180000
3.26675252 10.62450000
3.28296520 10.62620000
3.29917790 10.62670000
3.31539059 10.62570000
3.33160328 10.62290000
3.34781597 10.61770000
3.36402867 10.60880000
3.38024135 10.59230000
3.39645405 10.55650000
3.41266674 10.49860000
3.42887943 10.44230000
3.44509212 10.39660000
3.46130482 10.35700000
3.47751750 10.31580000
3.49373020 10.26800000
3.50994289 10.21310000
3.52615558 10.15290000
3.54236827 10.09070000
3.55858096 10.03110000
3.57479365 9.98210000
3.59100634 9.95690000
3.60721904 9.96210000
3.62343172 9.98860000
3.63964442 10.03030000
3.65585711 10.08260000
3.67206980 10.13230000
3.68828249 10.15560000

0.00000000 10.15430000
0.01647355 10.21080000
0.03294710 10.29450000
0.04942064 10.38830000
0.06589419 10.48970000
0.08236774 10.58760000
0.09884129 10.64150000
0.11531484 10.65880000
0.13178839 10.67340000
0.14826193 10.69410000
0.16473548 10.71780000
0.18120903 10.73710000
0.19768258 10.74980000
0.21415613 10.76820000
0.23062967 10.79100000
0.24710322 10.81140000
0.26357677 10.84070000
0.28005032 10.87960000
0.29652387 10.91430000
0.31299741 10.93210000
0.32947096 10.93390000
0.34594451 10.93540000
0.36241806 10.95050000
0.37889161 10.98280000
0.39536516 11.02750000
0.41183870 11.07660000
0.42831225 11.12320000
0.44478580 11.16720000
0.46125935 11.21420000
0.47773290 11.26630000
0.49420644 11.31850000
0.51067999 11.35980000
0.52715354 11.37600000
0.54343995 11.36940000
0.55972636 11.35070000
0.57601278 11.32300000
0.59229919 11.28950000
0.60858559 11.25320000
0.62487200 11.21320000
0.64115842 11.14430000
0.65744483 11.03770000
0.67373124 10.92950000
0.69001765 10.84020000
0.70630407 10.78600000
0.72259047 10.76460000
0.73887688 10.76060000
0.75516329 10.76270000
0.77144971 10.76440000
0.78773612 10.76160000
0.80402253 10.75080000
0.82030893 10.73030000
0.83659534 10.70280000
0.85288176 10.67320000
0.86916817 10.64480000
0.88545458 10.61740000
0.90174099 10.58730000
0.91802741 10.55220000
0.93431382 10.51300000
0.95060022 10.47200000
0.96688663 10.43170000
0.98317305 10.39430000
0.99945946 10.36270000
1.01574587 10.33940000
1.03203228 10.32580000
1.04831870 10.32010000
1.06460510 10.31880000
1.08089151 10.31880000
1.09717792 10.32650000
1.11346433 10.35040000
1.12975075 10.38900000
1.14603716 10.43570000
1.16232357 10.48290000
1.17860997 10.52510000
1.19489639 10.55920000
1.21118280 10.58380000
1.22746921 10.60060000
1.24375562 10.61360000
1.26004204 10.62800000
1.27632845 10.64400000
1.29261485 10.64990000
1.30890126 10.63130000
1.32518768 10.59980000
1.34147409 10.57110000
1.35776050 10.55270000
1.37404691 10.54670000
1.39033332 10.55110000
1.40661973 10.56250000
1.42290614 10.57730000
1.43919255 10.59120000
1.45547896 10.59580000
1.47176538 10.58140000
1.48805179 10.54610000
1.50433820 10.49580000
1.52062460 10.43810000
1.53691102 10.37920000
1.55319743 10.32420000
1.56948384 10.27690000
1.58577025 10.23720000
1.60205667 10.20330000
1.61834308 10.17350000
1.63462948 10.15430000
1.65084218 10.16000000
1.66705486 10.17890000
1.68326756 10.21200000
1.69948025 10.25510000
1.71569294 10.30150000
1.73190563 10.34630000
1.74811833 10.38700000
1.76433101 10.41330000
1.78054371 10.40230000
1.79675640 10.38970000
1.81296909 10.37670000
1.82918178 10.36400000
1.84539448 10.35240000
1.86160716 10.34250000
1.87781986 10.33470000
1.89403255 10.32940000
1.91024524 10.32690000
1.92645793 10.32760000
1.94267063 10.33160000
1.95888331 10.33940000
1.97509601 10.35060000
1.99130870 10.36430000
2.00752139 10.37830000
2.02373408 10.39000000
2.03994678 10.39770000
2.05615946 10.40200000
2.07237216 10.40560000
2.08858485 10.41210000
2.10479754 10.42360000
2.12101023 10.44020000
2.13748378 10.42840000
2.15395733 10.40190000
2.17043088 10.37900000
2.18690443 10.37640000
2.20337797 10.39760000
2.21985152 10.43190000
2.23632507 10.46780000
2.25279862 10.49860000
2.26927217 10.52150000
2.28574571 10.53650000
2.30221926 10.54520000
2.31869281 10.55060000
2.33516636 10.55600000
2.35163991 10.56540000
2.36811346 10.58300000
2.38458700 10.61220000
2.40106055 10.65510000
2.41753410 10.71140000
2.43400765 10.77890000
2.45048120 10.85470000
2.46695474 10.93540000
2.48342829 11.01680000
2.49990184 11.09350000
2.51637539 11.15550000
2.53284894 11.18680000
2.54932249 11.17440000
2.56579603 11.12790000
2.58226958 11.06700000
2.59874313 11.00660000
2.61521668 10.95640000
2.63169023 10.92330000
2.64816377 10.91180000
2.66445018 10.91200000
2.68073659 10.91460000
2.69702301 10.91850000
2.71330942 10.92180000
2.72959583 10.92200000
2.74588223 10.91590000
2.76216865 10.90020000
2.77845506 10.87440000
2.79474147 10.84530000
2.81102788 10.82650000
2.82731430 10.82740000
2.84360071 10.84320000
2.85988712 10.85940000
2.87617352 10.86090000
2.89245994 10.84180000
2.90874635 10.81060000
2.92503276 10.77890000
2.94131917 10.75370000
2.95760558 10.73840000
2.97389200 10.73490000
2.99017840 10.74470000
3.00646481 10.77000000
3.02275122 10.81170000
3.03903764 10.86790000
3.05532405 10.93240000
3.07161046 10.99760000
3.08789687 11.05750000
3.10418328 11.11100000
3.12046969 11.16040000
3.13675610 11.20700000
3.15304251 11.25010000
3.16932893 11.28750000
3.18561534 11.31530000
3.20190175 11.32630000
3.21811444 11.31530000
3.23432713 11.28740000
3.25053982 11.24890000
3.26675252 11.20200000
3.28296520 11.14740000
3.29917790 11.08550000
3.31539059 11.01650000
3.33160328 10.94100000
3.34781597 10.86030000
3.36402867 10.77700000
3.38024135 10.69750000
3.39645405 10.63790000
3.41266674 10.60690000
3.42887943 10.58680000
3.44509212 10.57010000
3.46130482 10.55730000
3.47751750 10.55090000
3.49373020 10.55210000
3.50994289 10.55880000
3.52615558 10.56610000
3.54236827 10.56800000
3.55858096 10.56050000
3.57479365 10.54380000
3.59100634 10.52000000
3.60721904 10.49080000
3.62343172 10.45680000
3.63964442 10.41850000
3.65585711 10.37710000
3.67206980 10.33800000
3.68828249 10.31880000

0.00000000 10.40360000
0.01647355 10.42520000
0.03294710 10.48080000
0.04942064 10.54990000
0.06589419 10.61300000
0.08236774 10.66540000
0.09884129 10.74360000
0.11531484 10.84590000
0.13178839 10.94270000
0.14826193 11.02250000
0.16473548 11.06250000
0.18120903 11.04260000
0.19768258 11.02530000
0.21415613 11.03690000
0.23062967 11.08190000
0.24710322 11.15150000
0.26357677 11.23310000
0.28005032 11.30540000
0.29652387 11.28570000
0.31299741 11.28520000
0.32947096 11.31730000
0.34594451 11.37200000
0.36241806 11.43610000
0.37889161 11.43560000
0.39536516 11.41750000
0.41183870 11.40310000
0.42831225 11.40390000
0.44478580 11.42690000
0.46125935 11.46650000
0.47773290 11.51120000
0.49420644 11.55170000
0.51067999 11.58250000
0.52715354 11.59540000
0.54343995 11.58530000
0.55972636 11.55640000
0.57601278 11.51050000
0.59229919 11.44790000
0.60858559 11.36890000
0.62487200 11.27890000
0.64115842 11.20900000
0.65744483 11.17580000
0.67373124 11.15380000
0.69001765 11.13740000
0.70630407 11.12240000
0.72259047 11.10180000
0.73887688 11.06800000
0.75516329 11.02520000
0.77144971 10.98530000
0.78773612 10.95530000
0.80402253 10.93550000
0.82030893 10.91970000
0.83659534 10.89910000
0.85288176 10.87260000
0.86916817 10.84870000
0.88545458 10.83810000
0.90174099 10.84860000
0.91802741 10.87960000
0.93431382 10.91850000
0.95060022 10.94390000
0.96688663 10.94180000
0.98317305 10.91830000
0.99945946 10.88500000
1.01574587 10.84960000
1.03203228 10.81680000
1.04831870 10.79010000
1.06460510 10.77270000
1.08089151 10.76660000
1.09717792 10.76870000
1.11346433 10.77480000
1.12975075 10.78410000
1.14603716 10.79520000
1.16232357 10.80720000
1.17860997 10.81930000
1.19489639 10.83040000
1.21118280 10.83900000
1.22746921 10.84130000
1.24375562 10.83300000
1.26004204 10.81240000
1.27632845 10.78510000
1.29261485 10.76750000
1.30890126 10.77700000
1.32518768 10.80490000
1.34147409 10.83910000
1.35776050 10.87490000
1.37404691 10.91000000
1.39033332 10.94230000
1.40661973 10.96770000
1.42290614 10.97880000
1.43919255 10.96760000
1.45547896 10.93940000
1.47176538 10.90620000
1.48805179 10.86830000
1.50433820 10.82370000
1.52062460 10.77260000
1.53691102 10.71610000
1.55319743 10.65500000
1.56948384 10.59090000
1.58577025 10.52630000
1.60205667 10.46670000
1.61834308 10.42130000
1.63462948 10.40360000
1.65084218 10.40630000
1.66705486 10.41310000
1.68326756 10.42090000
1.69948025 10.42680000
1.71569294 10.42920000
1.73190563 10.42760000
1.74811833 10.42210000
1.76433101 10.42190000
1.78054371 10.44970000
1.79675640 10.46920000
1.81296909 10.47850000
1.82918178 10.47680000
1.84539448 10.46630000
1.86160716 10.45310000
1.87781986 10.44340000
1.89403255 10.44060000
1.91024524 10.44500000
1.92645793 10.45530000
1.94267063 10.46980000
1.95888331 10.48640000
1.97509601 10.50320000
1.99130870 10.51820000
2.00752139 10.52930000
2.02373408 10.53450000
2.03994678 10.53190000
2.05615946 10.52140000
2.07237216 10.50410000
2.08858485 10.48290000
2.10479754 10.46070000
2.12101023 10.44020000
2.13748378 10.42840000
2.15395733 10.40190000
2.17043088 10.37900000
2.18690443 10.37640000
2.20337797 10.39760000
2.21985152 10.43190000
2.23632507 10.46780000
2.25279862 10.49860000
2.26927217 10.52150000
2.28574571 10.53650000
2.30221926 10.54520000
2.31869281 10.55060000
2.33516636 10.55600000
2.35163991 10.56540000
2.36811346 10.58300000
2.38458700 10.61220000
2.40106055 10.65510000
2.41753410 10.71140000
2.43400765 10.77890000
2.45048120 10.85470000
2.46695474 10.93540000
2.48342829 11.01680000
2.49990184 11.09350000
2.51637539 11.15550000
2.53284894 11.18680000
2.54932249 11.17440000
2.56579603 11.12790000
2.58226958 11.06700000
2.59874313 11.00660000
2.61521668 10.95640000
2.63169023 10.92330000
2.64816377 10.91180000
2.66445018 10.91500000
2.68073659 10.92210000
2.69702301 10.93330000
2.71330942 10.94830000
2.72959583 10.96670000
2.74588223 10.98810000
2.76216865 11.01180000
2.77845506 11.03710000
2.79474147 11.06250000
2.81102788 11.08540000
2.82731430 11.10070000
2.84360071 11.10090000
2.85988712 11.08720000
2.87617352 11.07620000
2.89245994 11.08070000
2.90874635 11.09510000
2.92503276 11.10370000
2.94131917 11.10100000
2.95760558 11.09640000
2.97389200 11.09450000
2.99017840 11.09610000
3.00646481 11.10110000
3.02275122 11.10960000
3.03903764 11.12320000
3.05532405 11.14470000
3.07161046 11.17800000
3.08789687 11.22530000
3.10418328 11.28250000
3.12046969 11.34020000
3.13675610 11.38750000
3.15304251 11.41630000
3.16932893 11.42580000
3.18561534 11.42370000
3.20190175 11.42080000
3.21811444 11.42680000
3.23432713 11.43950000
3.25053982 11.45260000
3.26675252 11.46340000
3.28296520 11.46960000
3.29917790 11.46580000
3.31539059 11.44230000
3.33160328 11.39870000
3.34781597 11.34200000
3.36402867 11.27680000
3.38024135 11.20650000
3.39645405 11.13370000
3.41266674 11.06130000
3.42887943 10.99210000
3.44509212 10.92850000
3.46130482 10.87250000
3.47751750 10.82530000
3.49373020 10.78720000
3.50994289 10.75820000
3.52615558 10.73900000
3.54236827 10.73120000
3.55858096 10.73430000
3.57479365 10.74410000
3.59100634 10.75520000
3.60721904 10.76390000
3.62343172 10.76870000
3.63964442 10.76990000
3.65585711 10.76880000
3.67206980 10.76720000
3.68828249 10.76660000

0.00000000 10.87250000
0.01647355 10.87950000
0.03294710 10.90050000
0.04942064 10.93600000
0.06589419 10.98510000
0.08236774 11.04190000
0.09884129 11.09950000
0.11531484 11.16110000
0.13178839 11.18910000
0.14826193 11.16130000
0.16473548 11.14600000
0.18120903 11.18800000
0.19768258 11.24560000
0.21415613 11.30790000
0.23062967 11.37110000
0.24710322 11.39970000
0.26357677 11.36330000
0.28005032 11.33260000
0.29652387 11.40330000
0.31299741 11.46130000
0.32947096 11.47450000
0.34594451 11.46690000
0.36241806 11.45610000
0.37889161 11.51110000
0.39536516 11.58200000
0.41183870 11.65000000
0.42831225 11.66370000
0.44478580 11.67030000
0.46125935 11.68360000
0.47773290 11.70170000
0.49420644 11.72060000
0.51067999 11.73220000
0.52715354 11.73350000
0.54343995 11.73180000
0.55972636 11.72410000
0.57601278 11.70770000
0.59229919 11.68310000
0.60858559 11.65130000
0.62487200 11.61120000
0.64115842 11.56190000
0.65744483 11.50420000
0.67373124 11.44010000
0.69001765 11.37280000
0.70630407 11.30720000
0.72259047 11.25200000
0.73887688 11.21650000
0.75516329 11.19710000
0.77144971 11.17940000
0.78773612 11.15310000
0.80402253 11.11990000
0.82030893 11.09200000
0.83659534 11.08110000
0.85288176 11.08890000
0.86916817 11.10850000
0.88545458 11.13320000
0.90174099 11.15600000
0.91802741 11.16990000
0.93431382 11.17830000
0.95060022 11.19890000
0.96688663 11.24300000
0.98317305 11.29790000
0.99945946 11.34190000
1.01574587 11.36630000
1.03203228 11.37810000
1.04831870 11.38390000
1.06460510 11.38660000
1.08089151 11.38740000
1.09717792 11.38410000
1.11346433 11.37410000
1.12975075 11.35760000
1.14603716 11.33490000
1.16232357 11.30640000
1.17860997 11.27320000
1.19489639 11.23760000
1.21118280 11.20270000
1.22746921 11.17320000
1.24375562 11.15380000
1.26004204 11.14680000
1.27632845 11.15030000
1.29261485 11.15960000
1.30890126 11.17040000
1.32518768 11.18010000
1.34147409 11.18670000
1.35776050 11.18930000
1.37404691 11.18630000
1.39033332 11.17280000
1.40661973 11.13900000
1.42290614 11.09600000
1.43919255 11.06370000
1.45547896 11.04840000
1.47176538 11.04990000
1.48805179 11.06910000
1.50433820 11.09440000
1.52062460 11.09230000
1.53691102 11.05350000
1.55319743 11.00510000
1.56948384 10.95980000
1.58577025 10.92220000
1.60205667 10.89470000
1.61834308 10.87810000
1.63462948 10.87250000
1.65084218 10.87660000
1.66705486 10.88880000
1.68326756 10.90870000
1.69948025 10.93550000
1.71569294 10.96730000
1.73190563 10.99910000
1.74811833 11.01540000
1.76433101 10.99100000
1.78054371 10.93670000
1.79675640 10.87690000
1.81296909 10.82390000
1.82918178 10.78460000
1.84539448 10.76110000
1.86160716 10.75070000
1.87781986 10.74830000
1.89403255 10.75000000
1.91024524 10.75290000
1.92645793 10.75550000
1.94267063 10.75670000
1.95888331 10.75610000
1.97509601 10.75320000
1.99130870 10.74830000
2.00752139 10.74210000
2.02373408 10.73610000
2.03994678 10.73250000
2.05615946 10.73340000
2.07237216 10.73980000
2.08858485 10.75130000
2.10479754 10.76700000
2.12101023 10.78460000
2.13748378 10.79980000
2.15395733 10.83630000
2.17043088 10.87550000
2.18690443 10.90450000
2.20337797 10.92730000
2.21985152 10.95220000
2.23632507 10.98400000
2.25279862 11.02410000
2.26927217 11.07250000
2.28574571 11.12850000
2.30221926 11.19050000
2.31869281 11.25710000
2.33516636 11.32640000
2.35163991 11.39640000
2.36811346 11.46470000
2.38458700 11.52830000
2.40106055 11.58380000
2.41753410 11.62720000
2.43400765 11.65510000
2.45048120 11.66500000
2.46695474 11.65690000
2.48342829 11.63310000
2.49990184 11.59900000
2.51637539 11.56570000
2.53284894 11.55100000
2.54932249 11.57000000
2.56579603 11.61570000
2.58226958 11.67060000
2.59874313 11.72280000
2.61521668 11.76470000
2.63169023 11.79170000
2.64816377 11.80100000
2.66445018 11.76310000
2.68073659 11.71060000
2.69702301 11.64570000
2.71330942 11.57200000
2.72959583 11.49450000
2.74588223 11.41960000
2.76216865 11.35410000
2.77845506 11.30370000
2.79474147 11.26920000
2.81102788 11.24620000
2.82731430 11.22980000
2.84360071 11.21820000
2.85988712 11.20890000
2.87617352 11.19610000
2.89245994 11.18000000
2.90874635 11.16730000
2.92503276 11.17020000
2.94131917 11.19310000
2.95760558 11.22620000
2.97389200 11.26460000
2.99017840 11.30710000
3.00646481 11.35320000
3.02275122 11.40260000
3.03903764 11.45430000
3.05532405 11.50620000
3.07161046 11.55020000
3.08789687 11.56840000
3.10418328 11.57350000
3.12046969 11.57770000
3.13675610 11.58590000
3.15304251 11.60070000
3.16932893 11.61940000
3.18561534 11.63440000
3.20190175 11.64010000
3.21811444 11.63710000
3.23432713 11.62830000
3.25053982 11.61370000
3.26675252 11.59370000
3.28296520 11.56980000
3.29917790 11.54700000
3.31539059 11.53430000
3.33160328 11.53220000
3.34781597 11.53420000
3.36402867 11.53710000
3.38024135 11.53960000
3.39645405 11.53970000
3.41266674 11.53220000
3.42887943 11.51470000
3.44509212 11.49290000
3.46130482 11.47090000
3.47751750 11.45000000
3.49373020 11.43060000
3.50994289 11.41290000
3.52615558 11.39730000
3.54236827 11.38450000
3.55858096 11.37500000
3.57479365 11.36960000
3.59100634 11.36810000
3.60721904 11.37010000
3.62343172 11.37440000
3.63964442 11.37930000
3.65585711 11.38360000
3.67206980 11.38650000
3.68828249 11.38740000

0.00000000 11.21620000
0.01647355 11.19360000
0.03294710 11.15220000
0.04942064 11.11730000
0.06589419 11.10290000
0.08236774 11.11980000
0.09884129 11.16410000
0.11531484 11.20500000
0.13178839 11.25190000
0.14826193 11.32890000
0.16473548 11.40030000
0.18120903 11.45160000
0.19768258 11.48010000
0.21415613 11.48490000
0.23062967 11.46820000
0.24710322 11.46850000
0.26357677 11.51080000
0.28005032 11.53000000
0.29652387 11.53360000
0.31299741 11.54700000
0.32947096 11.59230000
0.34594451 11.64080000
0.36241806 11.67110000
0.37889161 11.67910000
0.39536516 11.67300000
0.41183870 11.66580000
0.42831225 11.71390000
0.44478580 11.77010000
0.46125935 11.81680000
0.47773290 11.84980000
0.49420644 11.85990000
0.51067999 11.84640000
0.52715354 11.83760000
0.54343995 11.83770000
0.55972636 11.83720000
0.57601278 11.83160000
0.59229919 11.81220000
0.60858559 11.77800000
0.62487200 11.73850000
0.64115842 11.70160000
0.65744483 11.66970000
0.67373124 11.64190000
0.69001765 11.61640000
0.70630407 11.59190000
0.72259047 11.56730000
0.73887688 11.54050000
0.75516329 11.49870000
0.77144971 11.46260000
0.78773612 11.43890000
0.80402253 11.42160000
0.82030893 11.40500000
0.83659534 11.38930000
0.85288176 11.37640000
0.86916817 11.36820000
0.88545458 11.36550000
0.90174099 11.37060000
0.91802741 11.38830000
0.93431382 11.41150000
0.95060022 11.42600000
0.96688663 11.43850000
0.98317305 11.45880000
0.99945946 11.49630000
1.01574587 11.55090000
1.03203228 11.60930000
1.04831870 11.65910000
1.06460510 11.69260000
1.08089151 11.70430000
1.09717792 11.70120000
1.11346433 11.69410000
1.12975075 11.68740000
1.14603716 11.68370000
1.16232357 11.67500000
1.17860997 11.63480000
1.19489639 11.57930000
1.21118280 11.52450000
1.22746921 11.47630000
1.24375562 11.43790000
1.26004204 11.41050000
1.27632845 11.39340000
1.29261485 11.38340000
1.30890126 11.37550000
1.32518768 11.36420000
1.34147409 11.34460000
1.35776050 11.31420000
1.37404691 11.27480000
1.39033332 11.23530000
1.40661973 11.21250000
1.42290614 11.20730000
1.43919255 11.21280000
1.45547896 11.22330000
1.47176538 11.22870000
1.48805179 11.21980000
1.50433820 11.19970000
1.52062460 11.19630000
1.53691102 11.21580000
1.55319743 11.22770000
1.56948384 11.22550000
1.58577025 11.21860000
1.60205667 11.21480000
1.61834308 11.21510000
1.63462948 11.21620000
1.65084218 11.22370000
1.66705486 11.24610000
1.68326756 11.28200000
1.69948025 11.32490000
1.71569294 11.27640000
1.73190563 11.22350000
1.74811833 11.18560000
1.76433101 11.19080000
1.78054371 11.23070000
1.79675640 11.28320000
1.81296909 11.23620000
1.82918178 11.18620000
1.84539448 11.14160000
1.86160716 11.10250000
1.87781986 11.06880000
1.89403255 11.03960000
1.91024524 11.01320000
1.92645793 10.98710000
1.94267063 10.95850000
1.95888331 10.92650000
1.97509601 10.89350000
1.99130870 10.86290000
2.00752139 10.83800000
2.02373408 10.82100000
2.03994678 10.81280000
2.05615946 10.81150000
2.07237216 10.81300000
2.08858485 10.81090000
2.10479754 10.80090000
2.12101023 10.78460000
2.13748378 10.79980000
2.15395733 10.83630000
2.17043088 10.87550000
2.18690443 10.90450000
2.20337797 10.92730000
2.21985152 10.95220000
2.23632507 10.98400000
2.25279862 11.02410000
2.26927217 11.07250000
2.28574571 11.12850000
2.30221926 11.19050000
2.31869281 11.25710000
2.33516636 11.32640000
2.35163991 11.39640000
2.36811346 11.46470000
2.38458700 11.52830000
2.40106055 11.58380000
2.41753410 11.62720000
2.43400765 11.65510000
2.45048120 11.66500000
2.46695474 11.65690000
2.48342829 11.63310000
2.49990184 11.59900000
2.51637539 11.56570000
2.53284894 11.55100000
2.54932249 11.57000000
2.56579603 11.61570000
2.58226958 11.67060000
2.59874313 11.72280000
2.61521668 11.76470000
2.63169023 11.79170000
2.64816377 11.80100000
2.66445018 11.82320000
2.68073659 11.82960000
2.69702301 11.82060000
2.71330942 11.79750000
2.72959583 11.76150000
2.74588223 11.71460000
2.76216865 11.65890000
2.77845506 11.59720000
2.79474147 11.53320000
2.81102788 11.47240000
2.82731430 11.42170000
2.84360071 11.38950000
2.85988712 11.38040000
2.87617352 11.39200000
2.89245994 11.41640000
2.90874635 11.44590000
2.92503276 11.47530000
2.94131917 11.50170000
2.95760558 11.52350000
2.97389200 11.54060000
2.99017840 11.55350000
3.00646481 11.56290000
3.02275122 11.56990000
3.03903764 11.57540000
3.05532405 11.58100000
3.07161046 11.59370000
3.08789687 11.63040000
3.10418328 11.67740000
3.12046969 11.72260000
3.13675610 11.76320000
3.15304251 11.79780000
3.16932893 11.82500000
3.18561534 11.84270000
3.20190175 11.84890000
3.21811444 11.84780000
3.23432713 11.84420000
3.25053982 11.83830000
3.26675252 11.82940000
3.28296520 11.81650000
3.29917790 11.79780000
3.31539059 11.77200000
3.33160328 11.73990000
3.34781597 11.70430000
3.36402867 11.66860000
3.38024135 11.63550000
3.39645405 11.60840000
3.41266674 11.59340000
3.42887943 11.59280000
3.44509212 11.60060000
3.46130482 11.61200000
3.47751750 11.62500000
3.49373020 11.63820000
3.50994289 11.65060000
3.52615558 11.66180000
3.54236827 11.67120000
3.55858096 11.67870000
3.57479365 11.68460000
3.59100634 11.68900000
3.60721904 11.69260000
3.62343172 11.69580000
3.63964442 11.69880000
3.65585711 11.70160000
3.67206980 11.70360000
3.68828249 11.70430000

0.00000000 11.37030000
0.01647355 11.39670000
0.03294710 11.44860000
0.04942064 11.48950000
0.06589419 11.49390000
0.08236774 11.47970000
0.09884129 11.45950000
0.11531484 11.44540000
0.13178839 11.45050000
0.14826193 11.46910000
0.16473548 11.49260000
0.18120903 11.51760000
0.19768258 11.53770000
0.21415613 11.55290000
0.23062967 11.56710000
0.24710322 11.58230000
0.26357677 11.61060000
0.28005032 11.66900000
0.29652387 11.74370000
0.31299741 11.81980000
0.32947096 11.88890000
0.34594451 11.94460000
0.36241806 11.98540000
0.37889161 12.01670000
0.39536516 12.04270000
0.41183870 12.06150000
0.42831225 12.06940000
0.44478580 12.06340000
0.46125935 12.04220000
0.47773290 12.00950000
0.49420644 11.98110000
0.51067999 11.97470000
0.52715354 11.97710000
0.54343995 11.97200000
0.55972636 11.95620000
0.57601278 11.93180000
0.59229919 11.90690000
0.60858559 11.88510000
0.62487200 11.86090000
0.64115842 11.82940000
0.65744483 11.78980000
0.67373124 11.74380000
0.69001765 11.69440000
0.70630407 11.64410000
0.72259047 11.59450000
0.73887688 11.54850000
0.75516329 11.52330000
0.77144971 11.50800000
0.78773612 11.50620000
0.80402253 11.52330000
0.82030893 11.54570000
0.83659534 11.53790000
0.85288176 11.51210000
0.86916817 11.48460000
0.88545458 11.46250000
0.90174099 11.45030000
0.91802741 11.45100000
0.93431382 11.47300000
0.95060022 11.52290000
0.96688663 11.58660000
0.98317305 11.65240000
0.99945946 11.71330000
1.01574587 11.76470000
1.03203228 11.80390000
1.04831870 11.83040000
1.06460510 11.84520000
1.08089151 11.84980000
1.09717792 11.84610000
1.11346433 11.83250000
1.12975075 11.80510000
1.14603716 11.76560000
1.16232357 11.72790000
1.17860997 11.72280000
1.19489639 11.73610000
1.21118280 11.75240000
1.22746921 11.76690000
1.24375562 11.77720000
1.26004204 11.78280000
1.27632845 11.78430000
1.29261485 11.78240000
1.30890126 11.77780000
1.32518768 11.77070000
1.34147409 11.75980000
1.35776050 11.74400000
1.37404691 11.72240000
1.39033332 11.69590000
1.40661973 11.66590000
1.42290614 11.63430000
1.43919255 11.60250000
1.45547896 11.57220000
1.47176538 11.54570000
1.48805179 11.52120000
1.50433820 11.48920000
1.52062460 11.45240000
1.53691102 11.42260000
1.55319743 11.40950000
1.56948384 11.41080000
1.58577025 11.41060000
1.60205667 11.39760000
1.61834308 11.37890000
1.63462948 11.37030000
1.65084218 11.37210000
1.66705486 11.37230000
1.68326756 11.35860000
1.69948025 11.32880000
1.71569294 11.38140000
1.73190563 11.42850000
1.74811833 11.44140000
1.76433101 11.40290000
1.78054371 11.34740000
1.79675640 11.29050000
1.81296909 11.33800000
1.82918178 11.38900000
1.84539448 11.37830000
1.86160716 11.32900000
1.87781986 11.27910000
1.89403255 11.23010000
1.91024524 11.18430000
1.92645793 11.14500000
1.94267063 11.11550000
1.95888331 11.09690000
1.97509601 11.08680000
1.99130870 11.08070000
2.00752139 11.07300000
2.02373408 11.05820000
2.03994678 11.03410000
2.05615946 11.00460000
2.07237216 10.97710000
2.08858485 10.95930000
2.10479754 10.95600000
2.12101023 10.96540000
2.13748378 10.96720000
2.15395733 10.97560000
2.17043088 10.99960000
2.18690443 11.04730000
2.20337797 11.11330000
2.21985152 11.18950000
2.23632507 11.27180000
2.25279862 11.35810000
2.26927217 11.44670000
2.28574571 11.53580000
2.30221926 11.62320000
2.31869281 11.70710000
2.33516636 11.78620000
2.35163991 11.85950000
2.36811346 11.92710000
2.38458700 11.98960000
2.40106055 12.04850000
2.41753410 12.10540000
2.43400765 12.16180000
2.45048120 12.21860000
2.46695474 12.27510000
2.48342829 12.33030000
2.49990184 12.38240000
2.51637539 12.43050000
2.53284894 12.47410000
2.54932249 12.51340000
2.56579603 12.54920000
2.58226958 12.58270000
2.59874313 12.61450000
2.61521668 12.64420000
2.63169023 12.66790000
2.64816377 12.67760000
2.66445018 12.62190000
2.68073659 12.55360000
2.69702301 12.47690000
2.71330942 12.39450000
2.72959583 12.30870000
2.74588223 12.22150000
2.76216865 12.13470000
2.77845506 12.05010000
2.79474147 11.97010000
2.81102788 11.89710000
2.82731430 11.83400000
2.84360071 11.78330000
2.85988712 11.74710000
2.87617352 11.72550000
2.89245994 11.71710000
2.90874635 11.71920000
2.92503276 11.72940000
2.94131917 11.74560000
2.95760558 11.76670000
2.97389200 11.79200000
2.99017840 11.82140000
3.00646481 11.85470000
3.02275122 11.89170000
3.03903764 11.93170000
3.05532405 11.97400000
3.07161046 12.01760000
3.08789687 12.06180000
3.10418328 12.10570000
3.12046969 12.14840000
3.13675610 12.18920000
3.15304251 12.22770000
3.16932893 12.26320000
3.18561534 12.29400000
3.20190175 12.31010000
3.21811444 12.27760000
3.23432713 12.22370000
3.25053982 12.16620000
3.26675252 12.10960000
3.28296520 12.05740000
3.29917790 12.01340000
3.31539059 11.98070000
3.33160328 11.96010000
3.34781597 11.94910000
3.36402867 11.94450000
3.38024135 11.94370000
3.39645405 11.94460000
3.41266674 11.94610000
3.42887943 11.94740000
3.44509212 11.94810000
3.46130482 11.94780000
3.47751750 11.94630000
3.49373020 11.94360000
3.50994289 11.93950000
3.52615558 11.93400000
3.54236827 11.92710000
3.55858096 11.91880000
3.57479365 11.90950000
3.59100634 11.89930000
3.60721904 11.88840000
3.62343172 11.87730000
3.63964442 11.86680000
3.65585711 11.85790000
3.67206980 11.85190000
3.68828249 11.84980000

0.00000000 11.54540000
0.01647355 11.54470000
0.03294710 11.54450000
0.04942064 11.55720000
0.06589419 11.59560000
0.08236774 11.62880000
0.09884129 11.64230000
0.11531484 11.65370000
0.13178839 11.68330000
0.14826193 11.73480000
0.16473548 11.80070000
0.18120903 11.87640000
0.19768258 11.95790000
0.21415613 12.03650000
0.23062967 12.10370000
0.24710322 12.15500000
0.26357677 12.19000000
0.28005032 12.21070000
0.29652387 12.22070000
0.31299741 12.22490000
0.32947096 12.23060000
0.34594451 12.24710000
0.36241806 12.28080000
0.37889161 12.32680000
0.39536516 12.37120000
0.41183870 12.39580000
0.42831225 12.38440000
0.44478580 12.33700000
0.46125935 12.27090000
0.47773290 12.20390000
0.49420644 12.14690000
0.51067999 12.10590000
0.52715354 12.08980000
0.54343995 12.09090000
0.55972636 12.09630000
0.57601278 12.10800000
0.59229919 12.12430000
0.60858559 12.14060000
0.62487200 12.14950000
0.64115842 12.14110000
0.65744483 12.10810000
0.67373124 12.05330000
0.69001765 11.98480000
0.70630407 11.91070000
0.72259047 11.83860000
0.73887688 11.77500000
0.75516329 11.72330000
0.77144971 11.68290000
0.78773612 11.65050000
0.80402253 11.62420000
0.82030893 11.61200000
0.83659534 11.63300000
0.85288176 11.65390000
0.86916817 11.66340000
0.88545458 11.67670000
0.90174099 11.70030000
0.91802741 11.73480000
0.93431382 11.77840000
0.95060022 11.82790000
0.96688663 11.88030000
0.98317305 11.93310000
0.99945946 11.98500000
1.01574587 12.03490000
1.03203228 12.08100000
1.04831870 12.11970000
1.06460510 12.14610000
1.08089151 12.15550000
1.09717792 12.15800000
1.11346433 12.16640000
1.12975075 12.18070000
1.14603716 12.19740000
1.16232357 12.21190000
1.17860997 12.22140000
1.19489639 12.22510000
1.21118280 12.22230000
1.22746921 12.21200000
1.24375562 12.19290000
1.26004204 12.16500000
1.27632845 12.12920000
1.29261485 12.08780000
1.30890126 12.04420000
1.32518768 12.00220000
1.34147409 11.96480000
1.35776050 11.93140000
1.37404691 11.89640000
1.39033332 11.85420000
1.40661973 11.80540000
1.42290614 11.75390000
1.43919255 11.70300000
1.45547896 11.65570000
1.47176538 11.61550000
1.48805179 11.58970000
1.50433820 11.58920000
1.52062460 11.60750000
1.53691102 11.62900000
1.55319743 11.63380000
1.56948384 11.60720000
1.58577025 11.57200000
1.60205667 11.55180000
1.61834308 11.54600000
1.63462948 11.54540000
1.65084218 11.54470000
1.66705486 11.54830000
1.68326756 11.56980000
1.69948025 11.61730000
1.71569294 11.62300000
1.73190563 11.57200000
1.74811833 11.54240000
1.76433101 11.54140000
1.78054371 11.53190000
1.79675640 11.50590000
1.81296909 11.46900000
1.82918178 11.42550000
1.84539448 11.43090000
1.86160716 11.45880000
1.87781986 11.46930000
1.89403255 11.46160000
1.91024524 11.43800000
1.92645793 11.40200000
1.94267063 11.35770000
1.95888331 11.30860000
1.97509601 11.25830000
1.99130870 11.20960000
2.00752139 11.16460000
2.02373408 11.12420000
2.03994678 11.08870000
2.05615946 11.05740000
2.07237216 11.02960000
2.08858485 11.00460000
2.10479754 10.98270000
2.12101023 10.96540000
2.13748378 10.96720000
2.15395733 10.97560000
2.17043088 10.99960000
2.18690443 11.04730000
2.20337797 11.11330000
2.21985152 11.18950000
2.23632507 11.27180000
2.25279862 11.35810000
2.26927217 11.44670000
2.28574571 11.53580000
2.30221926 11.62320000
2.31869281 11.70710000
2.33516636 11.78620000
2.35163991 11.85950000
2.36811346 11.92710000
2.38458700 11.98960000
2.40106055 12.04850000
2.41753410 12.10540000
2.43400765 12.16180000
2.45048120 12.21860000
2.46695474 12.27510000
2.48342829 12.33030000
2.49990184 12.38240000
2.51637539 12.43050000
2.53284894 12.47410000
2.54932249 12.51340000
2.56579603 12.54920000
2.58226958 12.58270000
2.59874313 12.61450000
2.61521668 12.64420000
2.63169023 12.66790000
2.64816377 12.67760000
2.66445018 12.71480000
2.68073659 12.72210000
2.69702301 12.69740000
2.71330942 12.65820000
2.72959583 12.61330000
2.74588223 12.56510000
2.76216865 12.51450000
2.77845506 12.46230000
2.79474147 12.40890000
2.81102788 12.35510000
2.82731430 12.30180000
2.84360071 12.25000000
2.85988712 12.20140000
2.87617352 12.15780000
2.89245994 12.12100000
2.90874635 12.09300000
2.92503276 12.07550000
2.94131917 12.06920000
2.95760558 12.07440000
2.97389200 12.09020000
2.99017840 12.11530000
3.00646481 12.14800000
3.02275122 12.18670000
3.03903764 12.22950000
3.05532405 12.27480000
3.07161046 12.32020000
3.08789687 12.36260000
3.10418328 12.39750000
3.12046969 12.42010000
3.13675610 12.42700000
3.15304251 12.41920000
3.16932893 12.40100000
3.18561534 12.37860000
3.20190175 12.36500000
3.21811444 12.38990000
3.23432713 12.42120000
3.25053982 12.44240000
3.26675252 12.45370000
3.28296520 12.45970000
3.29917790 12.46570000
3.31539059 12.47560000
3.33160328 12.49060000
3.34781597 12.50830000
3.36402867 12.52080000
3.38024135 12.52250000
3.39645405 12.51690000
3.41266674 12.50720000
3.42887943 12.49430000
3.44509212 12.47770000
3.46130482 12.45730000
3.47751750 12.43370000
3.49373020 12.40820000
3.50994289 12.38190000
3.52615558 12.35550000
3.54236827 12.32860000
3.55858096 12.30060000
3.57479365 12.27120000
3.59100634 12.24160000
3.60721904 12.21430000
3.62343172 12.19140000
3.63964442 12.17440000
3.65585711 12.16330000
3.67206980 12.15730000
3.68828249 12.15550000

0.00000000 11.78730000
0.01647355 11.78740000
0.03294710 11.78760000
0.04942064 11.78800000
0.06589419 11.78870000
0.08236774 11.79040000
0.09884129 11.79900000
0.11531484 11.81770000
0.13178839 11.84890000
0.14826193 11.89820000
0.16473548 11.96900000
0.18120903 12.05620000
0.19768258 12.14670000
0.21415613 12.22520000
0.23062967 12.29530000
0.24710322 12.36740000
0.26357677 12.44310000
0.28005032 12.51970000
0.29652387 12.59250000
0.31299741 12.65630000
0.32947096 12.70610000
0.34594451 12.73890000
0.36241806 12.75350000
0.37889161 12.74840000
0.39536516 12.72120000
0.41183870 12.68760000
0.42831225 12.66150000
0.44478580 12.64730000
0.46125935 12.64090000
0.47773290 12.63820000
0.49420644 12.63730000
0.51067999 12.63720000
0.52715354 12.63720000
0.54343995 12.63350000
0.55972636 12.62120000
0.57601278 12.59740000
0.59229919 12.55960000
0.60858559 12.51080000
0.62487200 12.46070000
0.64115842 12.42040000
0.65744483 12.38330000
0.67373124 12.31840000
0.69001765 12.24570000
0.70630407 12.17690000
0.72259047 12.11180000
0.73887688 12.04890000
0.75516329 11.98690000
0.77144971 11.92630000
0.78773612 11.86860000
0.80402253 11.81740000
0.82030893 11.77830000
0.83659534 11.76290000
0.85288176 11.78900000
0.86916817 11.85040000
0.88545458 11.92590000
0.90174099 12.00440000
0.91802741 12.07940000
0.93431382 12.14460000
0.95060022 12.19640000
0.96688663 12.23890000
0.98317305 12.27820000
0.99945946 12.31670000
1.01574587 12.35330000
1.03203228 12.38520000
1.04831870 12.40970000
1.06460510 12.42460000
1.08089151 12.42950000
1.09717792 12.43240000
1.11346433 12.44140000
1.12975075 12.45830000
1.14603716 12.48480000
1.16232357 12.52050000
1.17860997 12.56120000
1.19489639 12.60030000
1.21118280 12.63170000
1.22746921 12.65080000
1.24375562 12.65030000
1.26004204 12.61810000
1.27632845 12.55160000
1.29261485 12.46660000
1.30890126 12.37670000
1.32518768 12.28910000
1.34147409 12.20890000
1.35776050 12.14090000
1.37404691 12.09020000
1.39033332 12.05780000
1.40661973 12.03610000
1.42290614 12.01400000
1.43919255 11.98440000
1.45547896 11.94580000
1.47176538 11.90280000
1.48805179 11.86230000
1.50433820 11.82970000
1.52062460 11.80500000
1.53691102 11.78160000
1.55319743 11.75970000
1.56948384 11.75700000
1.58577025 11.76720000
1.60205667 11.77790000
1.61834308 11.78490000
1.63462948 11.78730000
1.65084218 11.77950000
1.66705486 11.75660000
1.68326756 11.72080000
1.69948025 11.67490000
1.71569294 11.68810000
1.73190563 11.77670000
1.74811833 11.87850000
1.76433101 11.89260000
1.78054371 11.91910000
1.79675640 11.94040000
1.81296909 11.93710000
1.82918178 11.90550000
1.84539448 11.85530000
1.86160716 11.79730000
1.87781986 11.73860000
1.89403255 11.68280000
1.91024524 11.63090000
1.92645793 11.58210000
1.94267063 11.53410000
1.95888331 11.48440000
1.97509601 11.43300000
1.99130870 11.38330000
2.00752139 11.34130000
2.02373408 11.31390000
2.03994678 11.30470000
2.05615946 11.31170000
2.07237216 11.33030000
2.08858485 11.35660000
2.10479754 11.38790000
2.12101023 11.42230000
2.13748378 11.43260000
2.15395733 11.46250000
2.17043088 11.50930000
2.18690443 11.56990000
2.20337797 11.64100000
2.21985152 11.71940000
2.23632507 11.80260000
2.25279862 11.88830000
2.26927217 11.97530000
2.28574571 12.06280000
2.30221926 12.15070000
2.31869281 12.23890000
2.33516636 12.32650000
2.35163991 12.41280000
2.36811346 12.49610000
2.38458700 12.57520000
2.40106055 12.64850000
2.41753410 12.71510000
2.43400765 12.77450000
2.45048120 12.82660000
2.46695474 12.87170000
2.48342829 12.90990000
2.49990184 12.94120000
2.51637539 12.96470000
2.53284894 12.97920000
2.54932249 12.98330000
2.56579603 12.97640000
2.58226958 12.95900000
2.59874313 12.93350000
2.61521668 12.90430000
2.63169023 12.87890000
2.64816377 12.86830000
2.66445018 12.83190000
2.68073659 12.81360000
2.69702301 12.81660000
2.71330942 12.82550000
2.72959583 12.83380000
2.74588223 12.84090000
2.76216865 12.84650000
2.77845506 12.84840000
2.79474147 12.83940000
2.81102788 12.80860000
2.82731430 12.76330000
2.84360071 12.71690000
2.85988712 12.67530000
2.87617352 12.64050000
2.89245994 12.61310000
2.90874635 12.59330000
2.92503276 12.58090000
2.94131917 12.57530000
2.95760558 12.57540000
2.97389200 12.57880000
2.99017840 12.58120000
3.00646481 12.57860000
3.02275122 12.57200000
3.03903764 12.56520000
3.05532405 12.56090000
3.07161046 12.56040000
3.08789687 12.56460000
3.10418328 12.57340000
3.12046969 12.58590000
3.13675610 12.60010000
3.15304251 12.61330000
3.16932893 12.62320000
3.18561534 12.62890000
3.20190175 12.63070000
3.21811444 12.62550000
3.23432713 12.61460000
3.25053982 12.60500000
3.26675252 12.59960000
3.28296520 12.59690000
3.29917790 12.59460000
3.31539059 12.59180000
3.33160328 12.58930000
3.34781597 12.59090000
3.36402867 12.60430000
3.38024135 12.63300000
3.39645405 12.66780000
3.41266674 12.69480000
3.42887943 12.70300000
3.44509212 12.69450000
3.46130482 12.67710000
3.47751750 12.65430000
3.49373020 12.62650000
3.50994289 12.59400000
3.52615558 12.55870000
3.54236827 12.52390000
3.55858096 12.49290000
3.57479365 12.46850000
3.59100634 12.45130000
3.60721904 12.44050000
3.62343172 12.43430000
3.63964442 12.43120000
3.65585711 12.43000000
3.67206980 12.42960000
3.68828249 12.42950000

0.00000000 11.98530000
0.01647355 11.97530000
0.03294710 11.94800000
0.04942064 11.91140000
0.06589419 11.87950000
0.08236774 11.87160000
0.09884129 11.89650000
0.11531484 11.94370000
0.13178839 11.99910000
0.14826193 12.05510000
0.16473548 12.10870000
0.18120903 12.16190000
0.19768258 12.22310000
0.21415613 12.30490000
0.23062967 12.40110000
0.24710322 12.49760000
0.26357677 12.59020000
0.28005032 12.67980000
0.29652387 12.76810000
0.31299741 12.85150000
0.32947096 12.87900000
0.34594451 12.84810000
0.36241806 12.81090000
0.37889161 12.78110000
0.39536516 12.77030000
0.41183870 12.77550000
0.42831225 12.79780000
0.44478580 12.83460000
0.46125935 12.87750000
0.47773290 12.91750000
0.49420644 12.94860000
0.51067999 12.96760000
0.52715354 12.97390000
0.54343995 12.95800000
0.55972636 12.91530000
0.57601278 12.85500000
0.59229919 12.78210000
0.60858559 12.69850000
0.62487200 12.60880000
0.64115842 12.52070000
0.65744483 12.45460000
0.67373124 12.44270000
0.69001765 12.45840000
0.70630407 12.48360000
0.72259047 12.51210000
0.73887688 12.53720000
0.75516329 12.53570000
0.77144971 12.49030000
0.78773612 12.43540000
0.80402253 12.38520000
0.82030893 12.34270000
0.83659534 12.30840000
0.85288176 12.28260000
0.86916817 12.26550000
0.88545458 12.25750000
0.90174099 12.25960000
0.91802741 12.27430000
0.93431382 12.30560000
0.95060022 12.35520000
0.96688663 12.41750000
0.98317305 12.48440000
0.99945946 12.55020000
1.01574587 12.61130000
1.03203228 12.66500000
1.04831870 12.70900000
1.06460510 12.74100000
1.08089151 12.75440000
1.09717792 12.75090000
1.11346433 12.74470000
1.12975075 12.74110000
1.14603716 12.74260000
1.16232357 12.75090000
1.17860997 12.76780000
1.19489639 12.79480000
1.21118280 12.83140000
1.22746921 12.87430000
1.24375562 12.86780000
1.26004204 12.81450000
1.27632845 12.78260000
1.29261485 12.76220000
1.30890126 12.74400000
1.32518768 12.72440000
1.34147409 12.70160000
1.35776050 12.67350000
1.37404691 12.63800000
1.39033332 12.59370000
1.40661973 12.54210000
1.42290614 12.48620000
1.43919255 12.42670000
1.45547896 12.35980000
1.47176538 12.28080000
1.48805179 12.19070000
1.50433820 12.09650000
1.52062460 12.00920000
1.53691102 11.94450000
1.55319743 11.91710000
1.56948384 11.92110000
1.58577025 11.94020000
1.60205667 11.96240000
1.61834308 11.97910000
1.63462948 11.98530000
1.65084218 11.98130000
1.66705486 11.96960000
1.68326756 11.95150000
1.69948025 11.92920000
1.71569294 11.90590000
1.73190563 11.88710000
1.74811833 11.88030000
1.76433101 11.98820000
1.78054371 12.09870000
1.79675640 12.19530000
1.81296909 12.23980000
1.82918178 12.20010000
1.84539448 12.12320000
1.86160716 12.03860000
1.87781986 11.95400000
1.89403255 11.87270000
1.91024524 11.79730000
1.92645793 11.72980000
1.94267063 11.67230000
1.95888331 11.62570000
1.97509601 11.59090000
1.99130870 11.56780000
2.00752139 11.55560000
2.02373408 11.55170000
2.03994678 11.55010000
2.05615946 11.54220000
2.07237216 11.52230000
2.08858485 11.49250000
2.10479754 11.45800000
2.12101023 11.42230000
2.13748378 11.43260000
2.15395733 11.46250000
2.17043088 11.50930000
2.18690443 11.56990000
2.20337797 11.64100000
2.21985152 11.71940000
2.23632507 11.80260000
2.25279862 11.88830000
2.26927217 11.97530000
2.28574571 12.06280000
2.30221926 12.15070000
2.31869281 12.23890000
2.33516636 12.32650000
2.35163991 12.41280000
2.36811346 12.49610000
2.38458700 12.57520000
2.40106055 12.64850000
2.41753410 12.71510000
2.43400765 12.77450000
2.45048120 12.82660000
2.46695474 12.87170000
2.48342829 12.90990000
2.49990184 12.94120000
2.51637539 12.96470000
2.53284894 12.97920000
2.54932249 12.98330000
2.56579603 12.97640000
2.58226958 12.95900000
2.59874313 12.93350000
2.61521668 12.90430000
2.63169023 12.87890000
2.64816377 12.86830000
2.66445018 12.91190000
2.68073659 12.95750000
2.69702301 13.00050000
2.71330942 13.03570000
2.72959583 13.05650000
2.74588223 13.05530000
2.76216865 13.02820000
2.77845506 12.98410000
2.79474147 12.94200000
2.81102788 12.92040000
2.82731430 12.91480000
2.84360071 12.91070000
2.85988712 12.89870000
2.87617352 12.87490000
2.89245994 12.84270000
2.90874635 12.80730000
2.92503276 12.77260000
2.94131917 12.74070000
2.95760558 12.71370000
2.97389200 12.69420000
2.99017840 12.68640000
3.00646481 12.69320000
3.02275122 12.71140000
3.03903764 12.73330000
3.05532405 12.75030000
3.07161046 12.75630000
3.08789687 12.75210000
3.10418328 12.74460000
3.12046969 12.74110000
3.13675610 12.74640000
3.15304251 12.75960000
3.16932893 12.77560000
3.18561534 12.78840000
3.20190175 12.79320000
3.21811444 12.80470000
3.23432713 12.83500000
3.25053982 12.87740000
3.26675252 12.92680000
3.28296520 12.97850000
3.29917790 13.02340000
3.31539059 13.04400000
3.33160328 13.02970000
3.34781597 12.99590000
3.36402867 12.95780000
3.38024135 12.92320000
3.39645405 12.89780000
3.41266674 12.88940000
3.42887943 12.90310000
3.44509212 12.93090000
3.46130482 12.95870000
3.47751750 12.97730000
3.49373020 12.98260000
3.50994289 12.97310000
3.52615558 12.94930000
3.54236827 12.91460000
3.55858096 12.87440000
3.57479365 12.83380000
3.59100634 12.79690000
3.60721904 12.76680000
3.62343172 12.74580000
3.63964442 12.73580000
3.65585711 12.73710000
3.67206980 12.74700000
3.68828249 12.75440000

0.00000000 13.24160000
0.01647355 13.22820000
0.03294710 13.19480000
0.04942064 13.14860000
0.06589419 13.09440000
0.08236774 13.03720000
0.09884129 12.98050000
0.11531484 12.92690000
0.13178839 12.87870000
0.14826193 12.83840000
0.16473548 12.80900000
0.18120903 12.79330000
0.19768258 12.79380000
0.21415613 12.81040000
0.23062967 12.83890000
0.24710322 12.87190000
0.26357677 12.90460000
0.28005032 12.93110000
0.29652387 12.94320000
0.31299741 12.94030000
0.32947096 12.97670000
0.34594451 13.06240000
0.36241806 13.13970000
0.37889161 13.16280000
0.39536516 13.16490000
0.41183870 13.15380000
0.42831225 13.13550000
0.44478580 13.11710000
0.46125935 13.10220000
0.47773290 13.09180000
0.49420644 13.08570000
0.51067999 13.08310000
0.52715354 13.08240000
0.54343995 13.06830000
0.55972636 13.03130000
0.57601278 12.98510000
0.59229919 12.94670000
0.60858559 12.92680000
0.62487200 12.92480000
0.64115842 12.93390000
0.65744483 12.94550000
0.67373124 12.94510000
0.69001765 12.90940000
0.70630407 12.83720000
0.72259047 12.75620000
0.73887688 12.68340000
0.75516329 12.64590000
0.77144971 12.66230000
0.78773612 12.69840000
0.80402253 12.73820000
0.82030893 12.77490000
0.83659534 12.80530000
0.85288176 12.82990000
0.86916817 12.85080000
0.88545458 12.86920000
0.90174099 12.88520000
0.91802741 12.89870000
0.93431382 12.90970000
0.95060022 12.91800000
0.96688663 12.92360000
0.98317305 12.92620000
0.99945946 12.92520000
1.01574587 12.91910000
1.03203228 12.90560000
1.04831870 12.88470000
1.06460510 12.86220000
1.08089151 12.85110000
1.09717792 12.86070000
1.11346433 12.88480000
1.12975075 12.91600000
1.14603716 12.94930000
1.16232357 12.98070000
1.17860997 13.00470000
1.19489639 13.01090000
1.21118280 12.98640000
1.22746921 12.93270000
1.24375562 12.91880000
1.26004204 12.96030000
1.27632845 12.99550000
1.29261485 13.02250000
1.30890126 13.03970000
1.32518768 13.04390000
1.34147409 13.02950000
1.35776050 12.99510000
1.37404691 12.95070000
1.39033332 12.90990000
1.40661973 12.88040000
1.42290614 12.86420000
1.43919255 12.86090000
1.45547896 12.86890000
1.47176538 12.88400000
1.48805179 12.89260000
1.50433820 12.91670000
1.52062460 12.95620000
1.53691102 13.00550000
1.55319743 13.05950000
1.56948384 13.11380000
1.58577025 13.16360000
1.60205667 13.20450000
1.61834308 13.23190000
1.63462948 13.24160000
1.65084218 13.22640000
1.66705486 13.18250000
1.68326756 13.11560000
1.69948025 13.03310000
1.71569294 12.94150000
1.73190563 12.84710000
1.74811833 12.75570000
1.76433101 12.66760000
1.78054371 12.56850000
1.79675640 12.48070000
1.81296909 12.42360000
1.82918178 12.39580000
1.84539448 12.35470000
1.86160716 12.30890000
1.87781986 12.26640000
1.89403255 12.18200000
1.91024524 12.08250000
1.92645793 11.99620000
1.94267063 11.92760000
1.95888331 11.88060000
1.97509601 11.85770000
1.99130870 11.85830000
2.00752139 11.88040000
2.02373408 11.84210000
2.03994678 11.81900000
2.05615946 11.82090000
2.07237216 11.85260000
2.08858485 11.91050000
2.10479754 11.98650000
2.12101023 12.07020000
2.13748378 12.07260000
2.15395733 12.08020000
2.17043088 12.09440000
2.18690443 12.11680000
2.20337797 12.14970000
2.21985152 12.19490000
2.23632507 12.25380000
2.25279862 12.32690000
2.26927217 12.41360000
2.28574571 12.51190000
2.30221926 12.61930000
2.31869281 12.73260000
2.33516636 12.84920000
2.35163991 12.96660000
2.36811346 13.08280000
2.38458700 13.19600000
2.40106055 13.30440000
2.41753410 13.40610000
2.43400765 13.49830000
2.45048120 13.57680000
2.46695474 13.63480000
2.48342829 13.66200000
2.49990184 13.65770000
2.51637539 13.63920000
2.53284894 13.62000000
2.54932249 13.60510000
2.56579603 13.59500000
2.58226958 13.58840000
2.59874313 13.58390000
2.61521668 13.58080000
2.63169023 13.57880000
2.64816377 13.57810000
2.66445018 13.56910000
2.68073659 13.54400000
2.69702301 13.50030000
2.71330942 13.44170000
2.72959583 13.37950000
2.74588223 13.32670000
2.76216865 13.28980000
2.77845506 13.26030000
2.79474147 13.22410000
2.81102788 13.17970000
2.82731430 13.13450000
2.84360071 13.09620000
2.85988712 13.07190000
2.87617352 13.06540000
2.89245994 13.07360000
2.90874635 13.09120000
2.92503276 13.11310000
2.94131917 13.13100000
2.95760558 13.13070000
2.97389200 13.11250000
2.99017840 13.08760000
3.00646481 13.06200000
3.02275122 13.03970000
3.03903764 13.02490000
3.05532405 13.02340000
3.07161046 13.03920000
3.08789687 13.06980000
3.10418328 13.10810000
3.12046969 13.14780000
3.13675610 13.18640000
3.15304251 13.22400000
3.16932893 13.26180000
3.18561534 13.29900000
3.20190175 13.32130000
3.21811444 13.31990000
3.23432713 13.31400000
3.25053982 13.30030000
3.26675252 13.27920000
3.28296520 13.25390000
3.29917790 13.23030000
3.31539059 13.22070000
3.33160328 13.22720000
3.34781597 13.23350000
3.36402867 13.23680000
3.38024135 13.24000000
3.39645405 13.24370000
3.41266674 13.24720000
3.42887943 13.24820000
3.44509212 13.24190000
3.46130482 13.22440000
3.47751750 13.19980000
3.49373020 13.17180000
3.50994289 13.14000000
3.52615558 13.10790000
3.54236827 13.08030000
3.55858096 13.05830000
3.57479365 13.04050000
3.59100634 13.02460000
3.60721904 13.00680000
3.62343172 12.98240000
3.63964442 12.94790000
3.65585711 12.90650000
3.67206980 12.86850000
3.68828249 12.85110000

0.00000000 13.26930000
0.01647355 13.25790000
0.03294710 13.22820000
0.04942064 13.19220000
0.06589419 13.15700000
0.08236774 13.12400000
0.09884129 13.09240000
0.11531484 13.05870000
0.13178839 13.01810000
0.14826193 12.97190000
0.16473548 12.92840000
0.18120903 12.89540000
0.19768258 12.87870000
0.21415613 12.88260000
0.23062967 12.91180000
0.24710322 12.96750000
0.26357677 13.03960000
0.28005032 13.10530000
0.29652387 13.12990000
0.31299741 13.13090000
0.32947096 13.13570000
0.34594451 13.14750000
0.36241806 13.17430000
0.37889161 13.24770000
0.39536516 13.32390000
0.41183870 13.38910000
0.42831225 13.42870000
0.44478580 13.44530000
0.46125935 13.45680000
0.47773290 13.46550000
0.49420644 13.47180000
0.51067999 13.47570000
0.52715354 13.47710000
0.54343995 13.46890000
0.55972636 13.44580000
0.57601278 13.41000000
0.59229919 13.36360000
0.60858559 13.30930000
0.62487200 13.24950000
0.64115842 13.18590000
0.65744483 13.11890000
0.67373124 13.04940000
0.69001765 12.99010000
0.70630407 12.94910000
0.72259047 12.91570000
0.73887688 12.88890000
0.75516329 12.87030000
0.77144971 12.86110000
0.78773612 12.86220000
0.80402253 12.87540000
0.82030893 12.90270000
0.83659534 12.94440000
0.85288176 12.99680000
0.86916817 13.05410000
0.88545458 13.11140000
0.90174099 13.16410000
0.91802741 13.20790000
0.93431382 13.23900000
0.95060022 13.25430000
0.96688663 13.25240000
0.98317305 13.23550000
0.99945946 13.20990000
1.01574587 13.18540000
1.03203228 13.17300000
1.04831870 13.17950000
1.06460510 13.19980000
1.08089151 13.21260000
1.09717792 13.21460000
1.11346433 13.22040000
1.12975075 13.22920000
1.14603716 13.23930000
1.16232357 13.24760000
1.17860997 13.25030000
1.19489639 13.25030000
1.21118280 13.26100000
1.22746921 13.28820000
1.24375562 13.32470000
1.26004204 13.36180000
1.27632845 13.39020000
1.29261485 13.39760000
1.30890126 13.37340000
1.32518768 13.32730000
1.34147409 13.28410000
1.35776050 13.25740000
1.37404691 13.23920000
1.39033332 13.20570000
1.40661973 13.14240000
1.42290614 13.06220000
1.43919255 12.98450000
1.45547896 12.92630000
1.47176538 12.90130000
1.48805179 12.92240000
1.50433820 12.96020000
1.52062460 13.00530000
1.53691102 13.05480000
1.55319743 13.10550000
1.56948384 13.15440000
1.58577025 13.19820000
1.60205667 13.23400000
1.61834308 13.25920000
1.63462948 13.26930000
1.65084218 13.25330000
1.66705486 13.21060000
1.68326756 13.14720000
1.69948025 13.06710000
1.71569294 12.97460000
1.73190563 12.87450000
1.74811833 12.77090000
1.76433101 12.67460000
1.78054371 12.61380000
1.79675640 12.58630000
1.81296909 12.59800000
1.82918178 12.60570000
1.84539448 12.52070000
1.86160716 12.40600000
1.87781986 12.29100000
1.89403255 12.22580000
1.91024524 12.18320000
1.92645793 12.13650000
1.94267063 12.08600000
1.95888331 12.03310000
1.97509601 11.97980000
1.99130870 11.92810000
2.00752139 11.88080000
2.02373408 11.92120000
2.03994678 11.97770000
2.05615946 12.04530000
2.07237216 12.11430000
2.08858485 12.15970000
2.10479754 12.14130000
2.12101023 12.07020000
2.13748378 12.07260000
2.15395733 12.08020000
2.17043088 12.09440000
2.18690443 12.11680000
2.20337797 12.14970000
2.21985152 12.19490000
2.23632507 12.25380000
2.25279862 12.32690000
2.26927217 12.41360000
2.28574571 12.51190000
2.30221926 12.61930000
2.31869281 12.73260000
2.33516636 12.84920000
2.35163991 12.96660000
2.36811346 13.08280000
2.38458700 13.19600000
2.40106055 13.30440000
2.41753410 13.40610000
2.43400765 13.49830000
2.45048120 13.57680000
2.46695474 13.63480000
2.48342829 13.66200000
2.49990184 13.65770000
2.51637539 13.63920000
2.53284894 13.62000000
2.54932249 13.60510000
2.56579603 13.59500000
2.58226958 13.58840000
2.59874313 13.58390000
2.61521668 13.58080000
2.63169023 13.57880000
2.64816377 13.57810000
2.66445018 13.57890000
2.68073659 13.57660000
2.69702301 13.56810000
2.71330942 13.54730000
2.72959583 13.51140000
2.74588223 13.46530000
2.76216865 13.41720000
2.77845506 13.37620000
2.79474147 13.35030000
2.81102788 13.33760000
2.82731430 13.33120000
2.84360071 13.32630000
2.85988712 13.32030000
2.87617352 13.31040000
2.89245994 13.29480000
2.90874635 13.27380000
2.92503276 13.25170000
2.94131917 13.23760000
2.95760558 13.24570000
2.97389200 13.27420000
2.99017840 13.30840000
3.00646481 13.33780000
3.02275122 13.35860000
3.03903764 13.37340000
3.05532405 13.38690000
3.07161046 13.40310000
3.08789687 13.42470000
3.10418328 13.45200000
3.12046969 13.47990000
3.13675610 13.49460000
3.15304251 13.48270000
3.16932893 13.45010000
3.18561534 13.41120000
3.20190175 13.38770000
3.21811444 13.38620000
3.23432713 13.38310000
3.25053982 13.37950000
3.26675252 13.37180000
3.28296520 13.35680000
3.29917790 13.33990000
3.31539059 13.33370000
3.33160328 13.35190000
3.34781597 13.39560000
3.36402867 13.44470000
3.38024135 13.47390000
3.39645405 13.46900000
3.41266674 13.43880000
3.42887943 13.40120000
3.44509212 13.36990000
3.46130482 13.34690000
3.47751750 13.32250000
3.49373020 13.30130000
3.50994289 13.29750000
3.52615558 13.31290000
3.54236827 13.33780000
3.55858096 13.35680000
3.57479365 13.35450000
3.59100634 13.32690000
3.60721904 13.28570000
3.62343172 13.24730000
3.63964442 13.22230000
3.65585711 13.21250000
3.67206980 13.21170000
3.68828249 13.21260000

0.00000000 13.34250000
0.01647355 13.34640000
0.03294710 13.34870000
0.04942064 13.34040000
0.06589419 13.31690000
0.08236774 13.27890000
0.09884129 13.23210000
0.11531484 13.18660000
0.13178839 13.15410000
0.14826193 13.13980000
0.16473548 13.14050000
0.18120903 13.15200000
0.19768258 13.17080000
0.21415613 13.19300000
0.23062967 13.21360000
0.24710322 13.22570000
0.26357677 13.22400000
0.28005032 13.22160000
0.29652387 13.25550000
0.31299741 13.31230000
0.32947096 13.36340000
0.34594451 13.40180000
0.36241806 13.42500000
0.37889161 13.43280000
0.39536516 13.43260000
0.41183870 13.43810000
0.42831225 13.46680000
0.44478580 13.51090000
0.46125935 13.54260000
0.47773290 13.55710000
0.49420644 13.56250000
0.51067999 13.56460000
0.52715354 13.56520000
0.54343995 13.56630000
0.55972636 13.56390000
0.57601278 13.54820000
0.59229919 13.51300000
0.60858559 13.45860000
0.62487200 13.38980000
0.64115842 13.31430000
0.65744483 13.24350000
0.67373124 13.19410000
0.69001765 13.17980000
0.70630407 13.19710000
0.72259047 13.23230000
0.73887688 13.27630000
0.75516329 13.32440000
0.77144971 13.37410000
0.78773612 13.42380000
0.80402253 13.47270000
0.82030893 13.52040000
0.83659534 13.56690000
0.85288176 13.61140000
0.86916817 13.64700000
0.88545458 13.66150000
0.90174099 13.66470000
0.91802741 13.66180000
0.93431382 13.65250000
0.95060022 13.63820000
0.96688663 13.62310000
0.98317305 13.61060000
0.99945946 13.60020000
1.01574587 13.58640000
1.03203228 13.55610000
1.04831870 13.50220000
1.06460510 13.44670000
1.08089151 13.42150000
1.09717792 13.42110000
1.11346433 13.41980000
1.12975075 13.41690000
1.14603716 13.41250000
1.16232357 13.40850000
1.17860997 13.40990000
1.19489639 13.42270000
1.21118280 13.44720000
1.22746921 13.47820000
1.24375562 13.50180000
1.26004204 13.51610000
1.27632845 13.52370000
1.29261485 13.51390000
1.30890126 13.49150000
1.32518768 13.46670000
1.34147409 13.43550000
1.35776050 13.39740000
1.37404691 13.35850000
1.39033332 13.33220000
1.40661973 13.32410000
1.42290614 13.32220000
1.43919255 13.31990000
1.45547896 13.31830000
1.47176538 13.31980000
1.48805179 13.32490000
1.50433820 13.33300000
1.52062460 13.34220000
1.53691102 13.34990000
1.55319743 13.35330000
1.56948384 13.35160000
1.58577025 13.34730000
1.60205667 13.34390000
1.61834308 13.34270000
1.63462948 13.34250000
1.65084218 13.34280000
1.66705486 13.33230000
1.68326756 13.29570000
1.69948025 13.23350000
1.71569294 13.15360000
1.73190563 13.06270000
1.74811833 12.96590000
1.76433101 12.86770000
1.78054371 12.77250000
1.79675640 12.68730000
1.81296909 12.62770000
1.82918178 12.61990000
1.84539448 12.64970000
1.86160716 12.67820000
1.87781986 12.70300000
1.89403255 12.73730000
1.91024524 12.79030000
1.92645793 12.86390000
1.94267063 12.95570000
1.95888331 13.06110000
1.97509601 13.17490000
1.99130870 13.28860000
2.00752139 13.15590000
2.02373408 13.00820000
2.03994678 12.86170000
2.05615946 12.72310000
2.07237216 12.60300000
2.08858485 12.52680000
2.10479754 12.53450000
2.12101023 12.61550000
2.13748378 12.62120000
2.15395733 12.63820000
2.17043088 12.66580000
2.18690443 12.70330000
2.20337797 12.74970000
2.21985152 12.80420000
2.23632507 12.86620000
2.25279862 12.93510000
2.26927217 13.01040000
2.28574571 13.09170000
2.30221926 13.17830000
2.31869281 13.26910000
2.33516636 13.36260000
2.35163991 13.45660000
2.36811346 13.54820000
2.38458700 13.63420000
2.40106055 13.71140000
2.41753410 13.77620000
2.43400765 13.82320000
2.45048120 13.84420000
2.46695474 13.84100000
2.48342829 13.83690000
2.49990184 13.84760000
2.51637539 13.86360000
2.53284894 13.87470000
2.54932249 13.87900000
2.56579603 13.87820000
2.58226958 13.87560000
2.59874313 13.87330000
2.61521668 13.87230000
2.63169023 13.87220000
2.64816377 13.87220000
2.66445018 13.84490000
2.68073659 13.79200000
2.69702301 13.73830000
2.71330942 13.70060000
2.72959583 13.68120000
2.74588223 13.67300000
2.76216865 13.66660000
2.77845506 13.65350000
2.79474147 13.63010000
2.81102788 13.59940000
2.82731430 13.56520000
2.84360071 13.53050000
2.85988712 13.49840000
2.87617352 13.47210000
2.89245994 13.45450000
2.90874635 13.44610000
2.92503276 13.44480000
2.94131917 13.44830000
2.95760558 13.45530000
2.97389200 13.46650000
2.99017840 13.48490000
3.00646481 13.51470000
3.02275122 13.55650000
3.03903764 13.60540000
3.05532405 13.65360000
3.07161046 13.69340000
3.08789687 13.71780000
3.10418328 13.72400000
3.12046969 13.71860000
3.13675610 13.71980000
3.15304251 13.74300000
3.16932893 13.78010000
3.18561534 13.81180000
3.20190175 13.82400000
3.21811444 13.81400000
3.23432713 13.78760000
3.25053982 13.75500000
3.26675252 13.72890000
3.28296520 13.71870000
3.29917790 13.72220000
3.31539059 13.72790000
3.33160328 13.72570000
3.34781597 13.71410000
3.36402867 13.69720000
3.38024135 13.67400000
3.39645405 13.64190000
3.41266674 13.60630000
3.42887943 13.56930000
3.44509212 13.53420000
3.46130482 13.51360000
3.47751750 13.52210000
3.49373020 13.55550000
3.50994289 13.59730000
3.52615558 13.63130000
3.54236827 13.64420000
3.55858096 13.63560000
3.57479365 13.61890000
3.59100634 13.59990000
3.60721904 13.57210000
3.62343172 13.53460000
3.63964442 13.49380000
3.65585711 13.45720000
3.67206980 13.43110000
3.68828249 13.42150000

0.00000000 13.35390000
0.01647355 13.36770000
0.03294710 13.41190000
0.04942064 13.48120000
0.06589419 13.56690000
0.08236774 13.61990000
0.09884129 13.65440000
0.11531484 13.68600000
0.13178839 13.70860000
0.14826193 13.71130000
0.16473548 13.68970000
0.18120903 13.64890000
0.19768258 13.59670000
0.21415613 13.54070000
0.23062967 13.48960000
0.24710322 13.45380000
0.26357677 13.44420000
0.28005032 13.46340000
0.29652387 13.50550000
0.31299741 13.56470000
0.32947096 13.63420000
0.34594451 13.70580000
0.36241806 13.76090000
0.37889161 13.70630000
0.39536516 13.66180000
0.41183870 13.63700000
0.42831225 13.62510000
0.44478580 13.62480000
0.46125935 13.64100000
0.47773290 13.67350000
0.49420644 13.70930000
0.51067999 13.73660000
0.52715354 13.74680000
0.54343995 13.76220000
0.55972636 13.80230000
0.57601278 13.85360000
0.59229919 13.90080000
0.60858559 13.93040000
0.62487200 13.93560000
0.64115842 13.91990000
0.65744483 13.89220000
0.67373124 13.85980000
0.69001765 13.82670000
0.70630407 13.79530000
0.72259047 13.76700000
0.73887688 13.74260000
0.75516329 13.72250000
0.77144971 13.70680000
0.78773612 13.69530000
0.80402253 13.68750000
0.82030893 13.68280000
0.83659534 13.68090000
0.85288176 13.68310000
0.86916817 13.69710000
0.88545458 13.73520000
0.90174099 13.78590000
0.91802741 13.83940000
0.93431382 13.89110000
0.95060022 13.93640000
0.96688663 13.93900000
0.98317305 13.88580000
0.99945946 13.81310000
1.01574587 13.73880000
1.03203228 13.68150000
1.04831870 13.65410000
1.06460510 13.64460000
1.08089151 13.64230000
1.09717792 13.64400000
1.11346433 13.64810000
1.12975075 13.65160000
1.14603716 13.64920000
1.16232357 13.63590000
1.17860997 13.61080000
1.19489639 13.58090000
1.21118280 13.55690000
1.22746921 13.55000000
1.24375562 13.57460000
1.26004204 13.62540000
1.27632845 13.67750000
1.29261485 13.69850000
1.30890126 13.68100000
1.32518768 13.64920000
1.34147409 13.61710000
1.35776050 13.58930000
1.37404691 13.56570000
1.39033332 13.54390000
1.40661973 13.51870000
1.42290614 13.49710000
1.43919255 13.48730000
1.45547896 13.48300000
1.47176538 13.47910000
1.48805179 13.47290000
1.50433820 13.46330000
1.52062460 13.45070000
1.53691102 13.43670000
1.55319743 13.42400000
1.56948384 13.41280000
1.58577025 13.39980000
1.60205667 13.38210000
1.61834308 13.36300000
1.63462948 13.35390000
1.65084218 13.36230000
1.66705486 13.38730000
1.68326756 13.42580000
1.69948025 13.46080000
1.71569294 13.42650000
1.73190563 13.37470000
1.74811833 13.31490000
1.76433101 13.20380000
1.78054371 13.07820000
1.79675640 12.95100000
1.81296909 12.83080000
1.82918178 12.76150000
1.84539448 12.82080000
1.86160716 12.93430000
1.87781986 13.06450000
1.89403255 13.19930000
1.91024524 13.32890000
1.92645793 13.43920000
1.94267063 13.50530000
1.95888331 13.49840000
1.97509601 13.41940000
1.99130870 13.29730000
2.00752139 13.37440000
2.02373408 13.35820000
2.03994678 13.25650000
2.05615946 13.12870000
2.07237216 12.99360000
2.08858485 12.85870000
2.10479754 12.72990000
2.12101023 12.61550000
2.13748378 12.62120000
2.15395733 12.63820000
2.17043088 12.66580000
2.18690443 12.70330000
2.20337797 12.74970000
2.21985152 12.80420000
2.23632507 12.86620000
2.25279862 12.93510000
2.26927217 13.01040000
2.28574571 13.09170000
2.30221926 13.17830000
2.31869281 13.26910000
2.33516636 13.36260000
2.35163991 13.45660000
2.36811346 13.54820000
2.38458700 13.63420000
2.40106055 13.71140000
2.41753410 13.77620000
2.43400765 13.82320000
2.45048120 13.84420000
2.46695474 13.84100000
2.48342829 13.83690000
2.49990184 13.84760000
2.51637539 13.86360000
2.53284894 13.87470000
2.54932249 13.87900000
2.56579603 13.87820000
2.58226958 13.87560000
2.59874313 13.87330000
2.61521668 13.87230000
2.63169023 13.87220000
2.64816377 13.87220000
2.66445018 13.87010000
2.68073659 13.85390000
2.69702301 13.83310000
2.71330942 13.81200000
2.72959583 13.79200000
2.74588223 13.77400000
2.76216865 13.76080000
2.77845506 13.75760000
2.79474147 13.76650000
2.81102788 13.78400000
2.82731430 13.80620000
2.84360071 13.83030000
2.85988712 13.85460000
2.87617352 13.87760000
2.89245994 13.89800000
2.90874635 13.91450000
2.92503276 13.92620000
2.94131917 13.93320000
2.95760558 13.93710000
2.97389200 13.94080000
2.99017840 13.94730000
3.00646481 13.95840000
3.02275122 13.97500000
3.03903764 13.99700000
3.05532405 14.02370000
3.07161046 14.05340000
3.08789687 14.08360000
3.10418328 14.11150000
3.12046969 14.13450000
3.13675610 14.14610000
3.15304251 14.13650000
3.16932893 14.11620000
3.18561534 14.10060000
3.20190175 14.09520000
3.21811444 14.09260000
3.23432713 14.08120000
3.25053982 14.05950000
3.26675252 14.03040000
3.28296520 13.99510000
3.29917790 13.95700000
3.31539059 13.91980000
3.33160328 13.88290000
3.34781597 13.84460000
3.36402867 13.81090000
3.38024135 13.80310000
3.39645405 13.83640000
3.41266674 13.88890000
3.42887943 13.90210000
3.44509212 13.88270000
3.46130482 13.87090000
3.47751750 13.86740000
3.49373020 13.86570000
3.50994289 13.85960000
3.52615558 13.84740000
3.54236827 13.83580000
3.55858096 13.82480000
3.57479365 13.79380000
3.59100634 13.74960000
3.60721904 13.71130000
3.62343172 13.68370000
3.63964442 13.66470000
3.65585711 13.65210000
3.67206980 13.64470000
3.68828249 13.64230000

0.00000000 13.48920000
0.01647355 13.49970000
0.03294710 13.52450000
0.04942064 13.55520000
0.06589419 13.58940000
0.08236774 13.66570000
0.09884129 13.75190000
0.11531484 13.80260000
0.13178839 13.82410000
0.14826193 13.84260000
0.16473548 13.86360000
0.18120903 13.87920000
0.19768258 13.88700000
0.21415613 13.89100000
0.23062967 13.89510000
0.24710322 13.90190000
0.26357677 13.91280000
0.28005032 13.92820000
0.29652387 13.94670000
0.31299741 13.96310000
0.32947096 13.95660000
0.34594451 13.87490000
0.36241806 13.79490000
0.37889161 13.83990000
0.39536516 13.90040000
0.41183870 13.96660000
0.42831225 14.03770000
0.44478580 14.10290000
0.46125935 14.14940000
0.47773290 14.18430000
0.49420644 14.21220000
0.51067999 14.22810000
0.52715354 14.23070000
0.54343995 14.21820000
0.55972636 14.20540000
0.57601278 14.20250000
0.59229919 14.19490000
0.60858559 14.17430000
0.62487200 14.15390000
0.64115842 14.13660000
0.65744483 14.11980000
0.67373124 14.10210000
0.69001765 14.08380000
0.70630407 14.06570000
0.72259047 14.04870000
0.73887688 14.03340000
0.75516329 14.02080000
0.77144971 14.01170000
0.78773612 14.00740000
0.80402253 14.00870000
0.82030893 14.01570000
0.83659534 14.02460000
0.85288176 14.02600000
0.86916817 14.01610000
0.88545458 14.00160000
0.90174099 13.98940000
0.91802741 13.98580000
0.93431382 13.99190000
0.95060022 13.99760000
0.96688663 14.02170000
0.98317305 14.08000000
0.99945946 14.14870000
1.01574587 14.22090000
1.03203228 14.28990000
1.04831870 14.31930000
1.06460510 14.31670000
1.08089151 14.31550000
1.09717792 14.30320000
1.11346433 14.26330000
1.12975075 14.20110000
1.14603716 14.13300000
1.16232357 14.07420000
1.17860997 14.03150000
1.19489639 14.00010000
1.21118280 13.96830000
1.22746921 13.92650000
1.24375562 13.87300000
1.26004204 13.81510000
1.27632845 13.77050000
1.29261485 13.76940000
1.30890126 13.80490000
1.32518768 13.83060000
1.34147409 13.81340000
1.35776050 13.75280000
1.37404691 13.67400000
1.39033332 13.60330000
1.40661973 13.56380000
1.42290614 13.55520000
1.43919255 13.56430000
1.45547896 13.58440000
1.47176538 13.60720000
1.48805179 13.62280000
1.50433820 13.62470000
1.52062460 13.61390000
1.53691102 13.59560000
1.55319743 13.57300000
1.56948384 13.54780000
1.58577025 13.52300000
1.60205667 13.50370000
1.61834308 13.49270000
1.63462948 13.48920000
1.65084218 13.48510000
1.66705486 13.47800000
1.68326756 13.47370000
1.69948025 13.46770000
1.71569294 13.48050000
1.73190563 13.42310000
1.74811833 13.32210000
1.76433101 13.25320000
1.78054371 13.19430000
1.79675640 13.14270000
1.81296909 13.10550000
1.82918178 13.09390000
1.84539448 13.12140000
1.86160716 13.19240000
1.87781986 13.29490000
1.89403255 13.41170000
1.91024524 13.52810000
1.92645793 13.63110000
1.94267063 13.70680000
1.95888331 13.74190000
1.97509601 13.73030000
1.99130870 13.68170000
2.00752139 13.63300000
2.02373408 13.66810000
2.03994678 13.77750000
2.05615946 13.90580000
2.07237216 14.03660000
2.08858485 14.16350000
2.10479754 14.28160000
2.12101023 14.38650000
2.13748378 14.38570000
2.15395733 14.38360000
2.17043088 14.38000000
2.18690443 14.37510000
2.20337797 14.36890000
2.21985152 14.36160000
2.23632507 14.35350000
2.25279862 14.34490000
2.26927217 14.33660000
2.28574571 14.32900000
2.30221926 14.32290000
2.31869281 14.31840000
2.33516636 14.31510000
2.35163991 14.31060000
2.36811346 14.29940000
2.38458700 14.27360000
2.40106055 14.22900000
2.41753410 14.17240000
2.43400765 14.11920000
2.45048120 14.08760000
2.46695474 14.08610000
2.48342829 14.10230000
2.49990184 14.12130000
2.51637539 14.13640000
2.53284894 14.14600000
2.54932249 14.15160000
2.56579603 14.15500000
2.58226958 14.15770000
2.59874313 14.16050000
2.61521668 14.16310000
2.63169023 14.16520000
2.64816377 14.16600000
2.66445018 14.12830000
2.68073659 14.13030000
2.69702301 14.15540000
2.71330942 14.19040000
2.72959583 14.22720000
2.74588223 14.26010000
2.76216865 14.28550000
2.77845506 14.30140000
2.79474147 14.30680000
2.81102788 14.30140000
2.82731430 14.28590000
2.84360071 14.26270000
2.85988712 14.23550000
2.87617352 14.20750000
2.89245994 14.18190000
2.90874635 14.16160000
2.92503276 14.14960000
2.94131917 14.14730000
2.95760558 14.15460000
2.97389200 14.16930000
2.99017840 14.18840000
3.00646481 14.20890000
3.02275122 14.22750000
3.03903764 14.24100000
3.05532405 14.24740000
3.07161046 14.24780000
3.08789687 14.24660000
3.10418328 14.24770000
3.12046969 14.24230000
3.13675610 14.22820000
3.15304251 14.22690000
3.16932893 14.23530000
3.18561534 14.24220000
3.20190175 14.24450000
3.21811444 14.24830000
3.23432713 14.25020000
3.25053982 14.20840000
3.26675252 14.16220000
3.28296520 14.13090000
3.29917790 14.11720000
3.31539059 14.12250000
3.33160328 14.14930000
3.34781597 14.19680000
3.36402867 14.17510000
3.38024135 14.10800000
3.39645405 14.04270000
3.41266674 13.99310000
3.42887943 14.00420000
3.44509212 14.05910000
3.46130482 14.10560000
3.47751750 14.12850000
3.49373020 14.11590000
3.50994289 14.07070000
3.52615558 14.01480000
3.54236827 13.95840000
3.55858096 13.91360000
3.57479365 13.90810000
3.59100634 13.94350000
3.60721904 14.00580000
3.62343172 14.08440000
3.63964442 14.16790000
3.65585711 14.24340000
3.67206980 14.29650000
3.68828249 14.31550000

0.00000000 13.83930000
0.01647355 13.84040000
0.03294710 13.84420000
0.04942064 13.85080000
0.06589419 13.86030000
0.08236774 13.87360000
0.09884129 13.89870000
0.11531484 13.94980000
0.13178839 14.00160000
0.14826193 14.02770000
0.16473548 14.04630000
0.18120903 14.07720000
0.19768258 14.12430000
0.21415613 14.18020000
0.23062967 14.23420000
0.24710322 14.26910000
0.26357677 14.26120000
0.28005032 14.21810000
0.29652387 14.16570000
0.31299741 14.11230000
0.32947096 14.01850000
0.34594451 13.99670000
0.36241806 14.00530000
0.37889161 14.02730000
0.39536516 14.05610000
0.41183870 14.08690000
0.42831225 14.12110000
0.44478580 14.16700000
0.46125935 14.23130000
0.47773290 14.29200000
0.49420644 14.29680000
0.51067999 14.28420000
0.52715354 14.28510000
0.54343995 14.30230000
0.55972636 14.29640000
0.57601278 14.27260000
0.59229919 14.26190000
0.60858559 14.26960000
0.62487200 14.27840000
0.64115842 14.28310000
0.65744483 14.28260000
0.67373124 14.27550000
0.69001765 14.26140000
0.70630407 14.24130000
0.72259047 14.21760000
0.73887688 14.19260000
0.75516329 14.16840000
0.77144971 14.14640000
0.78773612 14.12710000
0.80402253 14.11090000
0.82030893 14.09820000
0.83659534 14.09210000
0.85288176 14.10060000
0.86916817 14.12530000
0.88545458 14.15860000
0.90174099 14.19360000
0.91802741 14.22520000
0.93431382 14.24830000
0.95060022 14.26610000
0.96688663 14.29060000
0.98317305 14.31160000
0.99945946 14.32160000
1.01574587 14.32450000
1.03203228 14.32350000
1.04831870 14.34760000
1.06460510 14.38150000
1.08089151 14.39190000
1.09717792 14.38770000
1.11346433 14.38040000
1.12975075 14.37260000
1.14603716 14.35820000
1.16232357 14.33230000
1.17860997 14.29680000
1.19489639 14.25590000
1.21118280 14.21200000
1.22746921 14.16490000
1.24375562 14.11360000
1.26004204 14.06210000
1.27632845 14.02370000
1.29261485 14.01950000
1.30890126 14.05660000
1.32518768 14.11290000
1.34147409 14.16360000
1.35776050 14.19970000
1.37404691 14.21610000
1.39033332 14.21080000
1.40661973 14.17850000
1.42290614 14.10820000
1.43919255 14.02860000
1.45547896 13.95690000
1.47176538 13.89910000
1.48805179 13.85950000
1.50433820 13.83890000
1.52062460 13.83230000
1.53691102 13.83230000
1.55319743 13.83400000
1.56948384 13.83570000
1.58577025 13.83730000
1.60205667 13.83850000
1.61834308 13.83910000
1.63462948 13.83930000
1.65084218 13.83110000
1.66705486 13.80580000
1.68326756 13.76380000
1.69948025 13.71240000
1.71569294 13.68370000
1.73190563 13.72030000
1.74811833 13.79780000
1.76433101 13.89210000
1.78054371 13.99550000
1.79675640 14.10470000
1.81296909 14.21710000
1.82918178 14.33010000
1.84539448 14.43960000
1.86160716 14.53630000
1.87781986 14.58930000
1.89403255 14.53970000
1.91024524 14.42940000
1.92645793 14.31890000
1.94267063 14.24460000
1.95888331 14.23740000
1.97509601 14.29540000
1.99130870 14.38520000
2.00752139 14.47590000
2.02373408 14.54660000
2.03994678 14.58720000
2.05615946 14.59760000
2.07237216 14.58090000
2.08858485 14.53910000
2.10479754 14.47350000
2.12101023 14.38650000
2.13748378 14.38570000
2.15395733 14.38360000
2.17043088 14.38000000
2.18690443 14.37510000
2.20337797 14.36890000
2.21985152 14.36160000
2.23632507 14.35350000
2.25279862 14.34490000
2.26927217 14.33660000
2.28574571 14.32900000
2.30221926 14.32290000
2.31869281 14.31840000
2.33516636 14.31510000
2.35163991 14.31060000
2.36811346 14.29940000
2.38458700 14.27360000
2.40106055 14.22900000
2.41753410 14.17240000
2.43400765 14.11920000
2.45048120 14.08760000
2.46695474 14.08610000
2.48342829 14.10230000
2.49990184 14.12130000
2.51637539 14.13640000
2.53284894 14.14600000
2.54932249 14.15160000
2.56579603 14.15500000
2.58226958 14.15770000
2.59874313 14.16050000
2.61521668 14.16310000
2.63169023 14.16520000
2.64816377 14.16600000
2.66445018 14.24240000
2.68073659 14.33820000
2.69702301 14.43420000
2.71330942 14.50470000
2.72959583 14.52160000
2.74588223 14.50920000
2.76216865 14.48950000
2.77845506 14.46870000
2.79474147 14.44920000
2.81102788 14.43270000
2.82731430 14.41980000
2.84360071 14.41030000
2.85988712 14.40320000
2.87617352 14.39810000
2.89245994 14.39510000
2.90874635 14.39400000
2.92503276 14.39440000
2.94131917 14.39590000
2.95760558 14.39810000
2.97389200 14.40060000
2.99017840 14.40310000
3.00646481 14.40540000
3.02275122 14.40740000
3.03903764 14.40740000
3.05532405 14.40080000
3.07161046 14.38110000
3.08789687 14.35070000
3.10418328 14.32110000
3.12046969 14.30930000
3.13675610 14.32150000
3.15304251 14.34160000
3.16932893 14.36010000
3.18561534 14.37310000
3.20190175 14.37780000
3.21811444 14.34760000
3.23432713 14.31000000
3.25053982 14.33620000
3.26675252 14.38520000
3.28296520 14.41870000
3.29917790 14.40980000
3.31539059 14.36450000
3.33160328 14.30460000
3.34781597 14.24130000
3.36402867 14.25800000
3.38024135 14.31230000
3.39645405 14.33440000
3.41266674 14.33410000
3.42887943 14.32940000
3.44509212 14.32010000
3.46130482 14.29270000
3.47751750 14.24550000
3.49373020 14.20790000
3.50994289 14.19310000
3.52615558 14.19090000
3.54236827 14.19990000
3.55858096 14.21990000
3.57479365 14.24820000
3.59100634 14.27980000
3.60721904 14.31060000
3.62343172 14.33810000
3.63964442 14.36100000
3.65585711 14.37800000
3.67206980 14.38850000
3.68828249 14.39190000

0.00000000 13.96920000
0.01647355 13.97390000
0.03294710 13.98770000
0.04942064 14.00900000
0.06589419 14.03620000
0.08236774 14.06770000
0.09884129 14.10180000
0.11531484 14.13800000
0.13178839 14.17730000
0.14826193 14.21640000
0.16473548 14.25380000
0.18120903 14.29080000
0.19768258 14.32670000
0.21415613 14.35700000
0.23062967 14.37290000
0.24710322 14.37800000
0.26357677 14.37820000
0.28005032 14.31410000
0.29652387 14.22000000
0.31299741 14.12630000
0.32947096 14.10880000
0.34594451 14.12220000
0.36241806 14.15710000
0.37889161 14.20920000
0.39536516 14.27640000
0.41183870 14.35190000
0.42831225 14.41700000
0.44478580 14.41740000
0.46125935 14.37830000
0.47773290 14.34170000
0.49420644 14.34080000
0.51067999 14.33640000
0.52715354 14.32780000
0.54343995 14.32310000
0.55972636 14.34020000
0.57601278 14.36120000
0.59229919 14.37510000
0.60858559 14.39480000
0.62487200 14.42170000
0.64115842 14.43970000
0.65744483 14.44150000
0.67373124 14.43490000
0.69001765 14.42760000
0.70630407 14.42350000
0.72259047 14.42370000
0.73887688 14.42800000
0.75516329 14.43540000
0.77144971 14.44440000
0.78773612 14.45260000
0.80402253 14.45690000
0.82030893 14.45400000
0.83659534 14.44300000
0.85288176 14.42610000
0.86916817 14.40650000
0.88545458 14.38630000
0.90174099 14.36570000
0.91802741 14.34600000
0.93431382 14.33400000
0.95060022 14.34070000
0.96688663 14.37040000
0.98317305 14.42890000
0.99945946 14.50310000
1.01574587 14.55280000
1.03203228 14.56520000
1.04831870 14.57400000
1.06460510 14.59130000
1.08089151 14.60230000
1.09717792 14.58590000
1.11346433 14.55100000
1.12975075 14.51730000
1.14603716 14.49540000
1.16232357 14.48690000
1.17860997 14.48290000
1.19489639 14.46890000
1.21118280 14.43940000
1.22746921 14.40500000
1.24375562 14.37710000
1.26004204 14.35650000
1.27632845 14.33720000
1.29261485 14.31350000
1.30890126 14.28740000
1.32518768 14.27620000
1.34147409 14.29720000
1.35776050 14.32930000
1.37404691 14.33940000
1.39033332 14.30440000
1.40661973 14.24310000
1.42290614 14.20500000
1.43919255 14.18130000
1.45547896 14.16470000
1.47176538 14.15680000
1.48805179 14.15950000
1.50433820 14.16930000
1.52062460 14.15860000
1.53691102 14.10060000
1.55319743 14.03740000
1.56948384 13.99110000
1.58577025 13.96660000
1.60205667 13.96100000
1.61834308 13.96560000
1.63462948 13.96920000
1.65084218 13.93820000
1.66705486 13.87560000
1.68326756 13.82040000
1.69948025 13.79750000
1.71569294 13.81770000
1.73190563 13.87300000
1.74811833 13.95090000
1.76433101 14.04340000
1.78054371 14.14600000
1.79675640 14.25610000
1.81296909 14.37170000
1.82918178 14.49150000
1.84539448 14.61410000
1.86160716 14.73800000
1.87781986 14.80480000
1.89403255 14.80810000
1.91024524 14.84360000
1.92645793 14.87110000
1.94267063 14.88890000
1.95888331 14.88030000
1.97509601 14.90760000
1.99130870 14.94470000
2.00752139 14.98550000
2.02373408 15.04810000
2.03994678 15.13090000
2.05615946 15.22180000
2.07237216 15.30360000
2.08858485 15.36260000
2.10479754 15.39720000
2.12101023 15.41650000
2.13748378 15.40550000
2.15395733 15.37580000
2.17043088 15.33370000
2.18690443 15.28450000
2.20337797 15.23170000
2.21985152 15.17710000
2.23632507 15.12180000
2.25279862 15.06600000
2.26927217 15.00980000
2.28574571 14.95290000
2.30221926 14.89520000
2.31869281 14.83640000
2.33516636 14.77690000
2.35163991 14.71850000
2.36811346 14.66620000
2.38458700 14.62800000
2.40106055 14.60930000
2.41753410 14.60680000
2.43400765 14.61340000
2.45048120 14.62380000
2.46695474 14.63410000
2.48342829 14.64120000
2.49990184 14.64550000
2.51637539 14.65170000
2.53284894 14.66540000
2.54932249 14.68890000
2.56579603 14.72020000
2.58226958 14.73340000
2.59874313 14.70190000
2.61521668 14.67350000
2.63169023 14.65500000
2.64816377 14.64870000
2.66445018 14.63640000
2.68073659 14.62500000
2.69702301 14.61670000
2.71330942 14.62110000
2.72959583 14.63410000
2.74588223 14.63000000
2.76216865 14.61950000
2.77845506 14.60730000
2.79474147 14.59580000
2.81102788 14.58640000
2.82731430 14.58080000
2.84360071 14.57930000
2.85988712 14.58190000
2.87617352 14.58780000
2.89245994 14.59620000
2.90874635 14.60630000
2.92503276 14.61770000
2.94131917 14.63000000
2.95760558 14.64270000
2.97389200 14.65560000
2.99017840 14.66740000
3.00646481 14.67570000
3.02275122 14.67330000
3.03903764 14.64960000
3.05532405 14.61180000
3.07161046 14.58500000
3.08789687 14.57620000
3.10418328 14.57360000
3.12046969 14.56580000
3.13675610 14.55080000
3.15304251 14.53280000
3.16932893 14.51530000
3.18561534 14.50150000
3.20190175 14.49600000
3.21811444 14.52260000
3.23432713 14.56580000
3.25053982 14.59870000
3.26675252 14.61660000
3.28296520 14.62340000
3.29917790 14.61620000
3.31539059 14.59170000
3.33160328 14.55360000
3.34781597 14.50820000
3.36402867 14.46860000
3.38024135 14.45550000
3.39645405 14.49140000
3.41266674 14.53500000
3.42887943 14.48540000
3.44509212 14.42570000
3.46130482 14.38390000
3.47751750 14.36590000
3.49373020 14.35320000
3.50994289 14.33840000
3.52615558 14.32690000
3.54236827 14.32660000
3.55858096 14.34120000
3.57479365 14.36900000
3.59100634 14.40580000
3.60721904 14.44640000
3.62343172 14.48640000
3.63964442 14.52350000
3.65585711 14.55790000
3.67206980 14.58820000
3.68828249 14.60230000

0.00000000 14.32230000
0.01647355 14.32100000
0.03294710 14.31420000
0.04942064 14.29380000
0.06589419 14.26020000
0.08236774 14.22870000
0.09884129 14.21030000
0.11531484 14.21410000
0.13178839 14.25560000
0.14826193 14.33620000
0.16473548 14.40580000
0.18120903 14.43410000
0.19768258 14.44590000
0.21415613 14.45650000
0.23062967 14.47330000
0.24710322 14.47220000
0.26357677 14.43980000
0.28005032 14.46130000
0.29652387 14.50290000
0.31299741 14.54420000
0.32947096 14.57920000
0.34594451 14.60320000
0.36241806 14.61250000
0.37889161 14.60430000
0.39536516 14.57880000
0.41183870 14.54160000
0.42831225 14.50820000
0.44478580 14.52430000
0.46125935 14.54520000
0.47773290 14.53100000
0.49420644 14.52740000
0.51067999 14.55470000
0.52715354 14.57390000
0.54343995 14.56800000
0.55972636 14.55790000
0.57601278 14.55540000
0.59229919 14.56060000
0.60858559 14.56810000
0.62487200 14.58240000
0.64115842 14.61440000
0.65744483 14.66180000
0.67373124 14.70890000
0.69001765 14.74250000
0.70630407 14.75770000
0.72259047 14.75640000
0.73887688 14.74320000
0.75516329 14.72280000
0.77144971 14.69940000
0.78773612 14.67690000
0.80402253 14.65960000
0.82030893 14.65150000
0.83659534 14.65360000
0.85288176 14.66300000
0.86916817 14.67430000
0.88545458 14.68140000
0.90174099 14.67980000
0.91802741 14.66950000
0.93431382 14.65650000
0.95060022 14.64640000
0.96688663 14.64030000
0.98317305 14.63710000
0.99945946 14.64190000
1.01574587 14.68150000
1.03203228 14.76080000
1.04831870 14.83450000
1.06460510 14.86740000
1.08089151 14.86890000
1.09717792 14.87550000
1.11346433 14.88410000
1.12975075 14.87020000
1.14603716 14.82690000
1.16232357 14.77440000
1.17860997 14.72800000
1.19489639 14.70120000
1.21118280 14.69880000
1.22746921 14.70720000
1.24375562 14.70460000
1.26004204 14.67700000
1.27632845 14.63020000
1.29261485 14.57940000
1.30890126 14.53760000
1.32518768 14.51390000
1.34147409 14.51740000
1.35776050 14.55300000
1.37404691 14.54070000
1.39033332 14.50400000
1.40661973 14.50650000
1.42290614 14.52310000
1.43919255 14.53730000
1.45547896 14.53390000
1.47176538 14.49470000
1.48805179 14.42060000
1.50433820 14.33710000
1.52062460 14.28780000
1.53691102 14.30530000
1.55319743 14.34770000
1.56948384 14.38930000
1.58577025 14.41050000
1.60205667 14.38120000
1.61834308 14.33930000
1.63462948 14.32230000
1.65084218 14.36170000
1.66705486 14.45110000
1.68326756 14.55660000
1.69948025 14.63420000
1.71569294 14.69130000
1.73190563 14.74800000
1.74811833 14.80210000
1.76433101 14.85160000
1.78054371 14.89400000
1.79675640 14.92660000
1.81296909 14.94560000
1.82918178 14.94620000
1.84539448 14.92060000
1.86160716 14.86450000
1.87781986 14.86030000
1.89403255 14.96900000
1.91024524 14.99320000
1.92645793 14.94040000
1.94267063 14.89450000
1.95888331 14.90310000
1.97509601 14.91960000
1.99130870 14.97260000
2.00752139 15.06280000
2.02373408 15.16450000
2.03994678 15.26570000
2.05615946 15.35390000
2.07237216 15.41260000
2.08858485 15.43230000
2.10479754 15.42870000
2.12101023 15.41650000
2.13748378 15.40550000
2.15395733 15.37580000
2.17043088 15.33370000
2.18690443 15.28450000
2.20337797 15.23170000
2.21985152 15.17710000
2.23632507 15.12180000
2.25279862 15.06600000
2.26927217 15.00980000
2.28574571 14.95290000
2.30221926 14.89520000
2.31869281 14.83640000
2.33516636 14.77690000
2.35163991 14.71850000
2.36811346 14.66620000
2.38458700 14.62800000
2.40106055 14.60930000
2.41753410 14.60680000
2.43400765 14.61340000
2.45048120 14.62380000
2.46695474 14.63410000
2.48342829 14.64120000
2.49990184 14.64550000
2.51637539 14.65170000
2.53284894 14.66540000
2.54932249 14.68890000
2.56579603 14.72020000
2.58226958 14.73340000
2.59874313 14.70190000
2.61521668 14.67350000
2.63169023 14.65500000
2.64816377 14.64870000
2.66445018 14.66100000
2.68073659 14.67160000
2.69702301 14.67790000
2.71330942 14.68360000
2.72959583 14.71440000
2.74588223 14.76590000
2.76216865 14.80210000
2.77845506 14.82340000
2.79474147 14.83800000
2.81102788 14.84970000
2.82731430 14.86010000
2.84360071 14.87020000
2.85988712 14.88080000
2.87617352 14.89210000
2.89245994 14.90430000
2.90874635 14.91720000
2.92503276 14.93050000
2.94131917 14.94300000
2.95760558 14.95310000
2.97389200 14.95660000
2.99017840 14.94500000
3.00646481 14.90740000
3.02275122 14.85530000
3.03903764 14.82010000
3.05532405 14.81090000
3.07161046 14.81110000
3.08789687 14.80460000
3.10418328 14.78990000
3.12046969 14.77920000
3.13675610 14.77620000
3.15304251 14.77520000
3.16932893 14.77390000
3.18561534 14.77590000
3.20190175 14.78430000
3.21811444 14.77630000
3.23432713 14.78120000
3.25053982 14.77960000
3.26675252 14.75240000
3.28296520 14.73120000
3.29917790 14.74760000
3.31539059 14.78360000
3.33160328 14.78330000
3.34781597 14.75240000
3.36402867 14.71320000
3.38024135 14.66840000
3.39645405 14.61800000
3.41266674 14.58630000
3.42887943 14.65020000
3.44509212 14.71850000
3.46130482 14.75590000
3.47751750 14.74080000
3.49373020 14.70700000
3.50994289 14.68450000
3.52615558 14.68010000
3.54236827 14.69120000
3.55858096 14.71350000
3.57479365 14.74300000
3.59100634 14.77600000
3.60721904 14.80900000
3.62343172 14.83950000
3.63964442 14.86470000
3.65585711 14.87870000
3.67206980 14.87560000
3.68828249 14.86890000

0.00000000 14.49090000
0.01647355 14.47050000
0.03294710 14.42780000
0.04942064 14.39490000
0.06589419 14.38510000
0.08236774 14.38900000
0.09884129 14.39970000
0.11531484 14.41490000
0.13178839 14.43440000
0.14826193 14.46310000
0.16473548 14.52000000
0.18120903 14.57670000
0.19768258 14.60030000
0.21415613 14.61420000
0.23062967 14.61320000
0.24710322 14.61300000
0.26357677 14.65320000
0.28005032 14.71270000
0.29652387 14.76090000
0.31299741 14.77380000
0.32947096 14.77820000
0.34594451 14.78520000
0.36241806 14.78830000
0.37889161 14.78200000
0.39536516 14.76840000
0.41183870 14.74980000
0.42831225 14.72410000
0.44478580 14.69330000
0.46125935 14.67900000
0.47773290 14.69600000
0.49420644 14.71630000
0.51067999 14.72300000
0.52715354 14.72020000
0.54343995 14.72170000
0.55972636 14.72580000
0.57601278 14.73530000
0.59229919 14.75520000
0.60858559 14.78430000
0.62487200 14.81840000
0.64115842 14.85800000
0.65744483 14.90700000
0.67373124 14.96790000
0.69001765 15.04080000
0.70630407 15.12280000
0.72259047 15.20930000
0.73887688 15.29380000
0.75516329 15.35340000
0.77144971 15.39290000
0.78773612 15.41870000
0.80402253 15.42530000
0.82030893 15.40270000
0.83659534 15.34830000
0.85288176 15.27700000
0.86916817 15.20410000
0.88545458 15.14110000
0.90174099 15.09700000
0.91802741 15.07470000
0.93431382 15.06840000
0.95060022 15.06730000
0.96688663 15.06320000
0.98317305 15.05500000
0.99945946 15.04750000
1.01574587 15.04650000
1.03203228 15.05510000
1.04831870 15.05700000
1.06460510 15.03990000
1.08089151 15.03770000
1.09717792 15.02600000
1.11346433 14.99540000
1.12975075 14.97420000
1.14603716 14.96710000
1.16232357 14.94850000
1.17860997 14.92270000
1.19489639 14.90300000
1.21118280 14.89470000
1.22746921 14.89760000
1.24375562 14.91100000
1.26004204 14.93390000
1.27632845 14.95120000
1.29261485 14.93330000
1.30890126 14.89290000
1.32518768 14.83340000
1.34147409 14.75120000
1.35776050 14.66080000
1.37404691 14.66440000
1.39033332 14.75240000
1.40661973 14.84260000
1.42290614 14.91180000
1.43919255 14.90740000
1.45547896 14.84590000
1.47176538 14.79990000
1.48805179 14.78280000
1.50433820 14.77460000
1.52062460 14.75330000
1.53691102 14.70640000
1.55319743 14.63780000
1.56948384 14.56130000
1.58577025 14.49790000
1.60205667 14.48260000
1.61834308 14.48830000
1.63462948 14.49090000
1.65084218 14.50210000
1.66705486 14.53370000
1.68326756 14.57990000
1.69948025 14.66320000
1.71569294 14.76430000
1.73190563 14.85830000
1.74811833 14.94540000
1.76433101 15.02640000
1.78054371 15.10090000
1.79675640 15.16680000
1.81296909 15.21950000
1.82918178 15.25190000
1.84539448 15.25680000
1.86160716 15.23230000
1.87781986 15.18450000
1.89403255 15.13310000
1.91024524 15.15750000
1.92645793 15.25950000
1.94267063 15.36520000
1.95888331 15.45800000
1.97509601 15.52920000
1.99130870 15.57490000
2.00752139 15.59710000
2.02373408 15.60180000
2.03994678 15.59650000
2.05615946 15.59230000
2.07237216 15.60630000
2.08858485 15.64940000
2.10479754 15.70610000
2.12101023 15.75800000
2.13748378 15.76240000
2.15395733 15.77130000
2.17043088 15.77570000
2.18690443 15.76790000
2.20337797 15.74500000
2.21985152 15.70770000
2.23632507 15.65890000
2.25279862 15.60100000
2.26927217 15.53600000
2.28574571 15.46530000
2.30221926 15.39020000
2.31869281 15.31260000
2.33516636 15.23600000
2.35163991 15.16560000
2.36811346 15.10680000
2.38458700 15.06340000
2.40106055 15.03480000
2.41753410 15.01360000
2.43400765 14.99000000
2.45048120 14.96370000
2.46695474 14.94370000
2.48342829 14.93640000
2.49990184 14.93460000
2.51637539 14.91840000
2.53284894 14.88240000
2.54932249 14.83690000
2.56579603 14.79190000
2.58226958 14.77500000
2.59874313 14.81170000
2.61521668 14.85090000
2.63169023 14.88020000
2.64816377 14.89120000
2.66445018 14.87900000
2.68073659 14.85850000
2.69702301 14.84080000
2.71330942 14.83590000
2.72959583 14.84690000
2.74588223 14.87660000
2.76216865 14.92670000
2.77845506 14.98540000
2.79474147 15.03990000
2.81102788 15.08350000
2.82731430 15.11590000
2.84360071 15.14060000
2.85988712 15.16090000
2.87617352 15.17860000
2.89245994 15.19410000
2.90874635 15.20670000
2.92503276 15.21390000
2.94131917 15.21090000
2.95760558 15.19110000
2.97389200 15.15140000
2.99017840 15.10180000
3.00646481 15.06260000
3.02275122 15.03680000
3.03903764 15.01120000
3.05532405 14.97980000
3.07161046 14.94800000
3.08789687 14.92910000
3.10418328 14.92940000
3.12046969 14.93920000
3.13675610 14.94650000
3.15304251 14.93340000
3.16932893 14.87310000
3.18561534 14.82100000
3.20190175 14.79460000
3.21811444 14.81510000
3.23432713 14.82830000
3.25053982 14.84180000
3.26675252 14.88040000
3.28296520 14.91720000
3.29917790 14.92710000
3.31539059 14.92160000
3.33160328 14.94230000
3.34781597 14.97100000
3.36402867 14.98340000
3.38024135 14.98480000
3.39645405 14.98100000
3.41266674 14.97410000
3.42887943 14.96370000
3.44509212 14.94690000
3.46130482 14.93480000
3.47751750 14.95260000
3.49373020 14.97350000
3.50994289 14.98290000
3.52615558 14.98400000
3.54236827 14.97990000
3.55858096 14.97450000
3.57479365 14.97170000
3.59100634 14.97450000
3.60721904 14.98480000
3.62343172 15.00130000
3.63964442 15.01950000
3.65585711 15.03210000
3.67206980 15.03670000
3.68828249 15.03770000

0.00000000 14.92690000
0.01647355 14.95650000
0.03294710 15.02490000
0.04942064 15.08200000
0.06589419 15.06080000
0.08236774 14.97970000
0.09884129 14.88510000
0.11531484 14.79710000
0.13178839 14.72550000
0.14826193 14.67740000
0.16473548 14.66500000
0.18120903 14.72730000
0.19768258 14.85820000
0.21415613 14.89370000
0.23062967 14.84750000
0.24710322 14.83940000
0.26357677 14.84770000
0.28005032 14.84620000
0.29652387 14.85360000
0.31299741 14.90520000
0.32947096 14.97520000
0.34594451 15.04180000
0.36241806 15.01750000
0.37889161 15.00180000
0.39536516 14.99130000
0.41183870 14.97620000
0.42831225 14.95620000
0.44478580 14.93970000
0.46125935 14.92830000
0.47773290 14.90740000
0.49420644 14.87280000
0.51067999 14.84150000
0.52715354 14.82970000
0.54343995 14.83630000
0.55972636 14.85630000
0.57601278 14.88850000
0.59229919 14.93050000
0.60858559 14.97980000
0.62487200 15.03320000
0.64115842 15.08470000
0.65744483 15.12590000
0.67373124 15.15550000
0.69001765 15.18460000
0.70630407 15.22130000
0.72259047 15.26610000
0.73887688 15.31740000
0.75516329 15.38900000
0.77144971 15.46540000
0.78773612 15.52140000
0.80402253 15.52970000
0.82030893 15.50890000
0.83659534 15.48820000
0.85288176 15.46800000
0.86916817 15.44540000
0.88545458 15.42070000
0.90174099 15.39550000
0.91802741 15.37200000
0.93431382 15.35220000
0.95060022 15.33550000
0.96688663 15.31410000
0.98317305 15.28100000
0.99945946 15.23850000
1.01574587 15.18930000
1.03203228 15.13670000
1.04831870 15.11250000
1.06460510 15.15130000
1.08089151 15.17870000
1.09717792 15.16490000
1.11346433 15.15620000
1.12975075 15.13070000
1.14603716 15.10870000
1.16232357 15.11380000
1.17860997 15.13790000
1.19489639 15.15820000
1.21118280 15.14420000
1.22746921 15.09170000
1.24375562 15.03880000
1.26004204 15.00300000
1.27632845 14.98940000
1.29261485 15.00720000
1.30890126 15.01380000
1.32518768 14.96990000
1.34147409 14.92370000
1.35776050 14.91100000
1.37404691 14.93390000
1.39033332 14.98380000
1.40661973 15.03580000
1.42290614 15.05030000
1.43919255 15.06720000
1.45547896 15.11620000
1.47176538 15.14980000
1.48805179 15.13610000
1.50433820 15.08420000
1.52062460 15.03170000
1.53691102 14.99890000
1.55319743 14.98860000
1.56948384 14.99410000
1.58577025 14.99140000
1.60205667 14.96090000
1.61834308 14.93580000
1.63462948 14.92690000
1.65084218 14.93940000
1.66705486 14.97670000
1.68326756 15.03750000
1.69948025 15.10830000
1.71569294 15.13910000
1.73190563 15.19030000
1.74811833 15.25370000
1.76433101 15.32030000
1.78054371 15.37870000
1.79675640 15.41290000
1.81296909 15.40440000
1.82918178 15.35460000
1.84539448 15.29140000
1.86160716 15.24600000
1.87781986 15.23490000
1.89403255 15.26070000
1.91024524 15.32270000
1.92645793 15.41540000
1.94267063 15.52920000
1.95888331 15.65470000
1.97509601 15.78360000
1.99130870 15.90380000
2.00752139 15.98490000
2.02373408 15.98690000
2.03994678 15.93910000
2.05615946 15.88500000
2.07237216 15.84370000
2.08858485 15.81820000
2.10479754 15.79500000
2.12101023 15.75800000
2.13748378 15.76240000
2.15395733 15.77130000
2.17043088 15.77570000
2.18690443 15.76790000
2.20337797 15.74500000
2.21985152 15.70770000
2.23632507 15.65890000
2.25279862 15.60100000
2.26927217 15.53600000
2.28574571 15.46530000
2.30221926 15.39020000
2.31869281 15.31260000
2.33516636 15.23600000
2.35163991 15.16560000
2.36811346 15.10680000
2.38458700 15.06340000
2.40106055 15.03480000
2.41753410 15.01360000
2.43400765 14.99000000
2.45048120 14.96370000
2.46695474 14.94370000
2.48342829 14.93640000
2.49990184 14.93460000
2.51637539 14.91840000
2.53284894 14.88240000
2.54932249 14.83690000
2.56579603 14.79190000
2.58226958 14.77500000
2.59874313 14.81170000
2.61521668 14.85090000
2.63169023 14.88020000
2.64816377 14.89120000
2.66445018 14.90010000
2.68073659 14.91750000
2.69702301 14.94620000
2.71330942 14.98650000
2.72959583 15.03680000
2.74588223 15.09150000
2.76216865 15.14100000
2.77845506 15.18290000
2.79474147 15.22520000
2.81102788 15.27570000
2.82731430 15.33480000
2.84360071 15.39790000
2.85988712 15.45910000
2.87617352 15.51180000
2.89245994 15.54760000
2.90874635 15.56290000
2.92503276 15.56340000
2.94131917 15.55410000
2.95760558 15.54040000
2.97389200 15.52940000
2.99017840 15.51830000
3.00646481 15.48570000
3.02275122 15.43510000
3.03903764 15.38420000
3.05532405 15.33950000
3.07161046 15.29930000
3.08789687 15.25810000
3.10418328 15.21120000
3.12046969 15.13850000
3.13675610 15.04410000
3.15304251 14.96940000
3.16932893 14.95090000
3.18561534 14.94560000
3.20190175 14.94410000
3.21811444 14.95800000
3.23432713 15.00470000
3.25053982 15.04830000
3.26675252 15.05380000
3.28296520 15.05430000
3.29917790 15.06400000
3.31539059 15.07520000
3.33160328 15.09040000
3.34781597 15.12040000
3.36402867 15.15430000
3.38024135 15.17200000
3.39645405 15.16950000
3.41266674 15.14870000
3.42887943 15.10940000
3.44509212 15.06780000
3.46130482 15.05130000
3.47751750 15.07060000
3.49373020 15.12410000
3.50994289 15.15160000
3.52615558 15.14150000
3.54236827 15.13650000
3.55858096 15.13800000
3.57479365 15.14340000
3.59100634 15.15050000
3.60721904 15.15800000
3.62343172 15.16500000
3.63964442 15.17090000
3.65585711 15.17510000
3.67206980 15.17730000
3.68828249 15.17870000

0.00000000 15.20510000
0.01647355 15.20840000
0.03294710 15.21960000
0.04942064 15.25040000
0.06589419 15.29350000
0.08236774 15.27520000
0.09884129 15.25680000
0.11531484 15.23340000
0.13178839 15.20240000
0.14826193 15.16180000
0.16473548 15.10960000
0.18120903 15.04530000
0.19768258 14.97370000
0.21415613 15.02120000
0.23062967 15.17680000
0.24710322 15.19800000
0.26357677 15.14030000
0.28005032 15.12110000
0.29652387 15.12260000
0.31299741 15.11170000
0.32947096 15.08180000
0.34594451 15.04590000
0.36241806 15.08750000
0.37889161 15.09200000
0.39536516 15.07520000
0.41183870 15.05250000
0.42831225 15.02700000
0.44478580 15.00010000
0.46125935 14.97440000
0.47773290 14.95850000
0.49420644 14.95330000
0.51067999 14.95070000
0.52715354 14.94960000
0.54343995 14.95310000
0.55972636 14.96350000
0.57601278 14.98170000
0.59229919 15.01130000
0.60858559 15.05750000
0.62487200 15.12130000
0.64115842 15.19280000
0.65744483 15.25470000
0.67373124 15.31430000
0.69001765 15.38000000
0.70630407 15.44740000
0.72259047 15.51030000
0.73887688 15.56320000
0.75516329 15.60100000
0.77144971 15.62150000
0.78773612 15.63540000
0.80402253 15.67260000
0.82030893 15.72660000
0.83659534 15.77590000
0.85288176 15.80080000
0.86916817 15.77000000
0.88545458 15.72310000
0.90174099 15.66930000
0.91802741 15.61030000
0.93431382 15.55050000
0.95060022 15.49910000
0.96688663 15.46750000
0.98317305 15.45260000
0.99945946 15.41700000
1.01574587 15.35440000
1.03203228 15.29250000
1.04831870 15.24190000
1.06460510 15.20750000
1.08089151 15.20210000
1.09717792 15.23750000
1.11346433 15.28910000
1.12975075 15.35110000
1.14603716 15.39860000
1.16232357 15.40470000
1.17860997 15.37080000
1.19489639 15.31260000
1.21118280 15.26200000
1.22746921 15.23600000
1.24375562 15.22460000
1.26004204 15.22250000
1.27632845 15.20910000
1.29261485 15.16940000
1.30890126 15.13310000
1.32518768 15.15430000
1.34147409 15.21290000
1.35776050 15.28570000
1.37404691 15.35940000
1.39033332 15.39670000
1.40661973 15.35120000
1.42290614 15.32570000
1.43919255 15.33360000
1.45547896 15.32060000
1.47176538 15.28750000
1.48805179 15.27040000
1.50433820 15.27210000
1.52062460 15.26200000
1.53691102 15.21670000
1.55319743 15.15170000
1.56948384 15.09130000
1.58577025 15.06730000
1.60205667 15.10340000
1.61834308 15.16330000
1.63462948 15.20510000
1.65084218 15.17120000
1.66705486 15.12680000
1.68326756 15.10370000
1.69948025 15.12010000
1.71569294 15.22160000
1.73190563 15.33710000
1.74811833 15.45960000
1.76433101 15.58020000
1.78054371 15.68640000
1.79675640 15.76150000
1.81296909 15.79780000
1.82918178 15.81190000
1.84539448 15.82680000
1.86160716 15.85340000
1.87781986 15.88910000
1.89403255 15.92380000
1.91024524 15.94600000
1.92645793 15.95260000
1.94267063 15.95640000
1.95888331 15.96950000
1.97509601 15.99160000
1.99130870 16.01120000
2.00752139 16.02760000
2.02373408 16.05220000
2.03994678 16.09160000
2.05615946 16.14560000
2.07237216 16.20770000
2.08858485 16.23400000
2.10479754 16.23250000
2.12101023 16.25820000
2.13748378 16.25790000
2.15395733 16.25860000
2.17043088 16.26360000
2.18690443 16.27470000
2.20337797 16.28850000
2.21985152 16.29340000
2.23632507 16.26850000
2.25279862 16.19600000
2.26927217 16.08820000
2.28574571 15.96710000
2.30221926 15.84480000
2.31869281 15.72710000
2.33516636 15.61720000
2.35163991 15.51660000
2.36811346 15.42600000
2.38458700 15.34660000
2.40106055 15.28160000
2.41753410 15.23650000
2.43400765 15.21360000
2.45048120 15.20290000
2.46695474 15.18890000
2.48342829 15.16880000
2.49990184 15.15760000
2.51637539 15.17770000
2.53284894 15.22940000
2.54932249 15.28950000
2.56579603 15.33270000
2.58226958 15.35140000
2.59874313 15.35290000
2.61521668 15.34460000
2.63169023 15.33410000
2.64816377 15.32930000
2.66445018 15.30500000
2.68073659 15.28730000
2.69702301 15.27280000
2.71330942 15.26340000
2.72959583 15.26390000
2.74588223 15.28120000
2.76216865 15.32140000
2.77845506 15.38010000
2.79474147 15.44200000
2.81102788 15.49430000
2.82731430 15.53300000
2.84360071 15.56060000
2.85988712 15.58100000
2.87617352 15.59880000
2.89245994 15.61910000
2.90874635 15.64100000
2.92503276 15.65460000
2.94131917 15.65450000
2.95760558 15.64150000
2.97389200 15.61740000
2.99017840 15.58900000
3.00646481 15.57820000
3.02275122 15.58130000
3.03903764 15.57220000
3.05532405 15.52670000
3.07161046 15.44470000
3.08789687 15.34590000
3.10418328 15.24400000
3.12046969 15.16870000
3.13675610 15.13220000
3.15304251 15.11820000
3.16932893 15.12070000
3.18561534 15.12630000
3.20190175 15.12840000
3.21811444 15.12660000
3.23432713 15.12680000
3.25053982 15.15900000
3.26675252 15.22700000
3.28296520 15.25300000
3.29917790 15.24630000
3.31539059 15.26630000
3.33160328 15.31380000
3.34781597 15.36740000
3.36402867 15.40990000
3.38024135 15.43620000
3.39645405 15.41760000
3.41266674 15.37180000
3.42887943 15.33830000
3.44509212 15.31390000
3.46130482 15.27920000
3.47751750 15.23830000
3.49373020 15.20740000
3.50994289 15.23930000
3.52615558 15.32900000
3.54236827 15.40760000
3.55858096 15.43240000
3.57479365 15.41870000
3.59100634 15.38810000
3.60721904 15.34590000
3.62343172 15.29560000
3.63964442 15.24470000
3.65585711 15.20810000
3.67206980 15.19880000
3.68828249 15.20210000

0.00000000 15.32500000
0.01647355 15.32450000
0.03294710 15.32350000
0.04942064 15.32260000
0.06589419 15.32550000
0.08236774 15.35580000
0.09884129 15.39080000
0.11531484 15.43210000
0.13178839 15.47340000
0.14826193 15.50600000
0.16473548 15.51940000
0.18120903 15.50580000
0.19768258 15.46340000
0.21415613 15.39250000
0.23062967 15.30740000
0.24710322 15.36080000
0.26357677 15.37280000
0.28005032 15.32670000
0.29652387 15.28350000
0.31299741 15.24610000
0.32947096 15.21550000
0.34594451 15.19310000
0.36241806 15.19210000
0.37889161 15.23340000
0.39536516 15.29150000
0.41183870 15.30850000
0.42831225 15.29400000
0.44478580 15.29140000
0.46125935 15.30090000
0.47773290 15.32000000
0.49420644 15.34180000
0.51067999 15.36040000
0.52715354 15.37240000
0.54343995 15.36800000
0.55972636 15.35970000
0.57601278 15.34630000
0.59229919 15.32740000
0.60858559 15.30770000
0.62487200 15.29600000
0.64115842 15.30730000
0.65744483 15.36260000
0.67373124 15.45100000
0.69001765 15.54760000
0.70630407 15.64110000
0.72259047 15.72520000
0.73887688 15.79630000
0.75516329 15.85140000
0.77144971 15.88760000
0.78773612 15.90330000
0.80402253 15.90060000
0.82030893 15.88340000
0.83659534 15.85670000
0.85288176 15.83370000
0.86916817 15.84120000
0.88545458 15.83650000
0.90174099 15.81260000
0.91802741 15.77570000
0.93431382 15.73040000
0.95060022 15.67690000
0.96688663 15.61540000
0.98317305 15.55450000
0.99945946 15.51950000
1.01574587 15.50370000
1.03203228 15.47690000
1.04831870 15.43180000
1.06460510 15.37270000
1.08089151 15.33420000
1.09717792 15.33740000
1.11346433 15.36390000
1.12975075 15.41280000
1.14603716 15.45910000
1.16232357 15.47180000
1.17860997 15.43640000
1.19489639 15.38880000
1.21118280 15.36140000
1.22746921 15.36040000
1.24375562 15.36680000
1.26004204 15.36670000
1.27632845 15.37410000
1.29261485 15.40740000
1.30890126 15.45740000
1.32518768 15.51080000
1.34147409 15.55630000
1.35776050 15.57700000
1.37404691 15.55180000
1.39033332 15.51280000
1.40661973 15.53920000
1.42290614 15.56370000
1.43919255 15.57180000
1.45547896 15.57090000
1.47176538 15.54440000
1.48805179 15.49350000
1.50433820 15.43200000
1.52062460 15.38110000
1.53691102 15.36790000
1.55319743 15.38380000
1.56948384 15.41120000
1.58577025 15.43790000
1.60205667 15.43370000
1.61834308 15.37180000
1.63462948 15.32500000
1.65084218 15.37190000
1.66705486 15.45550000
1.68326756 15.54320000
1.69948025 15.62730000
1.71569294 15.70460000
1.73190563 15.77150000
1.74811833 15.82000000
1.76433101 15.84140000
1.78054371 15.83670000
1.79675640 15.82470000
1.81296909 15.83280000
1.82918178 15.87330000
1.84539448 15.93690000
1.86160716 16.01290000
1.87781986 16.09490000
1.89403255 16.12680000
1.91024524 16.10080000
1.92645793 16.09560000
1.94267063 16.09920000
1.95888331 16.10550000
1.97509601 16.12410000
1.99130870 16.17360000
2.00752139 16.25590000
2.02373408 16.31250000
2.03994678 16.34180000
2.05615946 16.31230000
2.07237216 16.26610000
2.08858485 16.26130000
2.10479754 16.27970000
2.12101023 16.25820000
2.13748378 16.25790000
2.15395733 16.25860000
2.17043088 16.26360000
2.18690443 16.27470000
2.20337797 16.28850000
2.21985152 16.29340000
2.23632507 16.26850000
2.25279862 16.19600000
2.26927217 16.08820000
2.28574571 15.96710000
2.30221926 15.84480000
2.31869281 15.72710000
2.33516636 15.61720000
2.35163991 15.51660000
2.36811346 15.42600000
2.38458700 15.34660000
2.40106055 15.28160000
2.41753410 15.23650000
2.43400765 15.21360000
2.45048120 15.20290000
2.46695474 15.18890000
2.48342829 15.16880000
2.49990184 15.15760000
2.51637539 15.17770000
2.53284894 15.22940000
2.54932249 15.28950000
2.56579603 15.33270000
2.58226958 15.35140000
2.59874313 15.35290000
2.61521668 15.34460000
2.63169023 15.33410000
2.64816377 15.32930000
2.66445018 15.36820000
2.68073659 15.42480000
2.69702301 15.49450000
2.71330942 15.56960000
2.72959583 15.64220000
2.74588223 15.70350000
2.76216865 15.75000000
2.77845506 15.79200000
2.79474147 15.84180000
2.81102788 15.90240000
2.82731430 15.96770000
2.84360071 16.02740000
2.85988712 16.07480000
2.87617352 16.10860000
2.89245994 16.12500000
2.90874635 16.08430000
2.92503276 16.00730000
2.94131917 15.92960000
2.95760558 15.86210000
2.97389200 15.81010000
2.99017840 15.77650000
3.00646481 15.75820000
3.02275122 15.74900000
3.03903764 15.74200000
3.05532405 15.72420000
3.07161046 15.69550000
3.08789687 15.66390000
3.10418328 15.63310000
3.12046969 15.60370000
3.13675610 15.57160000
3.15304251 15.54030000
3.16932893 15.51860000
3.18561534 15.51000000
3.20190175 15.50890000
3.21811444 15.50270000
3.23432713 15.49210000
3.25053982 15.48320000
3.26675252 15.47020000
3.28296520 15.49280000
3.29917790 15.54470000
3.31539059 15.55870000
3.33160328 15.53820000
3.34781597 15.51100000
3.36402867 15.49280000
3.38024135 15.47430000
3.39645405 15.47750000
3.41266674 15.48840000
3.42887943 15.46550000
3.44509212 15.43900000
3.46130482 15.44170000
3.47751750 15.46440000
3.49373020 15.48810000
3.50994289 15.50370000
3.52615558 15.51340000
3.54236827 15.53490000
3.55858096 15.59860000
3.57479365 15.67500000
3.59100634 15.71250000
3.60721904 15.67770000
3.62343172 15.60130000
3.63964442 15.51300000
3.65585711 15.42900000
3.67206980 15.36250000
3.68828249 15.33420000

0.00000000 15.54950000
0.01647355 15.51170000
0.03294710 15.43030000
0.04942064 15.35240000
0.06589419 15.34920000
0.08236774 15.45160000
0.09884129 15.57240000
0.11531484 15.68920000
0.13178839 15.78670000
0.14826193 15.83360000
0.16473548 15.79790000
0.18120903 15.71630000
0.19768258 15.62440000
0.21415613 15.54260000
0.23062967 15.47840000
0.24710322 15.42690000
0.26357677 15.51810000
0.28005032 15.56890000
0.29652387 15.54490000
0.31299741 15.52300000
0.32947096 15.50680000
0.34594451 15.49580000
0.36241806 15.48440000
0.37889161 15.46050000
0.39536516 15.40520000
0.41183870 15.38540000
0.42831225 15.37960000
0.44478580 15.37140000
0.46125935 15.37280000
0.47773290 15.38780000
0.49420644 15.41450000
0.51067999 15.41610000
0.52715354 15.40010000
0.54343995 15.41300000
0.55972636 15.44110000
0.57601278 15.47770000
0.59229919 15.52170000
0.60858559 15.57210000
0.62487200 15.62770000
0.64115842 15.68730000
0.65744483 15.74890000
0.67373124 15.81120000
0.69001765 15.87290000
0.70630407 15.93350000
0.72259047 15.99160000
0.73887688 16.04480000
0.75516329 16.09070000
0.77144971 16.12780000
0.78773612 16.15430000
0.80402253 16.16680000
0.82030893 16.16480000
0.83659534 16.14940000
0.85288176 16.12260000
0.86916817 16.08770000
0.88545458 16.04910000
0.90174099 16.00870000
0.91802741 15.96630000
0.93431382 15.92320000
0.95060022 15.88360000
0.96688663 15.85180000
0.98317305 15.83110000
0.99945946 15.82760000
1.01574587 15.84770000
1.03203228 15.88670000
1.04831870 15.91120000
1.06460510 15.88750000
1.08089151 15.87430000
1.09717792 15.88840000
1.11346433 15.90880000
1.12975075 15.89390000
1.14603716 15.86380000
1.16232357 15.84910000
1.17860997 15.87000000
1.19489639 15.90890000
1.21118280 15.93540000
1.22746921 15.92540000
1.24375562 15.88000000
1.26004204 15.82290000
1.27632845 15.76310000
1.29261485 15.71240000
1.30890126 15.69430000
1.32518768 15.71170000
1.34147409 15.74320000
1.35776050 15.75400000
1.37404691 15.73460000
1.39033332 15.71790000
1.40661973 15.71310000
1.42290614 15.72920000
1.43919255 15.76320000
1.45547896 15.80830000
1.47176538 15.86160000
1.48805179 15.90240000
1.50433820 15.91720000
1.52062460 15.89720000
1.53691102 15.84490000
1.55319743 15.77160000
1.56948384 15.68710000
1.58577025 15.60180000
1.60205667 15.54480000
1.61834308 15.54360000
1.63462948 15.54950000
1.65084218 15.56250000
1.66705486 15.60080000
1.68326756 15.66240000
1.69948025 15.74430000
1.71569294 15.84280000
1.73190563 15.95380000
1.74811833 16.07180000
1.76433101 16.17680000
1.78054371 16.18000000
1.79675640 16.18790000
1.81296909 16.23050000
1.82918178 16.27710000
1.84539448 16.27500000
1.86160716 16.22870000
1.87781986 16.17300000
1.89403255 16.17890000
1.91024524 16.26050000
1.92645793 16.33330000
1.94267063 16.38360000
1.95888331 16.38970000
1.97509601 16.35210000
1.99130870 16.30100000
2.00752139 16.27660000
2.02373408 16.35590000
2.03994678 16.45830000
2.05615946 16.54630000
2.07237216 16.59800000
2.08858485 16.61100000
2.10479754 16.62830000
2.12101023 16.68070000
2.13748378 16.68240000
2.15395733 16.68680000
2.17043088 16.69190000
2.18690443 16.69460000
2.20337797 16.68480000
2.21985152 16.61640000
2.23632507 16.52610000
2.25279862 16.46100000
2.26927217 16.41300000
2.28574571 16.36530000
2.30221926 16.31210000
2.31869281 16.25280000
2.33516636 16.18790000
2.35163991 16.11770000
2.36811346 16.04180000
2.38458700 15.95920000
2.40106055 15.87060000
2.41753410 15.78020000
2.43400765 15.69450000
2.45048120 15.61990000
2.46695474 15.56080000
2.48342829 15.51800000
2.49990184 15.48990000
2.51637539 15.47530000
2.53284894 15.47570000
2.54932249 15.49760000
2.56579603 15.55020000
2.58226958 15.62720000
2.59874313 15.70870000
2.61521668 15.77710000
2.63169023 15.82120000
2.64816377 15.83620000
2.66445018 15.82580000
2.68073659 15.81620000
2.69702301 15.81040000
2.71330942 15.81050000
2.72959583 15.81870000
2.74588223 15.84120000
2.76216865 15.87930000
2.77845506 15.92280000
2.79474147 15.97120000
2.81102788 16.02330000
2.82731430 16.07760000
2.84360071 16.13060000
2.85988712 16.17200000
2.87617352 16.18440000
2.89245994 16.15940000
2.90874635 16.14390000
2.92503276 16.13550000
2.94131917 16.11520000
2.95760558 16.08300000
2.97389200 16.04040000
2.99017840 15.98870000
3.00646481 15.92860000
3.02275122 15.86210000
3.03903764 15.80010000
3.05532405 15.76890000
3.07161046 15.76230000
3.08789687 15.75370000
3.10418328 15.73890000
3.12046969 15.72520000
3.13675610 15.72330000
3.15304251 15.73470000
3.16932893 15.75170000
3.18561534 15.76520000
3.20190175 15.76990000
3.21811444 15.75330000
3.23432713 15.69600000
3.25053982 15.62700000
3.26675252 15.59750000
3.28296520 15.61430000
3.29917790 15.65330000
3.31539059 15.69680000
3.33160328 15.71430000
3.34781597 15.71090000
3.36402867 15.70620000
3.38024135 15.69110000
3.39645405 15.63800000
3.41266674 15.59080000
3.42887943 15.58500000
3.44509212 15.60360000
3.46130482 15.62870000
3.47751750 15.66090000
3.49373020 15.70480000
3.50994289 15.76080000
3.52615558 15.82180000
3.54236827 15.87700000
3.55858096 15.90710000
3.57479365 15.89150000
3.59100634 15.87050000
3.60721904 15.87790000
3.62343172 15.88620000
3.63964442 15.88430000
3.65585711 15.87910000
3.67206980 15.87550000
3.68828249 15.87430000

0.00000000 15.86110000
0.01647355 15.89150000
0.03294710 15.95590000
0.04942064 16.02700000
0.06589419 16.09540000
0.08236774 16.15170000
0.09884129 16.16860000
0.11531484 16.12680000
0.13178839 16.06550000
0.14826193 16.02450000
0.16473548 16.01860000
0.18120903 15.93090000
0.19768258 15.84850000
0.21415613 15.77420000
0.23062967 15.70910000
0.24710322 15.65420000
0.26357677 15.61160000
0.28005032 15.62770000
0.29652387 15.64740000
0.31299741 15.68310000
0.32947096 15.72120000
0.34594451 15.68040000
0.36241806 15.58670000
0.37889161 15.50140000
0.39536516 15.47170000
0.41183870 15.48850000
0.42831225 15.56540000
0.44478580 15.64310000
0.46125935 15.59810000
0.47773290 15.53260000
0.49420644 15.48080000
0.51067999 15.47420000
0.52715354 15.48710000
0.54343995 15.50050000
0.55972636 15.53720000
0.57601278 15.58680000
0.59229919 15.64490000
0.60858559 15.71410000
0.62487200 15.79510000
0.64115842 15.88510000
0.65744483 15.97980000
0.67373124 16.07380000
0.69001765 16.16030000
0.70630407 16.23230000
0.72259047 16.28510000
0.73887688 16.31810000
0.75516329 16.33460000
0.77144971 16.34280000
0.78773612 16.35420000
0.80402253 16.37570000
0.82030893 16.40370000
0.83659534 16.42980000
0.85288176 16.44880000
0.86916817 16.46120000
0.88545458 16.46950000
0.90174099 16.47330000
0.91802741 16.42460000
0.93431382 16.33570000
0.95060022 16.25470000
0.96688663 16.19010000
0.98317305 16.14600000
0.99945946 16.11710000
1.01574587 16.08130000
1.03203228 16.02530000
1.04831870 15.99050000
1.06460510 16.01620000
1.08089151 16.03320000
1.09717792 16.02520000
1.11346433 16.01630000
1.12975075 16.01130000
1.14603716 15.96860000
1.16232357 15.97060000
1.17860997 16.03320000
1.19489639 16.12790000
1.21118280 16.19780000
1.22746921 16.13440000
1.24375562 16.06170000
1.26004204 15.99350000
1.27632845 15.95220000
1.29261485 15.94760000
1.30890126 15.96440000
1.32518768 15.98820000
1.34147409 16.00610000
1.35776050 15.99770000
1.37404691 16.01330000
1.39033332 16.04880000
1.40661973 16.04350000
1.42290614 16.00530000
1.43919255 15.97240000
1.45547896 15.96160000
1.47176538 15.97900000
1.48805179 16.02290000
1.50433820 16.07870000
1.52062460 16.14270000
1.53691102 16.17280000
1.55319743 16.10700000
1.56948384 16.03560000
1.58577025 15.96920000
1.60205667 15.91360000
1.61834308 15.87520000
1.63462948 15.86110000
1.65084218 15.87240000
1.66705486 15.90590000
1.68326756 15.95910000
1.69948025 16.02560000
1.71569294 16.09490000
1.73190563 16.15670000
1.74811833 16.21210000
1.76433101 16.23510000
1.78054371 16.31950000
1.79675640 16.40870000
1.81296909 16.45740000
1.82918178 16.47600000
1.84539448 16.51690000
1.86160716 16.58360000
1.87781986 16.64800000
1.89403255 16.66160000
1.91024524 16.65650000
1.92645793 16.63590000
1.94267063 16.61200000
1.95888331 16.60580000
1.97509601 16.61530000
1.99130870 16.61410000
2.00752139 16.59150000
2.02373408 16.56490000
2.03994678 16.58770000
2.05615946 16.68050000
2.07237216 16.77740000
2.08858485 16.80080000
2.10479754 16.75000000
2.12101023 16.68070000
2.13748378 16.68240000
2.15395733 16.68680000
2.17043088 16.69190000
2.18690443 16.69460000
2.20337797 16.68480000
2.21985152 16.61640000
2.23632507 16.52610000
2.25279862 16.46100000
2.26927217 16.41300000
2.28574571 16.36530000
2.30221926 16.31210000
2.31869281 16.25280000
2.33516636 16.18790000
2.35163991 16.11770000
2.36811346 16.04180000
2.38458700 15.95920000
2.40106055 15.87060000
2.41753410 15.78020000
2.43400765 15.69450000
2.45048120 15.61990000
2.46695474 15.56080000
2.48342829 15.51800000
2.49990184 15.48990000
2.51637539 15.47530000
2.53284894 15.47570000
2.54932249 15.49760000
2.56579603 15.55020000
2.58226958 15.62720000
2.59874313 15.70870000
2.61521668 15.77710000
2.63169023 15.82120000
2.64816377 15.83620000
2.66445018 15.84350000
2.68073659 15.84520000
2.69702301 15.84240000
2.71330942 15.84010000
2.72959583 15.84550000
2.74588223 15.86430000
2.76216865 15.90220000
2.77845506 15.96260000
2.79474147 16.03610000
2.81102788 16.11820000
2.82731430 16.20570000
2.84360071 16.29240000
2.85988712 16.36850000
2.87617352 16.42090000
2.89245994 16.44260000
2.90874635 16.44360000
2.92503276 16.43500000
2.94131917 16.41810000
2.95760558 16.38210000
2.97389200 16.31910000
2.99017840 16.23750000
3.00646481 16.14880000
3.02275122 16.06350000
3.03903764 15.99050000
3.05532405 15.93610000
3.07161046 15.90640000
3.08789687 15.90230000
3.10418328 15.91410000
3.12046969 15.93240000
3.13675610 15.95210000
3.15304251 15.97010000
3.16932893 15.97920000
3.18561534 15.97030000
3.20190175 15.96110000
3.21811444 15.95560000
3.23432713 15.96610000
3.25053982 15.97110000
3.26675252 15.94760000
3.28296520 15.91430000
3.29917790 15.88930000
3.31539059 15.89060000
3.33160328 15.90220000
3.34781597 15.87760000
3.36402867 15.82720000
3.38024135 15.80630000
3.39645405 15.85770000
3.41266674 15.93570000
3.42887943 16.01230000
3.44509212 16.07220000
3.46130482 16.10440000
3.47751750 16.10900000
3.49373020 16.09820000
3.50994289 16.07890000
3.52615558 16.05270000
3.54236827 16.02220000
3.55858096 16.00240000
3.57479365 16.01780000
3.59100634 16.04370000
3.60721904 16.04890000
3.62343172 16.03770000
3.63964442 16.03190000
3.65585711 16.03160000
3.67206980 16.03260000
3.68828249 16.03320000

0.00000000 16.42140000
0.01647355 16.42600000
0.03294710 16.43060000
0.04942064 16.41620000
0.06589419 16.37730000
0.08236774 16.32620000
0.09884129 16.28480000
0.11531484 16.25050000
0.13178839 16.18800000
0.14826193 16.10650000
0.16473548 16.03530000
0.18120903 16.06780000
0.19768258 16.07060000
0.21415613 16.00550000
0.23062967 15.91970000
0.24710322 15.83780000
0.26357677 15.77690000
0.28005032 15.79170000
0.29652387 15.88600000
0.31299741 15.87270000
0.32947096 15.84560000
0.34594451 15.83860000
0.36241806 15.85270000
0.37889161 15.87020000
0.39536516 15.86280000
0.41183870 15.82400000
0.42831225 15.76530000
0.44478580 15.72490000
0.46125935 15.81410000
0.47773290 15.90650000
0.49420644 15.88730000
0.51067999 15.85890000
0.52715354 15.84490000
0.54343995 15.82250000
0.55972636 15.81660000
0.57601278 15.85600000
0.59229919 15.93890000
0.60858559 16.04540000
0.62487200 16.14130000
0.64115842 16.19280000
0.65744483 16.23020000
0.67373124 16.27490000
0.69001765 16.33060000
0.70630407 16.39600000
0.72259047 16.46610000
0.73887688 16.53510000
0.75516329 16.59900000
0.77144971 16.65520000
0.78773612 16.69960000
0.80402253 16.72720000
0.82030893 16.73760000
0.83659534 16.73320000
0.85288176 16.71220000
0.86916817 16.66920000
0.88545458 16.60340000
0.90174099 16.52220000
0.91802741 16.47990000
0.93431382 16.46820000
0.95060022 16.44430000
0.96688663 16.40730000
0.98317305 16.35950000
0.99945946 16.30800000
1.01574587 16.27530000
1.03203228 16.28180000
1.04831870 16.31040000
1.06460510 16.33620000
1.08089151 16.34740000
1.09717792 16.29550000
1.11346433 16.20270000
1.12975075 16.15240000
1.14603716 16.20590000
1.16232357 16.28920000
1.17860997 16.33930000
1.19489639 16.31590000
1.21118280 16.26730000
1.22746921 16.33590000
1.24375562 16.37890000
1.26004204 16.38950000
1.27632845 16.38990000
1.29261485 16.38810000
1.30890126 16.35340000
1.32518768 16.22460000
1.34147409 16.11930000
1.35776050 16.09450000
1.37404691 16.11320000
1.39033332 16.12180000
1.40661973 16.14770000
1.42290614 16.19190000
1.43919255 16.23040000
1.45547896 16.25820000
1.47176538 16.27370000
1.48805179 16.27720000
1.50433820 16.26810000
1.52062460 16.23710000
1.53691102 16.22700000
1.55319743 16.30370000
1.56948384 16.37320000
1.58577025 16.41520000
1.60205667 16.42640000
1.61834308 16.42370000
1.63462948 16.42140000
1.65084218 16.42270000
1.66705486 16.42430000
1.68326756 16.41940000
1.69948025 16.39930000
1.71569294 16.36190000
1.73190563 16.31330000
1.74811833 16.26340000
1.76433101 16.27460000
1.78054371 16.35400000
1.79675640 16.44470000
1.81296909 16.52100000
1.82918178 16.56070000
1.84539448 16.59200000
1.86160716 16.62340000
1.87781986 16.64910000
1.89403255 16.70000000
1.91024524 16.74260000
1.92645793 16.78410000
1.94267063 16.83190000
1.95888331 16.88830000
1.97509601 16.94990000
1.99130870 17.00790000
2.00752139 17.05050000
2.02373408 17.06590000
2.03994678 17.05380000
2.05615946 17.03260000
2.07237216 17.03720000
2.08858485 17.09200000
2.10479754 17.18480000
2.12101023 17.29100000
2.13748378 17.22820000
2.15395733 17.12260000
2.17043088 17.00630000
2.18690443 16.88670000
2.20337797 16.77880000
2.21985152 16.73750000
2.23632507 16.74300000
2.25279862 16.76130000
2.26927217 16.77970000
2.28574571 16.77430000
2.30221926 16.71570000
2.31869281 16.61460000
2.33516636 16.49820000
2.35163991 16.38060000
2.36811346 16.27060000
2.38458700 16.17540000
2.40106055 16.10130000
2.41753410 16.05250000
2.43400765 16.03370000
2.45048120 16.05050000
2.46695474 16.10620000
2.48342829 16.19700000
2.49990184 16.30900000
2.51637539 16.41310000
2.53284894 16.44650000
2.54932249 16.40040000
2.56579603 16.33650000
2.58226958 16.28130000
2.59874313 16.24390000
2.61521668 16.22600000
2.63169023 16.22200000
2.64816377 16.22220000
2.66445018 16.20470000
2.68073659 16.19500000
2.69702301 16.19370000
2.71330942 16.20260000
2.72959583 16.22340000
2.74588223 16.25660000
2.76216865 16.30240000
2.77845506 16.36010000
2.79474147 16.42790000
2.81102788 16.50310000
2.82731430 16.58230000
2.84360071 16.65660000
2.85988712 16.68030000
2.87617352 16.65720000
2.89245994 16.64060000
2.90874635 16.61230000
2.92503276 16.57090000
2.94131917 16.52840000
2.95760558 16.49670000
2.97389200 16.47710000
2.99017840 16.45310000
3.00646481 16.41200000
3.02275122 16.35400000
3.03903764 16.28730000
3.05532405 16.22080000
3.07161046 16.16130000
3.08789687 16.11420000
3.10418328 16.08390000
3.12046969 16.07130000
3.13675610 16.07170000
3.15304251 16.07730000
3.16932893 16.07900000
3.18561534 16.06480000
3.20190175 16.06130000
3.21811444 16.04360000
3.23432713 16.03030000
3.25053982 16.03590000
3.26675252 16.04810000
3.28296520 16.04520000
3.29917790 16.04110000
3.31539059 16.04280000
3.33160328 16.05670000
3.34781597 16.09910000
3.36402867 16.15200000
3.38024135 16.19440000
3.39645405 16.21740000
3.41266674 16.22170000
3.42887943 16.21540000
3.44509212 16.20860000
3.46130482 16.20950000
3.47751750 16.21670000
3.49373020 16.22120000
3.50994289 16.22270000
3.52615558 16.22450000
3.54236827 16.22640000
3.55858096 16.22280000
3.57479365 16.20690000
3.59100634 16.18380000
3.60721904 16.18840000
3.62343172 16.22890000
3.63964442 16.27640000
3.65585711 16.31510000
3.67206980 16.33930000
3.68828249 16.34740000

0.00000000 16.69720000
0.01647355 16.69250000
0.03294710 16.68410000
0.04942064 16.66940000
0.06589419 16.62810000
0.08236774 16.56930000
0.09884129 16.51480000
0.11531484 16.49070000
0.13178839 16.48970000
0.14826193 16.45060000
0.16473548 16.35900000
0.18120903 16.27260000
0.19768258 16.23160000
0.21415613 16.25780000
0.23062967 16.23640000
0.24710322 16.15820000
0.26357677 16.07710000
0.28005032 16.00670000
0.29652387 15.97700000
0.31299741 16.00220000
0.32947096 15.93940000
0.34594451 15.95630000
0.36241806 16.02150000
0.37889161 16.06980000
0.39536516 16.08440000
0.41183870 16.05930000
0.42831225 16.01460000
0.44478580 15.97160000
0.46125935 15.93720000
0.47773290 15.91210000
0.49420644 15.91560000
0.51067999 15.90200000
0.52715354 15.89860000
0.54343995 15.94050000
0.55972636 16.01060000
0.57601278 16.08890000
0.59229919 16.17160000
0.60858559 16.22750000
0.62487200 16.26960000
0.64115842 16.36670000
0.65744483 16.48430000
0.67373124 16.59610000
0.69001765 16.69740000
0.70630407 16.78730000
0.72259047 16.85100000
0.73887688 16.88130000
0.75516329 16.90670000
0.77144971 16.93820000
0.78773612 16.97390000
0.80402253 17.01120000
0.82030893 17.04510000
0.83659534 17.06790000
0.85288176 17.07950000
0.86916817 17.06060000
0.88545458 16.99390000
0.90174099 16.92720000
0.91802741 16.87420000
0.93431382 16.83530000
0.95060022 16.80080000
0.96688663 16.74990000
0.98317305 16.67360000
0.99945946 16.59400000
1.01574587 16.53280000
1.03203228 16.49790000
1.04831870 16.49310000
1.06460510 16.48520000
1.08089151 16.45930000
1.09717792 16.45040000
1.11346433 16.41000000
1.12975075 16.38230000
1.14603716 16.37130000
1.16232357 16.37520000
1.17860997 16.39870000
1.19489639 16.39610000
1.21118280 16.41620000
1.22746921 16.46560000
1.24375562 16.54670000
1.26004204 16.63370000
1.27632845 16.61360000
1.29261485 16.50310000
1.30890126 16.39670000
1.32518768 16.37980000
1.34147409 16.35860000
1.35776050 16.33010000
1.37404691 16.30860000
1.39033332 16.31770000
1.40661973 16.35700000
1.42290614 16.40150000
1.43919255 16.43460000
1.45547896 16.45190000
1.47176538 16.45790000
1.48805179 16.45870000
1.50433820 16.46470000
1.52062460 16.48890000
1.53691102 16.52710000
1.55319743 16.56480000
1.56948384 16.59560000
1.58577025 16.62700000
1.60205667 16.66270000
1.61834308 16.68860000
1.63462948 16.69720000
1.65084218 16.68970000
1.66705486 16.66970000
1.68326756 16.64430000
1.69948025 16.62350000
1.71569294 16.61860000
1.73190563 16.63800000
1.74811833 16.67020000
1.76433101 16.66900000
1.78054371 16.63590000
1.79675640 16.61520000
1.81296909 16.64120000
1.82918178 16.73040000
1.84539448 16.84370000
1.86160716 16.95840000
1.87781986 17.06420000
1.89403255 17.15150000
1.91024524 17.20890000
1.92645793 17.22820000
1.94267063 17.21450000
1.95888331 17.18240000
1.97509601 17.14770000
1.99130870 17.12310000
2.00752139 17.11160000
2.02373408 17.10450000
2.03994678 17.09050000
2.05615946 17.06660000
2.07237216 17.05280000
2.08858485 17.10790000
2.10479754 17.23160000
2.12101023 17.29100000
2.13748378 17.22820000
2.15395733 17.12260000
2.17043088 17.00630000
2.18690443 16.88670000
2.20337797 16.77880000
2.21985152 16.73750000
2.23632507 16.74300000
2.25279862 16.76130000
2.26927217 16.77970000
2.28574571 16.77430000
2.30221926 16.71570000
2.31869281 16.61460000
2.33516636 16.49820000
2.35163991 16.38060000
2.36811346 16.27060000
2.38458700 16.17540000
2.40106055 16.10130000
2.41753410 16.05250000
2.43400765 16.03370000
2.45048120 16.05050000
2.46695474 16.10620000
2.48342829 16.19700000
2.49990184 16.30900000
2.51637539 16.41310000
2.53284894 16.44650000
2.54932249 16.40040000
2.56579603 16.33650000
2.58226958 16.28130000
2.59874313 16.24390000
2.61521668 16.22600000
2.63169023 16.22200000
2.64816377 16.22220000
2.66445018 16.25100000
2.68073659 16.29500000
2.69702301 16.35450000
2.71330942 16.42560000
2.72959583 16.50280000
2.74588223 16.57950000
2.76216865 16.64910000
2.77845506 16.70630000
2.79474147 16.74900000
2.81102788 16.77610000
2.82731430 16.78140000
2.84360071 16.76320000
2.85988712 16.76520000
2.87617352 16.76970000
2.89245994 16.76000000
2.90874635 16.77500000
2.92503276 16.79820000
2.94131917 16.80590000
2.95760558 16.78960000
2.97389200 16.74570000
2.99017840 16.68220000
3.00646481 16.61420000
3.02275122 16.54740000
3.03903764 16.48250000
3.05532405 16.42220000
3.07161046 16.37110000
3.08789687 16.33310000
3.10418328 16.30740000
3.12046969 16.28490000
3.13675610 16.23990000
3.15304251 16.16740000
3.16932893 16.10590000
3.18561534 16.09250000
3.20190175 16.09200000
3.21811444 16.12080000
3.23432713 16.14330000
3.25053982 16.14680000
3.26675252 16.15200000
3.28296520 16.16670000
3.29917790 16.18180000
3.31539059 16.20490000
3.33160328 16.25050000
3.34781597 16.30590000
3.36402867 16.34100000
3.38024135 16.34860000
3.39645405 16.34160000
3.41266674 16.33010000
3.42887943 16.31720000
3.44509212 16.30460000
3.46130482 16.29460000
3.47751750 16.28960000
3.49373020 16.28860000
3.50994289 16.28830000
3.52615558 16.28870000
3.54236827 16.29350000
3.55858096 16.30720000
3.57479365 16.32940000
3.59100634 16.35450000
3.60721904 16.37760000
3.62343172 16.39820000
3.63964442 16.41770000
3.65585711 16.43630000
3.67206980 16.45220000
3.68828249 16.45930000

0.00000000 16.77490000
0.01647355 16.77110000
0.03294710 16.76070000
0.04942064 16.75790000
0.06589419 16.77590000
0.08236774 16.76790000
0.09884129 16.70530000
0.11531484 16.62880000
0.13178839 16.54880000
0.14826193 16.50770000
0.16473548 16.54440000
0.18120903 16.60410000
0.19768258 16.51670000
0.21415613 16.42950000
0.23062967 16.43400000
0.24710322 16.50020000
0.26357677 16.44240000
0.28005032 16.31370000
0.29652387 16.19260000
0.31299741 16.17800000
0.32947096 16.31280000
0.34594451 16.37790000
0.36241806 16.36860000
0.37889161 16.37780000
0.39536516 16.41030000
0.41183870 16.41730000
0.42831225 16.31590000
0.44478580 16.20940000
0.46125935 16.11860000
0.47773290 16.07230000
0.49420644 16.12650000
0.51067999 16.16940000
0.52715354 16.16530000
0.54343995 16.17670000
0.55972636 16.20480000
0.57601278 16.22880000
0.59229919 16.23740000
0.60858559 16.28050000
0.62487200 16.37670000
0.64115842 16.48370000
0.65744483 16.59590000
0.67373124 16.70560000
0.69001765 16.79850000
0.70630407 16.86610000
0.72259047 16.93140000
0.73887688 17.01710000
0.75516329 17.09690000
0.77144971 17.15000000
0.78773612 17.18510000
0.80402253 17.20910000
0.82030893 17.22630000
0.83659534 17.23020000
0.85288176 17.18390000
0.86916817 17.14160000
0.88545458 17.15200000
0.90174099 17.16570000
0.91802741 17.15350000
0.93431382 17.10180000
0.95060022 17.02250000
0.96688663 16.94570000
0.98317305 16.88440000
0.99945946 16.82040000
1.01574587 16.74200000
1.03203228 16.65480000
1.04831870 16.57140000
1.06460510 16.54250000
1.08089151 16.57150000
1.09717792 16.57600000
1.11346433 16.62470000
1.12975075 16.65980000
1.14603716 16.64700000
1.16232357 16.58900000
1.17860997 16.53320000
1.19489639 16.57570000
1.21118280 16.65060000
1.22746921 16.65610000
1.24375562 16.63790000
1.26004204 16.65020000
1.27632845 16.71860000
1.29261485 16.79370000
1.30890126 16.82970000
1.32518768 16.82250000
1.34147409 16.81840000
1.35776050 16.82430000
1.37404691 16.82680000
1.39033332 16.81480000
1.40661973 16.79730000
1.42290614 16.78940000
1.43919255 16.79930000
1.45547896 16.82530000
1.47176538 16.85410000
1.48805179 16.86420000
1.50433820 16.84650000
1.52062460 16.81190000
1.53691102 16.77230000
1.55319743 16.73890000
1.56948384 16.72250000
1.58577025 16.72720000
1.60205667 16.74530000
1.61834308 16.76580000
1.63462948 16.77490000
1.65084218 16.76620000
1.66705486 16.74590000
1.68326756 16.72810000
1.69948025 16.72760000
1.71569294 16.75070000
1.73190563 16.79320000
1.74811833 16.84660000
1.76433101 16.90040000
1.78054371 16.94110000
1.79675640 16.96680000
1.81296909 17.01100000
1.82918178 17.09930000
1.84539448 17.21800000
1.86160716 17.32040000
1.87781986 17.37270000
1.89403255 17.41900000
1.91024524 17.47100000
1.92645793 17.52410000
1.94267063 17.57070000
1.95888331 17.60530000
1.97509601 17.62670000
1.99130870 17.63910000
2.00752139 17.65350000
2.02373408 17.68320000
2.03994678 17.73580000
2.05615946 17.76030000
2.07237216 17.65100000
2.08858485 17.53590000
2.10479754 17.41950000
2.12101023 17.39230000
2.13748378 17.43740000
2.15395733 17.48560000
2.17043088 17.49520000
2.18690443 17.45940000
2.20337797 17.39190000
2.21985152 17.30950000
2.23632507 17.22230000
2.25279862 17.13470000
2.26927217 17.04990000
2.28574571 16.97780000
2.30221926 16.93530000
2.31869281 16.91300000
2.33516636 16.89800000
2.35163991 16.89040000
2.36811346 16.89180000
2.38458700 16.90200000
2.40106055 16.91890000
2.41753410 16.93820000
2.43400765 16.95190000
2.45048120 16.94750000
2.46695474 16.91220000
2.48342829 16.84740000
2.49990184 16.76950000
2.51637539 16.70500000
2.53284894 16.70260000
2.54932249 16.74370000
2.56579603 16.75080000
2.58226958 16.72530000
2.59874313 16.69230000
2.61521668 16.66800000
2.63169023 16.65850000
2.64816377 16.65760000
2.66445018 16.66040000
2.68073659 16.67070000
2.69702301 16.68590000
2.71330942 16.70420000
2.72959583 16.72530000
2.74588223 16.75010000
2.76216865 16.77970000
2.77845506 16.81480000
2.79474147 16.85160000
2.81102788 16.88220000
2.82731430 16.89920000
2.84360071 16.89840000
2.85988712 16.89490000
2.87617352 16.94200000
2.89245994 17.00120000
2.90874635 17.01150000
2.92503276 17.01530000
2.94131917 17.00530000
2.95760558 16.95940000
2.97389200 16.91440000
2.99017840 16.89070000
3.00646481 16.88160000
3.02275122 16.87640000
3.03903764 16.86290000
3.05532405 16.82810000
3.07161046 16.75920000
3.08789687 16.66110000
3.10418328 16.55390000
3.12046969 16.45710000
3.13675610 16.40030000
3.15304251 16.39350000
3.16932893 16.40950000
3.18561534 16.42280000
3.20190175 16.42230000
3.21811444 16.43610000
3.23432713 16.46510000
3.25053982 16.49180000
3.26675252 16.52030000
3.28296520 16.54690000
3.29917790 16.55870000
3.31539059 16.55230000
3.33160328 16.53880000
3.34781597 16.52890000
3.36402867 16.52560000
3.38024135 16.52510000
3.39645405 16.52620000
3.41266674 16.53030000
3.42887943 16.53800000
3.44509212 16.54870000
3.46130482 16.56240000
3.47751750 16.57960000
3.49373020 16.60130000
3.50994289 16.62770000
3.52615558 16.65640000
3.54236827 16.66820000
3.55858096 16.60960000
3.57479365 16.53190000
3.59100634 16.48950000
3.60721904 16.48650000
3.62343172 16.50790000
3.63964442 16.53820000
3.65585711 16.56270000
3.67206980 16.57160000
3.68828249 16.57150000

0.00000000 17.28090000
0.01647355 17.19020000
0.03294710 17.09040000
0.04942064 16.99550000
0.06589419 16.91110000
0.08236774 16.85760000
0.09884129 16.83540000
0.11531484 16.80840000
0.13178839 16.80550000
0.14826193 16.85520000
0.16473548 16.76390000
0.18120903 16.66020000
0.19768258 16.73990000
0.21415613 16.84850000
0.23062967 16.75860000
0.24710322 16.64020000
0.26357677 16.66560000
0.28005032 16.73070000
0.29652387 16.65930000
0.31299741 16.57420000
0.32947096 16.51390000
0.34594451 16.56680000
0.36241806 16.68010000
0.37889161 16.64280000
0.39536516 16.58950000
0.41183870 16.54410000
0.42831225 16.63420000
0.44478580 16.62050000
0.46125935 16.53230000
0.47773290 16.43260000
0.49420644 16.35650000
0.51067999 16.37040000
0.52715354 16.43220000
0.54343995 16.41660000
0.55972636 16.39600000
0.57601278 16.40780000
0.59229919 16.46740000
0.60858559 16.55670000
0.62487200 16.65880000
0.64115842 16.76470000
0.65744483 16.86830000
0.67373124 16.96600000
0.69001765 17.05790000
0.70630407 17.14400000
0.72259047 17.21370000
0.73887688 17.25450000
0.75516329 17.27880000
0.77144971 17.29450000
0.78773612 17.30760000
0.80402253 17.33730000
0.82030893 17.36400000
0.83659534 17.35170000
0.85288176 17.36940000
0.86916817 17.41240000
0.88545458 17.45540000
0.90174099 17.49000000
0.91802741 17.49160000
0.93431382 17.44140000
0.95060022 17.37620000
0.96688663 17.30960000
0.98317305 17.25090000
0.99945946 17.19930000
1.01574587 17.12530000
1.03203228 17.01500000
1.04831870 16.89420000
1.06460510 16.78410000
1.08089151 16.72600000
1.09717792 16.79780000
1.11346433 16.92430000
1.12975075 17.04270000
1.14603716 17.11500000
1.16232357 17.14290000
1.17860997 17.08820000
1.19489639 16.96850000
1.21118280 16.86520000
1.22746921 16.86830000
1.24375562 16.94170000
1.26004204 16.96580000
1.27632845 16.94980000
1.29261485 16.93730000
1.30890126 16.94190000
1.32518768 16.98450000
1.34147409 17.00950000
1.35776050 17.00850000
1.37404691 17.00660000
1.39033332 17.02270000
1.40661973 17.04480000
1.42290614 17.04330000
1.43919255 17.01910000
1.45547896 16.98840000
1.47176538 16.96050000
1.48805179 16.94870000
1.50433820 16.95560000
1.52062460 16.97780000
1.53691102 17.01370000
1.55319743 17.05800000
1.56948384 17.10430000
1.58577025 17.14910000
1.60205667 17.19380000
1.61834308 17.24190000
1.63462948 17.28090000
1.65084218 17.28610000
1.66705486 17.24120000
1.68326756 17.17890000
1.69948025 17.10420000
1.71569294 17.02190000
1.73190563 16.94150000
1.74811833 16.88560000
1.76433101 16.90160000
1.78054371 16.98550000
1.79675640 17.09390000
1.81296909 17.20730000
1.82918178 17.30650000
1.84539448 17.34990000
1.86160716 17.42420000
1.87781986 17.53570000
1.89403255 17.54440000
1.91024524 17.55060000
1.92645793 17.57350000
1.94267063 17.61070000
1.95888331 17.65150000
1.97509601 17.68920000
1.99130870 17.72320000
2.00752139 17.75650000
2.02373408 17.79390000
2.03994678 17.83330000
2.05615946 17.80710000
2.07237216 17.84530000
2.08858485 17.69880000
2.10479754 17.54350000
2.12101023 17.39230000
2.13748378 17.43740000
2.15395733 17.48560000
2.17043088 17.49520000
2.18690443 17.45940000
2.20337797 17.39190000
2.21985152 17.30950000
2.23632507 17.22230000
2.25279862 17.13470000
2.26927217 17.04990000
2.28574571 16.97780000
2.30221926 16.93530000
2.31869281 16.91300000
2.33516636 16.89800000
2.35163991 16.89040000
2.36811346 16.89180000
2.38458700 16.90200000
2.40106055 16.91890000
2.41753410 16.93820000
2.43400765 16.95190000
2.45048120 16.94750000
2.46695474 16.91220000
2.48342829 16.84740000
2.49990184 16.76950000
2.51637539 16.70500000
2.53284894 16.70260000
2.54932249 16.74370000
2.56579603 16.75080000
2.58226958 16.72530000
2.59874313 16.69230000
2.61521668 16.66800000
2.63169023 16.65850000
2.64816377 16.65760000
2.66445018 16.66550000
2.68073659 16.68530000
2.69702301 16.71660000
2.71330942 16.75970000
2.72959583 16.81520000
2.74588223 16.88400000
2.76216865 16.96590000
2.77845506 17.05560000
2.79474147 17.12870000
2.81102788 17.12430000
2.82731430 17.08170000
2.84360071 17.05700000
2.85988712 17.05590000
2.87617352 17.06070000
2.89245994 17.09130000
2.90874635 17.16570000
2.92503276 17.18090000
2.94131917 17.15750000
2.95760558 17.17450000
2.97389200 17.21280000
2.99017840 17.24440000
3.00646481 17.24330000
3.02275122 17.18060000
3.03903764 17.08200000
3.05532405 16.98050000
3.07161046 16.89410000
3.08789687 16.82340000
3.10418328 16.75620000
3.12046969 16.68830000
3.13675610 16.62120000
3.15304251 16.55930000
3.16932893 16.51090000
3.18561534 16.49330000
3.20190175 16.50220000
3.21811444 16.50770000
3.23432713 16.53100000
3.25053982 16.56710000
3.26675252 16.59670000
3.28296520 16.62100000
3.29917790 16.63830000
3.31539059 16.65790000
3.33160328 16.68610000
3.34781597 16.73000000
3.36402867 16.80360000
3.38024135 16.90650000
3.39645405 16.98380000
3.41266674 17.03230000
3.42887943 17.09170000
3.44509212 17.15800000
3.46130482 17.20550000
3.47751750 17.19570000
3.49373020 17.13020000
3.50994289 17.03080000
3.52615558 16.91570000
3.54236827 16.81980000
3.55858096 16.81360000
3.57479365 16.86510000
3.59100634 16.91750000
3.60721904 16.87230000
3.62343172 16.81950000
3.63964442 16.77430000
3.65585711 16.74270000
3.67206980 16.72860000
3.68828249 16.72600000

0.00000000 17.30400000
0.01647355 17.39110000
0.03294710 17.46150000
0.04942064 17.45640000
0.06589419 17.41040000
0.08236774 17.33740000
0.09884129 17.24490000
0.11531484 17.13680000
0.13178839 17.01700000
0.14826193 16.89180000
0.16473548 16.94690000
0.18120903 17.05060000
0.19768258 17.03560000
0.21415613 16.90960000
0.23062967 16.96320000
0.24710322 16.96570000
0.26357677 16.88070000
0.28005032 16.82660000
0.29652387 16.91990000
0.31299741 17.01030000
0.32947096 16.90970000
0.34594451 16.79490000
0.36241806 16.75010000
0.37889161 16.71440000
0.39536516 16.66130000
0.41183870 16.70100000
0.42831225 16.72210000
0.44478580 16.81090000
0.46125935 16.89880000
0.47773290 16.89820000
0.49420644 16.81100000
0.51067999 16.68750000
0.52715354 16.60430000
0.54343995 16.63380000
0.55972636 16.70070000
0.57601278 16.78370000
0.59229919 16.87430000
0.60858559 16.96760000
0.62487200 17.05900000
0.64115842 17.14380000
0.65744483 17.21920000
0.67373124 17.28770000
0.69001765 17.35300000
0.70630407 17.39340000
0.72259047 17.38150000
0.73887688 17.36710000
0.75516329 17.37300000
0.77144971 17.42420000
0.78773612 17.48040000
0.80402253 17.48160000
0.82030893 17.47360000
0.83659534 17.50950000
0.85288176 17.56290000
0.86916817 17.60870000
0.88545458 17.61140000
0.90174099 17.58230000
0.91802741 17.56600000
0.93431382 17.58650000
0.95060022 17.58720000
0.96688663 17.54290000
0.98317305 17.46400000
0.99945946 17.37300000
1.01574587 17.31230000
1.03203228 17.29780000
1.04831870 17.30290000
1.06460510 17.31050000
1.08089151 17.31370000
1.09717792 17.28930000
1.11346433 17.23990000
1.12975075 17.20940000
1.14603716 17.22950000
1.16232357 17.24600000
1.17860997 17.25210000
1.19489639 17.26130000
1.21118280 17.24380000
1.22746921 17.20230000
1.24375562 17.13250000
1.26004204 17.04290000
1.27632845 17.00260000
1.29261485 17.03220000
1.30890126 17.10750000
1.32518768 17.18000000
1.34147409 17.24150000
1.35776050 17.27820000
1.37404691 17.25720000
1.39033332 17.20100000
1.40661973 17.15300000
1.42290614 17.13940000
1.43919255 17.14670000
1.45547896 17.14830000
1.47176538 17.14080000
1.48805179 17.13840000
1.50433820 17.15930000
1.52062460 17.20070000
1.53691102 17.24710000
1.55319743 17.28600000
1.56948384 17.31250000
1.58577025 17.32820000
1.60205667 17.33460000
1.61834308 17.32670000
1.63462948 17.30400000
1.65084218 17.29010000
1.66705486 17.31300000
1.68326756 17.33860000
1.69948025 17.35470000
1.71569294 17.35150000
1.73190563 17.32540000
1.74811833 17.28170000
1.76433101 17.23490000
1.78054371 17.20830000
1.79675640 17.22110000
1.81296909 17.26140000
1.82918178 17.31700000
1.84539448 17.41600000
1.86160716 17.49410000
1.87781986 17.56170000
1.89403255 17.71780000
1.91024524 17.87230000
1.92645793 17.99680000
1.94267063 18.06280000
1.95888331 18.10060000
1.97509601 18.10430000
1.99130870 18.07780000
2.00752139 18.02650000
2.02373408 17.95490000
2.03994678 17.87250000
2.05615946 17.89870000
2.07237216 17.89470000
2.08858485 17.96820000
2.10479754 18.02940000
2.12101023 18.06000000
2.13748378 18.03790000
2.15395733 17.99170000
2.17043088 17.95110000
2.18690443 17.91450000
2.20337797 17.84570000
2.21985152 17.73720000
2.23632507 17.61230000
2.25279862 17.48990000
2.26927217 17.38560000
2.28574571 17.31530000
2.30221926 17.29050000
2.31869281 17.30850000
2.33516636 17.35330000
2.35163991 17.40740000
2.36811346 17.45470000
2.38458700 17.47900000
2.40106055 17.46800000
2.41753410 17.42410000
2.43400765 17.36350000
2.45048120 17.30630000
2.46695474 17.26680000
2.48342829 17.24190000
2.49990184 17.21740000
2.51637539 17.18900000
2.53284894 17.17130000
2.54932249 17.19430000
2.56579603 17.26780000
2.58226958 17.32240000
2.59874313 17.27210000
2.61521668 17.17460000
2.63169023 17.09240000
2.64816377 17.06000000
2.66445018 17.06530000
2.68073659 17.09040000
2.69702301 17.13230000
2.71330942 17.18760000
2.72959583 17.24980000
2.74588223 17.30560000
2.76216865 17.33110000
2.77845506 17.31360000
2.79474147 17.28790000
2.81102788 17.32790000
2.82731430 17.37930000
2.84360071 17.38180000
2.85988712 17.37070000
2.87617352 17.36600000
2.89245994 17.36460000
2.90874635 17.35790000
2.92503276 17.39900000
2.94131917 17.48170000
2.95760558 17.54010000
2.97389200 17.53290000
2.99017840 17.46610000
3.00646481 17.39250000
3.02275122 17.35230000
3.03903764 17.32080000
3.05532405 17.27160000
3.07161046 17.20430000
3.08789687 17.12610000
3.10418328 17.04230000
3.12046969 16.95520000
3.13675610 16.86660000
3.15304251 16.77920000
3.16932893 16.69760000
3.18561534 16.62880000
3.20190175 16.59490000
3.21811444 16.59920000
3.23432713 16.61390000
3.25053982 16.64260000
3.26675252 16.67400000
3.28296520 16.70130000
3.29917790 16.74690000
3.31539059 16.81050000
3.33160328 16.87420000
3.34781597 16.92330000
3.36402867 16.95210000
3.38024135 16.97800000
3.39645405 17.05710000
3.41266674 17.18240000
3.42887943 17.29890000
3.44509212 17.38710000
3.46130482 17.44890000
3.47751750 17.49410000
3.49373020 17.41680000
3.50994289 17.31650000
3.52615558 17.22420000
3.54236827 17.14250000
3.55858096 17.06890000
3.57479365 17.00180000
3.59100634 16.95710000
3.60721904 17.02330000
3.62343172 17.10510000
3.63964442 17.18290000
3.65585711 17.24890000
3.67206980 17.29590000
3.68828249 17.31370000

0.00000000 17.50350000
0.01647355 17.50580000
0.03294710 17.52640000
0.04942064 17.59510000
0.06589419 17.63460000
0.08236774 17.59770000
0.09884129 17.55800000
0.11531484 17.53970000
0.13178839 17.50810000
0.14826193 17.43110000
0.16473548 17.31950000
0.18120903 17.19710000
0.19768258 17.18750000
0.21415613 17.22890000
0.23062967 17.16560000
0.24710322 17.16690000
0.26357677 17.22590000
0.28005032 17.22720000
0.29652387 17.15000000
0.31299741 17.04900000
0.32947096 17.05160000
0.34594451 16.96470000
0.36241806 16.84290000
0.37889161 16.91900000
0.39536516 17.09770000
0.41183870 17.26520000
0.42831225 17.39760000
0.44478580 17.49990000
0.46125935 17.58430000
0.47773290 17.65140000
0.49420644 17.73970000
0.51067999 17.78760000
0.52715354 17.79850000
0.54343995 17.79870000
0.55972636 17.79810000
0.57601278 17.79130000
0.59229919 17.77010000
0.60858559 17.73210000
0.62487200 17.68730000
0.64115842 17.64390000
0.65744483 17.59730000
0.67373124 17.54190000
0.69001765 17.48710000
0.70630407 17.45540000
0.72259047 17.45480000
0.73887688 17.46900000
0.75516329 17.49720000
0.77144971 17.52600000
0.78773612 17.57810000
0.80402253 17.65920000
0.82030893 17.67520000
0.83659534 17.66230000
0.85288176 17.65800000
0.86916817 17.66270000
0.88545458 17.69670000
0.90174099 17.73000000
0.91802741 17.72980000
0.93431382 17.72020000
0.95060022 17.73970000
0.96688663 17.79080000
0.98317305 17.81720000
0.99945946 17.78710000
1.01574587 17.75690000
1.03203228 17.73490000
1.04831870 17.72000000
1.06460510 17.71140000
1.08089151 17.70850000
1.09717792 17.73220000
1.11346433 17.75790000
1.12975075 17.72510000
1.14603716 17.65360000
1.16232357 17.58220000
1.17860997 17.53970000
1.19489639 17.49760000
1.21118280 17.41190000
1.22746921 17.27960000
1.24375562 17.16620000
1.26004204 17.15800000
1.27632845 17.22560000
1.29261485 17.30770000
1.30890126 17.37570000
1.32518768 17.42550000
1.34147409 17.47300000
1.35776050 17.52030000
1.37404691 17.53420000
1.39033332 17.57300000
1.40661973 17.54670000
1.42290614 17.48620000
1.43919255 17.44740000
1.45547896 17.43710000
1.47176538 17.45160000
1.48805179 17.48820000
1.50433820 17.54050000
1.52062460 17.59510000
1.53691102 17.63080000
1.55319743 17.64690000
1.56948384 17.65150000
1.58577025 17.63220000
1.60205667 17.58270000
1.61834308 17.52760000
1.63462948 17.50350000
1.65084218 17.52390000
1.66705486 17.57510000
1.68326756 17.64400000
1.69948025 17.72280000
1.71569294 17.80570000
1.73190563 17.87720000
1.74811833 17.86930000
1.76433101 17.85500000
1.78054371 17.83450000
1.79675640 17.81340000
1.81296909 17.80110000
1.82918178 17.80770000
1.84539448 17.81540000
1.86160716 17.78160000
1.87781986 17.78900000
1.89403255 17.84200000
1.91024524 17.91790000
1.92645793 18.01170000
1.94267063 18.12130000
1.95888331 18.19570000
1.97509601 18.23980000
1.99130870 18.25610000
2.00752139 18.24320000
2.02373408 18.19600000
2.03994678 18.11020000
2.05615946 17.99190000
2.07237216 17.95720000
2.08858485 18.01270000
2.10479754 18.05190000
2.12101023 18.06000000
2.13748378 18.03790000
2.15395733 17.99170000
2.17043088 17.95110000
2.18690443 17.91450000
2.20337797 17.84570000
2.21985152 17.73720000
2.23632507 17.61230000
2.25279862 17.48990000
2.26927217 17.38560000
2.28574571 17.31530000
2.30221926 17.29050000
2.31869281 17.30850000
2.33516636 17.35330000
2.35163991 17.40740000
2.36811346 17.45470000
2.38458700 17.47900000
2.40106055 17.46800000
2.41753410 17.42410000
2.43400765 17.36350000
2.45048120 17.30630000
2.46695474 17.26680000
2.48342829 17.24190000
2.49990184 17.21740000
2.51637539 17.18900000
2.53284894 17.17130000
2.54932249 17.19430000
2.56579603 17.26780000
2.58226958 17.32240000
2.59874313 17.27210000
2.61521668 17.17460000
2.63169023 17.09240000
2.64816377 17.06000000
2.66445018 17.07750000
2.68073659 17.11960000
2.69702301 17.18430000
2.71330942 17.26650000
2.72959583 17.35780000
2.74588223 17.44600000
2.76216865 17.50810000
2.77845506 17.51120000
2.79474147 17.47830000
2.81102788 17.44900000
2.82731430 17.45720000
2.84360071 17.50090000
2.85988712 17.54460000
2.87617352 17.59880000
2.89245994 17.65730000
2.90874635 17.71250000
2.92503276 17.76780000
2.94131917 17.78930000
2.95760558 17.74810000
2.97389200 17.71210000
2.99017840 17.69570000
3.00646481 17.67360000
3.02275122 17.64240000
3.03903764 17.60700000
3.05532405 17.56380000
3.07161046 17.50210000
3.08789687 17.41820000
3.10418328 17.32510000
3.12046969 17.23830000
3.13675610 17.16740000
3.15304251 17.11570000
3.16932893 17.08240000
3.18561534 17.06430000
3.20190175 17.05870000
3.21811444 17.04500000
3.23432713 17.02050000
3.25053982 17.01290000
3.26675252 17.04210000
3.28296520 17.10360000
3.29917790 17.16150000
3.31539059 17.16730000
3.33160328 17.13260000
3.34781597 17.11230000
3.36402867 17.13260000
3.38024135 17.18950000
3.39645405 17.27080000
3.41266674 17.36780000
3.42887943 17.46870000
3.44509212 17.55270000
3.46130482 17.58230000
3.47751750 17.56850000
3.49373020 17.67000000
3.50994289 17.80850000
3.52615558 17.95370000
3.54236827 18.07540000
3.55858096 18.06470000
3.57479365 17.99990000
3.59100634 17.92820000
3.60721904 17.86100000
3.62343172 17.80580000
3.63964442 17.76720000
3.65585711 17.74220000
3.67206980 17.72040000
3.68828249 17.70850000

0.00000000 17.93030000
0.01647355 17.93140000
0.03294710 17.93360000
0.04942064 17.88630000
0.06589419 17.82980000
0.08236774 17.87680000
0.09884129 17.96610000
0.11531484 17.92020000
0.13178839 17.85270000
0.14826193 17.77230000
0.16473548 17.65940000
0.18120903 17.54050000
0.19768258 17.43090000
0.21415613 17.39260000
0.23062967 17.47160000
0.24710322 17.52790000
0.26357677 17.50490000
0.28005032 17.45240000
0.29652387 17.39320000
0.31299741 17.32410000
0.32947096 17.31900000
0.34594451 17.41760000
0.36241806 17.54920000
0.37889161 17.62220000
0.39536516 17.53640000
0.41183870 17.49010000
0.42831225 17.53350000
0.44478580 17.64940000
0.46125935 17.74070000
0.47773290 17.81100000
0.49420644 17.89870000
0.51067999 18.03320000
0.52715354 18.13100000
0.54343995 18.10350000
0.55972636 18.04430000
0.57601278 17.98120000
0.59229919 17.92920000
0.60858559 17.88720000
0.62487200 17.83720000
0.64115842 17.77700000
0.65744483 17.71880000
0.67373124 17.66140000
0.69001765 17.60880000
0.70630407 17.58920000
0.72259047 17.64100000
0.73887688 17.73380000
0.75516329 17.82360000
0.77144971 17.87280000
0.78773612 17.86050000
0.80402253 17.84200000
0.82030893 17.90250000
0.83659534 17.96440000
0.85288176 17.98270000
0.86916817 17.98700000
0.88545458 17.97120000
0.90174099 17.95740000
0.91802741 17.98250000
0.93431382 18.03380000
0.95060022 18.01800000
0.96688663 17.94150000
0.98317305 17.91540000
0.99945946 17.93730000
1.01574587 17.91850000
1.03203228 17.89220000
1.04831870 17.87070000
1.06460510 17.85680000
1.08089151 17.85200000
1.09717792 17.85010000
1.11346433 17.87120000
1.12975075 17.94060000
1.14603716 17.87880000
1.16232357 17.82780000
1.17860997 17.77960000
1.19489639 17.69190000
1.21118280 17.63140000
1.22746921 17.62170000
1.24375562 17.62740000
1.26004204 17.63200000
1.27632845 17.63090000
1.29261485 17.62590000
1.30890126 17.62500000
1.32518768 17.62220000
1.34147409 17.57810000
1.35776050 17.53670000
1.37404691 17.58870000
1.39033332 17.63260000
1.40661973 17.64980000
1.42290614 17.65690000
1.43919255 17.63610000
1.45547896 17.62000000
1.47176538 17.63400000
1.48805179 17.67010000
1.50433820 17.70160000
1.52062460 17.72380000
1.53691102 17.76830000
1.55319743 17.84150000
1.56948384 17.91530000
1.58577025 17.92970000
1.60205667 17.92380000
1.61834308 17.92750000
1.63462948 17.93030000
1.65084218 17.92710000
1.66705486 17.91810000
1.68326756 17.90560000
1.69948025 17.89290000
1.71569294 17.88360000
1.73190563 17.88630000
1.74811833 17.95540000
1.76433101 17.99860000
1.78054371 18.00300000
1.79675640 17.97320000
1.81296909 17.92420000
1.82918178 17.86800000
1.84539448 17.83950000
1.86160716 17.89440000
1.87781986 17.96430000
1.89403255 18.04150000
1.91024524 18.12240000
1.92645793 18.20820000
1.94267063 18.29880000
1.95888331 18.37790000
1.97509601 18.42800000
1.99130870 18.45430000
2.00752139 18.46620000
2.02373408 18.46840000
2.03994678 18.46210000
2.05615946 18.45080000
2.07237216 18.43880000
2.08858485 18.42700000
2.10479754 18.41660000
2.12101023 18.41440000
2.13748378 18.39440000
2.15395733 18.34010000
2.17043088 18.26480000
2.18690443 18.19540000
2.20337797 18.16820000
2.21985152 18.18360000
2.23632507 18.21500000
2.25279862 18.24500000
2.26927217 18.26430000
2.28574571 18.26720000
2.30221926 18.25110000
2.31869281 18.21660000
2.33516636 18.16750000
2.35163991 18.11080000
2.36811346 18.05670000
2.38458700 18.01770000
2.40106055 17.99990000
2.41753410 17.98890000
2.43400765 17.95840000
2.45048120 17.90680000
2.46695474 17.85330000
2.48342829 17.81570000
2.49990184 17.80450000
2.51637539 17.81860000
2.53284894 17.83930000
2.54932249 17.81690000
2.56579603 17.73180000
2.58226958 17.68350000
2.59874313 17.75870000
2.61521668 17.89080000
2.63169023 18.00430000
2.64816377 18.04950000
2.66445018 18.03550000
2.68073659 17.99780000
2.69702301 17.93930000
2.71330942 17.86760000
2.72959583 17.79240000
2.74588223 17.72610000
2.76216865 17.69250000
2.77845506 17.72190000
2.79474147 17.76800000
2.81102788 17.75550000
2.82731430 17.72270000
2.84360071 17.74240000
2.85988712 17.81300000
2.87617352 17.82940000
2.89245994 17.80090000
2.90874635 17.80930000
2.92503276 17.83370000
2.94131917 17.85930000
2.95760558 17.88970000
2.97389200 17.85030000
2.99017840 17.80780000
3.00646481 17.76500000
3.02275122 17.71860000
3.03903764 17.68070000
3.05532405 17.65390000
3.07161046 17.61550000
3.08789687 17.56670000
3.10418328 17.52090000
3.12046969 17.47900000
3.13675610 17.44100000
3.15304251 17.40780000
3.16932893 17.38140000
3.18561534 17.36420000
3.20190175 17.35810000
3.21811444 17.38520000
3.23432713 17.45030000
3.25053982 17.52600000
3.26675252 17.57070000
3.28296520 17.52270000
3.29917790 17.45270000
3.31539059 17.44080000
3.33160328 17.48680000
3.34781597 17.55540000
3.36402867 17.63930000
3.38024135 17.73820000
3.39645405 17.84700000
3.41266674 17.91850000
3.42887943 17.86700000
3.44509212 17.83310000
3.46130482 17.85520000
3.47751750 17.93460000
3.49373020 18.03410000
3.50994289 18.11880000
3.52615558 18.15660000
3.54236827 18.15870000
3.55858096 18.23680000
3.57479365 18.28170000
3.59100634 18.23780000
3.60721904 18.15880000
3.62343172 18.06680000
3.63964442 17.97590000
3.65585711 17.90180000
3.67206980 17.86160000
3.68828249 17.85200000

0.00000000 18.30780000
0.01647355 18.17100000
0.03294710 18.03660000
0.04942064 17.98050000
0.06589419 18.00970000
0.08236774 18.04560000
0.09884129 18.01150000
0.11531484 18.05230000
0.13178839 17.96200000
0.14826193 17.92890000
0.16473548 17.95810000
0.18120903 17.99840000
0.19768258 18.01830000
0.21415613 17.98190000
0.23062967 17.91580000
0.24710322 17.88970000
0.26357677 17.92610000
0.28005032 17.89620000
0.29652387 17.90780000
0.31299741 17.94270000
0.32947096 17.91790000
0.34594451 17.83930000
0.36241806 17.74000000
0.37889161 17.70350000
0.39536516 17.84250000
0.41183870 17.98330000
0.42831225 17.92870000
0.44478580 17.80030000
0.46125935 17.78880000
0.47773290 17.90130000
0.49420644 18.04020000
0.51067999 18.17260000
0.52715354 18.23100000
0.54343995 18.21680000
0.55972636 18.17360000
0.57601278 18.11190000
0.59229919 18.04300000
0.60858559 17.97650000
0.62487200 17.92190000
0.64115842 17.87680000
0.65744483 17.84610000
0.67373124 17.85300000
0.69001765 17.89940000
0.70630407 17.96660000
0.72259047 18.03640000
0.73887688 18.09130000
0.75516329 18.08830000
0.77144971 18.05990000
0.78773612 18.04260000
0.80402253 18.02980000
0.82030893 18.02720000
0.83659534 18.07770000
0.85288176 18.15700000
0.86916817 18.19670000
0.88545458 18.21510000
0.90174099 18.20390000
0.91802741 18.16430000
0.93431382 18.10610000
0.95060022 18.08590000
0.96688663 18.06640000
0.98317305 18.03000000
0.99945946 18.03240000
1.01574587 18.09870000
1.03203228 18.17620000
1.04831870 18.24200000
1.06460510 18.28270000
1.08089151 18.29530000
1.09717792 18.24990000
1.11346433 18.12860000
1.12975075 17.99740000
1.14603716 18.05320000
1.16232357 18.13250000
1.17860997 18.11670000
1.19489639 18.17290000
1.21118280 18.26430000
1.22746921 18.30140000
1.24375562 18.25190000
1.26004204 18.16720000
1.27632845 18.07410000
1.29261485 17.97760000
1.30890126 17.88000000
1.32518768 17.80710000
1.34147409 17.80290000
1.35776050 17.81110000
1.37404691 17.75810000
1.39033332 17.69990000
1.40661973 17.72860000
1.42290614 17.78290000
1.43919255 17.83440000
1.45547896 17.87190000
1.47176538 17.88060000
1.48805179 17.88200000
1.50433820 17.91250000
1.52062460 17.98190000
1.53691102 18.05710000
1.55319743 18.05670000
1.56948384 18.02390000
1.58577025 18.06300000
1.60205667 18.14970000
1.61834308 18.23640000
1.63462948 18.30780000
1.65084218 18.30700000
1.66705486 18.29850000
1.68326756 18.28330000
1.69948025 18.26570000
1.71569294 18.24930000
1.73190563 18.23830000
1.74811833 18.23700000
1.76433101 18.24670000
1.78054371 18.25900000
1.79675640 18.28200000
1.81296909 18.30380000
1.82918178 18.32010000
1.84539448 18.33130000
1.86160716 18.33900000
1.87781986 18.34460000
1.89403255 18.35000000
1.91024524 18.35770000
1.92645793 18.37190000
1.94267063 18.39870000
1.95888331 18.44320000
1.97509601 18.49760000
1.99130870 18.54000000
2.00752139 18.55510000
2.02373408 18.54700000
2.03994678 18.52670000
2.05615946 18.50130000
2.07237216 18.47460000
2.08858485 18.44840000
2.10479754 18.42610000
2.12101023 18.41440000
2.13748378 18.39440000
2.15395733 18.34010000
2.17043088 18.26480000
2.18690443 18.19540000
2.20337797 18.16820000
2.21985152 18.18360000
2.23632507 18.21500000
2.25279862 18.24500000
2.26927217 18.26430000
2.28574571 18.26720000
2.30221926 18.25110000
2.31869281 18.21660000
2.33516636 18.16750000
2.35163991 18.11080000
2.36811346 18.05670000
2.38458700 18.01770000
2.40106055 17.99990000
2.41753410 17.98890000
2.43400765 17.95840000
2.45048120 17.90680000
2.46695474 17.85330000
2.48342829 17.81570000
2.49990184 17.80450000
2.51637539 17.81860000
2.53284894 17.83930000
2.54932249 17.81690000
2.56579603 17.73180000
2.58226958 17.68350000
2.59874313 17.75870000
2.61521668 17.89080000
2.63169023 18.00430000
2.64816377 18.04950000
2.66445018 18.04350000
2.68073659 18.02240000
2.69702301 17.98820000
2.71330942 17.94460000
2.72959583 17.89870000
2.74588223 17.86490000
2.76216865 17.86460000
2.77845506 17.90700000
2.79474147 17.96440000
2.81102788 17.98720000
2.82731430 17.99230000
2.84360071 17.96780000
2.85988712 17.92580000
2.87617352 17.94590000
2.89245994 18.00190000
2.90874635 17.99650000
2.92503276 17.96790000
2.94131917 17.94060000
2.95760558 17.92330000
2.97389200 17.94230000
2.99017840 17.91760000
3.00646481 17.88110000
3.02275122 17.85730000
3.03903764 17.82730000
3.05532405 17.78970000
3.07161046 17.78610000
3.08789687 17.82680000
3.10418328 17.88830000
3.12046969 17.94940000
3.13675610 17.99180000
3.15304251 18.01890000
3.16932893 18.03780000
3.18561534 18.04970000
3.20190175 18.05380000
3.21811444 18.02080000
3.23432713 17.94170000
3.25053982 17.84250000
3.26675252 17.76770000
3.28296520 17.78690000
3.29917790 17.84860000
3.31539059 17.91050000
3.33160328 17.97230000
3.34781597 18.03480000
3.36402867 18.08490000
3.38024135 18.08820000
3.39645405 18.03020000
3.41266674 17.99900000
3.42887943 18.09810000
3.44509212 18.14230000
3.46130482 18.13840000
3.47751750 18.17140000
3.49373020 18.22410000
3.50994289 18.27690000
3.52615558 18.33200000
3.54236827 18.36800000
3.55858096 18.36860000
3.57479365 18.38060000
3.59100634 18.41120000
3.60721904 18.41180000
3.62343172 18.39550000
3.63964442 18.37080000
3.65585711 18.33890000
3.67206980 18.30840000
3.68828249 18.29530000

0.00000000 18.31230000
0.01647355 18.42900000
0.03294710 18.43310000
0.04942064 18.35260000
0.06589419 18.25410000
0.08236774 18.15670000
0.09884129 18.11550000
0.11531484 18.07600000
0.13178839 18.18030000
0.14826193 18.25630000
0.16473548 18.24980000
0.18120903 18.20660000
0.19768258 18.15510000
0.21415613 18.13710000
0.23062967 18.13620000
0.24710322 18.05270000
0.26357677 17.99210000
0.28005032 18.08550000
0.29652387 18.10650000
0.31299741 18.09640000
0.32947096 18.14250000
0.34594451 18.21800000
0.36241806 18.27750000
0.37889161 18.30250000
0.39536516 18.26500000
0.41183870 18.10450000
0.42831225 18.13720000
0.44478580 18.26340000
0.46125935 18.32130000
0.47773290 18.40180000
0.49420644 18.48970000
0.51067999 18.47190000
0.52715354 18.41520000
0.54343995 18.43110000
0.55972636 18.46190000
0.57601278 18.47200000
0.59229919 18.43330000
0.60858559 18.36800000
0.62487200 18.30740000
0.64115842 18.26490000
0.65744483 18.23920000
0.67373124 18.22060000
0.69001765 18.20180000
0.70630407 18.18110000
0.72259047 18.15910000
0.73887688 18.13950000
0.75516329 18.15960000
0.77144971 18.20320000
0.78773612 18.25660000
0.80402253 18.30230000
0.82030893 18.30640000
0.83659534 18.29300000
0.85288176 18.30170000
0.86916817 18.32590000
0.88545458 18.33840000
0.90174099 18.36920000
0.91802741 18.37200000
0.93431382 18.28580000
0.95060022 18.22740000
0.96688663 18.26170000
0.98317305 18.34190000
0.99945946 18.42580000
1.01574587 18.46870000
1.03203228 18.46350000
1.04831870 18.45780000
1.06460510 18.46310000
1.08089151 18.46870000
1.09717792 18.44710000
1.11346433 18.42520000
1.12975075 18.39970000
1.14603716 18.30970000
1.16232357 18.21320000
1.17860997 18.28140000
1.19489639 18.37800000
1.21118280 18.44270000
1.22746921 18.48160000
1.24375562 18.44410000
1.26004204 18.33850000
1.27632845 18.22930000
1.29261485 18.13670000
1.30890126 18.07160000
1.32518768 18.02480000
1.34147409 17.98180000
1.35776050 17.96150000
1.37404691 18.00080000
1.39033332 18.04180000
1.40661973 18.00690000
1.42290614 17.96070000
1.43919255 17.94340000
1.45547896 17.94530000
1.47176538 17.97160000
1.48805179 18.01230000
1.50433820 18.05410000
1.52062460 18.08980000
1.53691102 18.11970000
1.55319743 18.19280000
1.56948384 18.27700000
1.58577025 18.34080000
1.60205667 18.37040000
1.61834308 18.35880000
1.63462948 18.31230000
1.65084218 18.30870000
1.66705486 18.30460000
1.68326756 18.29990000
1.69948025 18.29230000
1.71569294 18.28100000
1.73190563 18.26640000
1.74811833 18.25200000
1.76433101 18.24710000
1.78054371 18.26730000
1.79675640 18.29430000
1.81296909 18.32500000
1.82918178 18.35780000
1.84539448 18.39200000
1.86160716 18.42730000
1.87781986 18.46270000
1.89403255 18.49670000
1.91024524 18.52890000
1.92645793 18.56270000
1.94267063 18.60780000
1.95888331 18.66530000
1.97509601 18.67180000
1.99130870 18.68310000
2.00752139 18.68460000
2.02373408 18.60630000
2.03994678 18.55600000
2.05615946 18.53240000
2.07237216 18.52370000
2.08858485 18.52360000
2.10479754 18.53170000
2.12101023 18.54800000
2.13748378 18.57920000
2.15395733 18.64950000
2.17043088 18.71690000
2.18690443 18.74880000
2.20337797 18.75260000
2.21985152 18.74970000
2.23632507 18.74950000
2.25279862 18.75500000
2.26927217 18.76690000
2.28574571 18.78370000
2.30221926 18.79930000
2.31869281 18.79450000
2.33516636 18.74360000
2.35163991 18.65910000
2.36811346 18.56360000
2.38458700 18.46980000
2.40106055 18.38900000
2.41753410 18.33930000
2.43400765 18.33870000
2.45048120 18.38000000
2.46695474 18.43610000
2.48342829 18.46900000
2.49990184 18.42050000
2.51637539 18.29780000
2.53284894 18.16670000
2.54932249 18.09540000
2.56579603 18.11710000
2.58226958 18.18000000
2.59874313 18.25320000
2.61521668 18.32730000
2.63169023 18.39970000
2.64816377 18.44200000
2.66445018 18.41300000
2.68073659 18.37460000
2.69702301 18.33780000
2.71330942 18.29970000
2.72959583 18.25390000
2.74588223 18.19780000
2.76216865 18.12990000
2.77845506 18.05680000
2.79474147 18.01580000
2.81102788 18.07910000
2.82731430 18.16350000
2.84360071 18.16300000
2.85988712 18.13450000
2.87617352 18.10720000
2.89245994 18.09960000
2.90874635 18.12100000
2.92503276 18.11430000
2.94131917 18.09760000
2.95760558 18.09910000
2.97389200 18.09590000
2.99017840 18.04810000
3.00646481 18.01460000
3.02275122 17.98670000
3.03903764 17.96750000
3.05532405 17.96040000
3.07161046 17.96370000
3.08789687 17.97610000
3.10418328 17.99810000
3.12046969 18.03510000
3.13675610 18.09210000
3.15304251 18.15000000
3.16932893 18.18510000
3.18561534 18.19670000
3.20190175 18.19860000
3.21811444 18.21190000
3.23432713 18.22110000
3.25053982 18.18610000
3.26675252 18.14950000
3.28296520 18.11910000
3.29917790 18.10700000
3.31539059 18.12360000
3.33160328 18.16710000
3.34781597 18.21830000
3.36402867 18.23150000
3.38024135 18.21930000
3.39645405 18.23030000
3.41266674 18.23490000
3.42887943 18.22130000
3.44509212 18.26170000
3.46130482 18.36700000
3.47751750 18.44310000
3.49373020 18.45610000
3.50994289 18.44880000
3.52615558 18.44140000
3.54236827 18.45750000
3.55858096 18.49080000
3.57479365 18.50110000
3.59100634 18.50070000
3.60721904 18.50900000
3.62343172 18.51110000
3.63964442 18.50030000
3.65585711 18.48440000
3.67206980 18.47270000
3.68828249 18.46870000

0.00000000 18.54810000
0.01647355 18.53390000
0.03294710 18.56080000
0.04942064 18.53510000
0.06589419 18.44410000
0.08236774 18.33970000
0.09884129 18.25190000
0.11531484 18.24310000
0.13178839 18.27320000
0.14826193 18.31920000
0.16473548 18.41700000
0.18120903 18.47650000
0.19768258 18.38850000
0.21415613 18.27960000
0.23062967 18.17560000
0.24710322 18.15830000
0.26357677 18.15600000
0.28005032 18.15470000
0.29652387 18.25640000
0.31299741 18.40180000
0.32947096 18.52030000
0.34594451 18.55290000
0.36241806 18.52190000
0.37889161 18.43180000
0.39536516 18.31560000
0.41183870 18.29330000
0.42831225 18.28220000
0.44478580 18.30050000
0.46125935 18.41360000
0.47773290 18.52490000
0.49420644 18.59870000
0.51067999 18.65650000
0.52715354 18.60270000
0.54343995 18.62080000
0.55972636 18.64340000
0.57601278 18.60700000
0.59229919 18.57930000
0.60858559 18.55630000
0.62487200 18.52570000
0.64115842 18.49170000
0.65744483 18.46060000
0.67373124 18.43580000
0.69001765 18.41720000
0.70630407 18.40370000
0.72259047 18.39820000
0.73887688 18.40630000
0.75516329 18.42970000
0.77144971 18.45710000
0.78773612 18.44080000
0.80402253 18.41330000
0.82030893 18.42520000
0.83659534 18.45570000
0.85288176 18.48760000
0.86916817 18.54430000
0.88545458 18.55560000
0.90174099 18.50500000
0.91802741 18.46850000
0.93431382 18.51930000
0.95060022 18.57190000
0.96688663 18.58820000
0.98317305 18.57390000
0.99945946 18.55680000
1.01574587 18.58370000
1.03203228 18.66020000
1.04831870 18.73140000
1.06460510 18.77220000
1.08089151 18.78230000
1.09717792 18.76460000
1.11346433 18.66630000
1.12975075 18.53540000
1.14603716 18.46860000
1.16232357 18.45680000
1.17860997 18.45660000
1.19489639 18.46180000
1.21118280 18.48960000
1.22746921 18.51500000
1.24375562 18.55230000
1.26004204 18.60390000
1.27632845 18.61250000
1.29261485 18.56670000
1.30890126 18.48910000
1.32518768 18.40630000
1.34147409 18.33380000
1.35776050 18.27170000
1.37404691 18.20700000
1.39033332 18.14860000
1.40661973 18.16000000
1.42290614 18.19260000
1.43919255 18.22130000
1.45547896 18.25760000
1.47176538 18.30800000
1.48805179 18.37050000
1.50433820 18.43530000
1.52062460 18.46090000
1.53691102 18.42830000
1.55319743 18.41750000
1.56948384 18.44170000
1.58577025 18.48160000
1.60205667 18.51790000
1.61834308 18.54050000
1.63462948 18.54810000
1.65084218 18.54330000
1.66705486 18.53020000
1.68326756 18.51210000
1.69948025 18.49330000
1.71569294 18.47770000
1.73190563 18.46850000
1.74811833 18.46780000
1.76433101 18.47710000
1.78054371 18.49700000
1.79675640 18.52650000
1.81296909 18.56110000
1.82918178 18.59520000
1.84539448 18.62480000
1.86160716 18.64810000
1.87781986 18.66440000
1.89403255 18.67290000
1.91024524 18.67360000
1.92645793 18.66920000
1.94267063 18.66490000
1.95888331 18.67730000
1.97509601 18.76100000
1.99130870 18.76840000
2.00752139 18.69130000
2.02373408 18.68820000
2.03994678 18.67480000
2.05615946 18.65430000
2.07237216 18.62850000
2.08858485 18.59980000
2.10479754 18.57170000
2.12101023 18.54800000
2.13748378 18.57920000
2.15395733 18.64950000
2.17043088 18.71690000
2.18690443 18.74880000
2.20337797 18.75260000
2.21985152 18.74970000
2.23632507 18.74950000
2.25279862 18.75500000
2.26927217 18.76690000
2.28574571 18.78370000
2.30221926 18.79930000
2.31869281 18.79450000
2.33516636 18.74360000
2.35163991 18.65910000
2.36811346 18.56360000
2.38458700 18.46980000
2.40106055 18.38900000
2.41753410 18.33930000
2.43400765 18.33870000
2.45048120 18.38000000
2.46695474 18.43610000
2.48342829 18.46900000
2.49990184 18.42050000
2.51637539 18.29780000
2.53284894 18.16670000
2.54932249 18.09540000
2.56579603 18.11710000
2.58226958 18.18000000
2.59874313 18.25320000
2.61521668 18.32730000
2.63169023 18.39970000
2.64816377 18.44200000
2.66445018 18.44260000
2.68073659 18.41570000
2.69702301 18.37870000
2.71330942 18.34590000
2.72959583 18.32220000
2.74588223 18.30410000
2.76216865 18.28800000
2.77845506 18.27250000
2.79474147 18.25700000
2.81102788 18.24140000
2.82731430 18.24350000
2.84360071 18.32790000
2.85988712 18.38950000
2.87617352 18.35610000
2.89245994 18.29730000
2.90874635 18.25330000
2.92503276 18.24010000
2.94131917 18.23990000
2.95760558 18.18120000
2.97389200 18.12870000
2.99017840 18.15440000
3.00646481 18.16330000
3.02275122 18.15370000
3.03903764 18.14340000
3.05532405 18.14790000
3.07161046 18.16750000
3.08789687 18.19390000
3.10418328 18.22030000
3.12046969 18.24270000
3.13675610 18.25820000
3.15304251 18.26670000
3.16932893 18.27340000
3.18561534 18.27970000
3.20190175 18.28230000
3.21811444 18.26610000
3.23432713 18.23940000
3.25053982 18.24340000
3.26675252 18.24840000
3.28296520 18.26640000
3.29917790 18.30440000
3.31539059 18.35750000
3.33160328 18.39210000
3.34781597 18.39120000
3.36402867 18.42210000
3.38024135 18.48260000
3.39645405 18.51610000
3.41266674 18.52810000
3.42887943 18.51790000
3.44509212 18.49730000
3.46130482 18.48940000
3.47751750 18.51210000
3.49373020 18.57690000
3.50994289 18.63890000
3.52615558 18.68520000
3.54236827 18.70620000
3.55858096 18.71480000
3.57479365 18.74680000
3.59100634 18.79220000
3.60721904 18.81020000
3.62343172 18.80370000
3.63964442 18.79230000
3.65585711 18.78530000
3.67206980 18.78280000
3.68828249 18.78230000

0.00000000 18.72100000
0.01647355 18.71250000
0.03294710 18.69340000
0.04942064 18.73590000
0.06589419 18.80430000
0.08236774 18.84580000
0.09884129 18.84790000
0.11531484 18.81670000
0.13178839 18.76160000
0.14826193 18.68920000
0.16473548 18.60600000
0.18120903 18.56000000
0.19768258 18.65350000
0.21415613 18.76250000
0.23062967 18.87210000
0.24710322 18.97790000
0.26357677 19.00920000
0.28005032 18.92630000
0.29652387 18.84340000
0.31299741 18.77860000
0.32947096 18.76160000
0.34594451 18.84270000
0.36241806 18.88630000
0.37889161 18.82120000
0.39536516 18.82880000
0.41183870 18.86610000
0.42831225 18.90060000
0.44478580 18.91490000
0.46125935 18.89880000
0.47773290 18.85410000
0.49420644 18.80080000
0.51067999 18.70850000
0.52715354 18.73250000
0.54343995 18.71700000
0.55972636 18.70080000
0.57601278 18.75110000
0.59229919 18.79210000
0.60858559 18.80630000
0.62487200 18.81490000
0.64115842 18.81290000
0.65744483 18.78920000
0.67373124 18.74820000
0.69001765 18.70470000
0.70630407 18.66740000
0.72259047 18.63740000
0.73887688 18.61110000
0.75516329 18.57580000
0.77144971 18.53800000
0.78773612 18.56040000
0.80402253 18.62270000
0.82030893 18.68550000
0.83659534 18.71470000
0.85288176 18.67740000
0.86916817 18.62540000
0.88545458 18.66740000
0.90174099 18.75380000
0.91802741 18.81580000
0.93431382 18.84750000
0.95060022 18.85910000
0.96688663 18.91860000
0.98317305 19.02050000
0.99945946 19.13670000
1.01574587 19.22470000
1.03203228 19.21150000
1.04831870 19.17460000
1.06460510 19.17330000
1.08089151 19.19610000
1.09717792 19.17240000
1.11346433 19.24710000
1.12975075 19.33700000
1.14603716 19.25820000
1.16232357 19.12720000
1.17860997 18.99510000
1.19489639 18.87020000
1.21118280 18.76610000
1.22746921 18.72330000
1.24375562 18.76390000
1.26004204 18.80130000
1.27632845 18.81020000
1.29261485 18.81470000
1.30890126 18.81230000
1.32518768 18.78510000
1.34147409 18.70340000
1.35776050 18.59680000
1.37404691 18.51150000
1.39033332 18.46120000
1.40661973 18.44380000
1.42290614 18.45150000
1.43919255 18.47260000
1.45547896 18.50270000
1.47176538 18.53800000
1.48805179 18.56130000
1.50433820 18.55370000
1.52062460 18.55270000
1.53691102 18.60290000
1.55319743 18.65100000
1.56948384 18.68220000
1.58577025 18.69790000
1.60205667 18.70750000
1.61834308 18.71670000
1.63462948 18.72100000
1.65084218 18.72210000
1.66705486 18.72530000
1.68326756 18.73090000
1.69948025 18.73890000
1.71569294 18.74860000
1.73190563 18.75820000
1.74811833 18.76410000
1.76433101 18.76250000
1.78054371 18.75260000
1.79675640 18.73840000
1.81296909 18.72460000
1.82918178 18.71450000
1.84539448 18.71030000
1.86160716 18.71380000
1.87781986 18.72690000
1.89403255 18.75070000
1.91024524 18.78280000
1.92645793 18.81520000
1.94267063 18.84010000
1.95888331 18.85930000
1.97509601 18.86910000
1.99130870 18.86030000
2.00752139 18.89500000
2.02373408 18.93030000
2.03994678 18.96160000
2.05615946 18.98700000
2.07237216 19.00470000
2.08858485 19.01410000
2.10479754 19.01830000
2.12101023 19.02480000
2.13748378 19.00750000
2.15395733 18.98070000
2.17043088 18.98200000
2.18690443 19.03340000
2.20337797 19.11290000
2.21985152 19.17950000
2.23632507 19.20730000
2.25279862 19.19690000
2.26927217 19.15940000
2.28574571 19.10360000
2.30221926 19.03990000
2.31869281 18.99130000
2.33516636 18.98690000
2.35163991 19.01640000
2.36811346 19.05940000
2.38458700 19.10670000
2.40106055 19.15260000
2.41753410 19.18720000
2.43400765 19.18170000
2.45048120 19.09730000
2.46695474 18.96630000
2.48342829 18.85060000
2.49990184 18.81700000
2.51637539 18.86420000
2.53284894 18.94040000
2.54932249 19.02070000
2.56579603 19.09040000
2.58226958 19.12150000
2.59874313 19.06140000
2.61521668 18.93350000
2.63169023 18.79920000
2.64816377 18.72970000
2.66445018 18.73320000
2.68073659 18.75180000
2.69702301 18.76110000
2.71330942 18.74620000
2.72959583 18.70360000
2.74588223 18.64480000
2.76216865 18.58950000
2.77845506 18.55330000
2.79474147 18.54410000
2.81102788 18.56320000
2.82731430 18.59330000
2.84360071 18.56950000
2.85988712 18.53430000
2.87617352 18.54610000
2.89245994 18.52890000
2.90874635 18.47180000
2.92503276 18.38930000
2.94131917 18.30160000
2.95760558 18.29350000
2.97389200 18.33640000
2.99017840 18.39820000
3.00646481 18.46750000
3.02275122 18.46620000
3.03903764 18.42060000
3.05532405 18.38730000
3.07161046 18.36810000
3.08789687 18.35680000
3.10418328 18.34920000
3.12046969 18.34510000
3.13675610 18.34980000
3.15304251 18.37310000
3.16932893 18.42150000
3.18561534 18.48400000
3.20190175 18.52110000
3.21811444 18.50700000
3.23432713 18.48170000
3.25053982 18.46400000
3.26675252 18.45660000
3.28296520 18.45280000
3.29917790 18.44790000
3.31539059 18.44390000
3.33160328 18.46710000
3.34781597 18.52900000
3.36402867 18.57470000
3.38024135 18.61650000
3.39645405 18.69520000
3.41266674 18.72080000
3.42887943 18.69670000
3.44509212 18.70600000
3.46130482 18.73400000
3.47751750 18.77410000
3.49373020 18.82460000
3.50994289 18.85780000
3.52615558 18.86210000
3.54236827 18.86440000
3.55858096 18.88120000
3.57479365 18.91180000
3.59100634 18.96240000
3.60721904 19.04130000
3.62343172 19.11890000
3.63964442 19.16350000
3.65585711 19.18330000
3.67206980 19.19300000
3.68828249 19.19610000

0.00000000 18.91950000
0.01647355 18.91570000
0.03294710 18.91670000
0.04942064 18.92880000
0.06589419 18.94580000
0.08236774 18.96630000
0.09884129 18.99110000
0.11531484 19.01560000
0.13178839 19.03970000
0.14826193 19.07080000
0.16473548 19.11720000
0.18120903 19.18180000
0.19768258 19.25840000
0.21415613 19.29010000
0.23062967 19.21770000
0.24710322 19.13050000
0.26357677 19.11380000
0.28005032 19.21140000
0.29652387 19.31180000
0.31299741 19.39620000
0.32947096 19.26580000
0.34594451 19.07670000
0.36241806 19.02360000
0.37889161 19.17430000
0.39536516 19.27560000
0.41183870 19.26080000
0.42831225 19.24140000
0.44478580 19.22370000
0.46125935 19.19770000
0.47773290 19.09660000
0.49420644 18.93360000
0.51067999 18.90280000
0.52715354 18.95500000
0.54343995 18.93160000
0.55972636 18.89700000
0.57601278 18.87780000
0.59229919 18.90320000
0.60858559 18.96710000
0.62487200 19.00520000
0.64115842 18.99170000
0.65744483 18.98150000
0.67373124 18.99540000
0.69001765 19.01350000
0.70630407 18.92980000
0.72259047 18.83230000
0.73887688 18.74520000
0.75516329 18.69660000
0.77144971 18.70090000
0.78773612 18.74410000
0.80402253 18.81310000
0.82030893 18.88090000
0.83659534 18.87900000
0.85288176 18.89140000
0.86916817 18.90910000
0.88545458 18.88530000
0.90174099 18.86260000
0.91802741 18.87490000
0.93431382 18.92640000
0.95060022 19.03920000
0.96688663 19.16450000
0.98317305 19.28840000
0.99945946 19.35680000
1.01574587 19.35110000
1.03203228 19.40850000
1.04831870 19.40290000
1.06460510 19.32970000
1.08089151 19.27940000
1.09717792 19.37790000
1.11346433 19.47050000
1.12975075 19.39630000
1.14603716 19.36560000
1.16232357 19.32690000
1.17860997 19.24670000
1.19489639 19.14510000
1.21118280 19.06050000
1.22746921 19.02260000
1.24375562 19.04550000
1.26004204 19.09150000
1.27632845 19.09000000
1.29261485 19.04400000
1.30890126 18.96050000
1.32518768 18.85860000
1.34147409 18.78210000
1.35776050 18.72690000
1.37404691 18.67440000
1.39033332 18.62850000
1.40661973 18.59710000
1.42290614 18.59260000
1.43919255 18.62380000
1.45547896 18.68150000
1.47176538 18.74850000
1.48805179 18.81210000
1.50433820 18.86170000
1.52062460 18.89480000
1.53691102 18.91430000
1.55319743 18.92170000
1.56948384 18.92160000
1.58577025 18.91920000
1.60205667 18.91800000
1.61834308 18.91870000
1.63462948 18.91950000
1.65084218 18.92060000
1.66705486 18.92370000
1.68326756 18.92830000
1.69948025 18.93380000
1.71569294 18.93960000
1.73190563 18.94490000
1.74811833 18.94800000
1.76433101 18.94680000
1.78054371 18.94030000
1.79675640 18.93230000
1.81296909 18.92910000
1.82918178 18.93490000
1.84539448 18.94970000
1.86160716 18.96940000
1.87781986 18.98650000
1.89403255 18.99200000
1.91024524 18.98620000
1.92645793 18.98010000
1.94267063 18.98110000
1.95888331 18.98790000
1.97509601 18.95280000
1.99130870 19.01060000
2.00752139 19.06280000
2.02373408 19.12710000
2.03994678 19.16360000
2.05615946 19.13940000
2.07237216 19.10050000
2.08858485 19.06580000
2.10479754 19.04000000
2.12101023 19.02480000
2.13748378 19.00750000
2.15395733 18.98070000
2.17043088 18.98200000
2.18690443 19.03340000
2.20337797 19.11290000
2.21985152 19.17950000
2.23632507 19.20730000
2.25279862 19.19690000
2.26927217 19.15940000
2.28574571 19.10360000
2.30221926 19.03990000
2.31869281 18.99130000
2.33516636 18.98690000
2.35163991 19.01640000
2.36811346 19.05940000
2.38458700 19.10670000
2.40106055 19.15260000
2.41753410 19.18720000
2.43400765 19.18170000
2.45048120 19.09730000
2.46695474 18.96630000
2.48342829 18.85060000
2.49990184 18.81700000
2.51637539 18.86420000
2.53284894 18.94040000
2.54932249 19.02070000
2.56579603 19.09040000
2.58226958 19.12150000
2.59874313 19.06140000
2.61521668 18.93350000
2.63169023 18.79920000
2.64816377 18.72970000
2.66445018 18.76150000
2.68073659 18.82640000
2.69702301 18.90990000
2.71330942 18.99780000
2.72959583 19.05570000
2.74588223 19.03520000
2.76216865 18.99630000
2.77845506 18.94960000
2.79474147 18.88500000
2.81102788 18.79340000
2.82731430 18.70820000
2.84360071 18.68660000
2.85988712 18.69530000
2.87617352 18.68780000
2.89245994 18.65420000
2.90874635 18.59950000
2.92503276 18.53480000
2.94131917 18.50350000
2.95760558 18.50460000
2.97389200 18.52950000
2.99017840 18.55730000
3.00646481 18.56770000
3.02275122 18.58710000
3.03903764 18.59520000
3.05532405 18.59640000
3.07161046 18.60210000
3.08789687 18.61540000
3.10418328 18.63620000
3.12046969 18.66190000
3.13675610 18.68860000
3.15304251 18.71180000
3.16932893 18.71900000
3.18561534 18.68520000
3.20190175 18.65580000
3.21811444 18.66890000
3.23432713 18.69150000
3.25053982 18.70950000
3.26675252 18.72660000
3.28296520 18.74390000
3.29917790 18.75800000
3.31539059 18.75990000
3.33160328 18.73480000
3.34781597 18.70020000
3.36402867 18.70980000
3.38024135 18.76320000
3.39645405 18.80490000
3.41266674 18.84700000
3.42887943 18.90030000
3.44509212 18.92560000
3.46130482 18.94430000
3.47751750 18.95530000
3.49373020 18.96250000
3.50994289 18.99000000
3.52615558 19.03610000
3.54236827 19.08430000
3.55858096 19.12970000
3.57479365 19.16430000
3.59100634 19.18800000
3.60721904 19.20660000
3.62343172 19.22800000
3.63964442 19.25430000
3.65585711 19.27180000
3.67206980 19.27820000
3.68828249 19.27940000

0.00000000 19.31440000
0.01647355 19.32220000
0.03294710 19.33320000
0.04942064 19.33320000
0.06589419 19.32500000
0.08236774 19.31740000
0.09884129 19.31610000
0.11531484 19.32500000
0.13178839 19.34710000
0.14826193 19.38430000
0.16473548 19.43240000
0.18120903 19.45370000
0.19768258 19.41060000
0.21415613 19.39460000
0.23062967 19.47880000
0.24710322 19.57790000
0.26357677 19.67250000
0.28005032 19.74060000
0.29652387 19.66760000
0.31299741 19.47590000
0.32947096 19.45070000
0.34594451 19.43330000
0.36241806 19.38540000
0.37889161 19.34270000
0.39536516 19.37340000
0.41183870 19.52470000
0.42831225 19.64920000
0.44478580 19.57740000
0.46125935 19.40810000
0.47773290 19.30660000
0.49420644 19.27730000
0.51067999 19.13780000
0.52715354 19.03820000
0.54343995 19.06570000
0.55972636 19.11170000
0.57601278 19.15360000
0.59229919 19.18250000
0.60858559 19.16710000
0.62487200 19.15530000
0.64115842 19.17140000
0.65744483 19.14570000
0.67373124 19.09530000
0.69001765 19.04030000
0.70630407 19.08640000
0.72259047 19.13970000
0.73887688 19.11400000
0.75516329 19.08580000
0.77144971 19.06630000
0.78773612 19.04300000
0.80402253 19.00670000
0.82030893 18.97610000
0.83659534 19.03370000
0.85288176 19.11310000
0.86916817 19.08820000
0.88545458 19.02270000
0.90174099 19.00610000
0.91802741 19.05070000
0.93431382 19.14160000
0.95060022 19.23150000
0.96688663 19.30320000
0.98317305 19.34890000
0.99945946 19.40080000
1.01574587 19.48010000
1.03203228 19.50210000
1.04831870 19.54060000
1.06460510 19.60330000
1.08089151 19.63320000
1.09717792 19.59680000
1.11346433 19.52880000
1.12975075 19.55000000
1.14603716 19.55630000
1.16232357 19.46170000
1.17860997 19.40300000
1.19489639 19.37750000
1.21118280 19.34650000
1.22746921 19.28690000
1.24375562 19.22740000
1.26004204 19.22120000
1.27632845 19.28120000
1.29261485 19.28640000
1.30890126 19.22310000
1.32518768 19.15080000
1.34147409 19.09680000
1.35776050 19.06180000
1.37404691 19.04200000
1.39033332 19.03470000
1.40661973 19.03510000
1.42290614 19.03500000
1.43919255 19.02530000
1.45547896 19.00060000
1.47176538 18.96470000
1.48805179 18.93630000
1.50433820 18.94470000
1.52062460 18.99310000
1.53691102 19.06080000
1.55319743 19.13600000
1.56948384 19.20930000
1.58577025 19.26750000
1.60205667 19.29870000
1.61834308 19.31090000
1.63462948 19.31440000
1.65084218 19.30110000
1.66705486 19.26780000
1.68326756 19.22420000
1.69948025 19.17630000
1.71569294 19.12810000
1.73190563 19.08470000
1.74811833 19.05350000
1.76433101 19.04030000
1.78054371 19.04410000
1.79675640 19.05410000
1.81296909 19.05900000
1.82918178 19.05650000
1.84539448 19.04950000
1.86160716 19.04090000
1.87781986 19.03280000
1.89403255 19.02720000
1.91024524 19.02750000
1.92645793 19.03460000
1.94267063 19.03420000
1.95888331 18.99730000
1.97509601 18.99810000
1.99130870 19.01840000
2.00752139 19.11480000
2.02373408 19.19890000
2.03994678 19.23660000
2.05615946 19.23500000
2.07237216 19.21780000
2.08858485 19.20630000
2.10479754 19.21260000
2.12101023 19.23930000
2.13748378 19.26270000
2.15395733 19.31030000
2.17043088 19.35720000
2.18690443 19.39630000
2.20337797 19.43260000
2.21985152 19.47960000
2.23632507 19.54350000
2.25279862 19.59190000
2.26927217 19.58190000
2.28574571 19.54600000
2.30221926 19.51770000
2.31869281 19.50540000
2.33516636 19.50830000
2.35163991 19.52250000
2.36811346 19.54210000
2.38458700 19.55850000
2.40106055 19.55600000
2.41753410 19.51480000
2.43400765 19.45620000
2.45048120 19.44570000
2.46695474 19.47770000
2.48342829 19.52090000
2.49990184 19.55710000
2.51637539 19.56910000
2.53284894 19.54620000
2.54932249 19.49220000
2.56579603 19.41690000
2.58226958 19.34290000
2.59874313 19.31860000
2.61521668 19.32410000
2.63169023 19.32510000
2.64816377 19.32380000
2.66445018 19.29350000
2.68073659 19.25330000
2.69702301 19.20240000
2.71330942 19.15090000
2.72959583 19.13350000
2.74588223 19.17250000
2.76216865 19.12730000
2.77845506 19.03470000
2.79474147 18.94720000
2.81102788 18.89080000
2.82731430 18.85630000
2.84360071 18.84060000
2.85988712 18.82920000
2.87617352 18.79140000
2.89245994 18.70650000
2.90874635 18.64920000
2.92503276 18.66190000
2.94131917 18.70300000
2.95760558 18.74770000
2.97389200 18.78700000
2.99017840 18.74650000
3.00646481 18.68080000
3.02275122 18.68810000
3.03903764 18.77300000
3.05532405 18.87080000
3.07161046 18.94600000
3.08789687 18.96510000
3.10418328 18.93720000
3.12046969 18.89530000
3.13675610 18.85150000
3.15304251 18.80800000
3.16932893 18.77190000
3.18561534 18.76670000
3.20190175 18.76930000
3.21811444 18.76650000
3.23432713 18.77400000
3.25053982 18.80540000
3.26675252 18.85500000
3.28296520 18.91300000
3.29917790 18.95000000
3.31539059 18.91920000
3.33160328 18.88640000
3.34781597 18.88390000
3.36402867 18.89650000
3.38024135 18.91610000
3.39645405 18.92830000
3.41266674 18.92910000
3.42887943 18.98080000
3.44509212 19.04900000
3.46130482 19.08840000
3.47751750 19.10850000
3.49373020 19.13130000
3.50994289 19.16310000
3.52615558 19.21540000
3.54236827 19.28470000
3.55858096 19.35530000
3.57479365 19.37990000
3.59100634 19.38840000
3.60721904 19.39870000
3.62343172 19.42330000
3.63964442 19.47200000
3.65585711 19.53780000
3.67206980 19.59970000
3.68828249 19.63320000

0.00000000 19.49770000
0.01647355 19.49100000
0.03294710 19.48510000
0.04942064 19.48930000
0.06589419 19.50560000
0.08236774 19.52820000
0.09884129 19.54360000
0.11531484 19.55810000
0.13178839 19.57750000
0.14826193 19.59110000
0.16473548 19.58400000
0.18120903 19.59250000
0.19768258 19.66940000
0.21415613 19.78010000
0.23062967 19.90320000
0.24710322 20.02170000
0.26357677 20.04880000
0.28005032 19.91830000
0.29652387 19.81910000
0.31299741 19.75200000
0.32947096 19.70840000
0.34594451 19.73330000
0.36241806 19.79420000
0.37889161 19.84850000
0.39536516 19.86660000
0.41183870 19.83790000
0.42831225 19.77330000
0.44478580 19.68040000
0.46125935 19.57060000
0.47773290 19.43600000
0.49420644 19.31180000
0.51067999 19.32180000
0.52715354 19.33370000
0.54343995 19.32860000
0.55972636 19.30920000
0.57601278 19.27240000
0.59229919 19.22540000
0.60858559 19.21000000
0.62487200 19.21280000
0.64115842 19.22800000
0.65744483 19.26750000
0.67373124 19.27560000
0.69001765 19.24660000
0.70630407 19.20310000
0.72259047 19.17280000
0.73887688 19.22320000
0.75516329 19.23340000
0.77144971 19.21520000
0.78773612 19.21480000
0.80402253 19.22890000
0.82030893 19.23790000
0.83659534 19.24240000
0.85288176 19.24810000
0.86916817 19.23160000
0.88545458 19.27770000
0.90174099 19.34150000
0.91802741 19.40240000
0.93431382 19.45150000
0.95060022 19.50240000
0.96688663 19.55450000
0.98317305 19.58900000
0.99945946 19.59290000
1.01574587 19.59980000
1.03203228 19.62660000
1.04831870 19.65830000
1.06460510 19.67200000
1.08089151 19.66940000
1.09717792 19.66270000
1.11346433 19.67540000
1.12975075 19.69210000
1.14603716 19.66270000
1.16232357 19.67540000
1.17860997 19.61520000
1.19489639 19.53720000
1.21118280 19.47600000
1.22746921 19.45400000
1.24375562 19.44830000
1.26004204 19.44130000
1.27632845 19.45630000
1.29261485 19.50830000
1.30890126 19.53170000
1.32518768 19.55360000
1.34147409 19.56080000
1.35776050 19.55490000
1.37404691 19.54520000
1.39033332 19.53740000
1.40661973 19.53260000
1.42290614 19.52600000
1.43919255 19.50260000
1.45547896 19.46430000
1.47176538 19.42750000
1.48805179 19.40130000
1.50433820 19.39030000
1.52062460 19.39580000
1.53691102 19.41260000
1.55319743 19.42770000
1.56948384 19.43200000
1.58577025 19.43860000
1.60205667 19.46240000
1.61834308 19.48890000
1.63462948 19.49770000
1.65084218 19.49580000
1.66705486 19.47510000
1.68326756 19.42820000
1.69948025 19.37110000
1.71569294 19.31720000
1.73190563 19.27240000
1.74811833 19.23840000
1.76433101 19.20290000
1.78054371 19.18700000
1.79675640 19.19560000
1.81296909 19.22340000
1.82918178 19.26210000
1.84539448 19.29870000
1.86160716 19.31420000
1.87781986 19.30350000
1.89403255 19.29380000
1.91024524 19.30580000
1.92645793 19.31170000
1.94267063 19.28500000
1.95888331 19.30770000
1.97509601 19.37380000
1.99130870 19.37060000
2.00752139 19.33760000
2.02373408 19.30050000
2.03994678 19.29970000
2.05615946 19.35170000
2.07237216 19.37820000
2.08858485 19.33960000
2.10479754 19.28400000
2.12101023 19.23930000
2.13748378 19.26270000
2.15395733 19.31030000
2.17043088 19.35720000
2.18690443 19.39630000
2.20337797 19.43260000
2.21985152 19.47960000
2.23632507 19.54350000
2.25279862 19.59190000
2.26927217 19.58190000
2.28574571 19.54600000
2.30221926 19.51770000
2.31869281 19.50540000
2.33516636 19.50830000
2.35163991 19.52250000
2.36811346 19.54210000
2.38458700 19.55850000
2.40106055 19.55600000
2.41753410 19.51480000
2.43400765 19.45620000
2.45048120 19.44570000
2.46695474 19.47770000
2.48342829 19.52090000
2.49990184 19.55710000
2.51637539 19.56910000
2.53284894 19.54620000
2.54932249 19.49220000
2.56579603 19.41690000
2.58226958 19.34290000
2.59874313 19.31860000
2.61521668 19.32410000
2.63169023 19.32510000
2.64816377 19.32380000
2.66445018 19.34960000
2.68073659 19.37520000
2.69702301 19.39950000
2.71330942 19.39220000
2.72959583 19.33870000
2.74588223 19.29000000
2.76216865 19.31930000
2.77845506 19.36470000
2.79474147 19.33710000
2.81102788 19.25030000
2.82731430 19.16170000
2.84360071 19.07530000
2.85988712 18.98630000
2.87617352 18.93520000
2.89245994 18.98300000
2.90874635 18.97690000
2.92503276 18.94530000
2.94131917 18.91450000
2.95760558 18.88290000
2.97389200 18.83890000
2.99017840 18.86740000
3.00646481 18.95820000
3.02275122 19.05920000
3.03903764 19.12450000
3.05532405 19.13460000
3.07161046 19.12530000
3.08789687 19.13140000
3.10418328 19.13580000
3.12046969 19.12020000
3.13675610 19.09680000
3.15304251 19.07430000
3.16932893 19.05620000
3.18561534 19.04380000
3.20190175 19.03920000
3.21811444 19.07430000
3.23432713 19.14170000
3.25053982 19.17580000
3.26675252 19.16720000
3.28296520 19.12670000
3.29917790 19.09490000
3.31539059 19.13970000
3.33160328 19.22260000
3.34781597 19.30290000
3.36402867 19.24980000
3.38024135 19.11200000
3.39645405 19.02860000
3.41266674 19.06390000
3.42887943 19.13450000
3.44509212 19.19950000
3.46130482 19.24620000
3.47751750 19.26820000
3.49373020 19.28280000
3.50994289 19.31070000
3.52615558 19.33930000
3.54236827 19.35520000
3.55858096 19.37620000
3.57479365 19.44740000
3.59100634 19.52890000
3.60721904 19.59310000
3.62343172 19.63730000
3.63964442 19.66730000
3.65585711 19.68290000
3.67206980 19.68110000
3.68828249 19.66940000

0.00000000 19.51770000
0.01647355 19.53650000
0.03294710 19.56780000
0.04942064 19.56840000
0.06589419 19.56360000
0.08236774 19.56970000
0.09884129 19.60170000
0.11531484 19.65020000
0.13178839 19.69900000
0.14826193 19.74130000
0.16473548 19.78920000
0.18120903 19.85350000
0.19768258 19.92970000
0.21415613 20.00900000
0.23062967 20.07890000
0.24710322 20.11570000
0.26357677 20.11380000
0.28005032 20.04930000
0.29652387 20.00390000
0.31299741 20.04370000
0.32947096 20.10860000
0.34594451 20.15550000
0.36241806 20.13710000
0.37889161 20.09040000
0.39536516 20.02510000
0.41183870 19.91870000
0.42831225 19.80610000
0.44478580 19.80870000
0.46125935 19.76780000
0.47773290 19.68760000
0.49420644 19.60460000
0.51067999 19.53090000
0.52715354 19.49720000
0.54343995 19.50070000
0.55972636 19.51430000
0.57601278 19.53970000
0.59229919 19.57090000
0.60858559 19.59930000
0.62487200 19.61830000
0.64115842 19.62640000
0.65744483 19.62600000
0.67373124 19.62060000
0.69001765 19.59600000
0.70630407 19.53520000
0.72259047 19.45740000
0.73887688 19.40400000
0.75516329 19.43540000
0.77144971 19.53000000
0.78773612 19.56010000
0.80402253 19.48970000
0.82030893 19.43760000
0.83659534 19.36650000
0.85288176 19.26980000
0.86916817 19.30930000
0.88545458 19.38210000
0.90174099 19.44320000
0.91802741 19.50960000
0.93431382 19.60230000
0.95060022 19.70150000
0.96688663 19.77190000
0.98317305 19.75780000
0.99945946 19.75560000
1.01574587 19.75910000
1.03203228 19.76460000
1.04831870 19.78900000
1.06460510 19.81950000
1.08089151 19.83390000
1.09717792 19.83510000
1.11346433 19.79050000
1.12975075 19.76110000
1.14603716 19.82370000
1.16232357 19.91070000
1.17860997 19.98480000
1.19489639 19.97060000
1.21118280 19.91010000
1.22746921 19.83780000
1.24375562 19.77300000
1.26004204 19.71840000
1.27632845 19.63900000
1.29261485 19.61140000
1.30890126 19.69360000
1.32518768 19.74930000
1.34147409 19.75820000
1.35776050 19.74290000
1.37404691 19.71530000
1.39033332 19.68030000
1.40661973 19.64170000
1.42290614 19.60790000
1.43919255 19.59660000
1.45547896 19.60920000
1.47176538 19.63180000
1.48805179 19.65490000
1.50433820 19.66700000
1.52062460 19.64800000
1.53691102 19.62240000
1.55319743 19.60510000
1.56948384 19.59300000
1.58577025 19.57460000
1.60205667 19.54940000
1.61834308 19.52590000
1.63462948 19.51770000
1.65084218 19.51430000
1.66705486 19.50140000
1.68326756 19.47280000
1.69948025 19.42520000
1.71569294 19.36410000
1.73190563 19.29970000
1.74811833 19.24270000
1.76433101 19.21560000
1.78054371 19.20590000
1.79675640 19.21390000
1.81296909 19.24250000
1.82918178 19.28540000
1.84539448 19.33100000
1.86160716 19.36780000
1.87781986 19.38620000
1.89403255 19.38080000
1.91024524 19.35250000
1.92645793 19.33390000
1.94267063 19.36340000
1.95888331 19.38250000
1.97509601 19.38590000
1.99130870 19.45730000
2.00752139 19.54010000
2.02373408 19.60600000
2.03994678 19.64470000
2.05615946 19.60190000
2.07237216 19.55180000
2.08858485 19.56510000
2.10479754 19.59690000
2.12101023 19.62400000
2.13748378 19.63400000
2.15395733 19.66300000
2.17043088 19.70810000
2.18690443 19.76250000
2.20337797 19.81420000
2.21985152 19.84170000
2.23632507 19.82770000
2.25279862 19.81630000
2.26927217 19.86700000
2.28574571 19.95270000
2.30221926 20.03950000
2.31869281 20.11370000
2.33516636 20.16690000
2.35163991 20.18320000
2.36811346 20.13510000
2.38458700 20.03530000
2.40106055 19.92860000
2.41753410 19.85640000
2.43400765 19.83070000
2.45048120 19.82790000
2.46695474 19.82850000
2.48342829 19.82680000
2.49990184 19.82700000
2.51637539 19.84120000
2.53284894 19.87410000
2.54932249 19.89680000
2.56579603 19.84640000
2.58226958 19.76790000
2.59874313 19.70910000
2.61521668 19.68300000
2.63169023 19.68160000
2.64816377 19.68470000
2.66445018 19.61780000
2.68073659 19.54950000
2.69702301 19.49100000
2.71330942 19.47130000
2.72959583 19.49570000
2.74588223 19.51380000
2.76216865 19.49520000
2.77845506 19.43520000
2.79474147 19.39050000
2.81102788 19.34610000
2.82731430 19.26250000
2.84360071 19.17000000
2.85988712 19.10140000
2.87617352 19.05520000
2.89245994 19.02320000
2.90874635 19.08840000
2.92503276 19.16740000
2.94131917 19.21930000
2.95760558 19.23730000
2.97389200 19.22820000
2.99017840 19.21960000
3.00646481 19.22750000
3.02275122 19.25630000
3.03903764 19.32460000
3.05532405 19.40350000
3.07161046 19.36670000
3.08789687 19.35190000
3.10418328 19.37710000
3.12046969 19.41720000
3.13675610 19.39930000
3.15304251 19.32750000
3.16932893 19.25770000
3.18561534 19.21040000
3.20190175 19.19400000
3.21811444 19.20330000
3.23432713 19.23780000
3.25053982 19.30800000
3.26675252 19.38020000
3.28296520 19.44110000
3.29917790 19.49240000
3.31539059 19.51190000
3.33160328 19.48780000
3.34781597 19.41320000
3.36402867 19.39300000
3.38024135 19.39730000
3.39645405 19.37120000
3.41266674 19.33630000
3.42887943 19.30190000
3.44509212 19.27940000
3.46130482 19.28050000
3.47751750 19.30730000
3.49373020 19.33700000
3.50994289 19.35780000
3.52615558 19.39150000
3.54236827 19.45140000
3.55858096 19.51290000
3.57479365 19.56710000
3.59100634 19.62310000
3.60721904 19.69070000
3.62343172 19.75550000
3.63964442 19.79700000
3.65585711 19.81830000
3.67206980 19.82980000
3.68828249 19.83390000

0.00000000 19.62040000
0.01647355 19.61370000
0.03294710 19.61850000
0.04942064 19.68150000
0.06589419 19.76970000
0.08236774 19.86330000
0.09884129 19.95160000
0.11531484 20.00780000
0.13178839 19.99880000
0.14826193 19.99650000
0.16473548 20.02680000
0.18120903 20.07810000
0.19768258 20.13590000
0.21415613 20.19110000
0.23062967 20.23740000
0.24710322 20.26840000
0.26357677 20.26080000
0.28005032 20.28640000
0.29652387 20.30230000
0.31299741 20.29100000
0.32947096 20.26290000
0.34594451 20.24080000
0.36241806 20.26590000
0.37889161 20.21330000
0.39536516 20.16320000
0.41183870 20.17150000
0.42831225 20.19740000
0.44478580 20.11610000
0.46125935 20.13750000
0.47773290 20.00940000
0.49420644 19.90780000
0.51067999 19.84640000
0.52715354 19.82620000
0.54343995 19.82210000
0.55972636 19.81150000
0.57601278 19.79830000
0.59229919 19.78880000
0.60858559 19.79020000
0.62487200 19.80680000
0.64115842 19.83500000
0.65744483 19.84420000
0.67373124 19.82630000
0.69001765 19.83710000
0.70630407 19.85270000
0.72259047 19.83760000
0.73887688 19.79350000
0.75516329 19.72700000
0.77144971 19.64630000
0.78773612 19.63580000
0.80402253 19.70310000
0.82030893 19.62370000
0.83659534 19.53860000
0.85288176 19.51200000
0.86916817 19.50970000
0.88545458 19.52390000
0.90174099 19.57210000
0.91802741 19.64920000
0.93431382 19.73390000
0.95060022 19.81100000
0.96688663 19.83930000
0.98317305 19.88300000
0.99945946 19.91560000
1.01574587 19.93160000
1.03203228 19.95810000
1.04831870 19.98530000
1.06460510 20.00010000
1.08089151 20.00320000
1.09717792 19.98690000
1.11346433 19.99360000
1.12975075 20.04440000
1.14603716 20.13160000
1.16232357 20.19310000
1.17860997 20.25300000
1.19489639 20.35360000
1.21118280 20.32370000
1.22746921 20.16210000
1.24375562 19.99700000
1.26004204 19.86200000
1.27632845 19.81830000
1.29261485 19.84720000
1.30890126 19.90690000
1.32518768 19.96470000
1.34147409 20.01280000
1.35776050 20.05250000
1.37404691 20.06860000
1.39033332 20.05320000
1.40661973 20.01010000
1.42290614 19.95040000
1.43919255 19.88610000
1.45547896 19.82580000
1.47176538 19.77300000
1.48805179 19.72870000
1.50433820 19.69620000
1.52062460 19.68830000
1.53691102 19.67520000
1.55319743 19.65370000
1.56948384 19.63980000
1.58577025 19.63070000
1.60205667 19.62280000
1.61834308 19.62020000
1.63462948 19.62040000
1.65084218 19.61640000
1.66705486 19.61850000
1.68326756 19.63720000
1.69948025 19.66320000
1.71569294 19.68940000
1.73190563 19.71320000
1.74811833 19.73400000
1.76433101 19.74570000
1.78054371 19.74410000
1.79675640 19.73770000
1.81296909 19.72270000
1.82918178 19.69380000
1.84539448 19.65270000
1.86160716 19.62330000
1.87781986 19.62610000
1.89403255 19.64400000
1.91024524 19.65210000
1.92645793 19.64120000
1.94267063 19.61690000
1.95888331 19.59510000
1.97509601 19.59470000
1.99130870 19.62960000
2.00752139 19.69750000
2.02373408 19.74090000
2.03994678 19.68550000
2.05615946 19.66160000
2.07237216 19.66420000
2.08858485 19.65760000
2.10479754 19.64410000
2.12101023 19.62400000
2.13748378 19.63400000
2.15395733 19.66300000
2.17043088 19.70810000
2.18690443 19.76250000
2.20337797 19.81420000
2.21985152 19.84170000
2.23632507 19.82770000
2.25279862 19.81630000
2.26927217 19.86700000
2.28574571 19.95270000
2.30221926 20.03950000
2.31869281 20.11370000
2.33516636 20.16690000
2.35163991 20.18320000
2.36811346 20.13510000
2.38458700 20.03530000
2.40106055 19.92860000
2.41753410 19.85640000
2.43400765 19.83070000
2.45048120 19.82790000
2.46695474 19.82850000
2.48342829 19.82680000
2.49990184 19.82700000
2.51637539 19.84120000
2.53284894 19.87410000
2.54932249 19.89680000
2.56579603 19.84640000
2.58226958 19.76790000
2.59874313 19.70910000
2.61521668 19.68300000
2.63169023 19.68160000
2.64816377 19.68470000
2.66445018 19.74030000
2.68073659 19.77570000
2.69702301 19.78410000
2.71330942 19.76460000
2.72959583 19.72430000
2.74588223 19.66910000
2.76216865 19.60690000
2.77845506 19.54680000
2.79474147 19.48280000
2.81102788 19.41440000
2.82731430 19.34950000
2.84360071 19.29690000
2.85988712 19.28120000
2.87617352 19.31810000
2.89245994 19.36600000
2.90874635 19.38600000
2.92503276 19.37960000
2.94131917 19.34820000
2.95760558 19.33320000
2.97389200 19.34400000
2.99017840 19.38730000
3.00646481 19.45250000
3.02275122 19.50210000
3.03903764 19.46740000
3.05532405 19.44460000
3.07161046 19.54770000
3.08789687 19.60300000
3.10418328 19.59990000
3.12046969 19.56190000
3.13675610 19.54940000
3.15304251 19.56730000
3.16932893 19.57880000
3.18561534 19.58390000
3.20190175 19.58530000
3.21811444 19.59060000
3.23432713 19.60910000
3.25053982 19.64410000
3.26675252 19.64680000
3.28296520 19.61650000
3.29917790 19.59530000
3.31539059 19.60040000
3.33160328 19.59190000
3.34781597 19.53220000
3.36402867 19.51630000
3.38024135 19.55310000
3.39645405 19.59920000
3.41266674 19.62720000
3.42887943 19.64510000
3.44509212 19.66180000
3.46130482 19.65370000
3.47751750 19.63000000
3.49373020 19.61840000
3.50994289 19.62820000
3.52615558 19.65760000
3.54236827 19.70340000
3.55858096 19.76370000
3.57479365 19.82670000
3.59100634 19.87550000
3.60721904 19.91140000
3.62343172 19.94870000
3.63964442 19.98910000
3.65585711 20.00920000
3.67206980 20.00710000
3.68828249 20.00320000

0.00000000 19.83720000
0.01647355 19.86380000
0.03294710 19.92940000
0.04942064 20.01510000
0.06589419 20.10840000
0.08236774 20.16710000
0.09884129 20.12690000
0.11531484 20.10440000
0.13178839 20.15430000
0.14826193 20.21900000
0.16473548 20.27650000
0.18120903 20.32440000
0.19768258 20.36360000
0.21415613 20.39490000
0.23062967 20.41310000
0.24710322 20.38880000
0.26357677 20.35190000
0.28005032 20.40610000
0.29652387 20.44100000
0.31299741 20.42970000
0.32947096 20.40470000
0.34594451 20.35990000
0.36241806 20.30140000
0.37889161 20.32760000
0.39536516 20.35910000
0.41183870 20.32580000
0.42831225 20.21160000
0.44478580 20.22640000
0.46125935 20.17730000
0.47773290 20.28690000
0.49420644 20.32450000
0.51067999 20.33590000
0.52715354 20.33950000
0.54343995 20.33290000
0.55972636 20.30890000
0.57601278 20.26060000
0.59229919 20.18830000
0.60858559 20.09950000
0.62487200 20.00510000
0.64115842 19.92050000
0.65744483 19.88670000
0.67373124 19.91710000
0.69001765 19.94260000
0.70630407 19.95650000
0.72259047 19.98370000
0.73887688 20.01260000
0.75516329 20.02530000
0.77144971 20.00540000
0.78773612 19.91830000
0.80402253 19.79140000
0.82030893 19.77130000
0.83659534 19.77250000
0.85288176 19.76660000
0.86916817 19.77380000
0.88545458 19.81020000
0.90174099 19.87030000
0.91802741 19.93690000
0.93431382 19.98090000
0.95060022 19.95890000
0.96688663 19.96500000
0.98317305 20.02780000
0.99945946 20.07980000
1.01574587 20.13590000
1.03203228 20.18970000
1.04831870 20.21720000
1.06460510 20.23050000
1.08089151 20.23650000
1.09717792 20.25310000
1.11346433 20.26360000
1.12975075 20.25450000
1.14603716 20.26460000
1.16232357 20.34830000
1.17860997 20.44550000
1.19489639 20.46350000
1.21118280 20.41600000
1.22746921 20.38230000
1.24375562 20.32250000
1.26004204 20.24590000
1.27632845 20.16810000
1.29261485 20.10460000
1.30890126 20.08380000
1.32518768 20.15610000
1.34147409 20.30100000
1.35776050 20.42820000
1.37404691 20.48570000
1.39033332 20.46180000
1.40661973 20.39450000
1.42290614 20.31170000
1.43919255 20.22220000
1.45547896 20.13030000
1.47176538 20.03910000
1.48805179 19.95130000
1.50433820 19.87090000
1.52062460 19.80480000
1.53691102 19.76260000
1.55319743 19.74430000
1.56948384 19.74430000
1.58577025 19.76660000
1.60205667 19.80020000
1.61834308 19.82720000
1.63462948 19.83720000
1.65084218 19.82620000
1.66705486 19.79960000
1.68326756 19.77160000
1.69948025 19.75300000
1.71569294 19.74510000
1.73190563 19.74380000
1.74811833 19.74490000
1.76433101 19.75180000
1.78054371 19.76710000
1.79675640 19.78060000
1.81296909 19.79320000
1.82918178 19.80610000
1.84539448 19.82090000
1.86160716 19.83920000
1.87781986 19.86110000
1.89403255 19.88390000
1.91024524 19.88070000
1.92645793 19.86440000
1.94267063 19.83800000
1.95888331 19.81480000
1.97509601 19.80400000
1.99130870 19.78950000
2.00752139 19.77080000
2.02373408 19.79820000
2.03994678 19.88580000
2.05615946 19.99920000
2.07237216 20.08410000
2.08858485 20.18490000
2.10479754 20.28880000
2.12101023 20.36650000
2.13748378 20.36690000
2.15395733 20.36400000
2.17043088 20.33980000
2.18690443 20.27480000
2.20337797 20.19350000
2.21985152 20.13880000
2.23632507 20.14320000
2.25279862 20.19250000
2.26927217 20.25800000
2.28574571 20.32370000
2.30221926 20.37710000
2.31869281 20.40520000
2.33516636 20.39920000
2.35163991 20.36970000
2.36811346 20.35410000
2.38458700 20.35970000
2.40106055 20.36910000
2.41753410 20.37560000
2.43400765 20.37720000
2.45048120 20.37250000
2.46695474 20.35850000
2.48342829 20.32950000
2.49990184 20.28000000
2.51637539 20.20860000
2.53284894 20.12300000
2.54932249 20.05590000
2.56579603 20.07370000
2.58226958 20.13880000
2.59874313 20.20870000
2.61521668 20.26110000
2.63169023 20.27070000
2.64816377 20.26310000
2.66445018 20.18370000
2.68073659 20.10830000
2.69702301 20.05100000
2.71330942 19.98110000
2.72959583 19.89210000
2.74588223 19.83230000
2.76216865 19.81440000
2.77845506 19.80670000
2.79474147 19.78240000
2.81102788 19.75700000
2.82731430 19.71740000
2.84360071 19.65860000
2.85988712 19.59210000
2.87617352 19.53400000
2.89245994 19.50080000
2.90874635 19.48040000
2.92503276 19.48290000
2.94131917 19.52900000
2.95760558 19.52810000
2.97389200 19.53660000
2.99017840 19.58680000
3.00646481 19.60060000
3.02275122 19.57280000
3.03903764 19.60570000
3.05532405 19.64360000
3.07161046 19.67200000
3.08789687 19.70450000
3.10418328 19.70770000
3.12046969 19.69730000
3.13675610 19.71350000
3.15304251 19.75760000
3.16932893 19.81360000
3.18561534 19.86050000
3.20190175 19.87960000
3.21811444 19.85600000
3.23432713 19.80350000
3.25053982 19.75600000
3.26675252 19.79180000
3.28296520 19.90420000
3.29917790 19.93910000
3.31539059 19.82140000
3.33160328 19.74190000
3.34781597 19.76160000
3.36402867 19.80530000
3.38024135 19.85200000
3.39645405 19.89860000
3.41266674 19.86350000
3.42887943 19.80590000
3.44509212 19.77200000
3.46130482 19.80070000
3.47751750 19.87990000
3.49373020 19.96480000
3.50994289 20.02340000
3.52615558 20.04140000
3.54236827 20.03810000
3.55858096 20.03780000
3.57479365 20.04840000
3.59100634 20.06590000
3.60721904 20.09080000
3.62343172 20.12200000
3.63964442 20.15050000
3.65585711 20.18390000
3.67206980 20.22050000
3.68828249 20.23650000

0.00000000 20.52760000
0.01647355 20.46790000
0.03294710 20.40100000
0.04942064 20.33410000
0.06589419 20.27060000
0.08236774 20.24940000
0.09884129 20.33720000
0.11531484 20.44290000
0.13178839 20.55060000
0.14826193 20.65710000
0.16473548 20.75830000
0.18120903 20.84530000
0.19768258 20.89720000
0.21415613 20.84740000
0.23062967 20.68550000
0.24710322 20.53660000
0.26357677 20.46990000
0.28005032 20.45130000
0.29652387 20.50970000
0.31299741 20.62090000
0.32947096 20.72000000
0.34594451 20.76000000
0.36241806 20.79450000
0.37889161 20.82710000
0.39536516 20.78680000
0.41183870 20.63640000
0.42831225 20.49780000
0.44478580 20.34770000
0.46125935 20.30650000
0.47773290 20.33940000
0.49420644 20.45070000
0.51067999 20.56820000
0.52715354 20.64150000
0.54343995 20.62440000
0.55972636 20.60320000
0.57601278 20.59510000
0.59229919 20.59670000
0.60858559 20.59490000
0.62487200 20.55420000
0.64115842 20.42900000
0.65744483 20.28680000
0.67373124 20.16520000
0.69001765 20.09730000
0.70630407 20.10910000
0.72259047 20.17060000
0.73887688 20.22970000
0.75516329 20.22620000
0.77144971 20.15230000
0.78773612 20.07570000
0.80402253 20.06150000
0.82030893 20.06580000
0.83659534 20.04970000
0.85288176 20.06350000
0.86916817 20.11970000
0.88545458 20.19830000
0.90174099 20.26080000
0.91802741 20.22170000
0.93431382 20.15250000
0.95060022 20.15100000
0.96688663 20.18500000
0.98317305 20.20480000
0.99945946 20.22550000
1.01574587 20.25260000
1.03203228 20.28310000
1.04831870 20.33400000
1.06460510 20.37820000
1.08089151 20.39140000
1.09717792 20.41230000
1.11346433 20.46860000
1.12975075 20.51560000
1.14603716 20.53600000
1.16232357 20.53950000
1.17860997 20.53320000
1.19489639 20.49570000
1.21118280 20.46600000
1.22746921 20.42950000
1.24375562 20.38850000
1.26004204 20.35530000
1.27632845 20.33030000
1.29261485 20.31670000
1.30890126 20.32030000
1.32518768 20.34770000
1.34147409 20.40660000
1.35776050 20.52050000
1.37404691 20.63900000
1.39033332 20.71900000
1.40661973 20.79910000
1.42290614 20.85050000
1.43919255 20.86510000
1.45547896 20.85140000
1.47176538 20.82000000
1.48805179 20.77880000
1.50433820 20.73330000
1.52062460 20.68670000
1.53691102 20.64130000
1.55319743 20.59920000
1.56948384 20.56220000
1.58577025 20.53320000
1.60205667 20.51570000
1.61834308 20.51390000
1.63462948 20.52760000
1.65084218 20.54310000
1.66705486 20.58600000
1.68326756 20.64740000
1.69948025 20.71590000
1.71569294 20.77220000
1.73190563 20.77450000
1.74811833 20.69160000
1.76433101 20.55820000
1.78054371 20.40790000
1.79675640 20.25760000
1.81296909 20.11980000
1.82918178 20.00920000
1.84539448 19.93770000
1.86160716 19.90160000
1.87781986 19.88750000
1.89403255 19.88450000
1.91024524 19.90170000
1.92645793 19.90850000
1.94267063 19.89950000
1.95888331 19.87170000
1.97509601 19.82990000
1.99130870 19.80720000
2.00752139 19.82060000
2.02373408 19.85640000
2.03994678 19.92860000
2.05615946 20.01660000
2.07237216 20.16380000
2.08858485 20.29630000
2.10479754 20.37400000
2.12101023 20.36650000
2.13748378 20.36690000
2.15395733 20.36400000
2.17043088 20.33980000
2.18690443 20.27480000
2.20337797 20.19350000
2.21985152 20.13880000
2.23632507 20.14320000
2.25279862 20.19250000
2.26927217 20.25800000
2.28574571 20.32370000
2.30221926 20.37710000
2.31869281 20.40520000
2.33516636 20.39920000
2.35163991 20.36970000
2.36811346 20.35410000
2.38458700 20.35970000
2.40106055 20.36910000
2.41753410 20.37560000
2.43400765 20.37720000
2.45048120 20.37250000
2.46695474 20.35850000
2.48342829 20.32950000
2.49990184 20.28000000
2.51637539 20.20860000
2.53284894 20.12300000
2.54932249 20.05590000
2.56579603 20.07370000
2.58226958 20.13880000
2.59874313 20.20870000
2.61521668 20.26110000
2.63169023 20.27070000
2.64816377 20.26310000
2.66445018 20.26860000
2.68073659 20.18740000
2.69702301 20.08700000
2.71330942 20.01570000
2.72959583 19.98190000
2.74588223 19.94610000
2.76216865 19.91060000
2.77845506 19.90690000
2.79474147 19.95060000
2.81102788 19.99150000
2.82731430 19.96620000
2.84360071 19.90000000
2.85988712 19.82360000
2.87617352 19.75220000
2.89245994 19.70980000
2.90874635 19.72710000
2.92503276 19.72990000
2.94131917 19.65090000
2.95760558 19.64080000
2.97389200 19.67270000
2.99017840 19.68010000
3.00646481 19.71100000
3.02275122 19.78410000
3.03903764 19.84540000
3.05532405 19.88970000
3.07161046 19.93140000
3.08789687 19.97070000
3.10418328 20.02650000
3.12046969 20.04680000
3.13675610 20.05230000
3.15304251 20.05070000
3.16932893 20.04330000
3.18561534 20.03310000
3.20190175 20.02760000
3.21811444 20.03990000
3.23432713 20.06450000
3.25053982 20.08940000
3.26675252 20.10490000
3.28296520 20.06560000
3.29917790 20.03720000
3.31539059 20.10520000
3.33160328 20.15110000
3.34781597 20.17920000
3.36402867 20.13240000
3.38024135 20.04140000
3.39645405 19.96720000
3.41266674 20.00430000
3.42887943 20.08740000
3.44509212 20.16670000
3.46130482 20.22310000
3.47751750 20.22840000
3.49373020 20.19190000
3.50994289 20.15760000
3.52615558 20.13860000
3.54236827 20.12680000
3.55858096 20.11990000
3.57479365 20.13170000
3.59100634 20.16910000
3.60721904 20.19940000
3.62343172 20.20920000
3.63964442 20.23510000
3.65585711 20.29130000
3.67206980 20.35660000
3.68828249 20.39140000

0.00000000 20.54070000
0.01647355 20.59850000
0.03294710 20.65980000
0.04942064 20.71880000
0.06589419 20.77610000
0.08236774 20.83250000
0.09884129 20.88640000
0.11531484 20.93320000
0.13178839 20.96940000
0.14826193 20.99730000
0.16473548 21.02210000
0.18120903 21.04560000
0.19768258 21.03180000
0.21415613 20.90550000
0.23062967 20.76080000
0.24710322 20.66420000
0.26357677 20.64850000
0.28005032 20.67140000
0.29652387 20.69630000
0.31299741 20.71700000
0.32947096 20.74760000
0.34594451 20.83370000
0.36241806 20.91310000
0.37889161 20.94210000
0.39536516 20.86070000
0.41183870 20.73840000
0.42831225 20.68960000
0.44478580 20.73010000
0.46125935 20.78420000
0.47773290 20.80110000
0.49420644 20.78700000
0.51067999 20.74920000
0.52715354 20.70460000
0.54343995 20.72670000
0.55972636 20.76370000
0.57601278 20.79630000
0.59229919 20.81230000
0.60858559 20.75690000
0.62487200 20.65640000
0.64115842 20.61750000
0.65744483 20.58900000
0.67373124 20.54630000
0.69001765 20.48480000
0.70630407 20.41470000
0.72259047 20.35410000
0.73887688 20.33400000
0.75516329 20.36380000
0.77144971 20.34130000
0.78773612 20.33560000
0.80402253 20.27140000
0.82030893 20.24920000
0.83659534 20.33260000
0.85288176 20.45150000
0.86916817 20.51360000
0.88545458 20.46720000
0.90174099 20.40100000
0.91802741 20.41430000
0.93431382 20.43090000
0.95060022 20.39410000
0.96688663 20.33790000
0.98317305 20.31370000
0.99945946 20.33680000
1.01574587 20.38420000
1.03203228 20.43540000
1.04831870 20.47490000
1.06460510 20.50000000
1.08089151 20.51080000
1.09717792 20.50740000
1.11346433 20.51990000
1.12975075 20.58480000
1.14603716 20.67050000
1.16232357 20.70040000
1.17860997 20.68250000
1.19489639 20.61840000
1.21118280 20.66670000
1.22746921 20.77910000
1.24375562 20.87000000
1.26004204 20.91610000
1.27632845 20.92480000
1.29261485 20.90690000
1.30890126 20.87010000
1.32518768 20.82110000
1.34147409 20.76730000
1.35776050 20.72530000
1.37404691 20.77010000
1.39033332 20.93020000
1.40661973 21.07610000
1.42290614 21.15410000
1.43919255 21.23080000
1.45547896 21.29910000
1.47176538 21.34780000
1.48805179 21.36670000
1.50433820 21.32280000
1.52062460 21.22280000
1.53691102 21.10290000
1.55319743 20.97720000
1.56948384 20.85480000
1.58577025 20.74310000
1.60205667 20.64930000
1.61834308 20.57920000
1.63462948 20.54070000
1.65084218 20.56370000
1.66705486 20.62700000
1.68326756 20.71850000
1.69948025 20.82620000
1.71569294 20.94010000
1.73190563 21.05040000
1.74811833 21.13650000
1.76433101 21.15890000
1.78054371 21.12610000
1.79675640 21.06080000
1.81296909 20.97350000
1.82918178 20.87240000
1.84539448 20.76490000
1.86160716 20.65800000
1.87781986 20.55710000
1.89403255 20.46370000
1.91024524 20.37340000
1.92645793 20.28190000
1.94267063 20.19600000
1.95888331 20.12930000
1.97509601 20.08760000
1.99130870 20.06600000
2.00752139 20.04860000
2.02373408 19.99970000
2.03994678 20.05540000
2.05615946 20.18940000
2.07237216 20.33760000
2.08858485 20.47390000
2.10479754 20.62780000
2.12101023 20.73700000
2.13748378 20.69490000
2.15395733 20.61090000
2.17043088 20.53800000
2.18690443 20.50960000
2.20337797 20.51330000
2.21985152 20.52820000
2.23632507 20.54670000
2.25279862 20.56670000
2.26927217 20.58820000
2.28574571 20.61230000
2.30221926 20.64040000
2.31869281 20.67320000
2.33516636 20.70710000
2.35163991 20.73470000
2.36811346 20.74870000
2.38458700 20.74660000
2.40106055 20.73180000
2.41753410 20.70940000
2.43400765 20.68450000
2.45048120 20.66050000
2.46695474 20.64090000
2.48342829 20.62880000
2.49990184 20.62620000
2.51637539 20.63170000
2.53284894 20.64120000
2.54932249 20.64880000
2.56579603 20.64200000
2.58226958 20.58870000
2.59874313 20.50100000
2.61521668 20.42900000
2.63169023 20.40640000
2.64816377 20.40960000
2.66445018 20.43150000
2.68073659 20.44240000
2.69702301 20.42570000
2.71330942 20.39960000
2.72959583 20.37080000
2.74588223 20.33640000
2.76216865 20.28290000
2.77845506 20.20840000
2.79474147 20.13940000
2.81102788 20.09970000
2.82731430 20.11260000
2.84360071 20.13420000
2.85988712 20.14830000
2.87617352 20.14600000
2.89245994 20.11700000
2.90874635 20.03650000
2.92503276 19.98720000
2.94131917 20.05060000
2.95760558 20.04010000
2.97389200 19.99560000
2.99017840 19.95010000
3.00646481 19.91710000
3.02275122 19.91420000
3.03903764 19.96390000
3.05532405 20.06390000
3.07161046 20.11440000
3.08789687 20.04910000
3.10418328 20.04010000
3.12046969 20.11600000
3.13675610 20.20580000
3.15304251 20.28200000
3.16932893 20.33810000
3.18561534 20.37250000
3.20190175 20.38420000
3.21811444 20.37370000
3.23432713 20.34300000
3.25053982 20.29220000
3.26675252 20.22930000
3.28296520 20.21070000
3.29917790 20.27190000
3.31539059 20.39270000
3.33160328 20.39460000
3.34781597 20.30040000
3.36402867 20.29070000
3.38024135 20.34290000
3.39645405 20.40130000
3.41266674 20.44280000
3.42887943 20.44570000
3.44509212 20.40780000
3.46130482 20.35820000
3.47751750 20.34050000
3.49373020 20.36120000
3.50994289 20.38960000
3.52615558 20.40980000
3.54236827 20.40850000
3.55858096 20.39040000
3.57479365 20.36930000
3.59100634 20.36220000
3.60721904 20.39580000
3.62343172 20.46780000
3.63964442 20.53920000
3.65585711 20.56410000
3.67206980 20.53380000
3.68828249 20.51080000

0.00000000 21.05740000
0.01647355 21.05980000
0.03294710 21.06820000
0.04942064 21.08340000
0.06589419 21.10260000
0.08236774 21.12050000
0.09884129 21.14100000
0.11531484 21.17310000
0.13178839 21.22160000
0.14826193 21.28020000
0.16473548 21.31600000
0.18120903 21.26090000
0.19768258 21.12140000
0.21415613 21.02010000
0.23062967 21.01100000
0.24710322 21.02550000
0.26357677 21.06220000
0.28005032 21.13320000
0.29652387 21.23810000
0.31299741 21.34160000
0.32947096 21.37500000
0.34594451 21.35650000
0.36241806 21.23870000
0.37889161 21.03370000
0.39536516 20.88480000
0.41183870 20.86500000
0.42831225 20.85880000
0.44478580 20.85150000
0.46125935 20.86160000
0.47773290 20.92070000
0.49420644 21.00410000
0.51067999 21.07910000
0.52715354 21.11260000
0.54343995 21.10160000
0.55972636 21.07160000
0.57601278 21.01870000
0.59229919 20.93240000
0.60858559 20.88040000
0.62487200 20.88530000
0.64115842 20.88200000
0.65744483 20.84220000
0.67373124 20.78840000
0.69001765 20.74730000
0.70630407 20.71960000
0.72259047 20.68790000
0.73887688 20.59260000
0.75516329 20.47690000
0.77144971 20.48210000
0.78773612 20.44950000
0.80402253 20.48720000
0.82030893 20.56460000
0.83659534 20.64790000
0.85288176 20.70410000
0.86916817 20.74240000
0.88545458 20.82750000
0.90174099 20.84300000
0.91802741 20.81660000
0.93431382 20.80350000
0.95060022 20.79540000
0.96688663 20.78330000
0.98317305 20.77310000
0.99945946 20.76410000
1.01574587 20.75070000
1.03203228 20.72980000
1.04831870 20.70890000
1.06460510 20.70350000
1.08089151 20.70900000
1.09717792 20.70340000
1.11346433 20.69400000
1.12975075 20.68770000
1.14603716 20.69270000
1.16232357 20.73060000
1.17860997 20.75590000
1.19489639 20.85980000
1.21118280 20.97880000
1.22746921 21.09190000
1.24375562 21.21570000
1.26004204 21.35160000
1.27632845 21.46750000
1.29261485 21.49990000
1.30890126 21.44850000
1.32518768 21.36460000
1.34147409 21.27270000
1.35776050 21.18940000
1.37404691 21.12940000
1.39033332 21.10660000
1.40661973 21.14930000
1.42290614 21.26920000
1.43919255 21.35960000
1.45547896 21.42580000
1.47176538 21.48190000
1.48805179 21.48090000
1.50433820 21.43820000
1.52062460 21.40530000
1.53691102 21.35720000
1.55319743 21.29500000
1.56948384 21.22640000
1.58577025 21.16040000
1.60205667 21.10560000
1.61834308 21.06970000
1.63462948 21.05740000
1.65084218 21.06430000
1.66705486 21.08410000
1.68326756 21.11420000
1.69948025 21.15060000
1.71569294 21.14500000
1.73190563 21.11490000
1.74811833 21.14190000
1.76433101 21.19530000
1.78054371 21.23230000
1.79675640 21.21740000
1.81296909 21.13890000
1.82918178 21.01770000
1.84539448 20.87630000
1.86160716 20.72980000
1.87781986 20.59000000
1.89403255 20.46970000
1.91024524 20.38380000
1.92645793 20.34060000
1.94267063 20.32360000
1.95888331 20.29600000
1.97509601 20.23320000
1.99130870 20.14220000
2.00752139 20.06210000
2.02373408 20.08240000
2.03994678 20.13580000
2.05615946 20.22330000
2.07237216 20.34910000
2.08858485 20.51290000
2.10479754 20.66080000
2.12101023 20.73700000
2.13748378 20.69490000
2.15395733 20.61090000
2.17043088 20.53800000
2.18690443 20.50960000
2.20337797 20.51330000
2.21985152 20.52820000
2.23632507 20.54670000
2.25279862 20.56670000
2.26927217 20.58820000
2.28574571 20.61230000
2.30221926 20.64040000
2.31869281 20.67320000
2.33516636 20.70710000
2.35163991 20.73470000
2.36811346 20.74870000
2.38458700 20.74660000
2.40106055 20.73180000
2.41753410 20.70940000
2.43400765 20.68450000
2.45048120 20.66050000
2.46695474 20.64090000
2.48342829 20.62880000
2.49990184 20.62620000
2.51637539 20.63170000
2.53284894 20.64120000
2.54932249 20.64880000
2.56579603 20.64200000
2.58226958 20.58870000
2.59874313 20.50100000
2.61521668 20.42900000
2.63169023 20.40640000
2.64816377 20.40960000
2.66445018 20.44240000
2.68073659 20.53380000
2.69702301 20.61180000
2.71330942 20.55630000
2.72959583 20.46930000
2.74588223 20.38410000
2.76216865 20.31300000
2.77845506 20.26030000
2.79474147 20.21170000
2.81102788 20.17910000
2.82731430 20.19900000
2.84360071 20.27200000
2.85988712 20.34850000
2.87617352 20.35150000
2.89245994 20.25520000
2.90874635 20.17240000
2.92503276 20.12740000
2.94131917 20.09080000
2.95760558 20.12300000
2.97389200 20.11490000
2.99017840 20.10760000
3.00646481 20.12790000
3.02275122 20.17490000
3.03903764 20.24870000
3.05532405 20.22670000
3.07161046 20.19550000
3.08789687 20.33050000
3.10418328 20.46570000
3.12046969 20.57710000
3.13675610 20.64070000
3.15304251 20.66710000
3.16932893 20.68460000
3.18561534 20.70760000
3.20190175 20.72710000
3.21811444 20.69100000
3.23432713 20.65600000
3.25053982 20.64120000
3.26675252 20.64130000
3.28296520 20.63690000
3.29917790 20.59650000
3.31539059 20.51360000
3.33160328 20.56090000
3.34781597 20.71060000
3.36402867 20.81080000
3.38024135 20.82010000
3.39645405 20.77970000
3.41266674 20.72930000
3.42887943 20.69770000
3.44509212 20.69780000
3.46130482 20.71830000
3.47751750 20.74460000
3.49373020 20.76240000
3.50994289 20.75800000
3.52615558 20.74100000
3.54236827 20.71800000
3.55858096 20.69680000
3.57479365 20.68390000
3.59100634 20.68120000
3.60721904 20.68600000
3.62343172 20.68800000
3.63964442 20.67290000
3.65585711 20.66860000
3.67206980 20.69510000
3.68828249 20.70900000

0.00000000 21.13620000
0.01647355 21.13770000
0.03294710 21.14230000
0.04942064 21.15080000
0.06589419 21.16810000
0.08236774 21.20050000
0.09884129 21.24600000
0.11531484 21.29700000
0.13178839 21.34520000
0.14826193 21.37930000
0.16473548 21.39100000
0.18120903 21.29000000
0.19768258 21.19530000
0.21415613 21.23010000
0.23062967 21.31190000
0.24710322 21.39420000
0.26357677 21.43750000
0.28005032 21.43610000
0.29652387 21.43040000
0.31299741 21.44890000
0.32947096 21.48270000
0.34594451 21.40660000
0.36241806 21.27730000
0.37889161 21.16330000
0.39536516 21.13190000
0.41183870 21.16190000
0.42831225 21.20190000
0.44478580 21.24250000
0.46125935 21.27880000
0.47773290 21.30780000
0.49420644 21.32820000
0.51067999 21.32960000
0.52715354 21.31460000
0.54343995 21.29480000
0.55972636 21.24010000
0.57601278 21.17490000
0.59229919 21.13330000
0.60858559 21.10750000
0.62487200 21.07130000
0.64115842 21.03430000
0.65744483 21.03210000
0.67373124 21.05530000
0.69001765 21.07140000
0.70630407 21.00030000
0.72259047 20.84150000
0.73887688 20.72950000
0.75516329 20.67110000
0.77144971 20.63300000
0.78773612 20.69200000
0.80402253 20.77090000
0.82030893 20.81160000
0.83659534 20.80710000
0.85288176 20.80550000
0.86916817 20.85230000
0.88545458 20.89100000
0.90174099 20.88320000
0.91802741 20.86850000
0.93431382 20.86810000
0.95060022 20.91470000
0.96688663 20.97180000
0.98317305 20.99050000
0.99945946 20.98400000
1.01574587 20.96820000
1.03203228 20.94580000
1.04831870 20.91360000
1.06460510 20.87220000
1.08089151 20.84780000
1.09717792 20.86290000
1.11346433 20.88810000
1.12975075 20.90640000
1.14603716 20.92040000
1.16232357 20.94610000
1.17860997 21.01580000
1.19489639 21.11760000
1.21118280 21.22730000
1.22746921 21.32480000
1.24375562 21.40710000
1.26004204 21.47300000
1.27632845 21.51830000
1.29261485 21.54680000
1.30890126 21.56060000
1.32518768 21.55840000
1.34147409 21.54480000
1.35776050 21.52290000
1.37404691 21.49710000
1.39033332 21.47470000
1.40661973 21.46760000
1.42290614 21.49450000
1.43919255 21.55280000
1.45547896 21.57460000
1.47176538 21.54210000
1.48805179 21.52750000
1.50433820 21.55570000
1.52062460 21.57540000
1.53691102 21.57380000
1.55319743 21.51200000
1.56948384 21.40770000
1.58577025 21.30350000
1.60205667 21.21620000
1.61834308 21.15730000
1.63462948 21.13620000
1.65084218 21.14550000
1.66705486 21.16890000
1.68326756 21.19120000
1.69948025 21.18630000
1.71569294 21.18760000
1.73190563 21.22050000
1.74811833 21.25580000
1.76433101 21.32190000
1.78054371 21.40310000
1.79675640 21.47330000
1.81296909 21.50650000
1.82918178 21.40300000
1.84539448 21.23950000
1.86160716 21.07670000
1.87781986 20.92500000
1.89403255 20.79410000
1.91024524 20.69690000
1.92645793 20.64130000
1.94267063 20.61990000
1.95888331 20.61860000
1.97509601 20.62960000
1.99130870 20.65370000
2.00752139 20.69520000
2.02373408 20.75590000
2.03994678 20.83310000
2.05615946 20.91810000
2.07237216 20.98920000
2.08858485 20.98620000
2.10479754 20.91520000
2.12101023 20.89510000
2.13748378 20.90910000
2.15395733 20.93250000
2.17043088 20.95830000
2.18690443 20.98870000
2.20337797 21.02430000
2.21985152 21.06280000
2.23632507 21.09940000
2.25279862 21.12650000
2.26927217 21.13670000
2.28574571 21.12660000
2.30221926 21.09910000
2.31869281 21.06280000
2.33516636 21.03020000
2.35163991 21.01260000
2.36811346 21.01330000
2.38458700 21.02870000
2.40106055 21.05160000
2.41753410 21.07450000
2.43400765 21.09130000
2.45048120 21.09800000
2.46695474 21.09230000
2.48342829 21.07450000
2.49990184 21.04600000
2.51637539 21.00690000
2.53284894 20.95180000
2.54932249 20.87410000
2.56579603 20.78770000
2.58226958 20.74000000
2.59874313 20.73660000
2.61521668 20.74890000
2.63169023 20.76820000
2.64816377 20.78050000
2.66445018 20.76630000
2.68073659 20.74150000
2.69702301 20.67270000
2.71330942 20.67980000
2.72959583 20.66070000
2.74588223 20.62470000
2.76216865 20.59070000
2.77845506 20.56370000
2.79474147 20.54020000
2.81102788 20.51470000
2.82731430 20.48840000
2.84360071 20.47070000
2.85988712 20.47100000
2.87617352 20.49440000
2.89245994 20.48410000
2.90874635 20.43790000
2.92503276 20.37400000
2.94131917 20.31010000
2.95760558 20.29150000
2.97389200 20.36450000
2.99017840 20.45760000
3.00646481 20.51030000
3.02275122 20.45520000
3.03903764 20.34470000
3.05532405 20.34780000
3.07161046 20.46640000
3.08789687 20.59770000
3.10418328 20.73220000
3.12046969 20.85340000
3.13675610 20.94800000
3.15304251 20.97070000
3.16932893 20.90920000
3.18561534 20.83740000
3.20190175 20.79880000
3.21811444 20.85970000
3.23432713 20.96230000
3.25053982 21.06250000
3.26675252 21.07780000
3.28296520 21.00180000
3.29917790 20.94850000
3.31539059 20.93970000
3.33160328 20.94820000
3.34781597 20.95600000
3.36402867 20.96950000
3.38024135 20.97600000
3.39645405 20.96400000
3.41266674 20.95530000
3.42887943 20.94430000
3.44509212 20.92240000
3.46130482 20.88870000
3.47751750 20.84900000
3.49373020 20.81510000
3.50994289 20.80410000
3.52615558 20.82230000
3.54236827 20.87800000
3.55858096 20.95110000
3.57479365 20.98690000
3.59100634 20.95370000
3.60721904 20.89760000
3.62343172 20.85110000
3.63964442 20.83610000
3.65585711 20.84450000
3.67206980 20.84980000
3.68828249 20.84780000

0.00000000 21.71850000
0.01647355 21.71600000
0.03294710 21.70850000
0.04942064 21.69620000
0.06589419 21.67920000
0.08236774 21.65780000
0.09884129 21.63260000
0.11531484 21.60380000
0.13178839 21.57020000
0.14826193 21.52580000
0.16473548 21.45600000
0.18120903 21.47500000
0.19768258 21.54380000
0.21415613 21.54990000
0.23062967 21.53000000
0.24710322 21.52140000
0.26357677 21.54950000
0.28005032 21.61120000
0.29652387 21.65460000
0.31299741 21.65440000
0.32947096 21.64530000
0.34594451 21.58640000
0.36241806 21.48330000
0.37889161 21.41470000
0.39536516 21.37710000
0.41183870 21.37060000
0.42831225 21.38700000
0.44478580 21.41320000
0.46125935 21.43450000
0.47773290 21.42720000
0.49420644 21.38860000
0.51067999 21.35820000
0.52715354 21.35820000
0.54343995 21.36500000
0.55972636 21.38070000
0.57601278 21.39150000
0.59229919 21.38360000
0.60858559 21.36290000
0.62487200 21.35540000
0.64115842 21.36900000
0.65744483 21.38640000
0.67373124 21.37000000
0.69001765 21.27170000
0.70630407 21.20310000
0.72259047 21.19130000
0.73887688 21.07820000
0.75516329 20.97210000
0.77144971 20.91850000
0.78773612 20.90670000
0.80402253 20.91670000
0.82030893 20.93150000
0.83659534 20.93980000
0.85288176 20.94310000
0.86916817 20.93540000
0.88545458 20.94040000
0.90174099 21.03070000
0.91802741 21.08420000
0.93431382 21.09870000
0.95060022 21.11280000
0.96688663 21.15460000
0.98317305 21.24050000
0.99945946 21.31990000
1.01574587 21.32360000
1.03203228 21.26030000
1.04831870 21.18470000
1.06460510 21.12910000
1.08089151 21.10930000
1.09717792 21.13000000
1.11346433 21.18900000
1.12975075 21.26070000
1.14603716 21.26460000
1.16232357 21.20270000
1.17860997 21.18580000
1.19489639 21.23710000
1.21118280 21.35040000
1.22746921 21.51690000
1.24375562 21.69280000
1.26004204 21.71130000
1.27632845 21.71230000
1.29261485 21.74700000
1.30890126 21.78640000
1.32518768 21.79890000
1.34147409 21.79930000
1.35776050 21.79620000
1.37404691 21.79240000
1.39033332 21.78850000
1.40661973 21.78510000
1.42290614 21.78590000
1.43919255 21.80940000
1.45547896 21.88490000
1.47176538 21.97710000
1.48805179 22.00710000
1.50433820 21.94750000
1.52062460 21.84310000
1.53691102 21.74130000
1.55319743 21.69540000
1.56948384 21.69490000
1.58577025 21.70340000
1.60205667 21.71140000
1.61834308 21.71670000
1.63462948 21.71850000
1.65084218 21.70410000
1.66705486 21.66480000
1.68326756 21.61570000
1.69948025 21.58470000
1.71569294 21.59020000
1.73190563 21.61310000
1.74811833 21.62470000
1.76433101 21.61300000
1.78054371 21.58760000
1.79675640 21.57200000
1.81296909 21.56960000
1.82918178 21.54470000
1.84539448 21.47290000
1.86160716 21.37250000
1.87781986 21.26110000
1.89403255 21.14660000
1.91024524 21.03420000
1.92645793 20.93060000
1.94267063 20.84770000
1.95888331 20.80350000
1.97509601 20.80810000
1.99130870 20.84960000
2.00752139 20.91010000
2.02373408 20.97680000
2.03994678 21.04060000
2.05615946 21.09290000
2.07237216 21.12400000
2.08858485 21.12110000
2.10479754 21.02860000
2.12101023 20.89510000
2.13748378 20.90910000
2.15395733 20.93250000
2.17043088 20.95830000
2.18690443 20.98870000
2.20337797 21.02430000
2.21985152 21.06280000
2.23632507 21.09940000
2.25279862 21.12650000
2.26927217 21.13670000
2.28574571 21.12660000
2.30221926 21.09910000
2.31869281 21.06280000
2.33516636 21.03020000
2.35163991 21.01260000
2.36811346 21.01330000
2.38458700 21.02870000
2.40106055 21.05160000
2.41753410 21.07450000
2.43400765 21.09130000
2.45048120 21.09800000
2.46695474 21.09230000
2.48342829 21.07450000
2.49990184 21.04600000
2.51637539 21.00690000
2.53284894 20.95180000
2.54932249 20.87410000
2.56579603 20.78770000
2.58226958 20.74000000
2.59874313 20.73660000
2.61521668 20.74890000
2.63169023 20.76820000
2.64816377 20.78050000
2.66445018 20.79240000
2.68073659 20.77220000
2.69702301 20.78720000
2.71330942 20.77720000
2.72959583 20.76000000
2.74588223 20.74170000
2.76216865 20.72750000
2.77845506 20.72110000
2.79474147 20.71990000
2.81102788 20.71810000
2.82731430 20.70650000
2.84360071 20.68060000
2.85988712 20.63990000
2.87617352 20.60740000
2.89245994 20.63680000
2.90874635 20.64800000
2.92503276 20.65730000
2.94131917 20.66570000
2.95760558 20.67550000
2.97389200 20.68700000
2.99017840 20.68900000
3.00646481 20.67460000
3.02275122 20.70850000
3.03903764 20.76890000
3.05532405 20.82530000
3.07161046 20.87090000
3.08789687 20.90090000
3.10418328 20.92270000
3.12046969 20.96950000
3.13675610 21.05690000
3.15304251 21.15410000
3.16932893 21.26490000
3.18561534 21.35270000
3.20190175 21.38630000
3.21811444 21.38550000
3.23432713 21.37880000
3.25053982 21.31390000
3.26675252 21.27950000
3.28296520 21.28760000
3.29917790 21.26160000
3.31539059 21.21890000
3.33160328 21.17020000
3.34781597 21.12200000
3.36402867 21.08810000
3.38024135 21.09700000
3.39645405 21.10860000
3.41266674 21.10520000
3.42887943 21.09250000
3.44509212 21.07400000
3.46130482 21.07310000
3.47751750 21.09290000
3.49373020 21.11250000
3.50994289 21.11560000
3.52615558 21.12620000
3.54236827 21.14760000
3.55858096 21.15420000
3.57479365 21.16790000
3.59100634 21.22840000
3.60721904 21.29100000
3.62343172 21.31310000
3.63964442 21.27470000
3.65585711 21.19990000
3.67206980 21.13400000
3.68828249 21.10930000

0.00000000 22.20450000
0.01647355 22.19720000
0.03294710 22.19900000
0.04942064 22.20650000
0.06589419 22.21660000
0.08236774 22.22600000
0.09884129 22.22980000
0.11531484 22.20500000
0.13178839 22.04320000
0.14826193 21.86160000
0.16473548 21.72110000
0.18120903 21.63630000
0.19768258 21.58540000
0.21415613 21.61980000
0.23062967 21.68780000
0.24710322 21.74890000
0.26357677 21.79860000
0.28005032 21.82970000
0.29652387 21.83190000
0.31299741 21.80850000
0.32947096 21.78340000
0.34594451 21.67590000
0.36241806 21.63230000
0.37889161 21.63890000
0.39536516 21.66180000
0.41183870 21.67320000
0.42831225 21.65890000
0.44478580 21.62390000
0.46125935 21.58460000
0.47773290 21.56650000
0.49420644 21.57360000
0.51067999 21.57980000
0.52715354 21.57920000
0.54343995 21.58680000
0.55972636 21.60790000
0.57601278 21.63570000
0.59229919 21.66510000
0.60858559 21.69550000
0.62487200 21.70480000
0.64115842 21.67680000
0.65744483 21.61630000
0.67373124 21.53500000
0.69001765 21.48390000
0.70630407 21.38440000
0.72259047 21.26680000
0.73887688 21.26440000
0.75516329 21.25720000
0.77144971 21.20360000
0.78773612 21.14260000
0.80402253 21.10270000
0.82030893 21.11670000
0.83659534 21.18990000
0.85288176 21.16640000
0.86916817 21.13940000
0.88545458 21.13560000
0.90174099 21.15110000
0.91802741 21.22210000
0.93431382 21.28370000
0.95060022 21.31540000
0.96688663 21.34560000
0.98317305 21.38440000
0.99945946 21.44600000
1.01574587 21.52160000
1.03203228 21.58790000
1.04831870 21.67760000
1.06460510 21.77800000
1.08089151 21.81110000
1.09717792 21.76920000
1.11346433 21.66700000
1.12975075 21.56030000
1.14603716 21.54100000
1.16232357 21.62670000
1.17860997 21.71980000
1.19489639 21.74950000
1.21118280 21.74230000
1.22746921 21.73120000
1.24375562 21.72280000
1.26004204 21.81010000
1.27632845 21.83590000
1.29261485 21.85260000
1.30890126 21.89050000
1.32518768 21.94120000
1.34147409 21.98350000
1.35776050 22.01310000
1.37404691 22.03250000
1.39033332 22.04530000
1.40661973 22.05420000
1.42290614 22.06150000
1.43919255 22.06950000
1.45547896 22.08190000
1.47176538 22.10200000
1.48805179 22.13490000
1.50433820 22.17200000
1.52062460 22.19850000
1.53691102 22.21170000
1.55319743 22.21380000
1.56948384 22.21000000
1.58577025 22.20490000
1.60205667 22.20130000
1.61834308 22.20080000
1.63462948 22.20450000
1.65084218 22.19860000
1.66705486 22.18360000
1.68326756 22.16620000
1.69948025 22.15320000
1.71569294 22.15120000
1.73190563 22.15120000
1.74811833 22.13600000
1.76433101 22.07620000
1.78054371 21.94490000
1.79675640 21.78390000
1.81296909 21.63410000
1.82918178 21.59970000
1.84539448 21.60630000
1.86160716 21.59710000
1.87781986 21.56960000
1.89403255 21.52830000
1.91024524 21.48140000
1.92645793 21.43900000
1.94267063 21.41140000
1.95888331 21.40640000
1.97509601 21.42570000
1.99130870 21.46270000
2.00752139 21.50240000
2.02373408 21.51970000
2.03994678 21.48300000
2.05615946 21.38800000
2.07237216 21.28070000
2.08858485 21.24400000
2.10479754 21.16100000
2.12101023 21.17760000
2.13748378 21.20610000
2.15395733 21.26770000
2.17043088 21.32680000
2.18690443 21.37210000
2.20337797 21.40730000
2.21985152 21.43640000
2.23632507 21.46240000
2.25279862 21.48860000
2.26927217 21.51590000
2.28574571 21.53870000
2.30221926 21.54970000
2.31869281 21.55300000
2.33516636 21.56410000
2.35163991 21.59590000
2.36811346 21.65170000
2.38458700 21.72530000
2.40106055 21.80430000
2.41753410 21.86810000
2.43400765 21.88020000
2.45048120 21.82290000
2.46695474 21.72890000
2.48342829 21.62000000
2.49990184 21.50390000
2.51637539 21.38810000
2.53284894 21.28590000
2.54932249 21.21210000
2.56579603 21.16560000
2.58226958 21.12880000
2.59874313 21.08350000
2.61521668 21.02410000
2.63169023 20.96480000
2.64816377 20.93660000
2.66445018 20.86130000
2.68073659 20.83580000
2.69702301 20.83660000
2.71330942 20.89610000
2.72959583 20.97990000
2.74588223 20.97710000
2.76216865 20.92530000
2.77845506 20.86170000
2.79474147 20.80300000
2.81102788 20.76370000
2.82731430 20.75360000
2.84360071 20.76780000
2.85988712 20.77430000
2.87617352 20.70460000
2.89245994 20.70480000
2.90874635 20.79450000
2.92503276 20.88390000
2.94131917 20.93560000
2.95760558 20.97710000
2.97389200 20.96420000
2.99017840 20.88860000
3.00646481 20.86160000
3.02275122 20.88990000
3.03903764 20.94640000
3.05532405 21.01660000
3.07161046 21.08980000
3.08789687 21.15670000
3.10418328 21.22280000
3.12046969 21.28110000
3.13675610 21.27720000
3.15304251 21.31750000
3.16932893 21.41980000
3.18561534 21.50770000
3.20190175 21.54040000
3.21811444 21.51160000
3.23432713 21.43370000
3.25053982 21.39460000
3.26675252 21.40490000
3.28296520 21.46680000
3.29917790 21.48350000
3.31539059 21.42920000
3.33160328 21.37100000
3.34781597 21.31420000
3.36402867 21.26130000
3.38024135 21.21730000
3.39645405 21.18500000
3.41266674 21.16060000
3.42887943 21.17040000
3.44509212 21.22760000
3.46130482 21.29420000
3.47751750 21.31410000
3.49373020 21.30820000
3.50994289 21.34480000
3.52615558 21.39500000
3.54236827 21.37850000
3.55858096 21.37820000
3.57479365 21.42210000
3.59100634 21.47530000
3.60721904 21.52640000
3.62343172 21.58370000
3.63964442 21.65220000
3.65585711 21.72440000
3.67206980 21.78630000
3.68828249 21.81110000

0.00000000 22.20460000
0.01647355 22.22430000
0.03294710 22.25870000
0.04942064 22.30720000
0.06589419 22.36530000
0.08236774 22.41900000
0.09884129 22.40480000
0.11531484 22.26500000
0.13178839 22.17710000
0.14826193 22.03870000
0.16473548 21.91180000
0.18120903 21.85550000
0.19768258 21.86710000
0.21415613 21.90590000
0.23062967 21.94360000
0.24710322 21.96150000
0.26357677 21.95510000
0.28005032 21.93510000
0.29652387 21.91710000
0.31299741 21.88560000
0.32947096 21.78910000
0.34594451 21.86540000
0.36241806 21.95320000
0.37889161 21.93950000
0.39536516 21.91830000
0.41183870 21.90890000
0.42831225 21.91290000
0.44478580 21.91760000
0.46125935 21.91100000
0.47773290 21.88740000
0.49420644 21.84890000
0.51067999 21.81230000
0.52715354 21.79820000
0.54343995 21.79850000
0.55972636 21.79690000
0.57601278 21.79030000
0.59229919 21.78850000
0.60858559 21.79600000
0.62487200 21.81850000
0.64115842 21.83180000
0.65744483 21.76570000
0.67373124 21.65910000
0.69001765 21.54760000
0.70630407 21.48670000
0.72259047 21.44630000
0.73887688 21.39710000
0.75516329 21.36690000
0.77144971 21.37480000
0.78773612 21.38090000
0.80402253 21.35770000
0.82030893 21.29850000
0.83659534 21.22670000
0.85288176 21.28870000
0.86916817 21.35990000
0.88545458 21.34770000
0.90174099 21.33880000
0.91802741 21.36120000
0.93431382 21.43710000
0.95060022 21.53590000
0.96688663 21.60130000
0.98317305 21.59690000
0.99945946 21.55920000
1.01574587 21.57740000
1.03203228 21.67100000
1.04831870 21.75210000
1.06460510 21.80110000
1.08089151 21.87520000
1.09717792 21.85440000
1.11346433 21.84390000
1.12975075 21.83550000
1.14603716 21.82690000
1.16232357 21.81720000
1.17860997 21.81600000
1.19489639 21.85010000
1.21118280 21.87350000
1.22746921 21.87840000
1.24375562 21.88140000
1.26004204 21.90840000
1.27632845 21.95980000
1.29261485 22.01250000
1.30890126 22.06980000
1.32518768 22.10540000
1.34147409 22.13080000
1.35776050 22.16220000
1.37404691 22.20030000
1.39033332 22.24210000
1.40661973 22.28470000
1.42290614 22.32500000
1.43919255 22.35860000
1.45547896 22.37560000
1.47176538 22.36610000
1.48805179 22.34840000
1.50433820 22.34260000
1.52062460 22.33300000
1.53691102 22.31500000
1.55319743 22.29240000
1.56948384 22.26860000
1.58577025 22.24620000
1.60205667 22.22730000
1.61834308 22.21330000
1.63462948 22.20460000
1.65084218 22.20210000
1.66705486 22.19530000
1.68326756 22.18500000
1.69948025 22.17280000
1.71569294 22.16100000
1.73190563 22.16790000
1.74811833 22.20630000
1.76433101 22.20880000
1.78054371 22.09060000
1.79675640 21.96160000
1.81296909 21.85340000
1.82918178 21.78340000
1.84539448 21.75420000
1.86160716 21.73290000
1.87781986 21.69470000
1.89403255 21.63520000
1.91024524 21.56430000
1.92645793 21.49750000
1.94267063 21.44900000
1.95888331 21.42850000
1.97509601 21.43980000
1.99130870 21.48030000
2.00752139 21.54120000
2.02373408 21.60770000
2.03994678 21.65140000
2.05615946 21.59400000
2.07237216 21.43310000
2.08858485 21.25820000
2.10479754 21.24960000
2.12101023 21.17760000
2.13748378 21.20610000
2.15395733 21.26770000
2.17043088 21.32680000
2.18690443 21.37210000
2.20337797 21.40730000
2.21985152 21.43640000
2.23632507 21.46240000
2.25279862 21.48860000
2.26927217 21.51590000
2.28574571 21.53870000
2.30221926 21.54970000
2.31869281 21.55300000
2.33516636 21.56410000
2.35163991 21.59590000
2.36811346 21.65170000
2.38458700 21.72530000
2.40106055 21.80430000
2.41753410 21.86810000
2.43400765 21.88020000
2.45048120 21.82290000
2.46695474 21.72890000
2.48342829 21.62000000
2.49990184 21.50390000
2.51637539 21.38810000
2.53284894 21.28590000
2.54932249 21.21210000
2.56579603 21.16560000
2.58226958 21.12880000
2.59874313 21.08350000
2.61521668 21.02410000
2.63169023 20.96480000
2.64816377 20.93660000
2.66445018 21.01070000
2.68073659 21.05570000
2.69702301 21.07050000
2.71330942 21.06950000
2.72959583 21.07330000
2.74588223 21.15650000
2.76216865 21.26570000
2.77845506 21.30350000
2.79474147 21.27970000
2.81102788 21.22400000
2.82731430 21.10620000
2.84360071 20.95620000
2.85988712 20.83520000
2.87617352 20.85700000
2.89245994 20.90370000
2.90874635 20.94440000
2.92503276 20.98700000
2.94131917 21.06140000
2.95760558 21.06960000
2.97389200 21.06130000
2.99017840 21.13600000
3.00646481 21.22560000
3.02275122 21.30000000
3.03903764 21.31510000
3.05532405 21.29270000
3.07161046 21.28250000
3.08789687 21.31540000
3.10418328 21.39070000
3.12046969 21.43420000
3.13675610 21.47150000
3.15304251 21.57040000
3.16932893 21.68010000
3.18561534 21.80120000
3.20190175 21.92080000
3.21811444 21.82290000
3.23432713 21.73930000
3.25053982 21.67860000
3.26675252 21.62220000
3.28296520 21.56820000
3.29917790 21.56340000
3.31539059 21.53270000
3.33160328 21.48400000
3.34781597 21.44620000
3.36402867 21.42920000
3.38024135 21.44910000
3.39645405 21.51880000
3.41266674 21.60600000
3.42887943 21.65130000
3.44509212 21.60830000
3.46130482 21.53720000
3.47751750 21.52540000
3.49373020 21.55300000
3.50994289 21.51210000
3.52615558 21.45470000
3.54236827 21.47550000
3.55858096 21.52270000
3.57479365 21.58310000
3.59100634 21.66860000
3.60721904 21.76760000
3.62343172 21.81980000
3.63964442 21.81120000
3.65585711 21.82050000
3.67206980 21.84200000
3.68828249 21.87520000

0.00000000 22.77820000
0.01647355 22.77120000
0.03294710 22.75670000
0.04942064 22.73810000
0.06589419 22.70330000
0.08236774 22.62240000
0.09884129 22.50760000
0.11531484 22.40270000
0.13178839 22.30080000
0.14826193 22.26430000
0.16473548 22.24300000
0.18120903 22.22040000
0.19768258 22.19620000
0.21415613 22.17420000
0.23062967 22.16140000
0.24710322 22.16100000
0.26357677 22.15700000
0.28005032 22.12770000
0.29652387 22.08010000
0.31299741 22.03640000
0.32947096 22.02370000
0.34594451 22.01620000
0.36241806 22.04410000
0.37889161 22.11270000
0.39536516 22.12490000
0.41183870 22.11600000
0.42831225 22.10540000
0.44478580 22.09560000
0.46125935 22.07300000
0.47773290 22.03270000
0.49420644 21.99710000
0.51067999 21.97180000
0.52715354 21.96180000
0.54343995 21.93820000
0.55972636 21.88810000
0.57601278 21.84880000
0.59229919 21.83450000
0.60858559 21.84200000
0.62487200 21.86330000
0.64115842 21.89200000
0.65744483 21.93460000
0.67373124 21.96120000
0.69001765 21.94170000
0.70630407 21.89950000
0.72259047 21.85630000
0.73887688 21.81380000
0.75516329 21.77090000
0.77144971 21.72240000
0.78773612 21.66090000
0.80402253 21.59730000
0.82030893 21.55060000
0.83659534 21.51490000
0.85288176 21.47680000
0.86916817 21.45320000
0.88545458 21.51230000
0.90174099 21.59150000
0.91802741 21.68170000
0.93431382 21.74800000
0.95060022 21.76150000
0.96688663 21.76870000
0.98317305 21.80890000
0.99945946 21.86610000
1.01574587 21.91750000
1.03203228 21.95810000
1.04831870 21.98490000
1.06460510 21.95970000
1.08089151 21.88870000
1.09717792 21.90650000
1.11346433 21.90650000
1.12975075 21.89390000
1.14603716 21.88120000
1.16232357 21.87850000
1.17860997 21.88760000
1.19489639 21.90690000
1.21118280 21.93540000
1.22746921 21.96140000
1.24375562 21.98970000
1.26004204 22.03880000
1.27632845 22.09240000
1.29261485 22.11770000
1.30890126 22.14490000
1.32518768 22.20970000
1.34147409 22.29220000
1.35776050 22.37090000
1.37404691 22.44150000
1.39033332 22.50200000
1.40661973 22.54910000
1.42290614 22.57710000
1.43919255 22.58260000
1.45547896 22.57540000
1.47176538 22.57960000
1.48805179 22.60940000
1.50433820 22.66040000
1.52062460 22.70920000
1.53691102 22.73880000
1.55319743 22.75400000
1.56948384 22.76260000
1.58577025 22.76880000
1.60205667 22.77360000
1.61834308 22.77690000
1.63462948 22.77820000
1.65084218 22.77450000
1.66705486 22.76240000
1.68326756 22.73780000
1.69948025 22.69330000
1.71569294 22.62020000
1.73190563 22.51660000
1.74811833 22.40090000
1.76433101 22.32810000
1.78054371 22.33590000
1.79675640 22.38690000
1.81296909 22.45240000
1.82918178 22.50890000
1.84539448 22.50360000
1.86160716 22.40150000
1.87781986 22.32140000
1.89403255 22.26840000
1.91024524 22.23710000
1.92645793 22.21870000
1.94267063 22.20550000
1.95888331 22.19240000
1.97509601 22.17460000
1.99130870 22.14580000
2.00752139 22.09280000
2.02373408 21.99730000
2.03994678 21.86840000
2.05615946 21.78540000
2.07237216 21.65840000
2.08858485 21.48670000
2.10479754 21.38550000
2.12101023 21.44140000
2.13748378 21.45360000
2.15395733 21.49360000
2.17043088 21.56560000
2.18690443 21.66050000
2.20337797 21.76140000
2.21985152 21.85810000
2.23632507 21.94540000
2.25279862 22.01480000
2.26927217 22.05390000
2.28574571 22.07140000
2.30221926 22.09930000
2.31869281 22.15390000
2.33516636 22.22660000
2.35163991 22.29400000
2.36811346 22.31820000
2.38458700 22.28730000
2.40106055 22.22890000
2.41753410 22.16760000
2.43400765 22.13630000
2.45048120 22.14310000
2.46695474 22.12110000
2.48342829 22.03440000
2.49990184 21.92900000
2.51637539 21.82310000
2.53284894 21.71940000
2.54932249 21.61830000
2.56579603 21.52210000
2.58226958 21.43800000
2.59874313 21.37630000
2.61521668 21.34130000
2.63169023 21.32610000
2.64816377 21.32210000
2.66445018 21.30250000
2.68073659 21.31450000
2.69702301 21.32670000
2.71330942 21.32440000
2.72959583 21.32470000
2.74588223 21.32870000
2.76216865 21.32580000
2.77845506 21.36140000
2.79474147 21.38720000
2.81102788 21.35660000
2.82731430 21.37070000
2.84360071 21.30420000
2.85988712 21.23350000
2.87617352 21.16920000
2.89245994 21.12130000
2.90874635 21.10880000
2.92503276 21.13600000
2.94131917 21.16260000
2.95760558 21.21310000
2.97389200 21.30820000
2.99017840 21.39120000
3.00646481 21.43980000
3.02275122 21.46310000
3.03903764 21.51680000
3.05532405 21.59570000
3.07161046 21.65020000
3.08789687 21.61650000
3.10418328 21.52350000
3.12046969 21.50190000
3.13675610 21.60930000
3.15304251 21.72800000
3.16932893 21.84940000
3.18561534 21.95010000
3.20190175 21.94760000
3.21811444 21.98130000
3.23432713 21.93100000
3.25053982 21.85960000
3.26675252 21.78530000
3.28296520 21.71610000
3.29917790 21.68980000
3.31539059 21.76470000
3.33160328 21.81470000
3.34781597 21.83520000
3.36402867 21.85300000
3.38024135 21.86740000
3.39645405 21.87630000
3.41266674 21.86650000
3.42887943 21.81540000
3.44509212 21.78340000
3.46130482 21.75520000
3.47751750 21.70310000
3.49373020 21.65560000
3.50994289 21.67970000
3.52615558 21.73940000
3.54236827 21.82040000
3.55858096 21.90990000
3.57479365 21.97050000
3.59100634 21.98140000
3.60721904 21.93630000
3.62343172 21.91830000
3.63964442 21.96030000
3.65585711 21.96290000
3.67206980 21.93000000
3.68828249 21.88870000

0.00000000 22.86540000
0.01647355 22.87470000
0.03294710 22.89140000
0.04942064 22.89450000
0.06589419 22.85690000
0.08236774 22.77640000
0.09884129 22.70840000
0.11531484 22.71770000
0.13178839 22.77230000
0.14826193 22.80610000
0.16473548 22.74350000
0.18120903 22.66790000
0.19768258 22.59550000
0.21415613 22.52660000
0.23062967 22.46220000
0.24710322 22.40880000
0.26357677 22.38320000
0.28005032 22.39410000
0.29652387 22.41310000
0.31299741 22.39250000
0.32947096 22.32180000
0.34594451 22.28210000
0.36241806 22.29240000
0.37889161 22.34230000
0.39536516 22.34760000
0.41183870 22.29990000
0.42831225 22.23760000
0.44478580 22.17530000
0.46125935 22.13130000
0.47773290 22.11210000
0.49420644 22.09990000
0.51067999 22.09730000
0.52715354 22.10960000
0.54343995 22.10130000
0.55972636 22.09830000
0.57601278 22.10360000
0.59229919 22.10660000
0.60858559 22.09720000
0.62487200 22.07320000
0.64115842 22.03790000
0.65744483 22.01900000
0.67373124 22.01340000
0.69001765 22.02220000
0.70630407 22.02510000
0.72259047 22.02570000
0.73887688 22.02780000
0.75516329 21.98970000
0.77144971 21.90640000
0.78773612 21.84280000
0.80402253 21.81610000
0.82030893 21.79490000
0.83659534 21.70830000
0.85288176 21.62590000
0.86916817 21.59000000
0.88545458 21.60840000
0.90174099 21.66640000
0.91802741 21.72920000
0.93431382 21.80030000
0.95060022 21.88870000
0.96688663 21.95760000
0.98317305 22.00420000
0.99945946 22.03690000
1.01574587 22.06360000
1.03203228 22.08430000
1.04831870 22.08130000
1.06460510 22.09670000
1.08089151 22.11650000
1.09717792 22.11360000
1.11346433 22.10560000
1.12975075 22.09570000
1.14603716 22.08740000
1.16232357 22.08490000
1.17860997 22.09600000
1.19489639 22.13250000
1.21118280 22.18290000
1.22746921 22.21430000
1.24375562 22.23600000
1.26004204 22.27700000
1.27632845 22.37780000
1.29261485 22.49700000
1.30890126 22.56890000
1.32518768 22.61760000
1.34147409 22.65790000
1.35776050 22.69510000
1.37404691 22.73140000
1.39033332 22.76760000
1.40661973 22.80320000
1.42290614 22.83370000
1.43919255 22.84750000
1.45547896 22.83150000
1.47176538 22.79300000
1.48805179 22.77500000
1.50433820 22.79620000
1.52062460 22.84630000
1.53691102 22.89120000
1.55319743 22.90720000
1.56948384 22.90200000
1.58577025 22.88940000
1.60205667 22.87700000
1.61834308 22.86850000
1.63462948 22.86540000
1.65084218 22.86500000
1.66705486 22.86180000
1.68326756 22.84910000
1.69948025 22.81120000
1.71569294 22.72540000
1.73190563 22.59270000
1.74811833 22.44480000
1.76433101 22.36110000
1.78054371 22.43030000
1.79675640 22.53690000
1.81296909 22.62790000
1.82918178 22.60620000
1.84539448 22.52100000
1.86160716 22.48950000
1.87781986 22.44850000
1.89403255 22.41140000
1.91024524 22.38060000
1.92645793 22.35520000
1.94267063 22.33350000
1.95888331 22.31390000
1.97509601 22.29450000
1.99130870 22.27160000
2.00752139 22.19500000
2.02373408 22.05380000
2.03994678 21.95420000
2.05615946 21.83450000
2.07237216 21.73810000
2.08858485 21.64230000
2.10479754 21.53640000
2.12101023 21.44140000
2.13748378 21.45360000
2.15395733 21.49360000
2.17043088 21.56560000
2.18690443 21.66050000
2.20337797 21.76140000
2.21985152 21.85810000
2.23632507 21.94540000
2.25279862 22.01480000
2.26927217 22.05390000
2.28574571 22.07140000
2.30221926 22.09930000
2.31869281 22.15390000
2.33516636 22.22660000
2.35163991 22.29400000
2.36811346 22.31820000
2.38458700 22.28730000
2.40106055 22.22890000
2.41753410 22.16760000
2.43400765 22.13630000
2.45048120 22.14310000
2.46695474 22.12110000
2.48342829 22.03440000
2.49990184 21.92900000
2.51637539 21.82310000
2.53284894 21.71940000
2.54932249 21.61830000
2.56579603 21.52210000
2.58226958 21.43800000
2.59874313 21.37630000
2.61521668 21.34130000
2.63169023 21.32610000
2.64816377 21.32210000
2.66445018 21.35330000
2.68073659 21.38900000
2.69702301 21.46190000
2.71330942 21.55990000
2.72959583 21.59990000
2.74588223 21.55430000
2.76216865 21.50690000
2.77845506 21.45850000
2.79474147 21.42650000
2.81102788 21.42570000
2.82731430 21.38080000
2.84360071 21.42790000
2.85988712 21.49600000
2.87617352 21.56180000
2.89245994 21.57260000
2.90874635 21.50940000
2.92503276 21.43270000
2.94131917 21.38900000
2.95760558 21.41950000
2.97389200 21.49410000
2.99017840 21.58220000
3.00646481 21.67750000
3.02275122 21.77720000
3.03903764 21.86220000
3.05532405 21.88860000
3.07161046 21.86040000
3.08789687 21.87650000
3.10418328 21.93960000
3.12046969 22.00640000
3.13675610 22.06120000
3.15304251 22.09570000
3.16932893 22.10870000
3.18561534 22.09910000
3.20190175 22.04730000
3.21811444 22.05770000
3.23432713 22.02450000
3.25053982 21.96070000
3.26675252 21.89890000
3.28296520 21.85610000
3.29917790 21.83580000
3.31539059 21.84200000
3.33160328 21.90720000
3.34781597 21.99130000
3.36402867 22.05270000
3.38024135 22.07210000
3.39645405 22.03200000
3.41266674 21.97570000
3.42887943 21.97220000
3.44509212 21.96680000
3.46130482 21.93030000
3.47751750 21.91860000
3.49373020 21.93790000
3.50994289 21.97480000
3.52615558 22.00670000
3.54236827 22.03020000
3.55858096 22.05920000
3.57479365 22.10410000
3.59100634 22.09420000
3.60721904 22.06860000
3.62343172 22.07370000
3.63964442 22.08450000
3.65585711 22.09010000
3.67206980 22.10420000
3.68828249 22.11650000

0.00000000 23.54430000
0.01647355 23.52050000
0.03294710 23.43260000
0.04942064 23.30680000
0.06589419 23.19070000
0.08236774 23.11330000
0.09884129 23.05950000
0.11531484 22.99980000
0.13178839 22.92430000
0.14826193 22.86780000
0.16473548 22.90050000
0.18120903 22.93730000
0.19768258 22.93360000
0.21415613 22.85760000
0.23062967 22.78710000
0.24710322 22.72460000
0.26357677 22.66900000
0.28005032 22.62080000
0.29652387 22.58540000
0.31299741 22.55070000
0.32947096 22.49760000
0.34594451 22.44100000
0.36241806 22.40650000
0.37889161 22.39420000
0.39536516 22.38910000
0.41183870 22.39400000
0.42831225 22.40190000
0.44478580 22.40500000
0.46125935 22.38820000
0.47773290 22.30060000
0.49420644 22.20900000
0.51067999 22.14820000
0.52715354 22.11560000
0.54343995 22.12340000
0.55972636 22.12950000
0.57601278 22.13550000
0.59229919 22.15200000
0.60858559 22.18130000
0.62487200 22.20370000
0.64115842 22.20280000
0.65744483 22.18770000
0.67373124 22.14280000
0.69001765 22.10470000
0.70630407 22.10740000
0.72259047 22.12670000
0.73887688 22.12800000
0.75516329 22.10910000
0.77144971 22.12170000
0.78773612 22.07750000
0.80402253 21.96540000
0.82030893 21.87300000
0.83659534 21.87570000
0.85288176 21.91150000
0.86916817 21.95160000
0.88545458 21.98490000
0.90174099 22.00730000
0.91802741 22.02940000
0.93431382 22.06590000
0.95060022 22.11410000
0.96688663 22.15120000
0.98317305 22.16180000
0.99945946 22.15240000
1.01574587 22.13810000
1.03203228 22.13330000
1.04831870 22.15900000
1.06460510 22.19240000
1.08089151 22.20540000
1.09717792 22.21000000
1.11346433 22.21390000
1.12975075 22.21250000
1.14603716 22.21210000
1.16232357 22.21620000
1.17860997 22.22680000
1.19489639 22.24820000
1.21118280 22.29650000
1.22746921 22.37670000
1.24375562 22.44370000
1.26004204 22.48640000
1.27632845 22.52520000
1.29261485 22.57630000
1.30890126 22.64370000
1.32518768 22.72200000
1.34147409 22.78700000
1.35776050 22.81780000
1.37404691 22.83180000
1.39033332 22.83900000
1.40661973 22.84310000
1.42290614 22.85080000
1.43919255 22.87240000
1.45547896 22.90720000
1.47176538 22.95410000
1.48805179 23.00260000
1.50433820 23.03910000
1.52062460 23.08200000
1.53691102 23.15620000
1.55319743 23.25730000
1.56948384 23.36260000
1.58577025 23.44890000
1.60205667 23.50450000
1.61834308 23.53480000
1.63462948 23.54430000
1.65084218 23.53070000
1.66705486 23.46370000
1.68326756 23.34000000
1.69948025 23.21200000
1.71569294 23.12380000
1.73190563 23.08280000
1.74811833 23.02800000
1.76433101 22.96200000
1.78054371 22.89590000
1.79675640 22.82840000
1.81296909 22.76400000
1.82918178 22.71660000
1.84539448 22.71530000
1.86160716 22.75360000
1.87781986 22.79210000
1.89403255 22.81390000
1.91024524 22.81480000
1.92645793 22.79330000
1.94267063 22.74350000
1.95888331 22.65350000
1.97509601 22.51970000
1.99130870 22.36000000
2.00752139 22.23800000
2.02373408 22.16050000
2.03994678 22.02990000
2.05615946 21.93630000
2.07237216 21.90480000
2.08858485 21.86430000
2.10479754 21.85670000
2.12101023 21.86310000
2.13748378 21.86930000
2.15395733 21.88850000
2.17043088 21.92290000
2.18690443 21.97550000
2.20337797 22.04740000
2.21985152 22.13310000
2.23632507 22.21590000
2.25279862 22.27570000
2.26927217 22.32190000
2.28574571 22.37930000
2.30221926 22.43960000
2.31869281 22.47490000
2.33516636 22.47410000
2.35163991 22.46390000
2.36811346 22.47210000
2.38458700 22.48920000
2.40106055 22.47390000
2.41753410 22.43040000
2.43400765 22.36870000
2.45048120 22.29640000
2.46695474 22.24800000
2.48342829 22.24140000
2.49990184 22.22970000
2.51637539 22.20160000
2.53284894 22.16530000
2.54932249 22.13010000
2.56579603 22.10080000
2.58226958 22.07840000
2.59874313 22.06230000
2.61521668 22.05170000
2.63169023 22.04560000
2.64816377 22.04360000
2.66445018 21.98840000
2.68073659 21.91650000
2.69702301 21.83740000
2.71330942 21.76060000
2.72959583 21.71040000
2.74588223 21.65490000
2.76216865 21.60540000
2.77845506 21.61150000
2.79474147 21.67380000
2.81102788 21.68520000
2.82731430 21.66850000
2.84360071 21.67780000
2.85988712 21.68540000
2.87617352 21.67480000
2.89245994 21.64910000
2.90874635 21.61740000
2.92503276 21.59190000
2.94131917 21.58820000
2.95760558 21.61340000
2.97389200 21.66910000
2.99017840 21.75030000
3.00646481 21.84430000
3.02275122 21.93980000
3.03903764 22.03740000
3.05532405 22.12740000
3.07161046 22.21200000
3.08789687 22.28260000
3.10418328 22.32490000
3.12046969 22.33900000
3.13675610 22.33950000
3.15304251 22.34080000
3.16932893 22.31150000
3.18561534 22.16920000
3.20190175 22.13120000
3.21811444 22.16810000
3.23432713 22.25010000
3.25053982 22.23970000
3.26675252 22.22640000
3.28296520 22.22090000
3.29917790 22.22470000
3.31539059 22.24070000
3.33160328 22.26700000
3.34781597 22.27240000
3.36402867 22.23050000
3.38024135 22.18920000
3.39645405 22.15460000
3.41266674 22.10760000
3.42887943 22.05790000
3.44509212 22.04700000
3.46130482 22.07810000
3.47751750 22.09850000
3.49373020 22.11310000
3.50994289 22.14240000
3.52615558 22.19600000
3.54236827 22.24890000
3.55858096 22.26750000
3.57479365 22.24180000
3.59100634 22.23990000
3.60721904 22.24190000
3.62343172 22.22640000
3.63964442 22.22980000
3.65585711 22.24580000
3.67206980 22.22420000
3.68828249 22.20540000

0.00000000 23.58370000
0.01647355 23.56720000
0.03294710 23.52830000
0.04942064 23.43840000
0.06589419 23.34410000
0.08236774 23.28330000
0.09884129 23.24350000
0.11531484 23.21440000
0.13178839 23.20850000
0.14826193 23.18130000
0.16473548 23.11020000
0.18120903 23.02500000
0.19768258 22.96730000
0.21415613 22.96920000
0.23062967 22.94800000
0.24710322 22.90330000
0.26357677 22.84800000
0.28005032 22.78750000
0.29652387 22.69160000
0.31299741 22.58930000
0.32947096 22.53240000
0.34594451 22.53610000
0.36241806 22.52020000
0.37889161 22.52200000
0.39536516 22.62590000
0.41183870 22.72910000
0.42831225 22.69670000
0.44478580 22.57870000
0.46125935 22.45520000
0.47773290 22.40820000
0.49420644 22.39350000
0.51067999 22.38520000
0.52715354 22.38260000
0.54343995 22.41170000
0.55972636 22.47860000
0.57601278 22.55280000
0.59229919 22.59970000
0.60858559 22.54810000
0.62487200 22.45460000
0.64115842 22.37790000
0.65744483 22.31870000
0.67373124 22.32250000
0.69001765 22.37630000
0.70630407 22.41000000
0.72259047 22.32090000
0.73887688 22.23390000
0.75516329 22.20680000
0.77144971 22.18130000
0.78773612 22.16740000
0.80402253 22.19410000
0.82030893 22.20580000
0.83659534 22.18910000
0.85288176 22.16820000
0.86916817 22.15340000
0.88545458 22.15390000
0.90174099 22.17510000
0.91802741 22.21130000
0.93431382 22.25470000
0.95060022 22.30840000
0.96688663 22.38010000
0.98317305 22.41890000
0.99945946 22.41490000
1.01574587 22.40700000
1.03203228 22.40410000
1.04831870 22.41550000
1.06460510 22.44300000
1.08089151 22.46190000
1.09717792 22.44690000
1.11346433 22.42650000
1.12975075 22.41440000
1.14603716 22.40630000
1.16232357 22.40340000
1.17860997 22.40840000
1.19489639 22.42210000
1.21118280 22.44460000
1.22746921 22.47890000
1.24375562 22.53010000
1.26004204 22.58000000
1.27632845 22.62730000
1.29261485 22.70800000
1.30890126 22.81210000
1.32518768 22.87480000
1.34147409 22.94720000
1.35776050 23.04550000
1.37404691 23.11600000
1.39033332 23.15070000
1.40661973 23.15770000
1.42290614 23.14000000
1.43919255 23.09810000
1.45547896 23.05940000
1.47176538 23.05470000
1.48805179 23.07650000
1.50433820 23.12830000
1.52062460 23.20000000
1.53691102 23.26780000
1.55319743 23.32600000
1.56948384 23.39520000
1.58577025 23.46860000
1.60205667 23.53100000
1.61834308 23.57020000
1.63462948 23.58370000
1.65084218 23.56990000
1.66705486 23.52100000
1.68326756 23.42690000
1.69948025 23.30730000
1.71569294 23.19380000
1.73190563 23.10170000
1.74811833 23.06400000
1.76433101 23.04240000
1.78054371 22.99720000
1.79675640 22.92060000
1.81296909 22.84110000
1.82918178 22.86260000
1.84539448 22.95940000
1.86160716 23.05280000
1.87781986 23.11950000
1.89403255 23.15320000
1.91024524 23.15780000
1.92645793 23.13630000
1.94267063 23.08260000
1.95888331 22.95190000
1.97509601 22.82270000
1.99130870 22.66320000
2.00752139 22.50270000
2.02373408 22.34670000
2.03994678 22.17590000
2.05615946 22.01710000
2.07237216 21.91200000
2.08858485 21.89510000
2.10479754 21.87780000
2.12101023 21.86310000
2.13748378 21.86930000
2.15395733 21.88850000
2.17043088 21.92290000
2.18690443 21.97550000
2.20337797 22.04740000
2.21985152 22.13310000
2.23632507 22.21590000
2.25279862 22.27570000
2.26927217 22.32190000
2.28574571 22.37930000
2.30221926 22.43960000
2.31869281 22.47490000
2.33516636 22.47410000
2.35163991 22.46390000
2.36811346 22.47210000
2.38458700 22.48920000
2.40106055 22.47390000
2.41753410 22.43040000
2.43400765 22.36870000
2.45048120 22.29640000
2.46695474 22.24800000
2.48342829 22.24140000
2.49990184 22.22970000
2.51637539 22.20160000
2.53284894 22.16530000
2.54932249 22.13010000
2.56579603 22.10080000
2.58226958 22.07840000
2.59874313 22.06230000
2.61521668 22.05170000
2.63169023 22.04560000
2.64816377 22.04360000
2.66445018 22.06570000
2.68073659 22.04000000
2.69702301 21.97160000
2.71330942 21.88710000
2.72959583 21.84390000
2.74588223 21.90190000
2.76216865 21.94620000
2.77845506 21.89750000
2.79474147 21.80230000
2.81102788 21.80820000
2.82731430 21.90590000
2.84360071 21.98060000
2.85988712 21.91240000
2.87617352 21.82280000
2.89245994 21.79900000
2.90874635 21.85680000
2.92503276 21.93340000
2.94131917 21.98500000
2.95760558 21.98380000
2.97389200 21.94850000
2.99017840 21.92320000
3.00646481 21.94800000
3.02275122 22.03640000
3.03903764 22.16010000
3.05532405 22.29830000
3.07161046 22.43950000
3.08789687 22.56570000
3.10418328 22.65590000
3.12046969 22.69020000
3.13675610 22.63240000
3.15304251 22.49810000
3.16932893 22.37450000
3.18561534 22.38040000
3.20190175 22.39640000
3.21811444 22.34670000
3.23432713 22.34900000
3.25053982 22.48810000
3.26675252 22.63300000
3.28296520 22.71300000
3.29917790 22.65280000
3.31539059 22.55220000
3.33160328 22.46290000
3.34781597 22.42870000
3.36402867 22.44310000
3.38024135 22.37850000
3.39645405 22.34570000
3.41266674 22.35070000
3.42887943 22.34920000
3.44509212 22.32720000
3.46130482 22.31330000
3.47751750 22.32120000
3.49373020 22.34250000
3.50994289 22.36140000
3.52615558 22.36930000
3.54236827 22.37290000
3.55858096 22.36220000
3.57479365 22.33340000
3.59100634 22.33910000
3.60721904 22.37780000
3.62343172 22.37690000
3.63964442 22.35780000
3.65585711 22.36960000
3.67206980 22.42640000
3.68828249 22.46190000

0.00000000 23.75390000
0.01647355 23.71000000
0.03294710 23.61600000
0.04942064 23.54890000
0.06589419 23.46290000
0.08236774 23.36790000
0.09884129 23.31720000
0.11531484 23.32600000
0.13178839 23.34480000
0.14826193 23.31610000
0.16473548 23.29890000
0.18120903 23.27800000
0.19768258 23.23150000
0.21415613 23.16860000
0.23062967 23.11770000
0.24710322 23.07700000
0.26357677 23.00520000
0.28005032 22.87170000
0.29652387 22.73780000
0.31299741 22.61290000
0.32947096 22.57470000
0.34594451 22.55830000
0.36241806 22.59280000
0.37889161 22.65670000
0.39536516 22.72550000
0.41183870 22.77940000
0.42831225 22.79270000
0.44478580 22.78710000
0.46125935 22.79640000
0.47773290 22.81940000
0.49420644 22.83950000
0.51067999 22.84860000
0.52715354 22.85050000
0.54343995 22.84230000
0.55972636 22.81610000
0.57601278 22.77010000
0.59229919 22.71890000
0.60858559 22.72770000
0.62487200 22.73910000
0.64115842 22.68700000
0.65744483 22.64820000
0.67373124 22.60620000
0.69001765 22.53580000
0.70630407 22.46540000
0.72259047 22.47390000
0.73887688 22.45300000
0.75516329 22.38700000
0.77144971 22.30690000
0.78773612 22.26680000
0.80402253 22.24840000
0.82030893 22.24690000
0.83659534 22.27020000
0.85288176 22.29690000
0.86916817 22.32260000
0.88545458 22.34790000
0.90174099 22.37390000
0.91802741 22.40150000
0.93431382 22.42990000
0.95060022 22.45350000
0.96688663 22.47030000
0.98317305 22.53030000
0.99945946 22.62790000
1.01574587 22.69080000
1.03203228 22.67050000
1.04831870 22.59790000
1.06460510 22.52120000
1.08089151 22.48600000
1.09717792 22.48910000
1.11346433 22.50160000
1.12975075 22.51600000
1.14603716 22.52650000
1.16232357 22.53860000
1.17860997 22.55690000
1.19489639 22.58360000
1.21118280 22.62000000
1.22746921 22.66790000
1.24375562 22.73110000
1.26004204 22.80100000
1.27632845 22.85670000
1.29261485 22.91320000
1.30890126 22.97150000
1.32518768 23.02820000
1.34147409 23.09140000
1.35776050 23.17450000
1.37404691 23.29140000
1.39033332 23.35410000
1.40661973 23.36130000
1.42290614 23.34590000
1.43919255 23.30050000
1.45547896 23.28640000
1.47176538 23.29320000
1.48805179 23.29940000
1.50433820 23.29620000
1.52062460 23.29340000
1.53691102 23.32360000
1.55319743 23.40000000
1.56948384 23.48770000
1.58577025 23.57350000
1.60205667 23.65670000
1.61834308 23.72640000
1.63462948 23.75390000
1.65084218 23.74170000
1.66705486 23.70070000
1.68326756 23.64500000
1.69948025 23.59240000
1.71569294 23.54100000
1.73190563 23.49100000
1.74811833 23.44670000
1.76433101 23.41280000
1.78054371 23.39110000
1.79675640 23.37980000
1.81296909 23.37580000
1.82918178 23.37700000
1.84539448 23.38420000
1.86160716 23.40010000
1.87781986 23.42430000
1.89403255 23.43920000
1.91024524 23.37230000
1.92645793 23.24190000
1.94267063 23.09370000
1.95888331 22.98520000
1.97509601 22.83700000
1.99130870 22.69330000
2.00752139 22.55340000
2.02373408 22.42980000
2.03994678 22.39100000
2.05615946 22.41290000
2.07237216 22.48100000
2.08858485 22.58030000
2.10479754 22.68930000
2.12101023 22.75540000
2.13748378 22.74380000
2.15395733 22.71350000
2.17043088 22.67180000
2.18690443 22.62440000
2.20337797 22.57550000
2.21985152 22.53080000
2.23632507 22.50160000
2.25279862 22.50540000
2.26927217 22.53450000
2.28574571 22.55510000
2.30221926 22.56130000
2.31869281 22.57710000
2.33516636 22.60970000
2.35163991 22.62670000
2.36811346 22.61900000
2.38458700 22.61280000
2.40106055 22.63200000
2.41753410 22.65960000
2.43400765 22.67160000
2.45048120 22.65300000
2.46695474 22.61190000
2.48342829 22.56900000
2.49990184 22.53990000
2.51637539 22.52980000
2.53284894 22.53480000
2.54932249 22.54890000
2.56579603 22.56850000
2.58226958 22.59160000
2.59874313 22.61640000
2.61521668 22.64040000
2.63169023 22.65920000
2.64816377 22.66650000
2.66445018 22.58160000
2.68073659 22.50780000
2.69702301 22.45710000
2.71330942 22.41940000
2.72959583 22.37840000
2.74588223 22.33040000
2.76216865 22.30190000
2.77845506 22.32680000
2.79474147 22.33870000
2.81102788 22.27340000
2.82731430 22.16640000
2.84360071 22.05850000
2.85988712 22.05030000
2.87617352 22.05220000
2.89245994 22.06440000
2.90874635 22.09590000
2.92503276 22.14170000
2.94131917 22.19440000
2.95760558 22.25230000
2.97389200 22.31980000
2.99017840 22.38870000
3.00646481 22.41890000
3.02275122 22.38160000
3.03903764 22.34180000
3.05532405 22.37270000
3.07161046 22.48360000
3.08789687 22.62860000
3.10418328 22.76960000
3.12046969 22.86080000
3.13675610 22.86120000
3.15304251 22.76190000
3.16932893 22.63330000
3.18561534 22.52670000
3.20190175 22.47440000
3.21811444 22.54570000
3.23432713 22.65110000
3.25053982 22.75370000
3.26675252 22.82850000
3.28296520 22.83640000
3.29917790 22.83370000
3.31539059 22.77640000
3.33160328 22.68460000
3.34781597 22.58210000
3.36402867 22.50910000
3.38024135 22.53890000
3.39645405 22.53150000
3.41266674 22.48080000
3.42887943 22.43970000
3.44509212 22.43080000
3.46130482 22.43250000
3.47751750 22.43240000
3.49373020 22.43210000
3.50994289 22.44090000
3.52615558 22.46340000
3.54236827 22.47690000
3.55858096 22.46620000
3.57479365 22.47260000
3.59100634 22.47040000
3.60721904 22.45700000
3.62343172 22.47440000
3.63964442 22.49410000
3.65585711 22.50260000
3.67206980 22.49910000
3.68828249 22.48600000

0.00000000 23.78980000
0.01647355 23.76580000
0.03294710 23.74320000
0.04942064 23.71430000
0.06589419 23.69120000
0.08236774 23.64600000
0.09884129 23.55580000
0.11531484 23.46410000
0.13178839 23.38930000
0.14826193 23.39040000
0.16473548 23.38590000
0.18120903 23.33670000
0.19768258 23.28610000
0.21415613 23.25440000
0.23062967 23.23060000
0.24710322 23.20570000
0.26357677 23.10540000
0.28005032 22.97880000
0.29652387 22.83360000
0.31299741 22.77980000
0.32947096 22.78090000
0.34594451 22.80850000
0.36241806 22.84410000
0.37889161 22.88080000
0.39536516 22.92020000
0.41183870 22.96980000
0.42831225 22.95820000
0.44478580 22.97350000
0.46125935 22.99610000
0.47773290 23.01940000
0.49420644 23.04310000
0.51067999 23.05610000
0.52715354 23.05870000
0.54343995 23.06120000
0.55972636 23.06530000
0.57601278 23.06120000
0.59229919 23.03380000
0.60858559 22.94560000
0.62487200 22.83710000
0.64115842 22.79460000
0.65744483 22.76940000
0.67373124 22.75650000
0.69001765 22.71800000
0.70630407 22.66910000
0.72259047 22.64890000
0.73887688 22.60730000
0.75516329 22.55770000
0.77144971 22.54170000
0.78773612 22.54570000
0.80402253 22.56100000
0.82030893 22.58310000
0.83659534 22.60870000
0.85288176 22.63560000
0.86916817 22.66210000
0.88545458 22.68640000
0.90174099 22.70690000
0.91802741 22.72130000
0.93431382 22.72820000
0.95060022 22.73020000
0.96688663 22.73660000
0.98317305 22.74730000
0.99945946 22.74840000
1.01574587 22.73390000
1.03203228 22.71660000
1.04831870 22.68710000
1.06460510 22.64760000
1.08089151 22.62950000
1.09717792 22.61280000
1.11346433 22.60760000
1.12975075 22.62770000
1.14603716 22.67080000
1.16232357 22.72100000
1.17860997 22.76560000
1.19489639 22.79690000
1.21118280 22.81180000
1.22746921 22.81510000
1.24375562 22.82270000
1.26004204 22.85690000
1.27632845 22.90680000
1.29261485 22.94320000
1.30890126 23.02520000
1.32518768 23.18780000
1.34147409 23.33620000
1.35776050 23.39790000
1.37404691 23.41820000
1.39033332 23.49760000
1.40661973 23.49150000
1.42290614 23.42040000
1.43919255 23.41040000
1.45547896 23.41060000
1.47176538 23.40930000
1.48805179 23.41740000
1.50433820 23.43380000
1.52062460 23.45350000
1.53691102 23.48560000
1.55319743 23.52950000
1.56948384 23.58370000
1.58577025 23.64860000
1.60205667 23.71500000
1.61834308 23.76650000
1.63462948 23.78980000
1.65084218 23.77240000
1.66705486 23.73950000
1.68326756 23.72810000
1.69948025 23.71740000
1.71569294 23.69350000
1.73190563 23.65340000
1.74811833 23.59610000
1.76433101 23.52930000
1.78054371 23.47270000
1.79675640 23.44300000
1.81296909 23.43690000
1.82918178 23.44160000
1.84539448 23.44910000
1.86160716 23.45920000
1.87781986 23.47120000
1.89403255 23.47360000
1.91024524 23.45120000
1.92645793 23.38450000
1.94267063 23.24160000
1.95888331 23.06200000
1.97509601 22.88830000
1.99130870 22.72140000
2.00752139 22.56530000
2.02373408 22.47370000
2.03994678 22.44970000
2.05615946 22.47870000
2.07237216 22.54170000
2.08858485 22.62440000
2.10479754 22.71000000
2.12101023 22.75540000
2.13748378 22.74380000
2.15395733 22.71350000
2.17043088 22.67180000
2.18690443 22.62440000
2.20337797 22.57550000
2.21985152 22.53080000
2.23632507 22.50160000
2.25279862 22.50540000
2.26927217 22.53450000
2.28574571 22.55510000
2.30221926 22.56130000
2.31869281 22.57710000
2.33516636 22.60970000
2.35163991 22.62670000
2.36811346 22.61900000
2.38458700 22.61280000
2.40106055 22.63200000
2.41753410 22.65960000
2.43400765 22.67160000
2.45048120 22.65300000
2.46695474 22.61190000
2.48342829 22.56900000
2.49990184 22.53990000
2.51637539 22.52980000
2.53284894 22.53480000
2.54932249 22.54890000
2.56579603 22.56850000
2.58226958 22.59160000
2.59874313 22.61640000
2.61521668 22.64040000
2.63169023 22.65920000
2.64816377 22.66650000
2.66445018 22.70420000
2.68073659 22.66830000
2.69702301 22.62510000
2.71330942 22.59650000
2.72959583 22.58090000
2.74588223 22.55830000
2.76216865 22.51680000
2.77845506 22.46900000
2.79474147 22.42020000
2.81102788 22.36770000
2.82731430 22.30700000
2.84360071 22.26540000
2.85988712 22.28410000
2.87617352 22.35780000
2.89245994 22.43070000
2.90874635 22.43440000
2.92503276 22.38810000
2.94131917 22.36530000
2.95760558 22.39970000
2.97389200 22.46290000
2.99017840 22.50700000
3.00646481 22.54520000
3.02275122 22.62480000
3.03903764 22.72050000
3.05532405 22.80220000
3.07161046 22.81670000
3.08789687 22.82960000
3.10418328 22.88170000
3.12046969 22.95570000
3.13675610 22.96920000
3.15304251 22.93340000
3.16932893 22.83670000
3.18561534 22.73040000
3.20190175 22.68520000
3.21811444 22.71200000
3.23432713 22.78060000
3.25053982 22.86900000
3.26675252 22.95250000
3.28296520 22.99630000
3.29917790 23.00580000
3.31539059 22.98850000
3.33160328 22.95950000
3.34781597 22.91500000
3.36402867 22.85580000
3.38024135 22.79870000
3.39645405 22.78300000
3.41266674 22.80680000
3.42887943 22.83300000
3.44509212 22.84140000
3.46130482 22.83820000
3.47751750 22.82380000
3.49373020 22.79340000
3.50994289 22.74620000
3.52615558 22.68740000
3.54236827 22.63550000
3.55858096 22.60840000
3.57479365 22.58640000
3.59100634 22.58550000
3.60721904 22.62080000
3.62343172 22.65460000
3.63964442 22.64040000
3.65585711 22.61120000
3.67206980 22.60730000
3.68828249 22.62950000

0.00000000 23.91990000
0.01647355 23.92020000
0.03294710 23.90090000
0.04942064 23.80700000
0.06589419 23.72980000
0.08236774 23.68390000
0.09884129 23.68090000
0.11531484 23.68310000
0.13178839 23.68540000
0.14826193 23.59990000
0.16473548 23.54290000
0.18120903 23.53790000
0.19768258 23.55260000
0.21415613 23.46700000
0.23062967 23.36130000
0.24710322 23.24570000
0.26357677 23.21640000
0.28005032 23.19520000
0.29652387 23.15890000
0.31299741 23.14370000
0.32947096 23.14560000
0.34594451 23.16430000
0.36241806 23.11360000
0.37889161 23.05360000
0.39536516 23.00550000
0.41183870 23.00140000
0.42831225 23.05120000
0.44478580 23.10090000
0.46125935 23.13100000
0.47773290 23.12840000
0.49420644 23.12770000
0.51067999 23.12930000
0.52715354 23.13000000
0.54343995 23.14300000
0.55972636 23.17260000
0.57601278 23.17280000
0.59229919 23.09930000
0.60858559 23.02680000
0.62487200 22.98760000
0.64115842 22.96720000
0.65744483 22.94060000
0.67373124 22.89040000
0.69001765 22.87060000
0.70630407 22.84080000
0.72259047 22.76800000
0.73887688 22.75140000
0.75516329 22.79140000
0.77144971 22.83220000
0.78773612 22.86240000
0.80402253 22.88450000
0.82030893 22.90440000
0.83659534 22.92550000
0.85288176 22.94810000
0.86916817 22.96870000
0.88545458 22.98330000
0.90174099 22.99010000
0.91802741 22.98160000
0.93431382 22.94620000
0.95060022 22.90580000
0.96688663 22.88000000
0.98317305 22.86990000
0.99945946 22.86370000
1.01574587 22.85750000
1.03203228 22.84990000
1.04831870 22.79690000
1.06460510 22.73020000
1.08089151 22.69700000
1.09717792 22.76240000
1.11346433 22.87880000
1.12975075 22.97840000
1.14603716 22.98850000
1.16232357 22.98320000
1.17860997 22.97570000
1.19489639 22.97230000
1.21118280 22.97650000
1.22746921 22.98770000
1.24375562 23.00270000
1.26004204 23.02840000
1.27632845 23.09500000
1.29261485 23.20970000
1.30890126 23.34060000
1.32518768 23.46360000
1.34147409 23.54270000
1.35776050 23.62480000
1.37404691 23.65470000
1.39033332 23.61740000
1.40661973 23.64590000
1.42290614 23.64120000
1.43919255 23.61370000
1.45547896 23.58280000
1.47176538 23.55140000
1.48805179 23.52350000
1.50433820 23.52080000
1.52062460 23.55720000
1.53691102 23.61550000
1.55319743 23.68300000
1.56948384 23.75300000
1.58577025 23.81960000
1.60205667 23.87670000
1.61834308 23.91430000
1.63462948 23.91990000
1.65084218 23.88490000
1.66705486 23.86320000
1.68326756 23.85020000
1.69948025 23.84110000
1.71569294 23.83840000
1.73190563 23.83750000
1.74811833 23.83530000
1.76433101 23.82610000
1.78054371 23.77950000
1.79675640 23.73770000
1.81296909 23.70340000
1.82918178 23.67910000
1.84539448 23.65390000
1.86160716 23.61440000
1.87781986 23.56940000
1.89403255 23.51730000
1.91024524 23.50170000
1.92645793 23.48430000
1.94267063 23.42790000
1.95888331 23.34120000
1.97509601 23.24900000
1.99130870 23.17350000
2.00752139 23.12250000
2.02373408 23.09170000
2.03994678 23.07500000
2.05615946 23.06670000
2.07237216 23.05970000
2.08858485 23.04000000
2.10479754 22.98340000
2.12101023 22.94100000
2.13748378 22.94650000
2.15395733 22.95880000
2.17043088 22.97110000
2.18690443 22.97790000
2.20337797 22.97410000
2.21985152 22.95430000
2.23632507 22.91890000
2.25279862 22.88030000
2.26927217 22.85650000
2.28574571 22.85490000
2.30221926 22.86140000
2.31869281 22.86110000
2.33516636 22.86080000
2.35163991 22.88560000
2.36811346 22.95100000
2.38458700 23.04540000
2.40106055 23.09090000
2.41753410 23.03560000
2.43400765 22.99580000
2.45048120 22.99510000
2.46695474 23.01340000
2.48342829 23.00950000
2.49990184 22.98130000
2.51637539 22.94780000
2.53284894 22.91750000
2.54932249 22.89220000
2.56579603 22.87160000
2.58226958 22.85520000
2.59874313 22.84230000
2.61521668 22.83240000
2.63169023 22.82550000
2.64816377 22.82290000
2.66445018 22.77220000
2.68073659 22.74250000
2.69702301 22.72880000
2.71330942 22.71060000
2.72959583 22.67510000
2.74588223 22.63680000
2.76216865 22.61160000
2.77845506 22.59230000
2.79474147 22.59570000
2.81102788 22.63920000
2.82731430 22.68650000
2.84360071 22.70630000
2.85988712 22.69050000
2.87617352 22.64900000
2.89245994 22.60760000
2.90874635 22.62120000
2.92503276 22.65300000
2.94131917 22.65620000
2.95760558 22.66070000
2.97389200 22.68150000
2.99017840 22.73640000
3.00646481 22.82630000
3.02275122 22.89500000
3.03903764 22.88270000
3.05532405 22.88020000
3.07161046 22.94980000
3.08789687 23.03140000
3.10418328 23.06970000
3.12046969 23.05100000
3.13675610 23.06630000
3.15304251 23.09720000
3.16932893 23.12840000
3.18561534 23.17040000
3.20190175 23.19300000
3.21811444 23.17830000
3.23432713 23.13420000
3.25053982 23.06630000
3.26675252 23.00610000
3.28296520 23.02640000
3.29917790 23.08970000
3.31539059 23.15500000
3.33160328 23.13150000
3.34781597 23.06670000
3.36402867 23.00150000
3.38024135 22.95650000
3.39645405 22.93240000
3.41266674 22.92300000
3.42887943 22.93300000
3.44509212 22.96780000
3.46130482 22.99890000
3.47751750 22.98990000
3.49373020 22.95540000
3.50994289 22.91400000
3.52615558 22.87600000
3.54236827 22.85910000
3.55858096 22.88720000
3.57479365 22.92120000
3.59100634 22.89010000
3.60721904 22.84850000
3.62343172 22.83940000
3.63964442 22.84600000
3.65585711 22.79230000
3.67206980 22.73620000
3.68828249 22.69700000

0.00000000 23.96740000
0.01647355 23.97890000
0.03294710 23.90870000
0.04942064 23.86870000
0.06589419 23.83910000
0.08236774 23.82910000
0.09884129 23.82000000
0.11531484 23.76990000
0.13178839 23.69650000
0.14826193 23.72020000
0.16473548 23.69890000
0.18120903 23.63340000
0.19768258 23.56030000
0.21415613 23.57670000
0.23062967 23.58320000
0.24710322 23.53730000
0.26357677 23.38710000
0.28005032 23.26810000
0.29652387 23.25790000
0.31299741 23.25140000
0.32947096 23.22160000
0.34594451 23.17530000
0.36241806 23.20590000
0.37889161 23.17440000
0.39536516 23.10220000
0.41183870 23.03370000
0.42831225 23.12910000
0.44478580 23.16460000
0.46125935 23.15250000
0.47773290 23.15750000
0.49420644 23.17070000
0.51067999 23.20960000
0.52715354 23.23940000
0.54343995 23.24000000
0.55972636 23.24010000
0.57601278 23.24380000
0.59229919 23.24560000
0.60858559 23.22880000
0.62487200 23.20140000
0.64115842 23.15510000
0.65744483 23.11140000
0.67373124 23.09420000
0.69001765 23.05840000
0.70630407 23.01620000
0.72259047 23.00840000
0.73887688 23.00760000
0.75516329 23.00670000
0.77144971 23.00860000
0.78773612 23.01420000
0.80402253 23.02080000
0.82030893 23.02610000
0.83659534 23.03020000
0.85288176 23.03500000
0.86916817 23.04260000
0.88545458 23.05120000
0.90174099 23.05190000
0.91802741 23.04260000
0.93431382 23.04380000
0.95060022 23.05570000
0.96688663 23.07060000
0.98317305 23.08220000
0.99945946 23.08740000
1.01574587 23.05910000
1.03203228 23.00050000
1.04831870 22.97050000
1.06460510 22.96400000
1.08089151 22.96440000
1.09717792 22.96980000
1.11346433 22.98280000
1.12975075 23.01740000
1.14603716 23.11690000
1.16232357 23.15080000
1.17860997 23.16800000
1.19489639 23.19510000
1.21118280 23.23100000
1.22746921 23.26960000
1.24375562 23.30700000
1.26004204 23.34680000
1.27632845 23.38960000
1.29261485 23.43080000
1.30890126 23.46770000
1.32518768 23.50730000
1.34147409 23.58910000
1.35776050 23.65590000
1.37404691 23.71150000
1.39033332 23.70460000
1.40661973 23.71150000
1.42290614 23.77910000
1.43919255 23.79980000
1.45547896 23.79450000
1.47176538 23.78600000
1.48805179 23.78650000
1.50433820 23.79990000
1.52062460 23.82380000
1.53691102 23.85490000
1.55319743 23.89080000
1.56948384 23.92900000
1.58577025 23.96230000
1.60205667 23.97530000
1.61834308 23.96850000
1.63462948 23.96740000
1.65084218 23.93120000
1.66705486 23.87670000
1.68326756 23.87040000
1.69948025 23.88940000
1.71569294 23.90380000
1.73190563 23.90020000
1.74811833 23.87130000
1.76433101 23.82770000
1.78054371 23.80970000
1.79675640 23.77830000
1.81296909 23.73720000
1.82918178 23.69430000
1.84539448 23.66650000
1.86160716 23.66600000
1.87781986 23.68120000
1.89403255 23.71670000
1.91024524 23.67980000
1.92645793 23.53500000
1.94267063 23.44740000
1.95888331 23.40290000
1.97509601 23.37920000
1.99130870 23.36670000
2.00752139 23.35650000
2.02373408 23.33780000
2.03994678 23.29860000
2.05615946 23.23510000
2.07237216 23.15460000
2.08858485 23.06720000
2.10479754 22.98980000
2.12101023 22.94100000
2.13748378 22.94650000
2.15395733 22.95880000
2.17043088 22.97110000
2.18690443 22.97790000
2.20337797 22.97410000
2.21985152 22.95430000
2.23632507 22.91890000
2.25279862 22.88030000
2.26927217 22.85650000
2.28574571 22.85490000
2.30221926 22.86140000
2.31869281 22.86110000
2.33516636 22.86080000
2.35163991 22.88560000
2.36811346 22.95100000
2.38458700 23.04540000
2.40106055 23.09090000
2.41753410 23.03560000
2.43400765 22.99580000
2.45048120 22.99510000
2.46695474 23.01340000
2.48342829 23.00950000
2.49990184 22.98130000
2.51637539 22.94780000
2.53284894 22.91750000
2.54932249 22.89220000
2.56579603 22.87160000
2.58226958 22.85520000
2.59874313 22.84230000
2.61521668 22.83240000
2.63169023 22.82550000
2.64816377 22.82290000
2.66445018 22.87770000
2.68073659 22.93560000
2.69702301 22.98350000
2.71330942 23.02230000
2.72959583 23.05610000
2.74588223 23.08610000
2.76216865 23.10320000
2.77845506 23.05920000
2.79474147 22.97190000
2.81102788 22.91610000
2.82731430 22.89740000
2.84360071 22.90050000
2.85988712 22.89710000
2.87617352 22.85540000
2.89245994 22.79780000
2.90874635 22.76030000
2.92503276 22.77980000
2.94131917 22.85570000
2.95760558 22.94260000
2.97389200 23.00820000
2.99017840 22.99120000
3.00646481 22.95500000
3.02275122 22.96460000
3.03903764 23.06250000
3.05532405 23.16040000
3.07161046 23.23520000
3.08789687 23.27080000
3.10418328 23.28200000
3.12046969 23.31650000
3.13675610 23.28950000
3.15304251 23.24440000
3.16932893 23.24880000
3.18561534 23.24960000
3.20190175 23.24300000
3.21811444 23.23510000
3.23432713 23.21260000
3.25053982 23.17800000
3.26675252 23.13740000
3.28296520 23.12330000
3.29917790 23.16370000
3.31539059 23.22190000
3.33160328 23.28660000
3.34781597 23.28840000
3.36402867 23.25670000
3.38024135 23.21990000
3.39645405 23.19000000
3.41266674 23.16340000
3.42887943 23.13340000
3.44509212 23.10210000
3.46130482 23.08190000
3.47751750 23.09340000
3.49373020 23.11270000
3.50994289 23.11720000
3.52615558 23.10250000
3.54236827 23.07240000
3.55858096 23.03760000
3.57479365 23.04440000
3.59100634 23.10070000
3.60721904 23.04150000
3.62343172 22.95710000
3.63964442 22.93120000
3.65585711 22.97730000
3.67206980 22.97700000
3.68828249 22.96440000

0.00000000 24.14110000
0.01647355 24.09170000
0.03294710 24.08140000
0.04942064 24.08880000
0.06589419 24.06730000
0.08236774 24.01530000
0.09884129 23.95590000
0.11531484 23.92880000
0.13178839 23.88120000
0.14826193 23.83050000
0.16473548 23.85530000
0.18120903 23.94190000
0.19768258 23.93340000
0.21415613 23.81540000
0.23062967 23.70170000
0.24710322 23.62690000
0.26357677 23.53340000
0.28005032 23.45240000
0.29652387 23.39460000
0.31299741 23.35100000
0.32947096 23.31250000
0.34594451 23.27260000
0.36241806 23.23120000
0.37889161 23.26190000
0.39536516 23.29630000
0.41183870 23.27280000
0.42831225 23.24830000
0.44478580 23.34320000
0.46125935 23.42810000
0.47773290 23.49180000
0.49420644 23.55880000
0.51067999 23.52010000
0.52715354 23.47820000
0.54343995 23.47410000
0.55972636 23.45150000
0.57601278 23.40800000
0.59229919 23.39450000
0.60858559 23.41570000
0.62487200 23.40870000
0.64115842 23.37530000
0.65744483 23.33540000
0.67373124 23.26250000
0.69001765 23.22280000
0.70630407 23.24980000
0.72259047 23.31740000
0.73887688 23.40600000
0.75516329 23.49370000
0.77144971 23.56020000
0.78773612 23.61680000
0.80402253 23.67040000
0.82030893 23.70410000
0.83659534 23.70680000
0.85288176 23.68380000
0.86916817 23.63560000
0.88545458 23.55020000
0.90174099 23.45660000
0.91802741 23.36900000
0.93431382 23.29020000
0.95060022 23.22580000
0.96688663 23.17990000
0.98317305 23.15470000
0.99945946 23.15100000
1.01574587 23.16160000
1.03203228 23.14620000
1.04831870 23.15050000
1.06460510 23.17740000
1.08089151 23.19170000
1.09717792 23.18780000
1.11346433 23.17730000
1.12975075 23.16550000
1.14603716 23.16740000
1.16232357 23.24150000
1.17860997 23.33300000
1.19489639 23.40980000
1.21118280 23.44600000
1.22746921 23.46160000
1.24375562 23.49640000
1.26004204 23.54790000
1.27632845 23.59920000
1.29261485 23.63910000
1.30890126 23.67030000
1.32518768 23.70000000
1.34147409 23.73840000
1.35776050 23.76750000
1.37404691 23.74670000
1.39033332 23.78620000
1.40661973 23.84950000
1.42290614 23.94210000
1.43919255 23.99710000
1.45547896 24.01410000
1.47176538 23.99590000
1.48805179 23.97350000
1.50433820 23.96870000
1.52062460 23.97910000
1.53691102 23.99860000
1.55319743 24.02100000
1.56948384 24.04120000
1.58577025 24.06000000
1.60205667 24.08820000
1.61834308 24.12350000
1.63462948 24.14110000
1.65084218 24.16910000
1.66705486 24.19580000
1.68326756 24.21360000
1.69948025 24.21500000
1.71569294 24.18200000
1.73190563 24.12620000
1.74811833 24.08120000
1.76433101 24.05800000
1.78054371 24.04820000
1.79675640 24.04670000
1.81296909 24.05400000
1.82918178 24.06950000
1.84539448 24.08240000
1.86160716 24.06320000
1.87781986 23.98340000
1.89403255 23.85350000
1.91024524 23.78750000
1.92645793 23.83800000
1.94267063 23.86740000
1.95888331 23.85360000
1.97509601 23.80960000
1.99130870 23.75560000
2.00752139 23.69860000
2.02373408 23.64590000
2.03994678 23.60910000
2.05615946 23.59110000
2.07237216 23.52290000
2.08858485 23.42640000
2.10479754 23.37860000
2.12101023 23.39070000
2.13748378 23.38970000
2.15395733 23.38480000
2.17043088 23.37120000
2.18690443 23.34430000
2.20337797 23.30560000
2.21985152 23.26640000
2.23632507 23.23980000
2.25279862 23.22830000
2.26927217 23.22750000
2.28574571 23.23580000
2.30221926 23.25440000
2.31869281 23.27790000
2.33516636 23.28970000
2.35163991 23.27640000
2.36811346 23.23830000
2.38458700 23.18500000
2.40106055 23.18600000
2.41753410 23.27850000
2.43400765 23.32030000
2.45048120 23.29760000
2.46695474 23.26970000
2.48342829 23.25790000
2.49990184 23.23470000
2.51637539 23.20380000
2.53284894 23.16940000
2.54932249 23.13200000
2.56579603 23.09200000
2.58226958 23.05080000
2.59874313 23.01060000
2.61521668 22.97540000
2.63169023 22.95040000
2.64816377 22.94120000
2.66445018 22.94060000
2.68073659 23.04170000
2.69702301 23.17990000
2.71330942 23.31590000
2.72959583 23.40370000
2.74588223 23.36730000
2.76216865 23.25110000
2.77845506 23.18880000
2.79474147 23.19170000
2.81102788 23.19360000
2.82731430 23.17430000
2.84360071 23.12360000
2.85988712 23.06880000
2.87617352 23.06020000
2.89245994 23.08510000
2.90874635 23.11520000
2.92503276 23.13580000
2.94131917 23.13680000
2.95760558 23.11520000
2.97389200 23.09440000
2.99017840 23.14720000
3.00646481 23.22590000
3.02275122 23.30430000
3.03903764 23.38060000
3.05532405 23.45580000
3.07161046 23.52490000
3.08789687 23.55090000
3.10418328 23.45050000
3.12046969 23.34050000
3.13675610 23.33900000
3.15304251 23.36640000
3.16932893 23.40060000
3.18561534 23.41820000
3.20190175 23.42340000
3.21811444 23.42050000
3.23432713 23.41380000
3.25053982 23.40840000
3.26675252 23.41370000
3.28296520 23.44070000
3.29917790 23.44670000
3.31539059 23.39380000
3.33160328 23.37070000
3.34781597 23.37210000
3.36402867 23.36140000
3.38024135 23.34580000
3.39645405 23.34170000
3.41266674 23.36180000
3.42887943 23.39440000
3.44509212 23.42400000
3.46130482 23.46130000
3.47751750 23.51280000
3.49373020 23.56570000
3.50994289 23.58670000
3.52615558 23.55660000
3.54236827 23.48730000
3.55858096 23.39390000
3.57479365 23.29360000
3.59100634 23.22850000
3.60721904 23.26300000
3.62343172 23.25440000
3.63964442 23.22670000
3.65585711 23.20050000
3.67206980 23.19170000
3.68828249 23.19170000

0.00000000 24.26240000
0.01647355 24.25090000
0.03294710 24.23200000
0.04942064 24.20120000
0.06589419 24.15160000
0.08236774 24.09160000
0.09884129 24.02920000
0.11531484 23.97590000
0.13178839 23.98590000
0.14826193 24.02960000
0.16473548 24.08010000
0.18120903 24.07800000
0.19768258 24.06040000
0.21415613 24.07020000
0.23062967 23.91210000
0.24710322 23.68810000
0.26357677 23.59470000
0.28005032 23.55980000
0.29652387 23.52550000
0.31299741 23.51040000
0.32947096 23.53070000
0.34594451 23.57890000
0.36241806 23.62330000
0.37889161 23.55650000
0.39536516 23.47640000
0.41183870 23.48860000
0.42831225 23.52260000
0.44478580 23.54390000
0.46125935 23.63290000
0.47773290 23.67690000
0.49420644 23.63280000
0.51067999 23.67240000
0.52715354 23.71820000
0.54343995 23.68740000
0.55972636 23.63060000
0.57601278 23.59950000
0.59229919 23.58150000
0.60858559 23.53010000
0.62487200 23.49970000
0.64115842 23.49830000
0.65744483 23.47540000
0.67373124 23.48790000
0.69001765 23.51200000
0.70630407 23.52120000
0.72259047 23.52710000
0.73887688 23.53950000
0.75516329 23.56940000
0.77144971 23.62450000
0.78773612 23.68110000
0.80402253 23.72170000
0.82030893 23.74970000
0.83659534 23.75780000
0.85288176 23.72530000
0.86916817 23.65520000
0.88545458 23.58780000
0.90174099 23.53140000
0.91802741 23.50450000
0.93431382 23.51500000
0.95060022 23.53580000
0.96688663 23.49850000
0.98317305 23.43880000
0.99945946 23.36840000
1.01574587 23.30760000
1.03203228 23.33450000
1.04831870 23.38520000
1.06460510 23.40920000
1.08089151 23.40920000
1.09717792 23.40780000
1.11346433 23.42020000
1.12975075 23.45150000
1.14603716 23.48400000
1.16232357 23.49840000
1.17860997 23.50020000
1.19489639 23.50070000
1.21118280 23.53340000
1.22746921 23.58870000
1.24375562 23.63220000
1.26004204 23.67170000
1.27632845 23.72350000
1.29261485 23.79210000
1.30890126 23.86510000
1.32518768 23.91760000
1.34147409 23.92940000
1.35776050 23.98270000
1.37404691 24.03490000
1.39033332 24.02200000
1.40661973 24.00460000
1.42290614 24.00740000
1.43919255 24.08520000
1.45547896 24.12700000
1.47176538 24.14880000
1.48805179 24.18920000
1.50433820 24.22280000
1.52062460 24.23820000
1.53691102 24.24180000
1.55319743 24.24360000
1.56948384 24.24950000
1.58577025 24.26010000
1.60205667 24.26930000
1.61834308 24.26780000
1.63462948 24.26240000
1.65084218 24.30670000
1.66705486 24.32330000
1.68326756 24.28040000
1.69948025 24.23190000
1.71569294 24.18900000
1.73190563 24.15690000
1.74811833 24.13680000
1.76433101 24.12770000
1.78054371 24.12330000
1.79675640 24.10530000
1.81296909 24.08860000
1.82918178 24.08270000
1.84539448 24.08280000
1.86160716 24.08210000
1.87781986 24.07090000
1.89403255 24.00190000
1.91024524 23.93220000
1.92645793 23.90450000
1.94267063 23.89250000
1.95888331 23.86850000
1.97509601 23.84300000
1.99130870 23.82060000
2.00752139 23.79770000
2.02373408 23.76710000
2.03994678 23.71580000
2.05615946 23.63060000
2.07237216 23.57090000
2.08858485 23.51430000
2.10479754 23.44360000
2.12101023 23.39070000
2.13748378 23.38970000
2.15395733 23.38480000
2.17043088 23.37120000
2.18690443 23.34430000
2.20337797 23.30560000
2.21985152 23.26640000
2.23632507 23.23980000
2.25279862 23.22830000
2.26927217 23.22750000
2.28574571 23.23580000
2.30221926 23.25440000
2.31869281 23.27790000
2.33516636 23.28970000
2.35163991 23.27640000
2.36811346 23.23830000
2.38458700 23.18500000
2.40106055 23.18600000
2.41753410 23.27850000
2.43400765 23.32030000
2.45048120 23.29760000
2.46695474 23.26970000
2.48342829 23.25790000
2.49990184 23.23470000
2.51637539 23.20380000
2.53284894 23.16940000
2.54932249 23.13200000
2.56579603 23.09200000
2.58226958 23.05080000
2.59874313 23.01060000
2.61521668 22.97540000
2.63169023 22.95040000
2.64816377 22.94120000
2.66445018 23.03370000
2.68073659 23.15260000
2.69702301 23.27030000
2.71330942 23.37440000
2.72959583 23.45310000
2.74588223 23.49120000
2.76216865 23.52080000
2.77845506 23.52420000
2.79474147 23.48200000
2.81102788 23.40160000
2.82731430 23.31510000
2.84360071 23.25880000
2.85988712 23.24390000
2.87617352 23.25490000
2.89245994 23.28100000
2.90874635 23.31620000
2.92503276 23.35750000
2.94131917 23.40380000
2.95760558 23.45340000
2.97389200 23.50240000
2.99017840 23.54100000
3.00646481 23.55470000
3.02275122 23.55060000
3.03903764 23.55390000
3.05532405 23.57240000
3.07161046 23.59900000
3.08789687 23.61730000
3.10418328 23.56160000
3.12046969 23.45520000
3.13675610 23.40520000
3.15304251 23.48220000
3.16932893 23.56930000
3.18561534 23.64570000
3.20190175 23.68260000
3.21811444 23.67590000
3.23432713 23.66340000
3.25053982 23.65150000
3.26675252 23.61320000
3.28296520 23.54030000
3.29917790 23.52290000
3.31539059 23.56490000
3.33160328 23.55220000
3.34781597 23.53460000
3.36402867 23.51820000
3.38024135 23.50400000
3.39645405 23.49390000
3.41266674 23.49630000
3.42887943 23.52750000
3.44509212 23.58790000
3.46130482 23.64740000
3.47751750 23.68360000
3.49373020 23.69770000
3.50994289 23.69600000
3.52615558 23.65770000
3.54236827 23.59500000
3.55858096 23.52990000
3.57479365 23.46730000
3.59100634 23.41630000
3.60721904 23.41100000
3.62343172 23.42580000
3.63964442 23.36970000
3.65585711 23.33510000
3.67206980 23.36180000
3.68828249 23.40920000

0.00000000 24.33330000
0.01647355 24.35910000
0.03294710 24.41380000
0.04942064 24.47560000
0.06589419 24.49220000
0.08236774 24.48640000
0.09884129 24.49000000
0.11531484 24.48530000
0.13178839 24.43140000
0.14826193 24.33080000
0.16473548 24.21460000
0.18120903 24.15290000
0.19768258 24.19430000
0.21415613 24.20080000
0.23062967 24.15040000
0.24710322 24.04290000
0.26357677 23.98120000
0.28005032 23.95510000
0.29652387 23.95040000
0.31299741 23.95400000
0.32947096 23.95030000
0.34594451 23.89010000
0.36241806 23.76730000
0.37889161 23.76500000
0.39536516 23.81200000
0.41183870 23.72580000
0.42831225 23.69070000
0.44478580 23.73660000
0.46125935 23.82710000
0.47773290 23.96410000
0.49420644 24.00640000
0.51067999 23.93610000
0.52715354 23.89000000
0.54343995 23.86870000
0.55972636 23.80780000
0.57601278 23.74080000
0.59229919 23.70710000
0.60858559 23.71680000
0.62487200 23.66610000
0.64115842 23.58280000
0.65744483 23.55180000
0.67373124 23.56200000
0.69001765 23.61110000
0.70630407 23.69910000
0.72259047 23.77950000
0.73887688 23.82180000
0.75516329 23.85960000
0.77144971 23.89590000
0.78773612 23.92590000
0.80402253 23.95100000
0.82030893 23.97640000
0.83659534 23.99620000
0.85288176 23.99950000
0.86916817 23.99750000
0.88545458 23.98760000
0.90174099 23.91210000
0.91802741 23.81050000
0.93431382 23.70890000
0.95060022 23.62810000
0.96688663 23.61830000
0.98317305 23.58490000
0.99945946 23.51640000
1.01574587 23.48300000
1.03203228 23.47090000
1.04831870 23.45600000
1.06460510 23.43970000
1.08089151 23.43660000
1.09717792 23.44960000
1.11346433 23.47120000
1.12975075 23.49090000
1.14603716 23.51350000
1.16232357 23.54560000
1.17860997 23.58080000
1.19489639 23.61870000
1.21118280 23.65800000
1.22746921 23.70010000
1.24375562 23.75400000
1.26004204 23.81390000
1.27632845 23.87320000
1.29261485 23.92830000
1.30890126 23.96750000
1.32518768 23.98700000
1.34147409 24.01510000
1.35776050 24.04170000
1.37404691 24.15170000
1.39033332 24.28110000
1.40661973 24.31060000
1.42290614 24.30350000
1.43919255 24.26390000
1.45547896 24.26770000
1.47176538 24.30390000
1.48805179 24.32860000
1.50433820 24.35480000
1.52062460 24.38930000
1.53691102 24.41830000
1.55319743 24.42600000
1.56948384 24.41250000
1.58577025 24.38640000
1.60205667 24.35750000
1.61834308 24.33830000
1.63462948 24.33330000
1.65084218 24.34010000
1.66705486 24.41320000
1.68326756 24.51650000
1.69948025 24.54040000
1.71569294 24.49670000
1.73190563 24.42440000
1.74811833 24.32960000
1.76433101 24.24290000
1.78054371 24.18260000
1.79675640 24.17430000
1.81296909 24.19990000
1.82918178 24.23620000
1.84539448 24.23970000
1.86160716 24.22520000
1.87781986 24.13280000
1.89403255 24.08240000
1.91024524 24.05440000
1.92645793 24.02110000
1.94267063 24.00840000
1.95888331 24.03560000
1.97509601 24.03480000
1.99130870 24.00670000
2.00752139 23.96290000
2.02373408 23.90630000
2.03994678 23.83790000
2.05615946 23.76160000
2.07237216 23.69910000
2.08858485 23.68560000
2.10479754 23.70440000
2.12101023 23.73300000
2.13748378 23.72760000
2.15395733 23.71140000
2.17043088 23.68530000
2.18690443 23.65250000
2.20337797 23.61820000
2.21985152 23.58660000
2.23632507 23.55970000
2.25279862 23.53980000
2.26927217 23.53000000
2.28574571 23.53070000
2.30221926 23.53920000
2.31869281 23.55370000
2.33516636 23.57800000
2.35163991 23.61080000
2.36811346 23.63190000
2.38458700 23.60980000
2.40106055 23.55030000
2.41753410 23.48550000
2.43400765 23.43180000
2.45048120 23.39010000
2.46695474 23.36050000
2.48342829 23.37570000
2.49990184 23.46040000
2.51637539 23.58100000
2.53284894 23.70990000
2.54932249 23.82480000
2.56579603 23.90900000
2.58226958 23.97150000
2.59874313 24.02670000
2.61521668 24.07730000
2.63169023 24.11690000
2.64816377 24.13300000
2.66445018 24.08560000
2.68073659 24.00370000
2.69702301 23.90640000
2.71330942 23.79970000
2.72959583 23.72260000
2.74588223 23.76730000
2.76216865 23.81980000
2.77845506 23.75960000
2.79474147 23.70260000
2.81102788 23.66630000
2.82731430 23.66100000
2.84360071 23.68840000
2.85988712 23.73760000
2.87617352 23.79430000
2.89245994 23.84670000
2.90874635 23.88460000
2.92503276 23.89970000
2.94131917 23.88980000
2.95760558 23.85520000
2.97389200 23.79870000
2.99017840 23.74880000
3.00646481 23.73580000
3.02275122 23.75870000
3.03903764 23.78760000
3.05532405 23.78970000
3.07161046 23.73160000
3.08789687 23.64390000
3.10418328 23.65530000
3.12046969 23.69850000
3.13675610 23.76640000
3.15304251 23.83540000
3.16932893 23.85240000
3.18561534 23.82120000
3.20190175 23.79840000
3.21811444 23.79900000
3.23432713 23.76660000
3.25053982 23.69900000
3.26675252 23.65100000
3.28296520 23.63720000
3.29917790 23.62250000
3.31539059 23.63150000
3.33160328 23.65300000
3.34781597 23.69340000
3.36402867 23.76180000
3.38024135 23.80790000
3.39645405 23.82370000
3.41266674 23.82580000
3.42887943 23.82370000
3.44509212 23.82610000
3.46130482 23.83880000
3.47751750 23.85560000
3.49373020 23.85390000
3.50994289 23.83230000
3.52615558 23.81620000
3.54236827 23.77710000
3.55858096 23.72260000
3.57479365 23.66970000
3.59100634 23.61870000
3.60721904 23.56750000
3.62343172 23.55470000
3.63964442 23.56670000
3.65585711 23.53200000
3.67206980 23.48210000
3.68828249 23.43660000

0.00000000 24.47130000
0.01647355 24.54140000
0.03294710 24.61880000
0.04942064 24.57880000
0.06589419 24.61100000
0.08236774 24.68780000
0.09884129 24.72450000
0.11531484 24.69730000
0.13178839 24.69850000
0.14826193 24.75220000
0.16473548 24.81020000
0.18120903 24.65000000
0.19768258 24.50550000
0.21415613 24.34450000
0.23062967 24.23280000
0.24710322 24.25120000
0.26357677 24.26430000
0.28005032 24.26780000
0.29652387 24.26100000
0.31299741 24.24100000
0.32947096 24.15600000
0.34594451 24.03740000
0.36241806 23.98490000
0.37889161 23.90830000
0.39536516 23.83610000
0.41183870 23.90980000
0.42831225 23.96320000
0.44478580 23.97320000
0.46125935 23.96400000
0.47773290 23.98560000
0.49420644 24.04350000
0.51067999 24.09430000
0.52715354 24.12080000
0.54343995 24.06700000
0.55972636 23.98210000
0.57601278 23.91730000
0.59229919 23.88040000
0.60858559 23.85480000
0.62487200 23.88220000
0.64115842 23.88990000
0.65744483 23.84700000
0.67373124 23.81120000
0.69001765 23.79260000
0.70630407 23.79720000
0.72259047 23.84560000
0.73887688 23.93820000
0.75516329 24.00450000
0.77144971 24.04730000
0.78773612 24.10070000
0.80402253 24.16040000
0.82030893 24.19700000
0.83659534 24.20160000
0.85288176 24.18820000
0.86916817 24.12080000
0.88545458 24.03640000
0.90174099 24.00580000
0.91802741 23.97750000
0.93431382 23.91650000
0.95060022 23.83230000
0.96688663 23.74910000
0.98317305 23.69440000
0.99945946 23.63750000
1.01574587 23.61550000
1.03203228 23.62810000
1.04831870 23.66030000
1.06460510 23.69230000
1.08089151 23.70470000
1.09717792 23.70300000
1.11346433 23.70790000
1.12975075 23.73360000
1.14603716 23.78090000
1.16232357 23.81730000
1.17860997 23.80760000
1.19489639 23.78120000
1.21118280 23.77070000
1.22746921 23.79300000
1.24375562 23.84840000
1.26004204 23.93090000
1.27632845 24.02830000
1.29261485 24.11120000
1.30890126 24.15170000
1.32518768 24.19680000
1.34147409 24.25660000
1.35776050 24.31420000
1.37404691 24.35490000
1.39033332 24.41830000
1.40661973 24.46360000
1.42290614 24.43700000
1.43919255 24.42610000
1.45547896 24.45840000
1.47176538 24.50390000
1.48805179 24.54050000
1.50433820 24.56720000
1.52062460 24.58760000
1.53691102 24.61010000
1.55319743 24.64200000
1.56948384 24.67130000
1.58577025 24.63950000
1.60205667 24.56260000
1.61834308 24.49760000
1.63462948 24.47130000
1.65084218 24.48360000
1.66705486 24.52130000
1.68326756 24.55380000
1.69948025 24.55520000
1.71569294 24.50850000
1.73190563 24.44980000
1.74811833 24.39740000
1.76433101 24.34610000
1.78054371 24.30310000
1.79675640 24.27160000
1.81296909 24.25120000
1.82918178 24.23980000
1.84539448 24.26010000
1.86160716 24.26100000
1.87781986 24.29940000
1.89403255 24.30460000
1.91024524 24.24520000
1.92645793 24.16130000
1.94267063 24.08910000
1.95888331 24.05310000
1.97509601 24.07780000
1.99130870 24.11190000
2.00752139 24.10050000
2.02373408 24.02650000
2.03994678 23.94090000
2.05615946 23.87470000
2.07237216 23.83050000
2.08858485 23.79600000
2.10479754 23.76410000
2.12101023 23.73300000
2.13748378 23.72760000
2.15395733 23.71140000
2.17043088 23.68530000
2.18690443 23.65250000
2.20337797 23.61820000
2.21985152 23.58660000
2.23632507 23.55970000
2.25279862 23.53980000
2.26927217 23.53000000
2.28574571 23.53070000
2.30221926 23.53920000
2.31869281 23.55370000
2.33516636 23.57800000
2.35163991 23.61080000
2.36811346 23.63190000
2.38458700 23.60980000
2.40106055 23.55030000
2.41753410 23.48550000
2.43400765 23.43180000
2.45048120 23.39010000
2.46695474 23.36050000
2.48342829 23.37570000
2.49990184 23.46040000
2.51637539 23.58100000
2.53284894 23.70990000
2.54932249 23.82480000
2.56579603 23.90900000
2.58226958 23.97150000
2.59874313 24.02670000
2.61521668 24.07730000
2.63169023 24.11690000
2.64816377 24.13300000
2.66445018 24.12500000
2.68073659 24.07560000
2.69702301 24.01430000
2.71330942 23.96610000
2.72959583 23.92930000
2.74588223 23.88830000
2.76216865 23.86980000
2.77845506 23.90560000
2.79474147 23.93190000
2.81102788 23.98560000
2.82731430 24.06270000
2.84360071 24.14830000
2.85988712 24.22620000
2.87617352 24.27450000
2.89245994 24.27140000
2.90874635 24.21910000
2.92503276 24.14200000
2.94131917 24.06030000
2.95760558 24.00110000
2.97389200 23.98660000
2.99017840 24.00490000
3.00646481 24.03770000
3.02275122 24.06640000
3.03903764 24.05920000
3.05532405 23.99820000
3.07161046 23.91450000
3.08789687 23.83800000
3.10418328 23.83820000
3.12046969 23.87900000
3.13675610 23.89680000
3.15304251 23.89630000
3.16932893 23.89810000
3.18561534 23.89910000
3.20190175 23.89790000
3.21811444 23.88190000
3.23432713 23.87730000
3.25053982 23.89430000
3.26675252 23.89550000
3.28296520 23.85930000
3.29917790 23.79940000
3.31539059 23.76220000
3.33160328 23.81680000
3.34781597 23.87670000
3.36402867 23.89220000
3.38024135 23.91080000
3.39645405 23.92260000
3.41266674 23.93110000
3.42887943 23.94590000
3.44509212 23.96740000
3.46130482 23.99320000
3.47751750 24.01430000
3.49373020 24.00350000
3.50994289 23.96140000
3.52615558 23.91910000
3.54236827 23.89970000
3.55858096 23.88000000
3.57479365 23.84690000
3.59100634 23.80240000
3.60721904 23.75440000
3.62343172 23.71520000
3.63964442 23.69370000
3.65585711 23.68670000
3.67206980 23.69400000
3.68828249 23.70470000

0.00000000 24.78890000
0.01647355 24.73360000
0.03294710 24.70420000
0.04942064 24.80880000
0.06589419 24.88460000
0.08236774 24.89530000
0.09884129 24.89750000
0.11531484 24.94630000
0.13178839 24.99700000
0.14826193 24.94950000
0.16473548 24.83420000
0.18120903 24.85170000
0.19768258 24.62020000
0.21415613 24.51060000
0.23062967 24.60150000
0.24710322 24.70750000
0.26357677 24.76040000
0.28005032 24.67420000
0.29652387 24.50980000
0.31299741 24.33250000
0.32947096 24.20800000
0.34594451 24.15400000
0.36241806 24.10150000
0.37889161 24.07590000
0.39536516 24.06420000
0.41183870 24.05520000
0.42831225 24.06140000
0.44478580 24.09810000
0.46125935 24.11830000
0.47773290 24.09220000
0.49420644 24.12030000
0.51067999 24.12850000
0.52715354 24.12810000
0.54343995 24.11910000
0.55972636 24.10480000
0.57601278 24.06320000
0.59229919 24.00210000
0.60858559 23.96800000
0.62487200 23.95360000
0.64115842 23.97820000
0.65744483 24.04420000
0.67373124 24.07940000
0.69001765 24.08560000
0.70630407 24.08040000
0.72259047 24.07490000
0.73887688 24.08220000
0.75516329 24.12320000
0.77144971 24.18840000
0.78773612 24.25550000
0.80402253 24.32160000
0.82030893 24.38140000
0.83659534 24.35920000
0.85288176 24.30250000
0.86916817 24.29990000
0.88545458 24.30040000
0.90174099 24.24280000
0.91802741 24.15870000
0.93431382 24.09260000
0.95060022 24.01250000
0.96688663 23.88710000
0.98317305 23.79290000
0.99945946 23.80080000
1.01574587 23.82600000
1.03203228 23.83280000
1.04831870 23.83070000
1.06460510 23.83650000
1.08089151 23.84140000
1.09717792 23.85320000
1.11346433 23.88110000
1.12975075 23.91530000
1.14603716 23.95210000
1.16232357 24.00710000
1.17860997 24.10000000
1.19489639 24.19240000
1.21118280 24.20180000
1.22746921 24.19930000
1.24375562 24.19330000
1.26004204 24.18680000
1.27632845 24.18440000
1.29261485 24.20750000
1.30890126 24.28040000
1.32518768 24.35440000
1.34147409 24.42600000
1.35776050 24.49080000
1.37404691 24.52040000
1.39033332 24.56480000
1.40661973 24.60950000
1.42290614 24.58700000
1.43919255 24.60630000
1.45547896 24.66010000
1.47176538 24.74920000
1.48805179 24.81340000
1.50433820 24.83600000
1.52062460 24.84140000
1.53691102 24.83960000
1.55319743 24.80180000
1.56948384 24.74570000
1.58577025 24.72820000
1.60205667 24.74420000
1.61834308 24.77120000
1.63462948 24.78810000
1.65084218 24.77110000
1.66705486 24.71480000
1.68326756 24.64750000
1.69948025 24.63510000
1.71569294 24.68270000
1.73190563 24.71560000
1.74811833 24.71820000
1.76433101 24.72250000
1.78054371 24.72430000
1.79675640 24.71930000
1.81296909 24.69960000
1.82918178 24.63520000
1.84539448 24.54430000
1.86160716 24.45520000
1.87781986 24.39070000
1.89403255 24.37520000
1.91024524 24.38920000
1.92645793 24.39100000
1.94267063 24.37350000
1.95888331 24.32690000
1.97509601 24.28280000
1.99130870 24.23450000
2.00752139 24.20690000
2.02373408 24.21810000
2.03994678 24.23380000
2.05615946 24.20900000
2.07237216 24.18950000
2.08858485 24.18570000
2.10479754 24.18950000
2.12101023 24.20110000
2.13748378 24.17970000
2.15395733 24.12720000
2.17043088 24.06500000
2.18690443 24.00930000
2.20337797 23.96660000
2.21985152 23.93560000
2.23632507 23.91260000
2.25279862 23.89530000
2.26927217 23.88470000
2.28574571 23.88480000
2.30221926 23.89910000
2.31869281 23.92210000
2.33516636 23.92920000
2.35163991 23.89200000
2.36811346 23.83030000
2.38458700 23.78580000
2.40106055 23.75760000
2.41753410 23.73760000
2.43400765 23.76660000
2.45048120 23.86450000
2.46695474 23.96830000
2.48342829 23.98700000
2.49990184 23.97550000
2.51637539 23.97210000
2.53284894 23.98870000
2.54932249 24.03690000
2.56579603 24.12210000
2.58226958 24.21930000
2.59874313 24.29420000
2.61521668 24.32960000
2.63169023 24.33460000
2.64816377 24.33200000
2.66445018 24.32010000
2.68073659 24.27980000
2.69702301 24.21520000
2.71330942 24.15460000
2.72959583 24.12280000
2.74588223 24.10290000
2.76216865 24.10560000
2.77845506 24.17940000
2.79474147 24.29420000
2.81102788 24.40880000
2.82731430 24.50920000
2.84360071 24.57640000
2.85988712 24.57050000
2.87617352 24.50280000
2.89245994 24.42170000
2.90874635 24.34760000
2.92503276 24.29170000
2.94131917 24.26490000
2.95760558 24.26090000
2.97389200 24.26510000
2.99017840 24.26720000
3.00646481 24.26130000
3.02275122 24.24430000
3.03903764 24.21880000
3.05532405 24.16700000
3.07161046 24.06980000
3.08789687 23.98160000
3.10418328 23.92800000
3.12046969 23.93640000
3.13675610 23.97080000
3.15304251 23.98480000
3.16932893 24.01430000
3.18561534 24.07110000
3.20190175 24.10250000
3.21811444 24.09500000
3.23432713 24.08570000
3.25053982 24.07430000
3.26675252 24.05420000
3.28296520 24.02980000
3.29917790 24.00260000
3.31539059 23.97270000
3.33160328 23.95490000
3.34781597 23.98990000
3.36402867 24.05080000
3.38024135 24.08890000
3.39645405 24.14640000
3.41266674 24.19440000
3.42887943 24.20650000
3.44509212 24.18960000
3.46130482 24.15670000
3.47751750 24.12480000
3.49373020 24.11860000
3.50994289 24.12520000
3.52615558 24.13060000
3.54236827 24.12320000
3.55858096 24.08850000
3.57479365 24.03210000
3.59100634 23.96730000
3.60721904 23.90230000
3.62343172 23.85800000
3.63964442 23.88700000
3.65585711 23.91530000
3.67206980 23.87290000
3.68828249 23.84140000

0.00000000 24.93480000
0.01647355 24.97640000
0.03294710 25.03260000
0.04942064 25.08650000
0.06589419 25.10930000
0.08236774 25.14300000
0.09884129 25.13810000
0.11531484 25.13850000
0.13178839 25.06220000
0.14826193 25.03530000
0.16473548 25.04580000
0.18120903 25.01170000
0.19768258 25.02480000
0.21415613 25.06390000
0.23062967 25.01490000
0.24710322 24.96280000
0.26357677 24.87660000
0.28005032 24.85910000
0.29652387 24.80150000
0.31299741 24.75800000
0.32947096 24.69650000
0.34594451 24.56080000
0.36241806 24.46700000
0.37889161 24.35360000
0.39536516 24.29930000
0.41183870 24.27700000
0.42831225 24.26480000
0.44478580 24.27410000
0.46125935 24.24490000
0.47773290 24.22040000
0.49420644 24.29140000
0.51067999 24.31580000
0.52715354 24.30270000
0.54343995 24.36310000
0.55972636 24.38450000
0.57601278 24.30970000
0.59229919 24.21760000
0.60858559 24.15550000
0.62487200 24.14860000
0.64115842 24.18680000
0.65744483 24.20300000
0.67373124 24.23840000
0.69001765 24.25410000
0.70630407 24.25750000
0.72259047 24.27110000
0.73887688 24.31020000
0.75516329 24.38640000
0.77144971 24.49330000
0.78773612 24.58300000
0.80402253 24.53280000
0.82030893 24.46010000
0.83659534 24.46580000
0.85288176 24.51440000
0.86916817 24.47530000
0.88545458 24.40600000
0.90174099 24.35460000
0.91802741 24.32510000
0.93431382 24.26550000
0.95060022 24.18300000
0.96688663 24.18820000
0.98317305 24.09690000
0.99945946 24.04220000
1.01574587 23.99110000
1.03203228 23.96320000
1.04831870 23.97510000
1.06460510 23.99800000
1.08089151 24.00750000
1.09717792 24.02270000
1.11346433 24.06380000
1.12975075 24.11520000
1.14603716 24.14490000
1.16232357 24.15130000
1.17860997 24.17610000
1.19489639 24.20800000
1.21118280 24.28200000
1.22746921 24.32360000
1.24375562 24.34210000
1.26004204 24.34270000
1.27632845 24.34110000
1.29261485 24.35060000
1.30890126 24.38790000
1.32518768 24.47130000
1.34147409 24.57800000
1.35776050 24.67420000
1.37404691 24.66950000
1.39033332 24.67730000
1.40661973 24.76250000
1.42290614 24.81600000
1.43919255 24.84200000
1.45547896 24.86260000
1.47176538 24.89400000
1.48805179 24.96860000
1.50433820 25.06610000
1.52062460 24.99400000
1.53691102 24.94400000
1.55319743 24.90730000
1.56948384 24.88610000
1.58577025 24.91960000
1.60205667 24.89900000
1.61834308 24.92980000
1.63462948 24.90840000
1.65084218 24.90360000
1.66705486 24.88430000
1.68326756 24.85400000
1.69948025 24.76390000
1.71569294 24.72280000
1.73190563 24.73320000
1.74811833 24.77680000
1.76433101 24.79860000
1.78054371 24.79280000
1.79675640 24.76340000
1.81296909 24.71240000
1.82918178 24.65260000
1.84539448 24.58730000
1.86160716 24.56090000
1.87781986 24.60370000
1.89403255 24.66370000
1.91024524 24.52400000
1.92645793 24.43410000
1.94267063 24.38130000
1.95888331 24.35920000
1.97509601 24.33410000
1.99130870 24.31670000
2.00752139 24.30460000
2.02373408 24.28140000
2.03994678 24.24430000
2.05615946 24.24040000
2.07237216 24.23930000
2.08858485 24.23270000
2.10479754 24.21640000
2.12101023 24.20750000
2.13748378 24.18220000
2.15395733 24.12780000
2.17043088 24.06530000
2.18690443 24.00930000
2.20337797 23.96660000
2.21985152 23.93570000
2.23632507 23.91260000
2.25279862 23.89530000
2.26927217 23.88480000
2.28574571 23.88490000
2.30221926 23.89920000
2.31869281 23.92800000
2.33516636 23.92940000
2.35163991 23.89240000
2.36811346 23.83050000
2.38458700 23.78580000
2.40106055 23.75760000
2.41753410 23.73760000
2.43400765 23.76660000
2.45048120 23.87450000
2.46695474 23.97250000
2.48342829 23.98770000
2.49990184 23.97550000
2.51637539 23.97210000
2.53284894 23.98870000
2.54932249 24.03690000
2.56579603 24.12210000
2.58226958 24.21950000
2.59874313 24.29430000
2.61521668 24.32990000
2.63169023 24.33490000
2.64816377 24.33220000
2.66445018 24.34610000
2.68073659 24.36370000
2.69702301 24.35580000
2.71330942 24.31980000
2.72959583 24.28510000
2.74588223 24.29920000
2.76216865 24.35550000
2.77845506 24.41340000
2.79474147 24.48770000
2.81102788 24.58520000
2.82731430 24.68870000
2.84360071 24.77560000
2.85988712 24.82890000
2.87617352 24.86790000
2.89245994 24.87650000
2.90874635 24.86590000
2.92503276 24.85050000
2.94131917 24.83160000
2.95760558 24.80660000
2.97389200 24.76680000
2.99017840 24.68850000
3.00646481 24.57100000
3.02275122 24.44590000
3.03903764 24.33430000
3.05532405 24.22690000
3.07161046 24.14450000
3.08789687 24.11220000
3.10418328 24.11630000
3.12046969 24.12200000
3.13675610 24.12970000
3.15304251 24.15730000
3.16932893 24.18830000
3.18561534 24.19760000
3.20190175 24.19270000
3.21811444 24.22100000
3.23432713 24.25920000
3.25053982 24.25960000
3.26675252 24.23500000
3.28296520 24.19730000
3.29917790 24.18690000
3.31539059 24.19010000
3.33160328 24.18830000
3.34781597 24.16490000
3.36402867 24.18550000
3.38024135 24.25430000
3.39645405 24.31990000
3.41266674 24.36810000
3.42887943 24.37310000
3.44509212 24.34860000
3.46130482 24.30940000
3.47751750 24.26050000
3.49373020 24.22660000
3.50994289 24.24060000
3.52615558 24.29020000
3.54236827 24.33860000
3.55858096 24.34990000
3.57479365 24.27860000
3.59100634 24.16700000
3.60721904 24.07000000
3.62343172 24.00590000
3.63964442 23.97000000
3.65585711 24.00270000
3.67206980 24.01880000
3.68828249 24.00700000

