# energy s p d
-3.078819999999999979e+01 0.000000000000000000e+00 0.000000000000000000e+00 0.000000000000000000e+00
-3.077459999999999951e+01 0.000000000000000000e+00 0.000000000000000000e+00 0.000000000000000000e+00
-3.076099999999999923e+01 0.000000000000000000e+00 0.000000000000000000e+00 0.000000000000000000e+00
-3.074739999999999895e+01 0.000000000000000000e+00 0.000000000000000000e+00 0.000000000000000000e+00
-3.073389999999999844e+01 0.000000000000000000e+00 0.000000000000000000e+00 0.000000000000000000e+00
-3.072029999999999816e+01 0.000000000000000000e+00 0.000000000000000000e+00 0.000000000000000000e+00
-3.070669999999999789e+01 0.000000000000000000e+00 0.000000000000000000e+00 0.000000000000000000e+00
-3.069309999999999761e+01 0.000000000000000000e+00 0.000000000000000000e+00 0.000000000000000000e+00
-3.067949999999999733e+01 0.000000000000000000e+00 0.000000000000000000e+00 0.000000000000000000e+00
-3.066589999999999705e+01 0.000000000000000000e+00 0.000000000000000000e+00 0.000000000000000000e+00
-3.065230000000000032e+01 0.000000000000000000e+00 0.000000000000000000e+00 0.000000000000000000e+00
-3.063870000000000005e+01 0.000000000000000000e+00 0.000000000000000000e+00 0.000000000000000000e+00
-3.062509999999999977e+01 0.000000000000000000e+00 0.000000000000000000e+00 0.000000000000000000e+00
-3.061149999999999949e+01 0.000000000000000000e+00 0.000000000000000000e+00 0.000000000000000000e+00
-3.059789999999999921e+01 0.000000000000000000e+00 0.000000000000000000e+00 0.000000000000000000e+00
-3.058429999999999893e+01 0.000000000000000000e+00 0.000000000000000000e+00 0.000000000000000000e+00
-3.057069999999999865e+01 0.000000000000000000e+00 0.000000000000000000e+00 0.000000000000000000e+00
-3.055719999999999814e+01 0.000000000000000000e+00 0.000000000000000000e+00 0.000000000000000000e+00
-3.054359999999999786e+01 0.000000000000000000e+00 0.000000000000000000e+00 0.000000000000000000e+00
-3.052999999999999758e+01 0.000000000000000000e+00 0.000000000000000000e+00 0.000000000000000000e+00
-3.051639999999999731e+01 0.000000000000000000e+00 0.000000000000000000e+00 0.000000000000000000e+00
-3.050279999999999703e+01 0.000000000000000000e+00 0.000000000000000000e+00 0.000000000000000000e+00
-3.048920000000000030e+01 0.000000000000000000e+00 0.000000000000000000e+00 0.000000000000000000e+00
-3.047560000000000002e+01 0.000000000000000000e+00 0.000000000000000000e+00 0.000000000000000000e+00
-3.046199999999999974e+01 0.000000000000000000e+00 0.000000000000000000e+00 0.000000000000000000e+00
-3.044839999999999947e+01 0.000000000000000000e+00 0.000000000000000000e+00 0.000000000000000000e+00
-3.043479999999999919e+01 0.000000000000000000e+00 0.000000000000000000e+00 0.000000000000000000e+00
-3.042119999999999891e+01 0.000000000000000000e+00 0.000000000000000000e+00 0.000000000000000000e+00
-3.040759999999999863e+01 0.000000000000000000e+00 0.000000000000000000e+00 0.000000000000000000e+00
-3.039409999999999812e+01 0.000000000000000000e+00 0.000000000000000000e+00 0.000000000000000000e+00
-3.038049999999999784e+01 0.000000000000000000e+00 0.000000000000000000e+00 0.000000000000000000e+00
-3.036689999999999756e+01 0.000000000000000000e+00 0.000000000000000000e+00 0.000000000000000000e+00
-3.035329999999999728e+01 0.000000000000000000e+00 0.000000000000000000e+00 0.000000000000000000e+00
-3.033969999999999700e+01 0.000000000000000000e+00 0.000000000000000000e+00 0.000000000000000000e+00
-3.032610000000000028e+01 0.000000000000000000e+00 0.000000000000000000e+00 0.000000000000000000e+00
-3.031250000000000000e+01 0.000000000000000000e+00 0.000000000000000000e+00 0.000000000000000000e+00
-3.029889999999999972e+01 0.000000000000000000e+00 0.000000000000000000e+00 0.000000000000000000e+00
-3.028529999999999944e+01 0.000000000000000000e+00 0.000000000000000000e+00 0.000000000000000000e+00
-3.027169999999999916e+01 0.000000000000000000e+00 0.000000000000000000e+00 0.000000000000000000e+00
-3.025809999999999889e+01 0.000000000000000000e+00 0.000000000000000000e+00 0.000000000000000000e+00
-3.024449999999999861e+01 0.000000000000000000e+00 0.000000000000000000e+00 0.000000000000000000e+00
-3.023089999999999833e+01 0.000000000000000000e+00 0.000000000000000000e+00 0.000000000000000000e+00
-3.021739999999999782e+01 0.000000000000000000e+00 0.000000000000000000e+00 0.000000000000000000e+00
-3.020379999999999754e+01 0.000000000000000000e+00 0.000000000000000000e+00 0.000000000000000000e+00
-3.019019999999999726e+01 0.000000000000000000e+00 0.000000000000000000e+00 0.000000000000000000e+00
-3.017659999999999698e+01 0.000000000000000000e+00 0.000000000000000000e+00 0.000000000000000000e+00
-3.016300000000000026e+01 0.000000000000000000e+00 0.000000000000000000e+00 0.000000000000000000e+00
-3.014939999999999998e+01 0.000000000000000000e+00 0.000000000000000000e+00 0.000000000000000000e+00
-3.013579999999999970e+01 0.000000000000000000e+00 0.000000000000000000e+00 0.000000000000000000e+00
-3.012219999999999942e+01 0.000000000000000000e+00 0.000000000000000000e+00 0.000000000000000000e+00
-3.010859999999999914e+01 0.000000000000000000e+00 0.000000000000000000e+00 0.000000000000000000e+00
-3.009499999999999886e+01 0.000000000000000000e+00 0.000000000000000000e+00 0.000000000000000000e+00
-3.008139999999999858e+01 0.000000000000000000e+00 0.000000000000000000e+00 0.000000000000000000e+00
-3.006779999999999831e+01 0.000000000000000000e+00 0.000000000000000000e+00 0.000000000000000000e+00
-3.005429999999999779e+01 0.000000000000000000e+00 0.000000000000000000e+00 0.000000000000000000e+00
-3.004069999999999752e+01 0.000000000000000000e+00 0.000000000000000000e+00 0.000000000000000000e+00
-3.002709999999999724e+01 0.000000000000000000e+00 0.000000000000000000e+00 0.000000000000000000e+00
-3.001350000000000051e+01 0.000000000000000000e+00 0.000000000000000000e+00 0.000000000000000000e+00
-2.999990000000000023e+01 0.000000000000000000e+00 0.000000000000000000e+00 0.000000000000000000e+00
-2.998629999999999995e+01 0.000000000000000000e+00 0.000000000000000000e+00 0.000000000000000000e+00
-2.997269999999999968e+01 0.000000000000000000e+00 0.000000000000000000e+00 0.000000000000000000e+00
-2.995909999999999940e+01 0.000000000000000000e+00 0.000000000000000000e+00 0.000000000000000000e+00
-2.994549999999999912e+01 0.000000000000000000e+00 0.000000000000000000e+00 0.000000000000000000e+00
-2.993189999999999884e+01 0.000000000000000000e+00 0.000000000000000000e+00 0.000000000000000000e+00
-2.991829999999999856e+01 0.000000000000000000e+00 0.000000000000000000e+00 0.000000000000000000e+00
-2.990469999999999828e+01 0.000000000000000000e+00 0.000000000000000000e+00 0.000000000000000000e+00
-2.989109999999999800e+01 0.000000000000000000e+00 0.000000000000000000e+00 0.000000000000000000e+00
-2.987759999999999749e+01 0.000000000000000000e+00 0.000000000000000000e+00 0.000000000000000000e+00
-2.986399999999999721e+01 0.000000000000000000e+00 0.000000000000000000e+00 0.000000000000000000e+00
-2.985040000000000049e+01 0.000000000000000000e+00 0.000000000000000000e+00 0.000000000000000000e+00
-2.983680000000000021e+01 0.000000000000000000e+00 0.000000000000000000e+00 0.000000000000000000e+00
-2.982319999999999993e+01 0.000000000000000000e+00 0.000000000000000000e+00 0.000000000000000000e+00
-2.980959999999999965e+01 0.000000000000000000e+00 0.000000000000000000e+00 0.000000000000000000e+00
-2.979599999999999937e+01 0.000000000000000000e+00 0.000000000000000000e+00 0.000000000000000000e+00
-2.978239999999999910e+01 0.000000000000000000e+00 0.000000000000000000e+00 0.000000000000000000e+00
-2.976879999999999882e+01 0.000000000000000000e+00 0.000000000000000000e+00 0.000000000000000000e+00
-2.975519999999999854e+01 0.000000000000000000e+00 0.000000000000000000e+00 0.000000000000000000e+00
-2.974159999999999826e+01 0.000000000000000000e+00 0.000000000000000000e+00 0.000000000000000000e+00
-2.972799999999999798e+01 0.000000000000000000e+00 0.000000000000000000e+00 0.000000000000000000e+00
-2.971449999999999747e+01 0.000000000000000000e+00 0.000000000000000000e+00 0.000000000000000000e+00
-2.970089999999999719e+01 0.000000000000000000e+00 0.000000000000000000e+00 0.000000000000000000e+00
-2.968730000000000047e+01 0.000000000000000000e+00 0.000000000000000000e+00 0.000000000000000000e+00
-2.967370000000000019e+01 0.000000000000000000e+00 0.000000000000000000e+00 0.000000000000000000e+00
-2.966009999999999991e+01 0.000000000000000000e+00 0.000000000000000000e+00 0.000000000000000000e+00
-2.964649999999999963e+01 0.000000000000000000e+00 0.000000000000000000e+00 0.000000000000000000e+00
-2.963289999999999935e+01 0.000000000000000000e+00 0.000000000000000000e+00 0.000000000000000000e+00
-2.961929999999999907e+01 0.000000000000000000e+00 0.000000000000000000e+00 0.000000000000000000e+00
-2.960569999999999879e+01 0.000000000000000000e+00 0.000000000000000000e+00 0.000000000000000000e+00
-2.959209999999999852e+01 0.000000000000000000e+00 0.000000000000000000e+00 0.000000000000000000e+00
-2.957849999999999824e+01 0.000000000000000000e+00 0.000000000000000000e+00 0.000000000000000000e+00
-2.956489999999999796e+01 0.000000000000000000e+00 0.000000000000000000e+00 0.000000000000000000e+00
-2.955129999999999768e+01 0.000000000000000000e+00 0.000000000000000000e+00 0.000000000000000000e+00
-2.953779999999999717e+01 0.000000000000000000e+00 0.000000000000000000e+00 0.000000000000000000e+00
-2.952420000000000044e+01 0.000000000000000000e+00 0.000000000000000000e+00 0.000000000000000000e+00
-2.951060000000000016e+01 0.000000000000000000e+00 0.000000000000000000e+00 0.000000000000000000e+00
-2.949699999999999989e+01 0.000000000000000000e+00 0.000000000000000000e+00 0.000000000000000000e+00
-2.948339999999999961e+01 0.000000000000000000e+00 0.000000000000000000e+00 0.000000000000000000e+00
-2.946979999999999933e+01 0.000000000000000000e+00 0.000000000000000000e+00 0.000000000000000000e+00
-2.945619999999999905e+01 0.000000000000000000e+00 0.000000000000000000e+00 0.000000000000000000e+00
-2.944259999999999877e+01 0.000000000000000000e+00 0.000000000000000000e+00 0.000000000000000000e+00
-2.942899999999999849e+01 0.000000000000000000e+00 0.000000000000000000e+00 0.000000000000000000e+00
-2.941539999999999822e+01 0.000000000000000000e+00 0.000000000000000000e+00 0.000000000000000000e+00
-2.940179999999999794e+01 0.000000000000000000e+00 0.000000000000000000e+00 0.000000000000000000e+00
-2.938819999999999766e+01 0.000000000000000000e+00 0.000000000000000000e+00 0.000000000000000000e+00
-2.937469999999999715e+01 0.000000000000000000e+00 0.000000000000000000e+00 0.000000000000000000e+00
-2.936110000000000042e+01 0.000000000000000000e+00 0.000000000000000000e+00 0.000000000000000000e+00
-2.934750000000000014e+01 0.000000000000000000e+00 0.000000000000000000e+00 0.000000000000000000e+00
-2.933389999999999986e+01 0.000000000000000000e+00 0.000000000000000000e+00 0.000000000000000000e+00
-2.932029999999999959e+01 0.000000000000000000e+00 0.000000000000000000e+00 0.000000000000000000e+00
-2.930669999999999931e+01 0.000000000000000000e+00 0.000000000000000000e+00 0.000000000000000000e+00
-2.929309999999999903e+01 0.000000000000000000e+00 0.000000000000000000e+00 0.000000000000000000e+00
-2.927949999999999875e+01 0.000000000000000000e+00 0.000000000000000000e+00 0.000000000000000000e+00
-2.926589999999999847e+01 0.000000000000000000e+00 0.000000000000000000e+00 0.000000000000000000e+00
-2.925229999999999819e+01 0.000000000000000000e+00 0.000000000000000000e+00 0.000000000000000000e+00
-2.923869999999999791e+01 0.000000000000000000e+00 0.000000000000000000e+00 0.000000000000000000e+00
-2.922509999999999764e+01 0.000000000000000000e+00 0.000000000000000000e+00 0.000000000000000000e+00
-2.921149999999999736e+01 0.000000000000000000e+00 0.000000000000000000e+00 0.000000000000000000e+00
-2.919800000000000040e+01 0.000000000000000000e+00 0.000000000000000000e+00 0.000000000000000000e+00
-2.918440000000000012e+01 0.000000000000000000e+00 0.000000000000000000e+00 0.000000000000000000e+00
-2.917079999999999984e+01 0.000000000000000000e+00 0.000000000000000000e+00 0.000000000000000000e+00
-2.915719999999999956e+01 0.000000000000000000e+00 0.000000000000000000e+00 0.000000000000000000e+00
-2.914359999999999928e+01 0.000000000000000000e+00 0.000000000000000000e+00 0.000000000000000000e+00
-2.912999999999999901e+01 0.000000000000000000e+00 0.000000000000000000e+00 0.000000000000000000e+00
-2.911639999999999873e+01 0.000000000000000000e+00 0.000000000000000000e+00 0.000000000000000000e+00
-2.910279999999999845e+01 0.000000000000000000e+00 0.000000000000000000e+00 0.000000000000000000e+00
-2.908919999999999817e+01 0.000000000000000000e+00 0.000000000000000000e+00 0.000000000000000000e+00
-2.907559999999999789e+01 0.000000000000000000e+00 0.000000000000000000e+00 0.000000000000000000e+00
-2.906199999999999761e+01 0.000000000000000000e+00 0.000000000000000000e+00 0.000000000000000000e+00
-2.904839999999999733e+01 0.000000000000000000e+00 0.000000000000000000e+00 0.000000000000000000e+00
-2.903490000000000038e+01 0.000000000000000000e+00 0.000000000000000000e+00 0.000000000000000000e+00
-2.902130000000000010e+01 0.000000000000000000e+00 0.000000000000000000e+00 0.000000000000000000e+00
-2.900769999999999982e+01 0.000000000000000000e+00 0.000000000000000000e+00 0.000000000000000000e+00
-2.899409999999999954e+01 0.000000000000000000e+00 0.000000000000000000e+00 0.000000000000000000e+00
-2.898049999999999926e+01 0.000000000000000000e+00 0.000000000000000000e+00 0.000000000000000000e+00
-2.896689999999999898e+01 0.000000000000000000e+00 0.000000000000000000e+00 0.000000000000000000e+00
-2.895329999999999870e+01 0.000000000000000000e+00 0.000000000000000000e+00 0.000000000000000000e+00
-2.893969999999999843e+01 0.000000000000000000e+00 0.000000000000000000e+00 0.000000000000000000e+00
-2.892609999999999815e+01 0.000000000000000000e+00 0.000000000000000000e+00 0.000000000000000000e+00
-2.891249999999999787e+01 0.000000000000000000e+00 0.000000000000000000e+00 0.000000000000000000e+00
-2.889889999999999759e+01 0.000000000000000000e+00 0.000000000000000000e+00 0.000000000000000000e+00
-2.888529999999999731e+01 0.000000000000000000e+00 0.000000000000000000e+00 0.000000000000000000e+00
-2.887169999999999703e+01 0.000000000000000000e+00 0.000000000000000000e+00 0.000000000000000000e+00
-2.885820000000000007e+01 0.000000000000000000e+00 0.000000000000000000e+00 0.000000000000000000e+00
-2.884459999999999980e+01 0.000000000000000000e+00 0.000000000000000000e+00 0.000000000000000000e+00
-2.883099999999999952e+01 0.000000000000000000e+00 0.000000000000000000e+00 0.000000000000000000e+00
-2.881739999999999924e+01 0.000000000000000000e+00 0.000000000000000000e+00 0.000000000000000000e+00
-2.880379999999999896e+01 0.000000000000000000e+00 0.000000000000000000e+00 0.000000000000000000e+00
-2.879019999999999868e+01 0.000000000000000000e+00 0.000000000000000000e+00 0.000000000000000000e+00
-2.877659999999999840e+01 0.000000000000000000e+00 0.000000000000000000e+00 0.000000000000000000e+00
-2.876299999999999812e+01 0.000000000000000000e+00 0.000000000000000000e+00 0.000000000000000000e+00
-2.874939999999999785e+01 0.000000000000000000e+00 0.000000000000000000e+00 0.000000000000000000e+00
-2.873579999999999757e+01 0.000000000000000000e+00 0.000000000000000000e+00 0.000000000000000000e+00
-2.872219999999999729e+01 0.000000000000000000e+00 0.000000000000000000e+00 0.000000000000000000e+00
-2.870859999999999701e+01 0.000000000000000000e+00 0.000000000000000000e+00 0.000000000000000000e+00
-2.869510000000000005e+01 0.000000000000000000e+00 0.000000000000000000e+00 0.000000000000000000e+00
-2.868149999999999977e+01 0.000000000000000000e+00 0.000000000000000000e+00 0.000000000000000000e+00
-2.866789999999999949e+01 0.000000000000000000e+00 0.000000000000000000e+00 0.000000000000000000e+00
-2.865429999999999922e+01 0.000000000000000000e+00 0.000000000000000000e+00 0.000000000000000000e+00
-2.864069999999999894e+01 0.000000000000000000e+00 0.000000000000000000e+00 0.000000000000000000e+00
-2.862709999999999866e+01 0.000000000000000000e+00 0.000000000000000000e+00 0.000000000000000000e+00
-2.861349999999999838e+01 0.000000000000000000e+00 0.000000000000000000e+00 0.000000000000000000e+00
-2.859989999999999810e+01 0.000000000000000000e+00 0.000000000000000000e+00 0.000000000000000000e+00
-2.858629999999999782e+01 0.000000000000000000e+00 0.000000000000000000e+00 0.000000000000000000e+00
-2.857269999999999754e+01 0.000000000000000000e+00 0.000000000000000000e+00 0.000000000000000000e+00
-2.855909999999999727e+01 0.000000000000000000e+00 0.000000000000000000e+00 0.000000000000000000e+00
-2.854549999999999699e+01 0.000000000000000000e+00 0.000000000000000000e+00 0.000000000000000000e+00
-2.853190000000000026e+01 0.000000000000000000e+00 0.000000000000000000e+00 0.000000000000000000e+00
-2.851839999999999975e+01 0.000000000000000000e+00 0.000000000000000000e+00 0.000000000000000000e+00
-2.850479999999999947e+01 0.000000000000000000e+00 0.000000000000000000e+00 0.000000000000000000e+00
-2.849119999999999919e+01 0.000000000000000000e+00 0.000000000000000000e+00 0.000000000000000000e+00
-2.847759999999999891e+01 0.000000000000000000e+00 0.000000000000000000e+00 0.000000000000000000e+00
-2.846399999999999864e+01 0.000000000000000000e+00 0.000000000000000000e+00 0.000000000000000000e+00
-2.845039999999999836e+01 0.000000000000000000e+00 0.000000000000000000e+00 0.000000000000000000e+00
-2.843679999999999808e+01 0.000000000000000000e+00 0.000000000000000000e+00 0.000000000000000000e+00
-2.842319999999999780e+01 0.000000000000000000e+00 0.000000000000000000e+00 0.000000000000000000e+00
-2.840959999999999752e+01 0.000000000000000000e+00 0.000000000000000000e+00 0.000000000000000000e+00
-2.839599999999999724e+01 0.000000000000000000e+00 0.000000000000000000e+00 0.000000000000000000e+00
-2.838239999999999696e+01 0.000000000000000000e+00 0.000000000000000000e+00 0.000000000000000000e+00
-2.836880000000000024e+01 0.000000000000000000e+00 0.000000000000000000e+00 0.000000000000000000e+00
-2.835529999999999973e+01 0.000000000000000000e+00 0.000000000000000000e+00 0.000000000000000000e+00
-2.834169999999999945e+01 0.000000000000000000e+00 0.000000000000000000e+00 0.000000000000000000e+00
-2.832809999999999917e+01 0.000000000000000000e+00 0.000000000000000000e+00 0.000000000000000000e+00
-2.831449999999999889e+01 0.000000000000000000e+00 0.000000000000000000e+00 0.000000000000000000e+00
-2.830089999999999861e+01 0.000000000000000000e+00 0.000000000000000000e+00 0.000000000000000000e+00
-2.828729999999999833e+01 0.000000000000000000e+00 0.000000000000000000e+00 0.000000000000000000e+00
-2.827369999999999806e+01 0.000000000000000000e+00 0.000000000000000000e+00 0.000000000000000000e+00
-2.826009999999999778e+01 0.000000000000000000e+00 0.000000000000000000e+00 0.000000000000000000e+00
-2.824649999999999750e+01 0.000000000000000000e+00 0.000000000000000000e+00 0.000000000000000000e+00
-2.823289999999999722e+01 0.000000000000000000e+00 0.000000000000000000e+00 0.000000000000000000e+00
-2.821930000000000049e+01 0.000000000000000000e+00 0.000000000000000000e+00 0.000000000000000000e+00
-2.820570000000000022e+01 0.000000000000000000e+00 0.000000000000000000e+00 0.000000000000000000e+00
-2.819209999999999994e+01 0.000000000000000000e+00 0.000000000000000000e+00 0.000000000000000000e+00
-2.817859999999999943e+01 0.000000000000000000e+00 0.000000000000000000e+00 0.000000000000000000e+00
-2.816499999999999915e+01 0.000000000000000000e+00 0.000000000000000000e+00 0.000000000000000000e+00
-2.815139999999999887e+01 0.000000000000000000e+00 0.000000000000000000e+00 0.000000000000000000e+00
-2.813779999999999859e+01 0.000000000000000000e+00 0.000000000000000000e+00 0.000000000000000000e+00
-2.812419999999999831e+01 0.000000000000000000e+00 0.000000000000000000e+00 0.000000000000000000e+00
-2.811059999999999803e+01 0.000000000000000000e+00 0.000000000000000000e+00 0.000000000000000000e+00
-2.809699999999999775e+01 0.000000000000000000e+00 0.000000000000000000e+00 0.000000000000000000e+00
-2.808339999999999748e+01 0.000000000000000000e+00 0.000000000000000000e+00 0.000000000000000000e+00
-2.806979999999999720e+01 0.000000000000000000e+00 0.000000000000000000e+00 0.000000000000000000e+00
-2.805620000000000047e+01 0.000000000000000000e+00 0.000000000000000000e+00 0.000000000000000000e+00
-2.804260000000000019e+01 0.000000000000000000e+00 0.000000000000000000e+00 0.000000000000000000e+00
-2.802899999999999991e+01 0.000000000000000000e+00 0.000000000000000000e+00 0.000000000000000000e+00
-2.801549999999999940e+01 0.000000000000000000e+00 0.000000000000000000e+00 0.000000000000000000e+00
-2.800189999999999912e+01 0.000000000000000000e+00 0.000000000000000000e+00 0.000000000000000000e+00
-2.798829999999999885e+01 0.000000000000000000e+00 0.000000000000000000e+00 0.000000000000000000e+00
-2.797469999999999857e+01 0.000000000000000000e+00 0.000000000000000000e+00 0.000000000000000000e+00
-2.796109999999999829e+01 0.000000000000000000e+00 0.000000000000000000e+00 0.000000000000000000e+00
-2.794749999999999801e+01 0.000000000000000000e+00 0.000000000000000000e+00 0.000000000000000000e+00
-2.793389999999999773e+01 0.000000000000000000e+00 0.000000000000000000e+00 0.000000000000000000e+00
-2.792029999999999745e+01 0.000000000000000000e+00 0.000000000000000000e+00 0.000000000000000000e+00
-2.790669999999999717e+01 0.000000000000000000e+00 0.000000000000000000e+00 0.000000000000000000e+00
-2.789310000000000045e+01 0.000000000000000000e+00 0.000000000000000000e+00 0.000000000000000000e+00
-2.787950000000000017e+01 0.000000000000000000e+00 0.000000000000000000e+00 0.000000000000000000e+00
-2.786589999999999989e+01 0.000000000000000000e+00 0.000000000000000000e+00 0.000000000000000000e+00
-2.785229999999999961e+01 0.000000000000000000e+00 0.000000000000000000e+00 0.000000000000000000e+00
-2.783879999999999910e+01 0.000000000000000000e+00 0.000000000000000000e+00 0.000000000000000000e+00
-2.782519999999999882e+01 0.000000000000000000e+00 0.000000000000000000e+00 0.000000000000000000e+00
-2.781159999999999854e+01 0.000000000000000000e+00 0.000000000000000000e+00 0.000000000000000000e+00
-2.779799999999999827e+01 0.000000000000000000e+00 0.000000000000000000e+00 0.000000000000000000e+00
-2.778439999999999799e+01 0.000000000000000000e+00 0.000000000000000000e+00 0.000000000000000000e+00
-2.777079999999999771e+01 0.000000000000000000e+00 0.000000000000000000e+00 0.000000000000000000e+00
-2.775719999999999743e+01 0.000000000000000000e+00 0.000000000000000000e+00 0.000000000000000000e+00
-2.774359999999999715e+01 0.000000000000000000e+00 0.000000000000000000e+00 0.000000000000000000e+00
-2.773000000000000043e+01 0.000000000000000000e+00 0.000000000000000000e+00 0.000000000000000000e+00
-2.771640000000000015e+01 0.000000000000000000e+00 0.000000000000000000e+00 0.000000000000000000e+00
-2.770279999999999987e+01 0.000000000000000000e+00 0.000000000000000000e+00 0.000000000000000000e+00
-2.768919999999999959e+01 0.000000000000000000e+00 0.000000000000000000e+00 0.000000000000000000e+00
-2.767569999999999908e+01 0.000000000000000000e+00 0.000000000000000000e+00 0.000000000000000000e+00
-2.766209999999999880e+01 0.000000000000000000e+00 0.000000000000000000e+00 0.000000000000000000e+00
-2.764849999999999852e+01 0.000000000000000000e+00 0.000000000000000000e+00 0.000000000000000000e+00
-2.763489999999999824e+01 0.000000000000000000e+00 0.000000000000000000e+00 0.000000000000000000e+00
-2.762129999999999797e+01 0.000000000000000000e+00 0.000000000000000000e+00 0.000000000000000000e+00
-2.760769999999999769e+01 0.000000000000000000e+00 0.000000000000000000e+00 0.000000000000000000e+00
-2.759409999999999741e+01 0.000000000000000000e+00 0.000000000000000000e+00 0.000000000000000000e+00
-2.758049999999999713e+01 0.000000000000000000e+00 0.000000000000000000e+00 0.000000000000000000e+00
-2.756690000000000040e+01 0.000000000000000000e+00 0.000000000000000000e+00 0.000000000000000000e+00
-2.755330000000000013e+01 0.000000000000000000e+00 0.000000000000000000e+00 0.000000000000000000e+00
-2.753969999999999985e+01 0.000000000000000000e+00 0.000000000000000000e+00 0.000000000000000000e+00
-2.752609999999999957e+01 0.000000000000000000e+00 0.000000000000000000e+00 0.000000000000000000e+00
-2.751249999999999929e+01 0.000000000000000000e+00 0.000000000000000000e+00 0.000000000000000000e+00
-2.749899999999999878e+01 0.000000000000000000e+00 0.000000000000000000e+00 0.000000000000000000e+00
-2.748539999999999850e+01 0.000000000000000000e+00 0.000000000000000000e+00 0.000000000000000000e+00
-2.747179999999999822e+01 0.000000000000000000e+00 0.000000000000000000e+00 0.000000000000000000e+00
-2.745819999999999794e+01 0.000000000000000000e+00 0.000000000000000000e+00 0.000000000000000000e+00
-2.744459999999999766e+01 0.000000000000000000e+00 0.000000000000000000e+00 0.000000000000000000e+00
-2.743099999999999739e+01 0.000000000000000000e+00 0.000000000000000000e+00 0.000000000000000000e+00
-2.741739999999999711e+01 0.000000000000000000e+00 0.000000000000000000e+00 0.000000000000000000e+00
-2.740380000000000038e+01 0.000000000000000000e+00 0.000000000000000000e+00 0.000000000000000000e+00
-2.739020000000000010e+01 0.000000000000000000e+00 0.000000000000000000e+00 0.000000000000000000e+00
-2.737659999999999982e+01 0.000000000000000000e+00 0.000000000000000000e+00 0.000000000000000000e+00
-2.736299999999999955e+01 0.000000000000000000e+00 0.000000000000000000e+00 0.000000000000000000e+00
-2.734939999999999927e+01 0.000000000000000000e+00 0.000000000000000000e+00 0.000000000000000000e+00
-2.733589999999999876e+01 0.000000000000000000e+00 0.000000000000000000e+00 0.000000000000000000e+00
-2.732229999999999848e+01 0.000000000000000000e+00 0.000000000000000000e+00 0.000000000000000000e+00
-2.730869999999999820e+01 0.000000000000000000e+00 0.000000000000000000e+00 0.000000000000000000e+00
-2.729509999999999792e+01 0.000000000000000000e+00 0.000000000000000000e+00 0.000000000000000000e+00
-2.728149999999999764e+01 0.000000000000000000e+00 0.000000000000000000e+00 0.000000000000000000e+00
-2.726789999999999736e+01 0.000000000000000000e+00 0.000000000000000000e+00 0.000000000000000000e+00
-2.725429999999999708e+01 0.000000000000000000e+00 0.000000000000000000e+00 0.000000000000000000e+00
-2.724070000000000036e+01 0.000000000000000000e+00 0.000000000000000000e+00 0.000000000000000000e+00
-2.722710000000000008e+01 0.000000000000000000e+00 0.000000000000000000e+00 0.000000000000000000e+00
-2.721349999999999980e+01 0.000000000000000000e+00 0.000000000000000000e+00 0.000000000000000000e+00
-2.719989999999999952e+01 0.000000000000000000e+00 0.000000000000000000e+00 0.000000000000000000e+00
-2.718629999999999924e+01 0.000000000000000000e+00 0.000000000000000000e+00 0.000000000000000000e+00
-2.717269999999999897e+01 0.000000000000000000e+00 0.000000000000000000e+00 0.000000000000000000e+00
-2.715919999999999845e+01 0.000000000000000000e+00 0.000000000000000000e+00 0.000000000000000000e+00
-2.714559999999999818e+01 0.000000000000000000e+00 0.000000000000000000e+00 0.000000000000000000e+00
-2.713199999999999790e+01 0.000000000000000000e+00 0.000000000000000000e+00 0.000000000000000000e+00
-2.711839999999999762e+01 0.000000000000000000e+00 0.000000000000000000e+00 0.000000000000000000e+00
-2.710479999999999734e+01 0.000000000000000000e+00 0.000000000000000000e+00 0.000000000000000000e+00
-2.709119999999999706e+01 0.000000000000000000e+00 0.000000000000000000e+00 0.000000000000000000e+00
-2.707760000000000034e+01 0.000000000000000000e+00 0.000000000000000000e+00 0.000000000000000000e+00
-2.706400000000000006e+01 0.000000000000000000e+00 0.000000000000000000e+00 0.000000000000000000e+00
-2.705039999999999978e+01 0.000000000000000000e+00 0.000000000000000000e+00 0.000000000000000000e+00
-2.703679999999999950e+01 0.000000000000000000e+00 0.000000000000000000e+00 0.000000000000000000e+00
-2.702319999999999922e+01 0.000000000000000000e+00 0.000000000000000000e+00 0.000000000000000000e+00
-2.700959999999999894e+01 0.000000000000000000e+00 0.000000000000000000e+00 0.000000000000000000e+00
-2.699609999999999843e+01 0.000000000000000000e+00 0.000000000000000000e+00 0.000000000000000000e+00
-2.698249999999999815e+01 0.000000000000000000e+00 0.000000000000000000e+00 0.000000000000000000e+00
-2.696889999999999787e+01 0.000000000000000000e+00 0.000000000000000000e+00 0.000000000000000000e+00
-2.695529999999999760e+01 0.000000000000000000e+00 0.000000000000000000e+00 0.000000000000000000e+00
-2.694169999999999732e+01 0.000000000000000000e+00 0.000000000000000000e+00 0.000000000000000000e+00
-2.692809999999999704e+01 0.000000000000000000e+00 0.000000000000000000e+00 0.000000000000000000e+00
-2.691450000000000031e+01 0.000000000000000000e+00 0.000000000000000000e+00 0.000000000000000000e+00
-2.690090000000000003e+01 0.000000000000000000e+00 0.000000000000000000e+00 0.000000000000000000e+00
-2.688729999999999976e+01 0.000000000000000000e+00 0.000000000000000000e+00 0.000000000000000000e+00
-2.687369999999999948e+01 0.000000000000000000e+00 0.000000000000000000e+00 0.000000000000000000e+00
-2.686009999999999920e+01 0.000000000000000000e+00 0.000000000000000000e+00 0.000000000000000000e+00
-2.684649999999999892e+01 0.000000000000000000e+00 0.000000000000000000e+00 0.000000000000000000e+00
-2.683289999999999864e+01 0.000000000000000000e+00 0.000000000000000000e+00 0.000000000000000000e+00
-2.681939999999999813e+01 0.000000000000000000e+00 0.000000000000000000e+00 0.000000000000000000e+00
-2.680579999999999785e+01 0.000000000000000000e+00 0.000000000000000000e+00 0.000000000000000000e+00
-2.679219999999999757e+01 0.000000000000000000e+00 0.000000000000000000e+00 0.000000000000000000e+00
-2.677859999999999729e+01 0.000000000000000000e+00 0.000000000000000000e+00 0.000000000000000000e+00
-2.676499999999999702e+01 0.000000000000000000e+00 0.000000000000000000e+00 0.000000000000000000e+00
-2.675140000000000029e+01 0.000000000000000000e+00 0.000000000000000000e+00 0.000000000000000000e+00
-2.673780000000000001e+01 0.000000000000000000e+00 0.000000000000000000e+00 0.000000000000000000e+00
-2.672419999999999973e+01 0.000000000000000000e+00 0.000000000000000000e+00 0.000000000000000000e+00
-2.671059999999999945e+01 0.000000000000000000e+00 0.000000000000000000e+00 0.000000000000000000e+00
-2.669699999999999918e+01 0.000000000000000000e+00 0.000000000000000000e+00 0.000000000000000000e+00
-2.668339999999999890e+01 0.000000000000000000e+00 0.000000000000000000e+00 0.000000000000000000e+00
-2.666979999999999862e+01 0.000000000000000000e+00 0.000000000000000000e+00 0.000000000000000000e+00
-2.665629999999999811e+01 0.000000000000000000e+00 0.000000000000000000e+00 0.000000000000000000e+00
-2.664269999999999783e+01 0.000000000000000000e+00 0.000000000000000000e+00 0.000000000000000000e+00
-2.662909999999999755e+01 0.000000000000000000e+00 0.000000000000000000e+00 0.000000000000000000e+00
-2.661549999999999727e+01 0.000000000000000000e+00 0.000000000000000000e+00 0.000000000000000000e+00
-2.660189999999999699e+01 0.000000000000000000e+00 0.000000000000000000e+00 0.000000000000000000e+00
-2.658830000000000027e+01 0.000000000000000000e+00 0.000000000000000000e+00 0.000000000000000000e+00
-2.657469999999999999e+01 0.000000000000000000e+00 0.000000000000000000e+00 0.000000000000000000e+00
-2.656109999999999971e+01 0.000000000000000000e+00 0.000000000000000000e+00 0.000000000000000000e+00
-2.654749999999999943e+01 0.000000000000000000e+00 0.000000000000000000e+00 0.000000000000000000e+00
-2.653389999999999915e+01 0.000000000000000000e+00 0.000000000000000000e+00 0.000000000000000000e+00
-2.652029999999999887e+01 0.000000000000000000e+00 0.000000000000000000e+00 0.000000000000000000e+00
-2.650669999999999860e+01 0.000000000000000000e+00 0.000000000000000000e+00 0.000000000000000000e+00
-2.649309999999999832e+01 0.000000000000000000e+00 0.000000000000000000e+00 0.000000000000000000e+00
-2.647959999999999781e+01 0.000000000000000000e+00 0.000000000000000000e+00 0.000000000000000000e+00
-2.646599999999999753e+01 0.000000000000000000e+00 0.000000000000000000e+00 0.000000000000000000e+00
-2.645239999999999725e+01 0.000000000000000000e+00 0.000000000000000000e+00 0.000000000000000000e+00
-2.643879999999999697e+01 0.000000000000000000e+00 0.000000000000000000e+00 0.000000000000000000e+00
-2.642520000000000024e+01 0.000000000000000000e+00 0.000000000000000000e+00 0.000000000000000000e+00
-2.641159999999999997e+01 0.000000000000000000e+00 0.000000000000000000e+00 0.000000000000000000e+00
-2.639799999999999969e+01 0.000000000000000000e+00 0.000000000000000000e+00 0.000000000000000000e+00
-2.638439999999999941e+01 0.000000000000000000e+00 0.000000000000000000e+00 0.000000000000000000e+00
-2.637079999999999913e+01 0.000000000000000000e+00 0.000000000000000000e+00 0.000000000000000000e+00
-2.635719999999999885e+01 0.000000000000000000e+00 0.000000000000000000e+00 0.000000000000000000e+00
-2.634359999999999857e+01 0.000000000000000000e+00 0.000000000000000000e+00 0.000000000000000000e+00
-2.632999999999999829e+01 0.000000000000000000e+00 0.000000000000000000e+00 0.000000000000000000e+00
-2.631649999999999778e+01 0.000000000000000000e+00 0.000000000000000000e+00 0.000000000000000000e+00
-2.630289999999999750e+01 0.000000000000000000e+00 0.000000000000000000e+00 0.000000000000000000e+00
-2.628929999999999723e+01 0.000000000000000000e+00 0.000000000000000000e+00 0.000000000000000000e+00
-2.627570000000000050e+01 0.000000000000000000e+00 0.000000000000000000e+00 0.000000000000000000e+00
-2.626210000000000022e+01 0.000000000000000000e+00 0.000000000000000000e+00 0.000000000000000000e+00
-2.624849999999999994e+01 0.000000000000000000e+00 0.000000000000000000e+00 0.000000000000000000e+00
-2.623489999999999966e+01 0.000000000000000000e+00 0.000000000000000000e+00 0.000000000000000000e+00
-2.622129999999999939e+01 0.000000000000000000e+00 0.000000000000000000e+00 0.000000000000000000e+00
-2.620769999999999911e+01 0.000000000000000000e+00 0.000000000000000000e+00 0.000000000000000000e+00
-2.619409999999999883e+01 0.000000000000000000e+00 0.000000000000000000e+00 0.000000000000000000e+00
-2.618049999999999855e+01 0.000000000000000000e+00 0.000000000000000000e+00 0.000000000000000000e+00
-2.616689999999999827e+01 0.000000000000000000e+00 0.000000000000000000e+00 0.000000000000000000e+00
-2.615329999999999799e+01 0.000000000000000000e+00 0.000000000000000000e+00 0.000000000000000000e+00
-2.613979999999999748e+01 0.000000000000000000e+00 0.000000000000000000e+00 0.000000000000000000e+00
-2.612619999999999720e+01 0.000000000000000000e+00 0.000000000000000000e+00 0.000000000000000000e+00
-2.611260000000000048e+01 0.000000000000000000e+00 0.000000000000000000e+00 0.000000000000000000e+00
-2.609900000000000020e+01 0.000000000000000000e+00 0.000000000000000000e+00 0.000000000000000000e+00
-2.608539999999999992e+01 0.000000000000000000e+00 0.000000000000000000e+00 0.000000000000000000e+00
-2.607179999999999964e+01 0.000000000000000000e+00 0.000000000000000000e+00 0.000000000000000000e+00
-2.605819999999999936e+01 0.000000000000000000e+00 0.000000000000000000e+00 0.000000000000000000e+00
-2.604459999999999908e+01 0.000000000000000000e+00 0.000000000000000000e+00 0.000000000000000000e+00
-2.603099999999999881e+01 0.000000000000000000e+00 0.000000000000000000e+00 0.000000000000000000e+00
-2.601739999999999853e+01 0.000000000000000000e+00 0.000000000000000000e+00 0.000000000000000000e+00
-2.600379999999999825e+01 0.000000000000000000e+00 0.000000000000000000e+00 0.000000000000000000e+00
-2.599019999999999797e+01 0.000000000000000000e+00 0.000000000000000000e+00 0.000000000000000000e+00
-2.597669999999999746e+01 0.000000000000000000e+00 0.000000000000000000e+00 0.000000000000000000e+00
-2.596309999999999718e+01 0.000000000000000000e+00 0.000000000000000000e+00 0.000000000000000000e+00
-2.594950000000000045e+01 0.000000000000000000e+00 0.000000000000000000e+00 0.000000000000000000e+00
-2.593590000000000018e+01 0.000000000000000000e+00 0.000000000000000000e+00 0.000000000000000000e+00
-2.592229999999999990e+01 0.000000000000000000e+00 0.000000000000000000e+00 0.000000000000000000e+00
-2.590869999999999962e+01 0.000000000000000000e+00 0.000000000000000000e+00 0.000000000000000000e+00
-2.589509999999999934e+01 0.000000000000000000e+00 0.000000000000000000e+00 0.000000000000000000e+00
-2.588149999999999906e+01 0.000000000000000000e+00 0.000000000000000000e+00 0.000000000000000000e+00
-2.586789999999999878e+01 0.000000000000000000e+00 0.000000000000000000e+00 0.000000000000000000e+00
-2.585429999999999851e+01 0.000000000000000000e+00 0.000000000000000000e+00 0.000000000000000000e+00
-2.584069999999999823e+01 0.000000000000000000e+00 0.000000000000000000e+00 0.000000000000000000e+00
-2.582709999999999795e+01 0.000000000000000000e+00 0.000000000000000000e+00 0.000000000000000000e+00
-2.581349999999999767e+01 0.000000000000000000e+00 0.000000000000000000e+00 0.000000000000000000e+00
-2.579999999999999716e+01 0.000000000000000000e+00 0.000000000000000000e+00 0.000000000000000000e+00
-2.578640000000000043e+01 0.000000000000000000e+00 0.000000000000000000e+00 0.000000000000000000e+00
-2.577280000000000015e+01 0.000000000000000000e+00 0.000000000000000000e+00 0.000000000000000000e+00
-2.575919999999999987e+01 0.000000000000000000e+00 0.000000000000000000e+00 0.000000000000000000e+00
-2.574559999999999960e+01 0.000000000000000000e+00 0.000000000000000000e+00 0.000000000000000000e+00
-2.573199999999999932e+01 0.000000000000000000e+00 0.000000000000000000e+00 0.000000000000000000e+00
-2.571839999999999904e+01 0.000000000000000000e+00 0.000000000000000000e+00 0.000000000000000000e+00
-2.570479999999999876e+01 0.000000000000000000e+00 0.000000000000000000e+00 0.000000000000000000e+00
-2.569119999999999848e+01 0.000000000000000000e+00 0.000000000000000000e+00 0.000000000000000000e+00
-2.567759999999999820e+01 0.000000000000000000e+00 0.000000000000000000e+00 0.000000000000000000e+00
-2.566399999999999793e+01 0.000000000000000000e+00 0.000000000000000000e+00 0.000000000000000000e+00
-2.565039999999999765e+01 0.000000000000000000e+00 0.000000000000000000e+00 0.000000000000000000e+00
-2.563689999999999714e+01 0.000000000000000000e+00 0.000000000000000000e+00 0.000000000000000000e+00
-2.562330000000000041e+01 0.000000000000000000e+00 0.000000000000000000e+00 0.000000000000000000e+00
-2.560970000000000013e+01 0.000000000000000000e+00 0.000000000000000000e+00 0.000000000000000000e+00
-2.559609999999999985e+01 0.000000000000000000e+00 0.000000000000000000e+00 0.000000000000000000e+00
-2.558249999999999957e+01 0.000000000000000000e+00 0.000000000000000000e+00 0.000000000000000000e+00
-2.556889999999999930e+01 0.000000000000000000e+00 0.000000000000000000e+00 0.000000000000000000e+00
-2.555529999999999902e+01 0.000000000000000000e+00 0.000000000000000000e+00 0.000000000000000000e+00
-2.554169999999999874e+01 0.000000000000000000e+00 0.000000000000000000e+00 0.000000000000000000e+00
-2.552809999999999846e+01 0.000000000000000000e+00 0.000000000000000000e+00 0.000000000000000000e+00
-2.551449999999999818e+01 0.000000000000000000e+00 0.000000000000000000e+00 0.000000000000000000e+00
-2.550089999999999790e+01 0.000000000000000000e+00 0.000000000000000000e+00 0.000000000000000000e+00
-2.548729999999999762e+01 0.000000000000000000e+00 0.000000000000000000e+00 0.000000000000000000e+00
-2.547369999999999735e+01 0.000000000000000000e+00 0.000000000000000000e+00 0.000000000000000000e+00
-2.546020000000000039e+01 0.000000000000000000e+00 0.000000000000000000e+00 0.000000000000000000e+00
-2.544660000000000011e+01 0.000000000000000000e+00 0.000000000000000000e+00 0.000000000000000000e+00
-2.543299999999999983e+01 0.000000000000000000e+00 0.000000000000000000e+00 0.000000000000000000e+00
-2.541939999999999955e+01 0.000000000000000000e+00 0.000000000000000000e+00 0.000000000000000000e+00
-2.540579999999999927e+01 0.000000000000000000e+00 0.000000000000000000e+00 0.000000000000000000e+00
-2.539219999999999899e+01 0.000000000000000000e+00 0.000000000000000000e+00 0.000000000000000000e+00
-2.537859999999999872e+01 0.000000000000000000e+00 0.000000000000000000e+00 0.000000000000000000e+00
-2.536499999999999844e+01 0.000000000000000000e+00 0.000000000000000000e+00 0.000000000000000000e+00
-2.535139999999999816e+01 0.000000000000000000e+00 0.000000000000000000e+00 0.000000000000000000e+00
-2.533779999999999788e+01 0.000000000000000000e+00 0.000000000000000000e+00 0.000000000000000000e+00
-2.532419999999999760e+01 0.000000000000000000e+00 0.000000000000000000e+00 0.000000000000000000e+00
-2.531059999999999732e+01 0.000000000000000000e+00 0.000000000000000000e+00 0.000000000000000000e+00
-2.529710000000000036e+01 0.000000000000000000e+00 0.000000000000000000e+00 0.000000000000000000e+00
-2.528350000000000009e+01 0.000000000000000000e+00 0.000000000000000000e+00 0.000000000000000000e+00
-2.526989999999999981e+01 0.000000000000000000e+00 0.000000000000000000e+00 0.000000000000000000e+00
-2.525629999999999953e+01 0.000000000000000000e+00 0.000000000000000000e+00 0.000000000000000000e+00
-2.524269999999999925e+01 0.000000000000000000e+00 0.000000000000000000e+00 0.000000000000000000e+00
-2.522909999999999897e+01 0.000000000000000000e+00 0.000000000000000000e+00 0.000000000000000000e+00
-2.521549999999999869e+01 0.000000000000000000e+00 0.000000000000000000e+00 0.000000000000000000e+00
-2.520189999999999841e+01 0.000000000000000000e+00 0.000000000000000000e+00 0.000000000000000000e+00
-2.518829999999999814e+01 0.000000000000000000e+00 0.000000000000000000e+00 0.000000000000000000e+00
-2.517469999999999786e+01 0.000000000000000000e+00 0.000000000000000000e+00 0.000000000000000000e+00
-2.516109999999999758e+01 0.000000000000000000e+00 0.000000000000000000e+00 0.000000000000000000e+00
-2.514749999999999730e+01 0.000000000000000000e+00 0.000000000000000000e+00 0.000000000000000000e+00
-2.513389999999999702e+01 0.000000000000000000e+00 0.000000000000000000e+00 0.000000000000000000e+00
-2.512040000000000006e+01 0.000000000000000000e+00 0.000000000000000000e+00 0.000000000000000000e+00
-2.510679999999999978e+01 0.000000000000000000e+00 0.000000000000000000e+00 0.000000000000000000e+00
-2.509319999999999951e+01 0.000000000000000000e+00 0.000000000000000000e+00 0.000000000000000000e+00
-2.507959999999999923e+01 0.000000000000000000e+00 0.000000000000000000e+00 0.000000000000000000e+00
-2.506599999999999895e+01 0.000000000000000000e+00 0.000000000000000000e+00 0.000000000000000000e+00
-2.505239999999999867e+01 0.000000000000000000e+00 0.000000000000000000e+00 0.000000000000000000e+00
-2.503879999999999839e+01 0.000000000000000000e+00 0.000000000000000000e+00 0.000000000000000000e+00
-2.502519999999999811e+01 0.000000000000000000e+00 0.000000000000000000e+00 0.000000000000000000e+00
-2.501159999999999783e+01 0.000000000000000000e+00 0.000000000000000000e+00 0.000000000000000000e+00
-2.499799999999999756e+01 0.000000000000000000e+00 0.000000000000000000e+00 0.000000000000000000e+00
-2.498439999999999728e+01 0.000000000000000000e+00 0.000000000000000000e+00 0.000000000000000000e+00
-2.497079999999999700e+01 0.000000000000000000e+00 0.000000000000000000e+00 0.000000000000000000e+00
-2.495730000000000004e+01 0.000000000000000000e+00 0.000000000000000000e+00 0.000000000000000000e+00
-2.494369999999999976e+01 0.000000000000000000e+00 0.000000000000000000e+00 0.000000000000000000e+00
-2.493009999999999948e+01 0.000000000000000000e+00 0.000000000000000000e+00 0.000000000000000000e+00
-2.491649999999999920e+01 0.000000000000000000e+00 0.000000000000000000e+00 0.000000000000000000e+00
-2.490289999999999893e+01 0.000000000000000000e+00 0.000000000000000000e+00 0.000000000000000000e+00
-2.488929999999999865e+01 0.000000000000000000e+00 0.000000000000000000e+00 0.000000000000000000e+00
-2.487569999999999837e+01 0.000000000000000000e+00 0.000000000000000000e+00 0.000000000000000000e+00
-2.486209999999999809e+01 0.000000000000000000e+00 0.000000000000000000e+00 0.000000000000000000e+00
-2.484849999999999781e+01 0.000000000000000000e+00 0.000000000000000000e+00 0.000000000000000000e+00
-2.483489999999999753e+01 0.000000000000000000e+00 0.000000000000000000e+00 0.000000000000000000e+00
-2.482129999999999725e+01 0.000000000000000000e+00 0.000000000000000000e+00 0.000000000000000000e+00
-2.480769999999999698e+01 0.000000000000000000e+00 0.000000000000000000e+00 0.000000000000000000e+00
-2.479410000000000025e+01 0.000000000000000000e+00 0.000000000000000000e+00 0.000000000000000000e+00
-2.478059999999999974e+01 0.000000000000000000e+00 0.000000000000000000e+00 0.000000000000000000e+00
-2.476699999999999946e+01 0.000000000000000000e+00 0.000000000000000000e+00 0.000000000000000000e+00
-2.475339999999999918e+01 0.000000000000000000e+00 0.000000000000000000e+00 0.000000000000000000e+00
-2.473979999999999890e+01 0.000000000000000000e+00 0.000000000000000000e+00 0.000000000000000000e+00
-2.472619999999999862e+01 0.000000000000000000e+00 0.000000000000000000e+00 0.000000000000000000e+00
-2.471259999999999835e+01 0.000000000000000000e+00 0.000000000000000000e+00 0.000000000000000000e+00
-2.469899999999999807e+01 0.000000000000000000e+00 0.000000000000000000e+00 0.000000000000000000e+00
-2.468539999999999779e+01 0.000000000000000000e+00 0.000000000000000000e+00 0.000000000000000000e+00
-2.467179999999999751e+01 0.000000000000000000e+00 0.000000000000000000e+00 0.000000000000000000e+00
-2.465819999999999723e+01 0.000000000000000000e+00 0.000000000000000000e+00 0.000000000000000000e+00
-2.464460000000000051e+01 0.000000000000000000e+00 0.000000000000000000e+00 0.000000000000000000e+00
-2.463100000000000023e+01 0.000000000000000000e+00 0.000000000000000000e+00 0.000000000000000000e+00
-2.461749999999999972e+01 0.000000000000000000e+00 0.000000000000000000e+00 0.000000000000000000e+00
-2.460389999999999944e+01 0.000000000000000000e+00 0.000000000000000000e+00 0.000000000000000000e+00
-2.459029999999999916e+01 0.000000000000000000e+00 0.000000000000000000e+00 0.000000000000000000e+00
-2.457669999999999888e+01 0.000000000000000000e+00 0.000000000000000000e+00 0.000000000000000000e+00
-2.456309999999999860e+01 0.000000000000000000e+00 0.000000000000000000e+00 0.000000000000000000e+00
-2.454949999999999832e+01 0.000000000000000000e+00 0.000000000000000000e+00 0.000000000000000000e+00
-2.453589999999999804e+01 0.000000000000000000e+00 0.000000000000000000e+00 0.000000000000000000e+00
-2.452229999999999777e+01 0.000000000000000000e+00 0.000000000000000000e+00 0.000000000000000000e+00
-2.450869999999999749e+01 0.000000000000000000e+00 0.000000000000000000e+00 0.000000000000000000e+00
-2.449509999999999721e+01 0.000000000000000000e+00 0.000000000000000000e+00 0.000000000000000000e+00
-2.448150000000000048e+01 0.000000000000000000e+00 0.000000000000000000e+00 0.000000000000000000e+00
-2.446790000000000020e+01 0.000000000000000000e+00 0.000000000000000000e+00 0.000000000000000000e+00
-2.445429999999999993e+01 0.000000000000000000e+00 0.000000000000000000e+00 0.000000000000000000e+00
-2.444079999999999941e+01 0.000000000000000000e+00 0.000000000000000000e+00 0.000000000000000000e+00
-2.442719999999999914e+01 0.000000000000000000e+00 0.000000000000000000e+00 0.000000000000000000e+00
-2.441359999999999886e+01 0.000000000000000000e+00 0.000000000000000000e+00 0.000000000000000000e+00
-2.439999999999999858e+01 0.000000000000000000e+00 0.000000000000000000e+00 0.000000000000000000e+00
-2.438639999999999830e+01 0.000000000000000000e+00 0.000000000000000000e+00 0.000000000000000000e+00
-2.437279999999999802e+01 0.000000000000000000e+00 0.000000000000000000e+00 0.000000000000000000e+00
-2.435919999999999774e+01 0.000000000000000000e+00 0.000000000000000000e+00 0.000000000000000000e+00
-2.434559999999999746e+01 0.000000000000000000e+00 0.000000000000000000e+00 0.000000000000000000e+00
-2.433199999999999719e+01 0.000000000000000000e+00 0.000000000000000000e+00 0.000000000000000000e+00
-2.431840000000000046e+01 0.000000000000000000e+00 0.000000000000000000e+00 0.000000000000000000e+00
-2.430480000000000018e+01 0.000000000000000000e+00 0.000000000000000000e+00 0.000000000000000000e+00
-2.429119999999999990e+01 0.000000000000000000e+00 0.000000000000000000e+00 0.000000000000000000e+00
-2.427769999999999939e+01 0.000000000000000000e+00 0.000000000000000000e+00 0.000000000000000000e+00
-2.426409999999999911e+01 0.000000000000000000e+00 0.000000000000000000e+00 0.000000000000000000e+00
-2.425049999999999883e+01 0.000000000000000000e+00 0.000000000000000000e+00 0.000000000000000000e+00
-2.423689999999999856e+01 0.000000000000000000e+00 0.000000000000000000e+00 0.000000000000000000e+00
-2.422329999999999828e+01 0.000000000000000000e+00 0.000000000000000000e+00 0.000000000000000000e+00
-2.420969999999999800e+01 0.000000000000000000e+00 0.000000000000000000e+00 0.000000000000000000e+00
-2.419609999999999772e+01 0.000000000000000000e+00 0.000000000000000000e+00 0.000000000000000000e+00
-2.418249999999999744e+01 0.000000000000000000e+00 0.000000000000000000e+00 0.000000000000000000e+00
-2.416889999999999716e+01 0.000000000000000000e+00 0.000000000000000000e+00 0.000000000000000000e+00
-2.415530000000000044e+01 0.000000000000000000e+00 0.000000000000000000e+00 0.000000000000000000e+00
-2.414170000000000016e+01 0.000000000000000000e+00 0.000000000000000000e+00 0.000000000000000000e+00
-2.412809999999999988e+01 0.000000000000000000e+00 0.000000000000000000e+00 0.000000000000000000e+00
-2.411449999999999960e+01 0.000000000000000000e+00 0.000000000000000000e+00 0.000000000000000000e+00
-2.410099999999999909e+01 0.000000000000000000e+00 0.000000000000000000e+00 0.000000000000000000e+00
-2.408739999999999881e+01 0.000000000000000000e+00 0.000000000000000000e+00 0.000000000000000000e+00
-2.407379999999999853e+01 0.000000000000000000e+00 0.000000000000000000e+00 0.000000000000000000e+00
-2.406019999999999825e+01 0.000000000000000000e+00 0.000000000000000000e+00 0.000000000000000000e+00
-2.404659999999999798e+01 0.000000000000000000e+00 0.000000000000000000e+00 0.000000000000000000e+00
-2.403299999999999770e+01 0.000000000000000000e+00 0.000000000000000000e+00 0.000000000000000000e+00
-2.401939999999999742e+01 0.000000000000000000e+00 0.000000000000000000e+00 0.000000000000000000e+00
-2.400579999999999714e+01 0.000000000000000000e+00 0.000000000000000000e+00 0.000000000000000000e+00
-2.399220000000000041e+01 0.000000000000000000e+00 0.000000000000000000e+00 0.000000000000000000e+00
-2.397860000000000014e+01 0.000000000000000000e+00 0.000000000000000000e+00 0.000000000000000000e+00
-2.396499999999999986e+01 0.000000000000000000e+00 0.000000000000000000e+00 0.000000000000000000e+00
-2.395139999999999958e+01 0.000000000000000000e+00 0.000000000000000000e+00 0.000000000000000000e+00
-2.393789999999999907e+01 0.000000000000000000e+00 0.000000000000000000e+00 0.000000000000000000e+00
-2.392429999999999879e+01 0.000000000000000000e+00 0.000000000000000000e+00 0.000000000000000000e+00
-2.391069999999999851e+01 0.000000000000000000e+00 0.000000000000000000e+00 0.000000000000000000e+00
-2.389709999999999823e+01 0.000000000000000000e+00 0.000000000000000000e+00 0.000000000000000000e+00
-2.388349999999999795e+01 0.000000000000000000e+00 0.000000000000000000e+00 0.000000000000000000e+00
-2.386989999999999768e+01 0.000000000000000000e+00 0.000000000000000000e+00 0.000000000000000000e+00
-2.385629999999999740e+01 0.000000000000000000e+00 0.000000000000000000e+00 0.000000000000000000e+00
-2.384269999999999712e+01 0.000000000000000000e+00 0.000000000000000000e+00 0.000000000000000000e+00
-2.382910000000000039e+01 0.000000000000000000e+00 0.000000000000000000e+00 0.000000000000000000e+00
-2.381550000000000011e+01 0.000000000000000000e+00 0.000000000000000000e+00 0.000000000000000000e+00
-2.380189999999999984e+01 0.000000000000000000e+00 0.000000000000000000e+00 0.000000000000000000e+00
-2.378829999999999956e+01 0.000000000000000000e+00 0.000000000000000000e+00 0.000000000000000000e+00
-2.377469999999999928e+01 0.000000000000000000e+00 0.000000000000000000e+00 0.000000000000000000e+00
-2.376119999999999877e+01 0.000000000000000000e+00 0.000000000000000000e+00 0.000000000000000000e+00
-2.374759999999999849e+01 0.000000000000000000e+00 0.000000000000000000e+00 0.000000000000000000e+00
-2.373399999999999821e+01 0.000000000000000000e+00 0.000000000000000000e+00 0.000000000000000000e+00
-2.372039999999999793e+01 0.000000000000000000e+00 0.000000000000000000e+00 0.000000000000000000e+00
-2.370679999999999765e+01 0.000000000000000000e+00 0.000000000000000000e+00 0.000000000000000000e+00
-2.369319999999999737e+01 0.000000000000000000e+00 0.000000000000000000e+00 0.000000000000000000e+00
-2.367959999999999710e+01 0.000000000000000000e+00 0.000000000000000000e+00 0.000000000000000000e+00
-2.366600000000000037e+01 0.000000000000000000e+00 0.000000000000000000e+00 0.000000000000000000e+00
-2.365240000000000009e+01 0.000000000000000000e+00 0.000000000000000000e+00 0.000000000000000000e+00
-2.363879999999999981e+01 0.000000000000000000e+00 0.000000000000000000e+00 0.000000000000000000e+00
-2.362519999999999953e+01 0.000000000000000000e+00 0.000000000000000000e+00 0.000000000000000000e+00
-2.361159999999999926e+01 0.000000000000000000e+00 0.000000000000000000e+00 0.000000000000000000e+00
-2.359809999999999874e+01 0.000000000000000000e+00 0.000000000000000000e+00 0.000000000000000000e+00
-2.358449999999999847e+01 0.000000000000000000e+00 0.000000000000000000e+00 0.000000000000000000e+00
-2.357089999999999819e+01 0.000000000000000000e+00 0.000000000000000000e+00 0.000000000000000000e+00
-2.355729999999999791e+01 0.000000000000000000e+00 0.000000000000000000e+00 0.000000000000000000e+00
-2.354369999999999763e+01 0.000000000000000000e+00 0.000000000000000000e+00 0.000000000000000000e+00
-2.353009999999999735e+01 0.000000000000000000e+00 0.000000000000000000e+00 0.000000000000000000e+00
-2.351649999999999707e+01 0.000000000000000000e+00 0.000000000000000000e+00 0.000000000000000000e+00
-2.350290000000000035e+01 0.000000000000000000e+00 0.000000000000000000e+00 0.000000000000000000e+00
-2.348930000000000007e+01 0.000000000000000000e+00 0.000000000000000000e+00 0.000000000000000000e+00
-2.347569999999999979e+01 0.000000000000000000e+00 0.000000000000000000e+00 0.000000000000000000e+00
-2.346209999999999951e+01 0.000000000000000000e+00 0.000000000000000000e+00 0.000000000000000000e+00
-2.344849999999999923e+01 0.000000000000000000e+00 0.000000000000000000e+00 0.000000000000000000e+00
-2.343489999999999895e+01 0.000000000000000000e+00 0.000000000000000000e+00 0.000000000000000000e+00
-2.342139999999999844e+01 0.000000000000000000e+00 0.000000000000000000e+00 0.000000000000000000e+00
-2.340779999999999816e+01 0.000000000000000000e+00 0.000000000000000000e+00 0.000000000000000000e+00
-2.339419999999999789e+01 0.000000000000000000e+00 0.000000000000000000e+00 0.000000000000000000e+00
-2.338059999999999761e+01 0.000000000000000000e+00 0.000000000000000000e+00 0.000000000000000000e+00
-2.336699999999999733e+01 0.000000000000000000e+00 0.000000000000000000e+00 0.000000000000000000e+00
-2.335339999999999705e+01 0.000000000000000000e+00 0.000000000000000000e+00 0.000000000000000000e+00
-2.333980000000000032e+01 0.000000000000000000e+00 0.000000000000000000e+00 0.000000000000000000e+00
-2.332620000000000005e+01 0.000000000000000000e+00 0.000000000000000000e+00 0.000000000000000000e+00
-2.331259999999999977e+01 0.000000000000000000e+00 0.000000000000000000e+00 0.000000000000000000e+00
-2.329899999999999949e+01 0.000000000000000000e+00 0.000000000000000000e+00 0.000000000000000000e+00
-2.328539999999999921e+01 0.000000000000000000e+00 0.000000000000000000e+00 0.000000000000000000e+00
-2.327179999999999893e+01 0.000000000000000000e+00 0.000000000000000000e+00 0.000000000000000000e+00
-2.325829999999999842e+01 0.000000000000000000e+00 0.000000000000000000e+00 0.000000000000000000e+00
-2.324469999999999814e+01 0.000000000000000000e+00 0.000000000000000000e+00 0.000000000000000000e+00
-2.323109999999999786e+01 0.000000000000000000e+00 0.000000000000000000e+00 0.000000000000000000e+00
-2.321749999999999758e+01 0.000000000000000000e+00 0.000000000000000000e+00 0.000000000000000000e+00
-2.320389999999999731e+01 0.000000000000000000e+00 0.000000000000000000e+00 0.000000000000000000e+00
-2.319029999999999703e+01 0.000000000000000000e+00 0.000000000000000000e+00 0.000000000000000000e+00
-2.317670000000000030e+01 0.000000000000000000e+00 0.000000000000000000e+00 0.000000000000000000e+00
-2.316310000000000002e+01 0.000000000000000000e+00 0.000000000000000000e+00 0.000000000000000000e+00
-2.314949999999999974e+01 0.000000000000000000e+00 0.000000000000000000e+00 0.000000000000000000e+00
-2.313589999999999947e+01 0.000000000000000000e+00 0.000000000000000000e+00 0.000000000000000000e+00
-2.312229999999999919e+01 0.000000000000000000e+00 0.000000000000000000e+00 0.000000000000000000e+00
-2.310869999999999891e+01 0.000000000000000000e+00 0.000000000000000000e+00 0.000000000000000000e+00
-2.309509999999999863e+01 0.000000000000000000e+00 0.000000000000000000e+00 0.000000000000000000e+00
-2.308159999999999812e+01 0.000000000000000000e+00 0.000000000000000000e+00 0.000000000000000000e+00
-2.306799999999999784e+01 0.000000000000000000e+00 0.000000000000000000e+00 0.000000000000000000e+00
-2.305439999999999756e+01 0.000000000000000000e+00 0.000000000000000000e+00 0.000000000000000000e+00
-2.304079999999999728e+01 0.000000000000000000e+00 0.000000000000000000e+00 0.000000000000000000e+00
-2.302719999999999700e+01 0.000000000000000000e+00 0.000000000000000000e+00 0.000000000000000000e+00
-2.301360000000000028e+01 0.000000000000000000e+00 0.000000000000000000e+00 0.000000000000000000e+00
-2.300000000000000000e+01 0.000000000000000000e+00 0.000000000000000000e+00 0.000000000000000000e+00
-2.298639999999999972e+01 0.000000000000000000e+00 0.000000000000000000e+00 0.000000000000000000e+00
-2.297279999999999944e+01 0.000000000000000000e+00 0.000000000000000000e+00 0.000000000000000000e+00
-2.295919999999999916e+01 0.000000000000000000e+00 0.000000000000000000e+00 0.000000000000000000e+00
-2.294559999999999889e+01 0.000000000000000000e+00 0.000000000000000000e+00 0.000000000000000000e+00
-2.293199999999999861e+01 0.000000000000000000e+00 0.000000000000000000e+00 0.000000000000000000e+00
-2.291849999999999810e+01 0.000000000000000000e+00 0.000000000000000000e+00 0.000000000000000000e+00
-2.290489999999999782e+01 0.000000000000000000e+00 0.000000000000000000e+00 0.000000000000000000e+00
-2.289129999999999754e+01 0.000000000000000000e+00 0.000000000000000000e+00 0.000000000000000000e+00
-2.287769999999999726e+01 0.000000000000000000e+00 0.000000000000000000e+00 0.000000000000000000e+00
-2.286409999999999698e+01 0.000000000000000000e+00 0.000000000000000000e+00 0.000000000000000000e+00
-2.285050000000000026e+01 0.000000000000000000e+00 0.000000000000000000e+00 0.000000000000000000e+00
-2.283689999999999998e+01 0.000000000000000000e+00 0.000000000000000000e+00 0.000000000000000000e+00
-2.282329999999999970e+01 0.000000000000000000e+00 0.000000000000000000e+00 0.000000000000000000e+00
-2.280969999999999942e+01 0.000000000000000000e+00 0.000000000000000000e+00 0.000000000000000000e+00
-2.279609999999999914e+01 0.000000000000000000e+00 0.000000000000000000e+00 0.000000000000000000e+00
-2.278249999999999886e+01 0.000000000000000000e+00 0.000000000000000000e+00 0.000000000000000000e+00
-2.276889999999999858e+01 0.000000000000000000e+00 0.000000000000000000e+00 0.000000000000000000e+00
-2.275529999999999831e+01 0.000000000000000000e+00 0.000000000000000000e+00 0.000000000000000000e+00
-2.274179999999999779e+01 0.000000000000000000e+00 0.000000000000000000e+00 0.000000000000000000e+00
-2.272819999999999752e+01 0.000000000000000000e+00 0.000000000000000000e+00 0.000000000000000000e+00
-2.271459999999999724e+01 0.000000000000000000e+00 0.000000000000000000e+00 0.000000000000000000e+00
-2.270100000000000051e+01 0.000000000000000000e+00 0.000000000000000000e+00 0.000000000000000000e+00
-2.268740000000000023e+01 0.000000000000000000e+00 0.000000000000000000e+00 0.000000000000000000e+00
-2.267379999999999995e+01 0.000000000000000000e+00 0.000000000000000000e+00 0.000000000000000000e+00
-2.266019999999999968e+01 0.000000000000000000e+00 0.000000000000000000e+00 0.000000000000000000e+00
-2.264659999999999940e+01 0.000000000000000000e+00 0.000000000000000000e+00 0.000000000000000000e+00
-2.263299999999999912e+01 0.000000000000000000e+00 0.000000000000000000e+00 0.000000000000000000e+00
-2.261939999999999884e+01 0.000000000000000000e+00 0.000000000000000000e+00 0.000000000000000000e+00
-2.260579999999999856e+01 0.000000000000000000e+00 0.000000000000000000e+00 0.000000000000000000e+00
-2.259219999999999828e+01 0.000000000000000000e+00 0.000000000000000000e+00 0.000000000000000000e+00
-2.257869999999999777e+01 0.000000000000000000e+00 0.000000000000000000e+00 0.000000000000000000e+00
-2.256509999999999749e+01 0.000000000000000000e+00 0.000000000000000000e+00 0.000000000000000000e+00
-2.255149999999999721e+01 0.000000000000000000e+00 0.000000000000000000e+00 0.000000000000000000e+00
-2.253790000000000049e+01 0.000000000000000000e+00 0.000000000000000000e+00 0.000000000000000000e+00
-2.252430000000000021e+01 0.000000000000000000e+00 0.000000000000000000e+00 0.000000000000000000e+00
-2.251069999999999993e+01 0.000000000000000000e+00 0.000000000000000000e+00 0.000000000000000000e+00
-2.249709999999999965e+01 0.000000000000000000e+00 0.000000000000000000e+00 0.000000000000000000e+00
-2.248349999999999937e+01 0.000000000000000000e+00 0.000000000000000000e+00 0.000000000000000000e+00
-2.246989999999999910e+01 0.000000000000000000e+00 0.000000000000000000e+00 0.000000000000000000e+00
-2.245629999999999882e+01 0.000000000000000000e+00 0.000000000000000000e+00 0.000000000000000000e+00
-2.244269999999999854e+01 0.000000000000000000e+00 0.000000000000000000e+00 0.000000000000000000e+00
-2.242909999999999826e+01 0.000000000000000000e+00 0.000000000000000000e+00 0.000000000000000000e+00
-2.241549999999999798e+01 0.000000000000000000e+00 0.000000000000000000e+00 0.000000000000000000e+00
-2.240199999999999747e+01 0.000000000000000000e+00 0.000000000000000000e+00 0.000000000000000000e+00
-2.238839999999999719e+01 0.000000000000000000e+00 0.000000000000000000e+00 0.000000000000000000e+00
-2.237480000000000047e+01 0.000000000000000000e+00 0.000000000000000000e+00 0.000000000000000000e+00
-2.236120000000000019e+01 0.000000000000000000e+00 0.000000000000000000e+00 0.000000000000000000e+00
-2.234759999999999991e+01 0.000000000000000000e+00 0.000000000000000000e+00 0.000000000000000000e+00
-2.233399999999999963e+01 0.000000000000000000e+00 0.000000000000000000e+00 0.000000000000000000e+00
-2.232039999999999935e+01 0.000000000000000000e+00 0.000000000000000000e+00 0.000000000000000000e+00
-2.230679999999999907e+01 0.000000000000000000e+00 0.000000000000000000e+00 0.000000000000000000e+00
-2.229319999999999879e+01 0.000000000000000000e+00 0.000000000000000000e+00 0.000000000000000000e+00
-2.227959999999999852e+01 0.000000000000000000e+00 0.000000000000000000e+00 0.000000000000000000e+00
-2.226599999999999824e+01 0.000000000000000000e+00 0.000000000000000000e+00 0.000000000000000000e+00
-2.225239999999999796e+01 0.000000000000000000e+00 0.000000000000000000e+00 0.000000000000000000e+00
-2.223889999999999745e+01 0.000000000000000000e+00 0.000000000000000000e+00 0.000000000000000000e+00
-2.222529999999999717e+01 0.000000000000000000e+00 0.000000000000000000e+00 0.000000000000000000e+00
-2.221170000000000044e+01 0.000000000000000000e+00 0.000000000000000000e+00 0.000000000000000000e+00
-2.219810000000000016e+01 0.000000000000000000e+00 0.000000000000000000e+00 0.000000000000000000e+00
-2.218449999999999989e+01 0.000000000000000000e+00 0.000000000000000000e+00 0.000000000000000000e+00
-2.217089999999999961e+01 0.000000000000000000e+00 0.000000000000000000e+00 0.000000000000000000e+00
-2.215729999999999933e+01 0.000000000000000000e+00 0.000000000000000000e+00 0.000000000000000000e+00
-2.214369999999999905e+01 0.000000000000000000e+00 0.000000000000000000e+00 0.000000000000000000e+00
-2.213009999999999877e+01 0.000000000000000000e+00 0.000000000000000000e+00 0.000000000000000000e+00
-2.211649999999999849e+01 0.000000000000000000e+00 0.000000000000000000e+00 0.000000000000000000e+00
-2.210289999999999822e+01 0.000000000000000000e+00 0.000000000000000000e+00 0.000000000000000000e+00
-2.208929999999999794e+01 0.000000000000000000e+00 0.000000000000000000e+00 0.000000000000000000e+00
-2.207569999999999766e+01 0.000000000000000000e+00 0.000000000000000000e+00 0.000000000000000000e+00
-2.206219999999999715e+01 0.000000000000000000e+00 0.000000000000000000e+00 0.000000000000000000e+00
-2.204860000000000042e+01 0.000000000000000000e+00 0.000000000000000000e+00 0.000000000000000000e+00
-2.203500000000000014e+01 0.000000000000000000e+00 0.000000000000000000e+00 0.000000000000000000e+00
-2.202139999999999986e+01 0.000000000000000000e+00 0.000000000000000000e+00 0.000000000000000000e+00
-2.200779999999999959e+01 0.000000000000000000e+00 0.000000000000000000e+00 0.000000000000000000e+00
-2.199419999999999931e+01 0.000000000000000000e+00 0.000000000000000000e+00 0.000000000000000000e+00
-2.198059999999999903e+01 0.000000000000000000e+00 0.000000000000000000e+00 0.000000000000000000e+00
-2.196699999999999875e+01 0.000000000000000000e+00 0.000000000000000000e+00 0.000000000000000000e+00
-2.195339999999999847e+01 0.000000000000000000e+00 0.000000000000000000e+00 0.000000000000000000e+00
-2.193979999999999819e+01 0.000000000000000000e+00 0.000000000000000000e+00 0.000000000000000000e+00
-2.192619999999999791e+01 0.000000000000000000e+00 0.000000000000000000e+00 0.000000000000000000e+00
-2.191259999999999764e+01 0.000000000000000000e+00 0.000000000000000000e+00 0.000000000000000000e+00
-2.189909999999999712e+01 0.000000000000000000e+00 0.000000000000000000e+00 0.000000000000000000e+00
-2.188550000000000040e+01 0.000000000000000000e+00 0.000000000000000000e+00 0.000000000000000000e+00
-2.187190000000000012e+01 0.000000000000000000e+00 0.000000000000000000e+00 0.000000000000000000e+00
-2.185829999999999984e+01 0.000000000000000000e+00 0.000000000000000000e+00 0.000000000000000000e+00
-2.184469999999999956e+01 0.000000000000000000e+00 0.000000000000000000e+00 0.000000000000000000e+00
-2.183109999999999928e+01 0.000000000000000000e+00 0.000000000000000000e+00 0.000000000000000000e+00
-2.181749999999999901e+01 0.000000000000000000e+00 0.000000000000000000e+00 0.000000000000000000e+00
-2.180389999999999873e+01 0.000000000000000000e+00 0.000000000000000000e+00 0.000000000000000000e+00
-2.179029999999999845e+01 0.000000000000000000e+00 0.000000000000000000e+00 0.000000000000000000e+00
-2.177669999999999817e+01 0.000000000000000000e+00 0.000000000000000000e+00 0.000000000000000000e+00
-2.176309999999999789e+01 0.000000000000000000e+00 0.000000000000000000e+00 0.000000000000000000e+00
-2.174949999999999761e+01 0.000000000000000000e+00 0.000000000000000000e+00 0.000000000000000000e+00
-2.173589999999999733e+01 0.000000000000000000e+00 0.000000000000000000e+00 0.000000000000000000e+00
-2.172240000000000038e+01 0.000000000000000000e+00 0.000000000000000000e+00 0.000000000000000000e+00
-2.170880000000000010e+01 0.000000000000000000e+00 0.000000000000000000e+00 0.000000000000000000e+00
-2.169519999999999982e+01 0.000000000000000000e+00 0.000000000000000000e+00 0.000000000000000000e+00
-2.168159999999999954e+01 0.000000000000000000e+00 0.000000000000000000e+00 0.000000000000000000e+00
-2.166799999999999926e+01 0.000000000000000000e+00 0.000000000000000000e+00 0.000000000000000000e+00
-2.165439999999999898e+01 0.000000000000000000e+00 0.000000000000000000e+00 0.000000000000000000e+00
-2.164079999999999870e+01 0.000000000000000000e+00 0.000000000000000000e+00 0.000000000000000000e+00
-2.162719999999999843e+01 0.000000000000000000e+00 0.000000000000000000e+00 0.000000000000000000e+00
-2.161359999999999815e+01 0.000000000000000000e+00 0.000000000000000000e+00 0.000000000000000000e+00
-2.159999999999999787e+01 0.000000000000000000e+00 0.000000000000000000e+00 0.000000000000000000e+00
-2.158639999999999759e+01 0.000000000000000000e+00 0.000000000000000000e+00 0.000000000000000000e+00
-2.157279999999999731e+01 0.000000000000000000e+00 0.000000000000000000e+00 0.000000000000000000e+00
-2.155930000000000035e+01 0.000000000000000000e+00 0.000000000000000000e+00 0.000000000000000000e+00
-2.154570000000000007e+01 0.000000000000000000e+00 0.000000000000000000e+00 0.000000000000000000e+00
-2.153209999999999980e+01 0.000000000000000000e+00 0.000000000000000000e+00 0.000000000000000000e+00
-2.151849999999999952e+01 0.000000000000000000e+00 0.000000000000000000e+00 0.000000000000000000e+00
-2.150489999999999924e+01 0.000000000000000000e+00 0.000000000000000000e+00 0.000000000000000000e+00
-2.149129999999999896e+01 0.000000000000000000e+00 0.000000000000000000e+00 0.000000000000000000e+00
-2.147769999999999868e+01 0.000000000000000000e+00 0.000000000000000000e+00 0.000000000000000000e+00
-2.146409999999999840e+01 0.000000000000000000e+00 0.000000000000000000e+00 0.000000000000000000e+00
-2.145049999999999812e+01 0.000000000000000000e+00 0.000000000000000000e+00 0.000000000000000000e+00
-2.143689999999999785e+01 0.000000000000000000e+00 0.000000000000000000e+00 0.000000000000000000e+00
-2.142329999999999757e+01 0.000000000000000000e+00 0.000000000000000000e+00 0.000000000000000000e+00
-2.140969999999999729e+01 0.000000000000000000e+00 0.000000000000000000e+00 0.000000000000000000e+00
-2.139609999999999701e+01 0.000000000000000000e+00 0.000000000000000000e+00 0.000000000000000000e+00
-2.138260000000000005e+01 0.000000000000000000e+00 0.000000000000000000e+00 0.000000000000000000e+00
-2.136899999999999977e+01 0.000000000000000000e+00 0.000000000000000000e+00 0.000000000000000000e+00
-2.135539999999999949e+01 0.000000000000000000e+00 0.000000000000000000e+00 0.000000000000000000e+00
-2.134179999999999922e+01 0.000000000000000000e+00 0.000000000000000000e+00 0.000000000000000000e+00
-2.132819999999999894e+01 0.000000000000000000e+00 0.000000000000000000e+00 0.000000000000000000e+00
-2.131459999999999866e+01 0.000000000000000000e+00 0.000000000000000000e+00 0.000000000000000000e+00
-2.130099999999999838e+01 0.000000000000000000e+00 0.000000000000000000e+00 0.000000000000000000e+00
-2.128739999999999810e+01 0.000000000000000000e+00 0.000000000000000000e+00 0.000000000000000000e+00
-2.127379999999999782e+01 0.000000000000000000e+00 0.000000000000000000e+00 0.000000000000000000e+00
-2.126019999999999754e+01 0.000000000000000000e+00 0.000000000000000000e+00 0.000000000000000000e+00
-2.124659999999999727e+01 0.000000000000000000e+00 0.000000000000000000e+00 0.000000000000000000e+00
-2.123299999999999699e+01 0.000000000000000000e+00 0.000000000000000000e+00 0.000000000000000000e+00
-2.121950000000000003e+01 0.000000000000000000e+00 0.000000000000000000e+00 0.000000000000000000e+00
-2.120589999999999975e+01 0.000000000000000000e+00 0.000000000000000000e+00 0.000000000000000000e+00
-2.119229999999999947e+01 0.000000000000000000e+00 0.000000000000000000e+00 0.000000000000000000e+00
-2.117869999999999919e+01 0.000000000000000000e+00 0.000000000000000000e+00 0.000000000000000000e+00
-2.116509999999999891e+01 0.000000000000000000e+00 0.000000000000000000e+00 0.000000000000000000e+00
-2.115149999999999864e+01 0.000000000000000000e+00 0.000000000000000000e+00 0.000000000000000000e+00
-2.113789999999999836e+01 0.000000000000000000e+00 0.000000000000000000e+00 0.000000000000000000e+00
-2.112429999999999808e+01 0.000000000000000000e+00 0.000000000000000000e+00 0.000000000000000000e+00
-2.111069999999999780e+01 0.000000000000000000e+00 0.000000000000000000e+00 0.000000000000000000e+00
-2.109709999999999752e+01 0.000000000000000000e+00 0.000000000000000000e+00 0.000000000000000000e+00
-2.108349999999999724e+01 0.000000000000000000e+00 0.000000000000000000e+00 0.000000000000000000e+00
-2.106989999999999696e+01 0.000000000000000000e+00 0.000000000000000000e+00 0.000000000000000000e+00
-2.105630000000000024e+01 0.000000000000000000e+00 0.000000000000000000e+00 0.000000000000000000e+00
-2.104279999999999973e+01 0.000000000000000000e+00 0.000000000000000000e+00 0.000000000000000000e+00
-2.102919999999999945e+01 0.000000000000000000e+00 0.000000000000000000e+00 0.000000000000000000e+00
-2.101559999999999917e+01 0.000000000000000000e+00 0.000000000000000000e+00 0.000000000000000000e+00
-2.100199999999999889e+01 0.000000000000000000e+00 0.000000000000000000e+00 0.000000000000000000e+00
-2.098839999999999861e+01 0.000000000000000000e+00 0.000000000000000000e+00 0.000000000000000000e+00
-2.097479999999999833e+01 0.000000000000000000e+00 0.000000000000000000e+00 0.000000000000000000e+00
-2.096119999999999806e+01 0.000000000000000000e+00 0.000000000000000000e+00 0.000000000000000000e+00
-2.094759999999999778e+01 0.000000000000000000e+00 0.000000000000000000e+00 0.000000000000000000e+00
-2.093399999999999750e+01 0.000000000000000000e+00 0.000000000000000000e+00 0.000000000000000000e+00
-2.092039999999999722e+01 0.000000000000000000e+00 0.000000000000000000e+00 0.000000000000000000e+00
-2.090680000000000049e+01 0.000000000000000000e+00 0.000000000000000000e+00 0.000000000000000000e+00
-2.089320000000000022e+01 0.000000000000000000e+00 0.000000000000000000e+00 0.000000000000000000e+00
-2.087969999999999970e+01 0.000000000000000000e+00 0.000000000000000000e+00 0.000000000000000000e+00
-2.086609999999999943e+01 0.000000000000000000e+00 0.000000000000000000e+00 0.000000000000000000e+00
-2.085249999999999915e+01 0.000000000000000000e+00 0.000000000000000000e+00 0.000000000000000000e+00
-2.083889999999999887e+01 0.000000000000000000e+00 0.000000000000000000e+00 0.000000000000000000e+00
-2.082529999999999859e+01 0.000000000000000000e+00 0.000000000000000000e+00 0.000000000000000000e+00
-2.081169999999999831e+01 0.000000000000000000e+00 0.000000000000000000e+00 0.000000000000000000e+00
-2.079809999999999803e+01 0.000000000000000000e+00 0.000000000000000000e+00 0.000000000000000000e+00
-2.078449999999999775e+01 0.000000000000000000e+00 0.000000000000000000e+00 0.000000000000000000e+00
-2.077089999999999748e+01 0.000000000000000000e+00 0.000000000000000000e+00 0.000000000000000000e+00
-2.075729999999999720e+01 0.000000000000000000e+00 0.000000000000000000e+00 0.000000000000000000e+00
-2.074370000000000047e+01 0.000000000000000000e+00 0.000000000000000000e+00 0.000000000000000000e+00
-2.073010000000000019e+01 0.000000000000000000e+00 0.000000000000000000e+00 0.000000000000000000e+00
-2.071649999999999991e+01 0.000000000000000000e+00 0.000000000000000000e+00 0.000000000000000000e+00
-2.070299999999999940e+01 0.000000000000000000e+00 0.000000000000000000e+00 0.000000000000000000e+00
-2.068939999999999912e+01 0.000000000000000000e+00 0.000000000000000000e+00 0.000000000000000000e+00
-2.067579999999999885e+01 0.000000000000000000e+00 0.000000000000000000e+00 0.000000000000000000e+00
-2.066219999999999857e+01 0.000000000000000000e+00 0.000000000000000000e+00 0.000000000000000000e+00
-2.064859999999999829e+01 0.000000000000000000e+00 0.000000000000000000e+00 0.000000000000000000e+00
-2.063499999999999801e+01 0.000000000000000000e+00 0.000000000000000000e+00 0.000000000000000000e+00
-2.062139999999999773e+01 0.000000000000000000e+00 0.000000000000000000e+00 0.000000000000000000e+00
-2.060779999999999745e+01 0.000000000000000000e+00 0.000000000000000000e+00 0.000000000000000000e+00
-2.059419999999999717e+01 0.000000000000000000e+00 0.000000000000000000e+00 0.000000000000000000e+00
-2.058060000000000045e+01 0.000000000000000000e+00 0.000000000000000000e+00 0.000000000000000000e+00
-2.056700000000000017e+01 0.000000000000000000e+00 0.000000000000000000e+00 0.000000000000000000e+00
-2.055339999999999989e+01 0.000000000000000000e+00 0.000000000000000000e+00 0.000000000000000000e+00
-2.053989999999999938e+01 0.000000000000000000e+00 0.000000000000000000e+00 0.000000000000000000e+00
-2.052629999999999910e+01 0.000000000000000000e+00 0.000000000000000000e+00 0.000000000000000000e+00
-2.051269999999999882e+01 0.000000000000000000e+00 0.000000000000000000e+00 0.000000000000000000e+00
-2.049909999999999854e+01 0.000000000000000000e+00 0.000000000000000000e+00 0.000000000000000000e+00
-2.048549999999999827e+01 0.000000000000000000e+00 0.000000000000000000e+00 0.000000000000000000e+00
-2.047189999999999799e+01 0.000000000000000000e+00 0.000000000000000000e+00 0.000000000000000000e+00
-2.045829999999999771e+01 0.000000000000000000e+00 0.000000000000000000e+00 0.000000000000000000e+00
-2.044469999999999743e+01 0.000000000000000000e+00 0.000000000000000000e+00 0.000000000000000000e+00
-2.043109999999999715e+01 0.000000000000000000e+00 0.000000000000000000e+00 0.000000000000000000e+00
-2.041750000000000043e+01 0.000000000000000000e+00 0.000000000000000000e+00 0.000000000000000000e+00
-2.040390000000000015e+01 0.000000000000000000e+00 0.000000000000000000e+00 0.000000000000000000e+00
-2.039029999999999987e+01 0.000000000000000000e+00 0.000000000000000000e+00 0.000000000000000000e+00
-2.037669999999999959e+01 0.000000000000000000e+00 0.000000000000000000e+00 0.000000000000000000e+00
-2.036319999999999908e+01 0.000000000000000000e+00 0.000000000000000000e+00 0.000000000000000000e+00
-2.034959999999999880e+01 0.000000000000000000e+00 0.000000000000000000e+00 0.000000000000000000e+00
-2.033599999999999852e+01 0.000000000000000000e+00 0.000000000000000000e+00 0.000000000000000000e+00
-2.032239999999999824e+01 0.000000000000000000e+00 0.000000000000000000e+00 0.000000000000000000e+00
-2.030879999999999797e+01 0.000000000000000000e+00 0.000000000000000000e+00 0.000000000000000000e+00
-2.029519999999999769e+01 0.000000000000000000e+00 0.000000000000000000e+00 0.000000000000000000e+00
-2.028159999999999741e+01 0.000000000000000000e+00 0.000000000000000000e+00 0.000000000000000000e+00
-2.026799999999999713e+01 0.000000000000000000e+00 0.000000000000000000e+00 0.000000000000000000e+00
-2.025440000000000040e+01 0.000000000000000000e+00 0.000000000000000000e+00 0.000000000000000000e+00
-2.024080000000000013e+01 0.000000000000000000e+00 0.000000000000000000e+00 0.000000000000000000e+00
-2.022719999999999985e+01 0.000000000000000000e+00 0.000000000000000000e+00 0.000000000000000000e+00
-2.021359999999999957e+01 0.000000000000000000e+00 0.000000000000000000e+00 0.000000000000000000e+00
-2.020009999999999906e+01 0.000000000000000000e+00 0.000000000000000000e+00 0.000000000000000000e+00
-2.018649999999999878e+01 0.000000000000000000e+00 0.000000000000000000e+00 0.000000000000000000e+00
-2.017289999999999850e+01 0.000000000000000000e+00 0.000000000000000000e+00 0.000000000000000000e+00
-2.015929999999999822e+01 0.000000000000000000e+00 0.000000000000000000e+00 0.000000000000000000e+00
-2.014569999999999794e+01 0.000000000000000000e+00 0.000000000000000000e+00 0.000000000000000000e+00
-2.013209999999999766e+01 0.000000000000000000e+00 0.000000000000000000e+00 0.000000000000000000e+00
-2.011849999999999739e+01 0.000000000000000000e+00 0.000000000000000000e+00 0.000000000000000000e+00
-2.010489999999999711e+01 0.000000000000000000e+00 0.000000000000000000e+00 0.000000000000000000e+00
-2.009130000000000038e+01 0.000000000000000000e+00 0.000000000000000000e+00 0.000000000000000000e+00
-2.007770000000000010e+01 0.000000000000000000e+00 0.000000000000000000e+00 0.000000000000000000e+00
-2.006409999999999982e+01 0.000000000000000000e+00 0.000000000000000000e+00 0.000000000000000000e+00
-2.005049999999999955e+01 0.000000000000000000e+00 0.000000000000000000e+00 0.000000000000000000e+00
-2.003689999999999927e+01 0.000000000000000000e+00 0.000000000000000000e+00 0.000000000000000000e+00
-2.002339999999999876e+01 0.000000000000000000e+00 0.000000000000000000e+00 0.000000000000000000e+00
-2.000979999999999848e+01 0.000000000000000000e+00 0.000000000000000000e+00 0.000000000000000000e+00
-1.999619999999999820e+01 0.000000000000000000e+00 0.000000000000000000e+00 0.000000000000000000e+00
-1.998259999999999792e+01 0.000000000000000000e+00 0.000000000000000000e+00 0.000000000000000000e+00
-1.996899999999999764e+01 0.000000000000000000e+00 0.000000000000000000e+00 0.000000000000000000e+00
-1.995539999999999736e+01 0.000000000000000000e+00 0.000000000000000000e+00 0.000000000000000000e+00
-1.994179999999999708e+01 0.000000000000000000e+00 0.000000000000000000e+00 0.000000000000000000e+00
-1.992820000000000036e+01 0.000000000000000000e+00 0.000000000000000000e+00 0.000000000000000000e+00
-1.991460000000000008e+01 0.000000000000000000e+00 0.000000000000000000e+00 0.000000000000000000e+00
-1.990099999999999980e+01 0.000000000000000000e+00 0.000000000000000000e+00 0.000000000000000000e+00
-1.988739999999999952e+01 0.000000000000000000e+00 0.000000000000000000e+00 0.000000000000000000e+00
-1.987379999999999924e+01 0.000000000000000000e+00 0.000000000000000000e+00 0.000000000000000000e+00
-1.986029999999999873e+01 0.000000000000000000e+00 0.000000000000000000e+00 0.000000000000000000e+00
-1.984669999999999845e+01 0.000000000000000000e+00 0.000000000000000000e+00 0.000000000000000000e+00
-1.983309999999999818e+01 0.000000000000000000e+00 0.000000000000000000e+00 0.000000000000000000e+00
-1.981949999999999790e+01 0.000000000000000000e+00 0.000000000000000000e+00 0.000000000000000000e+00
-1.980589999999999762e+01 0.000000000000000000e+00 0.000000000000000000e+00 0.000000000000000000e+00
-1.979229999999999734e+01 0.000000000000000000e+00 0.000000000000000000e+00 0.000000000000000000e+00
-1.977869999999999706e+01 0.000000000000000000e+00 0.000000000000000000e+00 0.000000000000000000e+00
-1.976510000000000034e+01 0.000000000000000000e+00 0.000000000000000000e+00 0.000000000000000000e+00
-1.975150000000000006e+01 0.000000000000000000e+00 0.000000000000000000e+00 0.000000000000000000e+00
-1.973789999999999978e+01 0.000000000000000000e+00 0.000000000000000000e+00 0.000000000000000000e+00
-1.972429999999999950e+01 0.000000000000000000e+00 0.000000000000000000e+00 0.000000000000000000e+00
-1.971069999999999922e+01 0.000000000000000000e+00 0.000000000000000000e+00 0.000000000000000000e+00
-1.969709999999999894e+01 0.000000000000000000e+00 0.000000000000000000e+00 0.000000000000000000e+00
-1.968359999999999843e+01 0.000000000000000000e+00 0.000000000000000000e+00 0.000000000000000000e+00
-1.966999999999999815e+01 0.000000000000000000e+00 0.000000000000000000e+00 0.000000000000000000e+00
-1.965639999999999787e+01 0.000000000000000000e+00 0.000000000000000000e+00 0.000000000000000000e+00
-1.964279999999999760e+01 0.000000000000000000e+00 0.000000000000000000e+00 0.000000000000000000e+00
-1.962919999999999732e+01 0.000000000000000000e+00 0.000000000000000000e+00 0.000000000000000000e+00
-1.961559999999999704e+01 0.000000000000000000e+00 0.000000000000000000e+00 0.000000000000000000e+00
-1.960200000000000031e+01 0.000000000000000000e+00 0.000000000000000000e+00 0.000000000000000000e+00
-1.958840000000000003e+01 0.000000000000000000e+00 0.000000000000000000e+00 0.000000000000000000e+00
-1.957479999999999976e+01 0.000000000000000000e+00 0.000000000000000000e+00 0.000000000000000000e+00
-1.956119999999999948e+01 0.000000000000000000e+00 0.000000000000000000e+00 0.000000000000000000e+00
-1.954759999999999920e+01 0.000000000000000000e+00 0.000000000000000000e+00 0.000000000000000000e+00
-1.953399999999999892e+01 0.000000000000000000e+00 0.000000000000000000e+00 0.000000000000000000e+00
-1.952049999999999841e+01 0.000000000000000000e+00 0.000000000000000000e+00 0.000000000000000000e+00
-1.950689999999999813e+01 0.000000000000000000e+00 0.000000000000000000e+00 0.000000000000000000e+00
-1.949329999999999785e+01 0.000000000000000000e+00 0.000000000000000000e+00 0.000000000000000000e+00
-1.947969999999999757e+01 0.000000000000000000e+00 0.000000000000000000e+00 0.000000000000000000e+00
-1.946610000000000085e+01 0.000000000000000000e+00 0.000000000000000000e+00 0.000000000000000000e+00
-1.945250000000000057e+01 0.000000000000000000e+00 0.000000000000000000e+00 0.000000000000000000e+00
-1.943890000000000029e+01 0.000000000000000000e+00 0.000000000000000000e+00 0.000000000000000000e+00
-1.942530000000000001e+01 0.000000000000000000e+00 0.000000000000000000e+00 0.000000000000000000e+00
-1.941169999999999973e+01 0.000000000000000000e+00 0.000000000000000000e+00 0.000000000000000000e+00
-1.939809999999999945e+01 0.000000000000000000e+00 0.000000000000000000e+00 0.000000000000000000e+00
-1.938449999999999918e+01 0.000000000000000000e+00 0.000000000000000000e+00 0.000000000000000000e+00
-1.937089999999999890e+01 0.000000000000000000e+00 0.000000000000000000e+00 0.000000000000000000e+00
-1.935729999999999862e+01 0.000000000000000000e+00 0.000000000000000000e+00 0.000000000000000000e+00
-1.934379999999999811e+01 0.000000000000000000e+00 0.000000000000000000e+00 0.000000000000000000e+00
-1.933020000000000138e+01 0.000000000000000000e+00 0.000000000000000000e+00 0.000000000000000000e+00
-1.931660000000000110e+01 0.000000000000000000e+00 0.000000000000000000e+00 0.000000000000000000e+00
-1.930300000000000082e+01 0.000000000000000000e+00 0.000000000000000000e+00 0.000000000000000000e+00
-1.928940000000000055e+01 0.000000000000000000e+00 0.000000000000000000e+00 0.000000000000000000e+00
-1.927580000000000027e+01 0.000000000000000000e+00 0.000000000000000000e+00 0.000000000000000000e+00
-1.926219999999999999e+01 0.000000000000000000e+00 0.000000000000000000e+00 0.000000000000000000e+00
-1.924859999999999971e+01 0.000000000000000000e+00 0.000000000000000000e+00 0.000000000000000000e+00
-1.923499999999999943e+01 0.000000000000000000e+00 0.000000000000000000e+00 0.000000000000000000e+00
-1.922139999999999915e+01 0.000000000000000000e+00 0.000000000000000000e+00 0.000000000000000000e+00
-1.920779999999999887e+01 0.000000000000000000e+00 0.000000000000000000e+00 0.000000000000000000e+00
-1.919419999999999860e+01 0.000000000000000000e+00 0.000000000000000000e+00 0.000000000000000000e+00
-1.918069999999999808e+01 0.000000000000000000e+00 0.000000000000000000e+00 0.000000000000000000e+00
-1.916710000000000136e+01 0.000000000000000000e+00 0.000000000000000000e+00 0.000000000000000000e+00
-1.915350000000000108e+01 0.000000000000000000e+00 0.000000000000000000e+00 0.000000000000000000e+00
-1.913990000000000080e+01 0.000000000000000000e+00 0.000000000000000000e+00 0.000000000000000000e+00
-1.912630000000000052e+01 0.000000000000000000e+00 0.000000000000000000e+00 0.000000000000000000e+00
-1.911270000000000024e+01 0.000000000000000000e+00 0.000000000000000000e+00 0.000000000000000000e+00
-1.909909999999999997e+01 0.000000000000000000e+00 0.000000000000000000e+00 0.000000000000000000e+00
-1.908549999999999969e+01 0.000000000000000000e+00 0.000000000000000000e+00 0.000000000000000000e+00
-1.907189999999999941e+01 0.000000000000000000e+00 0.000000000000000000e+00 0.000000000000000000e+00
-1.905829999999999913e+01 0.000000000000000000e+00 0.000000000000000000e+00 0.000000000000000000e+00
-1.904469999999999885e+01 0.000000000000000000e+00 0.000000000000000000e+00 0.000000000000000000e+00
-1.903109999999999857e+01 0.000000000000000000e+00 0.000000000000000000e+00 0.000000000000000000e+00
-1.901749999999999829e+01 0.000000000000000000e+00 0.000000000000000000e+00 0.000000000000000000e+00
-1.900400000000000134e+01 0.000000000000000000e+00 0.000000000000000000e+00 0.000000000000000000e+00
-1.899040000000000106e+01 0.000000000000000000e+00 0.000000000000000000e+00 0.000000000000000000e+00
-1.897680000000000078e+01 0.000000000000000000e+00 0.000000000000000000e+00 0.000000000000000000e+00
-1.896320000000000050e+01 0.000000000000000000e+00 0.000000000000000000e+00 0.000000000000000000e+00
-1.894960000000000022e+01 0.000000000000000000e+00 0.000000000000000000e+00 0.000000000000000000e+00
-1.893599999999999994e+01 0.000000000000000000e+00 0.000000000000000000e+00 0.000000000000000000e+00
-1.892239999999999966e+01 0.000000000000000000e+00 0.000000000000000000e+00 0.000000000000000000e+00
-1.890879999999999939e+01 0.000000000000000000e+00 0.000000000000000000e+00 0.000000000000000000e+00
-1.889519999999999911e+01 0.000000000000000000e+00 0.000000000000000000e+00 0.000000000000000000e+00
-1.888159999999999883e+01 0.000000000000000000e+00 0.000000000000000000e+00 0.000000000000000000e+00
-1.886799999999999855e+01 0.000000000000000000e+00 0.000000000000000000e+00 0.000000000000000000e+00
-1.885439999999999827e+01 0.000000000000000000e+00 0.000000000000000000e+00 0.000000000000000000e+00
-1.884090000000000131e+01 0.000000000000000000e+00 0.000000000000000000e+00 0.000000000000000000e+00
-1.882730000000000103e+01 0.000000000000000000e+00 0.000000000000000000e+00 0.000000000000000000e+00
-1.881370000000000076e+01 0.000000000000000000e+00 0.000000000000000000e+00 0.000000000000000000e+00
-1.880010000000000048e+01 0.000000000000000000e+00 0.000000000000000000e+00 0.000000000000000000e+00
-1.878650000000000020e+01 0.000000000000000000e+00 0.000000000000000000e+00 0.000000000000000000e+00
-1.877289999999999992e+01 0.000000000000000000e+00 0.000000000000000000e+00 0.000000000000000000e+00
-1.875929999999999964e+01 0.000000000000000000e+00 0.000000000000000000e+00 0.000000000000000000e+00
-1.874569999999999936e+01 0.000000000000000000e+00 0.000000000000000000e+00 0.000000000000000000e+00
-1.873209999999999908e+01 0.000000000000000000e+00 0.000000000000000000e+00 0.000000000000000000e+00
-1.871849999999999881e+01 0.000000000000000000e+00 0.000000000000000000e+00 0.000000000000000000e+00
-1.870489999999999853e+01 0.000000000000000000e+00 0.000000000000000000e+00 0.000000000000000000e+00
-1.869129999999999825e+01 0.000000000000000000e+00 0.000000000000000000e+00 0.000000000000000000e+00
-1.867769999999999797e+01 0.000000000000000000e+00 0.000000000000000000e+00 0.000000000000000000e+00
-1.866420000000000101e+01 0.000000000000000000e+00 0.000000000000000000e+00 0.000000000000000000e+00
-1.865060000000000073e+01 0.000000000000000000e+00 0.000000000000000000e+00 0.000000000000000000e+00
-1.863700000000000045e+01 0.000000000000000000e+00 0.000000000000000000e+00 0.000000000000000000e+00
-1.862340000000000018e+01 0.000000000000000000e+00 0.000000000000000000e+00 0.000000000000000000e+00
-1.860979999999999990e+01 0.000000000000000000e+00 0.000000000000000000e+00 0.000000000000000000e+00
-1.859619999999999962e+01 0.000000000000000000e+00 0.000000000000000000e+00 0.000000000000000000e+00
-1.858259999999999934e+01 0.000000000000000000e+00 0.000000000000000000e+00 0.000000000000000000e+00
-1.856899999999999906e+01 0.000000000000000000e+00 0.000000000000000000e+00 0.000000000000000000e+00
-1.855539999999999878e+01 0.000000000000000000e+00 0.000000000000000000e+00 0.000000000000000000e+00
-1.854179999999999851e+01 0.000000000000000000e+00 0.000000000000000000e+00 0.000000000000000000e+00
-1.852819999999999823e+01 0.000000000000000000e+00 0.000000000000000000e+00 0.000000000000000000e+00
-1.851459999999999795e+01 0.000000000000000000e+00 0.000000000000000000e+00 0.000000000000000000e+00
-1.850110000000000099e+01 0.000000000000000000e+00 0.000000000000000000e+00 0.000000000000000000e+00
-1.848750000000000071e+01 0.000000000000000000e+00 0.000000000000000000e+00 0.000000000000000000e+00
-1.847390000000000043e+01 0.000000000000000000e+00 0.000000000000000000e+00 0.000000000000000000e+00
-1.846030000000000015e+01 0.000000000000000000e+00 0.000000000000000000e+00 0.000000000000000000e+00
-1.844669999999999987e+01 0.000000000000000000e+00 0.000000000000000000e+00 0.000000000000000000e+00
-1.843309999999999960e+01 0.000000000000000000e+00 0.000000000000000000e+00 0.000000000000000000e+00
-1.841949999999999932e+01 0.000000000000000000e+00 0.000000000000000000e+00 0.000000000000000000e+00
-1.840589999999999904e+01 0.000000000000000000e+00 0.000000000000000000e+00 0.000000000000000000e+00
-1.839229999999999876e+01 0.000000000000000000e+00 0.000000000000000000e+00 0.000000000000000000e+00
-1.837869999999999848e+01 0.000000000000000000e+00 0.000000000000000000e+00 0.000000000000000000e+00
-1.836509999999999820e+01 0.000000000000000000e+00 0.000000000000000000e+00 0.000000000000000000e+00
-1.835149999999999793e+01 0.000000000000000000e+00 0.000000000000000000e+00 0.000000000000000000e+00
-1.833790000000000120e+01 0.000000000000000000e+00 0.000000000000000000e+00 0.000000000000000000e+00
-1.832440000000000069e+01 0.000000000000000000e+00 0.000000000000000000e+00 0.000000000000000000e+00
-1.831080000000000041e+01 0.000000000000000000e+00 0.000000000000000000e+00 0.000000000000000000e+00
-1.829720000000000013e+01 0.000000000000000000e+00 0.000000000000000000e+00 0.000000000000000000e+00
-1.828359999999999985e+01 0.000000000000000000e+00 0.000000000000000000e+00 0.000000000000000000e+00
-1.826999999999999957e+01 0.000000000000000000e+00 0.000000000000000000e+00 0.000000000000000000e+00
-1.825639999999999930e+01 0.000000000000000000e+00 0.000000000000000000e+00 0.000000000000000000e+00
-1.824279999999999902e+01 0.000000000000000000e+00 0.000000000000000000e+00 0.000000000000000000e+00
-1.822919999999999874e+01 0.000000000000000000e+00 0.000000000000000000e+00 0.000000000000000000e+00
-1.821559999999999846e+01 0.000000000000000000e+00 0.000000000000000000e+00 0.000000000000000000e+00
-1.820199999999999818e+01 0.000000000000000000e+00 0.000000000000000000e+00 0.000000000000000000e+00
-1.818839999999999790e+01 0.000000000000000000e+00 0.000000000000000000e+00 0.000000000000000000e+00
-1.817480000000000118e+01 0.000000000000000000e+00 0.000000000000000000e+00 0.000000000000000000e+00
-1.816130000000000067e+01 0.000000000000000000e+00 0.000000000000000000e+00 0.000000000000000000e+00
-1.814770000000000039e+01 0.000000000000000000e+00 0.000000000000000000e+00 0.000000000000000000e+00
-1.813410000000000011e+01 0.000000000000000000e+00 0.000000000000000000e+00 0.000000000000000000e+00
-1.812049999999999983e+01 0.000000000000000000e+00 0.000000000000000000e+00 0.000000000000000000e+00
-1.810689999999999955e+01 0.000000000000000000e+00 0.000000000000000000e+00 0.000000000000000000e+00
-1.809329999999999927e+01 0.000000000000000000e+00 0.000000000000000000e+00 0.000000000000000000e+00
-1.807969999999999899e+01 0.000000000000000000e+00 0.000000000000000000e+00 0.000000000000000000e+00
-1.806609999999999872e+01 0.000000000000000000e+00 0.000000000000000000e+00 0.000000000000000000e+00
-1.805249999999999844e+01 0.000000000000000000e+00 0.000000000000000000e+00 0.000000000000000000e+00
-1.803889999999999816e+01 0.000000000000000000e+00 0.000000000000000000e+00 0.000000000000000000e+00
-1.802529999999999788e+01 0.000000000000000000e+00 0.000000000000000000e+00 0.000000000000000000e+00
-1.801170000000000115e+01 0.000000000000000000e+00 0.000000000000000000e+00 0.000000000000000000e+00
-1.799810000000000088e+01 0.000000000000000000e+00 0.000000000000000000e+00 0.000000000000000000e+00
-1.798460000000000036e+01 0.000000000000000000e+00 0.000000000000000000e+00 0.000000000000000000e+00
-1.797100000000000009e+01 0.000000000000000000e+00 0.000000000000000000e+00 0.000000000000000000e+00
-1.795739999999999981e+01 0.000000000000000000e+00 0.000000000000000000e+00 0.000000000000000000e+00
-1.794379999999999953e+01 0.000000000000000000e+00 0.000000000000000000e+00 0.000000000000000000e+00
-1.793019999999999925e+01 0.000000000000000000e+00 0.000000000000000000e+00 0.000000000000000000e+00
-1.791659999999999897e+01 0.000000000000000000e+00 0.000000000000000000e+00 0.000000000000000000e+00
-1.790299999999999869e+01 0.000000000000000000e+00 0.000000000000000000e+00 0.000000000000000000e+00
-1.788939999999999841e+01 0.000000000000000000e+00 0.000000000000000000e+00 0.000000000000000000e+00
-1.787579999999999814e+01 0.000000000000000000e+00 0.000000000000000000e+00 0.000000000000000000e+00
-1.786219999999999786e+01 0.000000000000000000e+00 0.000000000000000000e+00 0.000000000000000000e+00
-1.784860000000000113e+01 0.000000000000000000e+00 0.000000000000000000e+00 0.000000000000000000e+00
-1.783500000000000085e+01 0.000000000000000000e+00 0.000000000000000000e+00 0.000000000000000000e+00
-1.782150000000000034e+01 0.000000000000000000e+00 0.000000000000000000e+00 0.000000000000000000e+00
-1.780790000000000006e+01 0.000000000000000000e+00 0.000000000000000000e+00 0.000000000000000000e+00
-1.779429999999999978e+01 0.000000000000000000e+00 0.000000000000000000e+00 0.000000000000000000e+00
-1.778069999999999951e+01 0.000000000000000000e+00 0.000000000000000000e+00 0.000000000000000000e+00
-1.776709999999999923e+01 0.000000000000000000e+00 0.000000000000000000e+00 0.000000000000000000e+00
-1.775349999999999895e+01 0.000000000000000000e+00 0.000000000000000000e+00 0.000000000000000000e+00
-1.773989999999999867e+01 0.000000000000000000e+00 0.000000000000000000e+00 0.000000000000000000e+00
-1.772629999999999839e+01 0.000000000000000000e+00 0.000000000000000000e+00 0.000000000000000000e+00
-1.771269999999999811e+01 0.000000000000000000e+00 0.000000000000000000e+00 0.000000000000000000e+00
-1.769910000000000139e+01 0.000000000000000000e+00 0.000000000000000000e+00 0.000000000000000000e+00
-1.768550000000000111e+01 0.000000000000000000e+00 0.000000000000000000e+00 0.000000000000000000e+00
-1.767190000000000083e+01 0.000000000000000000e+00 0.000000000000000000e+00 0.000000000000000000e+00
-1.765830000000000055e+01 0.000000000000000000e+00 0.000000000000000000e+00 0.000000000000000000e+00
-1.764480000000000004e+01 0.000000000000000000e+00 0.000000000000000000e+00 0.000000000000000000e+00
-1.763119999999999976e+01 0.000000000000000000e+00 0.000000000000000000e+00 0.000000000000000000e+00
-1.761759999999999948e+01 0.000000000000000000e+00 0.000000000000000000e+00 0.000000000000000000e+00
-1.760399999999999920e+01 0.000000000000000000e+00 0.000000000000000000e+00 0.000000000000000000e+00
-1.759039999999999893e+01 0.000000000000000000e+00 0.000000000000000000e+00 0.000000000000000000e+00
-1.757679999999999865e+01 0.000000000000000000e+00 0.000000000000000000e+00 0.000000000000000000e+00
-1.756319999999999837e+01 0.000000000000000000e+00 0.000000000000000000e+00 0.000000000000000000e+00
-1.754959999999999809e+01 0.000000000000000000e+00 0.000000000000000000e+00 0.000000000000000000e+00
-1.753600000000000136e+01 0.000000000000000000e+00 0.000000000000000000e+00 0.000000000000000000e+00
-1.752240000000000109e+01 0.000000000000000000e+00 0.000000000000000000e+00 0.000000000000000000e+00
-1.750880000000000081e+01 0.000000000000000000e+00 0.000000000000000000e+00 0.000000000000000000e+00
-1.749520000000000053e+01 0.000000000000000000e+00 0.000000000000000000e+00 0.000000000000000000e+00
-1.748170000000000002e+01 0.000000000000000000e+00 0.000000000000000000e+00 0.000000000000000000e+00
-1.746809999999999974e+01 0.000000000000000000e+00 0.000000000000000000e+00 0.000000000000000000e+00
-1.745449999999999946e+01 0.000000000000000000e+00 0.000000000000000000e+00 0.000000000000000000e+00
-1.744089999999999918e+01 0.000000000000000000e+00 0.000000000000000000e+00 0.000000000000000000e+00
-1.742729999999999890e+01 0.000000000000000000e+00 0.000000000000000000e+00 0.000000000000000000e+00
-1.741369999999999862e+01 0.000000000000000000e+00 0.000000000000000000e+00 0.000000000000000000e+00
-1.740009999999999835e+01 0.000000000000000000e+00 0.000000000000000000e+00 0.000000000000000000e+00
-1.738649999999999807e+01 0.000000000000000000e+00 0.000000000000000000e+00 0.000000000000000000e+00
-1.737290000000000134e+01 0.000000000000000000e+00 0.000000000000000000e+00 0.000000000000000000e+00
-1.735930000000000106e+01 0.000000000000000000e+00 0.000000000000000000e+00 0.000000000000000000e+00
-1.734570000000000078e+01 0.000000000000000000e+00 0.000000000000000000e+00 0.000000000000000000e+00
-1.733210000000000051e+01 0.000000000000000000e+00 0.000000000000000000e+00 0.000000000000000000e+00
-1.731850000000000023e+01 0.000000000000000000e+00 0.000000000000000000e+00 0.000000000000000000e+00
-1.730499999999999972e+01 0.000000000000000000e+00 0.000000000000000000e+00 0.000000000000000000e+00
-1.729139999999999944e+01 0.000000000000000000e+00 0.000000000000000000e+00 0.000000000000000000e+00
-1.727779999999999916e+01 0.000000000000000000e+00 0.000000000000000000e+00 0.000000000000000000e+00
-1.726419999999999888e+01 0.000000000000000000e+00 0.000000000000000000e+00 0.000000000000000000e+00
-1.725059999999999860e+01 0.000000000000000000e+00 0.000000000000000000e+00 0.000000000000000000e+00
-1.723699999999999832e+01 0.000000000000000000e+00 0.000000000000000000e+00 0.000000000000000000e+00
-1.722339999999999804e+01 0.000000000000000000e+00 0.000000000000000000e+00 0.000000000000000000e+00
-1.720980000000000132e+01 0.000000000000000000e+00 0.000000000000000000e+00 0.000000000000000000e+00
-1.719620000000000104e+01 0.000000000000000000e+00 0.000000000000000000e+00 0.000000000000000000e+00
-1.718260000000000076e+01 0.000000000000000000e+00 0.000000000000000000e+00 0.000000000000000000e+00
-1.716900000000000048e+01 0.000000000000000000e+00 0.000000000000000000e+00 0.000000000000000000e+00
-1.715540000000000020e+01 0.000000000000000000e+00 0.000000000000000000e+00 0.000000000000000000e+00
-1.714189999999999969e+01 0.000000000000000000e+00 0.000000000000000000e+00 0.000000000000000000e+00
-1.712829999999999941e+01 0.000000000000000000e+00 0.000000000000000000e+00 0.000000000000000000e+00
-1.711469999999999914e+01 0.000000000000000000e+00 0.000000000000000000e+00 0.000000000000000000e+00
-1.710109999999999886e+01 0.000000000000000000e+00 0.000000000000000000e+00 0.000000000000000000e+00
-1.708749999999999858e+01 0.000000000000000000e+00 0.000000000000000000e+00 0.000000000000000000e+00
-1.707389999999999830e+01 0.000000000000000000e+00 0.000000000000000000e+00 0.000000000000000000e+00
-1.706029999999999802e+01 0.000000000000000000e+00 0.000000000000000000e+00 0.000000000000000000e+00
-1.704670000000000130e+01 0.000000000000000000e+00 0.000000000000000000e+00 0.000000000000000000e+00
-1.703310000000000102e+01 0.000000000000000000e+00 0.000000000000000000e+00 0.000000000000000000e+00
-1.701950000000000074e+01 0.000000000000000000e+00 0.000000000000000000e+00 0.000000000000000000e+00
-1.700590000000000046e+01 0.000000000000000000e+00 0.000000000000000000e+00 0.000000000000000000e+00
-1.699230000000000018e+01 0.000000000000000000e+00 0.000000000000000000e+00 0.000000000000000000e+00
-1.697869999999999990e+01 0.000000000000000000e+00 0.000000000000000000e+00 0.000000000000000000e+00
-1.696519999999999939e+01 0.000000000000000000e+00 0.000000000000000000e+00 0.000000000000000000e+00
-1.695159999999999911e+01 0.000000000000000000e+00 0.000000000000000000e+00 0.000000000000000000e+00
-1.693799999999999883e+01 0.000000000000000000e+00 0.000000000000000000e+00 0.000000000000000000e+00
-1.692439999999999856e+01 0.000000000000000000e+00 0.000000000000000000e+00 0.000000000000000000e+00
-1.691079999999999828e+01 0.000000000000000000e+00 0.000000000000000000e+00 0.000000000000000000e+00
-1.689719999999999800e+01 0.000000000000000000e+00 0.000000000000000000e+00 0.000000000000000000e+00
-1.688360000000000127e+01 0.000000000000000000e+00 0.000000000000000000e+00 0.000000000000000000e+00
-1.687000000000000099e+01 0.000000000000000000e+00 0.000000000000000000e+00 0.000000000000000000e+00
-1.685640000000000072e+01 0.000000000000000000e+00 0.000000000000000000e+00 0.000000000000000000e+00
-1.684280000000000044e+01 0.000000000000000000e+00 0.000000000000000000e+00 0.000000000000000000e+00
-1.682920000000000016e+01 0.000000000000000000e+00 0.000000000000000000e+00 0.000000000000000000e+00
-1.681559999999999988e+01 0.000000000000000000e+00 0.000000000000000000e+00 0.000000000000000000e+00
-1.680209999999999937e+01 0.000000000000000000e+00 0.000000000000000000e+00 0.000000000000000000e+00
-1.678849999999999909e+01 0.000000000000000000e+00 0.000000000000000000e+00 0.000000000000000000e+00
-1.677489999999999881e+01 0.000000000000000000e+00 0.000000000000000000e+00 0.000000000000000000e+00
-1.676129999999999853e+01 0.000000000000000000e+00 0.000000000000000000e+00 0.000000000000000000e+00
-1.674769999999999825e+01 0.000000000000000000e+00 0.000000000000000000e+00 0.000000000000000000e+00
-1.673409999999999798e+01 0.000000000000000000e+00 0.000000000000000000e+00 0.000000000000000000e+00
-1.672050000000000125e+01 0.000000000000000000e+00 0.000000000000000000e+00 0.000000000000000000e+00
-1.670690000000000097e+01 0.000000000000000000e+00 0.000000000000000000e+00 0.000000000000000000e+00
-1.669330000000000069e+01 0.000000000000000000e+00 0.000000000000000000e+00 0.000000000000000000e+00
-1.667970000000000041e+01 0.000000000000000000e+00 0.000000000000000000e+00 0.000000000000000000e+00
-1.666610000000000014e+01 0.000000000000000000e+00 0.000000000000000000e+00 0.000000000000000000e+00
-1.665249999999999986e+01 0.000000000000000000e+00 0.000000000000000000e+00 0.000000000000000000e+00
-1.663889999999999958e+01 0.000000000000000000e+00 0.000000000000000000e+00 0.000000000000000000e+00
-1.662539999999999907e+01 0.000000000000000000e+00 0.000000000000000000e+00 0.000000000000000000e+00
-1.661179999999999879e+01 0.000000000000000000e+00 0.000000000000000000e+00 0.000000000000000000e+00
-1.659819999999999851e+01 0.000000000000000000e+00 0.000000000000000000e+00 0.000000000000000000e+00
-1.658459999999999823e+01 0.000000000000000000e+00 0.000000000000000000e+00 0.000000000000000000e+00
-1.657099999999999795e+01 0.000000000000000000e+00 0.000000000000000000e+00 0.000000000000000000e+00
-1.655740000000000123e+01 0.000000000000000000e+00 0.000000000000000000e+00 0.000000000000000000e+00
-1.654380000000000095e+01 0.000000000000000000e+00 0.000000000000000000e+00 0.000000000000000000e+00
-1.653020000000000067e+01 0.000000000000000000e+00 0.000000000000000000e+00 0.000000000000000000e+00
-1.651660000000000039e+01 0.000000000000000000e+00 0.000000000000000000e+00 0.000000000000000000e+00
-1.650300000000000011e+01 0.000000000000000000e+00 0.000000000000000000e+00 0.000000000000000000e+00
-1.648939999999999984e+01 0.000000000000000000e+00 0.000000000000000000e+00 0.000000000000000000e+00
-1.647579999999999956e+01 0.000000000000000000e+00 0.000000000000000000e+00 0.000000000000000000e+00
-1.646229999999999905e+01 0.000000000000000000e+00 0.000000000000000000e+00 0.000000000000000000e+00
-1.644869999999999877e+01 0.000000000000000000e+00 0.000000000000000000e+00 0.000000000000000000e+00
-1.643509999999999849e+01 0.000000000000000000e+00 0.000000000000000000e+00 0.000000000000000000e+00
-1.642149999999999821e+01 0.000000000000000000e+00 0.000000000000000000e+00 0.000000000000000000e+00
-1.640789999999999793e+01 0.000000000000000000e+00 0.000000000000000000e+00 0.000000000000000000e+00
-1.639430000000000121e+01 0.000000000000000000e+00 0.000000000000000000e+00 0.000000000000000000e+00
-1.638070000000000093e+01 0.000000000000000000e+00 0.000000000000000000e+00 0.000000000000000000e+00
-1.636710000000000065e+01 8.000000000000001468e-04 0.000000000000000000e+00 0.000000000000000000e+00
-1.635350000000000037e+01 3.200000000000000587e-03 0.000000000000000000e+00 0.000000000000000000e+00
-1.633990000000000009e+01 7.599999999999999117e-03 0.000000000000000000e+00 0.000000000000000000e+00
-1.632629999999999981e+01 1.440000000000000134e-02 0.000000000000000000e+00 0.000000000000000000e+00
-1.631269999999999953e+01 2.800000000000000058e-02 8.000000000000001468e-04 0.000000000000000000e+00
-1.629909999999999926e+01 4.279999999999999083e-02 1.200000000000000112e-03 4.000000000000000192e-04
-1.628559999999999874e+01 5.480000000000000843e-02 3.200000000000000587e-03 1.200000000000000329e-03
-1.627199999999999847e+01 6.199999999999999956e-02 3.600000000000000335e-03 2.000000000000000042e-03
-1.625839999999999819e+01 6.080000000000000682e-02 3.600000000000000335e-03 2.400000000000000223e-03
-1.624479999999999791e+01 5.240000000000000213e-02 3.600000000000000335e-03 2.399999999999999790e-03
-1.623120000000000118e+01 5.200000000000000455e-02 5.199999999999999761e-03 2.799999999999999972e-03
-1.621760000000000090e+01 6.640000000000000069e-02 8.000000000000000167e-03 5.199999999999999761e-03
-1.620400000000000063e+01 7.839999999999999747e-02 1.080000000000000057e-02 6.800000000000000488e-03
-1.619040000000000035e+01 7.919999999999999263e-02 1.160000000000000094e-02 7.200000000000001538e-03
-1.617680000000000007e+01 7.160000000000001086e-02 1.000000000000000021e-02 6.400000000000000307e-03
-1.616319999999999979e+01 6.679999999999998439e-02 9.599999999999999159e-03 6.400000000000000307e-03
-1.614959999999999951e+01 8.519999999999998408e-02 1.520000000000000170e-02 8.800000000000000530e-03
-1.613599999999999923e+01 1.088000000000000078e-01 2.319999999999999840e-02 1.400000000000000203e-02
-1.612249999999999872e+01 1.055999999999999994e-01 2.680000000000000437e-02 1.640000000000000138e-02
-1.610889999999999844e+01 9.159999999999998699e-02 2.839999999999999816e-02 1.759999999999999759e-02
-1.609529999999999816e+01 9.280000000000000748e-02 3.280000000000000276e-02 2.039999999999999800e-02
-1.608169999999999789e+01 1.032000000000000001e-01 4.240000000000000019e-02 2.639999999999999639e-02
-1.606810000000000116e+01 1.088000000000000078e-01 5.119999999999999551e-02 3.280000000000000276e-02
-1.605450000000000088e+01 9.719999999999998086e-02 5.480000000000000149e-02 3.559999999999999970e-02
-1.604090000000000060e+01 7.879999999999999505e-02 5.360000000000000181e-02 3.439999999999999308e-02
-1.602730000000000032e+01 7.119999999999999940e-02 5.160000000000000003e-02 3.320000000000000034e-02
-1.601370000000000005e+01 6.320000000000000617e-02 4.400000000000000439e-02 2.840000000000000163e-02
-1.600009999999999977e+01 5.079999999999999793e-02 3.080000000000000099e-02 1.920000000000000179e-02
-1.598650000000000126e+01 4.680000000000000826e-02 2.320000000000000187e-02 1.559999999999999928e-02
-1.597290000000000099e+01 5.800000000000000988e-02 2.520000000000000018e-02 1.640000000000000138e-02
-1.595930000000000071e+01 7.199999999999999456e-02 2.999999999999999889e-02 2.000000000000000042e-02
-1.594580000000000020e+01 8.279999999999998472e-02 4.000000000000000083e-02 2.599999999999999881e-02
-1.593219999999999992e+01 8.599999999999999312e-02 5.240000000000000213e-02 3.400000000000000244e-02
-1.591859999999999964e+01 6.999999999999999278e-02 5.160000000000000003e-02 3.400000000000000244e-02
-1.590500000000000114e+01 4.119999999999999357e-02 3.639999999999999486e-02 2.400000000000000050e-02
-1.589140000000000086e+01 3.599999999999999728e-02 2.639999999999999986e-02 1.800000000000000211e-02
-1.587780000000000058e+01 5.120000000000000245e-02 2.480000000000000260e-02 1.560000000000000102e-02
-1.586420000000000030e+01 6.039999999999999536e-02 2.319999999999999840e-02 1.480000000000000412e-02
-1.585060000000000002e+01 4.320000000000000229e-02 1.639999999999999791e-02 1.040000000000000126e-02
-1.583699999999999974e+01 1.800000000000000211e-02 8.399999999999999481e-03 5.599999999999999943e-03
-1.582340000000000124e+01 1.639999999999999791e-02 1.079999999999999884e-02 7.600000000000000852e-03
-1.580980000000000096e+01 3.079999999999999405e-02 2.239999999999999630e-02 1.480000000000000412e-02
-1.579620000000000068e+01 4.279999999999999777e-02 3.479999999999999760e-02 2.359999999999999598e-02
-1.578270000000000017e+01 4.440000000000000197e-02 4.160000000000000503e-02 2.840000000000000163e-02
-1.576909999999999989e+01 3.719999999999999696e-02 4.359999999999999987e-02 2.960000000000000131e-02
-1.575550000000000139e+01 3.200000000000000067e-02 4.800000000000000794e-02 3.280000000000000276e-02
-1.574190000000000111e+01 2.920000000000000026e-02 4.599999999999999922e-02 3.200000000000000067e-02
-1.572830000000000084e+01 2.920000000000000373e-02 3.520000000000000212e-02 2.400000000000000397e-02
-1.571470000000000056e+01 3.400000000000000244e-02 2.239999999999999630e-02 1.560000000000000102e-02
-1.570110000000000028e+01 3.880000000000000115e-02 1.639999999999999791e-02 1.040000000000000299e-02
-1.568750000000000000e+01 3.600000000000000422e-02 1.319999999999999993e-02 9.200000000000001579e-03
-1.567389999999999972e+01 3.040000000000000688e-02 1.239999999999999783e-02 8.400000000000001216e-03
-1.566030000000000122e+01 2.960000000000000131e-02 1.439999999999999961e-02 1.000000000000000194e-02
-1.564670000000000094e+01 3.440000000000000696e-02 1.920000000000000179e-02 1.279999999999999888e-02
-1.563310000000000066e+01 3.559999999999999970e-02 2.160000000000000114e-02 1.519999999999999997e-02
-1.561950000000000038e+01 3.159999999999999615e-02 2.159999999999999767e-02 1.519999999999999823e-02
-1.560599999999999987e+01 2.800000000000000405e-02 2.239999999999999630e-02 1.559999999999999755e-02
-1.559240000000000137e+01 2.880000000000000268e-02 2.880000000000000268e-02 2.079999999999999905e-02
-1.557880000000000109e+01 3.080000000000000099e-02 3.920000000000000567e-02 2.799999999999999711e-02
-1.556520000000000081e+01 3.040000000000000688e-02 4.839999999999999858e-02 3.560000000000000664e-02
-1.555160000000000053e+01 3.039999999999999994e-02 6.519999999999999407e-02 4.720000000000000584e-02
-1.553800000000000026e+01 2.800000000000000058e-02 7.160000000000001086e-02 5.319999999999999729e-02
-1.552439999999999998e+01 1.720000000000000001e-02 5.000000000000000278e-02 3.799999999999999212e-02
-1.551079999999999970e+01 7.200000000000000670e-03 2.079999999999999905e-02 1.640000000000000138e-02
-1.549720000000000120e+01 2.000000000000000042e-03 5.599999999999999943e-03 4.000000000000000083e-03
-1.548360000000000092e+01 1.200000000000000329e-03 1.600000000000000294e-03 4.000000000000000192e-04
-1.547000000000000064e+01 6.400000000000001174e-03 3.199999999999999720e-03 2.000000000000000042e-03
-1.545640000000000036e+01 1.880000000000000074e-02 1.080000000000000057e-02 7.600000000000000852e-03
-1.544289999999999985e+01 3.239999999999999825e-02 2.000000000000000389e-02 1.360000000000000098e-02
-1.542930000000000135e+01 3.720000000000000390e-02 2.439999999999999808e-02 1.799999999999999864e-02
-1.541570000000000107e+01 4.039999999999999841e-02 3.040000000000000341e-02 2.200000000000000219e-02
-1.540210000000000079e+01 4.960000000000000520e-02 4.239999999999999325e-02 3.080000000000000446e-02
-1.538850000000000051e+01 5.600000000000000117e-02 5.320000000000000423e-02 3.799999999999999906e-02
-1.537490000000000023e+01 5.920000000000000262e-02 6.560000000000000553e-02 4.680000000000000826e-02
-1.536129999999999995e+01 5.720000000000000084e-02 7.280000000000000360e-02 5.280000000000000665e-02
-1.534769999999999968e+01 4.959999999999999826e-02 6.479999999999999649e-02 4.919999999999999374e-02
-1.533410000000000117e+01 4.880000000000000310e-02 5.520000000000001295e-02 4.279999999999999083e-02
-1.532050000000000090e+01 5.040000000000000036e-02 4.679999999999999438e-02 3.720000000000000390e-02
-1.530690000000000062e+01 4.320000000000000229e-02 4.040000000000000535e-02 3.320000000000000034e-02
-1.529330000000000034e+01 4.279999999999999777e-02 3.679999999999999938e-02 2.920000000000000026e-02
-1.527970000000000006e+01 5.360000000000000181e-02 3.040000000000000341e-02 2.400000000000000050e-02
-1.526620000000000132e+01 6.279999999999999472e-02 2.639999999999999639e-02 2.039999999999999800e-02
-1.525260000000000105e+01 6.640000000000000069e-02 2.640000000000000679e-02 1.919999999999999832e-02
-1.523900000000000077e+01 7.359999999999999876e-02 2.880000000000000268e-02 2.160000000000000114e-02
-1.522540000000000049e+01 7.399999999999998246e-02 3.160000000000000309e-02 2.320000000000000187e-02
-1.521180000000000021e+01 7.479999999999999150e-02 4.199999999999999567e-02 3.120000000000000204e-02
-1.519819999999999993e+01 9.639999999999999958e-02 6.840000000000000246e-02 5.119999999999999551e-02
-1.518459999999999965e+01 1.140000000000000180e-01 8.560000000000000941e-02 6.439999999999999891e-02
-1.517100000000000115e+01 9.679999999999999716e-02 7.520000000000000295e-02 5.879999999999999116e-02
-1.515740000000000087e+01 6.600000000000000311e-02 5.600000000000000117e-02 4.439999999999999503e-02
-1.514380000000000059e+01 4.200000000000000261e-02 3.680000000000000632e-02 3.039999999999999647e-02
-1.513020000000000032e+01 3.960000000000001019e-02 2.999999999999999889e-02 2.400000000000000050e-02
-1.511660000000000004e+01 6.480000000000001037e-02 4.240000000000000019e-02 3.439999999999999308e-02
-1.510310000000000130e+01 8.360000000000000764e-02 5.399999999999999245e-02 4.479999999999999261e-02
-1.508950000000000102e+01 6.879999999999998617e-02 5.000000000000000278e-02 4.200000000000000261e-02
-1.507590000000000074e+01 3.719999999999999696e-02 3.280000000000000276e-02 2.799999999999999711e-02
-1.506230000000000047e+01 2.079999999999999905e-02 1.880000000000000074e-02 1.600000000000000033e-02
-1.504870000000000019e+01 1.919999999999999832e-02 1.240000000000000130e-02 1.000000000000000021e-02
-1.503509999999999991e+01 1.640000000000000138e-02 1.160000000000000094e-02 8.799999999999998795e-03
-1.502149999999999963e+01 2.080000000000000251e-02 2.039999999999999800e-02 1.640000000000000138e-02
-1.500790000000000113e+01 2.960000000000000131e-02 3.320000000000000034e-02 2.720000000000000195e-02
-1.499430000000000085e+01 2.559999999999999776e-02 2.999999999999999889e-02 2.360000000000000292e-02
-1.498070000000000057e+01 1.239999999999999783e-02 1.400000000000000203e-02 1.160000000000000267e-02
-1.496710000000000029e+01 8.400000000000001216e-03 6.000000000000000992e-03 5.199999999999999761e-03
-1.495350000000000001e+01 3.039999999999999647e-02 1.679999999999999896e-02 1.400000000000000029e-02
-1.493989999999999974e+01 1.016000000000000097e-01 5.479999999999999455e-02 4.560000000000000164e-02
-1.492640000000000100e+01 2.144000000000000072e-01 1.127999999999999975e-01 9.280000000000000748e-02
-1.491280000000000072e+01 2.863999999999999879e-01 1.512000000000000011e-01 1.243999999999999967e-01
-1.489920000000000044e+01 2.879999999999999782e-01 1.592000000000000082e-01 1.307999999999999996e-01
-1.488560000000000016e+01 2.967999999999999527e-01 1.640000000000000069e-01 1.335999999999999965e-01
-1.487199999999999989e+01 3.316000000000000614e-01 1.660000000000000087e-01 1.347999999999999754e-01
-1.485840000000000138e+01 3.600000000000000422e-01 1.612000000000000099e-01 1.304000000000000159e-01
-1.484480000000000111e+01 3.439999999999999725e-01 1.411999999999999922e-01 1.152000000000000246e-01
-1.483120000000000083e+01 2.812000000000000055e-01 1.095999999999999752e-01 8.959999999999999909e-02
-1.481760000000000055e+01 2.547999999999999710e-01 9.800000000000000377e-02 7.879999999999999505e-02
-1.480400000000000027e+01 2.988000000000000100e-01 1.216000000000000136e-01 9.679999999999999716e-02
-1.479039999999999999e+01 3.616000000000000325e-01 1.535999999999999865e-01 1.227999999999999925e-01
-1.477679999999999971e+01 3.871999999999999886e-01 1.736000000000000043e-01 1.392000000000000182e-01
-1.476330000000000098e+01 3.839999999999999525e-01 1.855999999999999872e-01 1.504000000000000059e-01
-1.474970000000000070e+01 3.600000000000000422e-01 1.831999999999999740e-01 1.463999999999999746e-01
-1.473610000000000042e+01 3.155999999999999917e-01 1.647999999999999743e-01 1.307999999999999996e-01
-1.472250000000000014e+01 2.843999999999999861e-01 1.552000000000000046e-01 1.244000000000000383e-01
-1.470889999999999986e+01 3.128000000000000225e-01 1.836000000000000132e-01 1.488000000000000156e-01
-1.469530000000000136e+01 3.836000000000000520e-01 2.392000000000000237e-01 1.947999999999999732e-01
-1.468170000000000108e+01 3.991999999999999993e-01 2.583999999999999631e-01 2.107999999999999874e-01
-1.466810000000000080e+01 3.728000000000000203e-01 2.463999999999999801e-01 2.012000000000000177e-01
-1.465450000000000053e+01 3.555999999999999717e-01 2.456000000000000127e-01 2.032000000000000473e-01
-1.464090000000000025e+01 3.227999999999999758e-01 2.355999999999999761e-01 1.968000000000000027e-01
-1.462729999999999997e+01 2.840000000000000302e-01 2.140000000000000235e-01 1.812000000000000000e-01
-1.461369999999999969e+01 2.680000000000000160e-01 2.076000000000000068e-01 1.776000000000000356e-01
-1.460010000000000119e+01 2.364000000000000268e-01 1.892000000000000348e-01 1.624000000000000166e-01
-1.458660000000000068e+01 1.892000000000000071e-01 1.484000000000000041e-01 1.263999999999999846e-01
-1.457300000000000040e+01 1.539999999999999980e-01 1.092000000000000054e-01 8.959999999999999909e-02
-1.455940000000000012e+01 1.500000000000000222e-01 9.920000000000001039e-02 7.879999999999998117e-02
-1.454579999999999984e+01 1.555999999999999883e-01 1.052000000000000018e-01 8.280000000000001248e-02
-1.453220000000000134e+01 1.436000000000000332e-01 1.008000000000000007e-01 8.080000000000001070e-02
-1.451860000000000106e+01 1.396000000000000019e-01 1.039999999999999952e-01 8.319999999999999618e-02
-1.450500000000000078e+01 1.792000000000000259e-01 1.456000000000000072e-01 1.179999999999999938e-01
-1.449140000000000050e+01 2.379999999999999893e-01 2.099999999999999922e-01 1.723999999999999977e-01
-1.447780000000000022e+01 2.696000000000000063e-01 2.548000000000000265e-01 2.099999999999999645e-01
-1.446419999999999995e+01 2.967999999999999527e-01 2.983999999999999431e-01 2.467999999999999916e-01
-1.445059999999999967e+01 3.295999999999999486e-01 3.567999999999998950e-01 2.963999999999999968e-01
-1.443700000000000117e+01 3.535999999999999699e-01 4.148000000000000020e-01 3.459999999999999742e-01
-1.442350000000000065e+01 3.432000000000000051e-01 4.284000000000000030e-01 3.568000000000000616e-01
-1.440990000000000038e+01 3.088000000000000189e-01 4.100000000000000311e-01 3.407999999999999918e-01
-1.439630000000000010e+01 2.815999999999999615e-01 4.124000000000000443e-01 3.432000000000000051e-01
-1.438269999999999982e+01 2.683999999999999719e-01 4.479999999999999538e-01 3.699999999999999956e-01
-1.436910000000000132e+01 2.540000000000000036e-01 4.924000000000000044e-01 4.075999999999999623e-01
-1.435550000000000104e+01 2.364000000000000268e-01 5.215999999999999526e-01 4.339999999999999414e-01
-1.434190000000000076e+01 2.031999999999999640e-01 4.935999999999999832e-01 4.147999999999999465e-01
-1.432830000000000048e+01 1.575999999999999901e-01 4.319999999999999396e-01 3.660000000000000475e-01
-1.431470000000000020e+01 1.300000000000000044e-01 4.151999999999999025e-01 3.544000000000000483e-01
-1.430109999999999992e+01 1.171999999999999847e-01 4.344000000000000083e-01 3.728000000000000203e-01
-1.428749999999999964e+01 9.320000000000000506e-02 3.992000000000000548e-01 3.447999999999999954e-01
-1.427390000000000114e+01 5.480000000000000149e-02 2.771999999999999464e-01 2.404000000000000303e-01
-1.426030000000000086e+01 2.319999999999999840e-02 1.416000000000000036e-01 1.239999999999999991e-01
-1.424680000000000035e+01 7.200000000000000670e-03 5.279999999999999971e-02 4.639999999999999680e-02
-1.423320000000000007e+01 1.200000000000000112e-03 1.319999999999999819e-02 1.119999999999999989e-02
-1.421959999999999980e+01 0.000000000000000000e+00 1.600000000000000294e-03 1.600000000000000294e-03
-1.420600000000000129e+01 0.000000000000000000e+00 0.000000000000000000e+00 0.000000000000000000e+00
-1.419240000000000101e+01 0.000000000000000000e+00 0.000000000000000000e+00 0.000000000000000000e+00
-1.417880000000000074e+01 0.000000000000000000e+00 0.000000000000000000e+00 0.000000000000000000e+00
-1.416520000000000046e+01 0.000000000000000000e+00 0.000000000000000000e+00 0.000000000000000000e+00
-1.415160000000000018e+01 0.000000000000000000e+00 0.000000000000000000e+00 0.000000000000000000e+00
-1.413799999999999990e+01 0.000000000000000000e+00 0.000000000000000000e+00 0.000000000000000000e+00
-1.412440000000000140e+01 0.000000000000000000e+00 0.000000000000000000e+00 0.000000000000000000e+00
-1.411080000000000112e+01 0.000000000000000000e+00 0.000000000000000000e+00 0.000000000000000000e+00
-1.409720000000000084e+01 0.000000000000000000e+00 0.000000000000000000e+00 0.000000000000000000e+00
-1.408370000000000033e+01 0.000000000000000000e+00 0.000000000000000000e+00 0.000000000000000000e+00
-1.407010000000000005e+01 0.000000000000000000e+00 0.000000000000000000e+00 0.000000000000000000e+00
-1.405649999999999977e+01 0.000000000000000000e+00 0.000000000000000000e+00 0.000000000000000000e+00
-1.404290000000000127e+01 0.000000000000000000e+00 0.000000000000000000e+00 0.000000000000000000e+00
-1.402930000000000099e+01 0.000000000000000000e+00 0.000000000000000000e+00 0.000000000000000000e+00
-1.401570000000000071e+01 0.000000000000000000e+00 0.000000000000000000e+00 0.000000000000000000e+00
-1.400210000000000043e+01 0.000000000000000000e+00 0.000000000000000000e+00 0.000000000000000000e+00
-1.398850000000000016e+01 0.000000000000000000e+00 0.000000000000000000e+00 0.000000000000000000e+00
-1.397489999999999988e+01 0.000000000000000000e+00 0.000000000000000000e+00 0.000000000000000000e+00
-1.396130000000000138e+01 0.000000000000000000e+00 0.000000000000000000e+00 0.000000000000000000e+00
-1.394770000000000110e+01 0.000000000000000000e+00 0.000000000000000000e+00 0.000000000000000000e+00
-1.393410000000000082e+01 0.000000000000000000e+00 0.000000000000000000e+00 0.000000000000000000e+00
-1.392050000000000054e+01 0.000000000000000000e+00 0.000000000000000000e+00 0.000000000000000000e+00
-1.390700000000000003e+01 0.000000000000000000e+00 0.000000000000000000e+00 0.000000000000000000e+00
-1.389339999999999975e+01 0.000000000000000000e+00 0.000000000000000000e+00 0.000000000000000000e+00
-1.387980000000000125e+01 0.000000000000000000e+00 0.000000000000000000e+00 0.000000000000000000e+00
-1.386620000000000097e+01 0.000000000000000000e+00 0.000000000000000000e+00 0.000000000000000000e+00
-1.385260000000000069e+01 0.000000000000000000e+00 0.000000000000000000e+00 0.000000000000000000e+00
-1.383900000000000041e+01 0.000000000000000000e+00 0.000000000000000000e+00 0.000000000000000000e+00
-1.382540000000000013e+01 0.000000000000000000e+00 0.000000000000000000e+00 0.000000000000000000e+00
-1.381179999999999986e+01 0.000000000000000000e+00 0.000000000000000000e+00 0.000000000000000000e+00
-1.379820000000000135e+01 0.000000000000000000e+00 0.000000000000000000e+00 0.000000000000000000e+00
-1.378460000000000107e+01 0.000000000000000000e+00 0.000000000000000000e+00 0.000000000000000000e+00
-1.377100000000000080e+01 0.000000000000000000e+00 0.000000000000000000e+00 0.000000000000000000e+00
-1.375740000000000052e+01 0.000000000000000000e+00 0.000000000000000000e+00 0.000000000000000000e+00
-1.374390000000000001e+01 0.000000000000000000e+00 0.000000000000000000e+00 0.000000000000000000e+00
-1.373029999999999973e+01 0.000000000000000000e+00 0.000000000000000000e+00 0.000000000000000000e+00
-1.371670000000000122e+01 0.000000000000000000e+00 0.000000000000000000e+00 0.000000000000000000e+00
-1.370310000000000095e+01 0.000000000000000000e+00 0.000000000000000000e+00 0.000000000000000000e+00
-1.368950000000000067e+01 0.000000000000000000e+00 0.000000000000000000e+00 0.000000000000000000e+00
-1.367590000000000039e+01 0.000000000000000000e+00 0.000000000000000000e+00 0.000000000000000000e+00
-1.366230000000000011e+01 0.000000000000000000e+00 0.000000000000000000e+00 0.000000000000000000e+00
-1.364869999999999983e+01 0.000000000000000000e+00 0.000000000000000000e+00 0.000000000000000000e+00
-1.363510000000000133e+01 0.000000000000000000e+00 0.000000000000000000e+00 0.000000000000000000e+00
-1.362150000000000105e+01 0.000000000000000000e+00 0.000000000000000000e+00 0.000000000000000000e+00
-1.360790000000000077e+01 0.000000000000000000e+00 0.000000000000000000e+00 0.000000000000000000e+00
-1.359430000000000049e+01 0.000000000000000000e+00 0.000000000000000000e+00 0.000000000000000000e+00
-1.358070000000000022e+01 0.000000000000000000e+00 0.000000000000000000e+00 0.000000000000000000e+00
-1.356719999999999970e+01 0.000000000000000000e+00 0.000000000000000000e+00 0.000000000000000000e+00
-1.355360000000000120e+01 0.000000000000000000e+00 0.000000000000000000e+00 0.000000000000000000e+00
-1.354000000000000092e+01 0.000000000000000000e+00 0.000000000000000000e+00 0.000000000000000000e+00
-1.352640000000000065e+01 0.000000000000000000e+00 0.000000000000000000e+00 0.000000000000000000e+00
-1.351280000000000037e+01 0.000000000000000000e+00 0.000000000000000000e+00 0.000000000000000000e+00
-1.349920000000000009e+01 0.000000000000000000e+00 0.000000000000000000e+00 0.000000000000000000e+00
-1.348559999999999981e+01 0.000000000000000000e+00 0.000000000000000000e+00 0.000000000000000000e+00
-1.347200000000000131e+01 0.000000000000000000e+00 0.000000000000000000e+00 0.000000000000000000e+00
-1.345840000000000103e+01 0.000000000000000000e+00 0.000000000000000000e+00 0.000000000000000000e+00
-1.344480000000000075e+01 0.000000000000000000e+00 0.000000000000000000e+00 0.000000000000000000e+00
-1.343120000000000047e+01 0.000000000000000000e+00 0.000000000000000000e+00 0.000000000000000000e+00
-1.341760000000000019e+01 0.000000000000000000e+00 0.000000000000000000e+00 0.000000000000000000e+00
-1.340409999999999968e+01 0.000000000000000000e+00 0.000000000000000000e+00 0.000000000000000000e+00
-1.339050000000000118e+01 0.000000000000000000e+00 0.000000000000000000e+00 0.000000000000000000e+00
-1.337690000000000090e+01 0.000000000000000000e+00 0.000000000000000000e+00 0.000000000000000000e+00
-1.336330000000000062e+01 0.000000000000000000e+00 0.000000000000000000e+00 0.000000000000000000e+00
-1.334970000000000034e+01 0.000000000000000000e+00 0.000000000000000000e+00 0.000000000000000000e+00
-1.333610000000000007e+01 0.000000000000000000e+00 0.000000000000000000e+00 0.000000000000000000e+00
-1.332249999999999979e+01 0.000000000000000000e+00 0.000000000000000000e+00 0.000000000000000000e+00
-1.330890000000000128e+01 0.000000000000000000e+00 0.000000000000000000e+00 0.000000000000000000e+00
-1.329530000000000101e+01 0.000000000000000000e+00 0.000000000000000000e+00 0.000000000000000000e+00
-1.328170000000000073e+01 0.000000000000000000e+00 0.000000000000000000e+00 0.000000000000000000e+00
-1.326810000000000045e+01 0.000000000000000000e+00 0.000000000000000000e+00 0.000000000000000000e+00
-1.325450000000000017e+01 0.000000000000000000e+00 0.000000000000000000e+00 0.000000000000000000e+00
-1.324089999999999989e+01 0.000000000000000000e+00 0.000000000000000000e+00 0.000000000000000000e+00
-1.322740000000000116e+01 0.000000000000000000e+00 0.000000000000000000e+00 0.000000000000000000e+00
-1.321380000000000088e+01 0.000000000000000000e+00 0.000000000000000000e+00 0.000000000000000000e+00
-1.320020000000000060e+01 0.000000000000000000e+00 0.000000000000000000e+00 0.000000000000000000e+00
-1.318660000000000032e+01 0.000000000000000000e+00 0.000000000000000000e+00 0.000000000000000000e+00
-1.317300000000000004e+01 0.000000000000000000e+00 0.000000000000000000e+00 0.000000000000000000e+00
-1.315939999999999976e+01 0.000000000000000000e+00 0.000000000000000000e+00 0.000000000000000000e+00
-1.314580000000000126e+01 0.000000000000000000e+00 0.000000000000000000e+00 0.000000000000000000e+00
-1.313220000000000098e+01 0.000000000000000000e+00 0.000000000000000000e+00 0.000000000000000000e+00
-1.311860000000000070e+01 0.000000000000000000e+00 0.000000000000000000e+00 0.000000000000000000e+00
-1.310500000000000043e+01 0.000000000000000000e+00 0.000000000000000000e+00 0.000000000000000000e+00
-1.309140000000000015e+01 0.000000000000000000e+00 0.000000000000000000e+00 0.000000000000000000e+00
-1.307779999999999987e+01 0.000000000000000000e+00 0.000000000000000000e+00 0.000000000000000000e+00
-1.306430000000000113e+01 0.000000000000000000e+00 0.000000000000000000e+00 0.000000000000000000e+00
-1.305070000000000086e+01 0.000000000000000000e+00 0.000000000000000000e+00 0.000000000000000000e+00
-1.303710000000000058e+01 0.000000000000000000e+00 0.000000000000000000e+00 0.000000000000000000e+00
-1.302350000000000030e+01 0.000000000000000000e+00 0.000000000000000000e+00 0.000000000000000000e+00
-1.300990000000000002e+01 0.000000000000000000e+00 0.000000000000000000e+00 0.000000000000000000e+00
-1.299629999999999974e+01 0.000000000000000000e+00 0.000000000000000000e+00 0.000000000000000000e+00
-1.298270000000000124e+01 0.000000000000000000e+00 0.000000000000000000e+00 0.000000000000000000e+00
-1.296910000000000096e+01 0.000000000000000000e+00 0.000000000000000000e+00 0.000000000000000000e+00
-1.295550000000000068e+01 0.000000000000000000e+00 0.000000000000000000e+00 0.000000000000000000e+00
-1.294190000000000040e+01 0.000000000000000000e+00 0.000000000000000000e+00 0.000000000000000000e+00
-1.292830000000000013e+01 0.000000000000000000e+00 0.000000000000000000e+00 0.000000000000000000e+00
-1.291469999999999985e+01 0.000000000000000000e+00 0.000000000000000000e+00 0.000000000000000000e+00
-1.290110000000000134e+01 0.000000000000000000e+00 0.000000000000000000e+00 0.000000000000000000e+00
-1.288760000000000083e+01 0.000000000000000000e+00 0.000000000000000000e+00 0.000000000000000000e+00
-1.287400000000000055e+01 0.000000000000000000e+00 0.000000000000000000e+00 0.000000000000000000e+00
-1.286040000000000028e+01 0.000000000000000000e+00 0.000000000000000000e+00 0.000000000000000000e+00
-1.284680000000000000e+01 0.000000000000000000e+00 0.000000000000000000e+00 0.000000000000000000e+00
-1.283319999999999972e+01 0.000000000000000000e+00 0.000000000000000000e+00 0.000000000000000000e+00
-1.281960000000000122e+01 0.000000000000000000e+00 0.000000000000000000e+00 0.000000000000000000e+00
-1.280600000000000094e+01 0.000000000000000000e+00 0.000000000000000000e+00 0.000000000000000000e+00
-1.279240000000000066e+01 0.000000000000000000e+00 0.000000000000000000e+00 0.000000000000000000e+00
-1.277880000000000038e+01 0.000000000000000000e+00 0.000000000000000000e+00 0.000000000000000000e+00
-1.276520000000000010e+01 0.000000000000000000e+00 0.000000000000000000e+00 0.000000000000000000e+00
-1.275159999999999982e+01 0.000000000000000000e+00 0.000000000000000000e+00 0.000000000000000000e+00
-1.273800000000000132e+01 0.000000000000000000e+00 0.000000000000000000e+00 0.000000000000000000e+00
-1.272450000000000081e+01 0.000000000000000000e+00 0.000000000000000000e+00 0.000000000000000000e+00
-1.271090000000000053e+01 0.000000000000000000e+00 0.000000000000000000e+00 0.000000000000000000e+00
-1.269730000000000025e+01 0.000000000000000000e+00 0.000000000000000000e+00 0.000000000000000000e+00
-1.268369999999999997e+01 0.000000000000000000e+00 0.000000000000000000e+00 0.000000000000000000e+00
-1.267009999999999970e+01 0.000000000000000000e+00 0.000000000000000000e+00 0.000000000000000000e+00
-1.265650000000000119e+01 0.000000000000000000e+00 0.000000000000000000e+00 0.000000000000000000e+00
-1.264290000000000092e+01 0.000000000000000000e+00 0.000000000000000000e+00 0.000000000000000000e+00
-1.262930000000000064e+01 0.000000000000000000e+00 0.000000000000000000e+00 0.000000000000000000e+00
-1.261570000000000036e+01 0.000000000000000000e+00 0.000000000000000000e+00 0.000000000000000000e+00
-1.260210000000000008e+01 0.000000000000000000e+00 0.000000000000000000e+00 0.000000000000000000e+00
-1.258849999999999980e+01 0.000000000000000000e+00 0.000000000000000000e+00 0.000000000000000000e+00
-1.257490000000000130e+01 0.000000000000000000e+00 0.000000000000000000e+00 0.000000000000000000e+00
-1.256130000000000102e+01 0.000000000000000000e+00 0.000000000000000000e+00 0.000000000000000000e+00
-1.254780000000000051e+01 0.000000000000000000e+00 0.000000000000000000e+00 0.000000000000000000e+00
-1.253420000000000023e+01 0.000000000000000000e+00 0.000000000000000000e+00 0.000000000000000000e+00
-1.252059999999999995e+01 0.000000000000000000e+00 0.000000000000000000e+00 0.000000000000000000e+00
-1.250699999999999967e+01 0.000000000000000000e+00 0.000000000000000000e+00 0.000000000000000000e+00
-1.249340000000000117e+01 0.000000000000000000e+00 0.000000000000000000e+00 0.000000000000000000e+00
-1.247980000000000089e+01 0.000000000000000000e+00 0.000000000000000000e+00 0.000000000000000000e+00
-1.246620000000000061e+01 0.000000000000000000e+00 0.000000000000000000e+00 0.000000000000000000e+00
-1.245260000000000034e+01 0.000000000000000000e+00 0.000000000000000000e+00 0.000000000000000000e+00
-1.243900000000000006e+01 0.000000000000000000e+00 0.000000000000000000e+00 0.000000000000000000e+00
-1.242539999999999978e+01 0.000000000000000000e+00 0.000000000000000000e+00 0.000000000000000000e+00
-1.241180000000000128e+01 0.000000000000000000e+00 0.000000000000000000e+00 0.000000000000000000e+00
-1.239820000000000100e+01 0.000000000000000000e+00 0.000000000000000000e+00 0.000000000000000000e+00
-1.238470000000000049e+01 0.000000000000000000e+00 0.000000000000000000e+00 0.000000000000000000e+00
-1.237110000000000021e+01 0.000000000000000000e+00 0.000000000000000000e+00 0.000000000000000000e+00
-1.235749999999999993e+01 0.000000000000000000e+00 0.000000000000000000e+00 0.000000000000000000e+00
-1.234389999999999965e+01 0.000000000000000000e+00 0.000000000000000000e+00 0.000000000000000000e+00
-1.233030000000000115e+01 0.000000000000000000e+00 0.000000000000000000e+00 0.000000000000000000e+00
-1.231670000000000087e+01 0.000000000000000000e+00 0.000000000000000000e+00 0.000000000000000000e+00
-1.230310000000000059e+01 0.000000000000000000e+00 0.000000000000000000e+00 0.000000000000000000e+00
-1.228950000000000031e+01 0.000000000000000000e+00 0.000000000000000000e+00 0.000000000000000000e+00
-1.227590000000000003e+01 0.000000000000000000e+00 0.000000000000000000e+00 0.000000000000000000e+00
-1.226229999999999976e+01 0.000000000000000000e+00 0.000000000000000000e+00 0.000000000000000000e+00
-1.224870000000000125e+01 0.000000000000000000e+00 0.000000000000000000e+00 0.000000000000000000e+00
-1.223510000000000097e+01 0.000000000000000000e+00 0.000000000000000000e+00 0.000000000000000000e+00
-1.222150000000000070e+01 0.000000000000000000e+00 0.000000000000000000e+00 0.000000000000000000e+00
-1.220800000000000018e+01 0.000000000000000000e+00 0.000000000000000000e+00 0.000000000000000000e+00
-1.219439999999999991e+01 0.000000000000000000e+00 0.000000000000000000e+00 0.000000000000000000e+00
-1.218079999999999963e+01 0.000000000000000000e+00 0.000000000000000000e+00 0.000000000000000000e+00
-1.216720000000000113e+01 0.000000000000000000e+00 0.000000000000000000e+00 0.000000000000000000e+00
-1.215360000000000085e+01 0.000000000000000000e+00 0.000000000000000000e+00 0.000000000000000000e+00
-1.214000000000000057e+01 0.000000000000000000e+00 0.000000000000000000e+00 0.000000000000000000e+00
-1.212640000000000029e+01 0.000000000000000000e+00 0.000000000000000000e+00 0.000000000000000000e+00
-1.211280000000000001e+01 0.000000000000000000e+00 0.000000000000000000e+00 0.000000000000000000e+00
-1.209919999999999973e+01 0.000000000000000000e+00 0.000000000000000000e+00 0.000000000000000000e+00
-1.208560000000000123e+01 0.000000000000000000e+00 0.000000000000000000e+00 0.000000000000000000e+00
-1.207200000000000095e+01 0.000000000000000000e+00 0.000000000000000000e+00 0.000000000000000000e+00
-1.205840000000000067e+01 0.000000000000000000e+00 0.000000000000000000e+00 0.000000000000000000e+00
-1.204490000000000016e+01 0.000000000000000000e+00 0.000000000000000000e+00 0.000000000000000000e+00
-1.203129999999999988e+01 0.000000000000000000e+00 0.000000000000000000e+00 0.000000000000000000e+00
-1.201770000000000138e+01 0.000000000000000000e+00 0.000000000000000000e+00 0.000000000000000000e+00
-1.200410000000000110e+01 0.000000000000000000e+00 0.000000000000000000e+00 0.000000000000000000e+00
-1.199050000000000082e+01 0.000000000000000000e+00 0.000000000000000000e+00 0.000000000000000000e+00
-1.197690000000000055e+01 0.000000000000000000e+00 0.000000000000000000e+00 0.000000000000000000e+00
-1.196330000000000027e+01 0.000000000000000000e+00 0.000000000000000000e+00 0.000000000000000000e+00
-1.194969999999999999e+01 0.000000000000000000e+00 0.000000000000000000e+00 0.000000000000000000e+00
-1.193609999999999971e+01 0.000000000000000000e+00 0.000000000000000000e+00 0.000000000000000000e+00
-1.192250000000000121e+01 0.000000000000000000e+00 0.000000000000000000e+00 0.000000000000000000e+00
-1.190890000000000093e+01 0.000000000000000000e+00 0.000000000000000000e+00 0.000000000000000000e+00
-1.189530000000000065e+01 0.000000000000000000e+00 0.000000000000000000e+00 0.000000000000000000e+00
-1.188170000000000037e+01 0.000000000000000000e+00 0.000000000000000000e+00 0.000000000000000000e+00
-1.186819999999999986e+01 0.000000000000000000e+00 0.000000000000000000e+00 0.000000000000000000e+00
-1.185460000000000136e+01 0.000000000000000000e+00 0.000000000000000000e+00 0.000000000000000000e+00
-1.184100000000000108e+01 0.000000000000000000e+00 0.000000000000000000e+00 0.000000000000000000e+00
-1.182740000000000080e+01 0.000000000000000000e+00 0.000000000000000000e+00 0.000000000000000000e+00
-1.181380000000000052e+01 0.000000000000000000e+00 0.000000000000000000e+00 0.000000000000000000e+00
-1.180020000000000024e+01 0.000000000000000000e+00 0.000000000000000000e+00 0.000000000000000000e+00
-1.178659999999999997e+01 0.000000000000000000e+00 0.000000000000000000e+00 0.000000000000000000e+00
-1.177299999999999969e+01 0.000000000000000000e+00 0.000000000000000000e+00 0.000000000000000000e+00
-1.175940000000000119e+01 0.000000000000000000e+00 0.000000000000000000e+00 0.000000000000000000e+00
-1.174580000000000091e+01 0.000000000000000000e+00 0.000000000000000000e+00 0.000000000000000000e+00
-1.173220000000000063e+01 0.000000000000000000e+00 0.000000000000000000e+00 0.000000000000000000e+00
-1.171860000000000035e+01 0.000000000000000000e+00 0.000000000000000000e+00 0.000000000000000000e+00
-1.170509999999999984e+01 0.000000000000000000e+00 0.000000000000000000e+00 0.000000000000000000e+00
-1.169150000000000134e+01 0.000000000000000000e+00 0.000000000000000000e+00 0.000000000000000000e+00
-1.167790000000000106e+01 0.000000000000000000e+00 0.000000000000000000e+00 0.000000000000000000e+00
-1.166430000000000078e+01 0.000000000000000000e+00 0.000000000000000000e+00 0.000000000000000000e+00
-1.165070000000000050e+01 0.000000000000000000e+00 0.000000000000000000e+00 0.000000000000000000e+00
-1.163710000000000022e+01 0.000000000000000000e+00 0.000000000000000000e+00 0.000000000000000000e+00
-1.162349999999999994e+01 0.000000000000000000e+00 0.000000000000000000e+00 0.000000000000000000e+00
-1.160989999999999966e+01 0.000000000000000000e+00 0.000000000000000000e+00 0.000000000000000000e+00
-1.159630000000000116e+01 0.000000000000000000e+00 0.000000000000000000e+00 0.000000000000000000e+00
-1.158270000000000088e+01 0.000000000000000000e+00 0.000000000000000000e+00 0.000000000000000000e+00
-1.156910000000000061e+01 0.000000000000000000e+00 0.000000000000000000e+00 0.000000000000000000e+00
-1.155550000000000033e+01 0.000000000000000000e+00 0.000000000000000000e+00 0.000000000000000000e+00
-1.154190000000000005e+01 0.000000000000000000e+00 0.000000000000000000e+00 0.000000000000000000e+00
-1.152840000000000131e+01 0.000000000000000000e+00 0.000000000000000000e+00 0.000000000000000000e+00
-1.151480000000000103e+01 0.000000000000000000e+00 0.000000000000000000e+00 0.000000000000000000e+00
-1.150120000000000076e+01 0.000000000000000000e+00 0.000000000000000000e+00 0.000000000000000000e+00
-1.148760000000000048e+01 0.000000000000000000e+00 0.000000000000000000e+00 0.000000000000000000e+00
-1.147400000000000020e+01 0.000000000000000000e+00 0.000000000000000000e+00 0.000000000000000000e+00
-1.146039999999999992e+01 0.000000000000000000e+00 0.000000000000000000e+00 0.000000000000000000e+00
-1.144679999999999964e+01 0.000000000000000000e+00 0.000000000000000000e+00 0.000000000000000000e+00
-1.143319999999999936e+01 0.000000000000000000e+00 0.000000000000000000e+00 0.000000000000000000e+00
-1.141960000000000086e+01 0.000000000000000000e+00 0.000000000000000000e+00 0.000000000000000000e+00
-1.140600000000000058e+01 0.000000000000000000e+00 0.000000000000000000e+00 0.000000000000000000e+00
-1.139240000000000030e+01 0.000000000000000000e+00 0.000000000000000000e+00 0.000000000000000000e+00
-1.137880000000000003e+01 0.000000000000000000e+00 0.000000000000000000e+00 0.000000000000000000e+00
-1.136529999999999951e+01 0.000000000000000000e+00 0.000000000000000000e+00 0.000000000000000000e+00
-1.135169999999999924e+01 0.000000000000000000e+00 0.000000000000000000e+00 0.000000000000000000e+00
-1.133810000000000073e+01 0.000000000000000000e+00 0.000000000000000000e+00 0.000000000000000000e+00
-1.132450000000000045e+01 0.000000000000000000e+00 0.000000000000000000e+00 0.000000000000000000e+00
-1.131090000000000018e+01 0.000000000000000000e+00 0.000000000000000000e+00 0.000000000000000000e+00
-1.129729999999999990e+01 0.000000000000000000e+00 0.000000000000000000e+00 0.000000000000000000e+00
-1.128369999999999962e+01 0.000000000000000000e+00 0.000000000000000000e+00 0.000000000000000000e+00
-1.127009999999999934e+01 0.000000000000000000e+00 0.000000000000000000e+00 0.000000000000000000e+00
-1.125650000000000084e+01 0.000000000000000000e+00 0.000000000000000000e+00 0.000000000000000000e+00
-1.124290000000000056e+01 0.000000000000000000e+00 0.000000000000000000e+00 0.000000000000000000e+00
-1.122930000000000028e+01 0.000000000000000000e+00 0.000000000000000000e+00 0.000000000000000000e+00
-1.121570000000000000e+01 0.000000000000000000e+00 0.000000000000000000e+00 0.000000000000000000e+00
-1.120209999999999972e+01 0.000000000000000000e+00 0.000000000000000000e+00 0.000000000000000000e+00
-1.118859999999999921e+01 0.000000000000000000e+00 0.000000000000000000e+00 0.000000000000000000e+00
-1.117500000000000071e+01 0.000000000000000000e+00 0.000000000000000000e+00 0.000000000000000000e+00
-1.116140000000000043e+01 0.000000000000000000e+00 0.000000000000000000e+00 0.000000000000000000e+00
-1.114780000000000015e+01 0.000000000000000000e+00 0.000000000000000000e+00 0.000000000000000000e+00
-1.113419999999999987e+01 0.000000000000000000e+00 0.000000000000000000e+00 0.000000000000000000e+00
-1.112059999999999960e+01 0.000000000000000000e+00 0.000000000000000000e+00 0.000000000000000000e+00
-1.110699999999999932e+01 0.000000000000000000e+00 0.000000000000000000e+00 0.000000000000000000e+00
-1.109340000000000082e+01 0.000000000000000000e+00 0.000000000000000000e+00 0.000000000000000000e+00
-1.107980000000000054e+01 0.000000000000000000e+00 0.000000000000000000e+00 0.000000000000000000e+00
-1.106620000000000026e+01 0.000000000000000000e+00 0.000000000000000000e+00 0.000000000000000000e+00
-1.105259999999999998e+01 0.000000000000000000e+00 0.000000000000000000e+00 0.000000000000000000e+00
-1.103899999999999970e+01 0.000000000000000000e+00 0.000000000000000000e+00 0.000000000000000000e+00
-1.102549999999999919e+01 0.000000000000000000e+00 0.000000000000000000e+00 0.000000000000000000e+00
-1.101190000000000069e+01 0.000000000000000000e+00 0.000000000000000000e+00 0.000000000000000000e+00
-1.099830000000000041e+01 0.000000000000000000e+00 0.000000000000000000e+00 0.000000000000000000e+00
-1.098470000000000013e+01 0.000000000000000000e+00 0.000000000000000000e+00 0.000000000000000000e+00
-1.097109999999999985e+01 0.000000000000000000e+00 0.000000000000000000e+00 0.000000000000000000e+00
-1.095749999999999957e+01 0.000000000000000000e+00 0.000000000000000000e+00 0.000000000000000000e+00
-1.094389999999999930e+01 0.000000000000000000e+00 0.000000000000000000e+00 0.000000000000000000e+00
-1.093030000000000079e+01 0.000000000000000000e+00 0.000000000000000000e+00 0.000000000000000000e+00
-1.091670000000000051e+01 0.000000000000000000e+00 0.000000000000000000e+00 0.000000000000000000e+00
-1.090310000000000024e+01 0.000000000000000000e+00 0.000000000000000000e+00 0.000000000000000000e+00
-1.088949999999999996e+01 0.000000000000000000e+00 0.000000000000000000e+00 0.000000000000000000e+00
-1.087589999999999968e+01 0.000000000000000000e+00 0.000000000000000000e+00 0.000000000000000000e+00
-1.086229999999999940e+01 0.000000000000000000e+00 0.000000000000000000e+00 0.000000000000000000e+00
-1.084880000000000067e+01 0.000000000000000000e+00 0.000000000000000000e+00 0.000000000000000000e+00
-1.083520000000000039e+01 0.000000000000000000e+00 0.000000000000000000e+00 0.000000000000000000e+00
-1.082160000000000011e+01 0.000000000000000000e+00 0.000000000000000000e+00 0.000000000000000000e+00
-1.080799999999999983e+01 0.000000000000000000e+00 0.000000000000000000e+00 0.000000000000000000e+00
-1.079439999999999955e+01 0.000000000000000000e+00 0.000000000000000000e+00 0.000000000000000000e+00
-1.078079999999999927e+01 0.000000000000000000e+00 0.000000000000000000e+00 0.000000000000000000e+00
-1.076720000000000077e+01 0.000000000000000000e+00 0.000000000000000000e+00 0.000000000000000000e+00
-1.075360000000000049e+01 0.000000000000000000e+00 0.000000000000000000e+00 0.000000000000000000e+00
-1.074000000000000021e+01 0.000000000000000000e+00 0.000000000000000000e+00 0.000000000000000000e+00
-1.072639999999999993e+01 0.000000000000000000e+00 0.000000000000000000e+00 0.000000000000000000e+00
-1.071279999999999966e+01 0.000000000000000000e+00 0.000000000000000000e+00 0.000000000000000000e+00
-1.069919999999999938e+01 0.000000000000000000e+00 0.000000000000000000e+00 0.000000000000000000e+00
-1.068570000000000064e+01 0.000000000000000000e+00 0.000000000000000000e+00 0.000000000000000000e+00
-1.067210000000000036e+01 0.000000000000000000e+00 0.000000000000000000e+00 0.000000000000000000e+00
-1.065850000000000009e+01 0.000000000000000000e+00 0.000000000000000000e+00 0.000000000000000000e+00
-1.064489999999999981e+01 0.000000000000000000e+00 0.000000000000000000e+00 0.000000000000000000e+00
-1.063129999999999953e+01 0.000000000000000000e+00 0.000000000000000000e+00 0.000000000000000000e+00
-1.061769999999999925e+01 0.000000000000000000e+00 0.000000000000000000e+00 0.000000000000000000e+00
-1.060410000000000075e+01 0.000000000000000000e+00 0.000000000000000000e+00 0.000000000000000000e+00
-1.059050000000000047e+01 0.000000000000000000e+00 0.000000000000000000e+00 0.000000000000000000e+00
-1.057690000000000019e+01 0.000000000000000000e+00 0.000000000000000000e+00 0.000000000000000000e+00
-1.056329999999999991e+01 0.000000000000000000e+00 0.000000000000000000e+00 0.000000000000000000e+00
-1.054969999999999963e+01 0.000000000000000000e+00 0.000000000000000000e+00 0.000000000000000000e+00
-1.053609999999999935e+01 0.000000000000000000e+00 0.000000000000000000e+00 0.000000000000000000e+00
-1.052250000000000085e+01 0.000000000000000000e+00 0.000000000000000000e+00 0.000000000000000000e+00
-1.050900000000000034e+01 0.000000000000000000e+00 0.000000000000000000e+00 0.000000000000000000e+00
-1.049540000000000006e+01 0.000000000000000000e+00 0.000000000000000000e+00 0.000000000000000000e+00
-1.048179999999999978e+01 0.000000000000000000e+00 0.000000000000000000e+00 0.000000000000000000e+00
-1.046819999999999951e+01 0.000000000000000000e+00 0.000000000000000000e+00 0.000000000000000000e+00
-1.045459999999999923e+01 0.000000000000000000e+00 0.000000000000000000e+00 0.000000000000000000e+00
-1.044100000000000072e+01 0.000000000000000000e+00 0.000000000000000000e+00 0.000000000000000000e+00
-1.042740000000000045e+01 0.000000000000000000e+00 0.000000000000000000e+00 0.000000000000000000e+00
-1.041380000000000017e+01 0.000000000000000000e+00 0.000000000000000000e+00 0.000000000000000000e+00
-1.040019999999999989e+01 0.000000000000000000e+00 0.000000000000000000e+00 0.000000000000000000e+00
-1.038659999999999961e+01 0.000000000000000000e+00 0.000000000000000000e+00 0.000000000000000000e+00
-1.037299999999999933e+01 0.000000000000000000e+00 0.000000000000000000e+00 0.000000000000000000e+00
-1.035940000000000083e+01 0.000000000000000000e+00 0.000000000000000000e+00 0.000000000000000000e+00
-1.034590000000000032e+01 0.000000000000000000e+00 0.000000000000000000e+00 0.000000000000000000e+00
-1.033230000000000004e+01 0.000000000000000000e+00 0.000000000000000000e+00 0.000000000000000000e+00
-1.031869999999999976e+01 0.000000000000000000e+00 0.000000000000000000e+00 0.000000000000000000e+00
-1.030509999999999948e+01 0.000000000000000000e+00 0.000000000000000000e+00 0.000000000000000000e+00
-1.029149999999999920e+01 0.000000000000000000e+00 0.000000000000000000e+00 0.000000000000000000e+00
-1.027790000000000070e+01 0.000000000000000000e+00 0.000000000000000000e+00 0.000000000000000000e+00
-1.026430000000000042e+01 0.000000000000000000e+00 0.000000000000000000e+00 0.000000000000000000e+00
-1.025070000000000014e+01 0.000000000000000000e+00 0.000000000000000000e+00 0.000000000000000000e+00
-1.023709999999999987e+01 0.000000000000000000e+00 0.000000000000000000e+00 0.000000000000000000e+00
-1.022349999999999959e+01 0.000000000000000000e+00 0.000000000000000000e+00 0.000000000000000000e+00
-1.020989999999999931e+01 0.000000000000000000e+00 0.000000000000000000e+00 0.000000000000000000e+00
-1.019630000000000081e+01 0.000000000000000000e+00 0.000000000000000000e+00 0.000000000000000000e+00
-1.018270000000000053e+01 0.000000000000000000e+00 0.000000000000000000e+00 0.000000000000000000e+00
-1.016920000000000002e+01 0.000000000000000000e+00 0.000000000000000000e+00 0.000000000000000000e+00
-1.015559999999999974e+01 0.000000000000000000e+00 0.000000000000000000e+00 0.000000000000000000e+00
-1.014199999999999946e+01 0.000000000000000000e+00 0.000000000000000000e+00 0.000000000000000000e+00
-1.012840000000000096e+01 0.000000000000000000e+00 0.000000000000000000e+00 0.000000000000000000e+00
-1.011480000000000068e+01 0.000000000000000000e+00 0.000000000000000000e+00 0.000000000000000000e+00
-1.010120000000000040e+01 0.000000000000000000e+00 0.000000000000000000e+00 0.000000000000000000e+00
-1.008760000000000012e+01 0.000000000000000000e+00 0.000000000000000000e+00 0.000000000000000000e+00
-1.007399999999999984e+01 0.000000000000000000e+00 0.000000000000000000e+00 0.000000000000000000e+00
-1.006039999999999957e+01 0.000000000000000000e+00 0.000000000000000000e+00 0.000000000000000000e+00
-1.004679999999999929e+01 0.000000000000000000e+00 0.000000000000000000e+00 0.000000000000000000e+00
-1.003320000000000078e+01 0.000000000000000000e+00 0.000000000000000000e+00 0.000000000000000000e+00
-1.001960000000000051e+01 0.000000000000000000e+00 0.000000000000000000e+00 0.000000000000000000e+00
-1.000609999999999999e+01 0.000000000000000000e+00 0.000000000000000000e+00 0.000000000000000000e+00
-9.992499999999999716e+00 4.000000000000000192e-04 0.000000000000000000e+00 0.000000000000000000e+00
-9.978899999999999437e+00 3.199999999999999720e-03 1.200000000000000329e-03 1.599999999999999860e-03
-9.965300000000000935e+00 1.200000000000000025e-02 5.599999999999999943e-03 7.199999999999999803e-03
-9.951700000000000657e+00 2.599999999999999881e-02 1.600000000000000033e-02 2.040000000000000147e-02
-9.938100000000000378e+00 3.799999999999999212e-02 3.079999999999999405e-02 3.400000000000000244e-02
-9.924500000000000099e+00 3.520000000000000212e-02 3.599999999999999728e-02 3.799999999999999906e-02
-9.910899999999999821e+00 2.120000000000000009e-02 2.799999999999999711e-02 2.799999999999999711e-02
-9.897299999999999542e+00 2.239999999999999630e-02 2.919999999999999679e-02 3.479999999999999760e-02
-9.883699999999999264e+00 5.080000000000000487e-02 6.079999999999999294e-02 7.480000000000001925e-02
-9.870100000000000762e+00 8.360000000000000764e-02 9.600000000000001588e-02 1.171999999999999986e-01
-9.856500000000000483e+00 9.159999999999998699e-02 1.103999999999999981e-01 1.399999999999999856e-01
-9.842900000000000205e+00 8.399999999999999134e-02 1.112000000000000072e-01 1.487999999999999878e-01
-9.829399999999999693e+00 6.559999999999999165e-02 8.840000000000000635e-02 1.215999999999999859e-01
-9.815799999999999415e+00 4.719999999999999196e-02 6.919999999999999762e-02 9.919999999999999651e-02
-9.802200000000000912e+00 4.920000000000000068e-02 8.240000000000001490e-02 1.224000000000000088e-01
-9.788600000000000634e+00 4.719999999999999890e-02 8.119999999999999440e-02 1.247999999999999943e-01
-9.775000000000000355e+00 2.720000000000000195e-02 4.760000000000000342e-02 7.480000000000000537e-02
-9.761400000000000077e+00 8.399999999999999481e-03 1.480000000000000066e-02 2.440000000000000155e-02
-9.747799999999999798e+00 1.200000000000000329e-03 2.400000000000000223e-03 3.200000000000000587e-03
-9.734199999999999520e+00 8.000000000000001468e-04 8.000000000000001468e-04 4.000000000000000192e-04
-9.720599999999999241e+00 3.199999999999999720e-03 6.400000000000001174e-03 5.200000000000000629e-03
-9.707000000000000739e+00 1.279999999999999888e-02 2.359999999999999945e-02 2.200000000000000219e-02
-9.693400000000000460e+00 3.079999999999999752e-02 5.119999999999999551e-02 5.279999999999999277e-02
-9.679800000000000182e+00 5.400000000000000633e-02 7.520000000000000295e-02 9.040000000000000813e-02
-9.666299999999999670e+00 8.360000000000000764e-02 1.000000000000000056e-01 1.456000000000000072e-01
-9.652699999999999392e+00 1.179999999999999938e-01 1.303999999999999881e-01 2.200000000000000011e-01
-9.639100000000000890e+00 1.231999999999999901e-01 1.343999999999999917e-01 2.424000000000000044e-01
-9.625500000000000611e+00 7.640000000000000957e-02 8.839999999999997859e-02 1.587999999999999690e-01
-9.611900000000000333e+00 2.560000000000000470e-02 3.280000000000000276e-02 5.639999999999999875e-02
-9.598300000000000054e+00 4.800000000000000447e-03 6.400000000000001174e-03 1.000000000000000021e-02
-9.584699999999999775e+00 4.000000000000000192e-04 0.000000000000000000e+00 0.000000000000000000e+00
-9.571099999999999497e+00 0.000000000000000000e+00 0.000000000000000000e+00 0.000000000000000000e+00
-9.557499999999999218e+00 0.000000000000000000e+00 0.000000000000000000e+00 0.000000000000000000e+00
-9.543900000000000716e+00 0.000000000000000000e+00 0.000000000000000000e+00 0.000000000000000000e+00
-9.530300000000000438e+00 8.000000000000001468e-04 0.000000000000000000e+00 0.000000000000000000e+00
-9.516700000000000159e+00 5.999999999999999258e-03 1.200000000000000112e-03 2.400000000000000223e-03
-9.503099999999999881e+00 2.839999999999999469e-02 9.199999999999999845e-03 1.519999999999999823e-02
-9.489599999999999369e+00 6.880000000000000004e-02 2.639999999999999986e-02 4.199999999999999567e-02
-9.476000000000000867e+00 9.800000000000000377e-02 4.839999999999999858e-02 7.359999999999999876e-02
-9.462400000000000588e+00 1.028000000000000025e-01 7.360000000000001263e-02 1.080000000000000127e-01
-9.448800000000000310e+00 9.560000000000001830e-02 9.600000000000001588e-02 1.411999999999999922e-01
-9.435200000000000031e+00 7.799999999999999989e-02 1.028000000000000025e-01 1.539999999999999980e-01
-9.421599999999999753e+00 6.519999999999999407e-02 9.679999999999999716e-02 1.580000000000000016e-01
-9.407999999999999474e+00 5.319999999999999729e-02 7.719999999999999085e-02 1.363999999999999935e-01
-9.394399999999999196e+00 3.600000000000000422e-02 5.120000000000000245e-02 9.959999999999998022e-02
-9.380800000000000693e+00 2.680000000000000090e-02 3.959999999999999631e-02 8.880000000000000393e-02
-9.367200000000000415e+00 2.320000000000000187e-02 3.440000000000000002e-02 8.679999999999998828e-02
-9.353600000000000136e+00 2.040000000000000147e-02 2.400000000000000050e-02 6.400000000000000133e-02
-9.339999999999999858e+00 2.840000000000000163e-02 1.440000000000000134e-02 3.680000000000000632e-02
-9.326499999999999346e+00 5.240000000000000213e-02 1.159999999999999920e-02 2.560000000000000123e-02
-9.312900000000000844e+00 7.919999999999999263e-02 1.480000000000000066e-02 2.920000000000000373e-02
-9.299300000000000566e+00 7.880000000000000893e-02 1.560000000000000102e-02 2.879999999999999921e-02
-9.285700000000000287e+00 6.160000000000000198e-02 1.480000000000000066e-02 2.520000000000000018e-02
-9.272100000000000009e+00 6.279999999999999472e-02 2.159999999999999767e-02 3.359999999999999792e-02
-9.258499999999999730e+00 7.280000000000001747e-02 2.999999999999999889e-02 4.960000000000000520e-02
-9.244899999999999451e+00 7.799999999999999989e-02 3.440000000000000002e-02 6.520000000000000795e-02
-9.231300000000000949e+00 8.359999999999999376e-02 4.479999999999999954e-02 8.320000000000001006e-02
-9.217700000000000671e+00 8.600000000000000699e-02 6.319999999999999230e-02 1.036000000000000115e-01
-9.204100000000000392e+00 8.839999999999999247e-02 8.400000000000000522e-02 1.275999999999999912e-01
-9.190500000000000114e+00 9.439999999999999780e-02 9.040000000000000813e-02 1.396000000000000296e-01
-9.176899999999999835e+00 1.044000000000000206e-01 7.599999999999999811e-02 1.292000000000000093e-01
-9.163299999999999557e+00 1.111999999999999933e-01 6.160000000000000198e-02 1.224000000000000088e-01
-9.149800000000000821e+00 1.083999999999999964e-01 5.359999999999999487e-02 1.207999999999999907e-01
-9.136200000000000543e+00 1.055999999999999855e-01 4.279999999999999083e-02 9.680000000000001104e-02
-9.122600000000000264e+00 9.199999999999998457e-02 3.559999999999999970e-02 7.320000000000000118e-02
-9.108999999999999986e+00 7.280000000000000360e-02 3.519999999999999518e-02 7.399999999999999634e-02
-9.095399999999999707e+00 7.720000000000000473e-02 3.960000000000000325e-02 8.880000000000001781e-02
-9.081799999999999429e+00 1.212000000000000161e-01 4.560000000000000164e-02 9.679999999999999716e-02
-9.068200000000000927e+00 1.668000000000000316e-01 5.079999999999999793e-02 9.600000000000000200e-02
-9.054600000000000648e+00 1.759999999999999898e-01 4.800000000000000100e-02 7.879999999999999505e-02
-9.041000000000000369e+00 1.340000000000000080e-01 4.079999999999999599e-02 5.840000000000000746e-02
-9.027400000000000091e+00 9.800000000000000377e-02 4.479999999999999261e-02 6.960000000000000908e-02
-9.013799999999999812e+00 1.247999999999999943e-01 6.679999999999999827e-02 1.132000000000000089e-01
-9.000199999999999534e+00 1.872000000000000330e-01 8.959999999999999909e-02 1.480000000000000204e-01
-8.986700000000000799e+00 2.236000000000000210e-01 9.479999999999999538e-02 1.548000000000000209e-01
-8.973100000000000520e+00 2.131999999999999729e-01 8.599999999999999312e-02 1.447999999999999843e-01
-8.959500000000000242e+00 1.668000000000000038e-01 7.479999999999999150e-02 1.320000000000000062e-01
-8.945899999999999963e+00 1.171999999999999986e-01 7.320000000000000118e-02 1.292000000000000093e-01
-8.932299999999999685e+00 1.095999999999999891e-01 8.639999999999997682e-02 1.464000000000000024e-01
-8.918699999999999406e+00 1.283999999999999864e-01 1.008000000000000007e-01 1.696000000000000285e-01
-8.905100000000000904e+00 1.219999999999999973e-01 9.520000000000000684e-02 1.675999999999999990e-01
-8.891500000000000625e+00 7.799999999999999989e-02 6.480000000000001037e-02 1.239999999999999991e-01
-8.877900000000000347e+00 5.600000000000000810e-02 4.399999999999999745e-02 9.759999999999999232e-02
-8.864300000000000068e+00 8.439999999999998892e-02 5.600000000000000117e-02 1.215999999999999998e-01
-8.850699999999999790e+00 1.140000000000000180e-01 7.479999999999999150e-02 1.524000000000000077e-01
-8.837099999999999511e+00 1.023999999999999910e-01 7.480000000000000537e-02 1.523999999999999799e-01
-8.823499999999999233e+00 8.240000000000001490e-02 6.599999999999998923e-02 1.448000000000000120e-01
-8.810000000000000497e+00 7.959999999999999021e-02 5.960000000000000020e-02 1.363999999999999935e-01
-8.796400000000000219e+00 7.320000000000000118e-02 5.240000000000000213e-02 1.219999999999999973e-01
-8.782799999999999940e+00 5.960000000000000020e-02 4.680000000000000132e-02 1.115999999999999909e-01
-8.769199999999999662e+00 5.200000000000000455e-02 4.720000000000000584e-02 1.159999999999999920e-01
-8.755599999999999383e+00 4.519999999999999712e-02 4.639999999999999680e-02 1.168000000000000149e-01
-8.742000000000000881e+00 4.639999999999999680e-02 5.120000000000000245e-02 1.328000000000000014e-01
-8.728400000000000603e+00 5.840000000000000746e-02 6.000000000000000472e-02 1.659999999999999809e-01
-8.714800000000000324e+00 5.919999999999999568e-02 5.920000000000000262e-02 1.683999999999999941e-01
-8.701200000000000045e+00 3.880000000000000115e-02 4.159999999999999809e-02 1.195999999999999841e-01
-8.687599999999999767e+00 2.000000000000000042e-02 2.399999999999999703e-02 6.840000000000000246e-02
-8.673999999999999488e+00 1.360000000000000098e-02 1.800000000000000211e-02 5.119999999999999551e-02
-8.660399999999999210e+00 9.599999999999999159e-03 1.319999999999999993e-02 3.879999999999999422e-02
-8.646900000000000475e+00 3.999999999999999216e-03 6.000000000000000125e-03 1.920000000000000179e-02
-8.633300000000000196e+00 8.000000000000000383e-04 1.600000000000000294e-03 5.199999999999999761e-03
-8.619699999999999918e+00 0.000000000000000000e+00 0.000000000000000000e+00 0.000000000000000000e+00
-8.606099999999999639e+00 0.000000000000000000e+00 0.000000000000000000e+00 0.000000000000000000e+00
-8.592499999999999361e+00 0.000000000000000000e+00 0.000000000000000000e+00 0.000000000000000000e+00
-8.578900000000000858e+00 0.000000000000000000e+00 0.000000000000000000e+00 0.000000000000000000e+00
-8.565300000000000580e+00 0.000000000000000000e+00 0.000000000000000000e+00 0.000000000000000000e+00
-8.551700000000000301e+00 0.000000000000000000e+00 0.000000000000000000e+00 0.000000000000000000e+00
-8.538100000000000023e+00 0.000000000000000000e+00 0.000000000000000000e+00 0.000000000000000000e+00
-8.524499999999999744e+00 0.000000000000000000e+00 0.000000000000000000e+00 0.000000000000000000e+00
-8.510899999999999466e+00 0.000000000000000000e+00 0.000000000000000000e+00 0.000000000000000000e+00
-8.497299999999999187e+00 0.000000000000000000e+00 0.000000000000000000e+00 0.000000000000000000e+00
-8.483700000000000685e+00 0.000000000000000000e+00 0.000000000000000000e+00 0.000000000000000000e+00
-8.470200000000000173e+00 0.000000000000000000e+00 0.000000000000000000e+00 0.000000000000000000e+00
-8.456599999999999895e+00 0.000000000000000000e+00 0.000000000000000000e+00 0.000000000000000000e+00
-8.442999999999999616e+00 0.000000000000000000e+00 0.000000000000000000e+00 0.000000000000000000e+00
-8.429399999999999338e+00 0.000000000000000000e+00 0.000000000000000000e+00 0.000000000000000000e+00
-8.415800000000000836e+00 0.000000000000000000e+00 0.000000000000000000e+00 0.000000000000000000e+00
-8.402200000000000557e+00 0.000000000000000000e+00 0.000000000000000000e+00 0.000000000000000000e+00
-8.388600000000000279e+00 0.000000000000000000e+00 0.000000000000000000e+00 0.000000000000000000e+00
-8.375000000000000000e+00 0.000000000000000000e+00 0.000000000000000000e+00 0.000000000000000000e+00
-8.361399999999999721e+00 0.000000000000000000e+00 0.000000000000000000e+00 0.000000000000000000e+00
-8.347799999999999443e+00 0.000000000000000000e+00 0.000000000000000000e+00 0.000000000000000000e+00
-8.334200000000000941e+00 0.000000000000000000e+00 0.000000000000000000e+00 0.000000000000000000e+00
-8.320600000000000662e+00 0.000000000000000000e+00 0.000000000000000000e+00 0.000000000000000000e+00
-8.307100000000000151e+00 0.000000000000000000e+00 0.000000000000000000e+00 0.000000000000000000e+00
-8.293499999999999872e+00 0.000000000000000000e+00 0.000000000000000000e+00 0.000000000000000000e+00
-8.279899999999999594e+00 0.000000000000000000e+00 0.000000000000000000e+00 0.000000000000000000e+00
-8.266299999999999315e+00 0.000000000000000000e+00 0.000000000000000000e+00 0.000000000000000000e+00
-8.252700000000000813e+00 0.000000000000000000e+00 0.000000000000000000e+00 0.000000000000000000e+00
-8.239100000000000534e+00 0.000000000000000000e+00 0.000000000000000000e+00 0.000000000000000000e+00
-8.225500000000000256e+00 0.000000000000000000e+00 0.000000000000000000e+00 0.000000000000000000e+00
-8.211899999999999977e+00 0.000000000000000000e+00 0.000000000000000000e+00 0.000000000000000000e+00
-8.198299999999999699e+00 0.000000000000000000e+00 0.000000000000000000e+00 0.000000000000000000e+00
-8.184699999999999420e+00 0.000000000000000000e+00 0.000000000000000000e+00 0.000000000000000000e+00
-8.171100000000000918e+00 0.000000000000000000e+00 0.000000000000000000e+00 0.000000000000000000e+00
-8.157500000000000639e+00 0.000000000000000000e+00 0.000000000000000000e+00 0.000000000000000000e+00
-8.143900000000000361e+00 0.000000000000000000e+00 0.000000000000000000e+00 0.000000000000000000e+00
-8.130399999999999849e+00 0.000000000000000000e+00 0.000000000000000000e+00 0.000000000000000000e+00
-8.116799999999999571e+00 0.000000000000000000e+00 0.000000000000000000e+00 0.000000000000000000e+00
-8.103199999999999292e+00 0.000000000000000000e+00 0.000000000000000000e+00 0.000000000000000000e+00
-8.089600000000000790e+00 0.000000000000000000e+00 0.000000000000000000e+00 0.000000000000000000e+00
-8.076000000000000512e+00 0.000000000000000000e+00 0.000000000000000000e+00 0.000000000000000000e+00
-8.062400000000000233e+00 0.000000000000000000e+00 0.000000000000000000e+00 0.000000000000000000e+00
-8.048799999999999955e+00 0.000000000000000000e+00 0.000000000000000000e+00 0.000000000000000000e+00
-8.035199999999999676e+00 0.000000000000000000e+00 0.000000000000000000e+00 0.000000000000000000e+00
-8.021599999999999397e+00 0.000000000000000000e+00 0.000000000000000000e+00 0.000000000000000000e+00
-8.008000000000000895e+00 0.000000000000000000e+00 0.000000000000000000e+00 0.000000000000000000e+00
-7.994400000000000617e+00 0.000000000000000000e+00 0.000000000000000000e+00 0.000000000000000000e+00
-7.980800000000000338e+00 0.000000000000000000e+00 0.000000000000000000e+00 0.000000000000000000e+00
-7.967299999999999827e+00 0.000000000000000000e+00 0.000000000000000000e+00 0.000000000000000000e+00
-7.953699999999999548e+00 0.000000000000000000e+00 0.000000000000000000e+00 0.000000000000000000e+00
-7.940099999999999270e+00 0.000000000000000000e+00 0.000000000000000000e+00 0.000000000000000000e+00
-7.926500000000000767e+00 0.000000000000000000e+00 0.000000000000000000e+00 0.000000000000000000e+00
-7.912900000000000489e+00 0.000000000000000000e+00 0.000000000000000000e+00 0.000000000000000000e+00
-7.899300000000000210e+00 0.000000000000000000e+00 0.000000000000000000e+00 0.000000000000000000e+00
-7.885699999999999932e+00 0.000000000000000000e+00 0.000000000000000000e+00 0.000000000000000000e+00
-7.872099999999999653e+00 0.000000000000000000e+00 0.000000000000000000e+00 0.000000000000000000e+00
-7.858499999999999375e+00 0.000000000000000000e+00 0.000000000000000000e+00 0.000000000000000000e+00
-7.844900000000000873e+00 0.000000000000000000e+00 0.000000000000000000e+00 0.000000000000000000e+00
-7.831300000000000594e+00 0.000000000000000000e+00 0.000000000000000000e+00 0.000000000000000000e+00
-7.817700000000000315e+00 0.000000000000000000e+00 0.000000000000000000e+00 0.000000000000000000e+00
-7.804100000000000037e+00 0.000000000000000000e+00 0.000000000000000000e+00 0.000000000000000000e+00
-7.790599999999999525e+00 0.000000000000000000e+00 0.000000000000000000e+00 0.000000000000000000e+00
-7.776999999999999247e+00 0.000000000000000000e+00 0.000000000000000000e+00 0.000000000000000000e+00
-7.763400000000000745e+00 0.000000000000000000e+00 0.000000000000000000e+00 0.000000000000000000e+00
-7.749800000000000466e+00 0.000000000000000000e+00 0.000000000000000000e+00 0.000000000000000000e+00
-7.736200000000000188e+00 0.000000000000000000e+00 0.000000000000000000e+00 0.000000000000000000e+00
-7.722599999999999909e+00 0.000000000000000000e+00 0.000000000000000000e+00 0.000000000000000000e+00
-7.708999999999999631e+00 0.000000000000000000e+00 0.000000000000000000e+00 0.000000000000000000e+00
-7.695399999999999352e+00 0.000000000000000000e+00 0.000000000000000000e+00 0.000000000000000000e+00
-7.681800000000000850e+00 0.000000000000000000e+00 0.000000000000000000e+00 0.000000000000000000e+00
-7.668200000000000571e+00 0.000000000000000000e+00 0.000000000000000000e+00 0.000000000000000000e+00
-7.654600000000000293e+00 0.000000000000000000e+00 0.000000000000000000e+00 0.000000000000000000e+00
-7.641000000000000014e+00 0.000000000000000000e+00 0.000000000000000000e+00 0.000000000000000000e+00
-7.627499999999999503e+00 0.000000000000000000e+00 0.000000000000000000e+00 0.000000000000000000e+00
-7.613899999999999224e+00 0.000000000000000000e+00 0.000000000000000000e+00 0.000000000000000000e+00
-7.600300000000000722e+00 0.000000000000000000e+00 0.000000000000000000e+00 0.000000000000000000e+00
-7.586700000000000443e+00 0.000000000000000000e+00 0.000000000000000000e+00 0.000000000000000000e+00
-7.573100000000000165e+00 0.000000000000000000e+00 0.000000000000000000e+00 0.000000000000000000e+00
-7.559499999999999886e+00 0.000000000000000000e+00 0.000000000000000000e+00 0.000000000000000000e+00
-7.545899999999999608e+00 0.000000000000000000e+00 0.000000000000000000e+00 0.000000000000000000e+00
-7.532299999999999329e+00 0.000000000000000000e+00 0.000000000000000000e+00 0.000000000000000000e+00
-7.518700000000000827e+00 0.000000000000000000e+00 0.000000000000000000e+00 0.000000000000000000e+00
-7.505100000000000549e+00 0.000000000000000000e+00 0.000000000000000000e+00 0.000000000000000000e+00
-7.491500000000000270e+00 0.000000000000000000e+00 0.000000000000000000e+00 0.000000000000000000e+00
-7.477899999999999991e+00 0.000000000000000000e+00 0.000000000000000000e+00 0.000000000000000000e+00
-7.464299999999999713e+00 0.000000000000000000e+00 0.000000000000000000e+00 0.000000000000000000e+00
-7.450800000000000090e+00 0.000000000000000000e+00 0.000000000000000000e+00 0.000000000000000000e+00
-7.437200000000000699e+00 0.000000000000000000e+00 0.000000000000000000e+00 0.000000000000000000e+00
-7.423600000000000421e+00 0.000000000000000000e+00 0.000000000000000000e+00 0.000000000000000000e+00
-7.410000000000000142e+00 0.000000000000000000e+00 0.000000000000000000e+00 0.000000000000000000e+00
-7.396399999999999864e+00 0.000000000000000000e+00 0.000000000000000000e+00 0.000000000000000000e+00
-7.382799999999999585e+00 0.000000000000000000e+00 0.000000000000000000e+00 0.000000000000000000e+00
-7.369200000000000195e+00 0.000000000000000000e+00 0.000000000000000000e+00 0.000000000000000000e+00
-7.355599999999999916e+00 0.000000000000000000e+00 0.000000000000000000e+00 0.000000000000000000e+00
-7.342000000000000526e+00 0.000000000000000000e+00 0.000000000000000000e+00 0.000000000000000000e+00
-7.328400000000000247e+00 0.000000000000000000e+00 0.000000000000000000e+00 0.000000000000000000e+00
-7.314799999999999969e+00 0.000000000000000000e+00 0.000000000000000000e+00 0.000000000000000000e+00
-7.301199999999999690e+00 0.000000000000000000e+00 0.000000000000000000e+00 0.000000000000000000e+00
-7.287700000000000067e+00 0.000000000000000000e+00 0.000000000000000000e+00 0.000000000000000000e+00
-7.274100000000000676e+00 0.000000000000000000e+00 0.000000000000000000e+00 0.000000000000000000e+00
-7.260500000000000398e+00 0.000000000000000000e+00 0.000000000000000000e+00 0.000000000000000000e+00
-7.246900000000000119e+00 0.000000000000000000e+00 0.000000000000000000e+00 0.000000000000000000e+00
-7.233299999999999841e+00 0.000000000000000000e+00 0.000000000000000000e+00 0.000000000000000000e+00
-7.219699999999999562e+00 0.000000000000000000e+00 0.000000000000000000e+00 0.000000000000000000e+00
-7.206100000000000172e+00 0.000000000000000000e+00 0.000000000000000000e+00 0.000000000000000000e+00
-7.192499999999999893e+00 0.000000000000000000e+00 0.000000000000000000e+00 0.000000000000000000e+00
-7.178900000000000503e+00 0.000000000000000000e+00 0.000000000000000000e+00 0.000000000000000000e+00
-7.165300000000000225e+00 0.000000000000000000e+00 0.000000000000000000e+00 0.000000000000000000e+00
-7.151699999999999946e+00 0.000000000000000000e+00 0.000000000000000000e+00 0.000000000000000000e+00
-7.138099999999999667e+00 0.000000000000000000e+00 0.000000000000000000e+00 0.000000000000000000e+00
-7.124500000000000277e+00 0.000000000000000000e+00 0.000000000000000000e+00 0.000000000000000000e+00
-7.111000000000000654e+00 0.000000000000000000e+00 0.000000000000000000e+00 0.000000000000000000e+00
-7.097400000000000375e+00 0.000000000000000000e+00 0.000000000000000000e+00 0.000000000000000000e+00
-7.083800000000000097e+00 0.000000000000000000e+00 0.000000000000000000e+00 0.000000000000000000e+00
-7.070199999999999818e+00 0.000000000000000000e+00 0.000000000000000000e+00 0.000000000000000000e+00
-7.056599999999999540e+00 0.000000000000000000e+00 0.000000000000000000e+00 0.000000000000000000e+00
-7.043000000000000149e+00 0.000000000000000000e+00 0.000000000000000000e+00 0.000000000000000000e+00
-7.029399999999999871e+00 0.000000000000000000e+00 0.000000000000000000e+00 0.000000000000000000e+00
-7.015800000000000480e+00 0.000000000000000000e+00 0.000000000000000000e+00 0.000000000000000000e+00
-7.002200000000000202e+00 0.000000000000000000e+00 0.000000000000000000e+00 0.000000000000000000e+00
-6.988599999999999923e+00 0.000000000000000000e+00 0.000000000000000000e+00 0.000000000000000000e+00
-6.974999999999999645e+00 0.000000000000000000e+00 0.000000000000000000e+00 0.000000000000000000e+00
-6.961400000000000254e+00 0.000000000000000000e+00 0.000000000000000000e+00 0.000000000000000000e+00
-6.947900000000000631e+00 0.000000000000000000e+00 0.000000000000000000e+00 0.000000000000000000e+00
-6.934300000000000352e+00 0.000000000000000000e+00 0.000000000000000000e+00 0.000000000000000000e+00
-6.920700000000000074e+00 0.000000000000000000e+00 0.000000000000000000e+00 0.000000000000000000e+00
-6.907099999999999795e+00 0.000000000000000000e+00 0.000000000000000000e+00 0.000000000000000000e+00
-6.893499999999999517e+00 0.000000000000000000e+00 0.000000000000000000e+00 0.000000000000000000e+00
-6.879900000000000126e+00 0.000000000000000000e+00 0.000000000000000000e+00 0.000000000000000000e+00
-6.866300000000000736e+00 0.000000000000000000e+00 0.000000000000000000e+00 0.000000000000000000e+00
-6.852700000000000458e+00 0.000000000000000000e+00 0.000000000000000000e+00 0.000000000000000000e+00
-6.839100000000000179e+00 0.000000000000000000e+00 0.000000000000000000e+00 0.000000000000000000e+00
-6.825499999999999901e+00 0.000000000000000000e+00 0.000000000000000000e+00 0.000000000000000000e+00
-6.811899999999999622e+00 0.000000000000000000e+00 0.000000000000000000e+00 0.000000000000000000e+00
-6.798300000000000232e+00 0.000000000000000000e+00 0.000000000000000000e+00 0.000000000000000000e+00
-6.784699999999999953e+00 0.000000000000000000e+00 0.000000000000000000e+00 0.000000000000000000e+00
-6.771200000000000330e+00 0.000000000000000000e+00 0.000000000000000000e+00 0.000000000000000000e+00
-6.757600000000000051e+00 0.000000000000000000e+00 0.000000000000000000e+00 0.000000000000000000e+00
-6.743999999999999773e+00 0.000000000000000000e+00 0.000000000000000000e+00 0.000000000000000000e+00
-6.730399999999999494e+00 0.000000000000000000e+00 0.000000000000000000e+00 0.000000000000000000e+00
-6.716800000000000104e+00 0.000000000000000000e+00 0.000000000000000000e+00 0.000000000000000000e+00
-6.703200000000000713e+00 0.000000000000000000e+00 0.000000000000000000e+00 0.000000000000000000e+00
-6.689600000000000435e+00 0.000000000000000000e+00 0.000000000000000000e+00 0.000000000000000000e+00
-6.676000000000000156e+00 0.000000000000000000e+00 0.000000000000000000e+00 0.000000000000000000e+00
-6.662399999999999878e+00 0.000000000000000000e+00 0.000000000000000000e+00 0.000000000000000000e+00
-6.648799999999999599e+00 0.000000000000000000e+00 0.000000000000000000e+00 0.000000000000000000e+00
-6.635200000000000209e+00 0.000000000000000000e+00 0.000000000000000000e+00 0.000000000000000000e+00
-6.621599999999999930e+00 0.000000000000000000e+00 0.000000000000000000e+00 0.000000000000000000e+00
-6.608100000000000307e+00 0.000000000000000000e+00 0.000000000000000000e+00 0.000000000000000000e+00
-6.594500000000000028e+00 0.000000000000000000e+00 0.000000000000000000e+00 0.000000000000000000e+00
-6.580899999999999750e+00 0.000000000000000000e+00 0.000000000000000000e+00 0.000000000000000000e+00
-6.567299999999999471e+00 0.000000000000000000e+00 0.000000000000000000e+00 0.000000000000000000e+00
-6.553700000000000081e+00 0.000000000000000000e+00 0.000000000000000000e+00 0.000000000000000000e+00
-6.540100000000000691e+00 0.000000000000000000e+00 0.000000000000000000e+00 0.000000000000000000e+00
-6.526500000000000412e+00 0.000000000000000000e+00 0.000000000000000000e+00 0.000000000000000000e+00
-6.512900000000000134e+00 0.000000000000000000e+00 0.000000000000000000e+00 0.000000000000000000e+00
-6.499299999999999855e+00 0.000000000000000000e+00 0.000000000000000000e+00 0.000000000000000000e+00
-6.485699999999999577e+00 0.000000000000000000e+00 0.000000000000000000e+00 0.000000000000000000e+00
-6.472100000000000186e+00 0.000000000000000000e+00 0.000000000000000000e+00 0.000000000000000000e+00
-6.458499999999999908e+00 0.000000000000000000e+00 0.000000000000000000e+00 0.000000000000000000e+00
-6.444900000000000517e+00 0.000000000000000000e+00 0.000000000000000000e+00 0.000000000000000000e+00
-6.431400000000000006e+00 0.000000000000000000e+00 0.000000000000000000e+00 0.000000000000000000e+00
-6.417799999999999727e+00 0.000000000000000000e+00 0.000000000000000000e+00 0.000000000000000000e+00
-6.404199999999999449e+00 8.000000000000001468e-04 0.000000000000000000e+00 0.000000000000000000e+00
-6.390600000000000058e+00 8.000000000000000167e-03 0.000000000000000000e+00 8.000000000000001468e-04
-6.377000000000000668e+00 2.799999999999999711e-02 1.200000000000000112e-03 4.000000000000000083e-03
-6.363400000000000389e+00 5.959999999999999326e-02 3.199999999999999720e-03 9.199999999999999845e-03
-6.349800000000000111e+00 1.016000000000000097e-01 6.800000000000000488e-03 1.839999999999999969e-02
-6.336199999999999832e+00 1.484000000000000041e-01 1.039999999999999952e-02 2.960000000000000131e-02
-6.322599999999999554e+00 2.072000000000000230e-01 1.680000000000000243e-02 4.520000000000000406e-02
-6.309000000000000163e+00 2.472000000000000031e-01 2.079999999999999905e-02 5.600000000000000117e-02
-6.295399999999999885e+00 2.423999999999999766e-01 2.039999999999999453e-02 5.679999999999999633e-02
-6.281800000000000495e+00 3.124000000000000110e-01 2.719999999999999502e-02 8.199999999999998956e-02
-6.268299999999999983e+00 4.848000000000000087e-01 4.679999999999999438e-02 1.396000000000000019e-01
-6.254699999999999704e+00 6.043999999999999373e-01 6.080000000000000682e-02 1.867999999999999938e-01
-6.241099999999999426e+00 7.211999999999999522e-01 7.320000000000000118e-02 2.500000000000000000e-01
-6.227500000000000036e+00 8.812000000000000943e-01 9.000000000000001055e-02 3.311999999999999944e-01
-6.213900000000000645e+00 8.467999999999999972e-01 8.760000000000001119e-02 3.347999999999999310e-01
-6.200300000000000367e+00 6.984000000000000208e-01 7.359999999999999876e-02 2.835999999999999632e-01
-6.186700000000000088e+00 6.723999999999999977e-01 6.959999999999999520e-02 2.731999999999999984e-01
-6.173099999999999810e+00 7.372000000000000774e-01 7.600000000000001199e-02 3.052000000000000268e-01
-6.159499999999999531e+00 8.056000000000000938e-01 8.479999999999998650e-02 3.527999999999999470e-01
-6.145900000000000141e+00 8.551999999999999602e-01 9.440000000000001168e-02 4.223999999999999977e-01
-6.132299999999999862e+00 9.776000000000000245e-01 1.136000000000000065e-01 5.527999999999999581e-01
-6.118700000000000472e+00 1.077599999999999891e+00 1.303999999999999881e-01 6.428000000000000380e-01
-6.105100000000000193e+00 8.816000000000001613e-01 1.148000000000000131e-01 5.443999999999999950e-01
-6.091599999999999682e+00 6.708000000000000629e-01 9.559999999999999054e-02 4.295999999999999819e-01
-6.078000000000000291e+00 7.856000000000000760e-01 1.112000000000000072e-01 5.008000000000000229e-01
-6.064400000000000013e+00 1.074799999999999978e+00 1.427999999999999825e-01 6.775999999999999801e-01
-6.050800000000000622e+00 1.302799999999999958e+00 1.640000000000000069e-01 8.276000000000000023e-01
-6.037200000000000344e+00 1.324000000000000066e+00 1.672000000000000153e-01 8.611999999999999655e-01
-6.023600000000000065e+00 1.088799999999999990e+00 1.495999999999999830e-01 7.468000000000000194e-01
-6.009999999999999787e+00 8.727999999999999092e-01 1.323999999999999899e-01 6.399999999999999023e-01
-5.996399999999999508e+00 7.771999999999998909e-01 1.232000000000000040e-01 5.932000000000000606e-01
-5.982800000000000118e+00 7.508000000000000229e-01 1.180000000000000077e-01 5.867999999999999883e-01
-5.969200000000000728e+00 8.476000000000000201e-01 1.340000000000000080e-01 6.940000000000001723e-01
-5.955600000000000449e+00 9.807999999999998941e-01 1.623999999999999888e-01 8.656000000000000361e-01
-5.942000000000000171e+00 1.020000000000000018e+00 1.711999999999999633e-01 9.512000000000000455e-01
-5.928499999999999659e+00 8.328000000000000957e-01 1.403999999999999970e-01 8.124000000000001220e-01
-5.914900000000000269e+00 5.791999999999999371e-01 9.920000000000001039e-02 5.804000000000000270e-01
-5.901299999999999990e+00 5.535999999999999810e-01 1.011999999999999983e-01 5.644000000000000128e-01
-5.887700000000000600e+00 7.548000000000001375e-01 1.564000000000000112e-01 8.551999999999999602e-01
-5.874100000000000321e+00 9.824000000000000510e-01 2.240000000000000047e-01 1.237999999999999767e+00
-5.860500000000000043e+00 9.908000000000001251e-01 2.343999999999999972e-01 1.340399999999999814e+00
-5.846899999999999764e+00 8.364000000000000323e-01 1.927999999999999714e-01 1.177200000000000246e+00
-5.833299999999999486e+00 7.536000000000000476e-01 1.700000000000000122e-01 1.086799999999999988e+00
-5.819700000000000095e+00 6.560000000000000275e-01 1.532000000000000028e-01 9.659999999999999698e-01
-5.806100000000000705e+00 5.147999999999999243e-01 1.196000000000000119e-01 7.628000000000000336e-01
-5.792500000000000426e+00 5.135999999999999455e-01 1.140000000000000180e-01 7.920000000000000373e-01
-5.778900000000000148e+00 6.228000000000000203e-01 1.368000000000000049e-01 1.034000000000000030e+00
-5.765299999999999869e+00 7.167999999999998817e-01 1.532000000000000028e-01 1.201999999999999957e+00
-5.751800000000000246e+00 7.611999999999999877e-01 1.512000000000000011e-01 1.177600000000000202e+00
-5.738199999999999967e+00 7.980000000000000426e-01 1.476000000000000090e-01 1.081999999999999851e+00
-5.724600000000000577e+00 8.159999999999999476e-01 1.467999999999999861e-01 1.000000000000000000e+00
-5.711000000000000298e+00 7.084000000000000297e-01 1.307999999999999996e-01 8.504000000000000448e-01
-5.697400000000000020e+00 6.572000000000001174e-01 1.204000000000000070e-01 7.727999999999999314e-01
-5.683799999999999741e+00 7.423999999999999488e-01 1.352000000000000146e-01 8.668000000000000149e-01
-5.670199999999999463e+00 8.652000000000001911e-01 1.559999999999999720e-01 1.013200000000000101e+00
-5.656600000000000072e+00 1.108000000000000096e+00 1.883999999999999841e-01 1.274399999999999977e+00
-5.643000000000000682e+00 1.379600000000000160e+00 2.255999999999999672e-01 1.602000000000000091e+00
-5.629400000000000404e+00 1.408800000000000052e+00 2.364000000000000268e-01 1.684399999999999897e+00
-5.615800000000000125e+00 1.298399999999999999e+00 2.331999999999999906e-01 1.596399999999999819e+00
-5.602199999999999847e+00 1.337600000000000122e+00 2.555999999999999939e-01 1.700000000000000178e+00
-5.588700000000000223e+00 1.506400000000000183e+00 2.808000000000000496e-01 1.967999999999999972e+00
-5.575099999999999945e+00 1.542400000000000215e+00 2.731999999999999984e-01 2.066800000000000193e+00
-5.561500000000000554e+00 1.488399999999999723e+00 2.608000000000000318e-01 2.009999999999999787e+00
-5.547900000000000276e+00 1.348400000000000265e+00 2.360000000000000153e-01 1.777199999999999891e+00
-5.534299999999999997e+00 1.059200000000000141e+00 1.820000000000000229e-01 1.404799999999999827e+00
-5.520699999999999719e+00 8.203999999999999071e-01 1.447999999999999843e-01 1.177599999999999980e+00
-5.507099999999999440e+00 6.751999999999999114e-01 1.312000000000000111e-01 1.040799999999999947e+00
-5.493500000000000050e+00 5.811999999999999389e-01 1.224000000000000088e-01 9.519999999999999574e-01
-5.479900000000000659e+00 5.655999999999999917e-01 1.307999999999999996e-01 1.003200000000000092e+00
-5.466300000000000381e+00 5.876000000000000112e-01 1.499999999999999944e-01 1.134400000000000075e+00
-5.452700000000000102e+00 6.491999999999999993e-01 1.672000000000000153e-01 1.323599999999999888e+00
-5.439099999999999824e+00 7.700000000000000178e-01 1.784000000000000030e-01 1.512000000000000011e+00
-5.425499999999999545e+00 8.227999999999999758e-01 1.607999999999999985e-01 1.456800000000000095e+00
-5.411999999999999922e+00 6.935999999999999943e-01 1.275999999999999912e-01 1.148800000000000043e+00
-5.398400000000000531e+00 5.408000000000000584e-01 1.035999999999999838e-01 8.864000000000000767e-01
-5.384800000000000253e+00 5.055999999999999384e-01 1.107999999999999957e-01 8.660000000000001030e-01
-5.371199999999999974e+00 5.827999999999999847e-01 1.639999999999999791e-01 1.107999999999999874e+00
-5.357599999999999696e+00 6.944000000000000172e-01 2.091999999999999693e-01 1.375599999999999934e+00
-5.344000000000000306e+00 7.119999999999999662e-01 2.096000000000000085e-01 1.445999999999999730e+00
-5.330400000000000027e+00 7.067999999999999838e-01 2.020000000000000406e-01 1.532000000000000028e+00
-5.316799999999999748e+00 7.832000000000001183e-01 2.136000000000000121e-01 1.753200000000000092e+00
-5.303200000000000358e+00 8.288000000000000922e-01 2.064000000000000279e-01 1.801199999999999912e+00
-5.289600000000000080e+00 6.779999999999999361e-01 1.572000000000000064e-01 1.435200000000000031e+00
-5.275999999999999801e+00 4.791999999999999593e-01 1.164000000000000035e-01 1.076799999999999979e+00
-5.262399999999999523e+00 3.855999999999999983e-01 1.031999999999999862e-01 9.908000000000000140e-01
-5.248899999999999899e+00 4.023999999999999799e-01 1.164000000000000035e-01 1.141999999999999904e+00
-5.235300000000000509e+00 6.056000000000000272e-01 1.740000000000000158e-01 1.611200000000000188e+00
-5.221700000000000230e+00 9.720000000000000862e-01 2.408000000000000140e-01 2.266400000000000414e+00
-5.208099999999999952e+00 1.173999999999999932e+00 2.512000000000000344e-01 2.508000000000000451e+00
-5.194499999999999673e+00 9.991999999999998661e-01 2.027999999999999803e-01 2.019600000000000062e+00
-5.180900000000000283e+00 7.707999999999999297e-01 1.851999999999999758e-01 1.617600000000000371e+00
-5.167300000000000004e+00 6.960000000000000631e-01 1.988000000000000045e-01 1.627200000000000202e+00
-5.153700000000000614e+00 6.208000000000000185e-01 1.688000000000000056e-01 1.432399999999999896e+00
-5.140100000000000335e+00 5.819999999999999618e-01 1.236000000000000015e-01 1.179199999999999804e+00
-5.126500000000000057e+00 6.744000000000001105e-01 1.151999999999999968e-01 1.249200000000000088e+00
-5.112899999999999778e+00 8.044000000000001149e-01 1.287999999999999978e-01 1.492399999999999949e+00
-5.099300000000000388e+00 9.247999999999998444e-01 1.575999999999999623e-01 1.809999999999999609e+00
-5.085700000000000109e+00 1.038399999999999990e+00 2.156000000000000139e-01 2.293199999999999683e+00
-5.072200000000000486e+00 1.052799999999999958e+00 2.703999999999999737e-01 2.713600000000000012e+00
-5.058600000000000207e+00 9.852000000000001867e-01 2.696000000000000063e-01 2.787200000000000344e+00
-5.044999999999999929e+00 9.304000000000000048e-01 2.296000000000000263e-01 2.646399999999999864e+00
-5.031399999999999650e+00 8.732000000000000872e-01 1.928000000000000269e-01 2.444799999999999862e+00
-5.017800000000000260e+00 7.752000000000000002e-01 1.683999999999999941e-01 2.123600000000000154e+00
-5.004199999999999982e+00 7.755999999999999561e-01 1.599999999999999756e-01 1.955600000000000005e+00
-4.990600000000000591e+00 8.908000000000000362e-01 1.711999999999999911e-01 2.134799999999999809e+00
-4.977000000000000313e+00 9.856000000000000316e-01 1.932000000000000106e-01 2.499999999999999556e+00
-4.963400000000000034e+00 1.087199999999999944e+00 2.203999999999999848e-01 2.859999999999999432e+00
-4.949799999999999756e+00 1.193599999999999994e+00 2.288000000000000034e-01 3.039600000000000080e+00
-4.936200000000000365e+00 1.196400000000000130e+00 2.156000000000000139e-01 2.958000000000000185e+00
-4.922600000000000087e+00 1.144400000000000084e+00 2.112000000000000266e-01 2.769600000000000062e+00
-4.909100000000000463e+00 1.107599999999999918e+00 2.159999999999999698e-01 2.632399999999999629e+00
-4.895500000000000185e+00 1.152400000000000091e+00 2.207999999999999963e-01 2.633999999999999897e+00
-4.881899999999999906e+00 1.264399999999999968e+00 2.404000000000000026e-01 3.010400000000000187e+00
-4.868299999999999628e+00 1.256799999999999917e+00 2.515999999999999903e-01 3.386000000000000565e+00
-4.854700000000000237e+00 1.162399999999999878e+00 2.452000000000000013e-01 3.508399999999999075e+00
-4.841099999999999959e+00 1.260799999999999921e+00 2.656000000000000028e-01 4.004399999999999515e+00
-4.827500000000000568e+00 1.428800000000000070e+00 3.080000000000000515e-01 4.613999999999999879e+00
-4.813900000000000290e+00 1.412799999999999834e+00 3.244000000000000217e-01 4.502799999999999692e+00
-4.800300000000000011e+00 1.291600000000000081e+00 2.972000000000000197e-01 3.751999999999999780e+00
-4.786699999999999733e+00 1.092400000000000038e+00 2.364000000000000268e-01 2.847999999999999865e+00
-4.773100000000000342e+00 8.304000000000000270e-01 1.884000000000000119e-01 2.319999999999999840e+00
-4.759500000000000064e+00 7.508000000000000229e-01 2.091999999999999971e-01 2.510800000000000143e+00
-4.745899999999999785e+00 8.796000000000000485e-01 2.776000000000000134e-01 3.187200000000000255e+00
-4.732400000000000162e+00 9.083999999999998742e-01 3.099999999999999978e-01 3.433999999999999719e+00
-4.718799999999999883e+00 8.243999999999999106e-01 2.835999999999999632e-01 3.067199999999999704e+00
-4.705199999999999605e+00 8.120000000000000551e-01 2.636000000000000010e-01 2.974400000000000155e+00
-4.691600000000000215e+00 8.795999999999999375e-01 3.071999999999999731e-01 3.798000000000000043e+00
-4.677999999999999936e+00 9.308000000000000718e-01 3.655999999999999250e-01 4.742399999999999061e+00
-4.664400000000000546e+00 9.100000000000000311e-01 3.800000000000000044e-01 4.939999999999999503e+00
-4.650800000000000267e+00 8.104000000000000092e-01 3.684000000000000052e-01 4.672800000000000509e+00
-4.637199999999999989e+00 7.196000000000000174e-01 3.608000000000000096e-01 4.479199999999999626e+00
-4.623599999999999710e+00 6.875999999999999890e-01 3.599999999999999867e-01 4.655599999999999739e+00
-4.610000000000000320e+00 7.379999999999999893e-01 3.648000000000000131e-01 5.064800000000000857e+00
-4.596400000000000041e+00 7.423999999999999488e-01 3.336000000000000076e-01 4.719599999999999795e+00
-4.582799999999999763e+00 7.172000000000000597e-01 3.155999999999999917e-01 4.253599999999999604e+00
-4.569300000000000139e+00 7.843999999999998751e-01 3.431999999999999496e-01 4.712399999999999700e+00
-4.555699999999999861e+00 8.111999999999999211e-01 3.375999999999999557e-01 5.204000000000000625e+00
-4.542099999999999582e+00 7.756000000000000671e-01 3.155999999999999361e-01 5.403599999999999071e+00
-4.528500000000000192e+00 7.671999999999999931e-01 3.244000000000000217e-01 5.585599999999999454e+00
-4.514899999999999913e+00 7.531999999999998696e-01 3.360000000000000209e-01 5.610800000000001120e+00
-4.501300000000000523e+00 8.032000000000001361e-01 3.815999999999999948e-01 6.295999999999999375e+00
-4.487700000000000244e+00 9.447999999999999732e-01 4.627999999999999892e-01 7.842399999999999594e+00
-4.474099999999999966e+00 9.731999999999998430e-01 4.743999999999999884e-01 8.278800000000000381e+00
-4.460499999999999687e+00 8.460000000000000853e-01 4.107999999999999985e-01 7.314400000000000901e+00
-4.446900000000000297e+00 7.344000000000000528e-01 3.728000000000000203e-01 6.646799999999998931e+00
-4.433300000000000018e+00 7.047999999999999821e-01 3.736000000000000432e-01 6.528400000000000425e+00
-4.419699999999999740e+00 7.767999999999999350e-01 3.888000000000000345e-01 6.925599999999999312e+00
-4.406100000000000350e+00 8.731999999999998652e-01 4.167999999999999483e-01 7.730000000000000426e+00
-4.392599999999999838e+00 8.344000000000000306e-01 4.235999999999999766e-01 7.754000000000001336e+00
-4.379000000000000448e+00 6.979999999999999538e-01 3.956000000000000072e-01 6.981600000000000250e+00
-4.365400000000000169e+00 6.752000000000000224e-01 4.139999999999999791e-01 7.317599999999998772e+00
-4.351799999999999891e+00 7.563999999999999613e-01 4.696000000000000174e-01 8.634800000000000253e+00
-4.338200000000000500e+00 7.496000000000000441e-01 4.732000000000000650e-01 9.133599999999999497e+00
-4.324600000000000222e+00 6.899999999999999467e-01 4.768000000000000016e-01 9.339200000000001722e+00
-4.310999999999999943e+00 6.967999999999998639e-01 5.332000000000000073e-01 1.017439999999999856e+01
-4.297399999999999665e+00 7.135999999999999011e-01 5.820000000000000728e-01 1.117120000000000068e+01
-4.283800000000000274e+00 6.900000000000000577e-01 5.983999999999999320e-01 1.183279999999999887e+01
-4.270199999999999996e+00 6.016000000000000236e-01 5.644000000000000128e-01 1.121400000000000041e+01
-4.256599999999999717e+00 4.976000000000000423e-01 5.131999999999999895e-01 9.791599999999998971e+00
-4.243000000000000327e+00 4.859999999999999876e-01 5.336000000000000743e-01 1.001960000000000051e+01
-4.229499999999999815e+00 5.632000000000000339e-01 6.243999999999999551e-01 1.238440000000000296e+01
-4.215900000000000425e+00 5.984000000000000430e-01 6.779999999999999361e-01 1.457679999999999865e+01
-4.202300000000000146e+00 5.272000000000000020e-01 6.572000000000000064e-01 1.525319999999999965e+01
-4.188699999999999868e+00 4.387999999999999678e-01 6.607999999999999430e-01 1.615719999999999956e+01
-4.175100000000000477e+00 3.923999999999999710e-01 7.244000000000000439e-01 1.823440000000000083e+01
-4.161500000000000199e+00 3.531999999999999584e-01 8.220000000000000639e-01 2.084400000000000475e+01
-4.147899999999999920e+00 3.019999999999999907e-01 9.403999999999999027e-01 2.379799999999999827e+01
-4.134299999999999642e+00 2.595999999999999974e-01 1.020399999999999974e+00 2.676360000000000028e+01
-4.120700000000000252e+00 2.391999999999999960e-01 1.073600000000000110e+00 3.038399999999999324e+01
-4.107099999999999973e+00 2.627999999999999781e-01 1.257999999999999785e+00 3.734399999999999409e+01
-4.093499999999999694e+00 3.187999999999999723e-01 1.514399999999999968e+00 4.518319999999999936e+01
-4.079900000000000304e+00 3.507999999999999452e-01 1.597599999999999909e+00 4.707679999999999865e+01
-4.066300000000000026e+00 3.524000000000000465e-01 1.532399999999999984e+00 4.355519999999999214e+01
-4.052800000000000402e+00 3.559999999999999831e-01 1.495999999999999774e+00 4.074079999999999302e+01
-4.039200000000000124e+00 3.591999999999999638e-01 1.457199999999999829e+00 3.882240000000000890e+01
-4.025599999999999845e+00 3.784000000000000696e-01 1.488399999999999945e+00 3.903159999999999741e+01
-4.012000000000000455e+00 4.123999999999999888e-01 1.638799999999999812e+00 4.146639999999999304e+01
-3.998400000000000176e+00 4.163999999999999924e-01 1.647999999999999909e+00 3.974000000000000199e+01
-3.984799999999999898e+00 3.572000000000000730e-01 1.368800000000000017e+00 3.142839999999999989e+01
-3.971200000000000063e+00 2.884000000000000452e-01 1.092000000000000082e+00 2.371000000000000441e+01
-3.957600000000000229e+00 2.571999999999999842e-01 1.042399999999999771e+00 2.157800000000000296e+01
-3.943999999999999950e+00 2.540000000000000036e-01 1.169200000000000017e+00 2.379720000000000013e+01
-3.930400000000000116e+00 2.787999999999999923e-01 1.428800000000000292e+00 2.890640000000000498e+01
-3.916800000000000281e+00 3.280000000000000138e-01 1.762399999999999967e+00 3.564920000000000044e+01
-3.903200000000000003e+00 3.631999999999999673e-01 1.968800000000000328e+00 4.020640000000000214e+01
-3.889699999999999935e+00 3.400000000000000244e-01 1.849999999999999645e+00 3.831519999999999726e+01
-3.876100000000000101e+00 2.784000000000000363e-01 1.530800000000000161e+00 3.243440000000000367e+01
-3.862499999999999822e+00 2.307999999999999774e-01 1.217999999999999972e+00 2.660879999999999512e+01
-3.848899999999999988e+00 2.043999999999999984e-01 9.495999999999999996e-01 2.150440000000000040e+01
-3.835300000000000153e+00 1.723999999999999977e-01 7.099999999999999645e-01 1.663560000000000016e+01
-3.821699999999999875e+00 1.348000000000000032e-01 5.159999999999999032e-01 1.201200000000000045e+01
-3.808100000000000041e+00 9.479999999999999538e-02 3.408000000000000473e-01 7.729600000000000470e+00
-3.794500000000000206e+00 6.320000000000000617e-02 2.127999999999999892e-01 4.743999999999999773e+00
-3.780899999999999928e+00 4.599999999999999922e-02 1.496000000000000107e-01 3.255599999999999827e+00
-3.767300000000000093e+00 3.919999999999999180e-02 1.307999999999999996e-01 2.721200000000000507e+00
-3.753700000000000259e+00 3.239999999999999825e-02 1.155999999999999944e-01 2.354799999999999560e+00
-3.740099999999999980e+00 2.280000000000000082e-02 8.640000000000000457e-02 1.754799999999999915e+00
-3.726500000000000146e+00 1.559999999999999928e-02 5.999999999999999778e-02 1.225600000000000023e+00
-3.713000000000000078e+00 8.800000000000000530e-03 3.440000000000000696e-02 7.143999999999999240e-01
-3.699400000000000244e+00 3.999999999999999216e-03 1.559999999999999928e-02 3.280000000000000138e-01
-3.685799999999999965e+00 1.199999999999999895e-03 5.200000000000000629e-03 1.204000000000000070e-01
-3.672200000000000131e+00 4.000000000000000192e-04 1.200000000000000329e-03 2.800000000000000058e-02
-3.658599999999999852e+00 0.000000000000000000e+00 0.000000000000000000e+00 2.800000000000000405e-03
-3.645000000000000018e+00 0.000000000000000000e+00 0.000000000000000000e+00 0.000000000000000000e+00
-3.631400000000000183e+00 0.000000000000000000e+00 0.000000000000000000e+00 0.000000000000000000e+00
-3.617799999999999905e+00 0.000000000000000000e+00 0.000000000000000000e+00 0.000000000000000000e+00
-3.604200000000000070e+00 0.000000000000000000e+00 0.000000000000000000e+00 0.000000000000000000e+00
-3.590600000000000236e+00 0.000000000000000000e+00 0.000000000000000000e+00 0.000000000000000000e+00
-3.576999999999999957e+00 0.000000000000000000e+00 0.000000000000000000e+00 0.000000000000000000e+00
-3.563400000000000123e+00 0.000000000000000000e+00 0.000000000000000000e+00 0.000000000000000000e+00
-3.549900000000000055e+00 0.000000000000000000e+00 0.000000000000000000e+00 0.000000000000000000e+00
-3.536300000000000221e+00 0.000000000000000000e+00 0.000000000000000000e+00 0.000000000000000000e+00
-3.522699999999999942e+00 0.000000000000000000e+00 0.000000000000000000e+00 0.000000000000000000e+00
-3.509100000000000108e+00 0.000000000000000000e+00 0.000000000000000000e+00 0.000000000000000000e+00
-3.495500000000000274e+00 0.000000000000000000e+00 0.000000000000000000e+00 0.000000000000000000e+00
-3.481899999999999995e+00 0.000000000000000000e+00 0.000000000000000000e+00 0.000000000000000000e+00
-3.468300000000000161e+00 0.000000000000000000e+00 0.000000000000000000e+00 0.000000000000000000e+00
-3.454699999999999882e+00 0.000000000000000000e+00 0.000000000000000000e+00 0.000000000000000000e+00
-3.441100000000000048e+00 0.000000000000000000e+00 0.000000000000000000e+00 0.000000000000000000e+00
-3.427500000000000213e+00 0.000000000000000000e+00 0.000000000000000000e+00 0.000000000000000000e+00
-3.413899999999999935e+00 0.000000000000000000e+00 0.000000000000000000e+00 0.000000000000000000e+00
-3.400300000000000100e+00 0.000000000000000000e+00 0.000000000000000000e+00 0.000000000000000000e+00
-3.386700000000000266e+00 0.000000000000000000e+00 0.000000000000000000e+00 0.000000000000000000e+00
-3.373200000000000198e+00 0.000000000000000000e+00 0.000000000000000000e+00 0.000000000000000000e+00
-3.359599999999999920e+00 0.000000000000000000e+00 0.000000000000000000e+00 0.000000000000000000e+00
-3.346000000000000085e+00 0.000000000000000000e+00 0.000000000000000000e+00 0.000000000000000000e+00
-3.332400000000000251e+00 0.000000000000000000e+00 0.000000000000000000e+00 0.000000000000000000e+00
-3.318799999999999972e+00 0.000000000000000000e+00 0.000000000000000000e+00 0.000000000000000000e+00
-3.305200000000000138e+00 0.000000000000000000e+00 0.000000000000000000e+00 0.000000000000000000e+00
-3.291599999999999859e+00 0.000000000000000000e+00 0.000000000000000000e+00 0.000000000000000000e+00
-3.278000000000000025e+00 0.000000000000000000e+00 0.000000000000000000e+00 0.000000000000000000e+00
-3.264400000000000190e+00 0.000000000000000000e+00 0.000000000000000000e+00 0.000000000000000000e+00
-3.250799999999999912e+00 0.000000000000000000e+00 0.000000000000000000e+00 0.000000000000000000e+00
-3.237200000000000077e+00 0.000000000000000000e+00 0.000000000000000000e+00 0.000000000000000000e+00
-3.223600000000000243e+00 0.000000000000000000e+00 0.000000000000000000e+00 0.000000000000000000e+00
-3.210100000000000176e+00 0.000000000000000000e+00 0.000000000000000000e+00 0.000000000000000000e+00
-3.196499999999999897e+00 0.000000000000000000e+00 0.000000000000000000e+00 0.000000000000000000e+00
-3.182900000000000063e+00 0.000000000000000000e+00 0.000000000000000000e+00 0.000000000000000000e+00
-3.169300000000000228e+00 0.000000000000000000e+00 0.000000000000000000e+00 0.000000000000000000e+00
-3.155699999999999950e+00 0.000000000000000000e+00 0.000000000000000000e+00 0.000000000000000000e+00
-3.142100000000000115e+00 0.000000000000000000e+00 0.000000000000000000e+00 0.000000000000000000e+00
-3.128499999999999837e+00 0.000000000000000000e+00 0.000000000000000000e+00 2.000000000000000042e-03
-3.114900000000000002e+00 0.000000000000000000e+00 0.000000000000000000e+00 5.040000000000000036e-02
-3.101300000000000168e+00 1.600000000000000294e-03 4.000000000000000192e-04 4.507999999999999785e-01
-3.087699999999999889e+00 6.399999999999999439e-03 2.800000000000000405e-03 1.997199999999999864e+00
-3.074100000000000055e+00 1.519999999999999823e-02 6.800000000000000488e-03 4.988799999999999457e+00
-3.060500000000000220e+00 2.599999999999999881e-02 1.119999999999999989e-02 8.641999999999999460e+00
-3.046899999999999942e+00 4.199999999999999567e-02 1.560000000000000275e-02 1.335320000000000107e+01
-3.033400000000000318e+00 5.519999999999999907e-02 2.080000000000000251e-02 1.823199999999999932e+01
-3.019800000000000040e+00 5.399999999999999939e-02 2.280000000000000082e-02 2.098840000000000217e+01
-3.006200000000000205e+00 5.279999999999999277e-02 2.600000000000000228e-02 2.504000000000000270e+01
-2.992599999999999927e+00 6.039999999999999536e-02 3.280000000000000276e-02 3.239999999999999858e+01
-2.979000000000000092e+00 7.519999999999998908e-02 4.439999999999999503e-02 4.432040000000000646e+01
-2.965399999999999814e+00 1.063999999999999946e-01 6.559999999999999165e-02 6.315599999999999881e+01
-2.951799999999999979e+00 1.444000000000000006e-01 8.959999999999998521e-02 8.164400000000000546e+01
-2.938200000000000145e+00 1.643999999999999906e-01 9.960000000000000797e-02 8.919159999999999400e+01
-2.924599999999999866e+00 1.668000000000000038e-01 9.679999999999999716e-02 8.971920000000000073e+01
-2.911000000000000032e+00 1.728000000000000091e-01 9.959999999999999409e-02 9.613079999999999359e+01
-2.897400000000000198e+00 1.859999999999999987e-01 1.083999999999999964e-01 1.093667999999999978e+02
-2.883799999999999919e+00 1.987999999999999767e-01 1.168000000000000149e-01 1.237287999999999926e+02
-2.870300000000000296e+00 2.091999999999999693e-01 1.252000000000000057e-01 1.383948000000000036e+02
-2.856700000000000017e+00 2.159999999999999976e-01 1.307999999999999996e-01 1.494060000000000059e+02
-2.843100000000000183e+00 2.295999999999999708e-01 1.324000000000000177e-01 1.547972000000000037e+02
-2.829499999999999904e+00 2.643999999999999684e-01 1.355999999999999983e-01 1.549287999999999670e+02
-2.815900000000000070e+00 3.128000000000000225e-01 1.368000000000000049e-01 1.435104000000000042e+02
-2.802300000000000235e+00 3.403999999999999804e-01 1.304000000000000159e-01 1.217732000000000028e+02
-2.788699999999999957e+00 3.439999999999999725e-01 1.255999999999999617e-01 1.021864000000000061e+02
-2.775100000000000122e+00 3.371999999999999997e-01 1.212000000000000022e-01 8.572160000000000935e+01
-2.761499999999999844e+00 3.320000000000000173e-01 1.139999999999999902e-01 6.920600000000000307e+01
-2.747900000000000009e+00 3.363999999999999768e-01 1.099999999999999867e-01 5.681960000000000832e+01
-2.734300000000000175e+00 3.244000000000000217e-01 1.052000000000000157e-01 4.829040000000000532e+01
-2.720699999999999896e+00 2.807999999999999940e-01 8.959999999999999909e-02 3.800759999999999650e+01
-2.707100000000000062e+00 2.015999999999999459e-01 6.360000000000000375e-02 2.496439999999999770e+01
-2.693599999999999994e+00 1.107999999999999818e-01 4.199999999999999567e-02 1.367520000000000024e+01
-2.680000000000000160e+00 5.999999999999999778e-02 4.159999999999999809e-02 8.029999999999999361e+00
-2.666400000000000325e+00 5.240000000000000213e-02 6.360000000000000375e-02 7.834800000000001319e+00
-2.652800000000000047e+00 6.199999999999999956e-02 1.035999999999999976e-01 1.087279999999999980e+01
-2.639200000000000212e+00 8.240000000000000102e-02 1.547999999999999932e-01 1.553960000000000008e+01
-2.625599999999999934e+00 9.800000000000001765e-02 1.864000000000000101e-01 1.817879999999999896e+01
-2.612000000000000099e+00 1.032000000000000001e-01 1.895999999999999908e-01 1.784199999999999875e+01
-2.598399999999999821e+00 1.204000000000000070e-01 2.027999999999999803e-01 1.844200000000000372e+01
-2.584799999999999986e+00 1.491999999999999715e-01 2.463999999999999801e-01 2.150439999999999685e+01
-2.571200000000000152e+00 1.591999999999999804e-01 2.856000000000000760e-01 2.330959999999999965e+01
-2.557599999999999874e+00 1.675999999999999990e-01 3.075999999999999845e-01 2.342720000000000624e+01
-2.544000000000000039e+00 1.988000000000000045e-01 3.515999999999999126e-01 2.542360000000000042e+01
-2.530499999999999972e+00 2.324000000000000232e-01 4.139999999999999791e-01 2.852040000000000219e+01
-2.516900000000000137e+00 2.500000000000000000e-01 4.540000000000000702e-01 2.994440000000000168e+01
-2.503300000000000303e+00 2.535999999999999921e-01 4.580000000000000737e-01 2.941159999999999641e+01
-2.489700000000000024e+00 2.311999999999999889e-01 4.324000000000000066e-01 2.673279999999999745e+01
-2.476099999999999746e+00 1.983999999999999930e-01 3.875999999999999446e-01 2.263599999999999923e+01
-2.462500000000000355e+00 2.072000000000000230e-01 3.716000000000000969e-01 2.122719999999999985e+01
-2.448900000000000077e+00 2.475999999999999868e-01 4.132000000000000117e-01 2.365400000000000347e+01
-2.435299999999999798e+00 2.700000000000000178e-01 4.608000000000000429e-01 2.583480000000000132e+01
-2.421699999999999964e+00 2.740000000000000213e-01 4.716000000000000192e-01 2.596479999999999677e+01
-2.408100000000000129e+00 2.760000000000000231e-01 4.639999999999999680e-01 2.548080000000000211e+01
-2.394499999999999851e+00 2.719999999999999640e-01 4.500000000000000666e-01 2.454959999999999809e+01
-2.380900000000000016e+00 2.463999999999999524e-01 4.060000000000000275e-01 2.182119999999999749e+01
-2.367300000000000182e+00 2.147999999999999909e-01 3.787999999999999701e-01 1.978159999999999741e+01
-2.353800000000000114e+00 2.196000000000000174e-01 4.032000000000000028e-01 2.081959999999999766e+01
-2.340200000000000280e+00 2.439999999999999947e-01 4.044000000000000372e-01 2.121519999999999939e+01
-2.326600000000000001e+00 2.575999999999999956e-01 3.884000000000000230e-01 2.055519999999999925e+01
-2.313000000000000167e+00 2.379999999999999893e-01 3.836000000000000520e-01 1.992760000000000176e+01
-2.299400000000000333e+00 1.955999999999999961e-01 3.668000000000000149e-01 1.892680000000000362e+01
-2.285800000000000054e+00 1.672000000000000153e-01 3.555999999999999717e-01 1.845359999999999800e+01
-2.272199999999999775e+00 1.699999999999999845e-01 3.615999999999999770e-01 1.848440000000000083e+01
-2.258600000000000385e+00 2.096000000000000085e-01 3.955999999999999517e-01 1.909999999999999787e+01
-2.245000000000000107e+00 2.331999999999999906e-01 4.235999999999999766e-01 1.930679999999999907e+01
-2.231399999999999828e+00 2.147999999999999909e-01 4.519999999999999574e-01 1.939480000000000004e+01
-2.217799999999999994e+00 2.239999999999999769e-01 5.260000000000001341e-01 2.175399999999999778e+01
-2.204200000000000159e+00 2.580000000000000071e-01 5.783999999999999142e-01 2.367479999999999762e+01
-2.190700000000000092e+00 2.667999999999999816e-01 5.799999999999999600e-01 2.344800000000000040e+01
-2.177100000000000257e+00 2.548000000000000265e-01 5.612000000000000322e-01 2.197760000000000247e+01
-2.163499999999999979e+00 2.475999999999999590e-01 5.560000000000000497e-01 2.085719999999999885e+01
-2.149900000000000144e+00 2.479999999999999982e-01 5.724000000000000199e-01 2.055840000000000245e+01
-2.136300000000000310e+00 2.712000000000000521e-01 6.140000000000001013e-01 2.131039999999999779e+01
-2.122700000000000031e+00 2.712000000000000521e-01 6.176000000000000378e-01 2.096359999999999957e+01
-2.109099999999999753e+00 2.159999999999999976e-01 5.412000000000000144e-01 1.814280000000000115e+01
-2.095500000000000362e+00 1.623999999999999888e-01 4.192000000000000171e-01 1.398239999999999839e+01
-2.081900000000000084e+00 1.440000000000000169e-01 3.424000000000000377e-01 1.120640000000000214e+01
-2.068299999999999805e+00 1.671999999999999875e-01 3.840000000000000080e-01 1.229520000000000124e+01
-2.054699999999999971e+00 2.031999999999999640e-01 4.680000000000000826e-01 1.500999999999999979e+01
-2.041100000000000136e+00 2.295999999999999708e-01 5.080000000000000071e-01 1.629200000000000159e+01
-2.027499999999999858e+00 2.595999999999999974e-01 5.191999999999999948e-01 1.650159999999999982e+01
-2.014000000000000234e+00 2.660000000000000142e-01 5.188000000000000389e-01 1.623679999999999879e+01
-2.000399999999999956e+00 2.240000000000000324e-01 4.828000000000000069e-01 1.489640000000000342e+01
-1.986800000000000122e+00 1.883999999999999841e-01 4.587999999999999301e-01 1.386439999999999628e+01
-1.973200000000000065e+00 1.872000000000000330e-01 4.691999999999999504e-01 1.379759999999999920e+01
-1.959600000000000009e+00 1.900000000000000022e-01 4.563999999999999169e-01 1.315360000000000085e+01
-1.946000000000000174e+00 1.987999999999999767e-01 4.624000000000000887e-01 1.332439999999999891e+01
-1.932400000000000118e+00 2.296000000000000263e-01 5.380000000000000338e-01 1.562040000000000006e+01
-1.918800000000000061e+00 2.727999999999999869e-01 6.212000000000000854e-01 1.774600000000000222e+01
-1.905200000000000005e+00 3.160000000000000031e-01 6.516000000000000680e-01 1.828399999999999892e+01
-1.891600000000000170e+00 3.024000000000000021e-01 5.715999999999999970e-01 1.586960000000000193e+01
-1.878000000000000114e+00 2.615999999999999992e-01 4.855999999999999206e-01 1.306360000000000099e+01
-1.864400000000000057e+00 2.764000000000000346e-01 5.260000000000000231e-01 1.360119999999999862e+01
-1.850899999999999990e+00 3.119999999999999996e-01 6.083999999999999408e-01 1.564240000000000208e+01
-1.837300000000000155e+00 3.072000000000000286e-01 6.268000000000000238e-01 1.603639999999999688e+01
-1.823700000000000099e+00 2.855999999999999650e-01 6.476000000000000645e-01 1.565559999999999974e+01
-1.810100000000000042e+00 2.856000000000000205e-01 6.947999999999999732e-01 1.569519999999999982e+01
-1.796499999999999986e+00 2.591999999999999860e-01 6.727999999999999536e-01 1.445919999999999916e+01
-1.782900000000000151e+00 2.044000000000000261e-01 5.840000000000000746e-01 1.210599999999999987e+01
-1.769300000000000095e+00 2.199999999999999734e-01 6.191999999999999726e-01 1.274640000000000128e+01
-1.755700000000000038e+00 2.955999999999999739e-01 7.836000000000001853e-01 1.618560000000000088e+01
-1.742099999999999982e+00 3.012000000000000233e-01 8.079999999999999405e-01 1.658760000000000190e+01
-1.728500000000000147e+00 2.412000000000000255e-01 6.679999999999999272e-01 1.335599999999999810e+01
-1.714900000000000091e+00 2.136000000000000121e-01 5.576000000000000956e-01 1.071959999999999980e+01
-1.701300000000000034e+00 2.048000000000000098e-01 5.064000000000000723e-01 9.573600000000000776e+00
-1.687699999999999978e+00 1.771999999999999964e-01 4.567999999999999838e-01 8.629199999999999093e+00
-1.674200000000000133e+00 1.675999999999999990e-01 4.552000000000000490e-01 8.592800000000000438e+00
-1.660600000000000076e+00 2.040000000000000147e-01 5.447999999999999510e-01 1.034680000000000177e+01
-1.647000000000000020e+00 2.328000000000000069e-01 6.096000000000000307e-01 1.156200000000000117e+01
-1.633399999999999963e+00 2.088000000000000411e-01 5.595999999999999863e-01 1.030319999999999858e+01
-1.619800000000000129e+00 1.755999999999999783e-01 5.036000000000000476e-01 8.789600000000000080e+00
-1.606200000000000072e+00 1.932000000000000106e-01 5.675999999999999934e-01 9.736800000000000566e+00
-1.592600000000000016e+00 2.119999999999999662e-01 6.223999999999999533e-01 1.075520000000000032e+01
-1.579000000000000181e+00 1.847999999999999921e-01 5.555999999999999828e-01 9.519600000000002282e+00
-1.565400000000000125e+00 1.799999999999999933e-01 5.472000000000000197e-01 9.360400000000000276e+00
-1.551800000000000068e+00 2.087999999999999856e-01 6.376000000000000556e-01 1.104480000000000040e+01
-1.538200000000000012e+00 2.019999999999999851e-01 6.207999999999999075e-01 1.072119999999999962e+01
-1.524600000000000177e+00 1.600000000000000033e-01 5.003999999999999559e-01 8.271600000000001174e+00
-1.511100000000000110e+00 1.431999999999999940e-01 4.519999999999999574e-01 6.997200000000000308e+00
-1.497500000000000053e+00 1.603999999999999870e-01 5.108000000000000318e-01 7.824799999999999756e+00
-1.483899999999999997e+00 1.835999999999999854e-01 6.024000000000000465e-01 9.200400000000000134e+00
-1.470299999999999940e+00 1.944000000000000172e-01 6.600000000000000311e-01 9.777599999999999625e+00
-1.456700000000000106e+00 1.711999999999999911e-01 6.188000000000000167e-01 8.931600000000001316e+00
-1.443100000000000271e+00 1.419999999999999873e-01 5.392000000000000126e-01 7.707600000000000229e+00
-1.429499999999999993e+00 1.420000000000000151e-01 5.040000000000000036e-01 7.192000000000000171e+00
-1.415900000000000158e+00 1.460000000000000187e-01 4.783999999999999919e-01 6.738799999999999457e+00
-1.402299999999999880e+00 1.380000000000000115e-01 4.987999999999999101e-01 6.595999999999998309e+00
-1.388700000000000045e+00 1.428000000000000103e-01 5.932000000000000606e-01 7.458000000000000185e+00
-1.375100000000000211e+00 1.699999999999999845e-01 7.052000000000000490e-01 8.762800000000000367e+00
-1.361499999999999932e+00 1.815999999999999837e-01 7.515999999999999348e-01 9.223600000000001131e+00
-1.347900000000000098e+00 1.651999999999999857e-01 7.204000000000000403e-01 8.626400000000000290e+00
-1.334400000000000031e+00 1.460000000000000187e-01 6.828000000000000735e-01 7.998399999999998400e+00
-1.320800000000000196e+00 1.487999999999999878e-01 6.904000000000000137e-01 8.148400000000000531e+00
-1.307199999999999918e+00 1.808000000000000163e-01 7.524000000000000687e-01 9.102000000000000313e+00
-1.293600000000000083e+00 2.080000000000000182e-01 7.859999999999999210e-01 9.600799999999999557e+00
-1.280000000000000249e+00 2.068000000000000116e-01 7.608000000000000318e-01 9.351600000000001245e+00
-1.266399999999999970e+00 1.980000000000000093e-01 7.459999999999999964e-01 9.279599999999998516e+00
-1.252800000000000136e+00 1.948000000000000287e-01 7.795999999999999597e-01 9.578000000000001180e+00
-1.239199999999999857e+00 1.803999999999999770e-01 7.644000000000000794e-01 9.116000000000001435e+00
-1.225600000000000023e+00 1.536000000000000143e-01 6.500000000000000222e-01 7.628399999999999181e+00
-1.212000000000000188e+00 1.355999999999999983e-01 5.299999999999999156e-01 6.278399999999999537e+00
-1.198399999999999910e+00 1.239999999999999991e-01 4.575999999999998957e-01 5.444000000000000838e+00
-1.184800000000000075e+00 1.208000000000000046e-01 4.455999999999999961e-01 5.172399999999999665e+00
-1.171300000000000008e+00 1.479999999999999927e-01 5.672000000000000375e-01 6.446399999999998798e+00
-1.157700000000000173e+00 1.851999999999999758e-01 7.555999999999999384e-01 8.509199999999999875e+00
-1.144099999999999895e+00 1.812000000000000000e-01 7.771999999999998909e-01 8.682800000000000296e+00
-1.130500000000000060e+00 1.380000000000000115e-01 6.379999999999999005e-01 7.023199999999999221e+00
-1.116900000000000226e+00 1.028000000000000025e-01 5.395999999999999686e-01 5.783999999999999808e+00
-1.103299999999999947e+00 8.880000000000000393e-02 5.436000000000000831e-01 5.661600000000000854e+00
-1.089700000000000113e+00 9.359999999999998876e-02 6.095999999999999197e-01 6.255600000000001160e+00
-1.076100000000000279e+00 1.231999999999999901e-01 6.852000000000000313e-01 7.159200000000000230e+00
-1.062500000000000000e+00 1.643999999999999906e-01 7.244000000000000439e-01 7.818400000000000460e+00
-1.048900000000000166e+00 1.695999999999999730e-01 6.608000000000000540e-01 7.185999999999999943e+00
-1.035299999999999887e+00 1.468000000000000138e-01 5.988000000000001100e-01 6.359599999999998587e+00
-1.021700000000000053e+00 1.331999999999999851e-01 5.987999999999999989e-01 6.239199999999999413e+00
-1.008100000000000218e+00 1.300000000000000044e-01 5.523999999999998911e-01 5.814000000000000057e+00
-9.946000000000001506e-01 1.324000000000000177e-01 5.235999999999999543e-01 5.601599999999999469e+00
-9.809999999999998721e-01 1.355999999999999983e-01 5.608000000000000762e-01 5.974800000000000111e+00
-9.674000000000000377e-01 1.363999999999999935e-01 5.911999999999999478e-01 6.238400000000000389e+00
-9.538000000000002032e-01 1.284000000000000141e-01 5.771999999999999353e-01 5.995200000000000529e+00
-9.401999999999999247e-01 1.123999999999999999e-01 5.840000000000000746e-01 5.873200000000000642e+00
-9.266000000000000902e-01 1.024000000000000049e-01 6.340000000000000080e-01 6.243200000000001637e+00
-9.130000000000002558e-01 1.016000000000000097e-01 6.239999999999999991e-01 6.199999999999999289e+00
-8.993999999999999773e-01 1.011999999999999983e-01 5.483999999999999986e-01 5.551599999999999646e+00
-8.858000000000001428e-01 9.840000000000001523e-02 5.572000000000000286e-01 5.565999999999999837e+00
-8.721999999999998643e-01 1.016000000000000097e-01 6.563999999999998725e-01 6.361600000000001032e+00
-8.586000000000000298e-01 1.103999999999999981e-01 6.932000000000000384e-01 6.622000000000000774e+00
-8.450000000000001954e-01 1.291999999999999815e-01 6.928000000000000824e-01 6.600000000000000533e+00
-8.315000000000001279e-01 1.352000000000000146e-01 6.808000000000000718e-01 6.550399999999999778e+00
-8.178999999999998494e-01 1.147999999999999993e-01 5.872000000000000552e-01 5.764000000000000234e+00
-8.043000000000000149e-01 9.639999999999998570e-02 4.272000000000000242e-01 4.339199999999999946e+00
-7.907000000000001805e-01 8.000000000000000167e-02 2.867999999999999994e-01 3.022400000000000198e+00
-7.770999999999999019e-01 5.200000000000001149e-02 2.076000000000000068e-01 2.156000000000000139e+00
-7.635000000000000675e-01 3.440000000000000002e-02 2.104000000000000314e-01 2.078800000000000203e+00
-7.499000000000002331e-01 3.480000000000000454e-02 2.708000000000000407e-01 2.596799999999999997e+00
-7.362999999999999545e-01 4.039999999999999841e-02 3.571999999999999620e-01 3.375199999999999978e+00
-7.227000000000001201e-01 4.799999999999999406e-02 4.776000000000000245e-01 4.475199999999999179e+00
-7.091000000000002856e-01 5.759999999999999148e-02 5.859999999999999654e-01 5.521200000000001218e+00
-6.955000000000000071e-01 5.999999999999999778e-02 6.171999999999999709e-01 5.920800000000000729e+00
-6.819000000000001727e-01 5.720000000000000084e-02 5.679999999999999494e-01 5.514399999999999302e+00
-6.682999999999998941e-01 6.039999999999999536e-02 5.008000000000000229e-01 4.923200000000000465e+00
-6.548000000000002707e-01 6.120000000000000440e-02 4.408000000000000251e-01 4.398400000000000531e+00
-6.411999999999999922e-01 5.960000000000001408e-02 4.240000000000000435e-01 4.223600000000000243e+00
-6.276000000000001577e-01 7.440000000000000779e-02 5.180000000000000160e-01 5.134000000000000341e+00
-6.139999999999998792e-01 9.120000000000001716e-02 6.284000000000000696e-01 6.267199999999998994e+00
-6.004000000000000448e-01 8.520000000000001183e-02 5.804000000000000270e-01 5.871200000000000863e+00
-5.868000000000002103e-01 7.159999999999999698e-02 4.352000000000000313e-01 4.503999999999999559e+00
-5.731999999999999318e-01 6.600000000000000311e-02 3.400000000000000244e-01 3.566800000000000193e+00
-5.596000000000000973e-01 5.519999999999999907e-02 3.004000000000000004e-01 3.046799999999999731e+00
-5.460000000000002629e-01 4.519999999999999712e-02 3.471999999999999531e-01 3.383999999999999453e+00
-5.323999999999999844e-01 5.359999999999999487e-02 4.899999999999999911e-01 4.852399999999999380e+00
-5.188000000000001499e-01 6.679999999999999827e-02 6.075999999999999179e-01 6.138000000000000789e+00
-5.051999999999998714e-01 6.520000000000000795e-02 5.984000000000000430e-01 6.049200000000000799e+00
-4.917000000000002480e-01 5.760000000000001230e-02 5.531999999999999140e-01 5.608799999999999564e+00
-4.780999999999999694e-01 5.040000000000000036e-02 5.456000000000000849e-01 5.593200000000000394e+00
-4.645000000000001350e-01 4.320000000000000229e-02 4.747999999999999998e-01 4.859599999999999476e+00
-4.508999999999998565e-01 3.720000000000000390e-02 3.495999999999999663e-01 3.551199999999999690e+00
-4.373000000000000220e-01 3.400000000000000244e-02 3.000000000000000444e-01 3.048000000000000043e+00
-4.237000000000001876e-01 3.239999999999999825e-02 3.131999999999999784e-01 3.166400000000000325e+00
-4.100999999999999091e-01 2.280000000000000082e-02 2.652000000000000468e-01 2.651999999999999691e+00
-3.965000000000000746e-01 1.400000000000000029e-02 2.275999999999999968e-01 2.296400000000000219e+00
-3.829000000000002402e-01 1.720000000000000348e-02 2.800000000000000266e-01 2.971200000000000507e+00
-3.692999999999999616e-01 2.320000000000000534e-02 3.296000000000000041e-01 3.650399999999999867e+00
-3.557000000000001272e-01 2.560000000000000123e-02 3.387999999999999901e-01 3.833599999999999230e+00
-3.420999999999998487e-01 2.759999999999999953e-02 3.460000000000000298e-01 3.937599999999999767e+00
-3.285000000000000142e-01 2.640000000000000333e-02 3.220000000000000084e-01 3.700400000000000134e+00
-3.149999999999999467e-01 2.080000000000000598e-02 2.540000000000000036e-01 2.979999999999999982e+00
-3.014000000000001123e-01 1.360000000000000098e-02 1.620000000000000051e-01 1.971200000000000063e+00
-2.878000000000002778e-01 6.399999999999999439e-03 8.440000000000000280e-02 1.074000000000000066e+00
-2.741999999999999993e-01 4.399999999999999398e-03 5.720000000000000084e-02 7.020000000000000684e-01
-2.606000000000001648e-01 6.799999999999999621e-03 9.039999999999998037e-02 1.020000000000000018e+00
-2.469999999999998863e-01 9.199999999999999845e-03 1.484000000000000041e-01 1.682399999999999896e+00
-2.334000000000000519e-01 9.999999999999998473e-03 1.835999999999999854e-01 2.217600000000000016e+00
-2.198000000000002174e-01 9.600000000000000894e-03 1.807999999999999607e-01 2.307199999999999918e+00
-2.061999999999999389e-01 8.000000000000000167e-03 1.572000000000000064e-01 1.997200000000000086e+00
-1.926000000000001044e-01 6.799999999999999621e-03 1.536000000000000143e-01 1.894799999999999596e+00
-1.790000000000002700e-01 6.799999999999999621e-03 1.411999999999999922e-01 1.763599999999999834e+00
-1.653999999999999915e-01 5.599999999999999943e-03 1.099999999999999867e-01 1.405199999999999783e+00
-1.518999999999999240e-01 4.399999999999999398e-03 8.319999999999999618e-02 1.071199999999999930e+00
-1.383000000000000895e-01 3.199999999999999720e-03 6.040000000000000230e-02 7.800000000000000266e-01
-1.247000000000002551e-01 2.800000000000000405e-03 4.240000000000000713e-02 5.544000000000001149e-01
-1.110999999999999766e-01 2.000000000000000042e-03 4.040000000000000535e-02 5.355999999999999650e-01
-9.750000000000014211e-02 2.000000000000000042e-03 4.560000000000000164e-02 6.096000000000000307e-01
-8.389999999999986358e-02 1.200000000000000112e-03 2.840000000000000163e-02 3.836000000000000520e-01
-7.030000000000002913e-02 4.000000000000000192e-04 9.600000000000000894e-03 1.320000000000000062e-01
-5.670000000000019469e-02 0.000000000000000000e+00 1.079999999999999710e-02 1.580000000000000016e-01
-4.309999999999991616e-02 0.000000000000000000e+00 2.400000000000000050e-02 3.455999999999999628e-01
-2.950000000000008171e-02 0.000000000000000000e+00 2.399999999999999703e-02 3.544000000000000483e-01
-1.590000000000024727e-02 0.000000000000000000e+00 1.199999999999999852e-02 1.815999999999999837e-01
-2.299999999999968736e-03 4.000000000000000192e-04 6.800000000000000488e-03 1.068000000000000060e-01
1.129999999999986571e-02 4.000000000000000192e-04 5.600000000000000810e-03 9.279999999999997973e-02
2.479999999999993321e-02 0.000000000000000000e+00 2.800000000000000405e-03 4.439999999999999503e-02
3.839999999999976765e-02 0.000000000000000000e+00 8.000000000000001468e-04 9.199999999999999845e-03
5.200000000000004619e-02 0.000000000000000000e+00 0.000000000000000000e+00 8.000000000000001468e-04
6.559999999999988063e-02 0.000000000000000000e+00 0.000000000000000000e+00 0.000000000000000000e+00
7.919999999999971507e-02 0.000000000000000000e+00 0.000000000000000000e+00 0.000000000000000000e+00
9.279999999999999361e-02 0.000000000000000000e+00 0.000000000000000000e+00 0.000000000000000000e+00
1.063999999999998280e-01 0.000000000000000000e+00 0.000000000000000000e+00 0.000000000000000000e+00
1.200000000000001066e-01 0.000000000000000000e+00 0.000000000000000000e+00 0.000000000000000000e+00
1.335999999999999410e-01 0.000000000000000000e+00 0.000000000000000000e+00 0.000000000000000000e+00
1.471999999999997755e-01 0.000000000000000000e+00 0.000000000000000000e+00 0.000000000000000000e+00
1.608000000000000540e-01 0.000000000000000000e+00 0.000000000000000000e+00 0.000000000000000000e+00
1.743999999999998884e-01 0.000000000000000000e+00 0.000000000000000000e+00 0.000000000000000000e+00
1.878999999999999559e-01 0.000000000000000000e+00 0.000000000000000000e+00 0.000000000000000000e+00
2.014999999999997904e-01 0.000000000000000000e+00 0.000000000000000000e+00 0.000000000000000000e+00
2.151000000000000689e-01 0.000000000000000000e+00 0.000000000000000000e+00 0.000000000000000000e+00
2.286999999999999034e-01 0.000000000000000000e+00 0.000000000000000000e+00 0.000000000000000000e+00
2.422999999999997378e-01 0.000000000000000000e+00 0.000000000000000000e+00 0.000000000000000000e+00
2.559000000000000163e-01 0.000000000000000000e+00 0.000000000000000000e+00 0.000000000000000000e+00
2.694999999999998508e-01 0.000000000000000000e+00 0.000000000000000000e+00 0.000000000000000000e+00
2.831000000000001293e-01 0.000000000000000000e+00 0.000000000000000000e+00 0.000000000000000000e+00
2.966999999999999638e-01 0.000000000000000000e+00 0.000000000000000000e+00 0.000000000000000000e+00
3.102999999999997982e-01 0.000000000000000000e+00 0.000000000000000000e+00 0.000000000000000000e+00
3.239000000000000767e-01 0.000000000000000000e+00 0.000000000000000000e+00 0.000000000000000000e+00
3.374999999999999112e-01 0.000000000000000000e+00 0.000000000000000000e+00 0.000000000000000000e+00
3.510999999999997456e-01 0.000000000000000000e+00 0.000000000000000000e+00 0.000000000000000000e+00
3.645999999999998131e-01 0.000000000000000000e+00 0.000000000000000000e+00 0.000000000000000000e+00
3.782000000000000917e-01 0.000000000000000000e+00 0.000000000000000000e+00 0.000000000000000000e+00
3.917999999999999261e-01 0.000000000000000000e+00 0.000000000000000000e+00 0.000000000000000000e+00
4.053999999999997605e-01 0.000000000000000000e+00 0.000000000000000000e+00 0.000000000000000000e+00
4.190000000000000391e-01 0.000000000000000000e+00 0.000000000000000000e+00 0.000000000000000000e+00
4.325999999999998735e-01 0.000000000000000000e+00 0.000000000000000000e+00 0.000000000000000000e+00
4.461999999999997080e-01 0.000000000000000000e+00 0.000000000000000000e+00 0.000000000000000000e+00
4.597999999999999865e-01 0.000000000000000000e+00 0.000000000000000000e+00 0.000000000000000000e+00
4.733999999999998209e-01 0.000000000000000000e+00 0.000000000000000000e+00 0.000000000000000000e+00
4.870000000000000995e-01 0.000000000000000000e+00 0.000000000000000000e+00 0.000000000000000000e+00
5.005999999999999339e-01 0.000000000000000000e+00 0.000000000000000000e+00 0.000000000000000000e+00
5.141999999999997684e-01 0.000000000000000000e+00 0.000000000000000000e+00 0.000000000000000000e+00
5.276999999999998359e-01 0.000000000000000000e+00 0.000000000000000000e+00 0.000000000000000000e+00
5.413000000000001144e-01 0.000000000000000000e+00 0.000000000000000000e+00 0.000000000000000000e+00
5.548999999999995048e-01 0.000000000000000000e+00 0.000000000000000000e+00 0.000000000000000000e+00
5.684999999999997833e-01 8.000000000000001468e-04 0.000000000000000000e+00 0.000000000000000000e+00
5.821000000000000618e-01 5.599999999999999943e-03 0.000000000000000000e+00 2.800000000000000405e-03
5.957000000000003403e-01 1.839999999999999969e-02 8.000000000000001468e-04 6.800000000000000488e-03
6.092999999999997307e-01 2.520000000000000018e-02 1.200000000000000329e-03 1.000000000000000021e-02
6.229000000000000092e-01 1.480000000000000066e-02 8.000000000000001468e-04 5.199999999999999761e-03
6.365000000000002878e-01 3.600000000000000335e-03 0.000000000000000000e+00 1.200000000000000329e-03
6.500999999999996781e-01 0.000000000000000000e+00 0.000000000000000000e+00 0.000000000000000000e+00
6.636999999999999567e-01 0.000000000000000000e+00 0.000000000000000000e+00 0.000000000000000000e+00
6.773000000000002352e-01 0.000000000000000000e+00 0.000000000000000000e+00 0.000000000000000000e+00
6.908999999999996255e-01 0.000000000000000000e+00 0.000000000000000000e+00 0.000000000000000000e+00
7.044000000000001371e-01 0.000000000000000000e+00 0.000000000000000000e+00 0.000000000000000000e+00
7.179999999999995275e-01 0.000000000000000000e+00 0.000000000000000000e+00 0.000000000000000000e+00
7.315999999999998060e-01 0.000000000000000000e+00 0.000000000000000000e+00 0.000000000000000000e+00
7.452000000000000846e-01 0.000000000000000000e+00 0.000000000000000000e+00 0.000000000000000000e+00
7.588000000000003631e-01 0.000000000000000000e+00 0.000000000000000000e+00 0.000000000000000000e+00
7.723999999999997534e-01 0.000000000000000000e+00 0.000000000000000000e+00 0.000000000000000000e+00
7.860000000000000320e-01 0.000000000000000000e+00 0.000000000000000000e+00 0.000000000000000000e+00
7.996000000000003105e-01 0.000000000000000000e+00 0.000000000000000000e+00 0.000000000000000000e+00
8.131999999999997009e-01 0.000000000000000000e+00 0.000000000000000000e+00 0.000000000000000000e+00
8.267999999999999794e-01 0.000000000000000000e+00 0.000000000000000000e+00 0.000000000000000000e+00
8.404000000000002579e-01 0.000000000000000000e+00 0.000000000000000000e+00 0.000000000000000000e+00
8.539999999999996483e-01 0.000000000000000000e+00 0.000000000000000000e+00 0.000000000000000000e+00
8.675000000000001599e-01 0.000000000000000000e+00 0.000000000000000000e+00 0.000000000000000000e+00
8.810999999999995502e-01 0.000000000000000000e+00 0.000000000000000000e+00 0.000000000000000000e+00
8.946999999999998288e-01 0.000000000000000000e+00 0.000000000000000000e+00 0.000000000000000000e+00
9.083000000000001073e-01 0.000000000000000000e+00 0.000000000000000000e+00 0.000000000000000000e+00
9.218999999999994976e-01 0.000000000000000000e+00 0.000000000000000000e+00 0.000000000000000000e+00
9.354999999999997762e-01 2.000000000000000042e-03 0.000000000000000000e+00 2.399999999999999790e-03
9.491000000000000547e-01 1.080000000000000057e-02 2.400000000000000657e-03 1.519999999999999997e-02
9.627000000000003332e-01 2.599999999999999881e-02 5.599999999999999943e-03 3.559999999999999970e-02
9.762999999999997236e-01 3.040000000000000341e-02 6.400000000000000307e-03 4.079999999999999599e-02
9.899000000000000021e-01 3.040000000000000341e-02 6.000000000000000125e-03 3.639999999999999486e-02
1.003500000000000281e+00 3.400000000000000244e-02 6.799999999999998754e-03 4.039999999999999841e-02
1.017099999999999671e+00 2.560000000000000470e-02 1.119999999999999815e-02 4.120000000000000051e-02
1.030699999999999950e+00 1.560000000000000275e-02 1.799999999999999864e-02 4.359999999999999987e-02
1.044199999999999573e+00 1.400000000000000029e-02 1.720000000000000001e-02 4.280000000000000471e-02
1.057799999999999851e+00 2.119999999999999662e-02 1.280000000000000061e-02 4.319999999999999535e-02
1.071400000000000130e+00 3.039999999999999647e-02 9.600000000000000894e-03 4.640000000000000374e-02
1.084999999999999520e+00 2.400000000000000050e-02 8.000000000000000167e-03 3.639999999999999486e-02
1.098599999999999799e+00 1.439999999999999787e-02 1.440000000000000134e-02 4.439999999999999503e-02
1.112200000000000077e+00 2.239999999999999630e-02 3.880000000000000809e-02 1.023999999999999910e-01
1.125800000000000356e+00 3.320000000000000034e-02 5.879999999999999810e-02 1.479999999999999927e-01
1.139399999999999746e+00 3.039999999999999647e-02 5.600000000000000810e-02 1.400000000000000133e-01
1.153000000000000025e+00 2.880000000000000268e-02 5.720000000000000084e-02 1.563999999999999835e-01
1.166600000000000303e+00 4.560000000000000164e-02 7.280000000000000360e-02 2.168000000000000482e-01
1.180199999999999694e+00 7.959999999999999021e-02 7.879999999999999505e-02 2.636000000000000010e-01
1.193799999999999972e+00 1.119999999999999885e-01 8.079999999999999682e-02 2.967999999999999527e-01
1.207299999999999596e+00 1.211999999999999883e-01 8.319999999999999618e-02 3.155999999999999917e-01
1.220899999999999874e+00 1.056000000000000133e-01 9.160000000000000087e-02 3.339999999999999636e-01
1.234500000000000153e+00 8.000000000000001554e-02 9.119999999999998941e-02 3.227999999999999758e-01
1.248099999999999543e+00 6.280000000000000859e-02 6.479999999999999649e-02 2.439999999999999947e-01
1.261699999999999822e+00 5.719999999999999390e-02 4.800000000000000100e-02 1.872000000000000330e-01
1.275300000000000100e+00 5.360000000000000875e-02 6.359999999999998987e-02 2.051999999999999935e-01
1.288899999999999491e+00 5.680000000000000326e-02 8.200000000000000344e-02 2.415999999999999814e-01
1.302499999999999769e+00 5.239999999999999519e-02 6.439999999999999891e-02 1.972000000000000419e-01
1.316100000000000048e+00 3.559999999999999276e-02 4.120000000000000745e-02 1.332000000000000128e-01
1.329700000000000326e+00 4.239999999999999325e-02 6.759999999999999343e-02 2.187999999999999945e-01
1.343299999999999716e+00 7.719999999999999085e-02 1.195999999999999980e-01 4.015999999999999570e-01
1.356899999999999995e+00 9.320000000000000506e-02 1.208000000000000185e-01 4.288000000000000145e-01
1.370500000000000274e+00 7.600000000000001199e-02 7.440000000000000779e-02 2.856000000000000205e-01
1.383999999999999897e+00 4.719999999999999890e-02 3.719999999999999002e-02 1.528000000000000191e-01
1.397600000000000176e+00 3.960000000000000325e-02 3.880000000000000115e-02 1.535999999999999865e-01
1.411199999999999566e+00 8.000000000000000167e-02 8.839999999999999247e-02 3.339999999999999636e-01
1.424799999999999844e+00 1.411999999999999922e-01 1.499999999999999944e-01 5.640000000000000568e-01
1.438400000000000123e+00 1.467999999999999861e-01 1.548000000000000209e-01 5.884000000000000341e-01
1.451999999999999513e+00 9.039999999999999425e-02 9.959999999999999409e-02 3.856000000000000538e-01
1.465599999999999792e+00 5.160000000000000003e-02 5.999999999999999778e-02 2.468000000000000194e-01
1.479200000000000070e+00 6.040000000000000230e-02 6.800000000000000488e-02 2.928000000000000047e-01
1.492800000000000349e+00 7.520000000000000295e-02 8.120000000000002216e-02 3.631999999999999673e-01
1.506399999999999739e+00 7.679999999999999327e-02 9.120000000000000329e-02 3.975999999999999535e-01
1.520000000000000018e+00 7.880000000000000893e-02 9.200000000000001232e-02 3.971999999999999975e-01
1.533600000000000296e+00 8.400000000000000522e-02 8.279999999999999860e-02 3.760000000000000009e-01
1.547099999999999920e+00 9.679999999999999716e-02 8.999999999999999667e-02 4.112000000000000099e-01
1.560700000000000198e+00 1.103999999999999704e-01 1.096000000000000169e-01 4.847999999999999532e-01
1.574299999999999589e+00 1.236000000000000154e-01 1.291999999999999815e-01 5.704000000000000181e-01
1.587899999999999867e+00 1.296000000000000207e-01 1.356000000000000261e-01 5.904000000000000359e-01
1.601500000000000146e+00 1.092000000000000193e-01 1.223999999999999810e-01 5.403999999999999915e-01
1.615099999999999536e+00 8.080000000000001070e-02 1.239999999999999991e-01 5.959999999999999742e-01
1.628699999999999815e+00 6.559999999999999165e-02 1.272000000000000075e-01 6.411999999999999922e-01
1.642300000000000093e+00 5.560000000000000359e-02 9.919999999999999651e-02 5.272000000000000020e-01
1.655900000000000372e+00 6.040000000000000230e-02 9.160000000000000087e-02 5.500000000000001554e-01
1.669499999999999762e+00 8.719999999999999973e-02 1.416000000000000314e-01 8.140000000000000568e-01
1.683100000000000041e+00 1.267999999999999960e-01 2.148000000000000187e-01 1.075199999999999934e+00
1.696700000000000319e+00 1.432000000000000217e-01 2.387999999999999567e-01 1.140800000000000036e+00
1.710299999999999709e+00 1.219999999999999973e-01 1.816000000000000114e-01 9.732000000000000650e-01
1.723800000000000221e+00 1.016000000000000097e-01 1.239999999999999991e-01 8.027999999999999581e-01
1.737399999999999611e+00 1.011999999999999844e-01 1.147999999999999993e-01 7.636000000000000565e-01
1.750999999999999890e+00 1.023999999999999910e-01 1.287999999999999978e-01 7.983999999999999986e-01
1.764600000000000168e+00 9.680000000000001104e-02 1.384000000000000230e-01 8.231999999999999318e-01
1.778199999999999559e+00 9.959999999999999409e-02 1.499999999999999944e-01 8.540000000000000924e-01
1.791799999999999837e+00 1.116000000000000048e-01 1.696000000000000008e-01 1.053199999999999914e+00
1.805400000000000116e+00 1.048000000000000043e-01 1.532000000000000028e-01 1.111199999999999966e+00
1.818999999999999506e+00 7.480000000000000537e-02 1.023999999999999910e-01 7.743999999999999773e-01
1.832599999999999785e+00 5.440000000000000391e-02 6.280000000000000859e-02 3.856000000000000538e-01
1.846200000000000063e+00 5.600000000000000117e-02 7.240000000000000602e-02 3.300000000000000155e-01
1.859800000000000342e+00 7.439999999999999392e-02 1.143999999999999878e-01 5.392000000000000126e-01
1.873399999999999732e+00 8.520000000000001183e-02 1.312000000000000111e-01 7.255999999999999117e-01
1.886900000000000244e+00 8.480000000000000038e-02 1.199999999999999956e-01 8.111999999999999211e-01
1.900499999999999634e+00 8.279999999999998472e-02 1.032000000000000139e-01 8.119999999999999440e-01
1.914099999999999913e+00 8.399999999999999134e-02 9.279999999999999361e-02 7.820000000000000284e-01
1.927700000000000191e+00 9.199999999999999845e-02 9.479999999999999538e-02 7.795999999999999597e-01
1.941299999999999581e+00 9.840000000000000135e-02 9.759999999999999232e-02 6.835999999999999854e-01
1.954899999999999860e+00 8.759999999999999731e-02 8.759999999999998344e-02 4.627999999999999892e-01
1.968500000000000139e+00 5.440000000000000391e-02 6.160000000000000198e-02 2.740000000000000213e-01
1.982099999999999529e+00 3.440000000000000002e-02 4.719999999999999196e-02 2.284000000000000197e-01
1.995699999999999807e+00 3.679999999999999938e-02 5.240000000000000213e-02 3.019999999999999907e-01
2.009300000000000086e+00 4.479999999999999954e-02 5.919999999999998874e-02 3.764000000000000679e-01
2.022900000000000365e+00 5.399999999999999245e-02 5.999999999999999778e-02 4.236000000000000876e-01
2.036499999999999755e+00 5.479999999999999455e-02 5.879999999999999810e-02 4.464000000000000190e-01
2.050100000000000033e+00 3.840000000000000357e-02 5.360000000000000875e-02 3.951999999999998847e-01
2.063599999999999657e+00 2.119999999999999662e-02 4.599999999999999922e-02 3.155999999999999917e-01
2.077199999999999935e+00 1.959999999999999937e-02 4.359999999999999987e-02 3.023999999999999466e-01
2.090800000000000214e+00 3.880000000000000115e-02 5.680000000000001020e-02 4.020000000000000240e-01
2.104399999999999604e+00 5.920000000000000262e-02 7.280000000000000360e-02 5.011999999999999789e-01
2.117999999999999883e+00 5.959999999999999326e-02 7.959999999999997633e-02 5.260000000000000231e-01
2.131600000000000161e+00 5.640000000000000568e-02 9.520000000000000684e-02 6.151999999999999691e-01
2.145199999999999552e+00 6.080000000000000682e-02 1.095999999999999891e-01 7.043999999999999151e-01
2.158799999999999830e+00 4.960000000000000520e-02 8.679999999999998828e-02 5.467999999999999527e-01
2.172400000000000109e+00 2.559999999999999776e-02 4.560000000000000164e-02 2.779999999999999694e-01
2.185999999999999499e+00 1.480000000000000066e-02 2.559999999999999776e-02 1.544000000000000095e-01
2.199599999999999778e+00 2.400000000000000397e-02 3.640000000000000180e-02 2.131999999999999729e-01
2.213200000000000056e+00 3.200000000000000067e-02 5.320000000000001117e-02 3.204000000000000181e-01
2.226699999999999680e+00 2.759999999999999953e-02 5.079999999999999793e-02 3.144000000000000128e-01
2.240299999999999958e+00 2.640000000000000333e-02 4.600000000000000616e-02 2.743999999999999773e-01
2.253900000000000237e+00 3.079999999999999752e-02 5.000000000000000278e-02 2.803999999999999826e-01
2.267499999999999627e+00 2.480000000000000260e-02 4.239999999999999325e-02 2.404000000000000026e-01
2.281099999999999905e+00 1.279999999999999888e-02 2.439999999999999808e-02 1.479999999999999927e-01
2.294700000000000184e+00 5.200000000000000629e-03 1.520000000000000170e-02 9.560000000000001830e-02
2.308299999999999574e+00 4.799999999999999580e-03 2.159999999999999767e-02 1.315999999999999948e-01
2.321899999999999853e+00 4.799999999999999580e-03 2.440000000000000502e-02 1.475999999999999812e-01
2.335500000000000131e+00 2.399999999999999790e-03 1.240000000000000130e-02 7.560000000000000053e-02
2.349099999999999522e+00 8.000000000000001468e-04 2.399999999999999790e-03 1.679999999999999896e-02
2.362699999999999800e+00 0.000000000000000000e+00 0.000000000000000000e+00 1.200000000000000112e-03
2.376300000000000079e+00 0.000000000000000000e+00 0.000000000000000000e+00 0.000000000000000000e+00
2.389900000000000357e+00 0.000000000000000000e+00 0.000000000000000000e+00 0.000000000000000000e+00
2.403399999999999981e+00 0.000000000000000000e+00 0.000000000000000000e+00 0.000000000000000000e+00
2.417000000000000259e+00 0.000000000000000000e+00 0.000000000000000000e+00 0.000000000000000000e+00
2.430599999999999650e+00 0.000000000000000000e+00 8.000000000000001468e-04 1.600000000000000294e-03
2.444199999999999928e+00 4.000000000000000192e-04 5.199999999999999761e-03 9.999999999999998473e-03
2.457800000000000207e+00 4.000000000000000192e-04 1.119999999999999989e-02 2.240000000000000324e-02
2.471399999999999597e+00 4.000000000000000192e-04 9.999999999999998473e-03 1.959999999999999937e-02
2.484999999999999876e+00 4.000000000000000192e-04 6.000000000000000125e-03 1.119999999999999989e-02
2.498600000000000154e+00 1.600000000000000077e-03 1.280000000000000061e-02 1.959999999999999937e-02
2.512199999999999545e+00 3.200000000000000153e-03 2.439999999999999808e-02 3.760000000000000148e-02
2.525799999999999823e+00 2.799999999999999538e-03 2.160000000000000114e-02 3.280000000000000276e-02
2.539400000000000102e+00 1.200000000000000112e-03 8.399999999999999481e-03 1.240000000000000130e-02
2.552999999999999492e+00 8.000000000000000383e-04 8.800000000000000530e-03 1.440000000000000134e-02
2.566500000000000004e+00 3.599999999999999901e-03 2.960000000000000131e-02 4.960000000000000520e-02
2.580100000000000282e+00 5.599999999999999076e-03 5.000000000000000278e-02 8.279999999999999860e-02
2.593699999999999672e+00 5.600000000000000810e-03 4.599999999999999922e-02 7.919999999999999263e-02
2.607299999999999951e+00 9.199999999999999845e-03 5.960000000000000020e-02 1.124000000000000138e-01
2.620900000000000230e+00 1.840000000000000316e-02 1.059999999999999970e-01 2.128000000000000169e-01
2.634499999999999620e+00 2.520000000000000018e-02 1.363999999999999935e-01 2.875999999999999668e-01
2.648099999999999898e+00 2.640000000000000333e-02 1.328000000000000014e-01 2.719999999999999640e-01
2.661700000000000177e+00 3.080000000000000099e-02 1.188000000000000167e-01 2.016000000000000014e-01
2.675299999999999567e+00 3.400000000000000244e-02 1.159999999999999920e-01 1.595999999999999919e-01
2.688899999999999846e+00 2.599999999999999881e-02 9.679999999999999716e-02 1.312000000000000111e-01
2.702500000000000124e+00 1.360000000000000098e-02 5.800000000000000988e-02 7.879999999999999505e-02
2.716099999999999515e+00 1.320000000000000166e-02 5.760000000000000536e-02 6.600000000000000311e-02
2.729699999999999793e+00 2.440000000000000502e-02 1.079999999999999849e-01 1.200000000000000233e-01
2.743200000000000305e+00 3.400000000000000244e-02 1.679999999999999827e-01 2.088000000000000411e-01
2.756799999999999695e+00 3.959999999999999631e-02 2.268000000000000016e-01 3.296000000000000041e-01
2.770399999999999974e+00 5.360000000000000181e-02 2.668000000000000371e-01 4.152000000000000135e-01
2.784000000000000252e+00 9.359999999999998876e-02 2.860000000000000320e-01 4.363999999999999546e-01
2.797599999999999643e+00 1.227999999999999925e-01 2.663999999999999702e-01 4.052000000000000046e-01
2.811199999999999921e+00 8.760000000000001119e-02 1.696000000000000285e-01 2.807999999999999940e-01
2.824800000000000200e+00 3.839999999999999664e-02 7.359999999999999876e-02 1.392000000000000182e-01
2.838399999999999590e+00 2.320000000000000187e-02 4.399999999999999051e-02 9.160000000000001474e-02
2.851999999999999869e+00 2.079999999999999905e-02 4.279999999999999083e-02 8.240000000000001490e-02
2.865600000000000147e+00 2.440000000000000155e-02 7.119999999999999940e-02 9.639999999999998570e-02
2.879199999999999537e+00 4.560000000000000164e-02 1.608000000000000262e-01 1.911999999999999811e-01
2.892799999999999816e+00 6.120000000000000440e-02 2.336000000000000021e-01 2.920000000000000373e-01
2.906300000000000328e+00 5.600000000000000810e-02 2.120000000000000218e-01 2.999999999999999889e-01
2.919899999999999718e+00 4.759999999999999648e-02 1.444000000000000006e-01 2.275999999999999690e-01
2.933499999999999996e+00 4.959999999999999826e-02 1.091999999999999915e-01 1.743999999999999995e-01
2.947100000000000275e+00 7.040000000000000424e-02 1.144000000000000017e-01 1.732000000000000206e-01
2.960699999999999665e+00 1.168000000000000149e-01 1.455999999999999794e-01 2.000000000000000111e-01
2.974299999999999944e+00 1.576000000000000179e-01 1.648000000000000020e-01 2.204000000000000126e-01
2.987900000000000222e+00 1.728000000000000091e-01 1.332000000000000128e-01 1.900000000000000022e-01
3.001499999999999613e+00 2.099999999999999922e-01 1.212000000000000161e-01 1.972000000000000142e-01
3.015099999999999891e+00 2.487999999999999656e-01 1.428000000000000103e-01 2.399999999999999911e-01
3.028700000000000170e+00 2.076000000000000068e-01 1.283999999999999864e-01 2.047999999999999821e-01
3.042299999999999560e+00 1.908000000000000251e-01 1.199999999999999956e-01 1.723999999999999977e-01
3.055899999999999839e+00 2.987999999999999545e-01 2.056000000000000050e-01 2.739999999999999658e-01
3.069500000000000117e+00 4.120000000000000329e-01 3.415999999999999592e-01 4.516000000000000014e-01
3.082999999999999741e+00 4.692000000000000615e-01 4.256000000000000338e-01 5.872000000000000552e-01
3.096600000000000019e+00 4.568000000000000393e-01 4.200000000000000400e-01 5.907999999999999918e-01
3.110200000000000298e+00 4.155999999999999694e-01 3.819999999999999507e-01 5.176000000000000600e-01
3.123799999999999688e+00 4.627999999999999892e-01 3.915999999999999481e-01 5.248000000000000442e-01
3.137399999999999967e+00 5.287999999999999368e-01 3.803999999999999604e-01 5.640000000000000568e-01
3.151000000000000245e+00 5.615999999999999881e-01 3.284000000000000252e-01 5.543999999999998929e-01
3.164599999999999635e+00 5.460000000000000409e-01 3.096000000000000418e-01 5.180000000000000160e-01
3.178199999999999914e+00 4.868000000000000105e-01 3.276000000000000578e-01 4.663999999999999813e-01
3.191800000000000193e+00 4.980000000000001092e-01 3.444000000000000394e-01 4.191999999999999060e-01
3.205399999999999583e+00 5.035999999999999366e-01 3.008000000000000118e-01 3.568000000000000060e-01
3.218999999999999861e+00 4.387999999999999678e-01 2.300000000000000377e-01 2.883999999999999897e-01
3.232600000000000140e+00 3.623999999999999444e-01 1.891999999999999793e-01 2.551999999999999824e-01
3.246099999999999763e+00 2.992000000000000215e-01 1.839999999999999969e-01 2.724000000000000310e-01
3.259700000000000042e+00 3.248000000000000331e-01 2.163999999999999813e-01 3.415999999999999592e-01
3.273300000000000320e+00 3.820000000000000617e-01 2.260000000000000342e-01 3.476000000000000201e-01
3.286899999999999711e+00 3.787999999999999701e-01 2.152000000000000302e-01 2.867999999999999994e-01
3.300499999999999989e+00 3.971999999999999975e-01 2.623999999999999666e-01 2.995999999999999219e-01
3.314100000000000268e+00 5.020000000000000018e-01 3.892000000000001014e-01 4.083999999999999297e-01
3.327699999999999658e+00 5.608000000000000762e-01 4.891999999999999682e-01 4.956000000000000405e-01
3.341299999999999937e+00 5.144000000000000794e-01 5.088000000000000300e-01 5.320000000000000284e-01
3.354900000000000215e+00 4.567999999999999838e-01 5.000000000000000000e-01 5.464000000000001078e-01
3.368499999999999606e+00 4.248000000000000109e-01 4.623999999999999777e-01 5.083999999999999631e-01
3.382099999999999884e+00 4.072000000000000064e-01 4.304000000000001158e-01 4.507999999999999230e-01
3.395700000000000163e+00 3.671999999999999709e-01 3.871999999999999886e-01 4.039999999999999702e-01
3.409299999999999553e+00 3.295999999999999486e-01 3.032000000000000250e-01 3.479999999999999760e-01
3.422800000000000065e+00 3.440000000000000280e-01 2.244000000000000161e-01 2.963999999999999968e-01
3.436400000000000343e+00 4.128000000000000003e-01 2.107999999999999874e-01 2.988000000000000100e-01
3.449999999999999734e+00 4.912000000000000810e-01 2.367999999999999550e-01 3.167999999999999705e-01
3.463600000000000012e+00 5.228000000000000425e-01 2.607999999999999763e-01 3.039999999999999925e-01
3.477200000000000291e+00 5.048000000000000265e-01 3.044000000000000039e-01 3.124000000000000110e-01
3.490799999999999681e+00 4.203999999999999404e-01 3.008000000000000118e-01 3.064000000000000612e-01
3.504399999999999959e+00 3.320000000000000173e-01 2.455999999999999850e-01 2.651999999999999358e-01
3.518000000000000238e+00 3.516000000000000236e-01 2.571999999999999842e-01 2.928000000000000047e-01
3.531599999999999628e+00 3.936000000000000054e-01 3.236000000000000543e-01 3.675999999999999823e-01
3.545199999999999907e+00 3.975999999999999535e-01 3.787999999999999701e-01 3.864000000000000212e-01
3.558800000000000185e+00 3.648000000000000131e-01 3.444000000000000394e-01 3.215999999999999415e-01
3.572399999999999576e+00 3.084000000000000075e-01 2.263999999999999901e-01 2.403999999999999471e-01
3.585900000000000087e+00 2.815999999999999615e-01 1.364000000000000212e-01 1.932000000000000106e-01
3.599500000000000366e+00 2.359999999999999876e-01 8.879999999999999005e-02 1.348000000000000032e-01
3.613099999999999756e+00 1.655999999999999694e-01 9.200000000000001232e-02 1.104000000000000120e-01
3.626700000000000035e+00 1.535999999999999865e-01 1.580000000000000016e-01 1.656000000000000250e-01
3.640300000000000313e+00 1.987999999999999767e-01 2.303999999999999382e-01 2.316000000000000281e-01
3.653899999999999704e+00 2.640000000000000124e-01 2.867999999999999994e-01 2.544000000000000150e-01
3.667499999999999982e+00 3.260000000000000120e-01 3.280000000000000138e-01 2.720000000000000195e-01
3.681100000000000261e+00 3.755999999999999894e-01 3.204000000000000181e-01 3.047999999999999599e-01
3.694699999999999651e+00 4.252000000000000224e-01 3.171999999999999820e-01 3.640000000000000457e-01
3.708299999999999930e+00 4.335999999999999854e-01 3.404000000000000359e-01 4.044000000000000927e-01
3.721900000000000208e+00 3.635999999999999788e-01 3.012000000000000233e-01 3.431999999999999496e-01
3.735499999999999599e+00 3.023999999999999466e-01 2.316000000000000281e-01 2.459999999999999964e-01
3.749099999999999877e+00 2.995999999999999774e-01 2.028000000000000358e-01 2.132000000000000006e-01
3.762599999999999500e+00 3.432000000000000051e-01 2.039999999999999869e-01 2.327999999999999514e-01
3.776199999999999779e+00 4.759999999999999787e-01 2.571999999999999842e-01 3.179999999999999494e-01
3.789800000000000058e+00 5.671999999999999265e-01 3.087999999999999634e-01 3.847999999999999754e-01
3.803400000000000336e+00 5.243999999999999773e-01 3.260000000000000120e-01 3.699999999999999400e-01
3.816999999999999726e+00 4.699999999999999734e-01 3.572000000000000175e-01 3.608000000000000096e-01
3.830600000000000005e+00 3.887999999999999234e-01 3.284000000000000252e-01 3.224000000000000199e-01
3.844200000000000284e+00 3.195999999999999397e-01 2.724000000000000310e-01 2.660000000000000142e-01
3.857799999999999674e+00 3.528000000000000025e-01 2.651999999999999913e-01 2.724000000000000310e-01
3.871399999999999952e+00 4.252000000000000224e-01 2.407999999999999585e-01 2.799999999999999711e-01
3.885000000000000231e+00 4.291999999999999704e-01 1.912000000000000366e-01 2.492000000000000326e-01
3.898599999999999621e+00 3.775999999999999912e-01 1.864000000000000101e-01 2.375999999999999501e-01
3.912199999999999900e+00 3.971999999999999420e-01 2.700000000000000178e-01 2.979999999999999871e-01
3.925699999999999523e+00 6.328000000000000291e-01 4.275999999999999801e-01 4.379999999999999449e-01
3.939299999999999802e+00 9.236000000000001986e-01 5.216000000000000636e-01 5.367999999999999439e-01
3.952900000000000080e+00 9.132000000000001227e-01 4.376000000000001000e-01 4.704000000000000403e-01
3.966500000000000359e+00 7.288000000000000034e-01 3.235999999999999432e-01 3.535999999999999699e-01
3.980099999999999749e+00 6.515999999999999570e-01 3.147999999999999687e-01 3.231999999999999873e-01
3.993700000000000028e+00 5.796000000000000041e-01 3.140000000000000013e-01 3.128000000000000225e-01
4.007300000000000750e+00 4.568000000000000949e-01 2.875999999999999668e-01 2.883999999999999342e-01
4.020899999999999253e+00 3.596000000000000307e-01 2.496000000000000163e-01 2.484000000000000374e-01
4.034499999999999531e+00 3.123999999999999555e-01 2.080000000000000182e-01 2.028000000000000080e-01
4.048099999999999810e+00 3.159999999999999476e-01 1.892000000000000348e-01 1.940000000000000335e-01
4.061700000000000088e+00 3.292000000000000481e-01 1.795999999999999819e-01 2.200000000000000011e-01
4.075300000000000367e+00 3.823999999999999622e-01 1.964000000000000190e-01 2.651999999999999913e-01
4.088900000000000645e+00 4.332000000000000295e-01 2.120000000000000495e-01 2.743999999999999773e-01
4.102399999999999380e+00 3.543999999999999928e-01 1.776000000000000356e-01 2.187999999999999945e-01
4.115999999999999659e+00 2.620000000000000107e-01 1.668000000000000316e-01 1.907999999999999696e-01
4.129599999999999937e+00 3.328000000000000402e-01 2.164000000000000368e-01 2.323999999999999677e-01
4.143200000000000216e+00 4.499999999999999556e-01 2.379999999999999893e-01 2.560000000000000053e-01
4.156800000000000495e+00 4.768000000000000016e-01 2.404000000000000026e-01 2.528000000000000247e-01
4.170400000000000773e+00 4.984000000000000652e-01 2.923999999999999932e-01 3.027999999999999581e-01
4.183999999999999275e+00 4.903999999999999471e-01 2.983999999999999986e-01 3.304000000000000270e-01
4.197599999999999554e+00 3.851999999999999869e-01 2.083999999999999742e-01 2.572000000000000397e-01
4.211199999999999832e+00 3.008000000000000118e-01 1.328000000000000014e-01 1.748000000000000109e-01
4.224800000000000111e+00 3.551999999999999602e-01 1.335999999999999965e-01 1.756000000000000061e-01
4.238400000000000389e+00 5.295999999999999597e-01 2.059999999999999887e-01 2.531999999999999806e-01
4.252000000000000668e+00 6.628000000000000558e-01 2.892000000000000126e-01 3.296000000000000041e-01
4.265499999999999403e+00 6.876000000000001000e-01 3.107999999999999652e-01 3.412000000000000033e-01
4.279099999999999682e+00 6.844000000000000083e-01 2.852000000000000091e-01 3.111999999999999766e-01
4.292699999999999960e+00 7.456000000000000405e-01 2.703999999999999737e-01 2.939999999999999836e-01
4.306300000000000239e+00 8.716000000000001524e-01 2.792000000000000037e-01 3.068000000000000171e-01
4.319900000000000517e+00 8.959999999999999076e-01 2.780000000000000249e-01 3.004000000000000004e-01
4.333500000000000796e+00 8.119999999999998330e-01 2.691999999999999948e-01 2.807999999999999940e-01
4.347099999999999298e+00 7.343999999999999417e-01 2.820000000000000284e-01 2.992000000000000215e-01
4.360699999999999577e+00 6.680000000000000382e-01 2.788000000000000478e-01 3.064000000000000057e-01
4.374299999999999855e+00 6.211999999999999744e-01 2.360000000000000431e-01 2.568000000000000282e-01
4.387900000000000134e+00 6.051999999999999602e-01 2.107999999999999874e-01 2.268000000000000016e-01
4.401500000000000412e+00 6.523999999999999799e-01 2.391999999999999960e-01 2.736000000000000099e-01
4.415100000000000691e+00 8.391999999999999460e-01 2.992000000000000215e-01 3.456000000000000183e-01
4.428699999999999193e+00 1.049600000000000088e+00 3.296000000000000596e-01 3.671999999999999709e-01
4.442199999999999704e+00 1.169200000000000017e+00 3.399999999999999689e-01 3.695999999999999841e-01
4.455799999999999983e+00 1.108400000000000052e+00 3.548000000000000043e-01 3.876000000000000001e-01
4.469400000000000261e+00 9.512000000000000455e-01 3.631999999999999673e-01 4.107999999999999985e-01
4.483000000000000540e+00 8.664000000000000590e-01 3.467999999999999972e-01 4.016000000000000680e-01
4.496599999999999042e+00 8.055999999999998717e-01 2.991999999999999660e-01 3.536000000000000809e-01
4.510199999999999321e+00 7.660000000000000142e-01 2.644000000000000239e-01 3.155999999999999361e-01
4.523799999999999599e+00 7.143999999999999240e-01 2.396000000000000352e-01 2.888000000000000012e-01
4.537399999999999878e+00 5.656000000000001027e-01 1.975999999999999979e-01 2.391999999999999960e-01
4.551000000000000156e+00 4.627999999999999892e-01 1.795999999999999819e-01 2.092000000000000248e-01
4.564599999999998658e+00 5.203999999999999737e-01 2.116000000000000103e-01 2.276000000000000245e-01
4.578199999999998937e+00 6.755999999999999783e-01 2.840000000000000302e-01 2.951999999999999624e-01
4.591799999999999216e+00 8.944000000000000838e-01 3.796000000000000485e-01 3.843999999999999639e-01
4.605299999999999727e+00 9.472000000000002640e-01 3.848000000000000309e-01 3.867999999999999772e-01
4.618900000000000006e+00 8.223999999999999089e-01 3.135999999999999899e-01 3.215999999999999970e-01
4.632500000000000284e+00 7.660000000000000142e-01 2.783999999999999808e-01 2.899999999999999800e-01
4.646099999999998786e+00 6.520000000000000240e-01 2.368000000000000105e-01 2.531999999999999806e-01
4.659699999999999065e+00 4.748000000000000553e-01 1.703999999999999959e-01 1.959999999999999798e-01
4.673299999999999343e+00 5.715999999999999970e-01 1.840000000000000246e-01 2.164000000000000090e-01
4.686899999999999622e+00 9.284000000000000030e-01 2.940000000000000391e-01 3.284000000000000252e-01
4.700499999999999901e+00 1.100400000000000045e+00 3.639999999999999347e-01 3.936000000000000054e-01
4.714100000000000179e+00 9.999999999999998890e-01 3.676000000000000378e-01 3.880000000000000115e-01
4.727699999999998681e+00 8.640000000000001013e-01 3.835999999999999965e-01 3.875999999999999446e-01
4.741299999999998960e+00 8.240000000000000657e-01 4.159999999999999809e-01 4.076000000000000734e-01
4.754899999999999238e+00 8.391999999999999460e-01 4.092000000000000082e-01 4.080000000000000848e-01
4.768499999999999517e+00 8.584000000000000519e-01 3.543999999999999373e-01 3.736000000000000432e-01
4.782000000000000028e+00 8.372000000000000552e-01 3.168000000000000260e-01 3.447999999999998844e-01
4.795600000000000307e+00 7.943999999999999950e-01 2.999999999999999889e-01 3.415999999999999592e-01
4.809199999999998809e+00 7.879999999999999227e-01 2.788000000000000478e-01 3.359999999999999654e-01
4.822799999999999088e+00 6.780000000000000471e-01 2.475999999999999868e-01 2.867999999999999439e-01
4.836399999999999366e+00 5.275999999999999579e-01 2.484000000000000097e-01 2.560000000000000053e-01
4.849999999999999645e+00 5.200000000000000178e-01 2.879999999999999782e-01 2.851999999999999535e-01
4.863599999999999923e+00 5.652000000000000357e-01 2.872000000000000663e-01 2.900000000000000355e-01
4.877200000000000202e+00 5.756000000000000005e-01 2.451999999999999735e-01 2.500000000000000000e-01
4.890799999999998704e+00 5.191999999999999948e-01 1.940000000000000058e-01 2.044000000000000261e-01
4.904399999999998983e+00 4.112000000000000099e-01 1.351999999999999869e-01 1.583999999999999853e-01
4.917999999999999261e+00 3.672000000000000819e-01 1.112000000000000072e-01 1.332000000000000128e-01
4.931599999999999540e+00 4.743999999999999329e-01 1.804000000000000048e-01 1.855999999999999872e-01
4.945100000000000051e+00 5.907999999999998808e-01 2.667999999999999816e-01 2.528000000000000247e-01
4.958700000000000330e+00 5.235999999999999543e-01 2.419999999999999929e-01 2.276000000000000245e-01
4.972299999999998832e+00 4.488000000000000322e-01 1.840000000000000246e-01 1.867999999999999661e-01
4.985899999999999110e+00 4.719999999999999751e-01 1.659999999999999809e-01 1.884000000000000119e-01
4.999499999999999389e+00 5.631999999999999229e-01 1.848000000000000198e-01 2.143999999999999795e-01
5.013099999999999667e+00 6.536000000000000698e-01 2.472000000000000031e-01 2.711999999999999966e-01
5.026699999999999946e+00 6.428000000000000380e-01 3.080000000000000515e-01 3.284000000000000252e-01
5.040300000000000225e+00 5.980000000000000870e-01 3.243999999999999662e-01 3.500000000000000888e-01
5.053899999999998727e+00 5.887999999999999901e-01 2.928000000000000047e-01 3.140000000000000013e-01
5.067499999999999005e+00 5.148000000000000353e-01 2.247999999999999998e-01 2.252000000000000390e-01
5.081099999999999284e+00 3.772000000000000353e-01 1.664000000000000201e-01 1.487999999999999878e-01
5.094699999999999562e+00 3.963999999999999746e-01 1.652000000000000135e-01 1.519999999999999962e-01
5.108299999999999841e+00 6.588000000000000522e-01 2.236000000000000210e-01 2.176000000000000156e-01
5.121800000000000352e+00 8.075999999999998735e-01 2.707999999999999852e-01 2.443999999999999784e-01
5.135399999999998855e+00 6.491999999999999993e-01 2.596000000000000529e-01 2.115999999999999825e-01
5.148999999999999133e+00 5.260000000000000231e-01 2.464000000000000357e-01 2.067999999999999838e-01
5.162599999999999412e+00 7.064000000000000279e-01 3.207999999999999741e-01 2.816000000000000170e-01
5.176199999999999690e+00 9.979999999999998872e-01 3.948000000000000398e-01 3.431999999999999496e-01
5.189799999999999969e+00 1.119599999999999929e+00 3.655999999999999805e-01 3.316000000000000059e-01
5.203400000000000247e+00 1.100000000000000089e+00 3.019999999999999907e-01 3.116000000000000436e-01
5.216999999999998749e+00 1.038400000000000212e+00 2.852000000000000091e-01 3.100000000000000533e-01
5.230599999999999028e+00 9.804000000000000492e-01 3.167999999999999705e-01 3.211999999999999855e-01
5.244199999999999307e+00 1.103599999999999914e+00 3.636000000000000343e-01 3.588000000000000633e-01
5.257799999999999585e+00 1.140800000000000036e+00 3.376000000000000112e-01 3.448000000000000509e-01
5.271399999999999864e+00 9.355999999999999872e-01 2.756000000000000116e-01 2.736000000000000099e-01
5.284899999999998599e+00 7.520000000000000018e-01 2.343999999999999972e-01 2.167999999999999927e-01
5.298499999999998877e+00 6.172000000000000819e-01 1.652000000000000135e-01 1.596000000000000196e-01
5.312099999999999156e+00 4.684000000000000385e-01 1.036000000000000115e-01 1.095999999999999891e-01
5.325699999999999434e+00 4.100000000000000311e-01 9.840000000000001523e-02 1.048000000000000043e-01
5.339299999999999713e+00 4.912000000000000255e-01 1.216000000000000136e-01 1.335999999999999965e-01
5.352899999999999991e+00 6.016000000000000236e-01 1.444000000000000006e-01 1.552000000000000046e-01
5.366500000000000270e+00 7.247999999999998888e-01 1.896000000000000185e-01 1.823999999999999788e-01
5.380099999999998772e+00 9.888000000000000123e-01 2.876000000000000223e-01 2.448000000000000176e-01
5.393699999999999051e+00 1.266800000000000148e+00 3.844000000000000195e-01 2.980000000000000426e-01
5.407299999999999329e+00 1.268000000000000016e+00 3.807999999999999718e-01 2.836000000000000187e-01
5.420899999999999608e+00 1.014000000000000012e+00 2.827999999999999958e-01 2.207999999999999963e-01
5.434499999999999886e+00 8.220000000000000639e-01 2.104000000000000314e-01 1.827999999999999625e-01
5.448100000000000165e+00 8.095999999999999863e-01 1.895999999999999908e-01 1.911999999999999811e-01
5.461599999999998900e+00 8.171999999999999265e-01 1.819999999999999674e-01 2.036000000000000032e-01
5.475199999999999179e+00 8.191999999999999282e-01 1.867999999999999661e-01 2.056000000000000050e-01
5.488799999999999457e+00 8.583999999999999408e-01 2.127999999999999892e-01 2.147999999999999354e-01
5.502399999999999736e+00 9.431999999999999273e-01 2.484000000000000374e-01 2.323999999999999955e-01
5.516000000000000014e+00 1.170800000000000063e+00 2.963999999999999968e-01 2.736000000000000099e-01
5.529600000000000293e+00 1.441200000000000259e+00 3.516000000000000236e-01 3.308000000000000385e-01
5.543199999999998795e+00 1.541999999999999815e+00 4.000000000000000222e-01 3.648000000000000131e-01
5.556799999999999073e+00 1.489200000000000079e+00 4.279999999999999361e-01 3.555999999999999717e-01
5.570399999999999352e+00 1.589199999999999946e+00 4.544000000000000816e-01 3.688000000000000167e-01
5.583999999999999631e+00 1.951200000000000045e+00 5.247999999999999332e-01 4.467999999999999750e-01
5.597599999999999909e+00 2.187599999999999767e+00 5.987999999999999989e-01 5.183999999999999719e-01
5.611200000000000188e+00 1.969599999999999795e+00 5.859999999999999654e-01 4.988000000000001322e-01
5.624699999999998923e+00 1.666800000000000059e+00 5.272000000000000020e-01 4.435999999999999943e-01
5.638299999999999201e+00 1.401999999999999691e+00 4.696000000000000174e-01 3.876000000000000556e-01
5.651899999999999480e+00 1.071199999999999930e+00 4.284000000000000030e-01 3.296000000000000041e-01
5.665499999999999758e+00 1.068799999999999972e+00 4.951999999999999735e-01 3.328000000000000402e-01
5.679100000000000037e+00 1.459599999999999786e+00 6.507999999999999341e-01 4.055999999999999606e-01
5.692700000000000315e+00 1.615599999999999925e+00 6.815999999999999837e-01 4.132000000000000117e-01
5.706299999999998818e+00 1.439599999999999991e+00 6.115999999999998105e-01 3.452000000000000068e-01
5.719899999999999096e+00 1.391999999999999904e+00 6.268000000000000238e-01 3.331999999999999407e-01
5.733499999999999375e+00 1.427199999999999802e+00 6.960000000000001741e-01 3.839999999999999525e-01
5.747099999999999653e+00 1.456799999999999873e+00 7.731999999999998874e-01 4.532000000000000473e-01
5.760699999999999932e+00 1.410000000000000142e+00 7.672000000000001041e-01 4.692000000000000060e-01
5.774300000000000210e+00 1.411200000000000010e+00 7.347999999999998977e-01 4.447999999999999177e-01
5.787899999999998712e+00 1.479599999999999804e+00 7.500000000000000000e-01 4.355999999999999872e-01
5.801399999999999224e+00 1.339200000000000168e+00 6.872000000000000330e-01 3.980000000000000204e-01
5.814999999999999503e+00 1.233600000000000030e+00 6.471999999999998865e-01 3.648000000000000131e-01
5.828599999999999781e+00 1.355999999999999872e+00 7.271999999999999575e-01 3.912000000000000477e-01
5.842200000000000060e+00 1.391199999999999992e+00 7.743999999999999773e-01 3.976000000000000645e-01
5.855800000000000338e+00 1.263600000000000056e+00 6.912000000000000366e-01 3.307999999999999829e-01
5.869399999999998840e+00 1.300000000000000044e+00 6.407999999999999252e-01 2.944000000000000505e-01
5.882999999999999119e+00 1.484799999999999898e+00 7.227999999999998870e-01 3.511999999999999567e-01
5.896599999999999397e+00 1.489600000000000035e+00 7.851999999999998980e-01 3.988000000000000433e-01
5.910199999999999676e+00 1.298000000000000043e+00 6.983999999999999098e-01 3.603999999999999426e-01
5.923799999999999955e+00 1.170000000000000151e+00 5.992000000000000659e-01 3.320000000000000173e-01
5.937400000000000233e+00 1.225999999999999979e+00 6.251999999999999780e-01 3.811999999999999833e-01
5.950999999999998735e+00 1.297599999999999865e+00 6.952000000000000401e-01 4.263999999999999457e-01
5.964499999999999247e+00 1.390800000000000258e+00 7.203999999999999293e-01 4.052000000000000046e-01
5.978099999999999525e+00 1.429200000000000248e+00 6.935999999999999943e-01 3.608000000000000096e-01
5.991699999999999804e+00 1.274400000000000199e+00 6.328000000000000291e-01 3.363999999999999768e-01
6.005300000000000082e+00 1.173999999999999932e+00 6.195999999999998176e-01 3.520000000000000351e-01
6.018900000000000361e+00 1.235199999999999854e+00 6.484000000000000874e-01 3.868000000000000327e-01
6.032499999999998863e+00 1.174800000000000066e+00 5.831999999999999407e-01 3.596000000000000307e-01
6.046099999999999142e+00 9.704000000000000403e-01 4.899999999999999911e-01 2.936000000000000276e-01
6.059699999999999420e+00 8.232000000000001538e-01 4.716000000000000192e-01 2.559999999999999498e-01
6.073299999999999699e+00 8.624000000000000554e-01 5.284000000000000918e-01 2.864000000000000434e-01
6.086899999999999977e+00 1.093199999999999950e+00 6.516000000000000680e-01 3.791999999999999815e-01
6.100500000000000256e+00 1.118399999999999839e+00 6.499999999999999112e-01 3.860000000000000098e-01
6.114099999999998758e+00 8.296000000000000041e-01 4.760000000000000897e-01 2.848000000000000531e-01
6.127699999999999037e+00 7.376000000000000334e-01 4.227999999999999536e-01 2.500000000000000000e-01
6.141199999999999548e+00 9.603999999999999204e-01 5.731999999999999318e-01 3.135999999999999899e-01
6.154799999999999827e+00 1.154000000000000137e+00 7.568000000000000282e-01 3.795999999999999930e-01
6.168400000000000105e+00 1.235199999999999854e+00 8.795999999999999375e-01 4.168000000000000593e-01
6.181999999999998607e+00 1.380399999999999849e+00 9.508000000000000895e-01 4.544000000000000261e-01
6.195599999999998886e+00 1.646400000000000086e+00 9.867999999999998995e-01 5.043999999999999595e-01
6.209199999999999164e+00 1.826399999999999801e+00 9.607999999999998764e-01 5.268000000000000460e-01
6.222799999999999443e+00 1.586399999999999810e+00 8.264000000000002455e-01 4.687999999999999945e-01
6.236399999999999721e+00 1.168800000000000061e+00 6.280000000000000027e-01 3.703999999999999515e-01
6.250000000000000000e+00 1.110800000000000010e+00 5.748000000000000886e-01 3.552000000000000157e-01
6.263600000000000279e+00 1.210400000000000142e+00 6.340000000000000080e-01 3.812000000000000388e-01
6.277199999999998781e+00 1.202400000000000135e+00 6.715999999999999748e-01 3.916000000000000592e-01
6.290799999999999059e+00 1.273200000000000109e+00 7.639999999999999014e-01 4.392000000000000348e-01
6.304299999999999571e+00 1.433999999999999719e+00 9.295999999999998709e-01 5.135999999999999455e-01
6.317899999999999849e+00 1.627600000000000158e+00 1.210799999999999876e+00 6.104000000000000536e-01
6.331500000000000128e+00 1.796400000000000219e+00 1.457999999999999963e+00 6.839999999999999414e-01
6.345099999999998630e+00 1.518000000000000238e+00 1.282799999999999940e+00 5.851999999999999424e-01
6.358699999999998909e+00 1.064799999999999969e+00 9.719999999999999751e-01 4.400000000000000022e-01
6.372299999999999187e+00 8.275999999999998913e-01 7.419999999999999929e-01 3.447999999999999954e-01
6.385899999999999466e+00 7.847999999999999421e-01 5.844000000000000306e-01 2.939999999999999836e-01
6.399499999999999744e+00 9.507999999999999785e-01 6.147999999999999021e-01 3.251999999999999891e-01
6.413100000000000023e+00 1.071200000000000152e+00 6.619999999999999218e-01 3.532000000000000139e-01
6.426700000000000301e+00 9.284000000000001140e-01 5.823999999999999178e-01 3.204000000000000181e-01
6.440299999999998803e+00 8.568000000000001171e-01 5.927999999999999936e-01 3.207999999999999741e-01
6.453899999999999082e+00 1.011200000000000099e+00 7.656000000000000583e-01 3.832000000000000406e-01
6.467499999999999361e+00 1.136800000000000033e+00 9.524000000000000243e-01 4.375999999999999890e-01
6.480999999999999872e+00 1.049999999999999822e+00 9.455999999999999961e-01 4.220000000000000417e-01
6.494600000000000151e+00 7.896000000000000796e-01 7.587999999999999190e-01 3.551999999999999602e-01
6.508199999999998653e+00 5.463999999999999968e-01 5.871999999999999442e-01 2.939999999999999836e-01
6.521799999999998931e+00 4.708000000000000518e-01 5.395999999999999686e-01 2.611999999999999877e-01
6.535399999999999210e+00 6.079999999999999849e-01 6.832000000000000295e-01 3.031999999999999695e-01
6.548999999999999488e+00 8.287999999999998701e-01 8.555999999999999162e-01 3.943999999999999728e-01
6.562599999999999767e+00 9.679999999999999716e-01 8.615999999999999215e-01 4.359999999999999432e-01
6.576200000000000045e+00 1.050000000000000044e+00 8.407999999999999918e-01 4.463999999999999635e-01
6.589800000000000324e+00 1.106800000000000006e+00 9.575999999999998957e-01 4.828000000000000069e-01
6.603399999999998826e+00 1.074799999999999978e+00 1.088799999999999990e+00 5.051999999999999824e-01
6.616999999999999105e+00 9.996000000000000441e-01 1.064000000000000057e+00 4.671999999999999487e-01
6.630599999999999383e+00 1.049600000000000088e+00 1.102399999999999824e+00 4.603999999999999204e-01
6.644099999999999895e+00 1.291600000000000081e+00 1.373199999999999754e+00 5.632000000000000339e-01
6.657700000000000173e+00 1.547999999999999821e+00 1.601999999999999869e+00 6.692000000000000171e-01
6.671299999999998676e+00 1.464400000000000146e+00 1.461199999999999832e+00 6.212000000000000854e-01
6.684899999999998954e+00 1.078799999999999981e+00 1.183599999999999985e+00 5.123999999999999666e-01
6.698499999999999233e+00 9.032000000000000028e-01 1.101199999999999957e+00 4.987999999999999101e-01
6.712099999999999511e+00 9.616000000000001213e-01 1.131200000000000205e+00 5.188000000000000389e-01
6.725699999999999790e+00 9.971999999999998643e-01 1.176800000000000068e+00 5.183999999999999719e-01
6.739300000000000068e+00 1.051599999999999868e+00 1.242399999999999949e+00 5.352000000000000091e-01
6.752900000000000347e+00 1.123599999999999932e+00 1.255200000000000093e+00 5.671999999999999265e-01
6.766499999999998849e+00 1.026800000000000157e+00 1.060000000000000275e+00 5.280000000000000249e-01
6.780099999999999127e+00 8.660000000000001030e-01 8.216000000000001080e-01 4.343999999999999528e-01
6.793699999999999406e+00 9.796000000000000263e-01 8.880000000000001226e-01 4.491999999999999327e-01
6.807299999999999685e+00 1.164400000000000102e+00 1.119200000000000195e+00 5.396000000000000796e-01
6.820800000000000196e+00 1.084399999999999809e+00 1.131600000000000161e+00 5.307999999999999385e-01
6.834399999999998698e+00 1.055199999999999916e+00 1.042799999999999949e+00 4.868000000000000105e-01
6.847999999999998977e+00 1.174799999999999844e+00 1.071199999999999930e+00 5.000000000000001110e-01
6.861599999999999255e+00 1.260800000000000143e+00 1.226399999999999935e+00 5.495999999999999774e-01
6.875199999999999534e+00 1.219199999999999839e+00 1.256399999999999961e+00 5.640000000000000568e-01
6.888799999999999812e+00 1.100800000000000001e+00 1.097199999999999953e+00 5.375999999999999668e-01
6.902400000000000091e+00 1.129199999999999982e+00 1.080000000000000071e+00 5.791999999999999371e-01
6.916000000000000369e+00 1.206399999999999917e+00 1.194000000000000172e+00 6.424000000000001931e-01
6.929599999999998872e+00 1.155200000000000005e+00 1.250799999999999912e+00 6.408000000000000362e-01
6.943199999999999150e+00 1.161200000000000010e+00 1.291199999999999903e+00 6.491999999999998883e-01
6.956799999999999429e+00 1.189599999999999769e+00 1.278400000000000203e+00 6.676000000000000822e-01
6.970399999999999707e+00 1.081600000000000117e+00 1.156400000000000095e+00 6.171999999999999709e-01
6.983900000000000219e+00 9.003999999999999782e-01 9.463999999999999080e-01 4.843999999999999417e-01
6.997499999999998721e+00 6.608000000000000540e-01 6.859999999999999432e-01 3.267999999999999794e-01
7.011099999999999000e+00 5.491999999999999105e-01 5.512000000000000233e-01 2.515999999999999903e-01
7.024699999999999278e+00 8.863999999999998547e-01 7.783999999999999808e-01 3.492000000000000104e-01
7.038299999999999557e+00 1.380800000000000027e+00 1.126399999999999846e+00 5.123999999999999666e-01
7.051899999999999835e+00 1.453199999999999825e+00 1.193999999999999950e+00 5.539999999999999369e-01
7.065500000000000114e+00 1.202800000000000091e+00 1.125199999999999978e+00 5.216000000000001746e-01
7.079099999999998616e+00 1.037600000000000078e+00 1.122400000000000064e+00 5.123999999999999666e-01
7.092699999999998894e+00 9.495999999999998886e-01 1.058399999999999785e+00 5.020000000000000018e-01
7.106299999999999173e+00 8.763999999999999568e-01 1.008399999999999963e+00 5.159999999999999032e-01
7.119899999999999451e+00 8.800000000000000044e-01 1.073599999999999888e+00 5.683999999999999053e-01
7.133499999999999730e+00 8.936000000000000609e-01 1.108000000000000096e+00 5.623999999999999000e-01
7.147100000000000009e+00 8.444000000000001505e-01 9.980000000000001092e-01 4.848000000000000087e-01
7.160599999999998744e+00 8.548000000000000043e-01 9.972000000000000863e-01 4.664000000000000368e-01
7.174199999999999022e+00 8.807999999999999163e-01 1.116800000000000015e+00 4.847999999999999532e-01
7.187799999999999301e+00 7.919999999999999263e-01 1.045999999999999819e+00 4.252000000000000224e-01
7.201399999999999579e+00 7.180000000000000826e-01 8.876000000000000556e-01 3.580000000000000404e-01
7.214999999999999858e+00 6.988000000000000878e-01 8.551999999999999602e-01 3.615999999999999770e-01
7.228600000000000136e+00 6.315999999999999392e-01 8.424000000000000377e-01 3.668000000000000149e-01
7.242199999999998639e+00 5.944000000000000394e-01 8.059999999999999387e-01 3.535999999999999699e-01
7.255799999999998917e+00 5.800000000000000711e-01 7.211999999999998412e-01 3.144000000000000128e-01
7.269399999999999196e+00 4.843999999999999417e-01 6.703999999999998849e-01 2.752000000000000002e-01
7.282999999999999474e+00 3.979999999999999649e-01 8.100000000000000533e-01 3.012000000000000233e-01
7.296599999999999753e+00 3.852000000000000424e-01 1.026399999999999979e+00 3.711999999999999744e-01
7.310200000000000031e+00 4.372000000000000330e-01 1.133200000000000207e+00 4.047999999999999932e-01
7.323699999999998766e+00 5.595999999999999863e-01 1.165200000000000014e+00 3.956000000000000627e-01
7.337299999999999045e+00 6.800000000000000488e-01 1.140800000000000258e+00 3.940000000000000169e-01
7.350899999999999324e+00 6.619999999999999218e-01 9.583999999999999186e-01 3.572000000000000730e-01
7.364499999999999602e+00 5.584000000000001185e-01 7.675999999999999490e-01 2.924000000000000488e-01
7.378099999999999881e+00 4.796000000000000263e-01 7.000000000000000666e-01 2.631999999999999340e-01
7.391700000000000159e+00 4.348000000000000198e-01 6.847999999999999643e-01 2.684000000000000274e-01
7.405299999999998661e+00 3.855999999999999983e-01 6.888000000000000789e-01 2.787999999999999923e-01
7.418899999999998940e+00 3.640000000000000457e-01 6.972000000000000419e-01 2.783999999999999808e-01
7.432499999999999218e+00 4.044000000000000372e-01 7.387999999999999012e-01 2.843999999999999861e-01
7.446099999999999497e+00 4.175999999999999712e-01 7.900000000000000355e-01 2.800000000000000266e-01
7.459699999999999775e+00 3.152000000000000357e-01 6.667999999999998373e-01 2.095999999999999808e-01
7.473300000000000054e+00 2.404000000000000026e-01 5.872000000000001663e-01 1.739999999999999880e-01
7.486900000000000333e+00 3.019999999999999907e-01 7.880000000000001448e-01 2.448000000000000176e-01
7.500399999999999068e+00 3.448000000000000509e-01 8.955999999999999517e-01 2.892000000000000126e-01
7.513999999999999346e+00 2.996000000000000330e-01 7.640000000000000124e-01 2.540000000000000036e-01
7.527599999999999625e+00 2.723999999999999755e-01 6.715999999999999748e-01 2.220000000000000029e-01
7.541199999999999903e+00 2.863999999999999879e-01 7.103999999999999204e-01 2.260000000000000064e-01
7.554800000000000182e+00 2.803999999999999826e-01 7.639999999999999014e-01 2.372000000000000219e-01
7.568399999999998684e+00 2.292000000000000148e-01 6.788000000000000700e-01 2.167999999999999927e-01
7.581999999999998963e+00 1.887999999999999956e-01 5.939999999999999725e-01 1.987999999999999767e-01
7.595599999999999241e+00 1.980000000000000093e-01 6.535999999999999588e-01 2.199999999999999734e-01
7.609199999999999520e+00 2.056000000000000050e-01 6.675999999999999712e-01 2.183999999999999830e-01
7.622799999999999798e+00 1.952000000000000401e-01 5.907999999999999918e-01 1.847999999999999643e-01
7.636400000000000077e+00 1.719999999999999862e-01 5.071999999999999842e-01 1.515999999999999848e-01
7.650000000000000355e+00 1.331999999999999851e-01 4.059999999999999720e-01 1.227999999999999925e-01
7.663499999999999091e+00 1.219999999999999973e-01 3.963999999999999746e-01 1.244000000000000106e-01
7.677099999999999369e+00 1.287999999999999978e-01 4.567999999999999283e-01 1.440000000000000169e-01
7.690699999999999648e+00 1.239999999999999991e-01 4.679999999999999716e-01 1.491999999999999993e-01
7.704299999999999926e+00 1.096000000000000169e-01 4.667999999999999927e-01 1.436000000000000054e-01
7.717900000000000205e+00 8.560000000000000941e-02 4.152000000000000135e-01 1.199999999999999956e-01
7.731499999999998707e+00 4.879999999999999616e-02 2.399999999999999911e-01 6.919999999999999762e-02
7.745099999999998985e+00 1.839999999999999969e-02 8.719999999999999973e-02 2.800000000000000058e-02
7.758699999999999264e+00 1.319999999999999819e-02 5.759999999999999148e-02 2.360000000000000292e-02
7.772299999999999542e+00 2.959999999999999437e-02 9.760000000000000620e-02 4.280000000000000471e-02
7.785899999999999821e+00 6.640000000000000069e-02 1.847999999999999921e-01 8.120000000000000828e-02
7.799500000000000099e+00 9.360000000000000264e-02 2.351999999999999647e-01 1.004000000000000170e-01
7.813099999999998602e+00 7.840000000000001135e-02 1.655999999999999972e-01 6.800000000000000488e-02
7.826699999999998880e+00 4.560000000000000164e-02 8.279999999999999860e-02 3.279999999999999583e-02
7.840199999999999392e+00 2.040000000000000147e-02 3.999999999999999389e-02 1.519999999999999997e-02
7.853799999999999670e+00 9.199999999999998110e-03 2.120000000000000009e-02 7.599999999999999985e-03
7.867399999999999949e+00 1.559999999999999928e-02 3.999999999999999389e-02 1.440000000000000134e-02
7.881000000000000227e+00 2.520000000000000018e-02 7.479999999999999150e-02 2.759999999999999953e-02
7.894599999999998730e+00 2.000000000000000042e-02 7.039999999999999036e-02 2.520000000000000018e-02
7.908199999999999008e+00 1.040000000000000299e-02 4.679999999999999438e-02 1.760000000000000106e-02
7.921799999999999287e+00 9.199999999999999845e-03 4.760000000000000342e-02 1.799999999999999864e-02
7.935399999999999565e+00 7.200000000000000670e-03 3.759999999999999454e-02 1.439999999999999961e-02
7.948999999999999844e+00 2.400000000000000223e-03 1.399999999999999856e-02 5.600000000000000810e-03
7.962600000000000122e+00 4.000000000000000192e-04 1.599999999999999860e-03 4.000000000000000192e-04
7.976199999999998624e+00 0.000000000000000000e+00 0.000000000000000000e+00 0.000000000000000000e+00
7.989799999999998903e+00 0.000000000000000000e+00 0.000000000000000000e+00 0.000000000000000000e+00
8.003299999999999415e+00 0.000000000000000000e+00 0.000000000000000000e+00 0.000000000000000000e+00
8.016899999999999693e+00 0.000000000000000000e+00 0.000000000000000000e+00 0.000000000000000000e+00
8.030499999999999972e+00 0.000000000000000000e+00 0.000000000000000000e+00 0.000000000000000000e+00
8.044100000000000250e+00 0.000000000000000000e+00 0.000000000000000000e+00 0.000000000000000000e+00
8.057699999999998752e+00 0.000000000000000000e+00 0.000000000000000000e+00 0.000000000000000000e+00
8.071299999999999031e+00 0.000000000000000000e+00 0.000000000000000000e+00 0.000000000000000000e+00
8.084899999999999309e+00 0.000000000000000000e+00 4.000000000000000192e-04 0.000000000000000000e+00
8.098499999999999588e+00 1.600000000000000077e-03 6.399999999999999439e-03 1.600000000000000294e-03
8.112099999999999866e+00 6.799999999999999621e-03 2.560000000000000123e-02 8.800000000000000530e-03
8.125700000000000145e+00 1.200000000000000198e-02 4.520000000000000406e-02 1.600000000000000033e-02
8.139299999999998647e+00 9.199999999999998110e-03 3.440000000000000002e-02 1.200000000000000025e-02
8.152899999999998926e+00 2.799999999999999538e-03 1.079999999999999884e-02 4.000000000000000083e-03
8.166499999999999204e+00 4.000000000000000192e-04 1.199999999999999895e-03 0.000000000000000000e+00
8.179999999999999716e+00 0.000000000000000000e+00 0.000000000000000000e+00 0.000000000000000000e+00
8.193599999999999994e+00 0.000000000000000000e+00 0.000000000000000000e+00 0.000000000000000000e+00
8.207200000000000273e+00 0.000000000000000000e+00 0.000000000000000000e+00 0.000000000000000000e+00
8.220799999999998775e+00 0.000000000000000000e+00 0.000000000000000000e+00 0.000000000000000000e+00
8.234399999999999054e+00 0.000000000000000000e+00 0.000000000000000000e+00 0.000000000000000000e+00
8.247999999999999332e+00 0.000000000000000000e+00 0.000000000000000000e+00 0.000000000000000000e+00
8.261599999999999611e+00 0.000000000000000000e+00 0.000000000000000000e+00 0.000000000000000000e+00
8.275199999999999889e+00 0.000000000000000000e+00 0.000000000000000000e+00 0.000000000000000000e+00
8.288800000000000168e+00 0.000000000000000000e+00 0.000000000000000000e+00 0.000000000000000000e+00
8.302399999999998670e+00 0.000000000000000000e+00 0.000000000000000000e+00 0.000000000000000000e+00
8.315999999999998948e+00 0.000000000000000000e+00 0.000000000000000000e+00 0.000000000000000000e+00
8.329599999999999227e+00 0.000000000000000000e+00 0.000000000000000000e+00 0.000000000000000000e+00
8.343099999999999739e+00 0.000000000000000000e+00 0.000000000000000000e+00 0.000000000000000000e+00
8.356700000000000017e+00 0.000000000000000000e+00 0.000000000000000000e+00 0.000000000000000000e+00
8.370300000000000296e+00 0.000000000000000000e+00 0.000000000000000000e+00 0.000000000000000000e+00
8.383899999999998798e+00 0.000000000000000000e+00 0.000000000000000000e+00 0.000000000000000000e+00
8.397499999999999076e+00 0.000000000000000000e+00 0.000000000000000000e+00 0.000000000000000000e+00
8.411099999999999355e+00 0.000000000000000000e+00 0.000000000000000000e+00 0.000000000000000000e+00
8.424699999999999633e+00 0.000000000000000000e+00 0.000000000000000000e+00 0.000000000000000000e+00
8.438299999999999912e+00 0.000000000000000000e+00 0.000000000000000000e+00 0.000000000000000000e+00
8.451900000000000190e+00 0.000000000000000000e+00 0.000000000000000000e+00 0.000000000000000000e+00
8.465499999999998693e+00 0.000000000000000000e+00 0.000000000000000000e+00 0.000000000000000000e+00
8.479099999999998971e+00 0.000000000000000000e+00 0.000000000000000000e+00 0.000000000000000000e+00
8.492699999999999250e+00 0.000000000000000000e+00 0.000000000000000000e+00 0.000000000000000000e+00
8.506299999999999528e+00 0.000000000000000000e+00 0.000000000000000000e+00 0.000000000000000000e+00
8.519800000000000040e+00 0.000000000000000000e+00 0.000000000000000000e+00 0.000000000000000000e+00
8.533400000000000318e+00 0.000000000000000000e+00 0.000000000000000000e+00 0.000000000000000000e+00
8.546999999999998820e+00 0.000000000000000000e+00 0.000000000000000000e+00 0.000000000000000000e+00
8.560599999999999099e+00 0.000000000000000000e+00 0.000000000000000000e+00 0.000000000000000000e+00
8.574199999999999378e+00 0.000000000000000000e+00 0.000000000000000000e+00 0.000000000000000000e+00
8.587799999999999656e+00 0.000000000000000000e+00 0.000000000000000000e+00 0.000000000000000000e+00
8.601399999999999935e+00 0.000000000000000000e+00 0.000000000000000000e+00 0.000000000000000000e+00
8.615000000000000213e+00 0.000000000000000000e+00 0.000000000000000000e+00 0.000000000000000000e+00
8.628599999999998715e+00 0.000000000000000000e+00 0.000000000000000000e+00 0.000000000000000000e+00
8.642199999999998994e+00 0.000000000000000000e+00 0.000000000000000000e+00 0.000000000000000000e+00
8.655799999999999272e+00 0.000000000000000000e+00 0.000000000000000000e+00 0.000000000000000000e+00
8.669399999999999551e+00 0.000000000000000000e+00 0.000000000000000000e+00 0.000000000000000000e+00
8.682900000000000063e+00 0.000000000000000000e+00 0.000000000000000000e+00 0.000000000000000000e+00
8.696500000000000341e+00 0.000000000000000000e+00 0.000000000000000000e+00 0.000000000000000000e+00
8.710099999999998843e+00 0.000000000000000000e+00 0.000000000000000000e+00 0.000000000000000000e+00
8.723699999999999122e+00 0.000000000000000000e+00 0.000000000000000000e+00 0.000000000000000000e+00
8.737299999999999400e+00 0.000000000000000000e+00 0.000000000000000000e+00 0.000000000000000000e+00
8.750899999999999679e+00 0.000000000000000000e+00 0.000000000000000000e+00 0.000000000000000000e+00
8.764499999999999957e+00 0.000000000000000000e+00 0.000000000000000000e+00 0.000000000000000000e+00
8.778100000000000236e+00 0.000000000000000000e+00 0.000000000000000000e+00 0.000000000000000000e+00
8.791699999999998738e+00 0.000000000000000000e+00 0.000000000000000000e+00 0.000000000000000000e+00
8.805299999999999017e+00 0.000000000000000000e+00 0.000000000000000000e+00 0.000000000000000000e+00
8.818899999999999295e+00 0.000000000000000000e+00 0.000000000000000000e+00 0.000000000000000000e+00
8.832499999999999574e+00 0.000000000000000000e+00 0.000000000000000000e+00 0.000000000000000000e+00
8.846099999999999852e+00 0.000000000000000000e+00 0.000000000000000000e+00 0.000000000000000000e+00
8.859600000000000364e+00 0.000000000000000000e+00 0.000000000000000000e+00 0.000000000000000000e+00
8.873199999999998866e+00 0.000000000000000000e+00 0.000000000000000000e+00 0.000000000000000000e+00
8.886799999999999145e+00 0.000000000000000000e+00 0.000000000000000000e+00 0.000000000000000000e+00
8.900399999999999423e+00 0.000000000000000000e+00 0.000000000000000000e+00 0.000000000000000000e+00
8.913999999999999702e+00 0.000000000000000000e+00 0.000000000000000000e+00 0.000000000000000000e+00
8.927599999999999980e+00 0.000000000000000000e+00 0.000000000000000000e+00 0.000000000000000000e+00
8.941200000000000259e+00 0.000000000000000000e+00 0.000000000000000000e+00 0.000000000000000000e+00
8.954799999999998761e+00 0.000000000000000000e+00 0.000000000000000000e+00 0.000000000000000000e+00
8.968399999999999039e+00 0.000000000000000000e+00 0.000000000000000000e+00 0.000000000000000000e+00
8.981999999999999318e+00 0.000000000000000000e+00 0.000000000000000000e+00 0.000000000000000000e+00
8.995599999999999596e+00 0.000000000000000000e+00 0.000000000000000000e+00 0.000000000000000000e+00
9.009199999999999875e+00 0.000000000000000000e+00 0.000000000000000000e+00 0.000000000000000000e+00
9.022699999999998610e+00 0.000000000000000000e+00 0.000000000000000000e+00 0.000000000000000000e+00
9.036299999999998889e+00 0.000000000000000000e+00 0.000000000000000000e+00 0.000000000000000000e+00
9.049899999999999167e+00 0.000000000000000000e+00 0.000000000000000000e+00 0.000000000000000000e+00
9.063499999999999446e+00 0.000000000000000000e+00 0.000000000000000000e+00 0.000000000000000000e+00
9.077099999999999724e+00 0.000000000000000000e+00 0.000000000000000000e+00 0.000000000000000000e+00
9.090700000000000003e+00 0.000000000000000000e+00 0.000000000000000000e+00 0.000000000000000000e+00
9.104300000000000281e+00 0.000000000000000000e+00 0.000000000000000000e+00 0.000000000000000000e+00
9.117899999999998784e+00 0.000000000000000000e+00 0.000000000000000000e+00 0.000000000000000000e+00
9.131499999999999062e+00 0.000000000000000000e+00 0.000000000000000000e+00 0.000000000000000000e+00
9.145099999999999341e+00 0.000000000000000000e+00 0.000000000000000000e+00 0.000000000000000000e+00
9.158699999999999619e+00 0.000000000000000000e+00 0.000000000000000000e+00 0.000000000000000000e+00
9.172299999999999898e+00 0.000000000000000000e+00 0.000000000000000000e+00 0.000000000000000000e+00
9.185900000000000176e+00 0.000000000000000000e+00 0.000000000000000000e+00 0.000000000000000000e+00
9.199399999999998911e+00 0.000000000000000000e+00 0.000000000000000000e+00 0.000000000000000000e+00
9.212999999999999190e+00 0.000000000000000000e+00 0.000000000000000000e+00 0.000000000000000000e+00
9.226599999999999469e+00 0.000000000000000000e+00 0.000000000000000000e+00 0.000000000000000000e+00
9.240199999999999747e+00 0.000000000000000000e+00 0.000000000000000000e+00 0.000000000000000000e+00
9.253800000000000026e+00 0.000000000000000000e+00 0.000000000000000000e+00 0.000000000000000000e+00
9.267400000000000304e+00 0.000000000000000000e+00 0.000000000000000000e+00 0.000000000000000000e+00
9.280999999999998806e+00 0.000000000000000000e+00 0.000000000000000000e+00 0.000000000000000000e+00
9.294599999999999085e+00 0.000000000000000000e+00 0.000000000000000000e+00 0.000000000000000000e+00
9.308199999999999363e+00 0.000000000000000000e+00 0.000000000000000000e+00 0.000000000000000000e+00
9.321799999999999642e+00 0.000000000000000000e+00 0.000000000000000000e+00 0.000000000000000000e+00
9.335399999999999920e+00 0.000000000000000000e+00 0.000000000000000000e+00 0.000000000000000000e+00
9.349000000000000199e+00 0.000000000000000000e+00 0.000000000000000000e+00 0.000000000000000000e+00
9.362499999999998934e+00 0.000000000000000000e+00 0.000000000000000000e+00 0.000000000000000000e+00
9.376099999999999213e+00 0.000000000000000000e+00 0.000000000000000000e+00 0.000000000000000000e+00
9.389699999999999491e+00 0.000000000000000000e+00 0.000000000000000000e+00 0.000000000000000000e+00
9.403299999999999770e+00 0.000000000000000000e+00 0.000000000000000000e+00 0.000000000000000000e+00
9.416900000000000048e+00 0.000000000000000000e+00 0.000000000000000000e+00 0.000000000000000000e+00
9.430500000000000327e+00 0.000000000000000000e+00 0.000000000000000000e+00 0.000000000000000000e+00
9.444099999999998829e+00 0.000000000000000000e+00 0.000000000000000000e+00 0.000000000000000000e+00
9.457699999999999108e+00 0.000000000000000000e+00 0.000000000000000000e+00 0.000000000000000000e+00
9.471299999999999386e+00 0.000000000000000000e+00 0.000000000000000000e+00 0.000000000000000000e+00
9.484899999999999665e+00 0.000000000000000000e+00 0.000000000000000000e+00 0.000000000000000000e+00
9.498499999999999943e+00 0.000000000000000000e+00 0.000000000000000000e+00 0.000000000000000000e+00
9.512100000000000222e+00 0.000000000000000000e+00 0.000000000000000000e+00 0.000000000000000000e+00
9.525699999999998724e+00 0.000000000000000000e+00 0.000000000000000000e+00 0.000000000000000000e+00
9.539199999999999235e+00 0.000000000000000000e+00 0.000000000000000000e+00 0.000000000000000000e+00
9.552799999999999514e+00 0.000000000000000000e+00 0.000000000000000000e+00 0.000000000000000000e+00
9.566399999999999793e+00 0.000000000000000000e+00 0.000000000000000000e+00 0.000000000000000000e+00
9.580000000000000071e+00 0.000000000000000000e+00 0.000000000000000000e+00 0.000000000000000000e+00
9.593600000000000350e+00 0.000000000000000000e+00 0.000000000000000000e+00 0.000000000000000000e+00
9.607199999999998852e+00 0.000000000000000000e+00 0.000000000000000000e+00 0.000000000000000000e+00
9.620799999999999130e+00 0.000000000000000000e+00 0.000000000000000000e+00 0.000000000000000000e+00
9.634399999999999409e+00 0.000000000000000000e+00 0.000000000000000000e+00 0.000000000000000000e+00
9.647999999999999687e+00 0.000000000000000000e+00 0.000000000000000000e+00 0.000000000000000000e+00
9.661599999999999966e+00 0.000000000000000000e+00 0.000000000000000000e+00 0.000000000000000000e+00
9.675200000000000244e+00 0.000000000000000000e+00 0.000000000000000000e+00 0.000000000000000000e+00
9.688799999999998747e+00 0.000000000000000000e+00 0.000000000000000000e+00 0.000000000000000000e+00
9.702299999999999258e+00 0.000000000000000000e+00 0.000000000000000000e+00 0.000000000000000000e+00
9.715899999999999537e+00 0.000000000000000000e+00 0.000000000000000000e+00 0.000000000000000000e+00
9.729499999999999815e+00 0.000000000000000000e+00 0.000000000000000000e+00 0.000000000000000000e+00
9.743100000000000094e+00 0.000000000000000000e+00 0.000000000000000000e+00 0.000000000000000000e+00
9.756700000000000372e+00 0.000000000000000000e+00 0.000000000000000000e+00 0.000000000000000000e+00
9.770299999999998875e+00 0.000000000000000000e+00 0.000000000000000000e+00 0.000000000000000000e+00
9.783899999999999153e+00 0.000000000000000000e+00 0.000000000000000000e+00 0.000000000000000000e+00
9.797499999999999432e+00 0.000000000000000000e+00 0.000000000000000000e+00 0.000000000000000000e+00
9.811099999999999710e+00 0.000000000000000000e+00 0.000000000000000000e+00 0.000000000000000000e+00
9.824699999999999989e+00 0.000000000000000000e+00 0.000000000000000000e+00 0.000000000000000000e+00
9.838300000000000267e+00 0.000000000000000000e+00 0.000000000000000000e+00 0.000000000000000000e+00
9.851899999999998769e+00 0.000000000000000000e+00 0.000000000000000000e+00 0.000000000000000000e+00
9.865499999999999048e+00 0.000000000000000000e+00 0.000000000000000000e+00 0.000000000000000000e+00
9.878999999999999559e+00 0.000000000000000000e+00 0.000000000000000000e+00 0.000000000000000000e+00
9.892599999999999838e+00 0.000000000000000000e+00 0.000000000000000000e+00 0.000000000000000000e+00
9.906200000000000117e+00 0.000000000000000000e+00 0.000000000000000000e+00 0.000000000000000000e+00
9.919799999999998619e+00 0.000000000000000000e+00 0.000000000000000000e+00 0.000000000000000000e+00
9.933399999999998897e+00 0.000000000000000000e+00 0.000000000000000000e+00 0.000000000000000000e+00
9.946999999999999176e+00 0.000000000000000000e+00 0.000000000000000000e+00 0.000000000000000000e+00
9.960599999999999454e+00 0.000000000000000000e+00 0.000000000000000000e+00 0.000000000000000000e+00
9.974199999999999733e+00 0.000000000000000000e+00 0.000000000000000000e+00 0.000000000000000000e+00
