141  
0  
 4
 1  0  0  0  1  0  0  0  1       0.000000   0.000000   0.000000  1.000000   0.000000   0.000000   0.000000   0.000000   0.000000   1.000000   0.000000
 1  0  0  0 -1  0  0  0  1       0.000000   0.000000   0.500000  0.000000   0.000000  -1.000000   0.000000   1.000000   0.000000   0.000000   0.000000
 1  0  0  0  1  0  0  0  1       0.500000   0.500000   0.000000  1.000000   0.000000   0.000000   0.000000   0.000000   0.000000   1.000000   0.000000
 1  0  0  0 -1  0  0  0  1       0.500000   0.500000   0.500000  0.000000   0.000000  -1.000000   0.000000   1.000000   0.000000   0.000000   0.000000
  75  
  0.000000     0.000000     0.000000
  0.142857     0.000000     0.000000
  0.285714     0.000000     0.000000
  0.428571     0.000000     0.000000
  0.000000     0.250000     0.000000
  0.142857     0.250000     0.000000
  0.285714     0.250000     0.000000
  0.428571     0.250000     0.000000
  0.000000     0.500000     0.000000
  0.142857     0.500000     0.000000
  0.285714     0.500000     0.000000
  0.428571     0.500000     0.000000
  0.000000     0.000000     0.142857
  0.142857     0.000000     0.142857
  0.285714     0.000000     0.142857
  0.428571     0.000000     0.142857
 -0.428571     0.000000     0.142857
 -0.285714     0.000000     0.142857
 -0.142857     0.000000     0.142857
  0.000000     0.250000     0.142857
  0.142857     0.250000     0.142857
  0.285714     0.250000     0.142857
  0.428571     0.250000     0.142857
 -0.428571     0.250000     0.142857
 -0.285714     0.250000     0.142857
 -0.142857     0.250000     0.142857
  0.000000     0.500000     0.142857
  0.142857     0.500000     0.142857
  0.285714     0.500000     0.142857
  0.428571     0.500000     0.142857
 -0.428571     0.500000     0.142857
 -0.285714     0.500000     0.142857
 -0.142857     0.500000     0.142857
  0.000000     0.000000     0.285714
  0.142857     0.000000     0.285714
  0.285714     0.000000     0.285714
  0.428571     0.000000     0.285714
 -0.428571     0.000000     0.285714
 -0.285714     0.000000     0.285714
 -0.142857     0.000000     0.285714
  0.000000     0.250000     0.285714
  0.142857     0.250000     0.285714
  0.285714     0.250000     0.285714
  0.428571     0.250000     0.285714
 -0.428571     0.250000     0.285714
 -0.285714     0.250000     0.285714
 -0.142857     0.250000     0.285714
  0.000000     0.500000     0.285714
  0.142857     0.500000     0.285714
  0.285714     0.500000     0.285714
  0.428571     0.500000     0.285714
 -0.428571     0.500000     0.285714
 -0.285714     0.500000     0.285714
 -0.142857     0.500000     0.285714
  0.000000     0.000000     0.428571
  0.142857     0.000000     0.428571
  0.285714     0.000000     0.428571
  0.428571     0.000000     0.428571
 -0.428571     0.000000     0.428571
 -0.285714     0.000000     0.428571
 -0.142857     0.000000     0.428571
  0.000000     0.250000     0.428571
  0.142857     0.250000     0.428571
  0.285714     0.250000     0.428571
  0.428571     0.250000     0.428571
 -0.428571     0.250000     0.428571
 -0.285714     0.250000     0.428571
 -0.142857     0.250000     0.428571
  0.000000     0.500000     0.428571
  0.142857     0.500000     0.428571
  0.285714     0.500000     0.428571
  0.428571     0.500000     0.428571
 -0.428571     0.500000     0.428571
 -0.285714     0.500000     0.428571
 -0.142857     0.500000     0.428571
4 
 1  2  3  4 
        1         2   -25.4562   2.000067    -0.000000    -2.000063    -0.000000     0.000003    -0.000000    -0.000003    -0.000000 
        3         2   -25.4510   2.000076     0.000000     2.000071    -0.000000    -0.000038     0.000000    -0.000038    -0.000000 
        5         2   -25.4414   2.000068     0.000000    -1.999942    -0.000000     0.000012    -0.000000    -0.000019     0.000000 
        7         2   -25.4409   2.000064    -0.000000     1.999939    -0.000000     0.000004     0.000000     0.000002     0.000000 
        9         2   -25.4121   2.000072    -0.000000     1.999856    -0.000000    -0.000010     0.000000    -0.000027     0.000000 
       11         2   -25.4117   2.000064     0.000000    -1.999847     0.000000     0.000006    -0.000000     0.000013    -0.000000 
       13         2   -25.3895   2.000080    -0.000000    -2.000002     0.000000    -0.000000     0.000000     0.000002     0.000000 
       15         2   -25.3889   2.000072     0.000000     1.999994    -0.000000    -0.000013    -0.000000    -0.000014     0.000000 
       17         2   -25.3842   2.000068     0.000000     2.000002     0.000000    -0.000009     0.000000    -0.000012    -0.000000 
       19         2   -25.3835   2.000073     0.000000    -2.000007     0.000000     0.000003     0.000000    -0.000004    -0.000000 
       21         1   -12.8642   1.000010    -0.000000     1.000010    -0.000000     1.000010    -0.000000     1.000010    -0.000000 
       22         1   -12.6026   1.000013     0.000000     1.000013    -0.000000    -1.000013    -0.000000    -1.000013     0.000000 
       23         1   -11.8475   1.000009    -0.000000    -1.000009    -0.000000    -1.000009     0.000000     1.000009     0.000000 
       24         1   -11.5503   1.000014    -0.000000    -1.000014     0.000000     1.000014    -0.000000    -1.000014     0.000000 
       25         1   -11.3919   1.000013     0.000000    -1.000013    -0.000000    -1.000013    -0.000000     1.000013     0.000000 
       26         1   -11.3773   1.000016     0.000000    -1.000016    -0.000000     1.000016     0.000000    -1.000016    -0.000000 
       27         1   -11.1510   1.000014     0.000000     1.000014     0.000000    -1.000014    -0.000000    -1.000014    -0.000000 
       28         1   -11.1380   1.000015    -0.000000     1.000015     0.000000     1.000015    -0.000000     1.000015     0.000000 
       29         1   -10.9628   1.000014     0.000000     1.000014     0.000000    -1.000014    -0.000000    -1.000014    -0.000000 
       30         1   -10.8308   1.000011     0.000000     1.000011    -0.000000     1.000011     0.000000     1.000011    -0.000000 
       31         1   -10.8253   1.000014     0.000000    -1.000014     0.000000     1.000014     0.000000    -1.000014     0.000000 
       32         1   -10.7938   1.000014    -0.000000    -1.000014     0.000000    -1.000014     0.000000     1.000014    -0.000000 
       33         1    -6.4825   1.000018    -0.000000    -1.000018     0.000000    -1.000018     0.000000     1.000018    -0.000000 
       34         1    -6.4595   1.000012    -0.000000    -1.000012     0.000000     1.000012    -0.000000    -1.000012     0.000000 
       35         1    -5.5782   1.000011     0.000000     1.000011     0.000000     1.000011     0.000000     1.000011     0.000000 
       36         1    -5.4133   1.000013     0.000000     1.000013     0.000000    -1.000013    -0.000000    -1.000013    -0.000000 
       37         1    -2.8947   1.000013    -0.000000    -1.000013     0.000000     1.000013    -0.000000    -1.000013     0.000000 
       38         1    -2.4767   1.000014    -0.000000     1.000014     0.000000    -1.000014     0.000000    -1.000014    -0.000000 
       39         1    -2.4566   1.000011    -0.000000    -1.000011     0.000000    -1.000011     0.000000     1.000011    -0.000000 
       40         1    -2.3147   1.000009     0.000000     1.000009    -0.000000     1.000009     0.000000     1.000009    -0.000000 
       41         1    -2.2313   1.000012    -0.000000     1.000012     0.000000     1.000012    -0.000000     1.000012     0.000000 
       42         1    -2.2287   1.000014    -0.000000     1.000014    -0.000000    -1.000014     0.000000    -1.000014     0.000000 
       43         1    -2.1167   1.000008     0.000000    -1.000008     0.000000     1.000008     0.000000    -1.000008     0.000000 
       44         1    -1.9485   1.000009    -0.000000    -1.000009     0.000000    -1.000009     0.000000     1.000009    -0.000000 
       45         1    -1.7672   1.000014    -0.000000    -1.000014     0.000000     1.000014    -0.000000    -1.000014     0.000000 
       46         1    -1.4821   1.000015    -0.000000     1.000015     0.000000    -1.000015     0.000000    -1.000015    -0.000000 
       47         1    -1.3763   1.000010    -0.000000     1.000010    -0.000000     1.000010    -0.000000     1.000010    -0.000000 
       48         1    -1.3171   1.000006     0.000000    -1.000006    -0.000000     1.000006     0.000000    -1.000006    -0.000000 
       49         1    -1.3102   1.000007    -0.000000    -1.000007    -0.000000    -1.000007     0.000000     1.000007     0.000000 
       50         1    -1.1842   1.000011    -0.000000    -1.000010     0.000000    -1.000010     0.000000     1.000010    -0.000000 
       51         1    -1.0653   1.000005    -0.000000    -1.000005    -0.000000    -1.000005     0.000000     1.000005     0.000000 
       52         1    -1.0319   1.000006     0.000000     1.000006     0.000000    -1.000006    -0.000000    -1.000006    -0.000000 
       53         1    -0.9571   1.000012     0.000000     1.000012    -0.000000     1.000012     0.000000     1.000012    -0.000000 
       54         1    -0.7370   1.000008     0.000000    -1.000008     0.000000     1.000008     0.000000    -1.000008     0.000000 
       55         1    -0.6658   1.000017    -0.000000     1.000017    -0.000000    -1.000017     0.000000    -1.000017     0.000000 
       56         1    -0.6543   1.000017     0.000000    -1.000017    -0.000000     1.000017     0.000000    -1.000017    -0.000000 
       57         1    -0.6512   1.000020    -0.000000     1.000020    -0.000000     1.000020    -0.000000     1.000020    -0.000000 
       58         1    -0.6268   1.000016    -0.000000    -1.000016    -0.000000     1.000016    -0.000000    -1.000016    -0.000000 
       59         1    -0.6221   1.000017     0.000000    -1.000017     0.000000    -1.000017    -0.000000     1.000017    -0.000000 
       60         1    -0.5958   1.000011    -0.000000     1.000011    -0.000000     1.000011    -0.000000     1.000011    -0.000000 
       61         1    -0.5913   1.000010    -0.000000    -1.000010     0.000000    -1.000010     0.000000     1.000010    -0.000000 
       62         1    -0.5376   1.000014    -0.000000     1.000013    -0.000000     1.000013    -0.000000     1.000013    -0.000000 
       63         1    -0.5283   1.000011     0.000000     1.000011     0.000000    -1.000011    -0.000000    -1.000011    -0.000000 
       64         1    -0.4083   1.000015    -0.000000    -1.000012     0.000000     1.000012    -0.000000    -1.000015     0.000000 
       65         2    -0.4079   2.000044    -0.000000     2.000041     0.000000    -0.000110    -0.000000    -0.000112    -0.000000 
       67         1    -0.4060   1.000012    -0.000000    -1.000012     0.000000    -1.000012     0.000000     1.000012    -0.000000 
       68         1    -0.2263   1.000015    -0.000000     1.000014    -0.000000    -1.000014     0.000000    -1.000014     0.000000 
       69         1     0.4879   1.000024    -0.000000    -1.000024     0.000000    -1.000024     0.000000     1.000024    -0.000000 
       70         1     0.5147   1.000023    -0.000000     1.000022     0.000000    -1.000022     0.000000    -1.000022    -0.000000 
       71         1     0.5376   1.000029    -0.000000    -1.000029     0.000000     1.000029    -0.000000    -1.000029     0.000000 
       72         1     0.5694   1.000032     0.000000     1.000031     0.000000     1.000031     0.000000     1.000031     0.000000 
       73         1     0.5724   1.000024     0.000000    -1.000023    -0.000000    -1.000023    -0.000000     1.000023     0.000000 
       74         1     0.6011   1.000030     0.000000    -1.000029    -0.000000     1.000029     0.000000    -1.000029    -0.000000 
       75         1     0.6034   1.000028    -0.000000     1.000028    -0.000000    -1.000028     0.000000    -1.000028     0.000000 
       76         1     0.6096   1.000029     0.000000    -1.000028    -0.000000    -1.000028    -0.000000     1.000028     0.000000 
       77         1     0.6322   1.000024     0.000000     1.000024     0.000000     1.000024     0.000000     1.000024     0.000000 
       78         1     0.6415   1.000029     0.000000     1.000028    -0.000000     1.000028     0.000000     1.000028    -0.000000 
       79         1     0.6478   1.000027     0.000000     1.000026     0.000000    -1.000026    -0.000000    -1.000026    -0.000000 
       80         1     0.6678   1.000027     0.000000    -1.000027    -0.000000     1.000027     0.000000    -1.000027    -0.000000 
       81         1     0.6906   1.000026     0.000000    -1.000025     0.000000    -1.000025    -0.000000     1.000025    -0.000000 
       82         1     0.6987   1.000033    -0.000000    -1.000033    -0.000000     1.000033    -0.000000    -1.000033    -0.000000 
       83         1     0.7024   1.000021    -0.000000     1.000021     0.000000    -1.000020     0.000000    -1.000020    -0.000000 
       84         1     0.7034   1.000026    -0.000000     1.000026     0.000000     1.000025    -0.000000     1.000025     0.000000 
       85         1     0.7328   1.000022     0.000000    -1.000021    -0.000000     1.000021     0.000000    -1.000021    -0.000000 
       86         1     0.9152   1.000020     0.000000    -1.000020     0.000000     1.000020     0.000000    -1.000020     0.000000 
       87         1     1.0013   1.000014     0.000000    -1.000014    -0.000000    -1.000014    -0.000000     1.000014     0.000000 
       88         1     1.0902   1.000023     0.000000    -1.000023    -0.000000    -1.000023    -0.000000     1.000023     0.000000 
       89         1     1.0975   1.000022     0.000000     1.000021    -0.000000     1.000021     0.000000     1.000021    -0.000000 
       90         1     1.1142   1.000015     0.000000     1.000015    -0.000000    -1.000015    -0.000000    -1.000015     0.000000 
       91         1     1.1190   1.000019     0.000000     1.000019    -0.000000     1.000019     0.000000     1.000019    -0.000000 
       92         1     1.1733   1.000019    -0.000000     1.000019    -0.000000    -1.000019     0.000000    -1.000019     0.000000 
       93         1     1.2343   1.000019     0.000000    -1.000019    -0.000000     1.000019     0.000000    -1.000019    -0.000000 
       94         1     1.4595   1.000016    -0.000000     1.000016     0.000000    -1.000016     0.000000    -1.000016    -0.000000 
       95         1     1.4706   1.000019    -0.000000    -1.000019    -0.000000    -1.000019     0.000000     1.000019     0.000000 
       96         1     1.7403   1.000020     0.000000     1.000020     0.000000    -1.000020    -0.000000    -1.000020    -0.000000 
       97         1     1.7777   1.000020    -0.000000    -1.000020     0.000000     1.000020    -0.000000    -1.000020     0.000000 
       98         1     1.9341   1.000014    -0.000000    -1.000014     0.000000    -1.000014     0.000000     1.000014    -0.000000 
       99         1     1.9428   1.000011     0.000000     1.000011    -0.000000     1.000011     0.000000     1.000011    -0.000000 
      100         1     2.0249   1.000015     0.000000     1.000015     0.000000    -1.000015    -0.000000    -1.000015    -0.000000 
      101         1     2.3227   1.000014    -0.000000     1.000014     0.000000     1.000014    -0.000000     1.000014     0.000000 
      102         1     2.4745   1.000012     0.000000    -1.000012    -0.000000     1.000012     0.000000    -1.000012    -0.000000 
      103         1     2.6170   1.000017     0.000000    -1.000017    -0.000000    -1.000017    -0.000000     1.000017     0.000000 
      104         1     3.0202   1.000014    -0.000000     1.000014    -0.000000    -1.000014     0.000000    -1.000014     0.000000 
      105         1     3.2898   1.000012    -0.000000    -1.000012     0.000000    -1.000012     0.000000     1.000012    -0.000000 
      106         1     3.3050   1.000010    -0.000000    -1.000010     0.000000     1.000010    -0.000000    -1.000010     0.000000 
      107         1     3.3275   1.000008    -0.000000     1.000008    -0.000000     1.000008    -0.000000     1.000008    -0.000000 
      108         1     3.4792   1.000009    -0.000000     1.000009    -0.000000     1.000009    -0.000000     1.000009    -0.000000 
      109         1     4.0799   1.000013     0.000000     1.000013     0.000000     1.000013     0.000000     1.000013     0.000000 
      110         1     4.5257   1.000009    -0.000000     1.000009    -0.000000    -1.000009     0.000000    -1.000009     0.000000 
      111         1     4.9919   1.000009    -0.000000    -1.000009    -0.000000     1.000009    -0.000000    -1.000009    -0.000000 
      112         1     5.5305   1.000006    -0.000000    -1.000006     0.000000    -1.000006     0.000000     1.000006    -0.000000 
      113         1     5.9350   1.000008     0.000000    -1.000008    -0.000000    -1.000008    -0.000000     1.000008     0.000000 
      114         1     6.4409   1.000011    -0.000000    -1.000011    -0.000000     1.000011    -0.000000    -1.000011    -0.000000 
      115         1     6.7705   1.000013     0.000000     1.000013     0.000000     1.000013     0.000000     1.000013     0.000000 
      116         1     7.0325   1.000014    -0.000000     1.000014     0.000000    -1.000014     0.000000    -1.000014    -0.000000 
      117         1     7.3415   1.000014     0.000000     1.000014     0.000000    -1.000014    -0.000000    -1.000014    -0.000000 
      118         1     7.4218   1.000017    -0.000000    -1.000017     0.000000     1.000017    -0.000000    -1.000017     0.000000 
      119         1     7.6023   1.000015    -0.000000     1.000015    -0.000000     1.000015    -0.000000     1.000015    -0.000000 
      120         1     7.7183   1.000014    -0.000000    -1.000014     0.000000    -1.000014     0.000000     1.000014    -0.000000 
      121         1     7.8800   1.000018    -0.000000    -1.000018     0.000000    -1.000018     0.000000     1.000018    -0.000000 
      122         1     8.1255   1.000020     0.000000     1.000020     0.000000    -1.000020    -0.000000    -1.000020    -0.000000 
      123         1     8.3299   1.000014     0.000000     1.000014    -0.000000     1.000014     0.000000     1.000014    -0.000000 
      124         1     8.4384   1.000019    -0.000000     1.000019    -0.000000     1.000019    -0.000000     1.000019    -0.000000 
      125         1     8.5827   1.000014     0.000000    -1.000014    -0.000000     1.000014     0.000000    -1.000014    -0.000000 
      126         1     8.7474   1.000011    -0.000000    -1.000011     0.000000    -1.000011     0.000000     1.000011    -0.000000 
      127         1     9.1158   1.000012     0.000000     1.000011    -0.000000    -1.000012    -0.000000    -1.000011     0.000000 
      128         1     9.2286   1.000012    -0.000000     1.000012     0.000000     1.000012    -0.000000     1.000012     0.000000 
      129         1     9.5473   1.000011     0.000000    -1.000011    -0.000000     1.000011     0.000000    -1.000011    -0.000000 
      130         1     9.5556   1.000015    -0.000000    -1.000015    -0.000000    -1.000015     0.000000     1.000015     0.000000 
      131         1     9.6431   1.000007     0.000000    -1.000007    -0.000000     1.000007     0.000000    -1.000007    -0.000000 
      132         1     9.6845   1.000014    -0.000000    -1.000014     0.000000    -1.000014     0.000000     1.000014    -0.000000 
      133         1     9.7277   1.000008    -0.000000     1.000008    -0.000000     1.000008    -0.000000     1.000008    -0.000000 
      134         1     9.7913   1.000016     0.000000     1.000016    -0.000000    -1.000016    -0.000000    -1.000016     0.000000 
      135         1    10.1092   1.000011     0.000000    -1.000011    -0.000000     1.000011     0.000000    -1.000011    -0.000000 
      136         1    10.1945   1.000011     0.000000     1.000011     0.000000    -1.000011    -0.000000    -1.000011    -0.000000 
      137         1    10.6114   1.000018    -0.000000    -1.000018    -0.000000    -1.000018     0.000000     1.000018     0.000000 
      138         1    10.6879   1.000014    -0.000000     1.000014    -0.000000     1.000014    -0.000000     1.000014    -0.000000 
      139         1    10.7604   1.000017     0.000000    -1.000016     0.000000    -1.000016    -0.000000     1.000016    -0.000000 
      140         1    10.8232   1.000019    -0.000000     1.000012    -0.000000    -1.000011     0.000000    -1.000017     0.000000 
      141         1    11.2875   1.000028     0.000000    -0.089224     0.000000     0.375021     0.000000    -0.674917     0.000000 
4 
 1  2  3  4 
        1         2   -25.4562   2.000060    -0.000000    -2.000056    -0.000000    -0.000001     0.000001     0.000002    -0.000001 
        3         2   -25.4510   2.000067    -0.000000     2.000063    -0.000000    -0.000018     0.000009    -0.000019     0.000009 
        5         2   -25.4414   2.000064    -0.000000    -1.999934     0.000000     0.000005    -0.000002    -0.000009     0.000004 
        7         2   -25.4410   2.000064     0.000000     1.999935     0.000000     0.000005    -0.000002     0.000002    -0.000001 
        9         2   -25.4121   2.000071    -0.000000     1.999854    -0.000000    -0.000007     0.000004    -0.000018     0.000008 
       11         2   -25.4117   2.000070    -0.000000    -1.999852    -0.000000     0.000003    -0.000001     0.000011    -0.000005 
       13         2   -25.3895   2.000076     0.000000    -1.999999    -0.000000    -0.000005     0.000002     0.000004    -0.000002 
       15         2   -25.3889   2.000083    -0.000000     2.000006    -0.000000    -0.000009     0.000004    -0.000010     0.000005 
       17         2   -25.3842   2.000083     0.000000     2.000020     0.000000    -0.000005     0.000002    -0.000007     0.000003 
       19         2   -25.3835   2.000065    -0.000000    -2.000001    -0.000000     0.000005    -0.000002    -0.000005     0.000002 
       21         1   -12.8333   1.000009     0.000000     1.000009     0.000000     0.900977    -0.433888     0.900977    -0.433888 
       22         1   -12.5897   1.000012     0.000000     1.000012     0.000000    -0.900980     0.433889    -0.900980     0.433889 
       23         1   -11.8189   1.000010    -0.000000    -1.000010     0.000000    -0.900978     0.433888     0.900978    -0.433888 
       24         1   -11.5386   1.000010     0.000000    -1.000010    -0.000000     0.900978    -0.433888    -0.900978     0.433888 
       25         1   -11.3921   1.000013     0.000000    -1.000013    -0.000000    -0.900981     0.433890     0.900981    -0.433890 
       26         1   -11.3847   1.000016    -0.000000    -1.000016     0.000000     0.900984    -0.433891    -0.900984     0.433891 
       27         1   -11.2007   1.000011    -0.000000     1.000011    -0.000000    -0.900979     0.433889    -0.900979     0.433889 
       28         1   -11.1670   1.000016    -0.000000     1.000016    -0.000000     0.900983    -0.433891     0.900983    -0.433891 
       29         1   -10.9559   1.000013    -0.000000     1.000013    -0.000000    -0.900981     0.433889    -0.900981     0.433889 
       30         1   -10.8545   1.000013    -0.000000    -1.000013    -0.000000     0.900981    -0.433890    -0.900981     0.433890 
       31         1   -10.8497   1.000014    -0.000000     1.000015    -0.000000     0.900982    -0.433890     0.900982    -0.433890 
       32         1   -10.8192   1.000012    -0.000000    -1.000012     0.000000    -0.900980     0.433889     0.900980    -0.433889 
       33         1    -6.4601   1.000011     0.000000    -1.000011     0.000000    -0.900979     0.433888     0.900979    -0.433888 
       34         1    -6.4428   1.000012     0.000000    -1.000012     0.000000     0.900980    -0.433889    -0.900980     0.433889 
       35         1    -5.5228   1.000012    -0.000000     1.000012    -0.000000     0.900980    -0.433889     0.900980    -0.433889 
       36         1    -5.3548   1.000014     0.000000     1.000014     0.000000    -0.900981     0.433890    -0.900981     0.433890 
       37         1    -2.8634   1.000014     0.000000    -1.000014    -0.000000     0.900981    -0.433890    -0.900981     0.433890 
       38         1    -2.4386   1.000012     0.000000     1.000012     0.000000    -0.900979     0.433889    -0.900979     0.433889 
       39         1    -2.4157   1.000011    -0.000000    -1.000011    -0.000000    -0.900979     0.433889     0.900979    -0.433889 
       40         1    -2.3527   1.000011    -0.000000     1.000011    -0.000000     0.900979    -0.433889     0.900979    -0.433889 
       41         1    -2.2061   1.000015     0.000000     1.000015     0.000000    -0.900982     0.433890    -0.900982     0.433890 
       42         1    -2.1615   1.000013    -0.000000     1.000013    -0.000000     0.900981    -0.433890     0.900981    -0.433890 
       43         1    -2.1231   1.000015    -0.000000    -1.000015     0.000000     0.900982    -0.433890    -0.900982     0.433890 
       44         1    -1.9691   1.000015     0.000000    -1.000015    -0.000000    -0.900983     0.433890     0.900983    -0.433890 
       45         1    -1.7411   1.000007     0.000000    -1.000007    -0.000000     0.900975    -0.433887    -0.900975     0.433887 
       46         1    -1.6144   1.000012     0.000000     1.000012     0.000000    -0.900979     0.433889    -0.900979     0.433889 
       47         1    -1.4874   1.000007    -0.000000    -1.000007     0.000000    -0.900975     0.433887     0.900975    -0.433887 
       48         1    -1.3186   1.000007     0.000000     1.000007    -0.000000     0.900975    -0.433887     0.900975    -0.433887 
       49         1    -1.2195   1.000008     0.000000    -1.000008    -0.000000    -0.900976     0.433887     0.900976    -0.433887 
       50         1    -1.1975   1.000009    -0.000000    -1.000009     0.000000     0.900977    -0.433888    -0.900977     0.433888 
       51         1    -0.9477   1.000009    -0.000000     1.000009     0.000000     0.900977    -0.433888     0.900977    -0.433888 
       52         1    -0.9220   1.000010    -0.000000    -1.000010    -0.000000    -0.900978     0.433888     0.900978    -0.433888 
       53         1    -0.9173   1.000008     0.000000     1.000008    -0.000000    -0.900976     0.433887    -0.900976     0.433887 
       54         1    -0.7856   1.000012    -0.000000    -1.000012     0.000000     0.900979    -0.433889    -0.900979     0.433889 
       55         1    -0.6961   1.000015     0.000000     1.000015     0.000000     0.900982    -0.433890     0.900982    -0.433890 
       56         1    -0.6697   1.000016    -0.000000     1.000016    -0.000000    -0.900983     0.433891    -0.900983     0.433891 
       57         1    -0.6653   1.000013     0.000000    -1.000013    -0.000000     0.900981    -0.433889    -0.900981     0.433889 
       58         1    -0.6460   1.000014    -0.000000    -1.000013    -0.000000    -0.900981     0.433889     0.900981    -0.433889 
       59         1    -0.6449   1.000015    -0.000000    -1.000015     0.000000     0.900982    -0.433890    -0.900982     0.433890 
       60         1    -0.5997   1.000011    -0.000000     1.000011    -0.000000     0.900978    -0.433888     0.900978    -0.433888 
       61         1    -0.5599   1.000014    -0.000000    -1.000014    -0.000000    -0.900982     0.433890     0.900982    -0.433890 
       62         1    -0.5485   1.000013     0.000000     1.000013    -0.000000    -0.900980     0.433889    -0.900980     0.433889 
       63         1    -0.5389   1.000017     0.000000     1.000017     0.000000     0.900984    -0.433891     0.900984    -0.433891 
       64         1    -0.4387   1.000011     0.000000    -1.000011    -0.000000     0.900978    -0.433888    -0.900979     0.433888 
       65         1    -0.4283   1.000013     0.000000    -1.000013    -0.000000    -0.900981     0.433889     0.900981    -0.433889 
       66         1    -0.4113   1.000011    -0.000000     1.000011    -0.000000    -0.900979     0.433889    -0.900979     0.433889 
       67         1    -0.4068   1.000019     0.000000     1.000018     0.000000     0.900985    -0.433892     0.900985    -0.433892 
       68         1    -0.2448   1.000014     0.000000     1.000014     0.000000    -0.900981     0.433890    -0.900981     0.433890 
       69         1     0.4902   1.000020    -0.000000    -1.000020     0.000000    -0.900987     0.433892     0.900987    -0.433892 
       70         1     0.5160   1.000028    -0.000000     1.000028    -0.000000    -0.900994     0.433896    -0.900994     0.433896 
       71         1     0.5355   1.000027    -0.000000    -1.000027    -0.000000     0.900993    -0.433896    -0.900993     0.433896 
       72         1     0.5642   1.000029    -0.000000     1.000028    -0.000000     0.900994    -0.433896     0.900994    -0.433896 
       73         1     0.5840   1.000029     0.000000    -1.000029    -0.000000     0.900995    -0.433896    -0.900995     0.433896 
       74         1     0.5979   1.000029     0.000000     1.000029    -0.000000    -0.900995     0.433896    -0.900995     0.433896 
       75         1     0.6015   1.000031    -0.000000    -1.000030     0.000000    -0.900996     0.433897     0.900996    -0.433897 
       76         1     0.6074   1.000029    -0.000000     1.000028     0.000000     0.900994    -0.433896     0.900994    -0.433896 
       77         1     0.6215   1.000028    -0.000000    -1.000027    -0.000000    -0.900993     0.433895     0.900993    -0.433896 
       78         1     0.6286   1.000022     0.000000    -1.000022     0.000000     0.900989    -0.433893    -0.900989     0.433893 
       79         1     0.6432   1.000023     0.000000     1.000023    -0.000000     0.900989    -0.433894     0.900989    -0.433894 
       80         1     0.6449   1.000034    -0.000000     1.000033    -0.000000    -0.900999     0.433898    -0.900999     0.433898 
       81         1     0.6867   1.000030     0.000000     1.000030    -0.000000     0.900996    -0.433897     0.900996    -0.433897 
       82         1     0.6900   1.000027    -0.000000    -1.000027    -0.000000    -0.900993     0.433895     0.900993    -0.433896 
       83         1     0.7070   1.000026    -0.000000    -1.000026     0.000000     0.900992    -0.433895    -0.900992     0.433895 
       84         1     0.7364   1.000023    -0.000000     1.000023    -0.000000    -0.900990     0.433894    -0.900990     0.433894 
       85         1     0.7819   1.000021     0.000000    -1.000021    -0.000000     0.900987    -0.433893    -0.900988     0.433893 
       86         1     0.9539   1.000015    -0.000000    -1.000015     0.000000    -0.900982     0.433890     0.900982    -0.433890 
       87         1     0.9672   1.000020     0.000000    -1.000020     0.000000     0.900987    -0.433893    -0.900987     0.433893 
       88         1     0.9981   1.000018     0.000000     1.000018     0.000000    -0.900985     0.433892    -0.900985     0.433892 
       89         1     1.0354   1.000019     0.000000    -1.000019     0.000000    -0.900986     0.433892     0.900986    -0.433892 
       90         1     1.1132   1.000015     0.000000     1.000015    -0.000000     0.900982    -0.433890     0.900982    -0.433890 
       91         1     1.2186   1.000018     0.000000     1.000018     0.000000     0.900985    -0.433891     0.900985    -0.433891 
       92         1     1.2266   1.000017     0.000000    -1.000017     0.000000     0.900984    -0.433891    -0.900984     0.433891 
       93         1     1.3065   1.000019    -0.000000     1.000019     0.000000    -0.900986     0.433892    -0.900986     0.433892 
       94         1     1.3693   1.000019     0.000000     1.000019     0.000000    -0.900986     0.433892    -0.900986     0.433892 
       95         1     1.4970   1.000019    -0.000000    -1.000019     0.000000    -0.900986     0.433892     0.900986    -0.433892 
       96         1     1.7832   1.000016    -0.000000    -1.000016     0.000000     0.900983    -0.433891    -0.900983     0.433891 
       97         1     1.7866   1.000022    -0.000000     1.000022    -0.000000    -0.900988     0.433893    -0.900988     0.433893 
       98         1     1.8076   1.000017    -0.000000     1.000017     0.000000     0.900984    -0.433891     0.900984    -0.433891 
       99         1     1.9482   1.000021    -0.000000    -1.000021     0.000000    -0.900988     0.433893     0.900988    -0.433893 
      100         1     2.0976   1.000015    -0.000000     1.000014     0.000000    -0.900982     0.433890    -0.900982     0.433890 
      101         1     2.2412   1.000016    -0.000000     1.000016     0.000000     0.900983    -0.433891     0.900983    -0.433891 
      102         1     2.2720   1.000016     0.000000    -1.000016     0.000000     0.900983    -0.433891    -0.900983     0.433891 
      103         1     2.6727   1.000013    -0.000000    -1.000013    -0.000000    -0.900980     0.433889     0.900980    -0.433889 
      104         1     2.8515   1.000010     0.000000     1.000010     0.000000     0.900978    -0.433888     0.900978    -0.433888 
      105         1     2.9377   1.000011     0.000000     1.000011     0.000000    -0.900979     0.433888    -0.900979     0.433888 
      106         1     3.1355   1.000013    -0.000000    -1.000013     0.000000    -0.900980     0.433889     0.900980    -0.433889 
      107         1     3.2500   1.000010    -0.000000    -1.000010     0.000000     0.900978    -0.433888    -0.900978     0.433888 
      108         1     3.4379   1.000014     0.000000     1.000014     0.000000     0.900981    -0.433890     0.900981    -0.433890 
      109         1     4.4763   1.000011     0.000000     1.000011    -0.000000     0.900978    -0.433888     0.900978    -0.433888 
      110         1     4.5942   1.000009     0.000000     1.000009     0.000000    -0.900977     0.433888    -0.900977     0.433888 
      111         1     5.2228   1.000011    -0.000000    -1.000011     0.000000     0.900979    -0.433889    -0.900979     0.433889 
      112         1     5.5824   1.000012     0.000000    -1.000012    -0.000000    -0.900979     0.433889     0.900979    -0.433889 
      113         1     6.0526   1.000007    -0.000000    -1.000006     0.000000    -0.900975     0.433887     0.900975    -0.433887 
      114         1     6.6808   1.000014    -0.000000    -1.000014    -0.000000     0.900982    -0.433890    -0.900982     0.433890 
      115         1     6.8922   1.000010    -0.000000     1.000010    -0.000000     0.900978    -0.433888     0.900978    -0.433888 
      116         1     6.9350   1.000013    -0.000000     1.000013     0.000000    -0.900981     0.433889    -0.900981     0.433889 
      117         1     7.3516   1.000015    -0.000000     1.000015    -0.000000    -0.900982     0.433890    -0.900982     0.433890 
      118         1     7.4572   1.000017    -0.000000    -1.000017    -0.000000     0.900984    -0.433891    -0.900984     0.433891 
      119         1     7.5436   1.000015    -0.000000    -1.000014    -0.000000    -0.900982     0.433890     0.900982    -0.433890 
      120         1     7.6537   1.000016     0.000000     1.000016    -0.000000     0.900984    -0.433891     0.900984    -0.433891 
      121         1     7.7479   1.000013    -0.000000    -1.000013     0.000000    -0.900981     0.433889     0.900981    -0.433889 
      122         1     7.7803   1.000009    -0.000000     1.000009    -0.000000    -0.900977     0.433888    -0.900977     0.433888 
      123         1     8.2773   1.000016     0.000000     1.000016     0.000000     0.900983    -0.433891     0.900983    -0.433891 
      124         1     8.5061   1.000016    -0.000000     1.000016    -0.000000     0.900983    -0.433891     0.900983    -0.433891 
      125         1     8.5260   1.000016    -0.000000    -1.000016    -0.000000     0.900984    -0.433891    -0.900984     0.433891 
      126         1     8.8402   1.000011    -0.000000    -1.000011     0.000000    -0.900979     0.433889     0.900979    -0.433889 
      127         1     9.3212   1.000019    -0.000000    -1.000019    -0.000000     0.900986    -0.433892    -0.900986     0.433892 
      128         1     9.3264   1.000013    -0.000000     1.000013    -0.000000    -0.900981     0.433889    -0.900981     0.433889 
      129         1     9.3737   1.000016     0.000000     1.000016     0.000000     0.900983    -0.433891     0.900983    -0.433891 
      130         1     9.5751   1.000013     0.000000    -1.000013     0.000000    -0.900981     0.433890     0.900981    -0.433890 
      131         1     9.7005   1.000014     0.000000    -1.000014     0.000000     0.900982    -0.433890    -0.900982     0.433890 
      132         1     9.7988   1.000013     0.000000     1.000013    -0.000000     0.900980    -0.433889     0.900980    -0.433889 
      133         1     9.9586   1.000017    -0.000000     1.000017     0.000000    -0.900984     0.433891    -0.900984     0.433891 
      134         1    10.0427   1.000015     0.000000    -1.000015     0.000000    -0.900982     0.433890     0.900982    -0.433890 
      135         1    10.1388   1.000012     0.000000    -1.000012    -0.000000     0.900980    -0.433889    -0.900980     0.433889 
      136         1    10.4385   1.000017    -0.000000    -1.000016     0.000000    -0.900984     0.433891     0.900984    -0.433891 
      137         1    10.5040   1.000015    -0.000000     1.000015     0.000000    -0.900982     0.433890    -0.900982     0.433890 
      138         1    10.6716   1.000016    -0.000000     1.000014     0.000000     0.900982    -0.433890     0.900983    -0.433891 
      139         1    10.8077   1.000026     0.000000     0.998639     0.000000    -0.897922     0.432416    -0.897471     0.432199 
      140         1    10.9292   1.000024     0.000000    -0.971747     0.000000     0.888807    -0.428027    -0.863570     0.415874 
      141         1    11.0277   1.000029     0.000000    -0.651366    -0.000000    -0.585681     0.282049     0.899704    -0.433275 
4 
 1  2  3  4 
        1         2   -25.4562   2.000064     0.000000    -2.000060    -0.000000    -0.000000     0.000000     0.000000    -0.000000 
        3         2   -25.4510   2.000069     0.000000     2.000065    -0.000000    -0.000010     0.000013    -0.000010     0.000013 
        5         2   -25.4414   2.000088     0.000000    -1.999962     0.000000     0.000012    -0.000015    -0.000014     0.000017 
        7         2   -25.4410   2.000073    -0.000000     1.999947    -0.000000     0.000000    -0.000001     0.000000    -0.000000 
        9         2   -25.4121   2.000072     0.000000     1.999837    -0.000000    -0.000005     0.000006    -0.000008     0.000010 
       11         2   -25.4117   2.000074    -0.000000    -1.999839    -0.000000     0.000015    -0.000018    -0.000008     0.000009 
       13         2   -25.3895   2.000105    -0.000000    -2.000026    -0.000000    -0.000009     0.000011     0.000008    -0.000010 
       15         2   -25.3889   2.000087    -0.000000     2.000008    -0.000000    -0.000014     0.000017    -0.000014     0.000017 
       17         2   -25.3842   2.000076    -0.000000     2.000013    -0.000000     0.000001    -0.000001    -0.000000     0.000000 
       19         2   -25.3835   2.000068    -0.000000    -2.000005     0.000000     0.000004    -0.000005    -0.000003     0.000004 
       21         1   -12.7503   1.000010     0.000000     1.000010     0.000000     0.623496    -0.781839     0.623496    -0.781839 
       22         1   -12.5673   1.000014     0.000000     1.000014     0.000000    -0.623498     0.781842    -0.623498     0.781842 
       23         1   -11.7398   1.000011    -0.000000    -1.000011    -0.000000    -0.623497     0.781840     0.623497    -0.781840 
       24         1   -11.5153   1.000013    -0.000000    -1.000013     0.000000     0.623498    -0.781841    -0.623498     0.781841 
       25         1   -11.4065   1.000011     0.000000    -1.000011    -0.000000     0.623497    -0.781840    -0.623497     0.781840 
       26         1   -11.3942   1.000013    -0.000000    -1.000013     0.000000    -0.623498     0.781842     0.623498    -0.781842 
       27         1   -11.3038   1.000014    -0.000000     1.000014    -0.000000    -0.623499     0.781842    -0.623499     0.781842 
       28         1   -11.2492   1.000014    -0.000000     1.000014    -0.000000     0.623498    -0.781842     0.623498    -0.781842 
       29         1   -10.9436   1.000014     0.000000     1.000014     0.000000    -0.623499     0.781843    -0.623499     0.781843 
       30         1   -10.9193   1.000013     0.000000    -1.000013    -0.000000     0.623498    -0.781842    -0.623498     0.781842 
       31         1   -10.8847   1.000012     0.000000     1.000012     0.000000     0.623497    -0.781841     0.623497    -0.781841 
       32         1   -10.8816   1.000011    -0.000000    -1.000011    -0.000000    -0.623497     0.781840     0.623497    -0.781840 
       33         1    -6.4110   1.000012    -0.000000    -1.000012     0.000000    -0.623497     0.781841     0.623497    -0.781841 
       34         1    -6.4044   1.000011     0.000000    -1.000011    -0.000000     0.623497    -0.781840    -0.623497     0.781840 
       35         1    -5.3880   1.000010    -0.000000     1.000010    -0.000000     0.623496    -0.781839     0.623496    -0.781839 
       36         1    -5.2394   1.000013    -0.000000     1.000013    -0.000000    -0.623498     0.781842    -0.623498     0.781842 
       37         1    -2.7664   1.000013    -0.000000    -1.000013     0.000000     0.623498    -0.781842    -0.623498     0.781842 
       38         1    -2.4085   1.000015     0.000000     1.000015     0.000000     0.623499    -0.781843     0.623499    -0.781843 
       39         1    -2.3851   1.000013    -0.000000    -1.000013    -0.000000    -0.623498     0.781842     0.623498    -0.781842 
       40         1    -2.3121   1.000014     0.000000     1.000014    -0.000000    -0.623499     0.781842    -0.623499     0.781842 
       41         1    -2.1796   1.000010    -0.000000     1.000010     0.000000    -0.623496     0.781839    -0.623496     0.781839 
       42         1    -2.1453   1.000012     0.000000    -1.000012    -0.000000     0.623497    -0.781841    -0.623497     0.781841 
       43         1    -1.9698   1.000008     0.000000     1.000008    -0.000000     0.623495    -0.781838     0.623495    -0.781838 
       44         1    -1.9181   1.000018     0.000000    -1.000018    -0.000000    -0.623501     0.781846     0.623501    -0.781846 
       45         1    -1.7507   1.000010    -0.000000     1.000010    -0.000000    -0.623496     0.781839    -0.623496     0.781839 
       46         1    -1.7150   1.000010     0.000000    -1.000010    -0.000000    -0.623496     0.781839     0.623496    -0.781839 
       47         1    -1.5721   1.000007    -0.000000    -1.000007    -0.000000     0.623494    -0.781837    -0.623494     0.781837 
       48         1    -1.3222   1.000018     0.000000    -1.000018    -0.000000    -0.623501     0.781845     0.623501    -0.781845 
       49         1    -1.3029   1.000009    -0.000000     1.000009    -0.000000     0.623495    -0.781838     0.623495    -0.781838 
       50         1    -1.1271   1.000008     0.000000    -1.000008     0.000000     0.623495    -0.781838    -0.623495     0.781838 
       51         1    -0.9517   1.000013     0.000000     1.000013     0.000000     0.623498    -0.781842     0.623498    -0.781842 
       52         1    -0.8298   1.000010     0.000000    -1.000010    -0.000000     0.623496    -0.781840    -0.623496     0.781840 
       53         1    -0.8034   1.000011    -0.000000     1.000011    -0.000000    -0.623497     0.781840    -0.623497     0.781840 
       54         1    -0.7954   1.000013    -0.000000    -1.000013     0.000000    -0.623498     0.781841     0.623498    -0.781841 
       55         1    -0.7766   1.000014     0.000000     1.000014     0.000000     0.623498    -0.781842     0.623498    -0.781842 
       56         1    -0.7686   1.000011    -0.000000    -1.000011     0.000000     0.623496    -0.781840    -0.623496     0.781840 
       57         2    -0.6654   2.000034     0.000000    -0.000006     0.000000    -1.247001     1.563689     0.000003    -0.000004 
       59         1    -0.6209   1.000014     0.000000    -1.000014     0.000000     0.623499    -0.781843    -0.623499     0.781843 
       60         1    -0.6113   1.000014    -0.000000     1.000014    -0.000000    -0.623499     0.781842    -0.623499     0.781842 
       61         1    -0.6065   1.000014    -0.000000     1.000014    -0.000000     0.623499    -0.781843     0.623499    -0.781843 
       62         1    -0.5343   1.000016    -0.000000    -1.000016     0.000000    -0.623500     0.781844     0.623500    -0.781844 
       63         1    -0.5316   1.000012     0.000000     1.000012     0.000000     0.623497    -0.781841     0.623497    -0.781841 
       64         1    -0.4925   1.000013     0.000000    -1.000013    -0.000000     0.623498    -0.781842    -0.623498     0.781842 
       65         1    -0.4777   1.000015    -0.000000    -1.000015     0.000000    -0.623499     0.781843     0.623499    -0.781843 
       66         1    -0.4270   1.000014    -0.000000     1.000013    -0.000000    -0.623498     0.781842    -0.623498     0.781842 
       67         1    -0.3914   1.000013     0.000000     1.000013     0.000000     0.623498    -0.781841     0.623498    -0.781841 
       68         1    -0.2870   1.000010    -0.000000     1.000010    -0.000000    -0.623496     0.781840    -0.623496     0.781840 
       69         1     0.4986   1.000030    -0.000000    -1.000030     0.000000    -0.623509     0.781855     0.623508    -0.781855 
       70         1     0.5136   1.000029    -0.000000     1.000028     0.000000    -0.623508     0.781854    -0.623507     0.781854 
       71         1     0.5219   1.000029     0.000000    -1.000029    -0.000000     0.623508    -0.781854    -0.623508     0.781854 
       72         1     0.5486   1.000032     0.000000     1.000031     0.000000     0.623509    -0.781856     0.623509    -0.781856 
       73         1     0.5700   1.000028     0.000000    -1.000028     0.000000     0.623507    -0.781854    -0.623507     0.781853 
       74         1     0.5745   1.000024     0.000000     1.000024    -0.000000     0.623505    -0.781850     0.623505    -0.781850 
       75         1     0.6029   1.000033     0.000000    -1.000033    -0.000000     0.623510    -0.781857    -0.623510     0.781857 
       76         1     0.6208   1.000034     0.000000     1.000034    -0.000000    -0.623511     0.781858    -0.623511     0.781858 
       77         1     0.6209   1.000028     0.000000    -1.000028     0.000000    -0.623507     0.781853     0.623507    -0.781853 
       78         1     0.6478   1.000024     0.000000     1.000024    -0.000000     0.623505    -0.781850     0.623505    -0.781850 
       79         1     0.6517   1.000035     0.000000     1.000035     0.000000    -0.623512     0.781859    -0.623512     0.781859 
       80         1     0.6653   1.000024    -0.000000    -1.000024     0.000000    -0.623505     0.781850     0.623505    -0.781850 
       81         1     0.6851   1.000029    -0.000000     1.000029    -0.000000     0.623508    -0.781854     0.623508    -0.781854 
       82         1     0.6903   1.000026     0.000000    -1.000026     0.000000     0.623506    -0.781852    -0.623506     0.781852 
       83         1     0.7112   1.000025     0.000000    -1.000025    -0.000000    -0.623505     0.781851     0.623505    -0.781851 
       84         1     0.7535   1.000028    -0.000000     1.000028     0.000000    -0.623507     0.781853    -0.623507     0.781853 
       85         1     0.8487   1.000023    -0.000000    -1.000023     0.000000    -0.623504     0.781849     0.623504    -0.781849 
       86         1     0.8912   1.000020     0.000000    -1.000019    -0.000000     0.623502    -0.781847    -0.623502     0.781847 
       87         1     0.9371   1.000023     0.000000     1.000023     0.000000    -0.623504     0.781850    -0.623504     0.781850 
       88         1     0.9692   1.000023     0.000000    -1.000023     0.000000    -0.623504     0.781849     0.623504    -0.781849 
       89         1     1.0676   1.000023    -0.000000    -1.000023     0.000000     0.623504    -0.781849    -0.623504     0.781849 
       90         1     1.1627   1.000020    -0.000000     1.000019     0.000000     0.623502    -0.781847     0.623502    -0.781847 
       91         1     1.2513   1.000024     0.000000     1.000024     0.000000    -0.623505     0.781850    -0.623505     0.781850 
       92         1     1.2651   1.000016     0.000000    -1.000016    -0.000000     0.623500    -0.781844    -0.623500     0.781844 
       93         1     1.4203   1.000014     0.000000     1.000014     0.000000     0.623498    -0.781842     0.623498    -0.781842 
       94         1     1.4668   1.000021     0.000000     1.000021     0.000000    -0.623503     0.781848    -0.623503     0.781848 
       95         1     1.4912   1.000017     0.000000     1.000017     0.000000     0.623500    -0.781845     0.623500    -0.781845 
       96         1     1.5271   1.000018     0.000000    -1.000018    -0.000000    -0.623501     0.781846     0.623501    -0.781846 
       97         1     1.6907   1.000016     0.000000     1.000016     0.000000    -0.623500     0.781844    -0.623500     0.781844 
       98         1     1.7236   1.000014    -0.000000    -1.000014     0.000000     0.623499    -0.781842    -0.623499     0.781842 
       99         1     1.9774   1.000014    -0.000000    -1.000014     0.000000    -0.623498     0.781842     0.623498    -0.781842 
      100         1     2.0132   1.000015     0.000000    -1.000014    -0.000000     0.623499    -0.781843    -0.623499     0.781843 
      101         1     2.0262   1.000017    -0.000000     1.000017    -0.000000     0.623500    -0.781844     0.623500    -0.781844 
      102         1     2.2388   1.000012     0.000000     1.000012     0.000000    -0.623497     0.781841    -0.623497     0.781841 
      103         1     2.3071   1.000014    -0.000000     1.000014    -0.000000     0.623498    -0.781842     0.623498    -0.781842 
      104         1     2.5931   1.000012     0.000000    -1.000012    -0.000000    -0.623497     0.781841     0.623497    -0.781841 
      105         1     2.9040   1.000012    -0.000000     1.000012    -0.000000    -0.623497     0.781841    -0.623497     0.781841 
      106         1     2.9332   1.000014    -0.000000    -1.000014     0.000000    -0.623499     0.781843     0.623499    -0.781843 
      107         1     3.1179   1.000010    -0.000000    -1.000010     0.000000     0.623496    -0.781840    -0.623496     0.781840 
      108         1     3.3132   1.000012    -0.000000     1.000012    -0.000000     0.623497    -0.781841     0.623497    -0.781841 
      109         1     4.7049   1.000014     0.000000     1.000014     0.000000    -0.623499     0.781843    -0.623499     0.781843 
      110         1     4.8371   1.000009    -0.000000     1.000009    -0.000000     0.623496    -0.781839     0.623496    -0.781839 
      111         1     5.5552   1.000010    -0.000000    -1.000010    -0.000000    -0.623496     0.781839     0.623496    -0.781839 
      112         1     5.6326   1.000010     0.000000    -1.000009    -0.000000     0.623496    -0.781839    -0.623496     0.781839 
      113         1     6.5323   1.000011     0.000000    -1.000011    -0.000000    -0.623496     0.781840     0.623496    -0.781840 
      114         1     6.7344   1.000014    -0.000000     1.000014    -0.000000    -0.623499     0.781842    -0.623499     0.781842 
      115         1     7.0365   1.000014    -0.000000     1.000014     0.000000     0.623499    -0.781842     0.623499    -0.781842 
      116         1     7.0917   1.000015     0.000000    -1.000015    -0.000000     0.623499    -0.781843    -0.623499     0.781843 
      117         1     7.2157   1.000015     0.000000    -1.000015    -0.000000    -0.623499     0.781843     0.623499    -0.781843 
      118         1     7.3089   1.000014     0.000000     1.000014     0.000000    -0.623499     0.781843    -0.623499     0.781843 
      119         1     7.5150   1.000015     0.000000    -1.000015     0.000000     0.623499    -0.781843    -0.623499     0.781843 
      120         1     7.6198   1.000013     0.000000     1.000013     0.000000    -0.623498     0.781841    -0.623498     0.781841 
      121         1     7.7281   1.000012    -0.000000    -1.000012    -0.000000    -0.623497     0.781841     0.623497    -0.781841 
      122         1     7.7648   1.000011    -0.000000     1.000011    -0.000000     0.623497    -0.781840     0.623497    -0.781840 
      123         1     8.1599   1.000011    -0.000000     1.000011     0.000000     0.623497    -0.781840     0.623497    -0.781840 
      124         1     8.3205   1.000012     0.000000    -1.000012    -0.000000     0.623497    -0.781841    -0.623497     0.781841 
      125         1     8.7110   1.000020    -0.000000     1.000020    -0.000000     0.623502    -0.781847     0.623502    -0.781847 
      126         1     9.0704   1.000013    -0.000000    -1.000013     0.000000    -0.623498     0.781841     0.623498    -0.781841 
      127         1     9.2305   1.000016    -0.000000    -1.000016    -0.000000     0.623500    -0.781844    -0.623500     0.781844 
      128         1     9.4485   1.000007     0.000000     1.000007     0.000000    -0.623494     0.781837    -0.623494     0.781837 
      129         1     9.5398   1.000018     0.000000    -1.000018     0.000000    -0.623501     0.781846     0.623501    -0.781846 
      130         1     9.7031   1.000017     0.000000     1.000017    -0.000000     0.623501    -0.781845     0.623501    -0.781845 
      131         1     9.8177   1.000011    -0.000000    -1.000011     0.000000     0.623496    -0.781840    -0.623496     0.781840 
      132         1     9.9152   1.000011    -0.000000    -1.000011     0.000000     0.623497    -0.781840    -0.623497     0.781840 
      133         1     9.9494   1.000011     0.000000     1.000011     0.000000     0.623497    -0.781840     0.623497    -0.781840 
      134         1    10.3840   1.000017     0.000000     1.000017     0.000000    -0.623500     0.781845    -0.623500     0.781845 
      135         1    10.3912   1.000016    -0.000000    -1.000016    -0.000000     0.623500    -0.781844    -0.623500     0.781844 
      136         1    10.4340   1.000019     0.000000    -1.000019    -0.000000    -0.623502     0.781846     0.623502    -0.781846 
      137         1    10.5877   1.000015    -0.000000     1.000014     0.000000     0.623499    -0.781843     0.623499    -0.781843 
      138         1    10.6357   1.000016     0.000000    -1.000016    -0.000000    -0.623497     0.781841     0.623497    -0.781841 
      139         1    10.7867   1.000016    -0.000000     0.999836    -0.000000    -0.623385     0.781700    -0.623493     0.781836 
      140         1    10.8151   1.000014     0.000000     0.999784     0.000000     0.623428    -0.781753     0.623299    -0.781593 
      141         1    10.8325   1.000019     0.000000     0.999071    -0.000000    -0.622869     0.781053    -0.623441     0.781770 
4 
 1  2  3  4 
        1         2   -25.4562   2.000098    -0.000000    -2.000093     0.000000     0.000007    -0.000031    -0.000007     0.000031 
        3         2   -25.4510   2.000061    -0.000000     2.000057     0.000000    -0.000001     0.000002    -0.000000     0.000002 
        5         2   -25.4414   2.000072     0.000000    -1.999949     0.000000     0.000002    -0.000008    -0.000002     0.000010 
        7         2   -25.4409   2.000074    -0.000000     1.999953    -0.000000     0.000000    -0.000001    -0.000000     0.000001 
        9         2   -25.4121   2.000074     0.000000     1.999821    -0.000000    -0.000003     0.000012    -0.000002     0.000010 
       11         2   -25.4117   2.000093    -0.000000    -1.999838     0.000000     0.000006    -0.000028    -0.000005     0.000023 
       13         2   -25.3895   2.000093     0.000000    -2.000012    -0.000000     0.000001    -0.000002    -0.000001     0.000003 
       15         2   -25.3889   2.000080     0.000000     1.999999    -0.000000    -0.000000     0.000001    -0.000000     0.000001 
       17         2   -25.3842   2.000070     0.000000     2.000008     0.000000     0.000001    -0.000004     0.000001    -0.000004 
       19         2   -25.3835   2.000094    -0.000000    -2.000031     0.000000     0.000004    -0.000020    -0.000004     0.000018 
       21         1   -12.6480   1.000012    -0.000000     1.000012     0.000000     0.222524    -0.974940     0.222524    -0.974940 
       22         1   -12.5773   1.000012    -0.000000     1.000012    -0.000000    -0.222524     0.974940    -0.222524     0.974940 
       23         1   -11.6316   1.000014     0.000000    -1.000014    -0.000000    -0.222524     0.974942     0.222524    -0.974942 
       24         1   -11.5368   1.000011    -0.000000    -1.000011     0.000000     0.222523    -0.974939    -0.222523     0.974939 
       25         1   -11.4166   1.000014     0.000000    -1.000014    -0.000000     0.222524    -0.974942    -0.222524     0.974942 
       26         1   -11.4025   1.000012    -0.000000    -1.000012    -0.000000    -0.222524     0.974940     0.222524    -0.974940 
       27         1   -11.3700   1.000011    -0.000000     1.000011     0.000000    -0.222523     0.974939    -0.222523     0.974939 
       28         1   -11.3416   1.000010     0.000000     1.000010    -0.000000     0.222523    -0.974938     0.222523    -0.974938 
       29         1   -10.9630   1.000012     0.000000    -1.000012    -0.000000     0.222524    -0.974940    -0.222524     0.974940 
       30         1   -10.9446   1.000016    -0.000000    -1.000016     0.000000    -0.222524     0.974943     0.222524    -0.974943 
       31         1   -10.9297   1.000013     0.000000     1.000013    -0.000000    -0.222524     0.974941    -0.222524     0.974941 
       32         1   -10.9116   1.000012    -0.000000     1.000012    -0.000000     0.222524    -0.974939     0.222524    -0.974939 
       33         1    -6.3732   1.000014     0.000000    -1.000014    -0.000000    -0.222524     0.974941     0.222524    -0.974941 
       34         1    -6.3725   1.000014    -0.000000    -1.000014     0.000000     0.222524    -0.974941    -0.222524     0.974941 
       35         1    -5.2488   1.000015     0.000000     1.000015    -0.000000     0.222524    -0.974942     0.222524    -0.974942 
       36         1    -5.1858   1.000011    -0.000000     1.000011     0.000000    -0.222523     0.974939    -0.222523     0.974939 
       37         1    -2.6219   1.000017    -0.000000    -1.000017     0.000000     0.222525    -0.974945    -0.222525     0.974945 
       38         1    -2.4766   1.000014    -0.000000    -1.000014    -0.000000    -0.222524     0.974942     0.222524    -0.974942 
       39         1    -2.3996   1.000017    -0.000000     1.000017    -0.000000     0.222525    -0.974944     0.222525    -0.974944 
       40         1    -2.3165   1.000011    -0.000000     1.000011    -0.000000    -0.222523     0.974938    -0.222523     0.974938 
       41         1    -2.0841   1.000013     0.000000    -1.000013    -0.000000     0.222524    -0.974941    -0.222524     0.974941 
       42         1    -1.9932   1.000013     0.000000     1.000013     0.000000    -0.222524     0.974940    -0.222524     0.974940 
       43         1    -1.9206   1.000014    -0.000000    -1.000014    -0.000000    -0.222524     0.974942     0.222524    -0.974942 
       44         1    -1.8112   1.000008     0.000000     1.000008    -0.000000     0.222523    -0.974936     0.222523    -0.974936 
       45         1    -1.6906   1.000007    -0.000000     1.000007     0.000000    -0.222523     0.974935    -0.222523     0.974935 
       46         1    -1.6774   1.000007    -0.000000    -1.000007     0.000000    -0.222523     0.974935     0.222523    -0.974935 
       47         1    -1.4943   1.000009    -0.000000     1.000009    -0.000000     0.222523    -0.974936     0.222523    -0.974936 
       48         1    -1.4614   1.000008     0.000000    -1.000008     0.000000     0.222523    -0.974936    -0.222523     0.974936 
       49         1    -1.3933   1.000011    -0.000000    -1.000011     0.000000    -0.222523     0.974939     0.222523    -0.974939 
       50         1    -1.3125   1.000008     0.000000    -1.000008    -0.000000     0.222523    -0.974936    -0.222523     0.974936 
       51         1    -1.0404   1.000007     0.000000     1.000007     0.000000     0.222523    -0.974935     0.222523    -0.974935 
       52         1    -0.9096   1.000009     0.000000     1.000008    -0.000000    -0.222523     0.974936    -0.222523     0.974936 
       53         1    -0.8863   1.000014     0.000000    -1.000013    -0.000000     0.222524    -0.974941    -0.222524     0.974941 
       54         1    -0.8055   1.000009     0.000000    -1.000009    -0.000000    -0.222523     0.974937     0.222523    -0.974937 
       55         1    -0.7100   1.000013     0.000000     1.000013     0.000000     0.222524    -0.974940     0.222524    -0.974940 
       56         1    -0.6890   1.000013     0.000000    -1.000013    -0.000000     0.222524    -0.974940    -0.222524     0.974940 
       57         1    -0.6705   1.000014     0.000000     1.000014     0.000000    -0.222524     0.974942    -0.222524     0.974942 
       58         1    -0.6535   1.000016    -0.000000    -1.000016    -0.000000    -0.222524     0.974943     0.222524    -0.974943 
       59         1    -0.6102   1.000011     0.000000     1.000011     0.000000    -0.222523     0.974939    -0.222523     0.974939 
       60         1    -0.6022   1.000012    -0.000000     1.000012    -0.000000     0.222523    -0.974939     0.222523    -0.974939 
       61         1    -0.5977   1.000014     0.000000    -1.000014    -0.000000     0.222524    -0.974942    -0.222524     0.974942 
       62         1    -0.5798   1.000012     0.000000    -1.000011    -0.000000    -0.222523     0.974939     0.222523    -0.974939 
       63         1    -0.5193   1.000013    -0.000000    -1.000013     0.000000     0.222524    -0.974941    -0.222524     0.974941 
       64         1    -0.5084   1.000016    -0.000000     1.000015    -0.000000     0.222524    -0.974943     0.222524    -0.974943 
       65         1    -0.4980   1.000016    -0.000000    -1.000016     0.000000    -0.222524     0.974943     0.222524    -0.974943 
       66         1    -0.4653   1.000015     0.000000     1.000015    -0.000000    -0.222524     0.974943    -0.222524     0.974943 
       67         1    -0.3626   1.000013    -0.000000     1.000013     0.000000     0.222524    -0.974941     0.222524    -0.974941 
       68         1    -0.3285   1.000014     0.000000     1.000013     0.000000    -0.222524     0.974941    -0.222524     0.974941 
       69         1     0.5034   1.000032     0.000000    -1.000031     0.000000    -0.222528     0.974958     0.222528    -0.974958 
       70         1     0.5084   1.000031     0.000000    -1.000031     0.000000     0.222528    -0.974958    -0.222528     0.974958 
       71         1     0.5263   1.000028    -0.000000     1.000028    -0.000000    -0.222527     0.974955    -0.222527     0.974955 
       72         1     0.5403   1.000030     0.000000     1.000030     0.000000     0.222528    -0.974957     0.222528    -0.974957 
       73         1     0.5855   1.000030     0.000000     1.000030     0.000000     0.222528    -0.974957     0.222528    -0.974957 
       74         1     0.5927   1.000025    -0.000000    -1.000025     0.000000     0.222526    -0.974952    -0.222526     0.974952 
       75         1     0.6208   1.000026    -0.000000    -1.000024     0.000000     0.222526    -0.974952    -0.222527     0.974953 
       76         1     0.6215   1.000026     0.000000     1.000024    -0.000000    -0.222526     0.974951    -0.222527     0.974953 
       77         1     0.6233   1.000026    -0.000000    -1.000026    -0.000000    -0.222527     0.974953     0.222527    -0.974953 
       78         1     0.6502   1.000028    -0.000000     1.000028    -0.000000     0.222527    -0.974955     0.222527    -0.974955 
       79         1     0.6578   1.000033     0.000000    -1.000033     0.000000    -0.222528     0.974960     0.222528    -0.974960 
       80         1     0.6580   1.000029     0.000000     1.000029    -0.000000    -0.222527     0.974956    -0.222527     0.974956 
       81         1     0.6837   1.000030     0.000000    -1.000029     0.000000     0.222527    -0.974957    -0.222527     0.974957 
       82         1     0.7128   1.000029     0.000000    -1.000029     0.000000    -0.222527     0.974956     0.222527    -0.974956 
       83         1     0.7221   1.000033     0.000000     1.000033     0.000000     0.222528    -0.974960     0.222528    -0.974960 
       84         1     0.7463   1.000028     0.000000     1.000028    -0.000000    -0.222527     0.974955    -0.222527     0.974955 
       85         1     0.8118   1.000022    -0.000000    -1.000021     0.000000    -0.222526     0.974949     0.222526    -0.974949 
       86         1     0.8769   1.000019     0.000000    -1.000019    -0.000000     0.222525    -0.974946    -0.222525     0.974946 
       87         1     0.9574   1.000019     0.000000     1.000019    -0.000000    -0.222525     0.974946    -0.222525     0.974946 
       88         1     1.0154   1.000026    -0.000000    -1.000025    -0.000000    -0.222527     0.974952     0.222527    -0.974952 
       89         1     1.1123   1.000021    -0.000000     1.000021    -0.000000     0.222526    -0.974949     0.222526    -0.974949 
       90         1     1.1155   1.000021     0.000000    -1.000021     0.000000     0.222525    -0.974948    -0.222525     0.974948 
       91         1     1.2709   1.000015    -0.000000     1.000015    -0.000000     0.222524    -0.974943     0.222524    -0.974943 
       92         1     1.2787   1.000020     0.000000     1.000020     0.000000    -0.222525     0.974947    -0.222525     0.974947 
       93         1     1.4400   1.000019    -0.000000    -1.000019     0.000000     0.222525    -0.974946    -0.222525     0.974946 
       94         1     1.4611   1.000017    -0.000000     1.000017     0.000000    -0.222525     0.974944    -0.222525     0.974944 
       95         1     1.4835   1.000021     0.000000    -1.000021    -0.000000    -0.222526     0.974948     0.222526    -0.974948 
       96         1     1.5344   1.000016     0.000000     1.000016     0.000000     0.222524    -0.974943     0.222524    -0.974943 
       97         1     1.6155   1.000019    -0.000000    -1.000018     0.000000     0.222525    -0.974946    -0.222525     0.974946 
       98         1     1.6567   1.000022    -0.000000     1.000022    -0.000000    -0.222526     0.974950    -0.222526     0.974950 
       99         1     1.7589   1.000014    -0.000000     1.000014    -0.000000     0.222524    -0.974941     0.222524    -0.974941 
      100         1     1.9406   1.000013     0.000000    -1.000013    -0.000000    -0.222524     0.974941     0.222524    -0.974941 
      101         1     2.0790   1.000013     0.000000    -1.000013    -0.000000     0.222524    -0.974940    -0.222524     0.974940 
      102         1     2.1444   1.000014    -0.000000     1.000014    -0.000000     0.222524    -0.974942     0.222524    -0.974942 
      103         1     2.2097   1.000013     0.000000    -1.000013     0.000000    -0.222524     0.974941     0.222524    -0.974941 
      104         1     2.2376   1.000013     0.000000     1.000013    -0.000000    -0.222524     0.974941    -0.222524     0.974941 
      105         1     2.9593   1.000013     0.000000    -1.000013     0.000000    -0.222524     0.974940     0.222524    -0.974940 
      106         1     3.0007   1.000012    -0.000000    -1.000012     0.000000     0.222524    -0.974940    -0.222524     0.974940 
      107         1     3.0082   1.000012     0.000000     1.000012     0.000000    -0.222524     0.974939    -0.222523     0.974939 
      108         1     3.1553   1.000012     0.000000     1.000012     0.000000     0.222524    -0.974939     0.222524    -0.974939 
      109         1     4.8161   1.000011     0.000000     1.000011     0.000000    -0.222523     0.974938    -0.222523     0.974938 
      110         1     4.9062   1.000013     0.000000     1.000013     0.000000     0.222524    -0.974941     0.222524    -0.974941 
      111         1     5.6173   1.000013     0.000000    -1.000013    -0.000000    -0.222524     0.974940     0.222524    -0.974940 
      112         1     5.7532   1.000015     0.000000    -1.000015    -0.000000     0.222524    -0.974942    -0.222524     0.974942 
      113         1     6.7474   1.000013     0.000000     1.000013    -0.000000    -0.222524     0.974941    -0.222524     0.974941 
      114         1     6.9179   1.000011    -0.000000     1.000011     0.000000     0.222523    -0.974939     0.222523    -0.974939 
      115         1     7.0240   1.000013     0.000000    -1.000013    -0.000000    -0.222524     0.974941     0.222524    -0.974941 
      116         1     7.1761   1.000014     0.000000    -1.000014     0.000000    -0.222524     0.974941     0.222524    -0.974941 
      117         1     7.1984   1.000013     0.000000    -1.000013    -0.000000     0.222524    -0.974940    -0.222524     0.974940 
      118         1     7.2720   1.000014    -0.000000     1.000014     0.000000    -0.222524     0.974942    -0.222524     0.974942 
      119         1     7.4531   1.000012     0.000000    -1.000012     0.000000     0.222524    -0.974940    -0.222524     0.974940 
      120         1     7.6670   1.000013     0.000000     1.000013     0.000000     0.222524    -0.974940     0.222524    -0.974941 
      121         1     7.8598   1.000013    -0.000000     1.000013    -0.000000    -0.222524     0.974941    -0.222524     0.974941 
      122         1     7.8653   1.000012     0.000000    -1.000012     0.000000    -0.222524     0.974940     0.222524    -0.974940 
      123         1     7.9388   1.000016     0.000000     1.000016     0.000000     0.222524    -0.974943     0.222524    -0.974943 
      124         1     8.0571   1.000014     0.000000    -1.000013    -0.000000     0.222524    -0.974941    -0.222524     0.974941 
      125         1     9.1652   1.000017    -0.000000     1.000017    -0.000000     0.222525    -0.974944     0.222525    -0.974944 
      126         1     9.3038   1.000010    -0.000000    -1.000010     0.000000    -0.222523     0.974938     0.222523    -0.974938 
      127         1     9.3310   1.000014    -0.000000    -1.000014     0.000000     0.222524    -0.974942    -0.222524     0.974942 
      128         1     9.4298   1.000013     0.000000     1.000013     0.000000    -0.222524     0.974941    -0.222524     0.974941 
      129         1     9.6876   1.000012    -0.000000    -1.000012    -0.000000    -0.222524     0.974940     0.222524    -0.974940 
      130         1     9.7771   1.000019     0.000000    -1.000019     0.000000     0.222525    -0.974946    -0.222525     0.974946 
      131         1     9.8942   1.000013     0.000000     1.000013     0.000000     0.222524    -0.974940     0.222524    -0.974940 
      132         1    10.1778   1.000012     0.000000    -1.000012    -0.000000     0.222524    -0.974940    -0.222524     0.974940 
      133         1    10.3555   1.000018     0.000000     1.000018    -0.000000     0.222525    -0.974946     0.222525    -0.974946 
      134         1    10.3608   1.000014    -0.000000     1.000014     0.000000    -0.222524     0.974941    -0.222524     0.974941 
      135         1    10.4171   1.000015    -0.000000    -1.000015     0.000000     0.222524    -0.974942    -0.222524     0.974942 
      136         1    10.4188   1.000015    -0.000000    -1.000015    -0.000000    -0.222524     0.974942     0.222524    -0.974942 
      137         1    10.5439   1.000016     0.000000     1.000014    -0.000000    -0.222524     0.974942    -0.222524     0.974943 
      138         1    10.6871   1.000015    -0.000000     0.999934    -0.000000     0.222517    -0.974911     0.222512    -0.974889 
      139         1    10.7470   1.000014    -0.000000    -0.999992    -0.000000    -0.222498     0.974828     0.222500    -0.974837 
      140         1    11.0453   1.000031    -0.000000     0.929786     0.000000    -0.209478     0.917784    -0.217297     0.952039 
      141         1    11.1099   1.000028     0.000000    -0.625505    -0.000000    -0.004482     0.019636     0.087514    -0.383422 
2 
 1  3 
        1         2   -25.4562   2.000068     0.000000     0.000001    -0.000001 
        3         2   -25.4510   2.000081    -0.000000    -0.000037     0.000037 
        5         2   -25.4414   2.000103     0.000000     0.000024    -0.000024 
        7         2   -25.4410   2.000067    -0.000000     0.000002    -0.000002 
        9         2   -25.4121   2.000069     0.000000    -0.000002     0.000002 
       11         2   -25.4117   2.000072    -0.000000    -0.000001     0.000001 
       13         2   -25.3895   2.000075     0.000000     0.000002    -0.000002 
       15         2   -25.3889   2.000100    -0.000000    -0.000023     0.000023 
       17         2   -25.3842   2.000091    -0.000000    -0.000009     0.000009 
       19         2   -25.3835   2.000069    -0.000000     0.000004    -0.000004 
       21         1   -12.8348   1.000012     0.000000     0.707115    -0.707115 
       22         1   -12.6543   1.000014     0.000000    -0.707117     0.707117 
       23         1   -11.7762   1.000014    -0.000000    -0.707116     0.707116 
       24         1   -11.5383   1.000012     0.000000     0.707115    -0.707115 
       25         1   -11.4471   1.000013    -0.000000     0.707116    -0.707116 
       26         1   -11.4171   1.000015     0.000000    -0.707117     0.707117 
       27         1   -11.1358   1.000014    -0.000000    -0.707116     0.707116 
       28         1   -11.1157   1.000015    -0.000000     0.707118    -0.707118 
       29         1   -10.9560   1.000012    -0.000000    -0.707115     0.707115 
       30         1   -10.8847   1.000014     0.000000     0.707117    -0.707117 
       31         1   -10.7891   1.000013     0.000000     0.707116    -0.707116 
       32         1   -10.7859   1.000014    -0.000000    -0.707117     0.707117 
       33         1    -6.4805   1.000013    -0.000000    -0.707116     0.707116 
       34         1    -6.4642   1.000013    -0.000000     0.707116    -0.707116 
       35         1    -5.5546   1.000013     0.000000     0.707116    -0.707116 
       36         1    -5.4376   1.000013     0.000000    -0.707116     0.707116 
       37         1    -2.8736   1.000022     0.000000     0.707123    -0.707123 
       38         1    -2.6217   1.000015    -0.000000    -0.707117     0.707117 
       39         1    -2.4915   1.000014    -0.000000    -0.707117     0.707117 
       40         1    -2.4008   1.000015    -0.000000     0.707117    -0.707117 
       41         1    -2.1949   1.000013     0.000000     0.707116    -0.707116 
       42         1    -2.0900   1.000018    -0.000000    -0.707120     0.707120 
       43         1    -1.9998   1.000011     0.000000     0.707114    -0.707114 
       44         1    -1.9394   1.000014    -0.000000    -0.707117     0.707117 
       45         1    -1.7555   1.000012     0.000000     0.707116    -0.707116 
       46         1    -1.6008   1.000017    -0.000000    -0.707118     0.707118 
       47         1    -1.4123   1.000016    -0.000000     0.707118    -0.707118 
       48         1    -1.3266   1.000008     0.000000    -0.707113     0.707113 
       49         1    -1.1690   1.000009     0.000000     0.707113    -0.707113 
       50         1    -1.1021   1.000010    -0.000000    -0.707114     0.707114 
       51         1    -1.0488   1.000009    -0.000000    -0.707113     0.707113 
       52         1    -1.0213   1.000007    -0.000000     0.707112    -0.707112 
       53         1    -0.9497   1.000013     0.000000    -0.707116     0.707116 
       54         1    -0.7249   1.000015     0.000000     0.707117    -0.707117 
       55         1    -0.6963   1.000015     0.000000     0.707117    -0.707117 
       56         1    -0.6756   1.000016     0.000000    -0.707118     0.707118 
       57         1    -0.6540   1.000014     0.000000     0.707117    -0.707117 
       58         1    -0.6341   1.000016    -0.000000    -0.707118     0.707118 
       59         1    -0.6239   1.000018     0.000000    -0.707119     0.707119 
       60         1    -0.6114   1.000013     0.000000     0.707116    -0.707116 
       61         1    -0.5733   1.000014     0.000000     0.707117    -0.707117 
       62         1    -0.5451   1.000013     0.000000     0.707116    -0.707116 
       63         1    -0.5387   1.000019     0.000000    -0.707120     0.707120 
       64         1    -0.4329   1.000009     0.000000    -0.707113     0.707113 
       65         1    -0.4209   1.000015    -0.000000     0.707116    -0.707116 
       66         1    -0.4203   1.000014    -0.000000    -0.707115     0.707115 
       67         1    -0.3862   1.000011     0.000000     0.707114    -0.707114 
       68         1    -0.2587   1.000013    -0.000000    -0.707116     0.707116 
       69         1     0.4904   1.000025    -0.000000    -0.707124     0.707124 
       70         1     0.5031   1.000021    -0.000000    -0.707121     0.707121 
       71         1     0.5187   1.000027     0.000000     0.707126    -0.707126 
       72         1     0.5534   1.000031     0.000000    -0.707128     0.707128 
       73         1     0.5592   1.000028     0.000000     0.707127    -0.707127 
       74         1     0.5777   1.000026    -0.000000     0.707125    -0.707125 
       75         1     0.6026   1.000029     0.000000    -0.707127     0.707127 
       76         1     0.6123   1.000025     0.000000    -0.707125     0.707125 
       77         1     0.6180   1.000027    -0.000000     0.707126    -0.707126 
       78         1     0.6265   1.000026     0.000000     0.707125    -0.707125 
       79         1     0.6391   1.000032     0.000000    -0.707129     0.707129 
       80         1     0.6470   1.000026     0.000000     0.707125    -0.707125 
       81         1     0.6721   1.000030    -0.000000     0.707127    -0.707127 
       82         1     0.6796   1.000034     0.000000    -0.707131     0.707131 
       83         1     0.7037   1.000027     0.000000     0.707125    -0.707125 
       84         1     0.7137   1.000025     0.000000    -0.707124     0.707124 
       85         1     0.8166   1.000021    -0.000000     0.707121    -0.707122 
       86         1     0.9220   1.000020     0.000000     0.707121    -0.707121 
       87         1     0.9951   1.000017    -0.000000    -0.707119     0.707119 
       88         1     1.0839   1.000018     0.000000    -0.707119     0.707119 
       89         1     1.1133   1.000019     0.000000     0.707120    -0.707120 
       90         1     1.1137   1.000020    -0.000000    -0.707120     0.707120 
       91         1     1.2590   1.000020    -0.000000     0.707121    -0.707121 
       92         1     1.2832   1.000021    -0.000000    -0.707122     0.707122 
       93         1     1.3057   1.000019     0.000000     0.707120    -0.707120 
       94         1     1.3458   1.000018     0.000000    -0.707120     0.707120 
       95         1     1.5526   1.000017     0.000000    -0.707119     0.707119 
       96         1     1.6651   1.000016     0.000000     0.707118    -0.707118 
       97         1     1.8315   1.000017    -0.000000    -0.707119     0.707119 
       98         1     1.8615   1.000017    -0.000000    -0.707119     0.707119 
       99         1     2.0228   1.000015    -0.000000     0.707117    -0.707117 
      100         1     2.1194   1.000018     0.000000     0.707120    -0.707120 
      101         1     2.2170   1.000014    -0.000000    -0.707117     0.707117 
      102         1     2.4377   1.000015     0.000000    -0.707117     0.707117 
      103         1     2.4627   1.000012    -0.000000     0.707115    -0.707115 
      104         1     2.8139   1.000015     0.000000     0.707118    -0.707118 
      105         1     2.9701   1.000014    -0.000000    -0.707117     0.707117 
      106         1     3.2527   1.000012    -0.000000     0.707116    -0.707116 
      107         1     3.3202   1.000012    -0.000000    -0.707115     0.707115 
      108         1     3.4347   1.000011     0.000000     0.707115    -0.707115 
      109         1     4.4417   1.000012     0.000000     0.707115    -0.707115 
      110         1     4.6386   1.000009    -0.000000    -0.707113     0.707113 
      111         1     5.1628   1.000010    -0.000000     0.707114    -0.707114 
      112         1     5.5007   1.000012    -0.000000    -0.707116     0.707116 
      113         1     6.1284   1.000012     0.000000    -0.707116     0.707116 
      114         1     6.4585   1.000015     0.000000     0.707118    -0.707118 
      115         1     6.8275   1.000011    -0.000000     0.707115    -0.707115 
      116         1     7.0733   1.000014    -0.000000    -0.707117     0.707117 
      117         1     7.3459   1.000014    -0.000000    -0.707117     0.707117 
      118         1     7.4096   1.000014    -0.000000     0.707117    -0.707117 
      119         1     7.6497   1.000016    -0.000000     0.707118    -0.707118 
      120         1     7.7108   1.000016    -0.000000    -0.707118     0.707118 
      121         1     7.9210   1.000015     0.000000    -0.707118     0.707118 
      122         1     8.1476   1.000014     0.000000    -0.707116     0.707116 
      123         1     8.2844   1.000018    -0.000000     0.707119    -0.707119 
      124         1     8.3410   1.000014    -0.000000     0.707117    -0.707117 
      125         1     8.6614   1.000015    -0.000000     0.707118    -0.707118 
      126         1     8.7003   1.000016     0.000000    -0.707118     0.707118 
      127         1     9.1307   1.000012    -0.000000    -0.707115     0.707115 
      128         1     9.1904   1.000015    -0.000000     0.707117    -0.707117 
      129         1     9.4270   1.000016     0.000000     0.707118    -0.707118 
      130         1     9.4943   1.000014    -0.000000    -0.707116     0.707116 
      131         1     9.6345   1.000015     0.000000     0.707117    -0.707117 
      132         1     9.6641   1.000015    -0.000000    -0.707118     0.707118 
      133         1     9.8033   1.000017     0.000000    -0.707118     0.707118 
      134         1     9.8364   1.000017    -0.000000     0.707119    -0.707119 
      135         1    10.1242   1.000018     0.000000     0.707119    -0.707119 
      136         1    10.2540   1.000018    -0.000000    -0.707119     0.707119 
      137         1    10.5594   1.000016     0.000000    -0.707118     0.707118 
      138         1    10.6088   1.000016    -0.000000     0.707117    -0.707117 
      139         1    10.6922   1.000017    -0.000000    -0.707119     0.707119 
      140         1    10.8366   1.000019     0.000000     0.706328    -0.706328 
      141         1    10.8380   1.000023     0.000000    -0.706381     0.706381 
2 
 1  3 
        1         2   -25.4562   2.000068     0.000000     0.000001    -0.000003 
        3         2   -25.4510   2.000074     0.000000    -0.000007     0.000021 
        5         2   -25.4414   2.000076    -0.000000     0.000004    -0.000012 
        7         2   -25.4410   2.000070    -0.000000     0.000000    -0.000001 
        9         2   -25.4121   2.000069    -0.000000    -0.000002     0.000005 
       11         2   -25.4117   2.000073    -0.000000     0.000005    -0.000014 
       13         2   -25.3895   2.000081    -0.000000    -0.000001     0.000002 
       15         2   -25.3889   2.000075     0.000000    -0.000002     0.000005 
       17         2   -25.3842   2.000072    -0.000000    -0.000001     0.000002 
       19         2   -25.3835   2.000069     0.000000     0.000001    -0.000002 
       21         1   -12.8052   1.000011     0.000000     0.330283    -0.943894 
       22         1   -12.6366   1.000012     0.000000    -0.330283     0.943895 
       23         1   -11.7558   1.000012     0.000000    -0.330283     0.943895 
       24         1   -11.5294   1.000011    -0.000000     0.330283    -0.943894 
       25         1   -11.4507   1.000012    -0.000000     0.330283    -0.943894 
       26         1   -11.4151   1.000016     0.000000    -0.330284     0.943898 
       27         1   -11.1804   1.000012    -0.000000    -0.330283     0.943895 
       28         1   -11.1438   1.000015     0.000000     0.330284    -0.943898 
       29         1   -10.9554   1.000013    -0.000000    -0.330283     0.943895 
       30         1   -10.9045   1.000015    -0.000000     0.330284    -0.943897 
       31         1   -10.8156   1.000013     0.000000     0.330283    -0.943895 
       32         1   -10.8111   1.000011    -0.000000    -0.330283     0.943894 
       33         1    -6.4586   1.000013     0.000000    -0.330283     0.943896 
       34         1    -6.4461   1.000011    -0.000000     0.330283    -0.943894 
       35         1    -5.5001   1.000011    -0.000000     0.330283    -0.943894 
       36         1    -5.3808   1.000013    -0.000000    -0.330283     0.943895 
       37         1    -2.8414   1.000013    -0.000000     0.330283    -0.943896 
       38         1    -2.5798   1.000014    -0.000000    -0.330284     0.943896 
       39         1    -2.4636   1.000013     0.000000    -0.330283     0.943895 
       40         1    -2.3911   1.000016     0.000000     0.330284    -0.943899 
       41         1    -2.2375   1.000014    -0.000000     0.330284    -0.943897 
       42         1    -2.1319   1.000012     0.000000    -0.330283     0.943895 
       43         1    -1.9644   1.000017     0.000000     0.330285    -0.943900 
       44         1    -1.9436   1.000014     0.000000    -0.330284     0.943896 
       45         1    -1.6954   1.000009    -0.000000     0.330282    -0.943892 
       46         1    -1.5621   1.000008     0.000000    -0.330282     0.943891 
       47         1    -1.4389   1.000008    -0.000000    -0.330282     0.943891 
       48         1    -1.3140   1.000015     0.000000     0.330284    -0.943897 
       49         1    -1.2130   1.000008     0.000000    -0.330282     0.943891 
       50         1    -1.1447   1.000009     0.000000     0.330282    -0.943891 
       51         1    -1.0021   1.000009    -0.000000     0.330282    -0.943892 
       52         1    -0.9333   1.000010    -0.000000    -0.330282     0.943893 
       53         1    -0.8789   1.000010     0.000000    -0.330282     0.943892 
       54         1    -0.7705   1.000014    -0.000000     0.330284    -0.943896 
       55         1    -0.7323   1.000014    -0.000000     0.330284    -0.943897 
       56         1    -0.6834   1.000014     0.000000    -0.330284     0.943897 
       57         1    -0.6741   1.000015     0.000000    -0.330284     0.943897 
       58         1    -0.6734   1.000015     0.000000     0.330284    -0.943898 
       59         1    -0.6314   1.000013     0.000000     0.330283    -0.943896 
       60         1    -0.5798   1.000016     0.000000    -0.330284     0.943898 
       61         1    -0.5716   1.000013    -0.000000     0.330283    -0.943895 
       62         1    -0.5579   1.000014     0.000000    -0.330284     0.943897 
       63         1    -0.5562   1.000012    -0.000000     0.330283    -0.943895 
       64         1    -0.4674   1.000013     0.000000    -0.330283     0.943896 
       65         1    -0.4276   1.000014     0.000000     0.330284    -0.943896 
       66         1    -0.4100   1.000013     0.000000    -0.330283     0.943896 
       67         1    -0.3966   1.000016     0.000000     0.330284    -0.943898 
       68         1    -0.2755   1.000014    -0.000000    -0.330284     0.943897 
       69         1     0.4726   1.000026     0.000000    -0.330287     0.943907 
       70         1     0.5067   1.000028     0.000000     0.330288    -0.943910 
       71         1     0.5225   1.000031    -0.000000    -0.330289     0.943912 
       72         1     0.5561   1.000031    -0.000000     0.330289    -0.943912 
       73         1     0.5584   1.000033    -0.000000    -0.330290     0.943914 
       74         1     0.5757   1.000031     0.000000     0.330289    -0.943912 
       75         1     0.5929   1.000029     0.000000     0.330289    -0.943910 
       76         1     0.6121   1.000035    -0.000000    -0.330291     0.943916 
       77         1     0.6184   1.000029    -0.000000     0.330289    -0.943911 
       78         1     0.6229   1.000028    -0.000000    -0.330288     0.943910 
       79         1     0.6451   1.000031     0.000000     0.330289    -0.943911 
       80         1     0.6458   1.000030     0.000000    -0.330289     0.943910 
       81         1     0.6687   1.000031    -0.000000     0.330289    -0.943912 
       82         1     0.6778   1.000030     0.000000    -0.330289     0.943911 
       83         1     0.7089   1.000023    -0.000000     0.330287    -0.943905 
       84         1     0.7158   1.000026    -0.000000    -0.330288     0.943908 
       85         1     0.8394   1.000024    -0.000000     0.330287    -0.943905 
       86         1     0.9567   1.000022     0.000000     0.330286    -0.943904 
       87         1     0.9611   1.000020     0.000000    -0.330286     0.943902 
       88         1     1.0498   1.000018     0.000000    -0.330285     0.943900 
       89         1     1.0818   1.000019     0.000000    -0.330285     0.943901 
       90         1     1.1707   1.000017     0.000000     0.330285    -0.943899 
       91         1     1.2505   1.000020     0.000000     0.330286    -0.943902 
       92         1     1.2947   1.000026    -0.000000    -0.330288     0.943908 
       93         1     1.3462   1.000021    -0.000000     0.330286    -0.943903 
       94         1     1.3623   1.000019     0.000000    -0.330285     0.943901 
       95         1     1.5064   1.000018     0.000000    -0.330285     0.943900 
       96         1     1.6516   1.000018    -0.000000     0.330285    -0.943900 
       97         1     1.8256   1.000018     0.000000    -0.330285     0.943900 
       98         1     1.8392   1.000016     0.000000     0.330284    -0.943899 
       99         1     1.9231   1.000014     0.000000    -0.330284     0.943896 
      100         1     2.0803   1.000015    -0.000000     0.330284    -0.943897 
      101         1     2.2028   1.000013    -0.000000    -0.330283     0.943896 
      102         1     2.3445   1.000016    -0.000000     0.330284    -0.943898 
      103         1     2.5085   1.000013    -0.000000    -0.330283     0.943895 
      104         1     2.6364   1.000014     0.000000     0.330284    -0.943896 
      105         1     2.9312   1.000012    -0.000000    -0.330283     0.943894 
      106         1     3.1199   1.000011    -0.000000     0.330283    -0.943894 
      107         1     3.1431   1.000010    -0.000000    -0.330282     0.943893 
      108         1     3.3741   1.000011    -0.000000     0.330283    -0.943893 
      109         1     4.6747   1.000011     0.000000     0.330283    -0.943894 
      110         1     4.7140   1.000012     0.000000    -0.330283     0.943894 
      111         1     5.3389   1.000012     0.000000     0.330283    -0.943895 
      112         1     5.5747   1.000013     0.000000    -0.330283     0.943896 
      113         1     6.2342   1.000014    -0.000000    -0.330284     0.943896 
      114         1     6.6721   1.000010     0.000000     0.330283    -0.943893 
      115         1     6.9277   1.000014     0.000000     0.330284    -0.943897 
      116         1     6.9490   1.000015     0.000000    -0.330284     0.943898 
      117         1     7.4133   1.000015     0.000000     0.330284    -0.943898 
      118         1     7.4157   1.000015     0.000000    -0.330284     0.943897 
      119         1     7.6154   1.000013     0.000000    -0.330283     0.943895 
      120         1     7.7419   1.000013     0.000000     0.330283    -0.943896 
      121         1     7.7705   1.000014     0.000000    -0.330284     0.943896 
      122         1     7.9445   1.000014    -0.000000    -0.330284     0.943896 
      123         1     8.1838   1.000014     0.000000     0.330284    -0.943897 
      124         1     8.4200   1.000013    -0.000000     0.330283    -0.943896 
      125         1     8.5522   1.000012    -0.000000     0.330283    -0.943894 
      126         1     8.7663   1.000016    -0.000000    -0.330284     0.943899 
      127         1     9.2005   1.000014     0.000000    -0.330284     0.943896 
      128         1     9.2666   1.000015     0.000000     0.330284    -0.943898 
      129         1     9.4642   1.000018     0.000000     0.330285    -0.943900 
      130         1     9.5631   1.000014     0.000000    -0.330284     0.943896 
      131         1     9.6588   1.000014     0.000000     0.330284    -0.943896 
      132         1     9.8041   1.000017    -0.000000    -0.330284     0.943899 
      133         1     9.8046   1.000015     0.000000     0.330284    -0.943897 
      134         1    10.0818   1.000015    -0.000000    -0.330284     0.943898 
      135         1    10.1184   1.000013    -0.000000     0.330283    -0.943896 
      136         1    10.3374   1.000016    -0.000000    -0.330284     0.943899 
      137         1    10.4689   1.000014     0.000000    -0.330284     0.943896 
      138         1    10.5459   1.000014     0.000000     0.330284    -0.943896 
      139         1    10.7122   1.000016    -0.000000     0.330282    -0.943893 
      140         1    10.7984   1.000018     0.000000    -0.330269     0.943855 
      141         1    11.0744   1.000027     0.000000    -0.198218     0.566473 
2 
 1  3 
        1         2   -25.4562   2.000068    -0.000000    -0.000001    -0.000005 
        3         2   -25.4510   2.000076    -0.000000     0.000003     0.000025 
        5         2   -25.4414   2.000068     0.000000    -0.000001    -0.000010 
        7         2   -25.4410   2.000072     0.000000     0.000000     0.000001 
        9         2   -25.4121   2.000071    -0.000000     0.000000     0.000003 
       11         2   -25.4117   2.000079     0.000000    -0.000002    -0.000017 
       13         2   -25.3895   2.000101     0.000000     0.000001     0.000009 
       15         2   -25.3889   2.000095     0.000000     0.000002     0.000018 
       17         2   -25.3842   2.000085    -0.000000    -0.000001    -0.000005 
       19         2   -25.3835   2.000069    -0.000000    -0.000001    -0.000007 
       21         1   -12.7275   1.000011     0.000000    -0.111966    -0.993723 
       22         1   -12.5992   1.000013    -0.000000     0.111966     0.993725 
       23         1   -11.7041   1.000012    -0.000000     0.111966     0.993724 
       24         1   -11.5263   1.000013    -0.000000    -0.111966    -0.993725 
       25         1   -11.4534   1.000012    -0.000000    -0.111966    -0.993724 
       26         1   -11.4122   1.000014    -0.000000     0.111966     0.993726 
       27         1   -11.2705   1.000013    -0.000000     0.111966     0.993725 
       28         1   -11.2146   1.000015     0.000000    -0.111966    -0.993728 
       29         1   -10.9558   1.000013     0.000000     0.111966     0.993726 
       30         1   -10.9441   1.000014    -0.000000    -0.111966    -0.993726 
       31         1   -10.8743   1.000012     0.000000    -0.111966    -0.993724 
       32         1   -10.8728   1.000014     0.000000     0.111966     0.993726 
       33         1    -6.4099   1.000010    -0.000000     0.111966     0.993723 
       34         1    -6.4049   1.000013    -0.000000    -0.111966    -0.993725 
       35         1    -5.3717   1.000013     0.000000    -0.111966    -0.993725 
       36         1    -5.2661   1.000013    -0.000000     0.111966     0.993726 
       37         1    -2.7529   1.000014    -0.000000    -0.111966    -0.993726 
       38         1    -2.5189   1.000016     0.000000     0.111966     0.993728 
       39         1    -2.3899   1.000015     0.000000    -0.111966    -0.993727 
       40         1    -2.3580   1.000016    -0.000000     0.111966     0.993728 
       41         1    -2.2517   1.000014     0.000000    -0.111966    -0.993726 
       42         1    -2.2230   1.000013     0.000000     0.111966     0.993725 
       43         1    -1.8307   1.000011    -0.000000    -0.111966    -0.993723 
       44         1    -1.8202   1.000014     0.000000     0.111966     0.993726 
       45         1    -1.6352   1.000008    -0.000000     0.111965     0.993720 
       46         1    -1.5499   1.000008     0.000000     0.111965     0.993720 
       47         1    -1.5248   1.000010    -0.000000    -0.111966    -0.993722 
       48         1    -1.3352   1.000009    -0.000000    -0.111966    -0.993722 
       49         1    -1.3232   1.000016    -0.000000     0.111966     0.993728 
       50         1    -1.0449   1.000010    -0.000000    -0.111966    -0.993722 
       51         1    -0.9766   1.000010     0.000000    -0.111966    -0.993722 
       52         1    -0.9228   1.000010    -0.000000    -0.111966    -0.993723 
       53         1    -0.8495   1.000011    -0.000000     0.111966     0.993723 
       54         1    -0.8173   1.000011     0.000000     0.111966     0.993723 
       55         1    -0.8153   1.000012     0.000000    -0.111966    -0.993724 
       56         1    -0.7312   1.000013    -0.000000    -0.111966    -0.993725 
       57         1    -0.7057   1.000013    -0.000000     0.111966     0.993725 
       58         1    -0.6774   1.000015     0.000000     0.111966     0.993727 
       59         1    -0.6218   1.000015    -0.000000    -0.111966    -0.993727 
       60         1    -0.6088   1.000012    -0.000000     0.111966     0.993724 
       61         1    -0.5865   1.000015    -0.000000    -0.111966    -0.993727 
       62         1    -0.5554   1.000012     0.000000    -0.111966    -0.993724 
       63         1    -0.5512   1.000015    -0.000000     0.111966     0.993727 
       64         1    -0.5247   1.000013    -0.000000     0.111966     0.993725 
       65         1    -0.4500   1.000014    -0.000000    -0.111966    -0.993726 
       66         1    -0.4087   1.000012    -0.000000     0.111966     0.993724 
       67         1    -0.3871   1.000014     0.000000    -0.111966    -0.993726 
       68         1    -0.3102   1.000014     0.000000     0.111966     0.993726 
       69         1     0.4715   1.000029     0.000000     0.111968     0.993741 
       70         1     0.4943   1.000030     0.000000    -0.111968    -0.993741 
       71         1     0.5222   1.000031    -0.000000     0.111968     0.993742 
       72         1     0.5423   1.000028    -0.000000    -0.111968    -0.993740 
       73         1     0.5532   1.000033     0.000000    -0.111968    -0.993744 
       74         1     0.5808   1.000030    -0.000000     0.111968     0.993742 
       75         1     0.5850   1.000031     0.000000    -0.111968    -0.993743 
       76         1     0.6100   1.000034     0.000000    -0.111968    -0.993746 
       77         1     0.6252   1.000032     0.000000     0.111968     0.993743 
       78         1     0.6410   1.000031     0.000000     0.111968     0.993742 
       79         1     0.6420   1.000030    -0.000000    -0.111968    -0.993741 
       80         1     0.6598   1.000030     0.000000     0.111968     0.993742 
       81         1     0.6731   1.000032     0.000000    -0.111968    -0.993744 
       82         1     0.6861   1.000027    -0.000000     0.111967     0.993738 
       83         1     0.7010   1.000025    -0.000000    -0.111967    -0.993737 
       84         1     0.7304   1.000027    -0.000000     0.111968     0.993739 
       85         1     0.8798   1.000025     0.000000     0.111967     0.993737 
       86         1     0.9167   1.000020     0.000000    -0.111967    -0.993731 
       87         1     0.9690   1.000019     0.000000     0.111967     0.993731 
       88         1     1.0443   1.000023     0.000000    -0.111967    -0.993735 
       89         1     1.0966   1.000018    -0.000000     0.111967     0.993730 
       90         1     1.2195   1.000020     0.000000    -0.111967    -0.993732 
       91         1     1.2530   1.000016    -0.000000     0.111966     0.993728 
       92         1     1.3250   1.000019     0.000000    -0.111967    -0.993731 
       93         1     1.3450   1.000022     0.000000     0.111967     0.993734 
       94         1     1.4049   1.000019     0.000000    -0.111967    -0.993731 
       95         1     1.4428   1.000016    -0.000000    -0.111966    -0.993728 
       96         1     1.5327   1.000020     0.000000     0.111967     0.993732 
       97         1     1.6652   1.000021    -0.000000    -0.111967    -0.993733 
       98         1     1.7442   1.000016     0.000000     0.111966     0.993728 
       99         1     1.9981   1.000017    -0.000000     0.111966     0.993729 
      100         1     2.0069   1.000014     0.000000    -0.111966    -0.993726 
      101         1     2.0900   1.000014     0.000000    -0.111966    -0.993726 
      102         1     2.2278   1.000015     0.000000     0.111966     0.993727 
      103         1     2.3253   1.000012    -0.000000    -0.111966    -0.993724 
      104         1     2.5105   1.000012     0.000000     0.111966     0.993724 
      105         1     2.7844   1.000013     0.000000     0.111966     0.993725 
      106         1     2.8890   1.000015    -0.000000    -0.111966    -0.993727 
      107         1     2.9756   1.000013    -0.000000     0.111966     0.993725 
      108         1     3.2877   1.000013    -0.000000    -0.111966    -0.993726 
      109         1     4.8437   1.000014     0.000000     0.111966     0.993726 
      110         1     4.9624   1.000009     0.000000    -0.111966    -0.993722 
      111         1     5.6207   1.000012     0.000000     0.111966     0.993724 
      112         1     5.6794   1.000010     0.000000    -0.111966    -0.993722 
      113         1     6.6432   1.000012     0.000000     0.111966     0.993724 
      114         1     6.8587   1.000014    -0.000000     0.111966     0.993727 
      115         1     6.9908   1.000013     0.000000    -0.111966    -0.993725 
      116         1     7.1156   1.000014    -0.000000    -0.111966    -0.993726 
      117         1     7.1736   1.000012     0.000000     0.111966     0.993724 
      118         1     7.3966   1.000014     0.000000    -0.111966    -0.993726 
      119         1     7.4027   1.000015    -0.000000     0.111966     0.993727 
      120         1     7.7754   1.000013    -0.000000     0.111966     0.993725 
      121         1     7.8819   1.000014     0.000000    -0.111966    -0.993726 
      122         1     7.9245   1.000011     0.000000     0.111966     0.993723 
      123         1     7.9918   1.000011     0.000000    -0.111966    -0.993723 
      124         1     8.3335   1.000012     0.000000    -0.111966    -0.993725 
      125         1     8.7366   1.000015     0.000000    -0.111966    -0.993727 
      126         1     9.0054   1.000013     0.000000     0.111966     0.993725 
      127         1     9.2206   1.000016    -0.000000     0.111966     0.993728 
      128         1     9.2692   1.000015    -0.000000    -0.111966    -0.993727 
      129         1     9.5250   1.000014     0.000000    -0.111966    -0.993726 
      130         1     9.6116   1.000016    -0.000000     0.111966     0.993728 
      131         1     9.7783   1.000013     0.000000    -0.111966    -0.993725 
      132         1     9.9247   1.000015     0.000000    -0.111966    -0.993728 
      133         1    10.0805   1.000015     0.000000     0.111966     0.993727 
      134         1    10.1189   1.000017    -0.000000    -0.111966    -0.993729 
      135         1    10.3267   1.000017     0.000000     0.111966     0.993729 
      136         1    10.3925   1.000012     0.000000    -0.111966    -0.993724 
      137         1    10.5459   1.000014    -0.000000     0.111966     0.993726 
      138         1    10.6072   1.000015    -0.000000    -0.111966    -0.993727 
      139         1    10.6871   1.000016     0.000000     0.111965     0.993717 
      140         1    10.9316   1.000018    -0.000000    -0.111953    -0.993613 
      141         1    10.9631   1.000021    -0.000000     0.111729     0.991624 
2 
 1  3 
        1         2   -25.4562   2.000070    -0.000000    -0.000003    -0.000004 
        3         2   -25.4510   2.000093     0.000000     0.000007     0.000011 
        5         2   -25.4414   2.000105    -0.000000    -0.000005    -0.000007 
        7         2   -25.4410   2.000089     0.000000     0.000002     0.000003 
        9         2   -25.4121   2.000103    -0.000000     0.000009     0.000014 
       11         2   -25.4117   2.000090     0.000000    -0.000003    -0.000005 
       13         2   -25.3895   2.000095     0.000000    -0.000001    -0.000001 
       15         2   -25.3889   2.000112    -0.000000     0.000005     0.000008 
       17         2   -25.3842   2.000102    -0.000000     0.000001     0.000002 
       19         2   -25.3835   2.000083     0.000000    -0.000004    -0.000007 
       21         1   -12.6368   1.000013     0.000000    -0.532039    -0.846735 
       22         1   -12.5865   1.000013    -0.000000     0.532039     0.846735 
       23         1   -11.6428   1.000012     0.000000     0.532038     0.846734 
       24         1   -11.5768   1.000012    -0.000000    -0.532038    -0.846734 
       25         1   -11.4344   1.000014     0.000000    -0.532040    -0.846736 
       26         1   -11.4177   1.000015    -0.000000     0.532040     0.846737 
       27         1   -11.3143   1.000014     0.000000     0.532040     0.846736 
       28         1   -11.2831   1.000015     0.000000    -0.532040    -0.846736 
       29         1   -10.9730   1.000012     0.000000    -0.532038    -0.846734 
       30         1   -10.9625   1.000013     0.000000     0.532039     0.846735 
       31         1   -10.9258   1.000014     0.000000     0.532039     0.846736 
       32         1   -10.9187   1.000014     0.000000    -0.532039    -0.846736 
       33         1    -6.3717   1.000014     0.000000     0.532039     0.846736 
       34         1    -6.3710   1.000014     0.000000    -0.532040    -0.846736 
       35         1    -5.2482   1.000012     0.000000    -0.532039    -0.846735 
       36         1    -5.2034   1.000013     0.000000     0.532039     0.846735 
       37         1    -2.6424   1.000013    -0.000000    -0.532039    -0.846735 
       38         1    -2.5491   1.000013     0.000000     0.532039     0.846735 
       39         1    -2.3791   1.000016     0.000000    -0.532040    -0.846737 
       40         1    -2.3353   1.000015     0.000000     0.532040     0.846737 
       41         1    -2.1507   1.000014    -0.000000    -0.532040    -0.846736 
       42         1    -2.1149   1.000016     0.000000     0.532041     0.846738 
       43         1    -1.7259   1.000008    -0.000000     0.532037     0.846731 
       44         1    -1.6865   1.000010     0.000000    -0.532037    -0.846732 
       45         1    -1.6419   1.000014    -0.000000     0.532039     0.846736 
       46         1    -1.5711   1.000008     0.000000     0.532036     0.846731 
       47         1    -1.5340   1.000007    -0.000000    -0.532036    -0.846730 
       48         1    -1.4010   1.000008     0.000000    -0.532036    -0.846731 
       49         1    -1.3295   1.000007     0.000000     0.532036     0.846730 
       50         1    -1.2179   1.000009    -0.000000    -0.532037    -0.846732 
       51         1    -1.0895   1.000010    -0.000000    -0.532037    -0.846733 
       52         1    -0.9739   1.000009    -0.000000     0.532037     0.846732 
       53         1    -0.9000   1.000008     0.000000    -0.532036    -0.846731 
       54         1    -0.8385   1.000010    -0.000000     0.532038     0.846733 
       55         1    -0.8084   1.000011     0.000000    -0.532038    -0.846734 
       56         1    -0.7213   1.000013     0.000000     0.532039     0.846735 
       57         1    -0.6801   1.000016    -0.000000    -0.532040    -0.846737 
       58         1    -0.6760   1.000016    -0.000000     0.532040     0.846737 
       59         1    -0.6184   1.000012     0.000000    -0.532039    -0.846735 
       60         1    -0.6139   1.000014    -0.000000     0.532039     0.846736 
       61         1    -0.5821   1.000012     0.000000     0.532039     0.846734 
       62         1    -0.5755   1.000013    -0.000000    -0.532039    -0.846735 
       63         1    -0.5510   1.000015    -0.000000    -0.532040    -0.846737 
       64         1    -0.5299   1.000016    -0.000000     0.532041     0.846738 
       65         1    -0.4546   1.000015     0.000000    -0.532040    -0.846737 
       66         1    -0.4287   1.000015    -0.000000     0.532040     0.846737 
       67         1    -0.3611   1.000014     0.000000    -0.532039    -0.846736 
       68         1    -0.3374   1.000015    -0.000000     0.532040     0.846737 
       69         1     0.4871   1.000034    -0.000000     0.532050     0.846752 
       70         1     0.4953   1.000031     0.000000    -0.532048    -0.846750 
       71         1     0.5205   1.000032    -0.000000     0.532049     0.846750 
       72         1     0.5321   1.000029    -0.000000    -0.532047    -0.846748 
       73         1     0.5525   1.000027     0.000000    -0.532046    -0.846747 
       74         1     0.5849   1.000029    -0.000000     0.532048     0.846749 
       75         1     0.6003   1.000030    -0.000000    -0.532048    -0.846749 
       76         1     0.6175   1.000031     0.000000     0.532049     0.846750 
       77         1     0.6322   1.000028    -0.000000    -0.532047    -0.846748 
       78         1     0.6468   1.000031     0.000000    -0.532048    -0.846750 
       79         1     0.6518   1.000029     0.000000     0.532047     0.846748 
       80         1     0.6598   1.000030    -0.000000     0.532048     0.846749 
       81         1     0.6952   1.000027     0.000000    -0.532046    -0.846747 
       82         1     0.6989   1.000027     0.000000     0.532047     0.846747 
       83         1     0.7114   1.000027     0.000000    -0.532046    -0.846747 
       84         1     0.7518   1.000024     0.000000     0.532045     0.846745 
       85         1     0.8383   1.000020     0.000000     0.532042     0.846740 
       86         1     0.8853   1.000021     0.000000    -0.532043    -0.846742 
       87         1     0.9504   1.000019    -0.000000     0.532042     0.846740 
       88         1     1.0625   1.000020    -0.000000     0.532042     0.846740 
       89         1     1.0805   1.000018     0.000000    -0.532041    -0.846739 
       90         1     1.1444   1.000020     0.000000    -0.532042    -0.846740 
       91         1     1.2762   1.000016    -0.000000    -0.532041    -0.846738 
       92         1     1.3030   1.000021     0.000000     0.532043     0.846742 
       93         1     1.3751   1.000019     0.000000    -0.532042    -0.846740 
       94         1     1.4011   1.000017     0.000000     0.532041     0.846739 
       95         1     1.5005   1.000022     0.000000     0.532044     0.846743 
       96         1     1.5515   1.000020     0.000000    -0.532043    -0.846741 
       97         1     1.6340   1.000020    -0.000000    -0.532043    -0.846741 
       98         1     1.6611   1.000018    -0.000000     0.532042     0.846739 
       99         1     1.7784   1.000016    -0.000000    -0.532041    -0.846738 
      100         1     1.9252   1.000018    -0.000000     0.532042     0.846739 
      101         1     2.1056   1.000016    -0.000000    -0.532041    -0.846738 
      102         1     2.1901   1.000016    -0.000000     0.532041     0.846738 
      103         1     2.2297   1.000014     0.000000    -0.532040    -0.846736 
      104         1     2.3116   1.000014     0.000000     0.532039     0.846736 
      105         1     2.7135   1.000014    -0.000000     0.532040     0.846736 
      106         1     2.7510   1.000013     0.000000    -0.532039    -0.846735 
      107         1     3.0541   1.000013     0.000000     0.532039     0.846735 
      108         1     3.1617   1.000011     0.000000    -0.532038    -0.846734 
      109         1     4.9662   1.000012    -0.000000     0.532038     0.846734 
      110         1     5.0418   1.000012     0.000000    -0.532039    -0.846735 
      111         1     5.6910   1.000012     0.000000     0.532039     0.846735 
      112         1     5.7924   1.000012    -0.000000    -0.532038    -0.846734 
      113         1     6.7399   1.000014     0.000000     0.532039     0.846736 
      114         1     6.8835   1.000013    -0.000000    -0.532039    -0.846736 
      115         1     7.0187   1.000014    -0.000000     0.532039     0.846736 
      116         1     7.0979   1.000014     0.000000    -0.532040    -0.846736 
      117         1     7.2568   1.000016     0.000000     0.532040     0.846737 
      118         1     7.3745   1.000015     0.000000     0.532040     0.846737 
      119         1     7.4522   1.000016    -0.000000    -0.532041    -0.846738 
      120         1     7.6555   1.000010     0.000000    -0.532037    -0.846732 
      121         1     7.9227   1.000014     0.000000     0.532040     0.846736 
      122         1     8.0345   1.000014    -0.000000    -0.532040    -0.846736 
      123         1     8.1918   1.000011     0.000000     0.532038     0.846734 
      124         1     8.3176   1.000014     0.000000    -0.532040    -0.846736 
      125         1     9.1232   1.000015    -0.000000    -0.532040    -0.846737 
      126         1     9.1620   1.000016    -0.000000     0.532041     0.846738 
      127         1     9.3511   1.000014    -0.000000     0.532039     0.846736 
      128         1     9.3543   1.000013    -0.000000    -0.532039    -0.846735 
      129         1     9.6207   1.000014    -0.000000    -0.532039    -0.846736 
      130         1     9.7441   1.000013     0.000000     0.532039     0.846735 
      131         1     9.8045   1.000014     0.000000    -0.532040    -0.846736 
      132         1    10.0444   1.000017    -0.000000    -0.532041    -0.846739 
      133         1    10.0548   1.000014     0.000000     0.532039     0.846736 
      134         1    10.2476   1.000016     0.000000     0.532041     0.846738 
      135         1    10.2738   1.000013     0.000000    -0.532039    -0.846735 
      136         1    10.4947   1.000018    -0.000000    -0.532041    -0.846738 
      137         1    10.5108   1.000015    -0.000000     0.532040     0.846737 
      138         1    10.5835   1.000018    -0.000000     0.532041     0.846739 
      139         1    10.6249   1.000014    -0.000000    -0.532039    -0.846735 
      140         1    10.8189   1.000017    -0.000000     0.531898     0.846511 
      141         1    10.8516   1.000018     0.000000    -0.531948    -0.846590 
4 
 1  2  3  4 
        1         2   -25.4562   2.000098     0.000000    -0.000002    -0.000000    -0.000000     0.000000     0.000000    -0.000000 
        3         2   -25.4510   2.000088     0.000000    -0.000001     0.000000     0.000000     0.000000    -0.000000     0.000000 
        5         2   -25.4414   2.000096     0.000000    -0.000121    -0.000000    -0.000000     0.000000    -0.000006    -0.000000 
        7         2   -25.4410   2.000091    -0.000000     0.000114     0.000000    -0.000000    -0.000000     0.000006    -0.000000 
        9         2   -25.4121   2.000108    -0.000000     0.000210    -0.000000     0.000000     0.000000    -0.000017     0.000000 
       11         2   -25.4117   2.000092     0.000000    -0.000207    -0.000000    -0.000000    -0.000000     0.000017    -0.000000 
       13         2   -25.3895   2.000105     0.000000    -0.000079     0.000000     0.000000     0.000000    -0.000000    -0.000000 
       15         2   -25.3889   2.000105    -0.000000     0.000073    -0.000000    -0.000000     0.000000     0.000000     0.000000 
       17         2   -25.3842   2.000107     0.000000     0.000063    -0.000000     0.000000    -0.000000    -0.000002    -0.000000 
       19         2   -25.3835   2.000103    -0.000000    -0.000063     0.000000     0.000000     0.000000     0.000002    -0.000000 
       21         2   -12.7545   2.000034     0.000000     0.000000     0.000000     0.000000    -0.000000    -0.000000    -0.000000 
       23         2   -11.6240   2.000043     0.000000     0.000000     0.000000     0.000000     0.000000     0.000000    -0.000000 
       25         2   -11.4689   2.000051     0.000000    -0.000000    -0.000000     0.000000     0.000000     0.000000    -0.000000 
       27         2   -11.1098   2.000047     0.000000    -0.000000     0.000000    -0.000000    -0.000000     0.000000     0.000000 
       29         2   -10.9330   2.000044     0.000000     0.000000    -0.000000    -0.000000    -0.000000     0.000000     0.000000 
       31         2   -10.7770   2.000053     0.000000     0.000000     0.000000    -0.000000    -0.000000    -0.000000    -0.000000 
       33         2    -6.4737   2.000040     0.000000    -0.000000    -0.000000    -0.000000    -0.000000     0.000000    -0.000000 
       35         2    -5.4964   2.000048    -0.000000    -0.000000    -0.000000    -0.000000     0.000000     0.000001     0.000000 
       37         2    -2.7863   2.000065     0.000000    -0.000000    -0.000000     0.000000    -0.000000     0.000000    -0.000000 
       39         2    -2.4954   2.000055    -0.000000     0.000000     0.000000     0.000000    -0.000000     0.000000     0.000000 
       41         2    -2.1037   2.000050     0.000000     0.000000    -0.000000     0.000000     0.000000    -0.000000     0.000000 
       43         2    -1.8333   2.000024     0.000000    -0.000000     0.000000     0.000000    -0.000000     0.000000    -0.000000 
       45         2    -1.7530   2.000065    -0.000000     0.000000    -0.000000    -0.000000     0.000000     0.000000     0.000000 
       47         2    -1.4197   2.000027     0.000000    -0.000000     0.000000     0.000000    -0.000000     0.000001     0.000000 
       49         2    -1.0961   2.000031    -0.000000    -0.000000     0.000000     0.000000    -0.000000    -0.000000     0.000000 
       51         2    -0.9700   2.000044     0.000000     0.000000    -0.000000     0.000000    -0.000000     0.000000    -0.000000 
       53         2    -0.7961   2.000034    -0.000000    -0.000000     0.000000    -0.000000     0.000000    -0.000000    -0.000000 
       55         2    -0.7015   2.000046     0.000000    -0.000001     0.000000    -0.000000    -0.000000    -0.000001     0.000000 
       57         2    -0.6809   2.000040    -0.000000     0.000001     0.000000     0.000000     0.000000    -0.000001    -0.000000 
       59         2    -0.6320   2.000055    -0.000000    -0.000001    -0.000000     0.000000    -0.000000     0.000002     0.000000 
       61         2    -0.5662   2.000042     0.000000     0.000001    -0.000000    -0.000000    -0.000000     0.000001     0.000000 
       63         2    -0.4843   2.000040    -0.000000    -0.000001     0.000000     0.000000     0.000000     0.000000     0.000000 
       65         2    -0.4340   2.000051    -0.000000     0.000001    -0.000000    -0.000000    -0.000000     0.000001    -0.000000 
       67         2    -0.3283   2.000036    -0.000000    -0.000001    -0.000000     0.000000    -0.000000    -0.000000    -0.000000 
       69         2     0.4876   2.000080     0.000000     0.000000     0.000000    -0.000000    -0.000000     0.000003    -0.000000 
       71         2     0.5273   2.000081     0.000000    -0.000001     0.000000     0.000000    -0.000000    -0.000001    -0.000000 
       73         2     0.5537   2.000088    -0.000000    -0.000002    -0.000000     0.000000    -0.000000    -0.000002    -0.000000 
       75         2     0.6004   2.000083     0.000000    -0.000000     0.000000     0.000000    -0.000000    -0.000002     0.000000 
       77         2     0.6238   2.000086     0.000000    -0.000001     0.000000    -0.000000    -0.000000     0.000001    -0.000000 
       79         2     0.6416   2.000090     0.000000    -0.000000    -0.000000    -0.000000     0.000000     0.000000    -0.000000 
       81         2     0.6662   2.000070    -0.000000    -0.000001     0.000000     0.000000    -0.000000     0.000000    -0.000000 
       83         2     0.7032   2.000083    -0.000000    -0.000001    -0.000000    -0.000000    -0.000000    -0.000002    -0.000000 
       85         2     0.9187   2.000062     0.000000     0.000000    -0.000000    -0.000000    -0.000000     0.000000     0.000000 
       87         2     1.0001   2.000055     0.000000     0.000000     0.000000     0.000000    -0.000000    -0.000000     0.000000 
       89         2     1.1676   2.000054    -0.000000    -0.000001    -0.000000    -0.000000    -0.000000     0.000002     0.000000 
       91         2     1.2011   2.000058    -0.000000     0.000002    -0.000000    -0.000000    -0.000000     0.000001    -0.000000 
       93         2     1.5785   2.000045    -0.000000     0.000000    -0.000000     0.000000    -0.000000     0.000000    -0.000000 
       95         2     1.6713   2.000047    -0.000000    -0.000001    -0.000000    -0.000000    -0.000000    -0.000000     0.000000 
       97         2     1.7312   2.000044    -0.000000     0.000000    -0.000000    -0.000000    -0.000000     0.000000     0.000000 
       99         2     2.0464   2.000036    -0.000000    -0.000000     0.000000    -0.000000     0.000000    -0.000000    -0.000000 
      101         2     2.2007   2.000029     0.000000    -0.000000    -0.000000    -0.000000    -0.000000    -0.000000     0.000000 
      103         2     2.5047   2.000034    -0.000000    -0.000000     0.000000     0.000000    -0.000000     0.000000     0.000000 
      105         2     3.0260   2.000040     0.000000     0.000000    -0.000000     0.000000    -0.000000    -0.000000     0.000000 
      107         2     3.3764   2.000046    -0.000000     0.000000     0.000000    -0.000000    -0.000000     0.000000    -0.000000 
      109         2     4.7052   2.000044     0.000000     0.000000     0.000000     0.000000    -0.000000    -0.000000     0.000000 
      111         2     5.3895   2.000039     0.000000     0.000000     0.000000     0.000000    -0.000000     0.000000     0.000000 
      113         2     6.4125   2.000049    -0.000000     0.000000    -0.000000    -0.000000    -0.000000     0.000001     0.000000 
      115         2     6.9879   2.000043    -0.000000     0.000000     0.000000     0.000000    -0.000000     0.000000     0.000000 
      117         2     7.3877   2.000052    -0.000000     0.000000    -0.000000     0.000000     0.000000     0.000000     0.000000 
      119         2     7.7032   2.000065     0.000000    -0.000000     0.000000    -0.000000    -0.000000     0.000000     0.000000 
      121         2     8.0702   2.000053     0.000000     0.000000     0.000000    -0.000000     0.000000    -0.000000     0.000000 
      123         2     8.2741   2.000040     0.000000    -0.000000    -0.000000     0.000000    -0.000000     0.000000    -0.000000 
      125         2     8.6313   2.000051    -0.000000    -0.000000     0.000000     0.000000    -0.000000     0.000000    -0.000000 
      127         2     9.1557   2.000060     0.000000     0.000000     0.000000    -0.000000    -0.000000    -0.000001    -0.000000 
      129         2     9.4287   2.000055     0.000000    -0.000000     0.000000     0.000000     0.000000     0.000000    -0.000000 
      131         2     9.6114   2.000056    -0.000000     0.000000     0.000000     0.000000    -0.000000     0.000000    -0.000000 
      133         2     9.8411   2.000059     0.000000     0.000000     0.000000     0.000000     0.000000    -0.000000     0.000000 
      135         2    10.2725   2.000056    -0.000000     0.000000     0.000000     0.000000    -0.000001    -0.000001     0.000000 
      137         2    10.4395   2.000032     0.000000     0.000000    -0.000000    -0.000000     0.000000    -0.000001    -0.000000 
      139         2    10.6008   2.000055     0.000000     0.000006     0.000000     0.000000    -0.000012    -0.000005     0.000000 
      141         1    11.0194   1.000029     0.000000     0.130372     0.000000    -0.000000     0.711646    -0.690360     0.000000 
4 
 1  2  3  4 
        1         2   -25.4562   2.000094     0.000000    -0.000001    -0.000000    -0.000000    -0.000000     0.000000    -0.000000 
        3         2   -25.4510   2.000093    -0.000000     0.000002    -0.000000     0.000000     0.000000    -0.000000     0.000000 
        5         2   -25.4414   2.000099     0.000000    -0.000120    -0.000000    -0.000001    -0.000003    -0.000004     0.000002 
        7         2   -25.4410   2.000085     0.000000     0.000121    -0.000000     0.000001     0.000003     0.000004    -0.000002 
        9         2   -25.4121   2.000105    -0.000000     0.000214    -0.000000    -0.000000    -0.000001    -0.000020     0.000009 
       11         2   -25.4117   2.000096     0.000000    -0.000210     0.000000     0.000000     0.000001     0.000019    -0.000009 
       13         2   -25.3895   2.000107    -0.000000    -0.000074    -0.000000     0.000000     0.000000     0.000000    -0.000000 
       15         2   -25.3889   2.000112    -0.000000     0.000073     0.000000    -0.000000    -0.000001    -0.000000     0.000000 
       17         2   -25.3842   2.000102    -0.000000     0.000063    -0.000000    -0.000000    -0.000001    -0.000001     0.000001 
       19         2   -25.3835   2.000100    -0.000000    -0.000065    -0.000000     0.000000     0.000001     0.000002    -0.000001 
       21         2   -12.7295   2.000039     0.000000    -0.000000    -0.000000    -0.000000    -0.000000     0.000000    -0.000000 
       23         2   -11.6181   2.000049    -0.000000    -0.000000     0.000000     0.000000     0.000000    -0.000000     0.000000 
       25         2   -11.4626   2.000045     0.000000     0.000000     0.000000    -0.000000     0.000000    -0.000000     0.000000 
       27         2   -11.1439   2.000041    -0.000000     0.000000     0.000000    -0.000000    -0.000000    -0.000000     0.000000 
       29         2   -10.9442   2.000044    -0.000000     0.000000     0.000000    -0.000000    -0.000000     0.000001    -0.000000 
       31         2   -10.8033   2.000052    -0.000000    -0.000000     0.000000     0.000000     0.000000    -0.000000     0.000000 
       33         2    -6.4532   2.000044     0.000000    -0.000000     0.000000     0.000000    -0.000000    -0.000000     0.000000 
       35         2    -5.4421   2.000050     0.000000    -0.000000     0.000000    -0.000000    -0.000000     0.000000    -0.000000 
       37         2    -2.7509   2.000065     0.000000    -0.000000    -0.000000     0.000000     0.000000    -0.000000     0.000000 
       39         2    -2.4704   2.000057     0.000000    -0.000000     0.000000     0.000000     0.000000    -0.000000     0.000000 
       41         2    -2.1939   2.000054     0.000000     0.000000     0.000000    -0.000000    -0.000000    -0.000000     0.000000 
       43         2    -1.8488   2.000063     0.000000    -0.000000     0.000000    -0.000000    -0.000000     0.000000    -0.000000 
       45         2    -1.5881   2.000028    -0.000000     0.000000     0.000000     0.000000     0.000000     0.000000    -0.000000 
       47         2    -1.3839   2.000030     0.000000     0.000000    -0.000000    -0.000000    -0.000000     0.000000    -0.000000 
       49         2    -1.1742   2.000035     0.000000    -0.000000     0.000000     0.000000     0.000000    -0.000000     0.000000 
       51         2    -0.9238   2.000037     0.000000    -0.000000    -0.000000    -0.000000    -0.000000    -0.000000     0.000000 
       53         2    -0.8054   2.000041    -0.000000     0.000000     0.000000     0.000000     0.000000    -0.000000     0.000000 
       55         2    -0.7508   2.000042     0.000000    -0.000000    -0.000000     0.000000     0.000000     0.000001    -0.000000 
       57         2    -0.6963   2.000047    -0.000000     0.000000    -0.000000    -0.000000    -0.000000    -0.000001     0.000001 
       59         2    -0.6080   2.000041     0.000000    -0.000001    -0.000000     0.000000     0.000000    -0.000000     0.000000 
       61         2    -0.5821   2.000050    -0.000000    -0.000000    -0.000000    -0.000000    -0.000000    -0.000001     0.000000 
       63         2    -0.5116   2.000044    -0.000000    -0.000000    -0.000000     0.000000     0.000000     0.000000    -0.000000 
       65         2    -0.4248   2.000039     0.000000     0.000001    -0.000000     0.000000     0.000000     0.000001    -0.000000 
       67         2    -0.3406   2.000038     0.000000    -0.000000     0.000000     0.000000     0.000000    -0.000001     0.000000 
       69         2     0.4670   2.000082     0.000000    -0.000001     0.000000     0.000000     0.000000     0.000001    -0.000001 
       71         2     0.5413   2.000081     0.000000    -0.000000     0.000000     0.000000     0.000000     0.000003    -0.000001 
       73         2     0.5516   2.000092     0.000000    -0.000001    -0.000000    -0.000000    -0.000000    -0.000004     0.000002 
       75         2     0.6026   2.000085     0.000000    -0.000005    -0.000000     0.000000     0.000000    -0.000001     0.000000 
       77         2     0.6225   2.000092    -0.000000     0.000001    -0.000000     0.000000     0.000000     0.000001    -0.000000 
       79         2     0.6450   2.000092     0.000000     0.000001    -0.000000     0.000000     0.000000    -0.000001     0.000001 
       81         2     0.6649   2.000087    -0.000000    -0.000000     0.000000    -0.000000    -0.000000     0.000001    -0.000000 
       83         2     0.6943   2.000081    -0.000000     0.000003    -0.000000    -0.000000    -0.000000    -0.000001     0.000000 
       85         2     0.9440   2.000057    -0.000000     0.000001     0.000000     0.000000     0.000000    -0.000000     0.000000 
       87         2     0.9977   2.000049    -0.000000    -0.000001     0.000000     0.000000     0.000000     0.000001    -0.000000 
       89         2     1.1604   2.000048     0.000000     0.000001    -0.000000     0.000000     0.000000    -0.000000     0.000000 
       91         2     1.2457   2.000045    -0.000000    -0.000001    -0.000000    -0.000000    -0.000000     0.000000    -0.000000 
       93         2     1.4583   2.000051     0.000000    -0.000000    -0.000000     0.000000     0.000000    -0.000001     0.000000 
       95         2     1.6553   2.000055    -0.000000    -0.000001    -0.000000     0.000000     0.000000     0.000000    -0.000000 
       97         2     1.7668   2.000053     0.000000    -0.000000     0.000000     0.000000     0.000000    -0.000000     0.000000 
       99         2     2.0226   2.000041    -0.000000     0.000000     0.000000     0.000000     0.000000     0.000000    -0.000000 
      101         2     2.1107   2.000035     0.000000    -0.000000     0.000000     0.000000     0.000000    -0.000000     0.000000 
      103         2     2.4918   2.000039    -0.000000     0.000000     0.000000    -0.000000    -0.000000     0.000000    -0.000000 
      105         2     3.0019   2.000036    -0.000000     0.000000    -0.000000    -0.000000    -0.000000     0.000000    -0.000000 
      107         2     3.2176   2.000043    -0.000000     0.000000    -0.000000     0.000000     0.000000    -0.000000     0.000000 
      109         2     4.8231   2.000051     0.000000    -0.000000     0.000000    -0.000000    -0.000000     0.000000    -0.000000 
      111         2     5.4995   2.000046     0.000000     0.000000     0.000000     0.000000     0.000000    -0.000000     0.000000 
      113         2     6.5528   2.000040    -0.000000    -0.000000     0.000000    -0.000000    -0.000000    -0.000000     0.000000 
      115         2     6.9607   2.000049    -0.000000     0.000000    -0.000000     0.000000     0.000000     0.000000    -0.000000 
      117         2     7.4195   2.000046    -0.000000    -0.000000    -0.000000    -0.000000    -0.000000    -0.000000     0.000000 
      119         2     7.7767   2.000053     0.000000    -0.000000    -0.000000    -0.000000    -0.000000     0.000000    -0.000000 
      121         2     7.9790   2.000053     0.000000    -0.000000     0.000000    -0.000000    -0.000000    -0.000000     0.000000 
      123         2     8.2303   2.000054    -0.000000    -0.000000     0.000000     0.000000     0.000000    -0.000001     0.000000 
      125         2     8.5993   2.000054     0.000000    -0.000000     0.000000    -0.000000    -0.000000     0.000000    -0.000000 
      127         2     9.1681   2.000052     0.000000    -0.000000     0.000000    -0.000000    -0.000000     0.000000    -0.000000 
      129         2     9.4257   2.000057     0.000000    -0.000000    -0.000000     0.000000     0.000000    -0.000001     0.000000 
      131         2     9.6744   2.000053     0.000000    -0.000000    -0.000000    -0.000000    -0.000000    -0.000000     0.000000 
      133         2    10.0190   2.000067    -0.000000     0.000000    -0.000000    -0.000000    -0.000000     0.000001    -0.000000 
      135         2    10.1339   2.000060    -0.000000    -0.000002    -0.000000    -0.000000    -0.000000     0.000000    -0.000000 
      137         2    10.4261   2.000060     0.000000     0.000001    -0.000000     0.000000     0.000001     0.000002    -0.000001 
      139         2    10.6481   2.000056     0.000000     0.000002    -0.000000    -0.000002    -0.000004     0.000006    -0.000003 
      141         1    11.1121   1.000028    -0.000000    -0.578463     0.000000    -0.294290    -0.611099    -0.387681     0.186697 
4 
 1  2  3  4 
        1         2   -25.4562   2.000097    -0.000000    -0.000000    -0.000000    -0.000000    -0.000000     0.000000    -0.000000 
        3         2   -25.4510   2.000085    -0.000000    -0.000002    -0.000000     0.000000     0.000000    -0.000000     0.000000 
        5         2   -25.4414   2.000099    -0.000000    -0.000120    -0.000000    -0.000004    -0.000003    -0.000002     0.000003 
        7         2   -25.4410   2.000084     0.000000     0.000123     0.000000     0.000004     0.000003     0.000002    -0.000003 
        9         2   -25.4121   2.000101     0.000000     0.000225    -0.000000    -0.000003    -0.000002    -0.000009     0.000011 
       11         2   -25.4117   2.000094    -0.000000    -0.000223    -0.000000     0.000003     0.000002     0.000009    -0.000011 
       13         2   -25.3895   2.000110    -0.000000    -0.000078    -0.000000     0.000001     0.000000     0.000000    -0.000000 
       15         2   -25.3889   2.000113    -0.000000     0.000078     0.000000    -0.000001    -0.000001    -0.000000     0.000000 
       17         2   -25.3842   2.000107    -0.000000     0.000065     0.000000     0.000000     0.000000    -0.000001     0.000001 
       19         2   -25.3835   2.000106    -0.000000    -0.000062    -0.000000    -0.000000    -0.000000     0.000001    -0.000001 
       21         2   -12.6677   2.000037    -0.000000    -0.000000     0.000000     0.000000     0.000000     0.000000    -0.000000 
       23         2   -11.6155   2.000046    -0.000000    -0.000000    -0.000000     0.000000     0.000000    -0.000000     0.000000 
       25         2   -11.4455   2.000046    -0.000000     0.000000     0.000000    -0.000000    -0.000000    -0.000000     0.000000 
       27         2   -11.2155   2.000044     0.000000    -0.000000    -0.000000    -0.000000    -0.000000     0.000000    -0.000000 
       29         2   -10.9653   2.000053    -0.000000     0.000000     0.000000     0.000000     0.000000     0.000000    -0.000000 
       31         2   -10.8675   2.000050     0.000000     0.000000    -0.000000     0.000000     0.000000     0.000000    -0.000000 
       33         2    -6.4070   2.000053    -0.000000     0.000000     0.000000    -0.000000    -0.000000    -0.000000     0.000000 
       35         2    -5.3241   2.000049    -0.000000     0.000000     0.000000    -0.000000     0.000000     0.000000    -0.000000 
       37         2    -2.6772   2.000062     0.000000    -0.000000     0.000000    -0.000000    -0.000000    -0.000000     0.000000 
       39         2    -2.3891   2.000053     0.000000     0.000000     0.000000    -0.000000    -0.000000     0.000000    -0.000000 
       41         2    -2.2865   2.000057     0.000000    -0.000000     0.000000    -0.000000    -0.000000     0.000000    -0.000000 
       43         2    -1.7305   2.000031    -0.000000     0.000000     0.000000    -0.000000    -0.000000    -0.000000     0.000000 
       45         2    -1.4858   2.000029     0.000000    -0.000000    -0.000000     0.000000     0.000000    -0.000000     0.000000 
       47         2    -1.3573   2.000025     0.000000     0.000000     0.000000     0.000000     0.000000    -0.000001     0.000001 
       49         2    -1.2428   2.000030    -0.000000    -0.000000    -0.000000    -0.000000    -0.000000     0.000000    -0.000000 
       51         2    -0.9312   2.000034    -0.000000     0.000000     0.000000     0.000000     0.000000     0.000000    -0.000000 
       53         2    -0.8761   2.000032     0.000000     0.000000     0.000000     0.000000     0.000000    -0.000000     0.000000 
       55         2    -0.7964   2.000041     0.000000    -0.000001    -0.000000    -0.000000    -0.000000    -0.000001     0.000001 
       57         2    -0.7189   2.000046    -0.000000     0.000000    -0.000000     0.000000     0.000000    -0.000000     0.000000 
       59         2    -0.6214   2.000046     0.000000    -0.000000    -0.000000    -0.000000    -0.000000     0.000000    -0.000000 
       61         2    -0.5666   2.000040    -0.000000     0.000001    -0.000000     0.000000     0.000000    -0.000000     0.000000 
       63         2    -0.5541   2.000036     0.000000    -0.000001    -0.000000    -0.000000    -0.000000     0.000001    -0.000001 
       65         2    -0.4133   2.000046    -0.000000     0.000001    -0.000000    -0.000000    -0.000000     0.000000    -0.000000 
       67         2    -0.3572   2.000043     0.000000    -0.000001    -0.000000    -0.000000    -0.000000    -0.000000     0.000001 
       69         2     0.4573   2.000079    -0.000000    -0.000000     0.000000     0.000000     0.000000     0.000000    -0.000000 
       71         2     0.5328   2.000083     0.000000     0.000000     0.000000     0.000000     0.000000     0.000001    -0.000001 
       73         2     0.5558   2.000094     0.000000    -0.000000    -0.000000    -0.000000    -0.000000    -0.000000     0.000000 
       75         2     0.6066   2.000084     0.000000    -0.000003    -0.000000     0.000000     0.000000     0.000002    -0.000003 
       77         2     0.6233   2.000085     0.000000     0.000003     0.000000    -0.000000    -0.000000     0.000001    -0.000001 
       79         2     0.6417   2.000093    -0.000000    -0.000000     0.000000    -0.000000    -0.000000    -0.000001     0.000001 
       81         2     0.6676   2.000088    -0.000000    -0.000001    -0.000000    -0.000000    -0.000000     0.000001    -0.000001 
       83         2     0.7039   2.000080     0.000000     0.000001    -0.000000     0.000000     0.000000     0.000000    -0.000000 
       85         2     0.9602   2.000068     0.000000     0.000000    -0.000000    -0.000000    -0.000000     0.000000    -0.000000 
       87         2     1.0473   2.000049     0.000000    -0.000000     0.000000    -0.000000    -0.000000     0.000000    -0.000000 
       89         2     1.1993   2.000060    -0.000000     0.000000     0.000000    -0.000000    -0.000000     0.000000    -0.000000 
       91         2     1.2214   2.000049    -0.000000    -0.000004    -0.000000    -0.000000    -0.000000    -0.000002     0.000002 
       93         2     1.2831   2.000063    -0.000000     0.000000     0.000000     0.000000     0.000000    -0.000000     0.000000 
       95         2     1.5512   2.000066    -0.000000     0.000000    -0.000000    -0.000000    -0.000000     0.000000    -0.000000 
       97         2     1.8383   2.000055     0.000000     0.000000    -0.000000     0.000000     0.000000     0.000000    -0.000000 
       99         2     1.9342   2.000049    -0.000000     0.000001    -0.000000     0.000000     0.000000    -0.000000     0.000000 
      101         2     2.0982   2.000050     0.000000     0.000000    -0.000000     0.000000     0.000000    -0.000000     0.000000 
      103         2     2.3965   2.000038    -0.000000    -0.000000    -0.000000     0.000000     0.000000    -0.000000     0.000000 
      105         2     2.7122   2.000042    -0.000000    -0.000000     0.000000     0.000000     0.000000    -0.000000     0.000000 
      107         2     3.1339   2.000037     0.000000     0.000000    -0.000000    -0.000000    -0.000000    -0.000000     0.000000 
      109         2     5.0162   2.000042     0.000000    -0.000000    -0.000000     0.000000     0.000000     0.000000    -0.000000 
      111         2     5.6981   2.000043     0.000000    -0.000000    -0.000000     0.000000     0.000000     0.000000    -0.000000 
      113         2     6.8299   2.000054    -0.000000     0.000000    -0.000000    -0.000000    -0.000000    -0.000000     0.000000 
      115         2     7.1053   2.000046    -0.000000    -0.000000     0.000000     0.000000     0.000000     0.000000    -0.000000 
      117         2     7.2246   2.000059    -0.000000     0.000000    -0.000000    -0.000000    -0.000000    -0.000001     0.000001 
      119         2     7.6128   2.000054    -0.000000     0.000000    -0.000000    -0.000000    -0.000000     0.000000    -0.000000 
      121         2     8.1019   2.000047     0.000000    -0.000000     0.000000    -0.000000    -0.000000    -0.000000     0.000000 
      123         2     8.2185   2.000045    -0.000000    -0.000000     0.000000     0.000000     0.000000     0.000000    -0.000000 
      125         2     8.7507   2.000048    -0.000000    -0.000000     0.000000     0.000000     0.000000     0.000000    -0.000000 
      127         2     9.2098   2.000061    -0.000000     0.000000     0.000000    -0.000000    -0.000000     0.000000    -0.000000 
      129         2     9.5130   2.000049    -0.000000    -0.000000     0.000000     0.000000     0.000000     0.000000    -0.000000 
      131         2     9.6598   2.000061     0.000000     0.000000    -0.000000    -0.000000    -0.000000     0.000000    -0.000000 
      133         2    10.0878   2.000054     0.000000    -0.000000     0.000000    -0.000001    -0.000001    -0.000000     0.000000 
      135         2    10.3079   2.000062    -0.000000     0.000000     0.000000    -0.000000    -0.000000     0.000000    -0.000000 
      137         2    10.4344   2.000059     0.000000     0.000000     0.000000    -0.000000    -0.000000    -0.000001     0.000001 
      139         1    10.9136   1.000031     0.000000     0.978004     0.000000     0.119464     0.095270    -0.088218     0.110622 
      140         1    10.9137   1.000030     0.000000    -0.977702     0.000000    -0.119691    -0.095450     0.088202    -0.110601 
      141         1    11.1915   1.000027     0.000000     0.590869     0.000000    -0.195154    -0.155630    -0.035121     0.044040 
4 
 1  2  3  4 
        1         2   -25.4562   2.000092    -0.000000    -0.000001     0.000000     0.000000     0.000000    -0.000000     0.000000 
        3         2   -25.4510   2.000089     0.000000    -0.000001     0.000000     0.000000     0.000000     0.000000    -0.000000 
        5         2   -25.4414   2.000100    -0.000000    -0.000121     0.000000    -0.000004    -0.000001    -0.000000     0.000000 
        7         2   -25.4410   2.000087     0.000000     0.000121    -0.000000     0.000004     0.000001     0.000000    -0.000000 
        9         2   -25.4121   2.000097     0.000000     0.000243    -0.000000    -0.000007    -0.000002    -0.000000     0.000001 
       11         2   -25.4117   2.000097     0.000000    -0.000250    -0.000000     0.000007     0.000002     0.000000    -0.000001 
       13         2   -25.3895   2.000111     0.000000    -0.000082    -0.000000    -0.000002    -0.000000     0.000000    -0.000000 
       15         2   -25.3889   2.000114     0.000000     0.000079     0.000000     0.000002     0.000000    -0.000000     0.000000 
       17         2   -25.3842   2.000108    -0.000000     0.000058     0.000000     0.000002     0.000000    -0.000000     0.000000 
       19         2   -25.3835   2.000100     0.000000    -0.000063    -0.000000    -0.000002    -0.000000     0.000000    -0.000000 
       21         2   -12.6106   2.000039     0.000000     0.000000    -0.000000     0.000000     0.000000    -0.000000     0.000000 
       23         2   -11.6321   2.000041    -0.000000    -0.000000    -0.000000     0.000000     0.000000    -0.000000     0.000000 
       25         2   -11.4302   2.000046     0.000000    -0.000000     0.000000    -0.000000    -0.000000     0.000000    -0.000000 
       27         2   -11.2551   2.000045     0.000000    -0.000000    -0.000000    -0.000000     0.000000     0.000000    -0.000000 
       29         2   -10.9822   2.000050     0.000000    -0.000001    -0.000000    -0.000000    -0.000000    -0.000000     0.000001 
       31         2   -10.9255   2.000047     0.000000     0.000000    -0.000000     0.000000     0.000000     0.000000    -0.000001 
       33         2    -6.3699   2.000046    -0.000000    -0.000000     0.000000    -0.000000     0.000000     0.000000    -0.000000 
       35         2    -5.2343   2.000048    -0.000000     0.000000     0.000000    -0.000000    -0.000000    -0.000000     0.000000 
       37         2    -2.6294   2.000057     0.000000     0.000000    -0.000000    -0.000000    -0.000000    -0.000000     0.000000 
       39         2    -2.3740   2.000054     0.000000     0.000000     0.000000    -0.000000    -0.000000     0.000000    -0.000000 
       41         2    -2.1659   2.000051     0.000000    -0.000000     0.000000    -0.000000    -0.000000    -0.000000     0.000001 
       43         2    -1.6467   2.000033     0.000000     0.000000    -0.000000     0.000000     0.000000     0.000000    -0.000000 
       45         2    -1.5216   2.000058     0.000000    -0.000000    -0.000000    -0.000000    -0.000000    -0.000000     0.000000 
       47         2    -1.3754   2.000031     0.000000    -0.000000     0.000000     0.000000     0.000000     0.000000    -0.000000 
       49         2    -1.1829   2.000032    -0.000000     0.000000    -0.000000    -0.000000    -0.000000    -0.000000     0.000000 
       51         2    -1.1061   2.000036     0.000000     0.000000     0.000000     0.000000     0.000000     0.000000    -0.000000 
       53         2    -0.9346   2.000031     0.000000    -0.000000     0.000000     0.000000     0.000000    -0.000000     0.000000 
       55         2    -0.8380   2.000040     0.000000    -0.000000     0.000000    -0.000000    -0.000000    -0.000000     0.000000 
       57         2    -0.6926   2.000050     0.000000     0.000000     0.000000     0.000000     0.000000     0.000000    -0.000000 
       59         2    -0.6171   2.000039    -0.000000     0.000000     0.000000    -0.000000    -0.000000    -0.000000     0.000000 
       61         2    -0.5727   2.000038    -0.000000    -0.000000     0.000000     0.000000     0.000000     0.000000    -0.000001 
       63         2    -0.5452   2.000045    -0.000000     0.000001     0.000000     0.000000     0.000000    -0.000000     0.000000 
       65         2    -0.4200   2.000043     0.000000     0.000000    -0.000000    -0.000000    -0.000000     0.000000    -0.000000 
       67         2    -0.3534   2.000044     0.000000    -0.000001     0.000000    -0.000000    -0.000000     0.000000    -0.000000 
       69         2     0.4703   2.000087    -0.000000     0.000000     0.000000    -0.000000    -0.000000    -0.000000     0.000000 
       71         2     0.5254   2.000079     0.000000     0.000002    -0.000000    -0.000000    -0.000000     0.000000    -0.000000 
       73         2     0.5521   2.000084     0.000000    -0.000001     0.000000    -0.000000    -0.000000    -0.000000     0.000002 
       75         2     0.5953   2.000083     0.000000    -0.000000     0.000000    -0.000000    -0.000000    -0.000000     0.000000 
       77         2     0.6419   2.000086     0.000000     0.000002     0.000000     0.000000     0.000000     0.000000    -0.000001 
       79         2     0.6621   2.000080    -0.000000    -0.000001    -0.000000     0.000000     0.000000    -0.000000     0.000002 
       81         2     0.6781   2.000086     0.000000     0.000001     0.000000    -0.000000    -0.000000     0.000001    -0.000003 
       83         2     0.7373   2.000075     0.000000    -0.000000     0.000000    -0.000000    -0.000000    -0.000000     0.000000 
       85         2     0.9153   2.000060    -0.000000     0.000000     0.000000    -0.000000    -0.000000     0.000000    -0.000000 
       87         2     0.9930   2.000047    -0.000000     0.000001    -0.000000    -0.000000    -0.000000     0.000000    -0.000000 
       89         2     1.0884   2.000060     0.000000     0.000000    -0.000000     0.000000     0.000000     0.000000    -0.000000 
       91         2     1.2494   2.000048     0.000000    -0.000000     0.000000    -0.000000    -0.000000    -0.000000     0.000000 
       93         2     1.3927   2.000045    -0.000000    -0.000000     0.000000    -0.000000    -0.000000    -0.000000     0.000000 
       95         2     1.5393   2.000062     0.000000     0.000000     0.000000    -0.000000    -0.000000    -0.000000     0.000000 
       97         2     1.7307   2.000045     0.000000    -0.000000    -0.000000    -0.000000     0.000000     0.000000    -0.000000 
       99         2     1.8210   2.000051     0.000000    -0.000000    -0.000000    -0.000000    -0.000000     0.000000    -0.000000 
      101         2     2.1656   2.000044     0.000000    -0.000000     0.000000     0.000000     0.000000     0.000000    -0.000000 
      103         2     2.3498   2.000041     0.000000     0.000000     0.000000     0.000000     0.000000     0.000000    -0.000000 
      105         2     2.4970   2.000039     0.000000    -0.000000     0.000000    -0.000000    -0.000000    -0.000000     0.000000 
      107         2     3.0979   2.000043     0.000000     0.000000     0.000000    -0.000000    -0.000000    -0.000000     0.000000 
      109         2     5.1324   2.000044     0.000000     0.000000    -0.000000     0.000000     0.000000    -0.000000     0.000000 
      111         2     5.7887   2.000040     0.000000     0.000000     0.000000     0.000000     0.000000    -0.000000     0.000000 
      113         2     6.7856   2.000042    -0.000000     0.000000     0.000000    -0.000000    -0.000000     0.000000    -0.000000 
      115         2     7.0348   2.000053     0.000000     0.000000     0.000000     0.000000     0.000000     0.000000    -0.000000 
      117         2     7.3175   2.000047    -0.000000     0.000000     0.000000    -0.000000    -0.000000     0.000000    -0.000000 
      119         2     7.6798   2.000045     0.000000     0.000000    -0.000000    -0.000000    -0.000000     0.000000    -0.000000 
      121         2     8.1682   2.000054     0.000000     0.000000    -0.000000    -0.000000    -0.000000     0.000000    -0.000000 
      123         2     8.5869   2.000037     0.000000    -0.000000    -0.000000    -0.000000    -0.000000    -0.000000     0.000000 
      125         2     8.8756   2.000051     0.000000    -0.000000    -0.000000    -0.000000    -0.000000    -0.000000     0.000000 
      127         2     9.2647   2.000050    -0.000000    -0.000000     0.000000     0.000000     0.000000     0.000000    -0.000000 
      129         2     9.5795   2.000050     0.000000    -0.000000    -0.000000     0.000000     0.000000     0.000000    -0.000000 
      131         2     9.7736   2.000051     0.000000     0.000000     0.000000    -0.000000    -0.000000     0.000000    -0.000000 
      133         2    10.0380   2.000061    -0.000000    -0.000000    -0.000000     0.000000     0.000000     0.000000    -0.000000 
      135         2    10.2776   2.000044    -0.000000     0.000000     0.000000    -0.000002    -0.000001     0.000001    -0.000003 
      137         2    10.4517   2.000047    -0.000000    -0.000019    -0.000000    -0.000006    -0.000001    -0.000004     0.000016 
      139         2    10.6515   2.000055     0.000000     0.000059    -0.000000    -0.000046    -0.000011     0.000016    -0.000068 
      141         1    10.9537   1.000031    -0.000000    -0.128308    -0.000000     0.027167     0.006201     0.220597    -0.966498 
4 
 1  2  3  4 
        1         2   -25.4560   2.000062    -0.000000    -1.801989     0.867792    -0.000004    -0.000000     0.000003    -0.000002 
        3         2   -25.4513   2.000090    -0.000000     1.802013    -0.867804    -0.000056     0.000000    -0.000050     0.000024 
        5         2   -25.4414   2.000112    -0.000000    -1.801912     0.867755     0.000033     0.000000    -0.000033     0.000016 
        7         2   -25.4409   2.000071    -0.000000     1.801876    -0.867738     0.000002    -0.000000     0.000002    -0.000001 
        9         2   -25.4121   2.000070    -0.000000     1.801757    -0.867680    -0.000001     0.000000    -0.000026     0.000013 
       11         2   -25.4117   2.000069     0.000000    -1.801756     0.867680    -0.000000     0.000000     0.000014    -0.000007 
       13         2   -25.3895   2.000092     0.000000    -1.801935     0.867766    -0.000009    -0.000000     0.000008    -0.000004 
       15         2   -25.3889   2.000108    -0.000000     1.801948    -0.867773    -0.000029     0.000000    -0.000027     0.000013 
       17         2   -25.3842   2.000072     0.000000     1.801931    -0.867764    -0.000009    -0.000000    -0.000011     0.000006 
       19         2   -25.3836   2.000069    -0.000000    -1.801929     0.867763     0.000003     0.000000    -0.000003     0.000002 
       21         1   -12.8188   1.000010     0.000000     0.900978    -0.433888     1.000010     0.000000     0.900978    -0.433888 
       22         1   -12.5624   1.000011    -0.000000     0.900979    -0.433889    -1.000011     0.000000    -0.900979     0.433889 
       23         1   -11.8483   1.000012     0.000000    -0.900980     0.433889    -1.000012    -0.000000     0.900980    -0.433889 
       24         1   -11.6885   1.000016     0.000000    -0.900983     0.433890     1.000016     0.000000    -0.900983     0.433890 
       25         1   -11.4303   1.000016     0.000000    -0.900983     0.433890    -1.000016    -0.000000     0.900983    -0.433890 
       26         1   -11.3074   1.000015    -0.000000    -0.900982     0.433890     1.000015    -0.000000    -0.900982     0.433890 
       27         1   -11.1483   1.000012    -0.000000     0.900980    -0.433889    -1.000012     0.000000    -0.900980     0.433889 
       28         1   -11.1404   1.000015     0.000000     0.900982    -0.433890     1.000015     0.000000     0.900982    -0.433890 
       29         1   -10.9887   1.000012    -0.000000     0.900979    -0.433889    -1.000012     0.000000    -0.900979     0.433889 
       30         1   -10.8306   1.000014    -0.000000     0.900981    -0.433890     1.000014    -0.000000     0.900981    -0.433890 
       31         1   -10.8257   1.000014     0.000000    -0.900981     0.433890     1.000014     0.000000    -0.900981     0.433890 
       32         1   -10.8099   1.000012     0.000000    -0.900980     0.433889    -1.000012    -0.000000     0.900980    -0.433889 
       33         1    -6.3931   1.000009     0.000000    -0.900977     0.433888    -1.000009    -0.000000     0.900977    -0.433888 
       34         1    -6.3903   1.000012    -0.000000    -0.900980     0.433889     1.000012    -0.000000    -0.900980     0.433889 
       35         1    -5.6062   1.000012     0.000000     0.900980    -0.433889     1.000012     0.000000     0.900980    -0.433889 
       36         1    -5.4304   1.000010     0.000000     0.900978    -0.433888    -1.000010    -0.000000    -0.900978     0.433888 
       37         1    -2.8147   1.000014    -0.000000    -0.900982     0.433890     1.000014    -0.000000    -0.900982     0.433890 
       38         1    -2.5907   1.000015    -0.000000     0.900982    -0.433890    -1.000015     0.000000    -0.900982     0.433890 
       39         1    -2.4505   1.000014     0.000000     0.900982    -0.433890     1.000014     0.000000     0.900982    -0.433890 
       40         1    -2.4211   1.000018    -0.000000    -0.900985     0.433892    -1.000018     0.000000     0.900985    -0.433892 
       41         1    -2.1318   1.000014    -0.000000    -0.900982     0.433890     1.000014    -0.000000    -0.900982     0.433890 
       42         1    -2.0602   1.000017     0.000000     0.900984    -0.433891    -1.000017    -0.000000    -0.900984     0.433891 
       43         1    -2.0284   1.000009    -0.000000     0.900977    -0.433888     1.000009    -0.000000     0.900977    -0.433888 
       44         1    -1.9545   1.000010    -0.000000    -0.900977     0.433888    -1.000010     0.000000     0.900977    -0.433888 
       45         1    -1.7004   1.000015     0.000000    -0.900982     0.433890     1.000015     0.000000    -0.900982     0.433890 
       46         1    -1.4385   1.000013     0.000000     0.900981    -0.433889    -1.000013    -0.000000    -0.900981     0.433889 
       47         1    -1.4149   1.000014     0.000000     0.900982    -0.433890     1.000014     0.000000     0.900982    -0.433890 
       48         1    -1.4063   1.000007     0.000000    -0.900975     0.433887     1.000007     0.000000    -0.900975     0.433887 
       49         1    -1.3451   1.000010    -0.000000    -0.900978     0.433888    -1.000010     0.000000     0.900978    -0.433888 
       50         1    -1.2015   1.000010    -0.000000    -0.900978     0.433888    -1.000010     0.000000     0.900978    -0.433888 
       51         1    -1.0470   1.000011     0.000000    -0.900979     0.433889    -1.000011    -0.000000     0.900979    -0.433889 
       52         1    -1.0418   1.000009     0.000000     0.900977    -0.433888    -1.000009    -0.000000    -0.900977     0.433888 
       53         1    -0.9986   1.000013    -0.000000     0.900981    -0.433889     1.000013    -0.000000     0.900981    -0.433889 
       54         1    -0.7613   1.000013    -0.000000    -0.900980     0.433889     1.000013    -0.000000    -0.900980     0.433889 
       55         1    -0.6907   1.000012    -0.000000     0.900979    -0.433889    -1.000011     0.000000    -0.900979     0.433889 
       56         1    -0.6596   1.000014    -0.000000     0.900981    -0.433890     1.000014    -0.000000     0.900981    -0.433890 
       57         1    -0.6471   1.000012    -0.000000    -0.900980     0.433889     1.000012    -0.000000    -0.900980     0.433889 
       58         1    -0.6307   1.000021     0.000000    -0.900987     0.433893    -1.000021    -0.000000     0.900988    -0.433893 
       59         1    -0.6270   1.000018    -0.000000     0.900985    -0.433892     1.000018    -0.000000     0.900985    -0.433892 
       60         1    -0.6051   1.000017    -0.000000    -0.900984     0.433891     1.000016    -0.000000    -0.900984     0.433891 
       61         1    -0.5514   1.000019     0.000000    -0.900986     0.433892    -1.000019    -0.000000     0.900986    -0.433892 
       62         1    -0.5480   1.000016     0.000000     0.900984    -0.433891    -1.000016    -0.000000    -0.900984     0.433891 
       63         1    -0.5263   1.000012     0.000000     0.900979    -0.433889     1.000012     0.000000     0.900979    -0.433889 
       64         1    -0.4263   1.000013     0.000000    -0.900981     0.433889    -1.000013    -0.000000     0.900981    -0.433889 
       65         1    -0.4167   1.000011    -0.000000     0.900979    -0.433889    -1.000011     0.000000    -0.900979     0.433889 
       66         1    -0.4106   1.000016     0.000000     0.900983    -0.433891     1.000016     0.000000     0.900983    -0.433891 
       67         1    -0.4048   1.000014     0.000000    -0.900981     0.433890     1.000014     0.000000    -0.900981     0.433890 
       68         1    -0.2603   1.000015     0.000000     0.900983    -0.433890    -1.000015    -0.000000    -0.900983     0.433890 
       69         1     0.4633   1.000023    -0.000000    -0.900989     0.433893    -1.000022     0.000000     0.900989    -0.433893 
       70         1     0.5157   1.000023    -0.000000     0.900989    -0.433893    -1.000022     0.000000    -0.900989     0.433893 
       71         1     0.5349   1.000028     0.000000    -0.900994     0.433896     1.000028     0.000000    -0.900994     0.433896 
       72         1     0.5747   1.000030    -0.000000     0.900995    -0.433896     1.000029    -0.000000     0.900995    -0.433896 
       73         1     0.5797   1.000031    -0.000000    -0.900997     0.433897    -1.000031     0.000000     0.900997    -0.433897 
       74         1     0.5835   1.000029    -0.000000     0.900995    -0.433896    -1.000029     0.000000    -0.900995     0.433896 
       75         1     0.5945   1.000032     0.000000    -0.900997     0.433897     1.000031     0.000000    -0.900997     0.433897 
       76         1     0.6180   1.000025     0.000000     0.900991    -0.433895     1.000025     0.000000     0.900991    -0.433895 
       77         1     0.6300   1.000029    -0.000000    -0.900995     0.433896    -1.000029     0.000000     0.900995    -0.433896 
       78         1     0.6410   1.000033     0.000000     0.900998    -0.433898    -1.000032    -0.000000    -0.900998     0.433898 
       79         1     0.6467   1.000028     0.000000     0.900994    -0.433896     1.000028     0.000000     0.900994    -0.433896 
       80         1     0.6564   1.000027     0.000000    -0.900993     0.433895     1.000026     0.000000    -0.900993     0.433895 
       81         1     0.6867   1.000026     0.000000    -0.900992     0.433895    -1.000025    -0.000000     0.900991    -0.433895 
       82         1     0.6878   1.000033     0.000000    -0.900999     0.433898     1.000032     0.000000    -0.900998     0.433898 
       83         1     0.7094   1.000030    -0.000000     0.900995    -0.433897     1.000030    -0.000000     0.900995    -0.433897 
       84         1     0.7133   1.000022     0.000000     0.900988    -0.433893    -1.000022    -0.000000    -0.900988     0.433893 
       85         1     0.7939   1.000024    -0.000000    -0.900991     0.433894     1.000024    -0.000000    -0.900991     0.433894 
       86         1     0.9234   1.000021    -0.000000    -0.900988     0.433893     1.000021    -0.000000    -0.900988     0.433893 
       87         1     0.9790   1.000019     0.000000     0.900986    -0.433892    -1.000019    -0.000000    -0.900986     0.433892 
       88         1     0.9899   1.000023    -0.000000     0.900990    -0.433894     1.000023    -0.000000     0.900990    -0.433894 
       89         1     1.0015   1.000017    -0.000000    -0.900984     0.433891    -1.000017     0.000000     0.900984    -0.433891 
       90         1     1.1303   1.000021     0.000000    -0.900987     0.433893    -1.000021    -0.000000     0.900987    -0.433893 
       91         1     1.1919   1.000016     0.000000     0.900983    -0.433891     1.000016     0.000000     0.900983    -0.433891 
       92         1     1.2259   1.000018     0.000000    -0.900985     0.433892     1.000018     0.000000    -0.900985     0.433892 
       93         1     1.2498   1.000016     0.000000     0.900983    -0.433890    -1.000015    -0.000000    -0.900983     0.433890 
       94         1     1.4334   1.000018    -0.000000    -0.900985     0.433891    -1.000018     0.000000     0.900985    -0.433891 
       95         1     1.5532   1.000020     0.000000     0.900987    -0.433892    -1.000020    -0.000000    -0.900987     0.433892 
       96         1     1.7833   1.000017    -0.000000     0.900984    -0.433891    -1.000017     0.000000    -0.900984     0.433891 
       97         1     1.8426   1.000018     0.000000    -0.900985     0.433891     1.000018     0.000000    -0.900985     0.433891 
       98         1     1.9008   1.000015    -0.000000     0.900982    -0.433890     1.000015    -0.000000     0.900982    -0.433890 
       99         1     1.9185   1.000015    -0.000000     0.900982    -0.433890    -1.000015     0.000000    -0.900982     0.433890 
      100         1     1.9915   1.000018     0.000000    -0.900985     0.433891    -1.000018    -0.000000     0.900985    -0.433891 
      101         1     2.3820   1.000013     0.000000     0.900980    -0.433889     1.000013     0.000000     0.900980    -0.433889 
      102         1     2.4856   1.000013     0.000000    -0.900980     0.433889     1.000013     0.000000    -0.900980     0.433889 
      103         1     2.5729   1.000012    -0.000000    -0.900980     0.433889    -1.000012     0.000000     0.900980    -0.433889 
      104         1     2.8481   1.000013     0.000000     0.900981    -0.433889    -1.000013    -0.000000    -0.900981     0.433889 
      105         1     2.9139   1.000010     0.000000     0.900978    -0.433888     1.000010     0.000000     0.900978    -0.433888 
      106         1     3.1085   1.000013    -0.000000    -0.900980     0.433889    -1.000013     0.000000     0.900980    -0.433889 
      107         1     3.2437   1.000011     0.000000    -0.900978     0.433888     1.000011     0.000000    -0.900978     0.433888 
      108         1     3.2892   1.000011     0.000000     0.900979    -0.433889     1.000011     0.000000     0.900979    -0.433889 
      109         1     4.5473   1.000009     0.000000     0.900977    -0.433888     1.000009     0.000000     0.900977    -0.433888 
      110         1     4.7462   1.000010     0.000000     0.900978    -0.433888    -1.000010    -0.000000    -0.900978     0.433888 
      111         1     5.0283   1.000010    -0.000000    -0.900978     0.433888     1.000010    -0.000000    -0.900978     0.433888 
      112         1     5.6125   1.000013    -0.000000    -0.900981     0.433890    -1.000013     0.000000     0.900981    -0.433890 
      113         1     6.0544   1.000007    -0.000000    -0.900975     0.433887    -1.000007     0.000000     0.900975    -0.433887 
      114         1     6.5948   1.000013    -0.000000    -0.900981     0.433890     1.000013    -0.000000    -0.900981     0.433890 
      115         1     6.6784   1.000014     0.000000     0.900982    -0.433890     1.000014     0.000000     0.900982    -0.433890 
      116         1     7.1693   1.000014    -0.000000     0.900981    -0.433890    -1.000014     0.000000    -0.900981     0.433890 
      117         1     7.2327   1.000015     0.000000     0.900982    -0.433890    -1.000015    -0.000000    -0.900982     0.433890 
      118         1     7.2823   1.000014     0.000000    -0.900982     0.433890     1.000014     0.000000    -0.900982     0.433890 
      119         1     7.5053   1.000014    -0.000000    -0.900981     0.433890    -1.000014     0.000000     0.900981    -0.433890 
      120         1     7.6071   1.000013    -0.000000     0.900981    -0.433890     1.000013    -0.000000     0.900981    -0.433890 
      121         1     7.9162   1.000013     0.000000    -0.900981     0.433889    -1.000013    -0.000000     0.900981    -0.433889 
      122         1     8.1146   1.000017     0.000000     0.900984    -0.433891    -1.000017    -0.000000    -0.900984     0.433891 
      123         1     8.4245   1.000011    -0.000000     0.900978    -0.433888     1.000011    -0.000000     0.900978    -0.433888 
      124         1     8.5528   1.000014     0.000000    -0.900981     0.433890     1.000014     0.000000    -0.900981     0.433890 
      125         1     8.6549   1.000016    -0.000000     0.900984    -0.433891     1.000016    -0.000000     0.900984    -0.433891 
      126         1     8.9869   1.000010     0.000000    -0.900978     0.433888    -1.000010    -0.000000     0.900978    -0.433888 
      127         1     9.1565   1.000013    -0.000000     0.900981    -0.433890    -1.000013     0.000000    -0.900981     0.433890 
      128         1     9.3674   1.000014    -0.000000     0.900982    -0.433890     1.000014    -0.000000     0.900982    -0.433890 
      129         1     9.4302   1.000012     0.000000    -0.900980     0.433889    -1.000012    -0.000000     0.900980    -0.433889 
      130         1     9.4413   1.000010     0.000000    -0.900978     0.433888     1.000010     0.000000    -0.900978     0.433888 
      131         1     9.7522   1.000012     0.000000    -0.900980     0.433889     1.000012     0.000000    -0.900980     0.433889 
      132         1     9.7532   1.000015    -0.000000     0.900982    -0.433890    -1.000014     0.000000    -0.900982     0.433890 
      133         1     9.7635   1.000015     0.000000    -0.900983     0.433890    -1.000015    -0.000000     0.900983    -0.433890 
      134         1     9.7988   1.000015     0.000000     0.900982    -0.433890     1.000015     0.000000     0.900982    -0.433890 
      135         1    10.2218   1.000012     0.000000     0.900980    -0.433889    -1.000012    -0.000000    -0.900980     0.433889 
      136         1    10.3971   1.000018    -0.000000    -0.900984     0.433891     1.000017    -0.000000    -0.900985     0.433891 
      137         1    10.5190   1.000013     0.000000    -0.900968     0.433883    -1.000005    -0.000000     0.900961    -0.433880 
      138         1    10.6304   1.000019    -0.000000     0.900687    -0.433748     0.999460    -0.000000     0.900255    -0.433540 
      139         1    10.7682   1.000023     0.000000     0.894693    -0.430862    -0.994092    -0.000000    -0.900017     0.433425 
      140         1    10.8585   1.000029     0.000000    -0.886160     0.426752    -0.930684    -0.000000     0.823702    -0.396674 
      141         1    10.8960   1.000027    -0.000000    -0.392279     0.188912     0.413422     0.000000    -0.881132     0.424331 
4 
 1  2  3  4 
        1         2   -25.4559   2.000068    -0.000000    -1.801995     0.867795    -0.000004     0.000002     0.000003    -0.000004 
        3         2   -25.4513   2.000070     0.000000     1.801996    -0.867795    -0.000008     0.000004    -0.000006     0.000007 
        5         2   -25.4414   2.000088    -0.000000    -1.801890     0.867744     0.000017    -0.000008    -0.000016     0.000020 
        7         2   -25.4409   2.000071     0.000000     1.801875    -0.867737    -0.000001     0.000000     0.000000    -0.000000 
        9         2   -25.4121   2.000070    -0.000000     1.801761    -0.867682     0.000002    -0.000001    -0.000011     0.000013 
       11         2   -25.4117   2.000068    -0.000000    -1.801759     0.867681     0.000003    -0.000001     0.000008    -0.000010 
       13         2   -25.3895   2.000092    -0.000000    -1.801934     0.867766    -0.000008     0.000004     0.000006    -0.000007 
       15         2   -25.3889   2.000110    -0.000000     1.801951    -0.867774    -0.000030     0.000014    -0.000020     0.000026 
       17         2   -25.3842   2.000105    -0.000000     1.801963    -0.867779    -0.000006     0.000003    -0.000006     0.000008 
       19         2   -25.3836   2.000065     0.000000    -1.801926     0.867762     0.000001    -0.000000    -0.000000     0.000000 
       21         1   -12.7697   1.000012    -0.000000     0.900980    -0.433889     0.900980    -0.433889     0.623497    -0.781841 
       22         1   -12.5410   1.000014    -0.000000     0.900982    -0.433890    -0.900982     0.433890    -0.623499     0.781843 
       23         1   -11.8019   1.000014     0.000000    -0.900981     0.433890    -0.900981     0.433890     0.623498    -0.781842 
       24         1   -11.7165   1.000012    -0.000000    -0.900979     0.433889     0.900979    -0.433889    -0.623497     0.781841 
       25         1   -11.4458   1.000014     0.000000    -0.900982     0.433890    -0.900982     0.433890     0.623499    -0.781842 
       26         1   -11.2876   1.000016     0.000000    -0.900983     0.433891     0.900983    -0.433891    -0.623500     0.781844 
       27         1   -11.2206   1.000015     0.000000     0.900982    -0.433890    -0.900982     0.433890    -0.623499     0.781843 
       28         1   -11.1955   1.000013    -0.000000     0.900980    -0.433889     0.900980    -0.433889     0.623498    -0.781842 
       29         1   -11.0052   1.000014     0.000000     0.900981    -0.433890    -0.900981     0.433890    -0.623498     0.781842 
       30         1   -10.8666   1.000014     0.000000    -0.900982     0.433890     0.900982    -0.433890    -0.623499     0.781843 
       31         1   -10.8291   1.000013    -0.000000     0.900980    -0.433889     0.900980    -0.433889     0.623498    -0.781841 
       32         1   -10.8116   1.000013     0.000000    -0.900980     0.433889    -0.900980     0.433889     0.623498    -0.781841 
       33         1    -6.3667   1.000013     0.000000    -0.900980     0.433889    -0.900980     0.433889     0.623498    -0.781841 
       34         1    -6.3598   1.000012    -0.000000    -0.900980     0.433889     0.900980    -0.433889    -0.623497     0.781841 
       35         1    -5.5182   1.000013    -0.000000     0.900981    -0.433890     0.900981    -0.433890     0.623498    -0.781842 
       36         1    -5.3336   1.000012    -0.000000     0.900979    -0.433889    -0.900979     0.433889    -0.623497     0.781841 
       37         1    -2.7384   1.000013    -0.000000    -0.900980     0.433889     0.900980    -0.433889    -0.623498     0.781841 
       38         1    -2.5392   1.000015    -0.000000     0.900982    -0.433890    -0.900982     0.433890    -0.623499     0.781843 
       39         1    -2.3886   1.000013     0.000000    -0.900981     0.433889    -0.900981     0.433889     0.623498    -0.781842 
       40         1    -2.3449   1.000010    -0.000000     0.900978    -0.433888     0.900978    -0.433888     0.623496    -0.781839 
       41         1    -2.0529   1.000008    -0.000000     0.900976    -0.433887     0.900976    -0.433887     0.623495    -0.781838 
       42         1    -2.0266   1.000012    -0.000000    -0.900980     0.433889     0.900980    -0.433889    -0.623497     0.781841 
       43         1    -2.0225   1.000013     0.000000     0.900980    -0.433889    -0.900980     0.433889    -0.623498     0.781841 
       44         1    -1.9574   1.000009    -0.000000    -0.900977     0.433888    -0.900977     0.433888     0.623495    -0.781839 
       45         1    -1.8425   1.000014    -0.000000    -0.900981     0.433890     0.900981    -0.433890    -0.623498     0.781842 
       46         1    -1.5105   1.000009    -0.000000     0.900977    -0.433888    -0.900977     0.433888    -0.623495     0.781838 
       47         1    -1.4193   1.000010    -0.000000    -0.900978     0.433888    -0.900978     0.433888     0.623496    -0.781839 
       48         1    -1.4177   1.000007    -0.000000     0.900975    -0.433887     0.900975    -0.433887     0.623494    -0.781837 
       49         1    -1.2788   1.000014     0.000000    -0.900981     0.433890    -0.900981     0.433890     0.623498    -0.781842 
       50         1    -1.2621   1.000010    -0.000000    -0.900978     0.433888     0.900978    -0.433888    -0.623496     0.781839 
       51         1    -1.0377   1.000011     0.000000    -0.900979     0.433889    -0.900979     0.433889     0.623497    -0.781840 
       52         1    -1.0086   1.000009    -0.000000     0.900977    -0.433888     0.900977    -0.433888     0.623495    -0.781838 
       53         1    -0.9715   1.000009    -0.000000     0.900976    -0.433887    -0.900976     0.433887    -0.623495     0.781838 
       54         1    -0.8831   1.000009    -0.000000    -0.900977     0.433888     0.900977    -0.433888    -0.623496     0.781839 
       55         1    -0.7528   1.000012     0.000000     0.900980    -0.433889     0.900980    -0.433889     0.623497    -0.781841 
       56         1    -0.6638   1.000016     0.000000     0.900983    -0.433891    -0.900983     0.433891    -0.623500     0.781844 
       57         1    -0.6536   1.000018     0.000000    -0.900985     0.433891     0.900984    -0.433891    -0.623501     0.781845 
       58         1    -0.6524   1.000018    -0.000000    -0.900985     0.433892    -0.900985     0.433891     0.623501    -0.781845 
       59         1    -0.6126   1.000017    -0.000000     0.900984    -0.433891     0.900984    -0.433891     0.623500    -0.781844 
       60         1    -0.6037   1.000019     0.000000    -0.900986     0.433892     0.900986    -0.433892    -0.623502     0.781846 
       61         1    -0.5854   1.000009    -0.000000     0.900977    -0.433888    -0.900977     0.433888    -0.623496     0.781839 
       62         1    -0.5268   1.000015    -0.000000     0.900982    -0.433890     0.900982    -0.433890     0.623499    -0.781843 
       63         1    -0.5153   1.000019     0.000000    -0.900986     0.433892    -0.900986     0.433892     0.623501    -0.781846 
       64         1    -0.4519   1.000013    -0.000000    -0.900981     0.433889    -0.900981     0.433889     0.623498    -0.781842 
       65         1    -0.4343   1.000014    -0.000000    -0.900982     0.433890     0.900982    -0.433890    -0.623499     0.781843 
       66         1    -0.4155   1.000016     0.000000     0.900984    -0.433891    -0.900984     0.433891    -0.623500     0.781844 
       67         1    -0.3977   1.000017     0.000000     0.900984    -0.433891     0.900984    -0.433891     0.623500    -0.781844 
       68         1    -0.2963   1.000011    -0.000000     0.900979    -0.433889    -0.900979     0.433889    -0.623497     0.781840 
       69         1     0.5160   1.000032     0.000000     0.900997    -0.433897    -0.900997     0.433897    -0.623509     0.781856 
       70         1     0.5177   1.000022    -0.000000    -0.900988     0.433893    -0.900988     0.433893     0.623503    -0.781848 
       71         1     0.5368   1.000029     0.000000    -0.900994     0.433896     0.900994    -0.433896    -0.623508     0.781854 
       72         1     0.5667   1.000029    -0.000000    -0.900994     0.433896    -0.900990     0.433894     0.623505    -0.781851 
       73         1     0.5673   1.000030    -0.000000    -0.900995     0.433896     0.900991    -0.433894    -0.623505     0.781851 
       74         1     0.5677   1.000029     0.000000     0.900994    -0.433896     0.900994    -0.433896     0.623507    -0.781853 
       75         1     0.5733   1.000032     0.000000     0.900998    -0.433898    -0.900998     0.433898    -0.623510     0.781856 
       76         1     0.6263   1.000028    -0.000000     0.900994    -0.433896     0.900994    -0.433896     0.623507    -0.781854 
       77         1     0.6301   1.000030    -0.000000    -0.900996     0.433897    -0.900996     0.433897     0.623508    -0.781855 
       78         1     0.6367   1.000029    -0.000000    -0.900995     0.433896     0.900995    -0.433896    -0.623508     0.781854 
       79         1     0.6404   1.000036    -0.000000     0.901001    -0.433899    -0.901000     0.433899    -0.623512     0.781859 
       80         1     0.6430   1.000032    -0.000000     0.900997    -0.433897     0.900997    -0.433897     0.623509    -0.781856 
       81         1     0.6880   1.000025    -0.000000    -0.900991     0.433894    -0.900991     0.433894     0.623505    -0.781851 
       82         1     0.6964   1.000028     0.000000     0.900994    -0.433896     0.900994    -0.433896     0.623507    -0.781853 
       83         1     0.6994   1.000028     0.000000    -0.900993     0.433896     0.900994    -0.433896    -0.623507     0.781853 
       84         1     0.7354   1.000027    -0.000000     0.900993    -0.433896    -0.900993     0.433896    -0.623507     0.781853 
       85         1     0.8062   1.000025    -0.000000    -0.900992     0.433895     0.900992    -0.433895    -0.623506     0.781851 
       86         1     0.9411   1.000015    -0.000000    -0.900983     0.433890    -0.900983     0.433890     0.623499    -0.781843 
       87         1     0.9906   1.000022     0.000000    -0.900988     0.433893     0.900988    -0.433893    -0.623503     0.781848 
       88         1     1.0027   1.000016     0.000000     0.900983    -0.433891    -0.900983     0.433891    -0.623500     0.781844 
       89         1     1.0195   1.000019    -0.000000     0.900986    -0.433892     0.900986    -0.433892     0.623502    -0.781846 
       90         1     1.0277   1.000018    -0.000000    -0.900985     0.433891    -0.900985     0.433891     0.623501    -0.781845 
       91         1     1.1751   1.000025     0.000000    -0.900991     0.433894     0.900991    -0.433894    -0.623505     0.781851 
       92         1     1.1999   1.000017    -0.000000     0.900984    -0.433891     0.900984    -0.433891     0.623500    -0.781845 
       93         1     1.2206   1.000020     0.000000     0.900987    -0.433892    -0.900987     0.433892    -0.623502     0.781847 
       94         1     1.4230   1.000019     0.000000     0.900986    -0.433892    -0.900986     0.433892    -0.623501     0.781846 
       95         1     1.4913   1.000016     0.000000    -0.900983     0.433891    -0.900983     0.433891     0.623500    -0.781844 
       96         1     1.7391   1.000016    -0.000000     0.900983    -0.433891     0.900983    -0.433891     0.623500    -0.781844 
       97         1     1.7478   1.000015    -0.000000     0.900983    -0.433890    -0.900983     0.433890    -0.623499     0.781843 
       98         1     1.9564   1.000017     0.000000    -0.900984     0.433891     0.900984    -0.433891    -0.623500     0.781844 
       99         1     1.9880   1.000014    -0.000000    -0.900982     0.433890    -0.900982     0.433890     0.623499    -0.781843 
      100         1     2.1389   1.000015     0.000000     0.900982    -0.433890    -0.900982     0.433890    -0.623499     0.781843 
      101         1     2.2664   1.000015    -0.000000     0.900983    -0.433890     0.900983    -0.433890     0.623499    -0.781843 
      102         1     2.3255   1.000013    -0.000000    -0.900981     0.433889     0.900981    -0.433889    -0.623498     0.781842 
      103         1     2.4719   1.000013    -0.000000     0.900980    -0.433889     0.900980    -0.433889     0.623498    -0.781842 
      104         1     2.5243   1.000011     0.000000    -0.900978     0.433888    -0.900978     0.433888     0.623496    -0.781840 
      105         1     2.7965   1.000011     0.000000     0.900979    -0.433889    -0.900979     0.433888    -0.623497     0.781840 
      106         1     2.8138   1.000008     0.000000    -0.900976     0.433887    -0.900976     0.433887     0.623495    -0.781838 
      107         1     3.1050   1.000015     0.000000     0.900983    -0.433890     0.900983    -0.433890     0.623499    -0.781843 
      108         1     3.2509   1.000010     0.000000    -0.900978     0.433888     0.900978    -0.433888    -0.623496     0.781839 
      109         1     4.8524   1.000010     0.000000     0.900977    -0.433888     0.900977    -0.433888     0.623496    -0.781839 
      110         1     4.9030   1.000015    -0.000000     0.900982    -0.433890    -0.900982     0.433890    -0.623499     0.781843 
      111         1     5.3002   1.000012    -0.000000    -0.900980     0.433889     0.900980    -0.433889    -0.623497     0.781841 
      112         1     5.6570   1.000012     0.000000    -0.900979     0.433889    -0.900979     0.433889     0.623497    -0.781840 
      113         1     6.4440   1.000014     0.000000    -0.900981     0.433890    -0.900981     0.433890     0.623498    -0.781842 
      114         1     6.7856   1.000011    -0.000000     0.900979    -0.433889    -0.900979     0.433889    -0.623497     0.781840 
      115         1     6.8983   1.000016     0.000000     0.900983    -0.433891     0.900983    -0.433891     0.623500    -0.781844 
      116         1     7.0156   1.000014     0.000000    -0.900981     0.433890     0.900981    -0.433890    -0.623498     0.781842 
      117         1     7.3267   1.000013    -0.000000    -0.900980     0.433889    -0.900980     0.433889     0.623498    -0.781841 
      118         1     7.4156   1.000012    -0.000000    -0.900980     0.433889     0.900980    -0.433889    -0.623497     0.781841 
      119         1     7.5602   1.000009     0.000000     0.900977    -0.433888    -0.900977     0.433888    -0.623495     0.781838 
      120         1     7.8422   1.000011    -0.000000     0.900979    -0.433888    -0.900979     0.433888    -0.623497     0.781840 
      121         1     7.8954   1.000013    -0.000000     0.900981    -0.433890     0.900981    -0.433890     0.623498    -0.781842 
      122         1     7.9199   1.000014     0.000000    -0.900981     0.433890    -0.900981     0.433890     0.623498    -0.781842 
      123         1     8.3568   1.000015     0.000000     0.900982    -0.433890     0.900982    -0.433890     0.623499    -0.781843 
      124         1     8.4984   1.000018    -0.000000    -0.900985     0.433892     0.900985    -0.433892    -0.623501     0.781846 
      125         1     8.7296   1.000011     0.000000     0.900978    -0.433888     0.900978    -0.433888     0.623496    -0.781840 
      126         1     8.9325   1.000014     0.000000    -0.900982     0.433890    -0.900982     0.433890     0.623499    -0.781843 
      127         1     9.2269   1.000016    -0.000000    -0.900983     0.433891     0.900983    -0.433891    -0.623500     0.781844 
      128         1     9.3092   1.000012    -0.000000     0.900980    -0.433889    -0.900980     0.433889    -0.623497     0.781841 
      129         1     9.7371   1.000020    -0.000000    -0.900987     0.433892    -0.900987     0.433892     0.623502    -0.781847 
      130         1     9.7395   1.000012    -0.000000     0.900980    -0.433889     0.900980    -0.433889     0.623497    -0.781841 
      131         1     9.8709   1.000019     0.000000    -0.900986     0.433892     0.900986    -0.433892    -0.623502     0.781847 
      132         1     9.9574   1.000016    -0.000000     0.900983    -0.433891    -0.900983     0.433891    -0.623500     0.781844 
      133         1    10.1278   1.000014    -0.000000     0.900982    -0.433890     0.900982    -0.433890     0.623499    -0.781843 
      134         1    10.1513   1.000018     0.000000    -0.900985     0.433891    -0.900985     0.433891     0.623501    -0.781845 
      135         1    10.3469   1.000014     0.000000    -0.900981     0.433890     0.900981    -0.433890    -0.623498     0.781842 
      136         1    10.3979   1.000014    -0.000000    -0.900982     0.433890    -0.900982     0.433890     0.623499    -0.781843 
      137         1    10.5484   1.000016     0.000000     0.900981    -0.433890    -0.900982     0.433890    -0.623498     0.781842 
      138         1    10.5596   1.000014    -0.000000     0.900970    -0.433884     0.900968    -0.433884     0.623496    -0.781839 
      139         1    10.7276   1.000018    -0.000000    -0.900549     0.433682     0.900216    -0.433521    -0.623040     0.781267 
      140         1    10.9542   1.000025     0.000000     0.898508    -0.432699    -0.889264     0.428247    -0.614723     0.770839 
      141         1    11.0033   1.000026     0.000000     0.588357    -0.283338     0.558878    -0.269141     0.601309    -0.754018 
4 
 1  2  3  4 
        1         2   -25.4559   2.000067    -0.000000    -1.801994     0.867795     0.000003    -0.000004    -0.000001     0.000005 
        3         2   -25.4513   2.000059    -0.000000     1.801987    -0.867791    -0.000002     0.000002    -0.000001     0.000002 
        5         2   -25.4414   2.000093     0.000000    -1.801897     0.867748     0.000011    -0.000013    -0.000005     0.000023 
        7         2   -25.4409   2.000069     0.000000     1.801876    -0.867738     0.000000    -0.000000    -0.000000     0.000000 
        9         2   -25.4120   2.000073     0.000000     1.801718    -0.867662    -0.000007     0.000009    -0.000002     0.000010 
       11         2   -25.4117   2.000099     0.000000    -1.801741     0.867673     0.000035    -0.000043    -0.000009     0.000041 
       13         2   -25.3895   2.000073     0.000000    -1.801917     0.867758    -0.000001     0.000001    -0.000000     0.000000 
       15         2   -25.3889   2.000076    -0.000000     1.801920    -0.867759     0.000001    -0.000002     0.000000    -0.000000 
       17         2   -25.3842   2.000076    -0.000000     1.801937    -0.867767     0.000002    -0.000002     0.000001    -0.000002 
       19         2   -25.3836   2.000099    -0.000000    -1.801957     0.867777     0.000011    -0.000013    -0.000003     0.000015 
       21         1   -12.6774   1.000012    -0.000000     0.900980    -0.433889     0.623497    -0.781841     0.222524    -0.974940 
       22         1   -12.5231   1.000013     0.000000     0.900981    -0.433889    -0.623498     0.781842    -0.222524     0.974941 
       23         1   -11.7229   1.000014     0.000000    -0.900981     0.433890     0.623498    -0.781842    -0.222524     0.974941 
       24         1   -11.7217   1.000013    -0.000000    -0.900981     0.433889    -0.623498     0.781842     0.222524    -0.974941 
       25         1   -11.4419   1.000011     0.000000    -0.900979     0.433889    -0.623497     0.781840     0.222523    -0.974939 
       26         1   -11.3106   1.000013    -0.000000     0.900981    -0.433889    -0.623498     0.781842    -0.222524     0.974941 
       27         1   -11.2929   1.000013     0.000000    -0.900980     0.433889     0.623498    -0.781842    -0.222524     0.974940 
       28         1   -11.2902   1.000015    -0.000000     0.900982    -0.433890     0.623499    -0.781843     0.222524    -0.974942 
       29         1   -11.0166   1.000015    -0.000000     0.900982    -0.433890    -0.623499     0.781843    -0.222524     0.974943 
       30         1   -10.9322   1.000013     0.000000    -0.900981     0.433890     0.623498    -0.781842    -0.222524     0.974941 
       31         1   -10.8596   1.000012     0.000000    -0.900979     0.433889    -0.623497     0.781841     0.222524    -0.974939 
       32         1   -10.8417   1.000010     0.000000     0.900977    -0.433888     0.623496    -0.781839     0.222523    -0.974937 
       33         1    -6.3291   1.000016     0.000000    -0.900983     0.433891    -0.623500     0.781844     0.222525    -0.974944 
       34         1    -6.3245   1.000014     0.000000    -0.900981     0.433890     0.623498    -0.781842    -0.222524     0.974941 
       35         1    -5.3930   1.000011     0.000000     0.900979    -0.433889     0.623497    -0.781840     0.222523    -0.974939 
       36         1    -5.2323   1.000014    -0.000000     0.900982    -0.433890    -0.623499     0.781843    -0.222524     0.974942 
       37         1    -2.6334   1.000012     0.000000    -0.900980     0.433889     0.623498    -0.781841    -0.222524     0.974940 
       38         1    -2.4586   1.000016     0.000000     0.900983    -0.433891    -0.623500     0.781844    -0.222525     0.974944 
       39         1    -2.3917   1.000011     0.000000    -0.900979     0.433889    -0.623497     0.781840     0.222523    -0.974939 
       40         1    -2.2730   1.000015     0.000000     0.900982    -0.433890     0.623499    -0.781843     0.222524    -0.974942 
       41         1    -2.0685   1.000012     0.000000    -0.900979     0.433889     0.623497    -0.781841    -0.222524     0.974939 
       42         1    -1.9957   1.000013     0.000000     0.900981    -0.433889     0.623498    -0.781842     0.222524    -0.974941 
       43         1    -1.9867   1.000010    -0.000000     0.900978    -0.433888    -0.623496     0.781840    -0.222523     0.974938 
       44         1    -1.8731   1.000014    -0.000000    -0.900981     0.433890    -0.623498     0.781842     0.222524    -0.974941 
       45         1    -1.7023   1.000009    -0.000000    -0.900977     0.433888    -0.623495     0.781838     0.222523    -0.974936 
       46         1    -1.6684   1.000009    -0.000000    -0.900977     0.433888     0.623495    -0.781838    -0.222523     0.974936 
       47         1    -1.5464   1.000009    -0.000000     0.900977    -0.433888    -0.623495     0.781838    -0.222523     0.974936 
       48         1    -1.4498   1.000008     0.000000     0.900976    -0.433887     0.623495    -0.781838     0.222523    -0.974936 
       49         1    -1.3618   1.000016     0.000000    -0.900983     0.433890    -0.623500     0.781844     0.222524    -0.974943 
       50         1    -1.2741   1.000011    -0.000000    -0.900978     0.433888     0.623496    -0.781840    -0.222523     0.974938 
       51         1    -0.9807   1.000010     0.000000     0.900978    -0.433888     0.623496    -0.781839     0.222523    -0.974938 
       52         1    -0.9210   1.000011    -0.000000     0.900979    -0.433889    -0.623497     0.781840    -0.222523     0.974939 
       53         1    -0.9182   1.000009    -0.000000    -0.900977     0.433888    -0.623496     0.781839     0.222523    -0.974937 
       54         1    -0.8827   1.000010    -0.000000    -0.900978     0.433888     0.623496    -0.781840    -0.222523     0.974938 
       55         1    -0.8595   1.000012     0.000000     0.900980    -0.433889     0.623497    -0.781841     0.222524    -0.974940 
       56         1    -0.6902   1.000015    -0.000000    -0.900983     0.433890     0.623499    -0.781843    -0.222524     0.974943 
       57         1    -0.6577   1.000015     0.000000    -0.900982     0.433890    -0.623499     0.781843     0.222524    -0.974943 
       58         1    -0.6266   1.000013    -0.000000     0.900981    -0.433889    -0.623498     0.781842    -0.222524     0.974941 
       59         1    -0.6229   1.000013     0.000000     0.900980    -0.433889     0.623498    -0.781841     0.222524    -0.974940 
       60         1    -0.6185   1.000012    -0.000000     0.900980    -0.433889    -0.623497     0.781841    -0.222524     0.974940 
       61         1    -0.6004   1.000011     0.000000    -0.900979     0.433889     0.623497    -0.781840    -0.222523     0.974939 
       62         1    -0.5232   1.000017     0.000000     0.900984    -0.433891     0.623500    -0.781844     0.222525    -0.974944 
       63         1    -0.5035   1.000014     0.000000    -0.900981     0.433890    -0.623498     0.781842     0.222524    -0.974941 
       64         1    -0.4837   1.000016    -0.000000    -0.900984     0.433891     0.623500    -0.781844    -0.222525     0.974944 
       65         1    -0.4700   1.000012     0.000000    -0.900979     0.433889    -0.623497     0.781841     0.222524    -0.974939 
       66         1    -0.4365   1.000012     0.000000     0.900980    -0.433889    -0.623497     0.781841    -0.222524     0.974940 
       67         1    -0.3667   1.000014    -0.000000     0.900982    -0.433890     0.623499    -0.781843     0.222524    -0.974942 
       68         1    -0.3419   1.000009    -0.000000     0.900977    -0.433888    -0.623496     0.781839    -0.222523     0.974937 
       69         1     0.5198   1.000027    -0.000000    -0.900993     0.433895    -0.623507     0.781853     0.222527    -0.974954 
       70         1     0.5295   1.000027     0.000000    -0.900993     0.433895     0.623506    -0.781852    -0.222527     0.974954 
       71         1     0.5377   1.000030     0.000000     0.900996    -0.433897    -0.623508     0.781855    -0.222528     0.974957 
       72         1     0.5546   1.000030    -0.000000     0.900996    -0.433897     0.623508    -0.781855     0.222528    -0.974957 
       73         1     0.5656   1.000026    -0.000000    -0.900992     0.433895     0.623506    -0.781852    -0.222527     0.974953 
       74         1     0.6100   1.000025    -0.000000    -0.900991     0.433895     0.623505    -0.781851    -0.222526     0.974952 
       75         1     0.6153   1.000028    -0.000000     0.900994    -0.433896    -0.623507     0.781854    -0.222527     0.974956 
       76         1     0.6179   1.000028     0.000000     0.900993    -0.433896     0.623507    -0.781853     0.222527    -0.974954 
       77         1     0.6189   1.000037     0.000000    -0.901001     0.433899    -0.623512     0.781860     0.222529    -0.974963 
       78         1     0.6389   1.000033     0.000000     0.900998    -0.433898    -0.623510     0.781856    -0.222528     0.974959 
       79         1     0.6405   1.000029    -0.000000     0.900995    -0.433896     0.623508    -0.781854     0.222527    -0.974956 
       80         1     0.6457   1.000027     0.000000    -0.900993     0.433895    -0.623507     0.781852     0.222527    -0.974954 
       81         1     0.6919   1.000025     0.000000    -0.900991     0.433894     0.623505    -0.781851    -0.222526     0.974952 
       82         1     0.7227   1.000028    -0.000000     0.900994    -0.433896    -0.623507     0.781853    -0.222527     0.974955 
       83         1     0.7237   1.000031    -0.000000     0.900997    -0.433897     0.623509    -0.781855     0.222528    -0.974958 
       84         1     0.7278   1.000025     0.000000    -0.900991     0.433894    -0.623505     0.781851     0.222526    -0.974952 
       85         1     0.8318   1.000021     0.000000    -0.900988     0.433893     0.623503    -0.781848    -0.222526     0.974948 
       86         1     0.8450   1.000022     0.000000    -0.900989     0.433893    -0.623504     0.781849     0.222526    -0.974950 
       87         1     0.8844   1.000022    -0.000000     0.900988    -0.433893    -0.623503     0.781848    -0.222526     0.974949 
       88         1     0.9801   1.000021    -0.000000    -0.900988     0.433893    -0.623503     0.781848     0.222526    -0.974948 
       89         1     1.0501   1.000016     0.000000     0.900983    -0.433891     0.623500    -0.781844     0.222524    -0.974943 
       90         1     1.1348   1.000023    -0.000000    -0.900990     0.433894     0.623504    -0.781849    -0.222526     0.974950 
       91         1     1.2706   1.000017    -0.000000     0.900984    -0.433891     0.623500    -0.781845     0.222525    -0.974945 
       92         1     1.2753   1.000021    -0.000000     0.900988    -0.433893    -0.623503     0.781848    -0.222526     0.974949 
       93         1     1.2793   1.000016    -0.000000    -0.900983     0.433891     0.623500    -0.781844    -0.222524     0.974943 
       94         1     1.4349   1.000021    -0.000000     0.900988    -0.433893    -0.623503     0.781848    -0.222526     0.974948 
       95         1     1.5522   1.000017     0.000000    -0.900984     0.433891    -0.623500     0.781845     0.222525    -0.974944 
       96         1     1.5908   1.000017    -0.000000     0.900984    -0.433891     0.623500    -0.781845     0.222525    -0.974945 
       97         1     1.6538   1.000020    -0.000000     0.900987    -0.433893    -0.623502     0.781847    -0.222525     0.974948 
       98         1     1.8770   1.000022     0.000000    -0.900988     0.433893     0.623503    -0.781848    -0.222526     0.974949 
       99         1     1.9276   1.000014    -0.000000    -0.900982     0.433890    -0.623499     0.781843     0.222524    -0.974942 
      100         1     1.9434   1.000017    -0.000000     0.900984    -0.433891     0.623500    -0.781844     0.222525    -0.974944 
      101         1     2.1083   1.000013    -0.000000     0.900981    -0.433890     0.623498    -0.781842     0.222524    -0.974941 
      102         1     2.1963   1.000010     0.000000    -0.900978     0.433888     0.623496    -0.781839    -0.222523     0.974937 
      103         1     2.2888   1.000013     0.000000    -0.900980     0.433889    -0.623498     0.781841     0.222524    -0.974940 
      104         1     2.3930   1.000015     0.000000     0.900983    -0.433890    -0.623499     0.781843    -0.222524     0.974943 
      105         1     2.7494   1.000015    -0.000000    -0.900982     0.433890    -0.623499     0.781843     0.222524    -0.974943 
      106         1     2.8698   1.000014     0.000000     0.900981    -0.433890    -0.623498     0.781842    -0.222524     0.974941 
      107         1     2.8917   1.000014     0.000000     0.900982    -0.433890     0.623499    -0.781843     0.222524    -0.974942 
      108         1     3.1683   1.000012     0.000000    -0.900979     0.433889     0.623497    -0.781841    -0.222524     0.974939 
      109         1     4.9730   1.000012     0.000000     0.900980    -0.433889    -0.623497     0.781841    -0.222524     0.974940 
      110         1     5.0536   1.000008    -0.000000     0.900976    -0.433887     0.623495    -0.781837     0.222523    -0.974935 
      111         1     5.5345   1.000012     0.000000    -0.900980     0.433889    -0.623497     0.781841     0.222524    -0.974940 
      112         1     5.6830   1.000013    -0.000000    -0.900980     0.433889     0.623498    -0.781842    -0.222524     0.974940 
      113         1     6.4416   1.000010    -0.000000     0.900978    -0.433888    -0.623496     0.781840    -0.222523     0.974938 
      114         1     6.9042   1.000015     0.000000    -0.900982     0.433890    -0.623499     0.781843     0.222524    -0.974942 
      115         1     7.0197   1.000014     0.000000    -0.900982     0.433890    -0.623499     0.781843     0.222524    -0.974942 
      116         1     7.1690   1.000011     0.000000    -0.900979     0.433888     0.623496    -0.781840    -0.222523     0.974938 
      117         1     7.1783   1.000012    -0.000000     0.900980    -0.433889     0.623497    -0.781841     0.222524    -0.974940 
      118         1     7.4686   1.000011    -0.000000     0.900979    -0.433889    -0.623497     0.781840    -0.222523     0.974939 
      119         1     7.6468   1.000010    -0.000000    -0.900978     0.433888     0.623496    -0.781839    -0.222523     0.974938 
      120         1     7.8059   1.000013    -0.000000     0.900981    -0.433889    -0.623498     0.781842    -0.222524     0.974941 
      121         1     7.8869   1.000011    -0.000000    -0.900979     0.433889    -0.623497     0.781840     0.222523    -0.974939 
      122         1     8.0283   1.000012     0.000000     0.900980    -0.433889     0.623497    -0.781841     0.222524    -0.974940 
      123         1     8.0769   1.000010    -0.000000     0.900978    -0.433888     0.623496    -0.781840     0.222523    -0.974938 
      124         1     8.2514   1.000014    -0.000000    -0.900981     0.433890     0.623498    -0.781842    -0.222524     0.974941 
      125         1     9.0047   1.000016     0.000000     0.900983    -0.433891     0.623500    -0.781844     0.222524    -0.974943 
      126         1     9.0478   1.000016     0.000000    -0.900983     0.433891    -0.623500     0.781844     0.222524    -0.974943 
      127         1     9.2340   1.000017    -0.000000    -0.900984     0.433891     0.623501    -0.781845    -0.222525     0.974945 
      128         1     9.2597   1.000016     0.000000     0.900983    -0.433891    -0.623500     0.781844    -0.222524     0.974943 
      129         1     9.9327   1.000012     0.000000    -0.900980     0.433889    -0.623497     0.781841     0.222524    -0.974940 
      130         1     9.9473   1.000015     0.000000     0.900982    -0.433890     0.623499    -0.781843     0.222524    -0.974943 
      131         1    10.0026   1.000016    -0.000000    -0.900983     0.433891     0.623500    -0.781844    -0.222525     0.974944 
      132         1    10.2341   1.000014     0.000000    -0.900982     0.433890     0.623499    -0.781842    -0.222524     0.974942 
      133         1    10.2757   1.000016     0.000000     0.900983    -0.433890     0.623500    -0.781844     0.222524    -0.974943 
      134         1    10.3602   1.000015    -0.000000    -0.900982     0.433890    -0.623499     0.781843     0.222524    -0.974942 
      135         1    10.5051   1.000011     0.000000     0.900979    -0.433888     0.623496    -0.781840     0.222523    -0.974938 
      136         1    10.5833   1.000013    -0.000000    -0.900960     0.433879     0.623482    -0.781821    -0.222523     0.974937 
      137         1    10.6447   1.000018    -0.000000     0.900929    -0.433864    -0.623477     0.781815    -0.222517     0.974911 
      138         1    10.7495   1.000020    -0.000000     0.900071    -0.433451    -0.623121     0.781369    -0.222425     0.974506 
      139         1    10.7759   1.000022     0.000000    -0.897880     0.432396     0.619913    -0.777346    -0.221951     0.972429 
      140         1    10.8514   1.000022    -0.000000    -0.822175     0.395938    -0.602355     0.755329     0.209637    -0.918481 
      141         1    10.8747   1.000025     0.000000     0.874461    -0.421118     0.599642    -0.751927     0.218768    -0.958485 
4 
 1  2  3  4 
        1         2   -25.4559   2.000085    -0.000000    -1.802010     0.867802     0.000001    -0.000005     0.000001     0.000005 
        3         2   -25.4513   2.000062     0.000000     1.801989    -0.867792     0.000000    -0.000001    -0.000000    -0.000001 
        5         2   -25.4413   2.000074    -0.000000    -1.801879     0.867739    -0.000000     0.000000     0.000000     0.000002 
        7         2   -25.4409   2.000079    -0.000000     1.801885    -0.867742    -0.000002     0.000010     0.000002     0.000008 
        9         2   -25.4120   2.000089    -0.000000     1.801741    -0.867673    -0.000001     0.000003     0.000000     0.000002 
       11         2   -25.4117   2.000095     0.000000    -1.801745     0.867674     0.000001    -0.000005     0.000000     0.000001 
       13         2   -25.3895   2.000112     0.000000    -1.801951     0.867774     0.000001    -0.000005     0.000001     0.000004 
       15         2   -25.3889   2.000108     0.000000     1.801948    -0.867772     0.000002    -0.000011    -0.000002    -0.000011 
       17         2   -25.3842   2.000106     0.000000     1.801963    -0.867780     0.000002    -0.000010    -0.000002    -0.000011 
       19         2   -25.3836   2.000080     0.000000    -1.801940     0.867768    -0.000000     0.000002    -0.000000    -0.000002 
       21         1   -12.5821   1.000015    -0.000000     0.900982    -0.433890     0.222524    -0.974942    -0.222524    -0.974942 
       22         1   -12.5527   1.000012    -0.000000     0.900980    -0.433889    -0.222524     0.974940     0.222524     0.974940 
       23         1   -11.7263   1.000012     0.000000    -0.900979     0.433889     0.222524    -0.974939     0.222524     0.974939 
       24         1   -11.6407   1.000013     0.000000    -0.900981     0.433889    -0.222524     0.974941    -0.222524    -0.974941 
       25         1   -11.4111   1.000011    -0.000000    -0.900979     0.433889    -0.222523     0.974939    -0.222523    -0.974939 
       26         1   -11.3641   1.000011     0.000000     0.900978    -0.433888     0.222523    -0.974938    -0.222523    -0.974938 
       27         1   -11.3388   1.000015     0.000000     0.900982    -0.433890    -0.222524     0.974942     0.222524     0.974942 
       28         1   -11.3282   1.000013     0.000000    -0.900980     0.433889     0.222524    -0.974940     0.222524     0.974940 
       29         1   -11.0135   1.000014     0.000000     0.900981    -0.433890    -0.222524     0.974942     0.222524     0.974942 
       30         1   -10.9730   1.000014     0.000000    -0.900981     0.433890     0.222524    -0.974941     0.222524     0.974941 
       31         1   -10.9234   1.000017     0.000000    -0.900984     0.433891    -0.222525     0.974944    -0.222525    -0.974944 
       32         1   -10.8602   1.000012     0.000000     0.900980    -0.433889     0.222524    -0.974940    -0.222524    -0.974940 
       33         1    -6.3139   1.000013     0.000000    -0.900980     0.433889    -0.222524     0.974940    -0.222524    -0.974940 
       34         1    -6.3072   1.000012    -0.000000    -0.900980     0.433889     0.222524    -0.974940     0.222524     0.974940 
       35         1    -5.2988   1.000014    -0.000000     0.900981    -0.433890     0.222524    -0.974941    -0.222524    -0.974941 
       36         1    -5.2332   1.000013     0.000000     0.900981    -0.433890    -0.222524     0.974941     0.222524     0.974941 
       37         1    -2.5042   1.000015    -0.000000    -0.900982     0.433890     0.222524    -0.974942     0.222524     0.974942 
       38         1    -2.4920   1.000016     0.000000     0.900983    -0.433891    -0.222525     0.974944     0.222525     0.974944 
       39         1    -2.4818   1.000015    -0.000000    -0.900982     0.433890    -0.222524     0.974942    -0.222524    -0.974942 
       40         1    -2.2427   1.000013     0.000000     0.900981    -0.433890     0.222524    -0.974941    -0.222524    -0.974941 
       41         1    -2.0867   1.000015    -0.000000    -0.900982     0.433890     0.222524    -0.974942     0.222524     0.974942 
       42         1    -2.0395   1.000012     0.000000    -0.900980     0.433889    -0.222524     0.974940    -0.222524    -0.974940 
       43         1    -1.9737   1.000006     0.000000     0.900975    -0.433887     0.222522    -0.974934    -0.222522    -0.974934 
       44         1    -1.7702   1.000009    -0.000000     0.900977    -0.433888    -0.222523     0.974937     0.222523     0.974937 
       45         1    -1.6336   1.000009    -0.000000    -0.900977     0.433887    -0.222523     0.974936    -0.222523    -0.974936 
       46         1    -1.6222   1.000010    -0.000000     0.900978    -0.433888     0.222523    -0.974938    -0.222523    -0.974938 
       47         1    -1.5321   1.000009    -0.000000    -0.900977     0.433887     0.222523    -0.974936     0.222523     0.974936 
       48         1    -1.4768   1.000008    -0.000000     0.900976    -0.433887    -0.222523     0.974936     0.222523     0.974936 
       49         1    -1.4099   1.000008    -0.000000    -0.900976     0.433887     0.222523    -0.974936     0.222523     0.974936 
       50         1    -1.2769   1.000009    -0.000000    -0.900977     0.433888    -0.222523     0.974937    -0.222523    -0.974937 
       51         1    -1.0094   1.000009     0.000000     0.900977    -0.433888    -0.222523     0.974937     0.222523     0.974937 
       52         1    -0.9545   1.000009    -0.000000     0.900977    -0.433888     0.222523    -0.974936    -0.222523    -0.974936 
       53         1    -0.9116   1.000009     0.000000    -0.900977     0.433888    -0.222523     0.974937    -0.222523    -0.974937 
       54         1    -0.8037   1.000013     0.000000     0.900980    -0.433889     0.222524    -0.974940    -0.222524    -0.974940 
       55         1    -0.7585   1.000013     0.000000    -0.900980     0.433889     0.222524    -0.974940     0.222524     0.974940 
       56         1    -0.6985   1.000012     0.000000    -0.900980     0.433889     0.222524    -0.974940     0.222524     0.974940 
       57         1    -0.6378   1.000013    -0.000000    -0.900980     0.433889    -0.222524     0.974940    -0.222524    -0.974940 
       58         1    -0.6330   1.000015    -0.000000     0.900982    -0.433890    -0.222524     0.974942     0.222524     0.974942 
       59         1    -0.6203   1.000014     0.000000     0.900981    -0.433890     0.222524    -0.974941    -0.222524    -0.974941 
       60         1    -0.5999   1.000015    -0.000000    -0.900982     0.433890     0.222524    -0.974942     0.222524     0.974942 
       61         1    -0.5749   1.000013     0.000000     0.900980    -0.433889    -0.222524     0.974940     0.222524     0.974940 
       62         1    -0.5480   1.000013    -0.000000    -0.900980     0.433889    -0.222524     0.974940    -0.222524    -0.974940 
       63         1    -0.5017   1.000015    -0.000000    -0.900983     0.433890     0.222524    -0.974943     0.222524     0.974943 
       64         1    -0.4969   1.000016    -0.000000     0.900983    -0.433891     0.222524    -0.974943    -0.222524    -0.974943 
       65         1    -0.4946   1.000013     0.000000     0.900980    -0.433889    -0.222524     0.974940     0.222524     0.974940 
       66         1    -0.4799   1.000016    -0.000000    -0.900983     0.433891    -0.222524     0.974943    -0.222524    -0.974943 
       67         1    -0.3827   1.000012    -0.000000     0.900979    -0.433889    -0.222523     0.974939     0.222523     0.974939 
       68         1    -0.3434   1.000017    -0.000000     0.900984    -0.433891     0.222525    -0.974944    -0.222525    -0.974944 
       69         1     0.5045   1.000030     0.000000    -0.900996     0.433897     0.222528    -0.974957     0.222528     0.974957 
       70         1     0.5188   1.000030     0.000000    -0.900995     0.433897    -0.222527     0.974957    -0.222527    -0.974957 
       71         1     0.5422   1.000026     0.000000     0.900992    -0.433895    -0.222527     0.974953     0.222527     0.974953 
       72         1     0.5471   1.000032     0.000000     0.900997    -0.433897     0.222528    -0.974958    -0.222528    -0.974958 
       73         1     0.5948   1.000024    -0.000000    -0.900990     0.433894     0.222526    -0.974951     0.222526     0.974951 
       74         1     0.6044   1.000024     0.000000     0.900990    -0.433894    -0.222526     0.974951     0.222526     0.974951 
       75         1     0.6165   1.000028    -0.000000     0.900994    -0.433896     0.222527    -0.974955    -0.222527    -0.974955 
       76         1     0.6215   1.000029     0.000000    -0.900995     0.433896     0.222527    -0.974953     0.222527     0.974953 
       77         1     0.6219   1.000031    -0.000000    -0.900996     0.433897    -0.222527     0.974953    -0.222527    -0.974954 
       78         1     0.6402   1.000036    -0.000000     0.901001    -0.433899    -0.222529     0.974963     0.222529     0.974963 
       79         1     0.6427   1.000030    -0.000000    -0.900996     0.433897    -0.222528     0.974957    -0.222528    -0.974957 
       80         1     0.6529   1.000027    -0.000000     0.900993    -0.433896     0.222527    -0.974954    -0.222527    -0.974955 
       81         2     0.6972   2.000074     0.000000    -0.000001     0.000000     0.000000    -0.000001     0.445058     1.949927 
       83         1     0.7394   1.000023    -0.000000     0.900989    -0.433894     0.222526    -0.974950    -0.222526    -0.974950 
       84         1     0.7640   1.000024    -0.000000    -0.900990     0.433894    -0.222526     0.974951    -0.222526    -0.974951 
       85         1     0.8360   1.000024    -0.000000    -0.900990     0.433894    -0.222526     0.974950    -0.222526    -0.974951 
       86         1     0.8557   1.000018    -0.000000    -0.900985     0.433892     0.222525    -0.974945     0.222525     0.974946 
       87         1     0.8609   1.000019     0.000000     0.900986    -0.433892    -0.222525     0.974946     0.222525     0.974946 
       88         1     1.0475   1.000020    -0.000000    -0.900987     0.433892    -0.222525     0.974947    -0.222525    -0.974947 
       89         1     1.0667   1.000017     0.000000     0.900984    -0.433891     0.222525    -0.974945    -0.222525    -0.974945 
       90         1     1.1359   1.000018    -0.000000    -0.900985     0.433892     0.222525    -0.974945     0.222525     0.974945 
       91         1     1.2427   1.000020     0.000000     0.900987    -0.433892     0.222525    -0.974947    -0.222525    -0.974947 
       92         1     1.3714   1.000022     0.000000     0.900989    -0.433893    -0.222526     0.974949     0.222526     0.974949 
       93         1     1.4723   1.000023    -0.000000     0.900989    -0.433894     0.222526    -0.974950    -0.222526    -0.974950 
       94         1     1.4755   1.000024     0.000000    -0.900990     0.433894     0.222526    -0.974951     0.222526     0.974951 
       95         1     1.4865   1.000019     0.000000    -0.900986     0.433892    -0.222525     0.974946    -0.222525    -0.974946 
       96         1     1.5584   1.000022    -0.000000     0.900989    -0.433893    -0.222526     0.974950     0.222526     0.974950 
       97         1     1.6363   1.000024    -0.000000     0.900990    -0.433894    -0.222526     0.974951     0.222526     0.974951 
       98         1     1.7252   1.000022     0.000000    -0.900989     0.433893    -0.222526     0.974949    -0.222526    -0.974949 
       99         1     1.7635   1.000015    -0.000000     0.900983    -0.433890     0.222524    -0.974943    -0.222524    -0.974943 
      100         1     1.8336   1.000017     0.000000    -0.900984     0.433891     0.222525    -0.974945     0.222525     0.974944 
      101         1     2.0118   1.000014    -0.000000     0.900982    -0.433890     0.222524    -0.974942    -0.222524    -0.974942 
      102         1     2.0899   1.000015     0.000000    -0.900982     0.433890    -0.222524     0.974943    -0.222524    -0.974943 
      103         1     2.3153   1.000013     0.000000    -0.900980     0.433889     0.222524    -0.974940     0.222524     0.974940 
      104         1     2.4437   1.000014    -0.000000     0.900982    -0.433890    -0.222524     0.974942     0.222524     0.974942 
      105         1     2.7637   1.000014     0.000000     0.900981    -0.433890     0.222524    -0.974941    -0.222524    -0.974941 
      106         1     2.7700   1.000015     0.000000    -0.900982     0.433890    -0.222524     0.974943    -0.222524    -0.974943 
      107         1     3.0181   1.000012    -0.000000     0.900979    -0.433889    -0.222524     0.974939     0.222524     0.974939 
      108         1     3.0886   1.000009    -0.000000    -0.900977     0.433888     0.222523    -0.974937     0.222523     0.974937 
      109         1     5.0002   1.000011    -0.000000     0.900979    -0.433889     0.222523    -0.974939    -0.222523    -0.974939 
      110         1     5.0341   1.000009    -0.000000     0.900977    -0.433888    -0.222523     0.974937     0.222523     0.974937 
      111         1     5.5354   1.000013     0.000000    -0.900981     0.433889    -0.222524     0.974941    -0.222524    -0.974941 
      112         1     5.7133   1.000006    -0.000000    -0.900975     0.433887     0.222522    -0.974934     0.222522     0.974934 
      113         1     6.3647   1.000014     0.000000     0.900982    -0.433890    -0.222524     0.974942     0.222524     0.974942 
      114         1     6.8353   1.000014     0.000000    -0.900981     0.433890    -0.222524     0.974941    -0.222524    -0.974941 
      115         1     7.0007   1.000010     0.000000    -0.900978     0.433888     0.222523    -0.974937     0.222523     0.974937 
      116         1     7.1592   1.000013    -0.000000     0.900980    -0.433889     0.222524    -0.974940    -0.222524    -0.974940 
      117         1     7.2572   1.000010     0.000000    -0.900978     0.433888    -0.222523     0.974938    -0.222523    -0.974938 
      118         1     7.4162   1.000016    -0.000000    -0.900984     0.433891     0.222525    -0.974944     0.222525     0.974944 
      119         1     7.4581   1.000014     0.000000     0.900981    -0.433890    -0.222524     0.974941     0.222524     0.974941 
      120         1     7.5868   1.000017     0.000000     0.900985    -0.433891     0.222525    -0.974945    -0.222525    -0.974945 
      121         1     7.8860   1.000013     0.000000     0.900980    -0.433889    -0.222524     0.974940     0.222524     0.974940 
      122         1     7.9451   1.000010    -0.000000     0.900978    -0.433888     0.222523    -0.974938    -0.222523    -0.974938 
      123         1     7.9899   1.000010    -0.000000    -0.900978     0.433888    -0.222523     0.974938    -0.222523    -0.974938 
      124         1     8.0970   1.000014     0.000000    -0.900981     0.433890     0.222524    -0.974942     0.222524     0.974942 
      125         1     9.0472   1.000011    -0.000000    -0.900979     0.433889    -0.222523     0.974939    -0.222523    -0.974939 
      126         1     9.0797   1.000014    -0.000000     0.900981    -0.433890    -0.222524     0.974941     0.222524     0.974941 
      127         1     9.3681   1.000012    -0.000000    -0.900980     0.433889     0.222524    -0.974940     0.222524     0.974940 
      128         1     9.4267   1.000017     0.000000     0.900984    -0.433891     0.222525    -0.974945    -0.222525    -0.974945 
      129         1     9.7022   1.000015    -0.000000    -0.900982     0.433890     0.222524    -0.974943     0.222524     0.974943 
      130         1     9.7955   1.000020     0.000000     0.900987    -0.433893     0.222525    -0.974948    -0.222525    -0.974948 
      131         1    10.0319   1.000015    -0.000000    -0.900982     0.433890    -0.222524     0.974942    -0.222524    -0.974942 
      132         1    10.2318   1.000015    -0.000000     0.900982    -0.433890    -0.222524     0.974942     0.222524     0.974943 
      133         1    10.2409   1.000014    -0.000000    -0.900981     0.433890     0.222524    -0.974941     0.222524     0.974941 
      134         1    10.2647   1.000015    -0.000000    -0.900982     0.433890    -0.222524     0.974942    -0.222524    -0.974942 
      135         1    10.3666   1.000014     0.000000     0.900981    -0.433890     0.222524    -0.974941    -0.222524    -0.974941 
      136         1    10.5949   1.000015     0.000000     0.900976    -0.433887    -0.222523     0.974935     0.222524     0.974942 
      137         1    10.6228   1.000018    -0.000000     0.900970    -0.433885     0.222522    -0.974933    -0.222519    -0.974918 
      138         1    10.7457   1.000019    -0.000000    -0.900937     0.433868    -0.222505     0.974859    -0.222497    -0.974823 
      139         1    10.8146   1.000017    -0.000000    -0.900507     0.433662     0.222413    -0.974453     0.222518     0.974915 
      140         1    10.8568   1.000028     0.000000    -0.896788     0.431870     0.221498    -0.970446     0.222514     0.974899 
      141         1    11.0952   1.000028    -0.000000    -0.037916     0.018259     0.012433    -0.054473     0.219457     0.961503 
4 
 1  2  3  4 
        1         2   -25.4559   2.000062     0.000000    -1.801988     0.867792     0.000000     0.000001    -0.000000    -0.000001 
        3         2   -25.4513   2.000060    -0.000000     1.801987    -0.867791    -0.000001    -0.000003    -0.000002    -0.000002 
        5         2   -25.4413   2.000071    -0.000000    -1.801877     0.867738     0.000002     0.000008    -0.000005    -0.000007 
        7         2   -25.4409   2.000087    -0.000000     1.801893    -0.867746     0.000007     0.000030     0.000018     0.000022 
        9         2   -25.4120   2.000094    -0.000000     1.801744    -0.867674    -0.000009    -0.000039    -0.000028    -0.000035 
       11         2   -25.4117   2.000088    -0.000000    -1.801737     0.867671     0.000005     0.000022    -0.000014    -0.000017 
       13         2   -25.3895   2.000097    -0.000000    -1.801934     0.867766    -0.000001    -0.000003     0.000000     0.000001 
       15         2   -25.3889   2.000077     0.000000     1.801917    -0.867757    -0.000002    -0.000009    -0.000006    -0.000007 
       17         2   -25.3842   2.000076    -0.000000     1.801938    -0.867767     0.000001     0.000004     0.000002     0.000003 
       19         2   -25.3835   2.000071     0.000000    -1.801933     0.867765     0.000003     0.000011    -0.000006    -0.000007 
       21         1   -12.6393   1.000012     0.000000     0.900980    -0.433889     0.222524     0.974939     0.623497     0.781841 
       22         1   -12.5334   1.000015     0.000000     0.900982    -0.433890    -0.222524    -0.974942    -0.623499    -0.781843 
       23         1   -11.7557   1.000014     0.000000    -0.900982     0.433890    -0.222524    -0.974942     0.623499     0.781843 
       24         1   -11.5951   1.000012     0.000000    -0.900980     0.433889     0.222524     0.974940    -0.623497    -0.781841 
       25         1   -11.3738   1.000010    -0.000000    -0.900978     0.433888     0.222523     0.974938    -0.623496    -0.781840 
       26         1   -11.3644   1.000012    -0.000000    -0.900980     0.433889    -0.222524    -0.974940     0.623497     0.781841 
       27         1   -11.3521   1.000013     0.000000     0.900981    -0.433889    -0.222524    -0.974941    -0.623498    -0.781842 
       28         1   -11.2800   1.000014     0.000000     0.900981    -0.433890     0.222524     0.974941     0.623498     0.781842 
       29         1   -10.9885   1.000015     0.000000     0.900982    -0.433890     0.222524     0.974943     0.623499     0.781843 
       30         1   -10.9659   1.000015     0.000000    -0.900983     0.433890    -0.222524    -0.974943     0.623499     0.781844 
       31         1   -10.9462   1.000014     0.000000    -0.900981     0.433890     0.222524     0.974941    -0.623498    -0.781842 
       32         1   -10.8872   1.000013    -0.000000     0.900981    -0.433889    -0.222524    -0.974941    -0.623498    -0.781842 
       33         1    -6.3335   1.000015    -0.000000    -0.900982     0.433890     0.222524     0.974942    -0.623499    -0.781843 
       34         1    -6.3190   1.000014     0.000000    -0.900981     0.433890    -0.222524    -0.974941     0.623498     0.781842 
       35         1    -5.3456   1.000013     0.000000     0.900981    -0.433889     0.222524     0.974941     0.623498     0.781842 
       36         1    -5.2842   1.000012    -0.000000     0.900980    -0.433889    -0.222524    -0.974939    -0.623497    -0.781841 
       37         1    -2.6458   1.000015    -0.000000    -0.900982     0.433890     0.222524     0.974942    -0.623499    -0.781843 
       38         1    -2.5731   1.000014     0.000000     0.900981    -0.433890     0.222524     0.974941     0.623498     0.781842 
       39         1    -2.3752   1.000016     0.000000    -0.900983     0.433891    -0.222525    -0.974944     0.623500     0.781844 
       40         1    -2.2798   1.000013     0.000000     0.900981    -0.433889    -0.222524    -0.974941    -0.623498    -0.781842 
       41         1    -2.2115   1.000013    -0.000000    -0.900981     0.433890     0.222524     0.974941    -0.623498    -0.781842 
       42         1    -2.0329   1.000014     0.000000     0.900982    -0.433890    -0.222524    -0.974942    -0.623499    -0.781843 
       43         1    -2.0271   1.000017     0.000000    -0.900984     0.433891    -0.222525    -0.974944     0.623500     0.781844 
       44         1    -1.8338   1.000012    -0.000000     0.900980    -0.433889    -0.222524    -0.974940    -0.623497    -0.781841 
       45         1    -1.7866   1.000008    -0.000000    -0.900976     0.433887    -0.222523    -0.974936     0.623495     0.781838 
       46         1    -1.5917   1.000008    -0.000000     0.900976    -0.433887     0.222523     0.974936     0.623495     0.781838 
       47         1    -1.4023   1.000011     0.000000    -0.900978     0.433888     0.222523     0.974938    -0.623496    -0.781840 
       48         1    -1.3673   1.000012     0.000000     0.900979    -0.433889     0.222524     0.974939     0.623497     0.781841 
       49         1    -1.2614   1.000008     0.000000    -0.900976     0.433887    -0.222523    -0.974936     0.623495     0.781838 
       50         1    -1.1410   1.000010    -0.000000    -0.900978     0.433888     0.222523     0.974937    -0.623496    -0.781839 
       51         1    -1.0394   1.000008    -0.000000     0.900976    -0.433887     0.222523     0.974935     0.623494     0.781837 
       52         1    -0.9380   1.000011     0.000000    -0.900979     0.433889     0.222523     0.974939    -0.623497    -0.781840 
       53         1    -0.7964   1.000013    -0.000000     0.900980    -0.433889    -0.222524    -0.974940    -0.623497    -0.781841 
       54         1    -0.7264   1.000009    -0.000000     0.900977    -0.433888    -0.222523    -0.974936    -0.623495    -0.781838 
       55         1    -0.6670   1.000013    -0.000000    -0.900980     0.433889    -0.222524    -0.974940     0.623498     0.781841 
       56         1    -0.6617   1.000016    -0.000000    -0.900984     0.433891    -0.222525    -0.974944     0.623500     0.781844 
       57         1    -0.6607   1.000012    -0.000000     0.900979    -0.433889     0.222523     0.974939     0.623497     0.781840 
       58         1    -0.6511   1.000013    -0.000000    -0.900980     0.433889     0.222524     0.974940    -0.623498    -0.781841 
       59         1    -0.6280   1.000015    -0.000000     0.900983    -0.433890    -0.222524    -0.974943    -0.623499    -0.781843 
       60         1    -0.6081   1.000016    -0.000000     0.900983    -0.433890     0.222524     0.974943     0.623500     0.781844 
       61         1    -0.6055   1.000011    -0.000000    -0.900978     0.433888     0.222523     0.974938    -0.623496    -0.781840 
       62         1    -0.5986   1.000013    -0.000000    -0.900980     0.433889    -0.222524    -0.974940     0.623498     0.781841 
       63         1    -0.5392   1.000014     0.000000     0.900981    -0.433890     0.222524     0.974941     0.623498     0.781842 
       64         1    -0.4989   1.000014     0.000000    -0.900981     0.433890     0.222524     0.974941    -0.623498    -0.781842 
       65         1    -0.4891   1.000011    -0.000000    -0.900979     0.433889    -0.222523    -0.974939     0.623497     0.781840 
       66         1    -0.4595   1.000018    -0.000000     0.900985    -0.433892    -0.222525    -0.974945    -0.623501    -0.781846 
       67         1    -0.4023   1.000014     0.000000     0.900981    -0.433890     0.222524     0.974941     0.623498     0.781842 
       68         1    -0.3237   1.000016    -0.000000     0.900983    -0.433891    -0.222524    -0.974943    -0.623500    -0.781844 
       69         1     0.4819   1.000032     0.000000    -0.900998     0.433898    -0.222528    -0.974959     0.623510     0.781857 
       70         1     0.4998   1.000024     0.000000     0.900990    -0.433894     0.222526     0.974951     0.623504     0.781850 
       71         1     0.5291   1.000034     0.000000    -0.900999     0.433898     0.222528     0.974961    -0.623511    -0.781858 
       72         1     0.5318   1.000027     0.000000     0.900993    -0.433895    -0.222527    -0.974954    -0.623506    -0.781852 
       73         1     0.5817   1.000027    -0.000000    -0.900993     0.433895     0.222527     0.974954    -0.623507    -0.781853 
       74         1     0.5850   1.000028     0.000000     0.900993    -0.433895     0.222527     0.974954     0.623507     0.781853 
       75         1     0.6164   1.000027     0.000000    -0.900993     0.433895    -0.222527    -0.974954     0.623506     0.781852 
       76         1     0.6287   1.000027    -0.000000    -0.900993     0.433895     0.222527     0.974954    -0.623507    -0.781853 
       77         1     0.6359   1.000032    -0.000000     0.900998    -0.433898    -0.222528    -0.974959    -0.623510    -0.781856 
       78         1     0.6370   1.000027     0.000000     0.900993    -0.433895     0.222527     0.974954     0.623506     0.781852 
       79         1     0.6482   1.000029     0.000000    -0.900995     0.433896    -0.222527    -0.974956     0.623508     0.781854 
       80         1     0.6623   1.000031    -0.000000     0.900996    -0.433897     0.222528     0.974957     0.623509     0.781855 
       81         1     0.6744   1.000031    -0.000000     0.900997    -0.433897    -0.222528    -0.974958    -0.623509    -0.781856 
       82         1     0.7078   1.000030     0.000000     0.900995    -0.433896    -0.222527    -0.974957    -0.623508    -0.781854 
       83         1     0.7252   1.000026     0.000000    -0.900992     0.433895     0.222527     0.974953    -0.623506    -0.781852 
       84         1     0.7299   1.000028    -0.000000    -0.900994     0.433896    -0.222527    -0.974955     0.623507     0.781853 
       85         1     0.9114   1.000017     0.000000    -0.900984     0.433891    -0.222525    -0.974944     0.623500     0.781844 
       86         1     0.9231   1.000016    -0.000000    -0.900983     0.433891     0.222524     0.974943    -0.623500    -0.781844 
       87         1     0.9342   1.000026     0.000000     0.900992    -0.433895    -0.222527    -0.974953    -0.623506    -0.781852 
       88         1     1.0228   1.000017     0.000000     0.900984    -0.433891     0.222525     0.974944     0.623500     0.781844 
       89         1     1.0431   1.000020    -0.000000    -0.900986     0.433892    -0.222525    -0.974947     0.623502     0.781847 
       90         1     1.1588   1.000021     0.000000    -0.900988     0.433893     0.222526     0.974948    -0.623503    -0.781848 
       91         1     1.2993   1.000017     0.000000    -0.900984     0.433891     0.222525     0.974944    -0.623500    -0.781845 
       92         1     1.3169   1.000023    -0.000000     0.900989    -0.433893    -0.222526    -0.974950    -0.623504    -0.781849 
       93         1     1.4362   1.000021    -0.000000     0.900987    -0.433893     0.222526     0.974948     0.623503     0.781848 
       94         1     1.4646   1.000019     0.000000    -0.900986     0.433892    -0.222525    -0.974947     0.623502     0.781847 
       95         1     1.4670   1.000023    -0.000000     0.900989    -0.433894    -0.222526    -0.974950    -0.623504    -0.781849 
       96         1     1.6113   1.000023     0.000000    -0.900990     0.433894     0.222526     0.974950    -0.623504    -0.781849 
       97         1     1.6229   1.000019    -0.000000     0.900986    -0.433892     0.222525     0.974947     0.623502     0.781847 
       98         1     1.6889   1.000018     0.000000     0.900985    -0.433892    -0.222525    -0.974946    -0.623501    -0.781846 
       99         1     1.8822   1.000018    -0.000000     0.900985    -0.433891     0.222525     0.974945     0.623501     0.781845 
      100         1     1.9745   1.000013     0.000000    -0.900980     0.433889     0.222524     0.974940    -0.623498    -0.781841 
      101         1     2.0946   1.000014     0.000000    -0.900982     0.433890    -0.222524    -0.974942     0.623499     0.781842 
      102         1     2.1437   1.000015    -0.000000     0.900982    -0.433890    -0.222524    -0.974942    -0.623499    -0.781843 
      103         1     2.3590   1.000016    -0.000000     0.900983    -0.433891     0.222525     0.974944     0.623500     0.781844 
      104         1     2.5394   1.000014     0.000000    -0.900982     0.433890    -0.222524    -0.974942     0.623499     0.781842 
      105         1     2.7000   1.000014    -0.000000     0.900981    -0.433890    -0.222524    -0.974942    -0.623499    -0.781842 
      106         1     2.8043   1.000013     0.000000    -0.900981     0.433889     0.222524     0.974941    -0.623498    -0.781842 
      107         1     3.0607   1.000014     0.000000    -0.900982     0.433890    -0.222524    -0.974942     0.623499     0.781843 
      108         1     3.1599   1.000009    -0.000000     0.900977    -0.433888     0.222523     0.974936     0.623495     0.781838 
      109         1     4.8164   1.000013    -0.000000     0.900980    -0.433889    -0.222524    -0.974940    -0.623498    -0.781841 
      110         1     5.0538   1.000014     0.000000     0.900981    -0.433890     0.222524     0.974941     0.623498     0.781842 
      111         1     5.5079   1.000008    -0.000000    -0.900976     0.433887    -0.222523    -0.974935     0.623495     0.781838 
      112         1     5.6014   1.000013    -0.000000    -0.900981     0.433890     0.222524     0.974941    -0.623498    -0.781842 
      113         1     6.5257   1.000016     0.000000     0.900983    -0.433891     0.222524     0.974943     0.623500     0.781844 
      114         1     6.6517   1.000011    -0.000000    -0.900979     0.433889    -0.222523    -0.974939     0.623497     0.781840 
      115         1     6.8411   1.000013     0.000000     0.900980    -0.433889    -0.222524    -0.974940    -0.623498    -0.781841 
      116         1     6.8761   1.000012     0.000000    -0.900979     0.433889     0.222524     0.974939    -0.623497    -0.781841 
      117         1     6.9766   1.000012     0.000000    -0.900979     0.433889    -0.222524    -0.974939     0.623497     0.781841 
      118         1     7.2772   1.000014     0.000000    -0.900982     0.433890     0.222524     0.974942    -0.623499    -0.781843 
      119         1     7.3092   1.000011     0.000000     0.900979    -0.433889    -0.222523    -0.974939    -0.623497    -0.781840 
      120         1     7.6502   1.000012    -0.000000     0.900980    -0.433889     0.222524     0.974940     0.623497     0.781841 
      121         1     7.7147   1.000017    -0.000000     0.900984    -0.433891    -0.222525    -0.974944    -0.623500    -0.781844 
      122         1     7.9604   1.000011     0.000000    -0.900979     0.433889    -0.222523    -0.974939     0.623497     0.781840 
      123         1     7.9766   1.000012    -0.000000     0.900980    -0.433889     0.222524     0.974939     0.623497     0.781841 
      124         1     8.2930   1.000015     0.000000    -0.900983     0.433890     0.222524     0.974943    -0.623499    -0.781843 
      125         1     8.7347   1.000012    -0.000000     0.900980    -0.433889     0.222524     0.974940     0.623497     0.781841 
      126         1     8.8741   1.000014     0.000000    -0.900981     0.433890     0.222524     0.974941    -0.623498    -0.781842 
      127         1     9.2211   1.000017     0.000000    -0.900984     0.433891    -0.222525    -0.974945     0.623500     0.781845 
      128         1     9.3586   1.000016    -0.000000    -0.900983     0.433891    -0.222524    -0.974943     0.623500     0.781844 
      129         1     9.4786   1.000012    -0.000000     0.900980    -0.433889    -0.222524    -0.974940    -0.623497    -0.781841 
      130         1     9.7256   1.000012    -0.000000     0.900980    -0.433889     0.222524     0.974940     0.623497     0.781841 
      131         1     9.8162   1.000012    -0.000000    -0.900980     0.433889     0.222524     0.974940    -0.623497    -0.781841 
      132         1    10.0274   1.000014     0.000000    -0.900982     0.433890     0.222524     0.974942    -0.623499    -0.781843 
      133         1    10.0464   1.000014    -0.000000     0.900982    -0.433890     0.222524     0.974942     0.623499     0.781843 
      134         1    10.1345   1.000017     0.000000     0.900984    -0.433891    -0.222525    -0.974945    -0.623500    -0.781845 
      135         1    10.1437   1.000016    -0.000000    -0.900983     0.433891    -0.222525    -0.974944     0.623500     0.781844 
      136         1    10.3523   1.000015    -0.000000     0.900982    -0.433890    -0.222524    -0.974942    -0.623499    -0.781843 
      137         1    10.5811   1.000016     0.000000    -0.900983     0.433891     0.222524     0.974943    -0.623500    -0.781844 
      138         1    10.8546   1.000017    -0.000000     0.900970    -0.433884    -0.222512    -0.974888    -0.623455    -0.781788 
      139         1    10.8962   1.000018    -0.000000     0.900931    -0.433865     0.222508     0.974871     0.623491     0.781833 
      140         1    10.9783   1.000019     0.000000    -0.899806     0.433324    -0.222383    -0.974324     0.623082     0.781321 
      141         1    11.2393   1.000037    -0.000000     0.661642    -0.318630     0.022547     0.098786     0.228810     0.286918 
4 
 1  2  3  4 
        1         2   -25.4559   2.000063    -0.000000    -1.801990     0.867793    -0.000000    -0.000000     0.000000     0.000000 
        3         2   -25.4513   2.000058     0.000000     1.801985    -0.867790     0.000001     0.000001     0.000001     0.000001 
        5         2   -25.4414   2.000074    -0.000000    -1.801879     0.867739     0.000004     0.000005    -0.000008    -0.000004 
        7         2   -25.4409   2.000075    -0.000000     1.801881    -0.867740     0.000006     0.000008     0.000007     0.000003 
        9         2   -25.4121   2.000074     0.000000     1.801758    -0.867681    -0.000005    -0.000006    -0.000020    -0.000010 
       11         2   -25.4117   2.000074     0.000000    -1.801757     0.867681     0.000002     0.000002     0.000008     0.000004 
       13         2   -25.3895   2.000080    -0.000000    -1.801922     0.867760    -0.000002    -0.000002     0.000000     0.000000 
       15         2   -25.3889   2.000076    -0.000000     1.801919    -0.867758    -0.000002    -0.000003    -0.000004    -0.000002 
       17         2   -25.3842   2.000076    -0.000000     1.801936    -0.867767    -0.000001    -0.000001    -0.000004    -0.000002 
       19         2   -25.3835   2.000069     0.000000    -1.801930     0.867764     0.000005     0.000007    -0.000006    -0.000003 
       21         1   -12.7398   1.000013     0.000000     0.900981    -0.433889     0.623498     0.781842     0.900981     0.433889 
       22         1   -12.5395   1.000012     0.000000     0.900980    -0.433889    -0.623497    -0.781841    -0.900980    -0.433889 
       23         1   -11.8085   1.000013     0.000000    -0.900980     0.433889    -0.623498    -0.781841     0.900980     0.433889 
       24         1   -11.5986   1.000015    -0.000000    -0.900983     0.433890     0.623499     0.781843    -0.900983    -0.433890 
       25         1   -11.3859   1.000014    -0.000000    -0.900981     0.433890    -0.623498    -0.781842     0.900981     0.433890 
       26         1   -11.3568   1.000010    -0.000000    -0.900978     0.433888     0.623496     0.781839    -0.900978    -0.433888 
       27         1   -11.2581   1.000014     0.000000     0.900981    -0.433890    -0.623498    -0.781842    -0.900981    -0.433890 
       28         1   -11.1927   1.000012     0.000000     0.900979    -0.433889     0.623497     0.781840     0.900979     0.433889 
       29         1   -10.9351   1.000014    -0.000000     0.900982    -0.433890     0.623499     0.781843     0.900982     0.433890 
       30         1   -10.9231   1.000013    -0.000000     0.900981    -0.433890    -0.623498    -0.781842    -0.900981    -0.433890 
       31         1   -10.9183   1.000013    -0.000000    -0.900981     0.433890    -0.623498    -0.781842     0.900981     0.433890 
       32         1   -10.8998   1.000013     0.000000    -0.900980     0.433889     0.623498     0.781841    -0.900980    -0.433889 
       33         1    -6.3702   1.000013    -0.000000    -0.900980     0.433889     0.623498     0.781841    -0.900980    -0.433889 
       34         1    -6.3529   1.000009     0.000000    -0.900977     0.433888    -0.623496    -0.781839     0.900977     0.433888 
       35         1    -5.4965   1.000009    -0.000000     0.900977    -0.433888     0.623495     0.781838     0.900977     0.433888 
       36         1    -5.3514   1.000013    -0.000000     0.900981    -0.433890    -0.623498    -0.781842    -0.900981    -0.433890 
       37         1    -2.7895   1.000017     0.000000    -0.900984     0.433891     0.623500     0.781845    -0.900984    -0.433891 
       38         1    -2.5891   1.000012     0.000000     0.900980    -0.433889     0.623497     0.781841     0.900980     0.433889 
       39         1    -2.4664   1.000012    -0.000000     0.900980    -0.433889    -0.623497    -0.781841    -0.900980    -0.433889 
       40         1    -2.3330   1.000014    -0.000000    -0.900981     0.433890    -0.623498    -0.781842     0.900981     0.433890 
       41         1    -2.2533   1.000013    -0.000000    -0.900980     0.433889     0.623498     0.781841    -0.900980    -0.433889 
       42         1    -1.9982   1.000012     0.000000     0.900980    -0.433889    -0.623497    -0.781841    -0.900980    -0.433889 
       43         1    -1.9505   1.000012     0.000000    -0.900979     0.433889    -0.623497    -0.781840     0.900979     0.433889 
       44         1    -1.8566   1.000013    -0.000000    -0.900981     0.433889    -0.623498    -0.781842     0.900981     0.433889 
       45         1    -1.8554   1.000014    -0.000000     0.900982    -0.433890    -0.623499    -0.781842    -0.900982    -0.433890 
       46         1    -1.7890   1.000007     0.000000     0.900975    -0.433887     0.623494     0.781837     0.900975     0.433887 
       47         1    -1.4175   1.000008    -0.000000    -0.900976     0.433887     0.623495     0.781838    -0.900976    -0.433887 
       48         1    -1.1964   1.000010     0.000000     0.900977    -0.433888     0.623496     0.781839     0.900977     0.433888 
       49         1    -1.1779   1.000008     0.000000    -0.900976     0.433887    -0.623494    -0.781837     0.900976     0.433887 
       50         1    -1.1158   1.000007    -0.000000    -0.900975     0.433887     0.623494     0.781837    -0.900975    -0.433887 
       51         1    -0.9692   1.000012    -0.000000     0.900979    -0.433889     0.623497     0.781841     0.900979     0.433889 
       52         1    -0.8386   1.000011     0.000000    -0.900979     0.433889     0.623497     0.781840    -0.900979    -0.433889 
       53         1    -0.7750   1.000012     0.000000     0.900980    -0.433889    -0.623497    -0.781841    -0.900980    -0.433889 
       54         1    -0.7466   1.000009     0.000000     0.900977    -0.433888     0.623496     0.781839     0.900977     0.433888 
       55         1    -0.7162   1.000015     0.000000    -0.900983     0.433890    -0.623499    -0.781844     0.900983     0.433890 
       56         1    -0.7080   1.000012    -0.000000     0.900980    -0.433889    -0.623497    -0.781841    -0.900980    -0.433889 
       57         1    -0.6707   1.000012    -0.000000    -0.900979     0.433889     0.623497     0.781840    -0.900979    -0.433889 
       58         1    -0.6421   1.000013     0.000000    -0.900980     0.433889     0.623498     0.781841    -0.900980    -0.433889 
       59         1    -0.6307   1.000020     0.000000    -0.900986     0.433892    -0.623502    -0.781846     0.900986     0.433892 
       60         1    -0.6247   1.000016    -0.000000     0.900983    -0.433891     0.623500     0.781844     0.900983     0.433891 
       61         1    -0.5790   1.000016    -0.000000     0.900983    -0.433891    -0.623500    -0.781844    -0.900983    -0.433891 
       62         1    -0.5544   1.000016    -0.000000    -0.900983     0.433890    -0.623500    -0.781844     0.900983     0.433890 
       63         1    -0.5430   1.000013    -0.000000     0.900981    -0.433890     0.623498     0.781842     0.900981     0.433890 
       64         1    -0.4815   1.000016    -0.000000    -0.900983     0.433890     0.623499     0.781844    -0.900983    -0.433890 
       65         1    -0.4606   1.000011    -0.000000    -0.900979     0.433889    -0.623497    -0.781840     0.900979     0.433889 
       66         1    -0.4356   1.000014    -0.000000     0.900982    -0.433890    -0.623499    -0.781843    -0.900982    -0.433890 
       67         1    -0.4049   1.000016     0.000000     0.900983    -0.433891     0.623500     0.781844     0.900983     0.433891 
       68         1    -0.2888   1.000014    -0.000000     0.900981    -0.433890    -0.623498    -0.781842    -0.900981    -0.433890 
       69         1     0.4530   1.000025    -0.000000    -0.900991     0.433894    -0.623505    -0.781851     0.900991     0.433894 
       70         1     0.5125   1.000027     0.000000     0.900993    -0.433895     0.623506     0.781852     0.900993     0.433895 
       71         1     0.5341   1.000030    -0.000000    -0.900996     0.433897     0.623508     0.781855    -0.900996    -0.433897 
       72         1     0.5371   1.000030     0.000000     0.900995    -0.433896    -0.623508    -0.781854    -0.900995    -0.433896 
       73         1     0.5791   1.000034     0.000000    -0.900999     0.433898     0.623511     0.781858    -0.900999    -0.433898 
       74         1     0.5870   1.000027     0.000000     0.900993    -0.433895     0.623506     0.781852     0.900993     0.433895 
       75         1     0.6100   1.000028    -0.000000    -0.900993     0.433896    -0.623507    -0.781853     0.900993     0.433896 
       76         1     0.6118   1.000030     0.000000    -0.900996     0.433897     0.623508     0.781855    -0.900995    -0.433897 
       77         1     0.6270   1.000026    -0.000000     0.900992    -0.433895     0.623506     0.781852     0.900992     0.433895 
       78         1     0.6399   1.000032     0.000000     0.900997    -0.433897    -0.623509    -0.781856    -0.900997    -0.433897 
       79         1     0.6563   1.000031    -0.000000     0.900996    -0.433897    -0.623509    -0.781855    -0.900996    -0.433897 
       80         1     0.6717   1.000028     0.000000    -0.900994     0.433896    -0.623507    -0.781853     0.900994     0.433896 
       81         1     0.6729   1.000030     0.000000     0.900996    -0.433897     0.623508     0.781855     0.900996     0.433897 
       82         1     0.7140   1.000020    -0.000000    -0.900987     0.433892     0.623502     0.781847    -0.900987    -0.433892 
       83         1     0.7388   1.000029    -0.000000     0.900995    -0.433896    -0.623508    -0.781854    -0.900995    -0.433896 
       84         1     0.8038   1.000021     0.000000    -0.900987     0.433893    -0.623503    -0.781847     0.900987     0.433893 
       85         1     0.8182   1.000025    -0.000000     0.900991    -0.433894    -0.623505    -0.781851    -0.900991    -0.433894 
       86         1     0.8580   1.000021     0.000000    -0.900987     0.433893    -0.623503    -0.781848     0.900987     0.433893 
       87         1     0.8640   1.000022     0.000000    -0.900988     0.433893     0.623503     0.781848    -0.900988    -0.433893 
       88         1     1.0598   1.000017     0.000000     0.900984    -0.433891     0.623500     0.781845     0.900984     0.433891 
       89         1     1.0649   1.000016    -0.000000    -0.900983     0.433891    -0.623500    -0.781844     0.900983     0.433891 
       90         1     1.1267   1.000021     0.000000    -0.900988     0.433893     0.623503     0.781848    -0.900988    -0.433893 
       91         1     1.2802   1.000018     0.000000    -0.900984     0.433891     0.623501     0.781845    -0.900984    -0.433891 
       92         1     1.3315   1.000022    -0.000000     0.900988    -0.433893    -0.623503    -0.781848    -0.900988    -0.433893 
       93         1     1.5059   1.000019    -0.000000     0.900986    -0.433892     0.623502     0.781846     0.900986     0.433892 
       94         1     1.5206   1.000017    -0.000000    -0.900984     0.433891    -0.623500    -0.781844     0.900984     0.433891 
       95         1     1.5697   1.000017     0.000000     0.900984    -0.433891    -0.623500    -0.781844    -0.900984    -0.433891 
       96         1     1.6443   1.000016     0.000000     0.900983    -0.433891    -0.623500    -0.781844    -0.900983    -0.433890 
       97         1     1.6646   1.000020     0.000000    -0.900987     0.433892     0.623502     0.781847    -0.900987    -0.433892 
       98         1     1.7109   1.000014    -0.000000     0.900981    -0.433890     0.623498     0.781842     0.900981     0.433890 
       99         1     1.9884   1.000015     0.000000    -0.900982     0.433890     0.623499     0.781843    -0.900982    -0.433890 
      100         1     2.0541   1.000014     0.000000    -0.900982     0.433890    -0.623499    -0.781843     0.900982     0.433890 
      101         1     2.1591   1.000015    -0.000000     0.900982    -0.433890     0.623499     0.781843     0.900982     0.433890 
      102         1     2.2818   1.000012     0.000000     0.900979    -0.433889    -0.623497    -0.781841    -0.900979    -0.433889 
      103         1     2.4934   1.000011    -0.000000     0.900979    -0.433889     0.623497     0.781840     0.900979     0.433889 
      104         1     2.6836   1.000012    -0.000000     0.900980    -0.433889    -0.623497    -0.781841    -0.900980    -0.433889 
      105         1     2.8650   1.000012    -0.000000    -0.900980     0.433889    -0.623497    -0.781841     0.900980     0.433889 
      106         1     2.9483   1.000014     0.000000    -0.900981     0.433890     0.623498     0.781842    -0.900981    -0.433890 
      107         1     3.0667   1.000013    -0.000000    -0.900981     0.433889    -0.623498    -0.781842     0.900981     0.433889 
      108         1     3.2436   1.000010    -0.000000     0.900978    -0.433888     0.623496     0.781839     0.900978     0.433888 
      109         1     4.6349   1.000010     0.000000     0.900978    -0.433888    -0.623496    -0.781839    -0.900977    -0.433888 
      110         1     4.9251   1.000010     0.000000     0.900978    -0.433888     0.623496     0.781839     0.900978     0.433888 
      111         1     5.3651   1.000011    -0.000000    -0.900979     0.433889    -0.623497    -0.781840     0.900979     0.433889 
      112         1     5.4544   1.000011    -0.000000    -0.900979     0.433888     0.623497     0.781840    -0.900979    -0.433888 
      113         1     6.2051   1.000014    -0.000000    -0.900981     0.433890    -0.623498    -0.781842     0.900981     0.433890 
      114         1     6.7123   1.000017     0.000000    -0.900984     0.433891     0.623500     0.781845    -0.900984    -0.433891 
      115         1     6.7149   1.000017    -0.000000     0.900984    -0.433891     0.623500     0.781845     0.900984     0.433891 
      116         1     6.7501   1.000013     0.000000     0.900981    -0.433890    -0.623498    -0.781842    -0.900981    -0.433890 
      117         1     6.9294   1.000012    -0.000000    -0.900980     0.433889    -0.623497    -0.781841     0.900980     0.433889 
      118         1     7.2092   1.000015     0.000000     0.900982    -0.433890    -0.623499    -0.781843    -0.900982    -0.433890 
      119         1     7.2727   1.000016    -0.000000    -0.900983     0.433890     0.623499     0.781844    -0.900983    -0.433890 
      120         1     7.4913   1.000013    -0.000000     0.900981    -0.433890     0.623498     0.781842     0.900981     0.433890 
      121         1     7.6286   1.000012     0.000000     0.900980    -0.433889    -0.623497    -0.781841    -0.900980    -0.433889 
      122         1     7.7879   1.000014     0.000000    -0.900981     0.433890    -0.623498    -0.781842     0.900981     0.433890 
      123         1     8.2167   1.000011    -0.000000     0.900979    -0.433888     0.623496     0.781840     0.900979     0.433888 
      124         1     8.5283   1.000016     0.000000    -0.900983     0.433891     0.623500     0.781844    -0.900983    -0.433891 
      125         1     8.6010   1.000016    -0.000000     0.900983    -0.433890     0.623500     0.781844     0.900983     0.433890 
      126         1     8.9584   1.000015    -0.000000    -0.900982     0.433890     0.623499     0.781843    -0.900982    -0.433890 
      127         1     9.0824   1.000015    -0.000000    -0.900983     0.433890    -0.623499    -0.781843     0.900983     0.433890 
      128         1     9.1944   1.000013    -0.000000    -0.900981     0.433890    -0.623498    -0.781842     0.900981     0.433890 
      129         1     9.3551   1.000016    -0.000000     0.900984    -0.433891     0.623500     0.781844     0.900984     0.433891 
      130         1     9.4433   1.000016     0.000000     0.900983    -0.433891    -0.623500    -0.781844    -0.900983    -0.433891 
      131         1     9.7325   1.000012     0.000000     0.900980    -0.433889     0.623497     0.781841     0.900980     0.433889 
      132         1     9.7567   1.000014     0.000000    -0.900981     0.433890     0.623498     0.781842    -0.900981    -0.433890 
      133         1     9.9176   1.000017    -0.000000    -0.900984     0.433891     0.623500     0.781845    -0.900984    -0.433891 
      134         1    10.1427   1.000017    -0.000000     0.900984    -0.433891    -0.623501    -0.781845    -0.900984    -0.433891 
      135         1    10.1942   1.000015     0.000000    -0.900982     0.433890    -0.623499    -0.781843     0.900982     0.433890 
      136         1    10.3098   1.000015     0.000000     0.900983    -0.433890    -0.623499    -0.781844    -0.900983    -0.433890 
      137         1    10.6825   1.000016     0.000000     0.900983    -0.433891     0.623500     0.781844     0.900983     0.433891 
      138         1    10.7076   1.000016    -0.000000    -0.900983     0.433891     0.623499     0.781843    -0.900982    -0.433890 
      139         1    10.7950   1.000017     0.000000    -0.900984     0.433891    -0.623500    -0.781844     0.900984     0.433891 
      140         1    10.8120   1.000019    -0.000000     0.900964    -0.433881    -0.623500    -0.781844    -0.900961    -0.433880 
      141         1    11.1877   1.000028     0.000000     0.815771    -0.392855     0.564549     0.707922     0.900955     0.433877 
4 
 1  2  3  4 
        1         2   -25.4560   2.000069     0.000000    -1.801995     0.867795     0.000003     0.000001    -0.000003     0.000000 
        3         2   -25.4513   2.000069     0.000000     1.801994    -0.867795    -0.000016    -0.000008    -0.000018    -0.000000 
        5         2   -25.4414   2.000101     0.000000    -1.801902     0.867750     0.000020     0.000010    -0.000026     0.000000 
        7         2   -25.4409   2.000070    -0.000000     1.801876    -0.867738     0.000008     0.000004     0.000010     0.000000 
        9         2   -25.4121   2.000067     0.000000     1.801762    -0.867683     0.000004     0.000002    -0.000020     0.000000 
       11         2   -25.4117   2.000064     0.000000    -1.801759     0.867681     0.000002     0.000001     0.000015    -0.000000 
       13         2   -25.3895   2.000104     0.000000    -1.801944     0.867771    -0.000015    -0.000007     0.000017     0.000000 
       15         2   -25.3889   2.000110     0.000000     1.801950    -0.867773    -0.000029    -0.000014    -0.000032    -0.000000 
       17         2   -25.3842   2.000092     0.000000     1.801949    -0.867773    -0.000018    -0.000009    -0.000024     0.000000 
       19         2   -25.3836   2.000071     0.000000    -1.801930     0.867764    -0.000000    -0.000000     0.000001    -0.000000 
       21         1   -12.8077   1.000010    -0.000000     0.900978    -0.433888     0.900978     0.433888     1.000010     0.000000 
       22         1   -12.5605   1.000013    -0.000000     0.900981    -0.433890    -0.900981    -0.433890    -1.000013     0.000000 
       23         1   -11.8483   1.000013     0.000000    -0.900981     0.433890    -0.900981    -0.433890     1.000013     0.000000 
       24         1   -11.6412   1.000011    -0.000000    -0.900979     0.433889     0.900979     0.433889    -1.000011     0.000000 
       25         1   -11.4072   1.000014     0.000000    -0.900981     0.433890    -0.900981    -0.433890     1.000014     0.000000 
       26         1   -11.3357   1.000014     0.000000    -0.900982     0.433890     0.900982     0.433890    -1.000014     0.000000 
       27         1   -11.1623   1.000015     0.000000     0.900982    -0.433890    -0.900982    -0.433890    -1.000015    -0.000000 
       28         1   -11.1408   1.000014    -0.000000     0.900982    -0.433890     0.900982     0.433890     1.000014    -0.000000 
       29         1   -10.9620   1.000013    -0.000000     0.900981    -0.433889    -0.900981    -0.433889    -1.000013     0.000000 
       30         1   -10.8685   1.000014    -0.000000     0.900982    -0.433890     0.900982     0.433890     1.000014     0.000000 
       31         1   -10.8543   1.000013     0.000000    -0.900981     0.433889    -0.900981    -0.433889     1.000013     0.000000 
       32         1   -10.8405   1.000012    -0.000000    -0.900980     0.433889     0.900980     0.433889    -1.000012     0.000000 
       33         1    -6.3951   1.000012    -0.000000    -0.900980     0.433889     0.900980     0.433889    -1.000012    -0.000000 
       34         1    -6.3860   1.000014    -0.000000    -0.900981     0.433890    -0.900981    -0.433890     1.000014    -0.000000 
       35         1    -5.6009   1.000012     0.000000     0.900980    -0.433889     0.900980     0.433889     1.000012    -0.000000 
       36         1    -5.4311   1.000011    -0.000000     0.900979    -0.433889    -0.900979    -0.433889    -1.000011    -0.000000 
       37         1    -2.8448   1.000016     0.000000    -0.900984     0.433891     0.900984     0.433891    -1.000016    -0.000000 
       38         1    -2.5739   1.000015     0.000000     0.900983    -0.433890    -0.900983    -0.433890    -1.000015    -0.000000 
       39         1    -2.5339   1.000015    -0.000000     0.900983    -0.433890     0.900983     0.433890     1.000015    -0.000000 
       40         1    -2.3984   1.000014    -0.000000    -0.900981     0.433890    -0.900981    -0.433890     1.000014    -0.000000 
       41         1    -2.2054   1.000018    -0.000000    -0.900985     0.433891     0.900985     0.433891    -1.000018     0.000000 
       42         1    -2.0670   1.000013     0.000000     0.900981    -0.433889    -0.900981    -0.433889    -1.000013    -0.000000 
       43         1    -1.9647   1.000008     0.000000     0.900976    -0.433887     0.900976     0.433887     1.000008     0.000000 
       44         1    -1.9508   1.000010     0.000000    -0.900978     0.433888    -0.900978    -0.433888     1.000010     0.000000 
       45         1    -1.6135   1.000013     0.000000     0.900981    -0.433889    -0.900981    -0.433889    -1.000013     0.000000 
       46         1    -1.6067   1.000007     0.000000    -0.900975     0.433887    -0.900975    -0.433887     1.000007    -0.000000 
       47         1    -1.5933   1.000008     0.000000    -0.900976     0.433887     0.900976     0.433887    -1.000008     0.000000 
       48         1    -1.2827   1.000008    -0.000000     0.900976    -0.433887     0.900976     0.433887     1.000008     0.000000 
       49         1    -1.2680   1.000007     0.000000    -0.900975     0.433887     0.900975     0.433887    -1.000007     0.000000 
       50         1    -1.1596   1.000009     0.000000    -0.900977     0.433887    -0.900977    -0.433887     1.000009     0.000000 
       51         1    -0.9739   1.000012     0.000000     0.900979    -0.433889     0.900979     0.433889     1.000012    -0.000000 
       52         1    -0.8972   1.000011    -0.000000     0.900979    -0.433889    -0.900979    -0.433889    -1.000011     0.000000 
       53         1    -0.8504   1.000011     0.000000    -0.900979     0.433889    -0.900979    -0.433889     1.000011     0.000000 
       54         1    -0.7591   1.000012     0.000000    -0.900979     0.433889     0.900979     0.433889    -1.000012    -0.000000 
       55         1    -0.7180   1.000011    -0.000000     0.900979    -0.433888    -0.900978    -0.433888    -1.000011     0.000000 
       56         1    -0.7033   1.000012     0.000000     0.900979    -0.433889     0.900979     0.433889     1.000012    -0.000000 
       57         1    -0.6638   1.000014     0.000000    -0.900982     0.433890     0.900982     0.433890    -1.000014    -0.000000 
       58         1    -0.6142   1.000014     0.000000     0.900981    -0.433890     0.900981     0.433890     1.000014     0.000000 
       59         1    -0.6121   1.000020     0.000000    -0.900986     0.433892    -0.900986    -0.433892     1.000020     0.000000 
       60         1    -0.5977   1.000014     0.000000    -0.900981     0.433890     0.900981     0.433890    -1.000014    -0.000000 
       61         1    -0.5711   1.000013     0.000000    -0.900981     0.433889    -0.900981    -0.433889     1.000013    -0.000000 
       62         1    -0.5403   1.000015    -0.000000     0.900982    -0.433890    -0.900982    -0.433890    -1.000014    -0.000000 
       63         1    -0.5382   1.000017     0.000000     0.900985    -0.433891     0.900984     0.433891     1.000017     0.000000 
       64         1    -0.4350   1.000013     0.000000    -0.900980     0.433889     0.900980     0.433889    -1.000012    -0.000000 
       65         1    -0.4243   1.000013    -0.000000    -0.900981     0.433889    -0.900981    -0.433889     1.000013    -0.000000 
       66         1    -0.4232   1.000014    -0.000000     0.900981    -0.433890    -0.900981    -0.433890    -1.000014    -0.000000 
       67         1    -0.4066   1.000017    -0.000000     0.900984    -0.433891     0.900984     0.433891     1.000017    -0.000000 
       68         1    -0.2571   1.000015    -0.000000     0.900982    -0.433890    -0.900982    -0.433890    -1.000015     0.000000 
       69         1     0.4374   1.000024    -0.000000    -0.900990     0.433894    -0.900990    -0.433894     1.000024     0.000000 
       70         1     0.5360   1.000026    -0.000000     0.900992    -0.433895    -0.900992    -0.433895    -1.000026    -0.000000 
       71         1     0.5466   1.000026    -0.000000    -0.900992     0.433895     0.900992     0.433895    -1.000026     0.000000 
       72         1     0.5568   1.000025    -0.000000     0.900991    -0.433895     0.900991     0.433894     1.000025    -0.000000 
       73         1     0.5947   1.000029     0.000000    -0.900994     0.433896     0.900994     0.433896    -1.000028    -0.000000 
       74         1     0.5994   1.000032    -0.000000     0.900997    -0.433897     0.900997     0.433897     1.000031    -0.000000 
       75         1     0.6013   1.000026    -0.000000    -0.900992     0.433895    -0.900992    -0.433895     1.000026     0.000000 
       76         1     0.6193   1.000027    -0.000000     0.900993    -0.433895    -0.900993    -0.433895    -1.000027    -0.000000 
       77         1     0.6210   1.000028     0.000000    -0.900994     0.433896     0.900994     0.433896    -1.000027    -0.000000 
       78         1     0.6276   1.000034    -0.000000     0.900999    -0.433898     0.900999     0.433898     1.000033    -0.000000 
       79         1     0.6522   1.000028     0.000000     0.900994    -0.433896    -0.900994    -0.433896    -1.000027    -0.000000 
       80         1     0.6731   1.000023     0.000000    -0.900990     0.433894    -0.900990    -0.433894     1.000023    -0.000000 
       81         1     0.6895   1.000025    -0.000000    -0.900991     0.433894     0.900991     0.433894    -1.000025     0.000000 
       82         1     0.7025   1.000028     0.000000     0.900993    -0.433896    -0.900993    -0.433896    -1.000027    -0.000000 
       83         1     0.7046   1.000028     0.000000    -0.900994     0.433896    -0.900994    -0.433896     1.000028    -0.000000 
       84         1     0.7101   1.000027    -0.000000     0.900993    -0.433895     0.900993     0.433895     1.000026    -0.000000 
       85         1     0.8019   1.000023     0.000000    -0.900989     0.433894     0.900989     0.433894    -1.000023    -0.000000 
       86         1     0.8610   1.000019    -0.000000     0.900986    -0.433892    -0.900986    -0.433892    -1.000019    -0.000000 
       87         1     0.9671   1.000015     0.000000    -0.900982     0.433890    -0.900982    -0.433890     1.000015     0.000000 
       88         1     1.0012   1.000019    -0.000000     0.900986    -0.433892     0.900986     0.433892     1.000019    -0.000000 
       89         1     1.0182   1.000020    -0.000000    -0.900987     0.433892     0.900987     0.433892    -1.000020     0.000000 
       90         1     1.1198   1.000016     0.000000    -0.900983     0.433890    -0.900983    -0.433890     1.000015     0.000000 
       91         1     1.2755   1.000020     0.000000    -0.900986     0.433892     0.900986     0.433892    -1.000019     0.000000 
       92         1     1.3214   1.000021    -0.000000     0.900988    -0.433893     0.900988     0.433893     1.000021    -0.000000 
       93         1     1.4121   1.000018     0.000000     0.900985    -0.433891    -0.900985    -0.433891    -1.000017     0.000000 
       94         1     1.4546   1.000015    -0.000000     0.900982    -0.433890    -0.900982    -0.433890    -1.000015     0.000000 
       95         1     1.5058   1.000019     0.000000    -0.900986     0.433892    -0.900986    -0.433892     1.000019     0.000000 
       96         1     1.7133   1.000020    -0.000000     0.900986    -0.433892    -0.900986    -0.433892    -1.000020     0.000000 
       97         1     1.7368   1.000015    -0.000000    -0.900982     0.433890     0.900982     0.433890    -1.000015    -0.000000 
       98         1     1.9320   1.000013     0.000000     0.900981    -0.433889     0.900981     0.433890     1.000013     0.000000 
       99         1     1.9931   1.000020     0.000000    -0.900987     0.433892    -0.900987    -0.433892     1.000020     0.000000 
      100         1     2.1161   1.000015     0.000000     0.900982    -0.433890    -0.900982    -0.433890    -1.000015     0.000000 
      101         1     2.2796   1.000015    -0.000000    -0.900982     0.433890     0.900982     0.433890    -1.000015     0.000000 
      102         1     2.3410   1.000010     0.000000     0.900978    -0.433888     0.900978     0.433888     1.000010     0.000000 
      103         1     2.7306   1.000015    -0.000000    -0.900983     0.433890    -0.900983    -0.433890     1.000015    -0.000000 
      104         1     2.8400   1.000012     0.000000     0.900980    -0.433889    -0.900980    -0.433889    -1.000012    -0.000000 
      105         1     2.8941   1.000011    -0.000000     0.900979    -0.433889     0.900979     0.433889     1.000011    -0.000000 
      106         1     3.1273   1.000012    -0.000000    -0.900980     0.433889     0.900980     0.433889    -1.000012    -0.000000 
      107         1     3.2282   1.000012    -0.000000    -0.900980     0.433889    -0.900980    -0.433889     1.000012    -0.000000 
      108         1     3.2358   1.000010    -0.000000     0.900978    -0.433888     0.900978     0.433888     1.000010    -0.000000 
      109         1     4.5898   1.000009     0.000000     0.900977    -0.433888    -0.900977    -0.433888    -1.000009     0.000000 
      110         1     4.6585   1.000016     0.000000     0.900983    -0.433891     0.900983     0.433890     1.000016     0.000000 
      111         1     5.1631   1.000012    -0.000000    -0.900979     0.433889     0.900979     0.433889    -1.000012     0.000000 
      112         1     5.3960   1.000010    -0.000000    -0.900978     0.433888    -0.900978    -0.433888     1.000010    -0.000000 
      113         1     5.9889   1.000015     0.000000    -0.900982     0.433890    -0.900982    -0.433890     1.000015    -0.000000 
      114         1     6.4721   1.000009     0.000000    -0.900977     0.433888     0.900977     0.433888    -1.000009    -0.000000 
      115         1     6.6746   1.000015    -0.000000     0.900983    -0.433890     0.900983     0.433890     1.000015    -0.000000 
      116         1     6.9052   1.000015     0.000000     0.900982    -0.433890    -0.900982    -0.433890    -1.000015    -0.000000 
      117         1     7.2512   1.000014    -0.000000    -0.900982     0.433890    -0.900982    -0.433890     1.000014    -0.000000 
      118         1     7.2723   1.000014     0.000000    -0.900981     0.433890     0.900981     0.433890    -1.000014     0.000000 
      119         1     7.2797   1.000012     0.000000     0.900980    -0.433889    -0.900980    -0.433889    -1.000012    -0.000000 
      120         1     7.4446   1.000013     0.000000     0.900981    -0.433890     0.900981     0.433890     1.000013     0.000000 
      121         1     7.7594   1.000011    -0.000000    -0.900979     0.433888    -0.900979    -0.433888     1.000011    -0.000000 
      122         1     7.8672   1.000013     0.000000     0.900981    -0.433889    -0.900981    -0.433889    -1.000013     0.000000 
      123         1     8.3053   1.000017    -0.000000     0.900984    -0.433891     0.900984     0.433891     1.000017    -0.000000 
      124         1     8.5518   1.000014    -0.000000    -0.900982     0.433890     0.900982     0.433890    -1.000014    -0.000000 
      125         1     8.6452   1.000015     0.000000     0.900983    -0.433890     0.900983     0.433890     1.000015     0.000000 
      126         1     9.0483   1.000014    -0.000000    -0.900982     0.433890    -0.900982    -0.433890     1.000014    -0.000000 
      127         1     9.2568   1.000015    -0.000000     0.900983    -0.433890    -0.900983    -0.433890    -1.000015     0.000000 
      128         1     9.2632   1.000015    -0.000000     0.900982    -0.433890     0.900982     0.433890     1.000015     0.000000 
      129         1     9.2682   1.000016    -0.000000    -0.900983     0.433891     0.900983     0.433891    -1.000016    -0.000000 
      130         1     9.2698   1.000014     0.000000    -0.900981     0.433890    -0.900981    -0.433890     1.000014     0.000000 
      131         1     9.6473   1.000017    -0.000000     0.900984    -0.433891     0.900984     0.433891     1.000017    -0.000000 
      132         1     9.6893   1.000010    -0.000000    -0.900978     0.433888     0.900978     0.433888    -1.000010     0.000000 
      133         1     9.9305   1.000012     0.000000     0.900980    -0.433889    -0.900980    -0.433889    -1.000012     0.000000 
      134         1    10.0164   1.000016     0.000000    -0.900984     0.433891    -0.900984    -0.433891     1.000016    -0.000000 
      135         1    10.2447   1.000018    -0.000000     0.900985    -0.433891    -0.900985    -0.433891    -1.000018     0.000000 
      136         1    10.3428   1.000015     0.000000    -0.900982     0.433890     0.900982     0.433890    -1.000015    -0.000000 
      137         1    10.5515   1.000017    -0.000000    -0.900984     0.433891    -0.900984    -0.433891     1.000017     0.000000 
      138         1    10.6518   1.000013     0.000000     0.900981    -0.433889     0.900981     0.433889     1.000013    -0.000000 
      139         1    10.6787   1.000013     0.000000     0.900981    -0.433889    -0.900981    -0.433889    -1.000013    -0.000000 
      140         1    10.9931   1.000021     0.000000    -0.899864     0.433352    -0.900314    -0.433568     0.998926    -0.000000 
      141         1    11.0336   1.000021     0.000000    -0.897591     0.432257     0.898740     0.432811    -0.998270    -0.000000 
2 
 1  3 
        1         2   -25.4560   2.000069     0.000000    -0.000000     0.000000 
        3         2   -25.4513   2.000086     0.000000    -0.000026     0.000026 
        5         2   -25.4414   2.000081     0.000000     0.000006    -0.000006 
        7         2   -25.4409   2.000069    -0.000000     0.000003    -0.000003 
        9         2   -25.4121   2.000069     0.000000    -0.000007     0.000007 
       11         2   -25.4117   2.000071    -0.000000     0.000000    -0.000000 
       13         2   -25.3895   2.000095     0.000000    -0.000004     0.000004 
       15         2   -25.3889   2.000109     0.000000    -0.000017     0.000017 
       17         2   -25.3842   2.000092    -0.000000    -0.000012     0.000012 
       19         2   -25.3836   2.000069     0.000000     0.000000    -0.000000 
       21         1   -12.7898   1.000011    -0.000000     0.707115    -0.707115 
       22         1   -12.6129   1.000013    -0.000000    -0.707116     0.707116 
       23         1   -11.7916   1.000013     0.000000    -0.707116     0.707116 
       24         1   -11.6830   1.000012     0.000000     0.707115    -0.707115 
       25         1   -11.4460   1.000013     0.000000    -0.707116     0.707116 
       26         1   -11.3676   1.000014     0.000000     0.707116    -0.707116 
       27         1   -11.1350   1.000011    -0.000000    -0.707115     0.707115 
       28         1   -11.1192   1.000013     0.000000     0.707116    -0.707116 
       29         1   -10.9749   1.000012    -0.000000    -0.707115     0.707115 
       30         1   -10.8823   1.000014    -0.000000     0.707117    -0.707117 
       31         1   -10.8013   1.000015     0.000000    -0.707118     0.707118 
       32         1   -10.7951   1.000012     0.000000     0.707115    -0.707115 
       33         1    -6.3942   1.000015     0.000000    -0.707117     0.707117 
       34         1    -6.3922   1.000011    -0.000000     0.707115    -0.707115 
       35         1    -5.5812   1.000012     0.000000     0.707115    -0.707115 
       36         1    -5.4565   1.000012    -0.000000    -0.707115     0.707115 
       37         1    -2.8008   1.000015     0.000000     0.707118    -0.707118 
       38         1    -2.6438   1.000013    -0.000000    -0.707116     0.707116 
       39         1    -2.4813   1.000014     0.000000     0.707117    -0.707117 
       40         1    -2.4778   1.000015    -0.000000    -0.707118     0.707118 
       41         1    -2.1213   1.000013     0.000000     0.707116    -0.707116 
       42         1    -2.0911   1.000013    -0.000000    -0.707116     0.707116 
       43         1    -1.9562   1.000008    -0.000000     0.707113    -0.707113 
       44         1    -1.8352   1.000014    -0.000000    -0.707117     0.707117 
       45         1    -1.7142   1.000013    -0.000000     0.707116    -0.707116 
       46         1    -1.5774   1.000014    -0.000000    -0.707117     0.707117 
       47         1    -1.4439   1.000015     0.000000     0.707118    -0.707118 
       48         1    -1.3294   1.000009     0.000000    -0.707113     0.707113 
       49         1    -1.1949   1.000009    -0.000000     0.707113    -0.707113 
       50         1    -1.1143   1.000009    -0.000000    -0.707113     0.707113 
       51         1    -1.0571   1.000010     0.000000    -0.707114     0.707114 
       52         1    -1.0500   1.000010     0.000000     0.707114    -0.707114 
       53         1    -0.9671   1.000012    -0.000000    -0.707115     0.707115 
       54         1    -0.7945   1.000013     0.000000     0.707116    -0.707116 
       55         1    -0.7321   1.000013     0.000000    -0.707116     0.707116 
       56         1    -0.6879   1.000012    -0.000000     0.707115    -0.707115 
       57         1    -0.6457   1.000016     0.000000     0.707118    -0.707118 
       58         1    -0.6247   1.000016    -0.000000    -0.707118     0.707118 
       59         1    -0.6148   1.000018    -0.000000     0.707119    -0.707119 
       60         1    -0.5956   1.000016    -0.000000     0.707118    -0.707118 
       61         1    -0.5732   1.000015    -0.000000    -0.707117     0.707117 
       62         1    -0.5593   1.000014    -0.000000    -0.707117     0.707117 
       63         1    -0.5133   1.000013    -0.000000     0.707116    -0.707116 
       64         1    -0.4515   1.000012     0.000000    -0.707115     0.707115 
       65         1    -0.4264   1.000015     0.000000     0.707117    -0.707117 
       66         1    -0.4233   1.000011     0.000000    -0.707114     0.707114 
       67         1    -0.3886   1.000017    -0.000000     0.707119    -0.707119 
       68         1    -0.2886   1.000013    -0.000000    -0.707116     0.707116 
       69         1     0.4729   1.000026     0.000000    -0.707125     0.707125 
       70         1     0.5120   1.000030    -0.000000    -0.707128     0.707128 
       71         1     0.5213   1.000026     0.000000     0.707125    -0.707125 
       72         1     0.5568   1.000026    -0.000000    -0.707125     0.707125 
       73         1     0.5578   1.000032    -0.000000     0.707129    -0.707129 
       74         1     0.5816   1.000026     0.000000     0.707125    -0.707125 
       75         1     0.5985   1.000027    -0.000000    -0.707126     0.707126 
       76         1     0.6105   1.000032    -0.000000     0.707129    -0.707129 
       77         1     0.6192   1.000034     0.000000    -0.707130     0.707130 
       78         1     0.6274   1.000030    -0.000000     0.707128    -0.707128 
       79         1     0.6487   1.000032     0.000000     0.707129    -0.707129 
       80         1     0.6538   1.000026    -0.000000    -0.707125     0.707125 
       81         1     0.6747   1.000026     0.000000    -0.707125     0.707125 
       82         1     0.6774   1.000032    -0.000000     0.707129    -0.707129 
       83         1     0.7004   1.000029    -0.000000    -0.707127     0.707127 
       84         1     0.7266   1.000031     0.000000     0.707129    -0.707129 
       85         1     0.8294   1.000026     0.000000     0.707125    -0.707125 
       86         1     0.9303   1.000022    -0.000000     0.707122    -0.707122 
       87         1     0.9590   1.000018     0.000000    -0.707119     0.707119 
       88         1     1.0615   1.000020    -0.000000     0.707121    -0.707121 
       89         1     1.0699   1.000015    -0.000000    -0.707117     0.707117 
       90         1     1.1955   1.000018    -0.000000    -0.707119     0.707119 
       91         1     1.1987   1.000017    -0.000000     0.707119    -0.707119 
       92         1     1.2643   1.000018     0.000000    -0.707119     0.707119 
       93         1     1.3524   1.000021    -0.000000     0.707122    -0.707122 
       94         1     1.3723   1.000021     0.000000    -0.707122     0.707122 
       95         1     1.5284   1.000022    -0.000000    -0.707122     0.707122 
       96         1     1.6803   1.000018     0.000000     0.707119    -0.707119 
       97         1     1.7318   1.000017     0.000000    -0.707119     0.707119 
       98         1     1.9177   1.000019    -0.000000    -0.707120     0.707120 
       99         1     2.0237   1.000015    -0.000000     0.707117    -0.707117 
      100         1     2.1480   1.000015     0.000000     0.707117    -0.707117 
      101         1     2.1956   1.000015    -0.000000    -0.707117     0.707117 
      102         1     2.4511   1.000012    -0.000000     0.707115    -0.707115 
      103         1     2.4547   1.000011    -0.000000    -0.707114     0.707114 
      104         1     2.6781   1.000012    -0.000000     0.707115    -0.707115 
      105         1     2.8537   1.000014     0.000000    -0.707117     0.707117 
      106         1     3.1285   1.000012    -0.000000    -0.707115     0.707115 
      107         1     3.1347   1.000014     0.000000     0.707116    -0.707116 
      108         1     3.2577   1.000014     0.000000     0.707116    -0.707116 
      109         1     4.7337   1.000009     0.000000     0.707113    -0.707113 
      110         1     4.8188   1.000012    -0.000000    -0.707115     0.707115 
      111         1     5.2056   1.000011    -0.000000     0.707114    -0.707114 
      112         1     5.5893   1.000012    -0.000000    -0.707115     0.707115 
      113         1     6.2398   1.000013     0.000000    -0.707116     0.707116 
      114         1     6.6047   1.000012     0.000000     0.707115    -0.707115 
      115         1     6.7600   1.000013     0.000000     0.707116    -0.707116 
      116         1     7.1505   1.000011     0.000000    -0.707115     0.707115 
      117         1     7.2598   1.000015     0.000000    -0.707117     0.707117 
      118         1     7.2801   1.000013     0.000000     0.707116    -0.707116 
      119         1     7.5755   1.000013    -0.000000    -0.707116     0.707116 
      120         1     7.6612   1.000014     0.000000     0.707117    -0.707117 
      121         1     7.9704   1.000013    -0.000000    -0.707116     0.707116 
      122         1     8.1631   1.000014     0.000000    -0.707117     0.707117 
      123         1     8.3488   1.000014    -0.000000     0.707117    -0.707117 
      124         1     8.4950   1.000013     0.000000     0.707116    -0.707116 
      125         1     8.6669   1.000013     0.000000     0.707116    -0.707116 
      126         1     8.9055   1.000013     0.000000    -0.707116     0.707116 
      127         1     9.1820   1.000018     0.000000    -0.707119     0.707119 
      128         1     9.2561   1.000015    -0.000000    -0.707118     0.707118 
      129         1     9.3093   1.000016    -0.000000     0.707118    -0.707118 
      130         1     9.4513   1.000018    -0.000000     0.707119    -0.707119 
      131         1     9.6281   1.000015     0.000000    -0.707118     0.707118 
      132         1     9.6451   1.000015     0.000000     0.707117    -0.707117 
      133         1     9.9466   1.000016     0.000000     0.707118    -0.707118 
      134         1     9.9508   1.000014    -0.000000    -0.707117     0.707117 
      135         1    10.1667   1.000014    -0.000000     0.707116    -0.707116 
      136         1    10.2313   1.000015    -0.000000    -0.707117     0.707117 
      137         1    10.3779   1.000014    -0.000000     0.707116    -0.707116 
      138         1    10.3797   1.000013    -0.000000    -0.707116     0.707116 
      139         1    10.6851   1.000016     0.000000    -0.707118     0.707118 
      140         1    10.8313   1.000019     0.000000     0.706546    -0.706546 
      141         1    11.1126   1.000017    -0.000000    -0.707116     0.707116 
2 
 1  3 
        1         2   -25.4559   2.000067     0.000000     0.000001    -0.000003 
        3         2   -25.4513   2.000068    -0.000000    -0.000002     0.000005 
        5         2   -25.4414   2.000074    -0.000000     0.000001    -0.000003 
        7         2   -25.4409   2.000072     0.000000    -0.000001     0.000003 
        9         2   -25.4121   2.000070     0.000000     0.000000    -0.000001 
       11         2   -25.4117   2.000070    -0.000000    -0.000001     0.000003 
       13         2   -25.3895   2.000114    -0.000000    -0.000003     0.000010 
       15         2   -25.3889   2.000105     0.000000    -0.000008     0.000022 
       17         2   -25.3842   2.000108    -0.000000    -0.000002     0.000006 
       19         2   -25.3836   2.000067     0.000000    -0.000001     0.000004 
       21         1   -12.7429   1.000012     0.000000     0.330283    -0.943895 
       22         1   -12.5840   1.000013     0.000000    -0.330283     0.943896 
       23         1   -11.7632   1.000014    -0.000000    -0.330284     0.943897 
       24         1   -11.7091   1.000013    -0.000000     0.330283    -0.943896 
       25         1   -11.4550   1.000014    -0.000000    -0.330284     0.943897 
       26         1   -11.3555   1.000015    -0.000000     0.330284    -0.943898 
       27         1   -11.2006   1.000013     0.000000    -0.330283     0.943895 
       28         1   -11.1643   1.000013    -0.000000     0.330284    -0.943896 
       29         1   -10.9924   1.000013     0.000000    -0.330283     0.943896 
       30         1   -10.9059   1.000013    -0.000000     0.330283    -0.943896 
       31         1   -10.8105   1.000014    -0.000000     0.330284    -0.943897 
       32         1   -10.8069   1.000013    -0.000000    -0.330283     0.943896 
       33         1    -6.3672   1.000015     0.000000    -0.330284     0.943898 
       34         1    -6.3621   1.000013     0.000000     0.330283    -0.943895 
       35         1    -5.4931   1.000013    -0.000000     0.330283    -0.943896 
       36         1    -5.3622   1.000012    -0.000000    -0.330283     0.943895 
       37         1    -2.7231   1.000016     0.000000     0.330284    -0.943898 
       38         1    -2.5764   1.000017    -0.000000    -0.330285     0.943899 
       39         1    -2.4384   1.000016     0.000000    -0.330284     0.943898 
       40         1    -2.3973   1.000013     0.000000     0.330283    -0.943896 
       41         1    -2.1444   1.000011     0.000000     0.330283    -0.943894 
       42         1    -2.1366   1.000012    -0.000000    -0.330283     0.943895 
       43         1    -1.8937   1.000015    -0.000000     0.330284    -0.943898 
       44         1    -1.8061   1.000008    -0.000000    -0.330282     0.943890 
       45         1    -1.7358   1.000010     0.000000     0.330282    -0.943892 
       46         1    -1.5131   1.000008     0.000000    -0.330282     0.943891 
       47         1    -1.4267   1.000014    -0.000000     0.330284    -0.943896 
       48         1    -1.3586   1.000010     0.000000    -0.330282     0.943893 
       49         1    -1.2476   1.000008    -0.000000    -0.330282     0.943891 
       50         1    -1.1639   1.000008    -0.000000     0.330282    -0.943890 
       51         1    -1.0718   1.000009     0.000000    -0.330282     0.943892 
       52         1    -1.0523   1.000010     0.000000     0.330282    -0.943892 
       53         1    -0.9559   1.000009     0.000000    -0.330282     0.943891 
       54         1    -0.8693   1.000013    -0.000000     0.330283    -0.943895 
       55         1    -0.7916   1.000012     0.000000     0.330283    -0.943894 
       56         1    -0.7119   1.000012     0.000000    -0.330283     0.943895 
       57         1    -0.6706   1.000016     0.000000     0.330284    -0.943898 
       58         1    -0.6548   1.000015     0.000000    -0.330284     0.943897 
       59         1    -0.6120   1.000016     0.000000     0.330284    -0.943898 
       60         1    -0.5864   1.000014    -0.000000     0.330284    -0.943896 
       61         1    -0.5764   1.000015    -0.000000    -0.330284     0.943897 
       62         1    -0.5364   1.000013    -0.000000    -0.330283     0.943896 
       63         1    -0.5243   1.000013    -0.000000     0.330283    -0.943895 
       64         1    -0.4995   1.000015    -0.000000    -0.330284     0.943898 
       65         1    -0.4341   1.000017     0.000000     0.330284    -0.943899 
       66         1    -0.4135   1.000013    -0.000000    -0.330283     0.943895 
       67         1    -0.3900   1.000013    -0.000000     0.330283    -0.943895 
       68         1    -0.3163   1.000012     0.000000    -0.330283     0.943894 
       69         1     0.4859   1.000033    -0.000000    -0.330290     0.943914 
       70         1     0.5054   1.000028    -0.000000     0.330288    -0.943910 
       71         1     0.5247   1.000035     0.000000    -0.330290     0.943916 
       72         1     0.5571   1.000033     0.000000     0.330290    -0.943914 
       73         1     0.5639   1.000029     0.000000    -0.330288     0.943910 
       74         1     0.5765   1.000031    -0.000000     0.330289    -0.943912 
       75         1     0.5966   1.000031    -0.000000    -0.330289     0.943912 
       76         1     0.6083   1.000032    -0.000000     0.330290    -0.943913 
       77         1     0.6133   1.000027    -0.000000     0.330288    -0.943909 
       78         1     0.6276   1.000030    -0.000000    -0.330289     0.943911 
       79         1     0.6511   1.000029    -0.000000    -0.330289     0.943911 
       80         1     0.6610   1.000029    -0.000000    -0.330288     0.943910 
       81         1     0.6618   1.000030     0.000000     0.330289    -0.943911 
       82         1     0.6911   1.000031     0.000000     0.330289    -0.943912 
       83         1     0.7089   1.000027     0.000000    -0.330288     0.943909 
       84         1     0.7102   1.000029     0.000000     0.330288    -0.943910 
       85         1     0.8162   1.000018     0.000000     0.330285    -0.943900 
       86         1     0.9450   1.000020     0.000000    -0.330286     0.943902 
       87         1     0.9832   1.000022    -0.000000     0.330286    -0.943904 
       88         1     1.0404   1.000017     0.000000    -0.330284     0.943899 
       89         1     1.1144   1.000018     0.000000     0.330285    -0.943901 
       90         1     1.1247   1.000015    -0.000000    -0.330284     0.943897 
       91         1     1.1975   1.000017    -0.000000     0.330285    -0.943900 
       92         1     1.2109   1.000022    -0.000000    -0.330286     0.943904 
       93         1     1.3031   1.000023     0.000000     0.330287    -0.943905 
       94         1     1.3738   1.000023     0.000000    -0.330287     0.943905 
       95         1     1.4660   1.000024     0.000000    -0.330287     0.943906 
       96         1     1.6193   1.000017     0.000000     0.330285    -0.943899 
       97         1     1.7733   1.000017     0.000000    -0.330285     0.943899 
       98         1     1.8786   1.000014    -0.000000     0.330284    -0.943897 
       99         1     2.0494   1.000015    -0.000000    -0.330284     0.943898 
      100         1     2.1100   1.000014     0.000000     0.330284    -0.943896 
      101         1     2.2121   1.000013     0.000000    -0.330283     0.943896 
      102         1     2.3228   1.000014    -0.000000    -0.330284     0.943897 
      103         1     2.4092   1.000014    -0.000000     0.330284    -0.943897 
      104         1     2.4501   1.000014     0.000000     0.330284    -0.943897 
      105         1     2.7654   1.000014     0.000000    -0.330284     0.943896 
      106         1     2.9086   1.000014     0.000000    -0.330284     0.943896 
      107         1     2.9976   1.000014    -0.000000     0.330284    -0.943896 
      108         1     3.0876   1.000011     0.000000     0.330283    -0.943894 
      109         1     4.9874   1.000011     0.000000    -0.330283     0.943893 
      110         1     5.0122   1.000014     0.000000     0.330284    -0.943896 
      111         1     5.4272   1.000013     0.000000     0.330283    -0.943895 
      112         1     5.6874   1.000013    -0.000000    -0.330283     0.943896 
      113         1     6.5784   1.000012     0.000000    -0.330283     0.943894 
      114         1     6.8514   1.000010     0.000000    -0.330282     0.943893 
      115         1     6.8581   1.000017    -0.000000     0.330285    -0.943899 
      116         1     7.0601   1.000015     0.000000     0.330284    -0.943897 
      117         1     7.2951   1.000014    -0.000000    -0.330284     0.943897 
      118         1     7.3662   1.000014     0.000000     0.330284    -0.943897 
      119         1     7.7489   1.000012    -0.000000    -0.330283     0.943895 
      120         1     7.8978   1.000012     0.000000    -0.330283     0.943895 
      121         1     7.9400   1.000014    -0.000000     0.330284    -0.943897 
      122         1     8.0459   1.000010     0.000000    -0.330282     0.943893 
      123         1     8.2993   1.000015     0.000000     0.330284    -0.943897 
      124         1     8.5240   1.000014     0.000000     0.330284    -0.943896 
      125         1     8.6816   1.000015     0.000000     0.330284    -0.943897 
      126         1     8.9209   1.000011    -0.000000    -0.330283     0.943894 
      127         1     9.2441   1.000013     0.000000     0.330283    -0.943896 
      128         1     9.2457   1.000016    -0.000000    -0.330284     0.943899 
      129         1     9.5258   1.000014    -0.000000    -0.330284     0.943896 
      130         1     9.7010   1.000013    -0.000000     0.330283    -0.943896 
      131         1     9.7961   1.000014    -0.000000     0.330284    -0.943897 
      132         1     9.8772   1.000017    -0.000000    -0.330285     0.943899 
      133         1    10.0364   1.000015    -0.000000     0.330284    -0.943897 
      134         1    10.1311   1.000018    -0.000000    -0.330285     0.943900 
      135         1    10.1735   1.000013    -0.000000     0.330283    -0.943896 
      136         1    10.3445   1.000018     0.000000    -0.330285     0.943901 
      137         1    10.4353   1.000015    -0.000000     0.330284    -0.943896 
      138         1    10.5078   1.000014    -0.000000    -0.330284     0.943897 
      139         1    10.6164   1.000017     0.000000     0.330283    -0.943893 
      140         1    10.8022   1.000020     0.000000    -0.330214     0.943698 
      141         1    10.9788   1.000024    -0.000000     0.323208    -0.923675 
2 
 1  3 
        1         2   -25.4559   2.000069     0.000000    -0.000000    -0.000001 
        3         2   -25.4513   2.000060    -0.000000     0.000000     0.000000 
        5         2   -25.4414   2.000077    -0.000000    -0.000001    -0.000008 
        7         2   -25.4409   2.000076     0.000000     0.000001     0.000007 
        9         2   -25.4120   2.000101    -0.000000     0.000004     0.000031 
       11         2   -25.4117   2.000076     0.000000    -0.000000    -0.000003 
       13         2   -25.3895   2.000111    -0.000000     0.000000     0.000003 
       15         2   -25.3889   2.000106     0.000000    -0.000000    -0.000002 
       17         2   -25.3842   2.000094    -0.000000     0.000000     0.000003 
       19         2   -25.3836   2.000071    -0.000000    -0.000000    -0.000002 
       21         1   -12.6572   1.000012     0.000000    -0.111966    -0.993724 
       22         1   -12.5485   1.000012     0.000000     0.111966     0.993724 
       23         1   -11.7184   1.000012    -0.000000     0.111966     0.993724 
       24         1   -11.7179   1.000012     0.000000    -0.111966    -0.993724 
       25         1   -11.4468   1.000012     0.000000     0.111966     0.993724 
       26         1   -11.3795   1.000013     0.000000    -0.111966    -0.993725 
       27         1   -11.2743   1.000012    -0.000000     0.111966     0.993724 
       28         1   -11.2205   1.000014     0.000000    -0.111966    -0.993726 
       29         1   -11.0120   1.000013    -0.000000     0.111966     0.993725 
       30         1   -10.9545   1.000012    -0.000000    -0.111966    -0.993725 
       31         1   -10.8560   1.000014     0.000000     0.111966     0.993726 
       32         1   -10.8443   1.000011     0.000000    -0.111966    -0.993723 
       33         1    -6.3290   1.000013    -0.000000     0.111966     0.993725 
       34         1    -6.3254   1.000015     0.000000    -0.111966    -0.993727 
       35         1    -5.3748   1.000011     0.000000    -0.111966    -0.993723 
       36         1    -5.2607   1.000011    -0.000000     0.111966     0.993723 
       37         1    -2.6295   1.000013     0.000000    -0.111966    -0.993725 
       38         1    -2.5221   1.000014     0.000000     0.111966     0.993726 
       39         1    -2.3996   1.000014    -0.000000     0.111966     0.993726 
       40         1    -2.3511   1.000018    -0.000000    -0.111966    -0.993730 
       41         1    -2.1138   1.000013     0.000000    -0.111966    -0.993725 
       42         1    -2.0888   1.000013     0.000000     0.111966     0.993725 
       43         1    -1.8337   1.000014     0.000000    -0.111966    -0.993726 
       44         1    -1.8027   1.000016     0.000000     0.111966     0.993728 
       45         1    -1.6051   1.000008     0.000000    -0.111965    -0.993720 
       46         1    -1.5543   1.000011     0.000000     0.111966     0.993723 
       47         1    -1.4821   1.000016     0.000000    -0.111966    -0.993728 
       48         1    -1.4596   1.000011    -0.000000     0.111966     0.993723 
       49         1    -1.3390   1.000009    -0.000000     0.111965     0.993721 
       50         1    -1.1600   1.000009    -0.000000    -0.111966    -0.993722 
       51         1    -1.0334   1.000009     0.000000    -0.111965    -0.993721 
       52         1    -1.0054   1.000009     0.000000     0.111966     0.993721 
       53         1    -0.9481   1.000010     0.000000    -0.111966    -0.993722 
       54         1    -0.9357   1.000010    -0.000000     0.111966     0.993722 
       55         1    -0.8310   1.000011    -0.000000    -0.111966    -0.993723 
       56         1    -0.7185   1.000014     0.000000    -0.111966    -0.993726 
       57         1    -0.6861   1.000015     0.000000     0.111966     0.993727 
       58         1    -0.6596   1.000013    -0.000000     0.111966     0.993725 
       59         1    -0.6204   1.000011     0.000000    -0.111966    -0.993723 
       60         1    -0.6104   1.000015    -0.000000     0.111966     0.993727 
       61         1    -0.5847   1.000015     0.000000    -0.111966    -0.993727 
       62         1    -0.5383   1.000014     0.000000     0.111966     0.993726 
       63         1    -0.5316   1.000014     0.000000    -0.111966    -0.993726 
       64         1    -0.5038   1.000014     0.000000     0.111966     0.993726 
       65         1    -0.4543   1.000016     0.000000    -0.111966    -0.993728 
       66         1    -0.4175   1.000013    -0.000000     0.111966     0.993725 
       67         1    -0.3693   1.000015     0.000000    -0.111966    -0.993727 
       68         1    -0.3496   1.000014     0.000000     0.111966     0.993726 
       69         1     0.4895   1.000028    -0.000000     0.111968     0.993740 
       70         1     0.5091   1.000030     0.000000    -0.111968    -0.993741 
       71         1     0.5397   1.000033     0.000000    -0.111968    -0.993745 
       72         1     0.5447   1.000028    -0.000000     0.111968     0.993740 
       73         1     0.5723   1.000029    -0.000000    -0.111968    -0.993741 
       74         1     0.5921   1.000031     0.000000     0.111968     0.993742 
       75         1     0.6060   1.000030    -0.000000     0.111968     0.993741 
       76         1     0.6071   1.000030     0.000000    -0.111968    -0.993742 
       77         1     0.6266   1.000027    -0.000000    -0.111968    -0.993739 
       78         1     0.6366   1.000031     0.000000     0.111968     0.993743 
       79         1     0.6408   1.000033    -0.000000    -0.111968    -0.993745 
       80         1     0.6596   1.000029     0.000000     0.111968     0.993740 
       81         1     0.6870   1.000029     0.000000     0.111968     0.993741 
       82         1     0.6895   1.000031    -0.000000    -0.111968    -0.993742 
       83         1     0.7111   1.000031    -0.000000    -0.111968    -0.993743 
       84         1     0.7415   1.000025    -0.000000     0.111967     0.993736 
       85         1     0.8308   1.000019    -0.000000    -0.111967    -0.993730 
       86         1     0.8507   1.000022    -0.000000     0.111967     0.993734 
       87         1     0.9530   1.000017    -0.000000     0.111966     0.993729 
       88         1     1.0390   1.000019    -0.000000     0.111967     0.993731 
       89         1     1.0983   1.000018    -0.000000    -0.111967    -0.993730 
       90         1     1.1974   1.000020     0.000000    -0.111967    -0.993731 
       91         1     1.2420   1.000024    -0.000000    -0.111967    -0.993736 
       92         1     1.2747   1.000016    -0.000000     0.111966     0.993728 
       93         1     1.3485   1.000024    -0.000000    -0.111967    -0.993736 
       94         1     1.3559   1.000017    -0.000000     0.111966     0.993729 
       95         1     1.5037   1.000019     0.000000    -0.111967    -0.993731 
       96         1     1.5545   1.000019    -0.000000     0.111967     0.993731 
       97         1     1.6772   1.000016     0.000000    -0.111966    -0.993728 
       98         1     1.7309   1.000017     0.000000     0.111966     0.993729 
       99         1     1.9420   1.000017    -0.000000     0.111966     0.993729 
      100         1     1.9716   1.000014    -0.000000    -0.111966    -0.993726 
      101         1     2.1639   1.000013     0.000000    -0.111966    -0.993725 
      102         1     2.2482   1.000014     0.000000     0.111966     0.993726 
      103         1     2.2642   1.000011     0.000000    -0.111966    -0.993723 
      104         1     2.3534   1.000014    -0.000000     0.111966     0.993726 
      105         1     2.5472   1.000012     0.000000     0.111966     0.993724 
      106         1     2.8754   1.000013     0.000000    -0.111966    -0.993726 
      107         1     2.9872   1.000013    -0.000000    -0.111966    -0.993725 
      108         1     2.9943   1.000012    -0.000000     0.111966     0.993724 
      109         1     5.0566   1.000010     0.000000     0.111966     0.993723 
      110         1     5.1587   1.000008     0.000000    -0.111965    -0.993721 
      111         1     5.6161   1.000010     0.000000     0.111966     0.993723 
      112         1     5.7274   1.000009    -0.000000    -0.111965    -0.993721 
      113         1     6.5459   1.000013     0.000000     0.111966     0.993726 
      114         1     6.9590   1.000012    -0.000000     0.111966     0.993725 
      115         1     7.0288   1.000012    -0.000000    -0.111966    -0.993724 
      116         1     7.1610   1.000017     0.000000    -0.111966    -0.993729 
      117         1     7.1834   1.000011     0.000000     0.111966     0.993723 
      118         1     7.5162   1.000012    -0.000000     0.111966     0.993725 
      119         1     7.6677   1.000013     0.000000    -0.111966    -0.993725 
      120         1     7.8329   1.000015     0.000000    -0.111966    -0.993727 
      121         1     7.9521   1.000014    -0.000000     0.111966     0.993727 
      122         1     8.0741   1.000013    -0.000000     0.111966     0.993726 
      123         1     8.1914   1.000013     0.000000    -0.111966    -0.993725 
      124         1     8.4194   1.000014    -0.000000    -0.111966    -0.993726 
      125         1     8.9739   1.000013    -0.000000    -0.111966    -0.993725 
      126         1     9.0669   1.000014    -0.000000     0.111966     0.993726 
      127         1     9.2064   1.000013    -0.000000     0.111966     0.993725 
      128         1     9.2427   1.000013    -0.000000    -0.111966    -0.993725 
      129         1     9.6353   1.000014    -0.000000    -0.111966    -0.993727 
      130         1     9.8107   1.000014    -0.000000     0.111966     0.993726 
      131         1     9.9631   1.000015    -0.000000    -0.111966    -0.993727 
      132         1    10.0540   1.000015     0.000000     0.111966     0.993728 
      133         1    10.1406   1.000016     0.000000    -0.111966    -0.993728 
      134         1    10.2867   1.000016    -0.000000    -0.111966    -0.993728 
      135         1    10.3937   1.000015    -0.000000     0.111966     0.993726 
      136         1    10.4454   1.000016    -0.000000    -0.111966    -0.993728 
      137         1    10.5264   1.000017     0.000000    -0.111966    -0.993727 
      138         1    10.6537   1.000015    -0.000000     0.111965     0.993713 
      139         1    10.7424   1.000019    -0.000000     0.111858     0.992768 
      140         1    10.9108   1.000025    -0.000000    -0.105323    -0.934768 
      141         1    11.0123   1.000023    -0.000000     0.058420     0.518495 
2 
 1  3 
        1         2   -25.4559   2.000096    -0.000000     0.000001     0.000002 
        3         2   -25.4513   2.000060     0.000000    -0.000001    -0.000001 
        5         2   -25.4414   2.000099     0.000000    -0.000004    -0.000006 
        7         2   -25.4409   2.000074    -0.000000     0.000003     0.000005 
        9         2   -25.4120   2.000101     0.000000    -0.000000    -0.000000 
       11         2   -25.4117   2.000101     0.000000     0.000002     0.000003 
       13         2   -25.3895   2.000102    -0.000000     0.000001     0.000002 
       15         2   -25.3889   2.000097     0.000000    -0.000002    -0.000003 
       17         2   -25.3842   2.000094     0.000000     0.000003     0.000005 
       19         2   -25.3835   2.000093     0.000000     0.000006     0.000009 
       21         1   -12.5761   1.000014     0.000000    -0.532040    -0.846736 
       22         1   -12.5552   1.000013    -0.000000     0.532039     0.846735 
       23         1   -11.7237   1.000014    -0.000000    -0.532040    -0.846736 
       24         1   -11.6693   1.000014    -0.000000     0.532040     0.846736 
       25         1   -11.4358   1.000012     0.000000     0.532038     0.846734 
       26         1   -11.4192   1.000011    -0.000000    -0.532038    -0.846734 
       27         1   -11.2747   1.000014     0.000000     0.532039     0.846736 
       28         1   -11.2580   1.000015    -0.000000    -0.532040    -0.846737 
       29         1   -11.0195   1.000014     0.000000     0.532039     0.846736 
       30         1   -10.9882   1.000013    -0.000000    -0.532039    -0.846735 
       31         1   -10.9183   1.000015     0.000000     0.532040     0.846737 
       32         1   -10.8747   1.000014    -0.000000    -0.532040    -0.846736 
       33         1    -6.3123   1.000013    -0.000000     0.532039     0.846736 
       34         1    -6.3073   1.000016     0.000000    -0.532041    -0.846738 
       35         1    -5.2977   1.000013     0.000000    -0.532039    -0.846735 
       36         1    -5.2509   1.000012     0.000000     0.532039     0.846735 
       37         1    -2.5887   1.000012    -0.000000     0.532039     0.846735 
       38         1    -2.5553   1.000016     0.000000    -0.532041    -0.846738 
       39         1    -2.3902   1.000015     0.000000     0.532040     0.846737 
       40         1    -2.3110   1.000014    -0.000000    -0.532040    -0.846736 
       41         1    -2.0706   1.000016    -0.000000    -0.532041    -0.846738 
       42         1    -2.0674   1.000016     0.000000     0.532041     0.846738 
       43         1    -1.8471   1.000012     0.000000    -0.532038    -0.846734 
       44         1    -1.7906   1.000009     0.000000     0.532037     0.846732 
       45         1    -1.6428   1.000008     0.000000    -0.532036    -0.846731 
       46         1    -1.5136   1.000009    -0.000000     0.532037     0.846731 
       47         1    -1.4291   1.000008     0.000000     0.532036     0.846731 
       48         1    -1.4146   1.000007     0.000000    -0.532036    -0.846730 
       49         1    -1.3499   1.000009    -0.000000    -0.532037    -0.846732 
       50         1    -1.2405   1.000008    -0.000000     0.532036     0.846731 
       51         1    -1.0632   1.000009     0.000000     0.532037     0.846732 
       52         1    -1.0063   1.000007     0.000000    -0.532036    -0.846730 
       53         1    -0.9290   1.000011    -0.000000     0.532038     0.846733 
       54         1    -0.8651   1.000013     0.000000    -0.532039    -0.846735 
       55         1    -0.7737   1.000010     0.000000    -0.532037    -0.846732 
       56         1    -0.7039   1.000012     0.000000     0.532039     0.846735 
       57         1    -0.7028   1.000017    -0.000000    -0.532041    -0.846738 
       58         1    -0.6654   1.000013    -0.000000     0.532039     0.846735 
       59         1    -0.6176   1.000015     0.000000    -0.532040    -0.846736 
       60         1    -0.5953   1.000016     0.000000     0.532040     0.846737 
       61         1    -0.5788   1.000013    -0.000000    -0.532039    -0.846735 
       62         1    -0.5475   1.000013    -0.000000     0.532039     0.846735 
       63         1    -0.5314   1.000014    -0.000000    -0.532040    -0.846736 
       64         1    -0.5058   1.000014     0.000000     0.532039     0.846736 
       65         1    -0.4518   1.000013    -0.000000    -0.532039    -0.846735 
       66         1    -0.4458   1.000012    -0.000000     0.532038     0.846734 
       67         1    -0.3791   1.000012    -0.000000     0.532038     0.846734 
       68         1    -0.3519   1.000015    -0.000000    -0.532040    -0.846736 
       69         1     0.5002   1.000029    -0.000000     0.532047     0.846748 
       70         1     0.5077   1.000030    -0.000000    -0.532048    -0.846749 
       71         1     0.5287   1.000031    -0.000000    -0.532048    -0.846750 
       72         1     0.5320   1.000026    -0.000000     0.532046     0.846746 
       73         1     0.5693   1.000029     0.000000    -0.532047    -0.846748 
       74         1     0.5757   1.000025    -0.000000     0.532045     0.846745 
       75         1     0.6167   1.000030     0.000000     0.532048     0.846749 
       76         1     0.6189   1.000023     0.000000    -0.532044    -0.846743 
       77         1     0.6395   1.000029     0.000000     0.532047     0.846748 
       78         1     0.6417   1.000031     0.000000    -0.532049    -0.846750 
       79         1     0.6513   1.000027    -0.000000    -0.532046    -0.846747 
       80         1     0.6623   1.000027     0.000000     0.532046     0.846747 
       81         1     0.6749   1.000026    -0.000000     0.532046     0.846746 
       82         1     0.6783   1.000026    -0.000000    -0.532046    -0.846746 
       83         1     0.7325   1.000028    -0.000000    -0.532047    -0.846748 
       84         1     0.7718   1.000028     0.000000     0.532047     0.846748 
       85         1     0.8409   1.000023    -0.000000     0.532044     0.846743 
       86         1     0.8599   1.000019     0.000000    -0.532042    -0.846740 
       87         1     0.9495   1.000019     0.000000     0.532042     0.846740 
       88         1     1.0305   1.000017    -0.000000     0.532041     0.846738 
       89         1     1.1184   1.000017     0.000000    -0.532041    -0.846738 
       90         1     1.1670   1.000020    -0.000000    -0.532043    -0.846741 
       91         1     1.2540   1.000020     0.000000    -0.532042    -0.846741 
       92         1     1.3071   1.000017    -0.000000    -0.532041    -0.846739 
       93         1     1.3648   1.000017    -0.000000     0.532041     0.846739 
       94         1     1.5001   1.000019     0.000000     0.532042     0.846740 
       95         1     1.5427   1.000018     0.000000     0.532041     0.846739 
       96         1     1.5742   1.000020    -0.000000    -0.532043    -0.846741 
       97         1     1.6410   1.000018     0.000000     0.532042     0.846740 
       98         1     1.6814   1.000017    -0.000000    -0.532041    -0.846739 
       99         1     1.7305   1.000017     0.000000     0.532041     0.846739 
      100         1     1.8724   1.000018    -0.000000    -0.532042    -0.846740 
      101         1     2.0435   1.000014     0.000000    -0.532039    -0.846736 
      102         1     2.1392   1.000013     0.000000     0.532039     0.846735 
      103         1     2.2457   1.000015     0.000000    -0.532040    -0.846737 
      104         1     2.3831   1.000012     0.000000     0.532038     0.846734 
      105         1     2.5396   1.000013    -0.000000     0.532039     0.846735 
      106         1     2.8014   1.000013     0.000000    -0.532039    -0.846735 
      107         1     2.9778   1.000012    -0.000000    -0.532039    -0.846735 
      108         1     3.1278   1.000012    -0.000000     0.532039     0.846735 
      109         1     5.1001   1.000011     0.000000     0.532038     0.846734 
      110         1     5.1031   1.000012     0.000000    -0.532038    -0.846734 
      111         1     5.6099   1.000013    -0.000000     0.532039     0.846735 
      112         1     5.7432   1.000012    -0.000000    -0.532039    -0.846734 
      113         1     6.4444   1.000014    -0.000000     0.532040     0.846736 
      114         1     6.8357   1.000013    -0.000000    -0.532039    -0.846736 
      115         1     6.8387   1.000016    -0.000000     0.532041     0.846738 
      116         1     7.1155   1.000015     0.000000    -0.532040    -0.846737 
      117         1     7.3716   1.000015     0.000000     0.532040     0.846737 
      118         1     7.4552   1.000015    -0.000000    -0.532040    -0.846737 
      119         1     7.5380   1.000013     0.000000     0.532039     0.846735 
      120         1     7.6511   1.000014     0.000000    -0.532040    -0.846736 
      121         1     8.0640   1.000016     0.000000     0.532040     0.846737 
      122         1     8.0677   1.000014     0.000000    -0.532040    -0.846736 
      123         1     8.1586   1.000014     0.000000     0.532040     0.846736 
      124         1     8.3281   1.000015     0.000000    -0.532040    -0.846737 
      125         1     9.0382   1.000014    -0.000000     0.532039     0.846736 
      126         1     9.1122   1.000014    -0.000000     0.532040     0.846736 
      127         1     9.2298   1.000015    -0.000000    -0.532040    -0.846737 
      128         1     9.4079   1.000012     0.000000    -0.532038    -0.846734 
      129         1     9.4868   1.000012    -0.000000    -0.532038    -0.846734 
      130         1     9.8288   1.000019    -0.000000     0.532042     0.846740 
      131         1     9.8620   1.000016     0.000000    -0.532041    -0.846738 
      132         1    10.0278   1.000016     0.000000     0.532041     0.846738 
      133         1    10.0698   1.000016     0.000000    -0.532041    -0.846738 
      134         1    10.2205   1.000014    -0.000000     0.532039     0.846736 
      135         1    10.2880   1.000015    -0.000000    -0.532040    -0.846737 
      136         1    10.3730   1.000016     0.000000     0.532041     0.846738 
      137         1    10.4247   1.000015     0.000000    -0.532040    -0.846737 
      138         1    10.5654   1.000016    -0.000000     0.532040     0.846737 
      139         1    10.7235   1.000014    -0.000000    -0.532037    -0.846732 
      140         1    10.8486   1.000019    -0.000000    -0.531508    -0.845890 
      141         1    10.8677   1.000018     0.000000     0.531964     0.846616 
2 
 1  3 
        1         2   -25.4559   2.000074     0.000000     0.000009     0.000005 
        3         2   -25.4513   2.000059    -0.000000    -0.000004    -0.000003 
        5         2   -25.4414   2.000086    -0.000000    -0.000000    -0.000000 
        7         2   -25.4409   2.000085     0.000000     0.000012     0.000008 
        9         2   -25.4121   2.000098    -0.000000    -0.000023    -0.000015 
       11         2   -25.4117   2.000080    -0.000000     0.000007     0.000004 
       13         2   -25.3895   2.000092    -0.000000    -0.000006    -0.000004 
       15         2   -25.3889   2.000086    -0.000000    -0.000001    -0.000001 
       17         2   -25.3842   2.000075     0.000000     0.000002     0.000001 
       19         2   -25.3835   2.000072     0.000000     0.000007     0.000004 
       21         1   -12.6243   1.000010     0.000000     0.846733     0.532038 
       22         1   -12.5493   1.000013    -0.000000    -0.846735    -0.532039 
       23         1   -11.7397   1.000013    -0.000000    -0.846735    -0.532039 
       24         1   -11.6253   1.000013     0.000000     0.846735     0.532039 
       25         1   -11.4111   1.000012    -0.000000     0.846734     0.532038 
       26         1   -11.4106   1.000012    -0.000000    -0.846734    -0.532038 
       27         1   -11.2772   1.000012     0.000000    -0.846734    -0.532038 
       28         1   -11.2271   1.000014     0.000000     0.846736     0.532039 
       29         1   -11.0036   1.000013     0.000000     0.846735     0.532039 
       30         1   -10.9832   1.000013    -0.000000    -0.846735    -0.532039 
       31         1   -10.9362   1.000012    -0.000000     0.846734     0.532038 
       32         1   -10.8928   1.000014    -0.000000    -0.846736    -0.532039 
       33         1    -6.3303   1.000013    -0.000000     0.846735     0.532039 
       34         1    -6.3201   1.000012     0.000000    -0.846735    -0.532039 
       35         1    -5.3450   1.000013     0.000000     0.846735     0.532039 
       36         1    -5.3016   1.000015     0.000000    -0.846737    -0.532040 
       37         1    -2.6986   1.000011     0.000000     0.846733     0.532038 
       38         1    -2.5418   1.000015     0.000000    -0.846737    -0.532040 
       39         1    -2.4746   1.000013    -0.000000     0.846736     0.532039 
       40         1    -2.2941   1.000013    -0.000000    -0.846735    -0.532039 
       41         1    -2.2220   1.000015    -0.000000     0.846737     0.532040 
       42         1    -2.0996   1.000013    -0.000000    -0.846735    -0.532039 
       43         1    -1.8874   1.000008     0.000000    -0.846731    -0.532037 
       44         1    -1.7409   1.000014    -0.000000    -0.846736    -0.532039 
       45         1    -1.6016   1.000008    -0.000000    -0.846731    -0.532036 
       46         1    -1.5833   1.000010     0.000000     0.846732     0.532037 
       47         1    -1.4694   1.000009     0.000000     0.846732     0.532037 
       48         1    -1.2641   1.000007    -0.000000     0.846730     0.532036 
       49         1    -1.2442   1.000008     0.000000    -0.846731    -0.532036 
       50         1    -1.2109   1.000008    -0.000000     0.846731     0.532037 
       51         1    -0.9673   1.000012     0.000000     0.846734     0.532038 
       52         1    -0.9460   1.000010     0.000000     0.846733     0.532037 
       53         1    -0.8306   1.000014    -0.000000    -0.846736    -0.532040 
       54         1    -0.8084   1.000013    -0.000000    -0.846735    -0.532039 
       55         1    -0.7797   1.000010    -0.000000     0.846732     0.532037 
       56         1    -0.7067   1.000013    -0.000000    -0.846735    -0.532039 
       57         1    -0.6672   1.000013     0.000000     0.846735     0.532039 
       58         1    -0.6567   1.000013     0.000000    -0.846735    -0.532039 
       59         1    -0.6141   1.000015     0.000000    -0.846737    -0.532040 
       60         1    -0.6050   1.000014    -0.000000     0.846736     0.532039 
       61         1    -0.5804   1.000014    -0.000000    -0.846736    -0.532039 
       62         1    -0.5680   1.000013    -0.000000     0.846735     0.532039 
       63         1    -0.5283   1.000013    -0.000000     0.846735     0.532039 
       64         1    -0.5238   1.000013    -0.000000    -0.846735    -0.532039 
       65         1    -0.4737   1.000014    -0.000000     0.846736     0.532039 
       66         1    -0.4280   1.000015    -0.000000    -0.846737    -0.532040 
       67         1    -0.3956   1.000013     0.000000     0.846735     0.532039 
       68         1    -0.3419   1.000013    -0.000000    -0.846735    -0.532039 
       69         1     0.4773   1.000029    -0.000000    -0.846748    -0.532047 
       70         1     0.4866   1.000024     0.000000     0.846744     0.532045 
       71         1     0.5131   1.000031     0.000000     0.846750     0.532048 
       72         1     0.5194   1.000028     0.000000    -0.846747    -0.532046 
       73         1     0.5649   1.000032     0.000000     0.846751     0.532049 
       74         1     0.5808   1.000030    -0.000000    -0.846749    -0.532048 
       75         1     0.5995   1.000028    -0.000000     0.846748     0.532047 
       76         1     0.6279   1.000030     0.000000    -0.846749    -0.532048 
       77         1     0.6309   1.000031     0.000000     0.846750     0.532048 
       78         1     0.6416   1.000025     0.000000     0.846745     0.532045 
       79         1     0.6465   1.000032    -0.000000    -0.846751    -0.532049 
       80         1     0.6567   1.000030     0.000000     0.846750     0.532048 
       81         1     0.6614   1.000029     0.000000    -0.846749    -0.532047 
       82         1     0.6924   1.000026    -0.000000    -0.846746    -0.532046 
       83         1     0.7273   1.000028     0.000000     0.846747     0.532047 
       84         1     0.7624   1.000024    -0.000000    -0.846745    -0.532045 
       85         1     0.8960   1.000018     0.000000    -0.846739    -0.532042 
       86         1     0.9416   1.000019    -0.000000     0.846740     0.532042 
       87         1     0.9658   1.000022    -0.000000    -0.846742    -0.532043 
       88         1     1.0867   1.000018     0.000000     0.846739     0.532042 
       89         1     1.1292   1.000023     0.000000    -0.846744    -0.532044 
       90         1     1.1756   1.000018     0.000000     0.846739     0.532042 
       91         1     1.2260   1.000016     0.000000     0.846738     0.532041 
       92         1     1.2960   1.000017     0.000000    -0.846739    -0.532041 
       93         1     1.4205   1.000017    -0.000000    -0.846739    -0.532041 
       94         1     1.4838   1.000020     0.000000     0.846741     0.532043 
       95         1     1.5127   1.000019     0.000000    -0.846741    -0.532042 
       96         1     1.5459   1.000020    -0.000000     0.846741     0.532043 
       97         1     1.6545   1.000020     0.000000     0.846741     0.532043 
       98         1     1.6790   1.000017     0.000000    -0.846738    -0.532041 
       99         1     1.8261   1.000017     0.000000     0.846738     0.532041 
      100         1     1.9738   1.000015    -0.000000    -0.846737    -0.532040 
      101         1     2.0721   1.000014    -0.000000     0.846736     0.532040 
      102         1     2.1249   1.000013     0.000000    -0.846735    -0.532039 
      103         1     2.3256   1.000013     0.000000     0.846735     0.532039 
      104         1     2.4166   1.000016     0.000000    -0.846738    -0.532040 
      105         1     2.6032   1.000016    -0.000000     0.846738     0.532040 
      106         1     2.8066   1.000012    -0.000000    -0.846735    -0.532039 
      107         1     3.0220   1.000012    -0.000000    -0.846734    -0.532038 
      108         1     3.2621   1.000014    -0.000000     0.846736     0.532039 
      109         1     4.9169   1.000011    -0.000000    -0.846734    -0.532038 
      110         1     5.0762   1.000013     0.000000     0.846735     0.532039 
      111         1     5.5644   1.000011     0.000000    -0.846734    -0.532038 
      112         1     5.6314   1.000010    -0.000000     0.846733     0.532037 
      113         1     6.5772   1.000012    -0.000000     0.846735     0.532039 
      114         1     6.6033   1.000013     0.000000    -0.846735    -0.532039 
      115         1     6.8545   1.000014     0.000000     0.846736     0.532040 
      116         1     6.8712   1.000013    -0.000000    -0.846735    -0.532039 
      117         1     7.1208   1.000014     0.000000    -0.846736    -0.532040 
      118         1     7.3362   1.000016    -0.000000     0.846737     0.532040 
      119         1     7.4006   1.000011     0.000000    -0.846734    -0.532038 
      120         1     7.6524   1.000013     0.000000     0.846735     0.532039 
      121         1     7.8950   1.000016    -0.000000    -0.846738    -0.532041 
      122         1     8.0059   1.000011    -0.000000     0.846734     0.532038 
      123         1     8.0773   1.000014    -0.000000    -0.846736    -0.532040 
      124         1     8.3680   1.000015    -0.000000     0.846737     0.532040 
      125         1     8.7197   1.000013    -0.000000     0.846735     0.532039 
      126         1     8.9768   1.000014     0.000000    -0.846736    -0.532039 
      127         1     8.9954   1.000014    -0.000000     0.846736     0.532040 
      128         1     9.2981   1.000015     0.000000    -0.846737    -0.532040 
      129         1     9.5490   1.000017     0.000000    -0.846738    -0.532041 
      130         1     9.6243   1.000016    -0.000000     0.846737     0.532040 
      131         1     9.8072   1.000017    -0.000000     0.846739     0.532041 
      132         1     9.8405   1.000017    -0.000000    -0.846738    -0.532041 
      133         1     9.9078   1.000017    -0.000000     0.846739     0.532041 
      134         1    10.1321   1.000017    -0.000000     0.846739     0.532041 
      135         1    10.1857   1.000016     0.000000    -0.846738    -0.532041 
      136         1    10.3168   1.000014    -0.000000     0.846736     0.532040 
      137         1    10.3596   1.000014     0.000000    -0.846736    -0.532040 
      138         1    10.7078   1.000015    -0.000000    -0.846731    -0.532036 
      139         1    10.7648   1.000016     0.000000     0.846735     0.532039 
      140         1    10.8926   1.000016    -0.000000    -0.846723    -0.532031 
      141         1    11.0831   1.000029     0.000000    -0.748843    -0.470529 
2 
 1  3 
        1         2   -25.4559   2.000069     0.000000     0.000003     0.000000 
        3         2   -25.4513   2.000061    -0.000000    -0.000005    -0.000001 
        5         2   -25.4414   2.000082    -0.000000     0.000007     0.000001 
        7         2   -25.4409   2.000090     0.000000     0.000016     0.000002 
        9         2   -25.4121   2.000082    -0.000000    -0.000014    -0.000002 
       11         2   -25.4117   2.000068    -0.000000     0.000007     0.000001 
       13         2   -25.3895   2.000083    -0.000000    -0.000003    -0.000000 
       15         2   -25.3889   2.000080    -0.000000    -0.000010    -0.000001 
       17         2   -25.3842   2.000077     0.000000     0.000001     0.000000 
       19         2   -25.3836   2.000068    -0.000000     0.000007     0.000001 
       21         1   -12.7156   1.000012     0.000000     0.993724     0.111966 
       22         1   -12.5758   1.000014     0.000000    -0.993726    -0.111966 
       23         1   -11.7674   1.000012     0.000000    -0.993724    -0.111966 
       24         1   -11.6143   1.000012    -0.000000     0.993724     0.111966 
       25         1   -11.4015   1.000013    -0.000000    -0.993725    -0.111966 
       26         1   -11.3943   1.000010    -0.000000     0.993722     0.111966 
       27         1   -11.2248   1.000012     0.000000    -0.993724    -0.111966 
       28         1   -11.1684   1.000015    -0.000000     0.993727     0.111966 
       29         1   -10.9636   1.000013    -0.000000    -0.993726    -0.111966 
       30         1   -10.9617   1.000013     0.000000     0.993725     0.111966 
       31         1   -10.8841   1.000013    -0.000000     0.993725     0.111966 
       32         1   -10.8835   1.000015    -0.000000    -0.993726    -0.111966 
       33         1    -6.3672   1.000014    -0.000000     0.993726     0.111966 
       34         1    -6.3553   1.000013    -0.000000    -0.993725    -0.111966 
       35         1    -5.4808   1.000014     0.000000     0.993726     0.111966 
       36         1    -5.3778   1.000013    -0.000000    -0.993725    -0.111966 
       37         1    -2.7917   1.000015    -0.000000     0.993727     0.111966 
       38         1    -2.5970   1.000013    -0.000000    -0.993726    -0.111966 
       39         1    -2.5523   1.000012     0.000000     0.993724     0.111966 
       40         1    -2.3951   1.000015     0.000000    -0.993727    -0.111966 
       41         1    -2.2522   1.000011     0.000000     0.993724     0.111966 
       42         1    -2.1031   1.000013     0.000000    -0.993726    -0.111966 
       43         1    -1.8755   1.000013     0.000000    -0.993725    -0.111966 
       44         1    -1.7581   1.000008    -0.000000     0.993720     0.111965 
       45         1    -1.7328   1.000007    -0.000000    -0.993720    -0.111965 
       46         1    -1.5965   1.000010    -0.000000    -0.993722    -0.111966 
       47         1    -1.4094   1.000008    -0.000000     0.993720     0.111965 
       48         1    -1.2524   1.000008    -0.000000     0.993720     0.111965 
       49         1    -1.2033   1.000011    -0.000000    -0.993723    -0.111966 
       50         1    -1.0557   1.000008     0.000000     0.993720     0.111965 
       51         1    -1.0005   1.000010     0.000000     0.993723     0.111966 
       52         1    -0.8723   1.000011     0.000000     0.993723     0.111966 
       53         1    -0.8200   1.000012    -0.000000    -0.993724    -0.111966 
       54         1    -0.7591   1.000012    -0.000000     0.993724     0.111966 
       55         1    -0.7391   1.000011    -0.000000    -0.993723    -0.111966 
       56         1    -0.7029   1.000014     0.000000    -0.993726    -0.111966 
       57         1    -0.6587   1.000012     0.000000     0.993724     0.111966 
       58         1    -0.6444   1.000016     0.000000    -0.993727    -0.111966 
       59         1    -0.6397   1.000014     0.000000     0.993726     0.111966 
       60         1    -0.6070   1.000016    -0.000000     0.993727     0.111966 
       61         1    -0.6066   1.000014    -0.000000    -0.993726    -0.111966 
       62         1    -0.5500   1.000014    -0.000000    -0.993726    -0.111966 
       63         1    -0.5394   1.000014     0.000000     0.993726     0.111966 
       64         1    -0.4978   1.000015     0.000000    -0.993727    -0.111966 
       65         1    -0.4517   1.000012    -0.000000     0.993724     0.111966 
       66         1    -0.4157   1.000015    -0.000000    -0.993727    -0.111966 
       67         1    -0.4028   1.000018     0.000000     0.993730     0.111966 
       68         1    -0.3168   1.000012     0.000000    -0.993724    -0.111966 
       69         1     0.4458   1.000024     0.000000    -0.993735    -0.111967 
       70         1     0.5012   1.000025    -0.000000     0.993737     0.111967 
       71         1     0.5143   1.000031    -0.000000     0.993743     0.111968 
       72         1     0.5306   1.000026     0.000000    -0.993737    -0.111967 
       73         1     0.5776   1.000032     0.000000     0.993743     0.111968 
       74         1     0.5807   1.000027     0.000000    -0.993739    -0.111967 
       75         1     0.5934   1.000029    -0.000000     0.993741     0.111968 
       76         1     0.6161   1.000029    -0.000000     0.993741     0.111968 
       77         1     0.6277   1.000027    -0.000000     0.993734     0.111967 
       78         1     0.6280   1.000032     0.000000    -0.993739    -0.111967 
       79         1     0.6441   1.000034    -0.000000    -0.993746    -0.111968 
       80         1     0.6514   1.000027    -0.000000     0.993739     0.111968 
       81         1     0.6586   1.000030     0.000000    -0.993741    -0.111968 
       82         1     0.7058   1.000030     0.000000    -0.993742    -0.111968 
       83         1     0.7194   1.000023     0.000000     0.993735     0.111967 
       84         1     0.7597   1.000024     0.000000    -0.993736    -0.111967 
       85         1     0.8930   1.000024    -0.000000    -0.993736    -0.111967 
       86         1     0.9037   1.000022    -0.000000     0.993734     0.111967 
       87         1     0.9751   1.000016     0.000000    -0.993727    -0.111966 
       88         1     1.1046   1.000021     0.000000     0.993732     0.111967 
       89         1     1.1081   1.000019    -0.000000    -0.993730    -0.111967 
       90         1     1.1632   1.000016    -0.000000     0.993727     0.111966 
       91         1     1.2987   1.000016    -0.000000     0.993728     0.111966 
       92         1     1.3298   1.000015    -0.000000    -0.993727    -0.111966 
       93         1     1.4484   1.000022    -0.000000     0.993734     0.111967 
       94         1     1.4792   1.000017     0.000000    -0.993729    -0.111966 
       95         1     1.5489   1.000019    -0.000000    -0.993731    -0.111967 
       96         1     1.6235   1.000018    -0.000000     0.993730     0.111967 
       97         1     1.6942   1.000015     0.000000    -0.993727    -0.111966 
       98         1     1.7534   1.000019    -0.000000     0.993731     0.111967 
       99         1     1.8770   1.000015    -0.000000    -0.993727    -0.111966 
      100         1     1.9605   1.000016    -0.000000     0.993728     0.111966 
      101         1     2.0940   1.000014     0.000000     0.993726     0.111966 
      102         1     2.2690   1.000013     0.000000    -0.993725    -0.111966 
      103         1     2.4192   1.000016    -0.000000     0.993728     0.111966 
      104         1     2.6135   1.000013     0.000000    -0.993725    -0.111966 
      105         1     2.8556   1.000011     0.000000     0.993724     0.111966 
      106         1     2.9539   1.000014    -0.000000    -0.993726    -0.111966 
      107         1     3.0482   1.000011    -0.000000    -0.993723    -0.111966 
      108         1     3.3402   1.000011    -0.000000     0.993723     0.111966 
      109         1     4.7055   1.000013     0.000000    -0.993726    -0.111966 
      110         1     4.9074   1.000014    -0.000000     0.993727     0.111966 
      111         1     5.4092   1.000012    -0.000000    -0.993725    -0.111966 
      112         1     5.4816   1.000011    -0.000000     0.993723     0.111966 
      113         1     6.3543   1.000014     0.000000    -0.993726    -0.111966 
      114         1     6.6993   1.000011    -0.000000     0.993723     0.111966 
      115         1     6.8150   1.000010    -0.000000    -0.993722    -0.111966 
      116         1     6.8480   1.000015     0.000000     0.993727     0.111966 
      117         1     6.9415   1.000015    -0.000000    -0.993727    -0.111966 
      118         1     7.1977   1.000013    -0.000000     0.993725     0.111966 
      119         1     7.4149   1.000015     0.000000    -0.993727    -0.111966 
      120         1     7.5613   1.000013     0.000000     0.993725     0.111966 
      121         1     7.7108   1.000013    -0.000000    -0.993726    -0.111966 
      122         1     7.9140   1.000012     0.000000    -0.993724    -0.111966 
      123         1     8.1222   1.000015    -0.000000     0.993727     0.111966 
      124         1     8.2915   1.000014     0.000000     0.993726     0.111966 
      125         1     8.6644   1.000014     0.000000     0.993726     0.111966 
      126         1     8.8698   1.000012    -0.000000    -0.993724    -0.111966 
      127         1     9.0510   1.000019    -0.000000     0.993731     0.111967 
      128         1     9.0689   1.000017    -0.000000    -0.993729    -0.111966 
      129         1     9.3880   1.000016     0.000000     0.993728     0.111966 
      130         1     9.5019   1.000014     0.000000    -0.993727    -0.111966 
      131         1     9.6935   1.000015    -0.000000     0.993727     0.111966 
      132         1     9.8343   1.000014    -0.000000     0.993726     0.111966 
      133         1     9.8509   1.000016    -0.000000    -0.993728    -0.111966 
      134         1     9.9495   1.000018    -0.000000     0.993730     0.111966 
      135         1    10.2057   1.000015     0.000000    -0.993727    -0.111966 
      136         1    10.3194   1.000014     0.000000    -0.993726    -0.111966 
      137         1    10.4486   1.000014     0.000000     0.993727     0.111966 
      138         1    10.7662   1.000015    -0.000000    -0.993727    -0.111966 
      139         1    10.8301   1.000014    -0.000000     0.993720     0.111965 
      140         1    10.9194   1.000016    -0.000000    -0.993715    -0.111965 
      141         1    11.1922   1.000028     0.000000     0.899580     0.101358 
2 
 1  3 
        1         2   -25.4560   2.000069     0.000000    -0.000001     0.000000 
        3         2   -25.4513   2.000062    -0.000000    -0.000005     0.000002 
        5         2   -25.4414   2.000094     0.000000     0.000012    -0.000004 
        7         2   -25.4409   2.000082     0.000000     0.000005    -0.000002 
        9         2   -25.4121   2.000068     0.000000    -0.000000     0.000000 
       11         2   -25.4117   2.000070    -0.000000    -0.000001     0.000000 
       13         2   -25.3895   2.000090    -0.000000    -0.000003     0.000001 
       15         2   -25.3889   2.000085    -0.000000    -0.000006     0.000002 
       17         2   -25.3842   2.000082     0.000000    -0.000008     0.000003 
       19         2   -25.3836   2.000074     0.000000     0.000008    -0.000003 
       21         1   -12.7796   1.000011    -0.000000     0.943894    -0.330283 
       22         1   -12.6086   1.000013     0.000000    -0.943895     0.330283 
       23         1   -11.7915   1.000013     0.000000    -0.943896     0.330283 
       24         1   -11.6430   1.000015    -0.000000     0.943897    -0.330284 
       25         1   -11.4228   1.000013    -0.000000    -0.943895     0.330283 
       26         1   -11.3852   1.000014    -0.000000     0.943896    -0.330284 
       27         1   -11.1447   1.000013    -0.000000    -0.943895     0.330283 
       28         1   -11.1216   1.000015     0.000000     0.943897    -0.330284 
       29         1   -10.9651   1.000013     0.000000    -0.943896     0.330283 
       30         1   -10.9068   1.000014    -0.000000     0.943896    -0.330284 
       31         1   -10.8381   1.000013    -0.000000    -0.943896     0.330283 
       32         1   -10.8213   1.000014    -0.000000     0.943896    -0.330284 
       33         1    -6.3944   1.000014     0.000000     0.943896    -0.330284 
       34         1    -6.3882   1.000014    -0.000000    -0.943896     0.330284 
       35         1    -5.5782   1.000012    -0.000000     0.943895    -0.330283 
       36         1    -5.4577   1.000013    -0.000000    -0.943896     0.330283 
       37         1    -2.8293   1.000014     0.000000     0.943896    -0.330284 
       38         1    -2.6457   1.000015    -0.000000    -0.943898     0.330284 
       39         1    -2.5520   1.000014     0.000000     0.943896    -0.330284 
       40         1    -2.4820   1.000018    -0.000000    -0.943901     0.330285 
       41         1    -2.1625   1.000012     0.000000     0.943894    -0.330283 
       42         1    -2.0730   1.000013    -0.000000    -0.943896     0.330283 
       43         1    -1.9379   1.000009    -0.000000     0.943892    -0.330282 
       44         1    -1.8667   1.000015    -0.000000    -0.943897     0.330284 
       45         1    -1.6300   1.000007    -0.000000    -0.943890     0.330281 
       46         1    -1.5916   1.000008     0.000000     0.943890    -0.330282 
       47         1    -1.4894   1.000008     0.000000    -0.943890     0.330282 
       48         1    -1.3079   1.000012    -0.000000     0.943895    -0.330283 
       49         1    -1.1640   1.000011    -0.000000    -0.943893     0.330283 
       50         1    -1.1336   1.000010    -0.000000     0.943893    -0.330282 
       51         1    -1.0215   1.000009    -0.000000     0.943891    -0.330282 
       52         1    -0.8910   1.000010     0.000000    -0.943892     0.330282 
       53         1    -0.8392   1.000010    -0.000000    -0.943893     0.330282 
       54         1    -0.8001   1.000011     0.000000     0.943893    -0.330283 
       55         1    -0.7448   1.000012    -0.000000    -0.943894     0.330283 
       56         1    -0.7196   1.000013     0.000000     0.943895    -0.330283 
       57         1    -0.6422   1.000020     0.000000     0.943902    -0.330286 
       58         1    -0.6185   1.000015     0.000000    -0.943897     0.330284 
       59         1    -0.6148   1.000017     0.000000     0.943900    -0.330285 
       60         1    -0.5904   1.000015    -0.000000     0.943897    -0.330284 
       61         1    -0.5894   1.000016    -0.000000    -0.943899     0.330284 
       62         1    -0.5533   1.000015     0.000000    -0.943897     0.330284 
       63         1    -0.5268   1.000012     0.000000     0.943895    -0.330283 
       64         1    -0.4450   1.000013    -0.000000    -0.943895     0.330283 
       65         1    -0.4235   1.000014    -0.000000    -0.943894     0.330283 
       66         1    -0.4232   1.000015     0.000000     0.943895    -0.330283 
       67         1    -0.4040   1.000014    -0.000000     0.943896    -0.330284 
       68         1    -0.2881   1.000013     0.000000    -0.943896     0.330283 
       69         1     0.4414   1.000022     0.000000    -0.943903     0.330286 
       70         1     0.5269   1.000029    -0.000000     0.943910    -0.330288 
       71         1     0.5376   1.000028     0.000000    -0.943909     0.330288 
       72         1     0.5481   1.000028    -0.000000     0.943909    -0.330288 
       73         1     0.5658   1.000028    -0.000000    -0.943909     0.330288 
       74         1     0.5680   1.000032     0.000000     0.943913    -0.330289 
       75         1     0.6042   1.000031     0.000000     0.943912    -0.330289 
       76         1     0.6192   1.000028    -0.000000    -0.943910     0.330288 
       77         1     0.6241   1.000031    -0.000000    -0.943912     0.330289 
       78         1     0.6262   1.000030     0.000000     0.943911    -0.330289 
       79         1     0.6364   1.000026    -0.000000     0.943908    -0.330288 
       80         1     0.6529   1.000030     0.000000    -0.943911     0.330289 
       81         1     0.6599   1.000031     0.000000     0.943912    -0.330289 
       82         1     0.6852   1.000030     0.000000    -0.943911     0.330289 
       83         1     0.7150   1.000029     0.000000     0.943911    -0.330289 
       84         1     0.7528   1.000023    -0.000000    -0.943905     0.330287 
       85         1     0.8446   1.000023     0.000000     0.943905    -0.330287 
       86         1     0.8994   1.000019    -0.000000    -0.943901     0.330285 
       87         1     1.0103   1.000021     0.000000     0.943903    -0.330286 
       88         1     1.0297   1.000015     0.000000    -0.943897     0.330284 
       89         1     1.0988   1.000020    -0.000000     0.943902    -0.330286 
       90         1     1.1490   1.000017     0.000000    -0.943899     0.330285 
       91         1     1.2540   1.000016    -0.000000     0.943898    -0.330284 
       92         1     1.3724   1.000021     0.000000    -0.943903     0.330286 
       93         1     1.4211   1.000017     0.000000    -0.943899     0.330285 
       94         1     1.4261   1.000022    -0.000000     0.943904    -0.330286 
       95         1     1.5728   1.000019    -0.000000    -0.943901     0.330285 
       96         1     1.6846   1.000019     0.000000     0.943901    -0.330285 
       97         1     1.7053   1.000016     0.000000    -0.943899     0.330284 
       98         1     1.8243   1.000018     0.000000    -0.943901     0.330285 
       99         1     1.9193   1.000015     0.000000     0.943897    -0.330284 
      100         1     2.1183   1.000014    -0.000000     0.943896    -0.330284 
      101         1     2.2432   1.000017    -0.000000    -0.943899     0.330285 
      102         1     2.3035   1.000015    -0.000000     0.943898    -0.330284 
      103         1     2.5783   1.000014     0.000000     0.943896    -0.330284 
      104         1     2.6520   1.000014     0.000000    -0.943896     0.330284 
      105         1     2.8854   1.000013    -0.000000    -0.943896     0.330283 
      106         1     3.1862   1.000014    -0.000000     0.943896    -0.330284 
      107         1     3.2414   1.000011    -0.000000    -0.943894     0.330283 
      108         1     3.3093   1.000011     0.000000     0.943894    -0.330283 
      109         1     4.6407   1.000014     0.000000    -0.943896     0.330284 
      110         1     4.6856   1.000011    -0.000000     0.943894    -0.330283 
      111         1     5.2577   1.000011    -0.000000     0.943893    -0.330283 
      112         1     5.3949   1.000014     0.000000    -0.943896     0.330284 
      113         1     6.1633   1.000016     0.000000    -0.943899     0.330284 
      114         1     6.4930   1.000012     0.000000     0.943895    -0.330283 
      115         1     6.7806   1.000013    -0.000000     0.943896    -0.330283 
      116         1     6.9445   1.000015     0.000000    -0.943897     0.330284 
      117         1     7.2534   1.000012    -0.000000    -0.943895     0.330283 
      118         1     7.2988   1.000014     0.000000     0.943897    -0.330284 
      119         1     7.4309   1.000012    -0.000000    -0.943894     0.330283 
      120         1     7.4840   1.000014     0.000000     0.943896    -0.330284 
      121         1     7.7984   1.000014    -0.000000    -0.943896     0.330284 
      122         1     8.0015   1.000015    -0.000000    -0.943898     0.330284 
      123         1     8.1965   1.000016    -0.000000     0.943898    -0.330284 
      124         1     8.4184   1.000012    -0.000000     0.943894    -0.330283 
      125         1     8.6604   1.000013     0.000000     0.943896    -0.330284 
      126         1     8.8857   1.000013    -0.000000    -0.943896     0.330283 
      127         1     9.0629   1.000017    -0.000000    -0.943900     0.330285 
      128         1     9.2577   1.000015     0.000000     0.943897    -0.330284 
      129         1     9.3185   1.000017     0.000000    -0.943899     0.330285 
      130         1     9.3471   1.000014     0.000000     0.943896    -0.330284 
      131         1     9.5326   1.000013     0.000000     0.943896    -0.330283 
      132         1     9.7883   1.000014     0.000000    -0.943896     0.330284 
      133         1     9.8354   1.000017    -0.000000     0.943899    -0.330285 
      134         1    10.0185   1.000015     0.000000    -0.943897     0.330284 
      135         1    10.1590   1.000014    -0.000000     0.943896    -0.330284 
      136         1    10.1901   1.000019    -0.000000    -0.943901     0.330285 
      137         1    10.3922   1.000015    -0.000000     0.943897    -0.330284 
      138         1    10.5210   1.000017     0.000000    -0.943899     0.330285 
      139         1    10.7819   1.000014    -0.000000    -0.943897     0.330284 
      140         1    10.8963   1.000019     0.000000     0.943901    -0.330285 
      141         1    11.1361   1.000015    -0.000000    -0.943810     0.330253 
4 
 1  2  3  4 
        1         2   -25.4560   2.000095    -0.000000    -0.000001     0.000000    -0.000000     0.000000     0.000000    -0.000000 
        3         2   -25.4513   2.000082     0.000000    -0.000000     0.000000    -0.000000    -0.000000     0.000000    -0.000000 
        5         2   -25.4414   2.000103    -0.000000    -0.000124     0.000060     0.000000    -0.000000    -0.000004     0.000002 
        7         2   -25.4409   2.000083    -0.000000     0.000119    -0.000058     0.000000    -0.000000     0.000004    -0.000002 
        9         2   -25.4121   2.000102    -0.000000     0.000225    -0.000108    -0.000000    -0.000003    -0.000025     0.000012 
       11         2   -25.4117   2.000100    -0.000000    -0.000225     0.000108    -0.000000     0.000002     0.000025    -0.000012 
       13         2   -25.3895   2.000107    -0.000000    -0.000087     0.000042     0.000000     0.000002     0.000000    -0.000000 
       15         2   -25.3889   2.000108     0.000000     0.000083    -0.000040    -0.000000    -0.000002    -0.000000     0.000000 
       17         2   -25.3842   2.000104    -0.000000     0.000071    -0.000034    -0.000000    -0.000001    -0.000002     0.000001 
       19         2   -25.3836   2.000099    -0.000000    -0.000068     0.000033    -0.000000     0.000001     0.000002    -0.000001 
       21         2   -12.7110   2.000040     0.000000    -0.000000     0.000000    -0.000000     0.000000    -0.000000     0.000000 
       23         2   -11.7022   2.000045    -0.000000     0.000000    -0.000000    -0.000000     0.000000    -0.000000     0.000000 
       25         2   -11.4457   2.000043    -0.000000     0.000000    -0.000000    -0.000000    -0.000000    -0.000000     0.000000 
       27         2   -11.1135   2.000047     0.000000    -0.000000     0.000000     0.000000     0.000000    -0.000000     0.000000 
       29         2   -10.9377   2.000050     0.000000    -0.000000     0.000000    -0.000000    -0.000000    -0.000000     0.000000 
       31         2   -10.7890   2.000049    -0.000000     0.000000    -0.000000    -0.000000    -0.000000     0.000000    -0.000000 
       33         2    -6.3946   2.000036    -0.000000    -0.000000     0.000000     0.000000    -0.000000     0.000000    -0.000000 
       35         2    -5.5194   2.000051     0.000000     0.000000    -0.000000     0.000000     0.000000    -0.000000     0.000000 
       37         2    -2.7379   2.000061    -0.000000     0.000000    -0.000000    -0.000000     0.000000     0.000000    -0.000000 
       39         2    -2.5264   2.000058     0.000000    -0.000000     0.000000    -0.000000    -0.000000    -0.000000     0.000000 
       41         2    -2.0892   2.000046     0.000000    -0.000000     0.000000    -0.000000     0.000000     0.000000    -0.000000 
       43         2    -1.8205   2.000056    -0.000000     0.000000     0.000000    -0.000000    -0.000000     0.000000    -0.000000 
       45         2    -1.6917   2.000060     0.000000    -0.000000     0.000000    -0.000000    -0.000000     0.000000    -0.000000 
       47         2    -1.3861   2.000033     0.000000     0.000000    -0.000000     0.000000    -0.000000    -0.000000     0.000000 
       49         2    -1.0991   2.000029    -0.000000    -0.000000     0.000000    -0.000000     0.000000     0.000000    -0.000000 
       51         2    -1.0065   2.000039     0.000000     0.000000    -0.000000     0.000000    -0.000000    -0.000000     0.000000 
       53         2    -0.8533   2.000042     0.000000    -0.000000     0.000000     0.000000    -0.000000    -0.000000     0.000000 
       55         2    -0.7724   2.000039     0.000000    -0.000000     0.000000    -0.000000     0.000000    -0.000000     0.000000 
       57         2    -0.6390   2.000054    -0.000000    -0.000000     0.000000     0.000000    -0.000000    -0.000002     0.000001 
       59         2    -0.5983   2.000048     0.000000    -0.000002     0.000001    -0.000000     0.000000     0.000001    -0.000000 
       61         2    -0.5844   2.000043     0.000000     0.000000    -0.000000    -0.000000    -0.000000    -0.000000     0.000000 
       63         2    -0.4758   2.000034     0.000000    -0.000001     0.000000     0.000000    -0.000000    -0.000002     0.000001 
       65         2    -0.4430   2.000048     0.000000    -0.000001     0.000000     0.000000    -0.000000     0.000001    -0.000001 
       67         2    -0.3457   2.000045     0.000000    -0.000000     0.000000    -0.000000     0.000000    -0.000000     0.000000 
       69         2     0.4954   2.000087     0.000000     0.000001    -0.000000    -0.000000     0.000000     0.000004    -0.000002 
       71         2     0.5231   2.000077     0.000000     0.000000    -0.000000     0.000000     0.000000    -0.000001     0.000001 
       73         2     0.5543   2.000083    -0.000000    -0.000000     0.000000    -0.000000    -0.000000    -0.000002     0.000001 
       75         2     0.6154   2.000083     0.000000     0.000000    -0.000000    -0.000000     0.000000    -0.000000     0.000000 
       77         2     0.6202   2.000094     0.000000    -0.000004     0.000002    -0.000000     0.000000     0.000001    -0.000000 
       79         2     0.6464   2.000090    -0.000000    -0.000000     0.000000    -0.000000    -0.000000    -0.000001     0.000000 
       81         2     0.6690   2.000089    -0.000000    -0.000001     0.000000    -0.000000    -0.000000     0.000001    -0.000000 
       83         2     0.7098   2.000071     0.000000     0.000002    -0.000001     0.000000     0.000000    -0.000000     0.000000 
       85         2     0.9003   2.000060     0.000000     0.000001    -0.000000     0.000000     0.000000     0.000001    -0.000000 
       87         2     1.0083   2.000057     0.000000    -0.000000     0.000000     0.000000     0.000000    -0.000000     0.000000 
       89         2     1.1597   2.000051    -0.000000    -0.000000     0.000000     0.000000     0.000000    -0.000000     0.000000 
       91         2     1.2555   2.000050    -0.000000    -0.000000     0.000000     0.000000     0.000000     0.000000    -0.000000 
       93         2     1.5349   2.000050    -0.000000     0.000000    -0.000000     0.000000     0.000000    -0.000000     0.000000 
       95         2     1.5777   2.000058    -0.000000     0.000001    -0.000001    -0.000000     0.000000     0.000000    -0.000000 
       97         2     1.7122   2.000047     0.000000     0.000001    -0.000000    -0.000000    -0.000000     0.000000    -0.000000 
       99         2     2.0279   2.000047     0.000000    -0.000000     0.000000    -0.000000    -0.000000    -0.000000     0.000000 
      101         2     2.2317   2.000049    -0.000000    -0.000000     0.000000     0.000000     0.000000    -0.000000     0.000000 
      103         2     2.5059   2.000040     0.000000     0.000000    -0.000000    -0.000000     0.000000     0.000000    -0.000000 
      105         2     2.9923   2.000038    -0.000000    -0.000000     0.000000     0.000000    -0.000000    -0.000000     0.000000 
      107         2     3.1519   2.000041    -0.000000     0.000000    -0.000000    -0.000000     0.000000    -0.000000     0.000000 
      109         2     4.8815   2.000044     0.000000    -0.000000     0.000000     0.000000    -0.000000     0.000000    -0.000000 
      111         2     5.4610   2.000042     0.000000     0.000000    -0.000000    -0.000000     0.000000    -0.000000     0.000000 
      113         2     6.5446   2.000039     0.000000    -0.000000     0.000000     0.000000     0.000000    -0.000000     0.000000 
      115         2     6.9601   2.000052    -0.000000     0.000000    -0.000000     0.000000     0.000000     0.000000    -0.000000 
      117         2     7.2915   2.000053    -0.000000    -0.000000     0.000000     0.000000    -0.000000     0.000000    -0.000000 
      119         2     7.6998   2.000054     0.000000    -0.000000     0.000000    -0.000000    -0.000000    -0.000000     0.000000 
      121         2     8.1048   2.000052     0.000000     0.000000     0.000000     0.000000     0.000000     0.000000    -0.000000 
      123         2     8.4011   2.000042    -0.000000     0.000000    -0.000000    -0.000000    -0.000000    -0.000000     0.000000 
      125         2     8.7190   2.000047     0.000000    -0.000000     0.000000    -0.000000    -0.000000     0.000000    -0.000000 
      127         2     9.1509   2.000051     0.000000     0.000000    -0.000000    -0.000000    -0.000000     0.000000    -0.000000 
      129         2     9.3502   2.000053     0.000000    -0.000000     0.000000     0.000000    -0.000000    -0.000000     0.000000 
      131         2     9.6533   2.000057    -0.000000     0.000000    -0.000000     0.000000    -0.000000    -0.000000     0.000000 
      133         2     9.8090   2.000061    -0.000000    -0.000000     0.000000     0.000000    -0.000000     0.000000    -0.000000 
      135         2    10.1391   2.000053    -0.000000    -0.000000     0.000000     0.000000    -0.000001    -0.000000     0.000000 
      137         2    10.4086   2.000056    -0.000000    -0.000001     0.000000    -0.000000     0.000001    -0.000000     0.000000 
      139         1    10.7280   1.000029     0.000000    -0.283698     0.136622    -0.000000     0.280412     0.816994    -0.393443 
      140         1    10.7282   1.000026    -0.000000     0.283928    -0.136733    -0.000000    -0.280160    -0.816495     0.393203 
      141         1    11.0441   1.000026    -0.000000    -0.545991     0.262935     0.000000    -0.259995    -0.677336     0.326188 
4 
 1  2  3  4 
        1         2   -25.4559   2.000095     0.000000     0.000002    -0.000001    -0.000000    -0.000000     0.000000    -0.000000 
        3         2   -25.4513   2.000089     0.000000     0.000000    -0.000000    -0.000000    -0.000000     0.000000    -0.000000 
        5         2   -25.4414   2.000100    -0.000000    -0.000122     0.000059    -0.000001    -0.000002    -0.000003     0.000004 
        7         2   -25.4409   2.000094     0.000000     0.000122    -0.000059     0.000001     0.000002     0.000003    -0.000004 
        9         2   -25.4121   2.000107     0.000000     0.000236    -0.000113    -0.000000    -0.000000    -0.000017     0.000021 
       11         2   -25.4117   2.000100    -0.000000    -0.000233     0.000112     0.000000     0.000000     0.000017    -0.000021 
       13         2   -25.3895   2.000112     0.000000    -0.000088     0.000042     0.000000     0.000000     0.000000    -0.000000 
       15         2   -25.3889   2.000111     0.000000     0.000087    -0.000042    -0.000000    -0.000000    -0.000000     0.000000 
       17         2   -25.3842   2.000105     0.000000     0.000070    -0.000034    -0.000000    -0.000000    -0.000001     0.000001 
       19         2   -25.3836   2.000096     0.000000    -0.000071     0.000034     0.000000     0.000000     0.000001    -0.000001 
       21         2   -12.6709   2.000038    -0.000000    -0.000000    -0.000000    -0.000000    -0.000000    -0.000000     0.000000 
       23         2   -11.7112   2.000041    -0.000000    -0.000000    -0.000000     0.000000     0.000000     0.000000    -0.000000 
       25         2   -11.4382   2.000043     0.000000    -0.000000     0.000000    -0.000000     0.000000     0.000000    -0.000000 
       27         2   -11.1646   2.000047     0.000000    -0.000000     0.000000     0.000000     0.000000     0.000000    -0.000000 
       29         2   -10.9582   2.000051     0.000000    -0.000000     0.000000     0.000000     0.000000    -0.000000     0.000000 
       31         2   -10.8017   2.000051     0.000000    -0.000000     0.000000     0.000000     0.000000    -0.000001     0.000001 
       33         2    -6.3660   2.000046    -0.000000    -0.000000     0.000000    -0.000000     0.000000     0.000000    -0.000000 
       35         2    -5.4293   2.000050     0.000000    -0.000000     0.000000     0.000000     0.000000     0.000000    -0.000000 
       37         2    -2.6602   2.000051     0.000000     0.000000     0.000000     0.000000     0.000000    -0.000000     0.000000 
       39         2    -2.4662   2.000061    -0.000000     0.000000    -0.000000     0.000000     0.000000     0.000000    -0.000000 
       41         2    -2.1805   2.000048     0.000000     0.000000    -0.000000     0.000000     0.000000     0.000000    -0.000000 
       43         2    -1.7419   2.000034    -0.000000    -0.000000     0.000000    -0.000000    -0.000000     0.000000    -0.000000 
       45         2    -1.6020   2.000030    -0.000000     0.000000    -0.000000     0.000000     0.000000     0.000000    -0.000000 
       47         2    -1.3513   2.000028    -0.000000     0.000000    -0.000000    -0.000000    -0.000000    -0.000000     0.000000 
       49         2    -1.2241   2.000050     0.000000    -0.000000     0.000000    -0.000000    -0.000000     0.000000    -0.000000 
       51         2    -1.0112   2.000037     0.000000    -0.000000     0.000000    -0.000000    -0.000000    -0.000000     0.000000 
       53         2    -0.9047   2.000033     0.000000    -0.000000     0.000000     0.000000     0.000000    -0.000000     0.000000 
       55         2    -0.8005   2.000037    -0.000000    -0.000000     0.000000    -0.000000    -0.000000     0.000000    -0.000000 
       57         2    -0.6848   2.000048     0.000000    -0.000000     0.000000    -0.000000    -0.000000     0.000000    -0.000000 
       59         2    -0.5822   2.000049     0.000000    -0.000003     0.000001    -0.000000    -0.000000     0.000002    -0.000003 
       61         2    -0.5788   2.000044    -0.000000     0.000005    -0.000002     0.000000     0.000000    -0.000003     0.000004 
       63         2    -0.5202   2.000049    -0.000000    -0.000001     0.000000    -0.000000    -0.000000     0.000000    -0.000000 
       65         2    -0.4317   2.000041     0.000000    -0.000001     0.000000    -0.000000    -0.000000    -0.000000     0.000000 
       67         2    -0.3561   2.000048     0.000000    -0.000000     0.000000    -0.000000    -0.000000    -0.000000     0.000000 
       69         2     0.4768   2.000076     0.000000     0.000000    -0.000000    -0.000000    -0.000000     0.000001    -0.000001 
       71         2     0.5397   2.000085     0.000000    -0.000000     0.000000     0.000000     0.000000    -0.000000     0.000001 
       73         2     0.5747   2.000079     0.000000    -0.000001     0.000001    -0.000000    -0.000000    -0.000001     0.000002 
       75         2     0.5924   2.000077    -0.000000     0.000001    -0.000000     0.000000     0.000000    -0.000000     0.000000 
       77         2     0.6191   2.000089     0.000000    -0.000001     0.000000    -0.000000    -0.000000    -0.000000     0.000000 
       79         2     0.6502   2.000077     0.000000     0.000001    -0.000001     0.000000     0.000000     0.000001    -0.000001 
       81         2     0.6705   2.000089    -0.000000     0.000000    -0.000000    -0.000000    -0.000000    -0.000000     0.000001 
       83         2     0.7153   2.000079     0.000000     0.000000    -0.000000     0.000000     0.000000    -0.000000     0.000000 
       85         2     0.8712   2.000064     0.000000     0.000000    -0.000000     0.000000     0.000000     0.000000    -0.000000 
       87         2     1.0575   2.000052    -0.000000    -0.000000     0.000000     0.000000     0.000000     0.000000    -0.000000 
       89         2     1.1179   2.000054    -0.000000     0.000000    -0.000000    -0.000000    -0.000000    -0.000000     0.000001 
       91         2     1.3060   2.000068    -0.000000     0.000000    -0.000000     0.000000     0.000000     0.000000    -0.000000 
       93         2     1.3891   2.000057    -0.000000    -0.000000     0.000000    -0.000000    -0.000000     0.000001    -0.000001 
       95         2     1.5337   2.000065    -0.000000     0.000000    -0.000000     0.000000     0.000000     0.000000    -0.000000 
       97         2     1.6703   2.000045    -0.000000     0.000000    -0.000000     0.000000     0.000000    -0.000000     0.000000 
       99         2     2.0556   2.000048     0.000000     0.000000    -0.000000     0.000000     0.000000    -0.000000     0.000000 
      101         2     2.2673   2.000041    -0.000000     0.000000    -0.000000     0.000000     0.000000     0.000000    -0.000000 
      103         2     2.4082   2.000043     0.000000     0.000000    -0.000000    -0.000000    -0.000000     0.000000    -0.000000 
      105         2     2.7868   2.000040     0.000000    -0.000000     0.000000    -0.000000    -0.000000    -0.000000     0.000000 
      107         2     2.9905   2.000043     0.000000    -0.000000     0.000000     0.000000     0.000000    -0.000000     0.000000 
      109         2     5.0974   2.000049     0.000000    -0.000000     0.000000    -0.000000    -0.000000     0.000000    -0.000000 
      111         2     5.6262   2.000035    -0.000000    -0.000000     0.000000    -0.000000    -0.000000     0.000000    -0.000000 
      113         2     6.7957   2.000046    -0.000000     0.000000    -0.000000     0.000000     0.000000     0.000000    -0.000000 
      115         2     7.0061   2.000041     0.000000     0.000000    -0.000000    -0.000000    -0.000000     0.000000    -0.000000 
      117         2     7.2994   2.000051     0.000000     0.000000    -0.000000    -0.000000    -0.000000    -0.000000     0.000000 
      119         2     7.8906   2.000054     0.000000     0.000000     0.000000    -0.000000    -0.000000     0.000000    -0.000000 
      121         2     8.1998   2.000051    -0.000000    -0.000000     0.000000     0.000000     0.000000    -0.000000     0.000000 
      123         2     8.3337   2.000049     0.000000    -0.000001     0.000000    -0.000000    -0.000000    -0.000000     0.000000 
      125         2     8.8037   2.000054     0.000000    -0.000000     0.000000    -0.000000    -0.000000     0.000000    -0.000000 
      127         2     9.2333   2.000050     0.000000    -0.000000     0.000000    -0.000000    -0.000000     0.000000    -0.000000 
      129         2     9.3813   2.000054     0.000000    -0.000000     0.000000    -0.000000    -0.000000    -0.000000     0.000000 
      131         2     9.6857   2.000055     0.000000    -0.000000     0.000000    -0.000000    -0.000000    -0.000000     0.000000 
      133         2    10.0429   2.000057     0.000000    -0.000001     0.000001    -0.000000    -0.000000    -0.000000     0.000001 
      135         2    10.2495   2.000061     0.000000     0.000002    -0.000001     0.000000     0.000000    -0.000000     0.000000 
      137         2    10.4215   2.000050     0.000000     0.000001    -0.000001    -0.000003    -0.000005     0.000001    -0.000002 
      139         1    10.6609   1.000030    -0.000000     0.576976    -0.277857    -0.154455    -0.320728    -0.424354     0.532123 
      140         1    10.6610   1.000029    -0.000000    -0.576170     0.277469     0.154425     0.320667     0.423908    -0.531563 
      141         1    10.8624   1.000030     0.000000    -0.849347     0.409024    -0.044594    -0.092600     0.197942    -0.248212 
4 
 1  2  3  4 
        1         2   -25.4559   2.000092    -0.000000    -0.000001     0.000000    -0.000000    -0.000000    -0.000000     0.000000 
        3         2   -25.4513   2.000090    -0.000000     0.000000    -0.000000    -0.000000    -0.000000    -0.000000     0.000000 
        5         2   -25.4414   2.000097     0.000000    -0.000122     0.000059    -0.000003    -0.000002    -0.000000     0.000001 
        7         2   -25.4409   2.000088     0.000000     0.000119    -0.000058     0.000003     0.000002     0.000000    -0.000001 
        9         2   -25.4120   2.000094     0.000000     0.000268    -0.000129    -0.000008    -0.000006    -0.000002     0.000008 
       11         2   -25.4117   2.000100    -0.000000    -0.000265     0.000128     0.000008     0.000006     0.000002    -0.000008 
       13         2   -25.3895   2.000105     0.000000    -0.000089     0.000043     0.000000     0.000000    -0.000000     0.000000 
       15         2   -25.3889   2.000113     0.000000     0.000084    -0.000041    -0.000000    -0.000000     0.000000    -0.000000 
       17         2   -25.3842   2.000110     0.000000     0.000071    -0.000034     0.000001     0.000001    -0.000000     0.000000 
       19         2   -25.3835   2.000095    -0.000000    -0.000069     0.000033    -0.000001    -0.000001     0.000000    -0.000000 
       21         2   -12.6054   2.000039    -0.000000     0.000000    -0.000000    -0.000000    -0.000000    -0.000000     0.000000 
       23         2   -11.7133   2.000045    -0.000000     0.000000    -0.000000     0.000000     0.000000    -0.000000     0.000000 
       25         2   -11.4368   2.000036    -0.000000    -0.000000     0.000000     0.000000     0.000000     0.000000    -0.000000 
       27         2   -11.2159   2.000041     0.000000     0.000000     0.000000     0.000000    -0.000000    -0.000000     0.000000 
       29         2   -10.9934   2.000056     0.000000    -0.000000     0.000000    -0.000000    -0.000000    -0.000000     0.000000 
       31         2   -10.8497   2.000047    -0.000000     0.000000    -0.000000     0.000000     0.000000    -0.000000     0.000000 
       33         2    -6.3276   2.000050     0.000000     0.000000    -0.000000    -0.000000    -0.000000    -0.000000     0.000000 
       35         2    -5.3229   2.000048     0.000000     0.000000    -0.000000    -0.000000    -0.000000    -0.000000     0.000000 
       37         2    -2.5954   2.000052     0.000000     0.000000    -0.000000     0.000000     0.000000    -0.000000     0.000000 
       39         2    -2.4155   2.000055     0.000000     0.000000    -0.000000    -0.000000    -0.000000    -0.000000     0.000000 
       41         2    -2.1370   2.000063    -0.000000    -0.000000    -0.000000     0.000000    -0.000000     0.000000    -0.000000 
       43         2    -1.7465   2.000043     0.000000     0.000000    -0.000000    -0.000000    -0.000000     0.000000    -0.000000 
       45         2    -1.4746   2.000031    -0.000000    -0.000000     0.000000     0.000000     0.000000     0.000000    -0.000000 
       47         2    -1.4018   2.000028    -0.000000     0.000000     0.000000     0.000000     0.000000    -0.000000     0.000000 
       49         2    -1.2256   2.000031    -0.000000     0.000000    -0.000000     0.000000     0.000000     0.000000    -0.000000 
       51         2    -1.0545   2.000033    -0.000000     0.000000    -0.000000     0.000000     0.000000     0.000000    -0.000000 
       53         2    -1.0126   2.000032     0.000000    -0.000000     0.000000     0.000000     0.000000     0.000000    -0.000000 
       55         2    -0.7683   2.000039    -0.000000     0.000000    -0.000000    -0.000000    -0.000000     0.000000    -0.000000 
       57         2    -0.7191   2.000045     0.000000     0.000000    -0.000000    -0.000000    -0.000000     0.000000    -0.000001 
       59         2    -0.6171   2.000045     0.000000     0.000000    -0.000000     0.000000     0.000000     0.000000    -0.000001 
       61         2    -0.5611   2.000041     0.000000    -0.000000     0.000000    -0.000000    -0.000000     0.000000    -0.000000 
       63         2    -0.5269   2.000042    -0.000000    -0.000001     0.000000     0.000000     0.000000    -0.000000     0.000000 
       65         2    -0.4250   2.000045     0.000000     0.000000    -0.000000     0.000000     0.000000     0.000000    -0.000000 
       67         2    -0.3641   2.000048    -0.000000     0.000001    -0.000000    -0.000000    -0.000000    -0.000000     0.000000 
       69         2     0.4778   2.000085     0.000000     0.000000    -0.000000     0.000000     0.000000     0.000000    -0.000000 
       71         2     0.5484   2.000086    -0.000000     0.000000    -0.000000     0.000000     0.000000     0.000000    -0.000000 
       73         2     0.5683   2.000079     0.000000     0.000000    -0.000000     0.000000     0.000000     0.000000    -0.000001 
       75         2     0.6005   2.000081    -0.000000     0.000001    -0.000000    -0.000000    -0.000000    -0.000000     0.000002 
       77         2     0.6271   2.000087    -0.000000     0.000001    -0.000000    -0.000000    -0.000000     0.000000    -0.000001 
       79         2     0.6474   2.000090    -0.000000     0.000001    -0.000001     0.000000     0.000000     0.000000    -0.000001 
       81         2     0.6952   2.000088     0.000000     0.000001    -0.000000     0.000000     0.000000     0.000000    -0.000001 
       83         2     0.7237   2.000078     0.000000     0.000000    -0.000000     0.000000     0.000000    -0.000000     0.000001 
       85         2     0.8504   2.000060     0.000000     0.000001    -0.000000    -0.000000    -0.000000     0.000000    -0.000000 
       87         2     1.0558   2.000044     0.000000    -0.000000     0.000000    -0.000000    -0.000000    -0.000000     0.000000 
       89         2     1.1588   2.000043     0.000000    -0.000000     0.000000     0.000000     0.000000     0.000000    -0.000001 
       91         2     1.2488   2.000051     0.000000     0.000001    -0.000000     0.000000    -0.000000    -0.000000     0.000000 
       93         2     1.3474   2.000049     0.000000    -0.000000     0.000000    -0.000000    -0.000000     0.000000    -0.000000 
       95         2     1.5057   2.000060     0.000000    -0.000000     0.000000    -0.000000    -0.000000    -0.000000     0.000000 
       97         2     1.7290   2.000052    -0.000000    -0.000000     0.000000    -0.000000    -0.000000    -0.000000     0.000000 
       99         2     1.9145   2.000047     0.000000    -0.000000     0.000000     0.000000     0.000000     0.000000    -0.000000 
      101         2     2.1728   2.000044    -0.000000    -0.000000     0.000000     0.000000     0.000000     0.000000    -0.000000 
      103         2     2.3211   2.000040     0.000000     0.000000    -0.000000    -0.000000    -0.000000     0.000000    -0.000000 
      105         2     2.5940   2.000041     0.000000    -0.000000     0.000000    -0.000000    -0.000000    -0.000000     0.000000 
      107         2     3.0048   2.000042    -0.000000     0.000000    -0.000000     0.000000     0.000000    -0.000000     0.000000 
      109         2     5.1861   2.000048    -0.000000     0.000000    -0.000000     0.000000     0.000000    -0.000000     0.000000 
      111         2     5.7320   2.000043    -0.000000     0.000000    -0.000000     0.000000     0.000000    -0.000000     0.000000 
      113         2     6.8091   2.000049     0.000000     0.000000    -0.000000     0.000000     0.000000     0.000000    -0.000000 
      115         2     7.0068   2.000054     0.000000     0.000000    -0.000000    -0.000000    -0.000000    -0.000000     0.000000 
      117         2     7.5539   2.000053    -0.000000     0.000000    -0.000000    -0.000000    -0.000000     0.000000    -0.000000 
      119         2     7.6597   2.000050     0.000000    -0.000000     0.000000     0.000000     0.000000     0.000000    -0.000000 
      121         2     8.1960   2.000045     0.000000     0.000000    -0.000000     0.000000     0.000000    -0.000000     0.000000 
      123         2     8.5401   2.000048     0.000000     0.000000    -0.000000     0.000000     0.000000     0.000000    -0.000000 
      125         2     8.8946   2.000049    -0.000000     0.000000    -0.000000     0.000000     0.000000    -0.000000     0.000000 
      127         2     9.2080   2.000044     0.000000    -0.000000     0.000000     0.000000     0.000000     0.000000    -0.000000 
      129         2     9.4887   2.000057    -0.000000     0.000000    -0.000000     0.000000     0.000000    -0.000000     0.000000 
      131         2     9.7992   2.000067    -0.000000     0.000000    -0.000000     0.000000     0.000000    -0.000000     0.000000 
      133         2    10.0131   2.000043    -0.000000     0.000000    -0.000000     0.000000     0.000000    -0.000000     0.000000 
      135         2    10.3892   2.000062     0.000000    -0.000000     0.000000     0.000008     0.000006    -0.000003     0.000013 
      137         2    10.5286   2.000051    -0.000000    -0.000003     0.000001    -0.000001    -0.000001     0.000000    -0.000001 
      139         1    10.8681   1.000024    -0.000000     0.461725    -0.222355    -0.591124    -0.471406     0.090574    -0.396830 
      140         1    10.8693   1.000027     0.000000    -0.460166     0.221604     0.584651     0.466243    -0.089319     0.391333 
      141         1    11.0290   1.000029     0.000000     0.210686    -0.101461     0.523781     0.417701    -0.155557     0.681541 
4 
 1  2  3  4 
        1         2   -25.4559   2.000095     0.000000    -0.000002     0.000001    -0.000000    -0.000000     0.000000     0.000000 
        3         2   -25.4513   2.000085    -0.000000    -0.000000     0.000000     0.000000     0.000000    -0.000000    -0.000000 
        5         2   -25.4414   2.000101     0.000000    -0.000120     0.000058    -0.000002    -0.000001     0.000000     0.000001 
        7         2   -25.4409   2.000080     0.000000     0.000120    -0.000058     0.000002     0.000001    -0.000000    -0.000001 
        9         2   -25.4120   2.000099    -0.000000     0.000285    -0.000137    -0.000016    -0.000004    -0.000001    -0.000003 
       11         2   -25.4117   2.000097     0.000000    -0.000285     0.000137     0.000016     0.000004     0.000001     0.000003 
       13         2   -25.3895   2.000105     0.000000    -0.000089     0.000043    -0.000002    -0.000000    -0.000000    -0.000000 
       15         2   -25.3889   2.000115    -0.000000     0.000089    -0.000043     0.000002     0.000000     0.000000     0.000000 
       17         2   -25.3842   2.000111     0.000000     0.000068    -0.000033     0.000002     0.000001    -0.000000    -0.000001 
       19         2   -25.3835   2.000093     0.000000    -0.000069     0.000033    -0.000002    -0.000001     0.000000     0.000001 
       21         2   -12.5638   2.000036     0.000000    -0.000000     0.000000    -0.000000    -0.000000    -0.000000    -0.000000 
       23         2   -11.7083   2.000045    -0.000000    -0.000000     0.000000     0.000000     0.000000    -0.000000    -0.000000 
       25         2   -11.4459   2.000041    -0.000000     0.000000    -0.000000     0.000000    -0.000000    -0.000000    -0.000000 
       27         2   -11.2186   2.000042    -0.000000    -0.000000    -0.000000    -0.000000     0.000000    -0.000000    -0.000000 
       29         2   -11.0176   2.000045    -0.000000     0.000000    -0.000000    -0.000000     0.000000     0.000000     0.000000 
       31         2   -10.9016   2.000045    -0.000000    -0.000000     0.000000     0.000000     0.000000    -0.000000    -0.000000 
       33         2    -6.3090   2.000054     0.000000    -0.000000     0.000000    -0.000000    -0.000000    -0.000000    -0.000000 
       35         2    -5.2826   2.000049    -0.000000     0.000000    -0.000000     0.000000     0.000000     0.000000     0.000000 
       37         2    -2.6117   2.000053    -0.000000    -0.000000     0.000000    -0.000000    -0.000000     0.000000     0.000000 
       39         2    -2.3605   2.000057     0.000000    -0.000000     0.000000     0.000000     0.000000    -0.000000    -0.000000 
       41         2    -2.0719   2.000053    -0.000000    -0.000000     0.000000     0.000000     0.000000     0.000000     0.000000 
       43         2    -1.8014   2.000061     0.000000     0.000000    -0.000000    -0.000000    -0.000000     0.000000     0.000000 
       45         2    -1.4584   2.000026    -0.000000    -0.000000     0.000000    -0.000000    -0.000000     0.000000     0.000000 
       47         2    -1.3693   2.000036    -0.000000    -0.000000     0.000000    -0.000000    -0.000000     0.000000     0.000000 
       49         2    -1.2062   2.000028    -0.000000     0.000000    -0.000000    -0.000000    -0.000000    -0.000000    -0.000000 
       51         2    -1.1299   2.000030     0.000000     0.000000    -0.000000     0.000000     0.000000    -0.000000    -0.000000 
       53         2    -0.9480   2.000034    -0.000000    -0.000000     0.000000    -0.000000    -0.000000     0.000000     0.000000 
       55         2    -0.7916   2.000042    -0.000000     0.000000    -0.000000     0.000000     0.000000     0.000000     0.000000 
       57         2    -0.6991   2.000048     0.000000     0.000000    -0.000000    -0.000000     0.000000     0.000000     0.000001 
       59         2    -0.6077   2.000050     0.000000    -0.000000     0.000000    -0.000000    -0.000000     0.000000     0.000000 
       61         2    -0.5480   2.000044    -0.000000    -0.000001     0.000000     0.000000     0.000000     0.000000     0.000000 
       63         2    -0.5284   2.000046     0.000000    -0.000001     0.000000     0.000000     0.000000    -0.000000    -0.000000 
       65         2    -0.4297   2.000043    -0.000000     0.000001    -0.000000     0.000000     0.000000     0.000000     0.000001 
       67         2    -0.3685   2.000041     0.000000    -0.000000     0.000000    -0.000000    -0.000000    -0.000000    -0.000000 
       69         2     0.4903   2.000079     0.000000    -0.000001     0.000000    -0.000000    -0.000000    -0.000000    -0.000000 
       71         2     0.5303   2.000067    -0.000000    -0.000001     0.000000     0.000000     0.000000    -0.000000    -0.000001 
       73         2     0.5438   2.000085     0.000000    -0.000001     0.000000    -0.000000    -0.000000     0.000000     0.000001 
       75         2     0.6203   2.000097     0.000000     0.000001    -0.000001     0.000000     0.000000     0.000000     0.000001 
       77         2     0.6426   2.000098     0.000000    -0.000001     0.000000     0.000000     0.000000     0.000000     0.000000 
       79         2     0.6509   2.000079    -0.000000     0.000003    -0.000001     0.000000     0.000000     0.000000     0.000002 
       81         2     0.6834   2.000075    -0.000000     0.000001    -0.000000    -0.000000    -0.000000    -0.000000    -0.000001 
       83         2     0.7556   2.000069     0.000000     0.000000    -0.000000     0.000000    -0.000000     0.000000     0.000001 
       85         2     0.8690   2.000062    -0.000000     0.000000    -0.000000    -0.000000    -0.000000    -0.000000    -0.000001 
       87         2     1.0096   2.000049     0.000000    -0.000001     0.000000    -0.000000    -0.000000     0.000000     0.000000 
       89         2     1.1206   2.000057    -0.000000    -0.000001     0.000000    -0.000000    -0.000000     0.000000     0.000000 
       91         2     1.2716   2.000049     0.000000    -0.000000     0.000000    -0.000000    -0.000000    -0.000000    -0.000000 
       93         2     1.4521   2.000055     0.000000     0.000000    -0.000000     0.000000     0.000000     0.000000     0.000000 
       95         2     1.5643   2.000056    -0.000000    -0.000000     0.000000    -0.000000    -0.000000     0.000000     0.000000 
       97         2     1.6247   2.000057    -0.000000     0.000000    -0.000000     0.000000     0.000000     0.000000     0.000000 
       99         2     1.8390   2.000050     0.000000     0.000000    -0.000000    -0.000000    -0.000000     0.000000     0.000000 
      101         2     2.1608   2.000034    -0.000000    -0.000000     0.000000     0.000000     0.000000     0.000000     0.000001 
      103         2     2.1854   2.000038     0.000000     0.000000    -0.000000    -0.000000    -0.000000     0.000000     0.000000 
      105         2     2.5499   2.000048    -0.000000    -0.000000     0.000000     0.000000     0.000000     0.000000     0.000000 
      107         2     3.1023   2.000044    -0.000000    -0.000000     0.000000    -0.000000    -0.000000    -0.000000    -0.000000 
      109         2     5.1765   2.000051    -0.000000     0.000000    -0.000000     0.000000     0.000000     0.000000     0.000000 
      111         2     5.7217   2.000043     0.000000     0.000000    -0.000000     0.000000     0.000000    -0.000000    -0.000000 
      113         2     6.6164   2.000050    -0.000000     0.000000    -0.000000    -0.000000     0.000000     0.000000     0.000000 
      115         2     6.9534   2.000054    -0.000000     0.000000    -0.000000     0.000000     0.000000     0.000000     0.000000 
      117         2     7.4453   2.000052     0.000000    -0.000001     0.000000     0.000000     0.000000     0.000000     0.000000 
      119         2     7.7468   2.000058     0.000000    -0.000000     0.000000    -0.000000    -0.000000     0.000000     0.000000 
      121         2     8.2668   2.000055     0.000000     0.000000    -0.000000    -0.000000    -0.000000    -0.000000    -0.000001 
      123         2     8.5724   2.000051     0.000000    -0.000000     0.000000     0.000000     0.000000     0.000000     0.000001 
      125         2     8.8773   2.000049    -0.000000     0.000000    -0.000000    -0.000000    -0.000000     0.000000     0.000000 
      127         2     9.2168   2.000052    -0.000000     0.000000    -0.000000    -0.000000    -0.000000     0.000000     0.000000 
      129         2     9.4597   2.000053    -0.000000    -0.000000     0.000000    -0.000000    -0.000000     0.000000     0.000000 
      131         2     9.7786   2.000056    -0.000000    -0.000000     0.000000     0.000000     0.000000    -0.000000    -0.000000 
      133         2    10.0644   2.000052     0.000000     0.000001    -0.000000     0.000001     0.000000    -0.000000    -0.000000 
      135         2    10.2173   2.000056    -0.000000    -0.000009     0.000004     0.000006     0.000001    -0.000000    -0.000001 
      137         2    10.3890   2.000059    -0.000000    -0.000009     0.000004     0.000003     0.000001    -0.000001    -0.000006 
      139         1    10.6971   1.000027     0.000000     0.417640    -0.201125    -0.763968    -0.174371    -0.092050    -0.403299 
      140         1    10.6977   1.000030    -0.000000    -0.415270     0.199983     0.762249     0.173978     0.090622     0.397043 
      141         1    10.8385   1.000031    -0.000000    -0.095052     0.045774    -0.091100    -0.020793     0.220305     0.965221 
4 
 1  2  3  4 
        1         2   -25.4559   2.000093    -0.000000    -0.000002     0.000001     0.000000    -0.000000    -0.000000    -0.000000 
        3         2   -25.4513   2.000095    -0.000000     0.000000    -0.000000     0.000000    -0.000000    -0.000000    -0.000000 
        5         2   -25.4413   2.000096     0.000000    -0.000128     0.000061    -0.000005     0.000001     0.000002     0.000003 
        7         2   -25.4409   2.000093    -0.000000     0.000123    -0.000059     0.000005    -0.000001    -0.000002    -0.000003 
        9         2   -25.4121   2.000102     0.000000     0.000261    -0.000126    -0.000011     0.000002    -0.000003    -0.000004 
       11         2   -25.4117   2.000094     0.000000    -0.000258     0.000124     0.000011    -0.000002     0.000003     0.000003 
       13         2   -25.3895   2.000107     0.000000    -0.000086     0.000042    -0.000001     0.000000    -0.000001    -0.000001 
       15         2   -25.3889   2.000113    -0.000000     0.000087    -0.000042     0.000001    -0.000000     0.000000     0.000001 
       17         2   -25.3842   2.000110    -0.000000     0.000066    -0.000032     0.000002    -0.000000    -0.000001    -0.000001 
       19         2   -25.3835   2.000102    -0.000000    -0.000070     0.000034    -0.000002     0.000000     0.000001     0.000001 
       21         2   -12.5873   2.000037    -0.000000     0.000000     0.000000     0.000000    -0.000000     0.000000     0.000000 
       23         2   -11.6903   2.000039     0.000000     0.000000     0.000000     0.000000    -0.000000     0.000000     0.000000 
       25         2   -11.4277   2.000038    -0.000000    -0.000000     0.000000    -0.000000     0.000000     0.000000     0.000000 
       27         2   -11.2105   2.000049     0.000000     0.000000    -0.000000     0.000000    -0.000000     0.000000     0.000000 
       29         2   -11.0103   2.000041     0.000000    -0.000000    -0.000000    -0.000000    -0.000000     0.000000     0.000000 
       31         2   -10.9134   2.000052    -0.000000     0.000000    -0.000000    -0.000000     0.000000     0.000000     0.000000 
       33         2    -6.3241   2.000055     0.000000    -0.000000     0.000000    -0.000000     0.000000     0.000000     0.000000 
       35         2    -5.3317   2.000048     0.000000     0.000000    -0.000000    -0.000000     0.000000    -0.000000    -0.000000 
       37         2    -2.6753   2.000050     0.000000     0.000000    -0.000000    -0.000000     0.000000    -0.000000    -0.000000 
       39         2    -2.3788   2.000057     0.000000    -0.000000     0.000000     0.000000    -0.000000    -0.000000    -0.000000 
       41         2    -2.1967   2.000054     0.000000    -0.000000     0.000000    -0.000000     0.000000    -0.000000    -0.000000 
       43         2    -1.6523   2.000032     0.000000     0.000000    -0.000000     0.000000    -0.000000     0.000000     0.000000 
       45         2    -1.5601   2.000055     0.000000     0.000000    -0.000000     0.000000    -0.000000    -0.000000    -0.000000 
       47         2    -1.3979   2.000029    -0.000000    -0.000000     0.000000     0.000000    -0.000000     0.000000     0.000000 
       49         2    -1.1526   2.000030     0.000000     0.000000    -0.000000     0.000000    -0.000000     0.000000     0.000000 
       51         2    -0.9952   2.000033    -0.000000     0.000000    -0.000000     0.000000    -0.000000    -0.000000    -0.000000 
       53         2    -0.8632   2.000035    -0.000000    -0.000000     0.000000     0.000000    -0.000000     0.000000     0.000000 
       55         2    -0.7838   2.000038    -0.000000    -0.000000     0.000000     0.000000     0.000000    -0.000000    -0.000000 
       57         2    -0.6876   2.000047    -0.000000    -0.000000     0.000000     0.000000    -0.000000    -0.000000    -0.000000 
       59         2    -0.6054   2.000041    -0.000000     0.000000    -0.000000    -0.000000     0.000000     0.000000     0.000000 
       61         2    -0.5575   2.000051    -0.000000    -0.000001     0.000000     0.000000    -0.000000     0.000000     0.000000 
       63         2    -0.5310   2.000039    -0.000000    -0.000001     0.000001     0.000000    -0.000000    -0.000000    -0.000000 
       65         2    -0.4275   2.000045     0.000000     0.000000    -0.000000     0.000000    -0.000000     0.000000     0.000000 
       67         2    -0.3778   2.000043     0.000000    -0.000001     0.000000    -0.000000     0.000000     0.000000     0.000000 
       69         2     0.4702   2.000068     0.000000    -0.000001     0.000000     0.000000    -0.000000     0.000000     0.000001 
       71         2     0.4992   2.000076     0.000000     0.000001    -0.000001    -0.000000     0.000000    -0.000000    -0.000000 
       73         2     0.5566   2.000085     0.000000    -0.000001     0.000000    -0.000000     0.000000     0.000000     0.000000 
       75         2     0.6227   2.000073     0.000000     0.000000    -0.000000     0.000000    -0.000000    -0.000003    -0.000004 
       77         2     0.6300   2.000091    -0.000000    -0.000000     0.000000    -0.000000     0.000000     0.000003     0.000004 
       79         2     0.6512   2.000096     0.000000    -0.000001     0.000000    -0.000000     0.000000     0.000001     0.000001 
       81         2     0.6847   2.000079    -0.000000     0.000001    -0.000000    -0.000000     0.000000    -0.000000    -0.000001 
       83         2     0.7387   2.000079    -0.000000     0.000000    -0.000000    -0.000000     0.000000     0.000001     0.000001 
       85         2     0.9365   2.000060     0.000000     0.000000    -0.000000    -0.000000     0.000000     0.000000     0.000000 
       87         2     1.0468   2.000050    -0.000000    -0.000001     0.000000    -0.000000     0.000000    -0.000000    -0.000001 
       89         2     1.1992   2.000054     0.000000    -0.000000     0.000000     0.000000    -0.000000     0.000000     0.000000 
       91         2     1.2517   2.000042     0.000000    -0.000001     0.000001    -0.000000     0.000000     0.000000     0.000000 
       93         2     1.3913   2.000046     0.000000    -0.000000     0.000000     0.000000    -0.000000     0.000000     0.000000 
       95         2     1.5642   2.000052     0.000000    -0.000000     0.000000    -0.000000     0.000000    -0.000000    -0.000000 
       97         2     1.7317   2.000051    -0.000000    -0.000000     0.000000    -0.000000     0.000000    -0.000000    -0.000000 
       99         2     1.7774   2.000044    -0.000000     0.000000    -0.000000    -0.000000     0.000000     0.000000     0.000000 
      101         2     2.1354   2.000042    -0.000000     0.000000    -0.000000    -0.000000     0.000000    -0.000000    -0.000000 
      103         2     2.2890   2.000045    -0.000000    -0.000000     0.000000    -0.000000     0.000000     0.000000     0.000000 
      105         2     2.5961   2.000041    -0.000000    -0.000000     0.000000    -0.000000     0.000000     0.000000     0.000000 
      107         2     3.2237   2.000041    -0.000000     0.000000    -0.000000     0.000000    -0.000000     0.000000     0.000000 
      109         2     5.0509   2.000046     0.000000     0.000000    -0.000000    -0.000000     0.000000     0.000000     0.000000 
      111         2     5.6350   2.000038    -0.000000     0.000000    -0.000000     0.000000    -0.000000    -0.000000    -0.000000 
      113         2     6.5608   2.000048     0.000000    -0.000000     0.000000    -0.000000     0.000000    -0.000000    -0.000000 
      115         2     6.9278   2.000050    -0.000000     0.000000    -0.000000     0.000000    -0.000000     0.000000     0.000000 
      117         2     7.3251   2.000056    -0.000000     0.000000     0.000000     0.000000    -0.000000     0.000000     0.000000 
      119         2     7.5577   2.000051     0.000000    -0.000000     0.000000    -0.000000     0.000000    -0.000000    -0.000000 
      121         2     8.1249   2.000050    -0.000000     0.000000    -0.000000     0.000000    -0.000000     0.000000     0.000000 
      123         2     8.3230   2.000047    -0.000000     0.000000    -0.000000    -0.000000     0.000000    -0.000000    -0.000000 
      125         2     8.7538   2.000061     0.000000    -0.000000     0.000000    -0.000000     0.000000    -0.000000    -0.000000 
      127         2     9.1518   2.000051    -0.000000    -0.000000     0.000000    -0.000000    -0.000000     0.000000     0.000000 
      129         2     9.4597   2.000049     0.000000     0.000000    -0.000000     0.000000    -0.000000    -0.000000    -0.000000 
      131         2     9.6838   2.000055    -0.000000     0.000000    -0.000000     0.000000    -0.000000    -0.000000    -0.000000 
      133         2     9.9842   2.000064    -0.000000     0.000001    -0.000000     0.000000    -0.000000    -0.000000    -0.000001 
      135         2    10.1848   2.000053    -0.000000    -0.000000     0.000000     0.000000    -0.000000     0.000000     0.000000 
      137         2    10.4349   2.000055     0.000000    -0.000002     0.000001     0.000008    -0.000002    -0.000002    -0.000002 
      139         2    10.6633   2.000064     0.000000    -0.000009     0.000004    -0.000001     0.000000     0.000003     0.000004 
      141         1    11.1753   1.000029    -0.000000     0.649248    -0.312662     0.553296    -0.126286    -0.246027    -0.308507 
4 
 1  2  3  4 
        1         2   -25.4559   2.000098    -0.000000    -0.000002     0.000001    -0.000000     0.000000     0.000000     0.000000 
        3         2   -25.4513   2.000090    -0.000000     0.000002    -0.000001     0.000000    -0.000000    -0.000000    -0.000000 
        5         2   -25.4413   2.000100    -0.000000    -0.000126     0.000061    -0.000003     0.000002    -0.000002    -0.000001 
        7         2   -25.4409   2.000095     0.000000     0.000123    -0.000059     0.000003    -0.000002     0.000002     0.000001 
        9         2   -25.4121   2.000099    -0.000000     0.000238    -0.000114    -0.000004     0.000003    -0.000021    -0.000010 
       11         2   -25.4117   2.000102    -0.000000    -0.000242     0.000116     0.000004    -0.000003     0.000021     0.000010 
       13         2   -25.3895   2.000108     0.000000    -0.000086     0.000042    -0.000001     0.000001    -0.000001    -0.000000 
       15         2   -25.3889   2.000108     0.000000     0.000083    -0.000040     0.000001    -0.000001     0.000001     0.000000 
       17         2   -25.3842   2.000109     0.000000     0.000065    -0.000031     0.000001    -0.000001    -0.000002    -0.000001 
       19         2   -25.3836   2.000099     0.000000    -0.000067     0.000032    -0.000001     0.000001     0.000002     0.000001 
       21         2   -12.6515   2.000034     0.000000     0.000000     0.000000    -0.000000     0.000000    -0.000000    -0.000000 
       23         2   -11.6798   2.000043    -0.000000     0.000000    -0.000000     0.000000    -0.000000    -0.000000    -0.000000 
       25         2   -11.4180   2.000044     0.000000     0.000000    -0.000000     0.000000    -0.000000    -0.000000    -0.000000 
       27         2   -11.1719   2.000039     0.000000    -0.000000    -0.000000     0.000000    -0.000000     0.000000     0.000000 
       29         2   -10.9841   2.000050     0.000000    -0.000000     0.000000     0.000000    -0.000000    -0.000000    -0.000000 
       31         2   -10.8718   2.000051     0.000000     0.000000    -0.000000     0.000000    -0.000000    -0.000000    -0.000000 
       33         2    -6.3609   2.000053     0.000000    -0.000000     0.000000    -0.000000    -0.000000    -0.000000    -0.000000 
       35         2    -5.4347   2.000045     0.000000    -0.000000     0.000000    -0.000000     0.000000     0.000000     0.000000 
       37         2    -2.7371   2.000057    -0.000000     0.000000    -0.000000    -0.000000     0.000000    -0.000000    -0.000000 
       39         2    -2.4941   2.000052     0.000000     0.000000    -0.000000     0.000000     0.000000    -0.000000    -0.000000 
       41         2    -2.2109   2.000053     0.000000     0.000000    -0.000000    -0.000000     0.000000    -0.000000    -0.000000 
       43         2    -1.7333   2.000031    -0.000000    -0.000000     0.000000    -0.000000     0.000000     0.000000     0.000000 
       45         2    -1.5186   2.000032     0.000000     0.000000    -0.000000    -0.000000     0.000000    -0.000000    -0.000000 
       47         2    -1.3330   2.000033     0.000000    -0.000000     0.000000     0.000000    -0.000000     0.000000     0.000000 
       49         2    -1.1991   2.000032     0.000000    -0.000000     0.000000    -0.000000     0.000000    -0.000000    -0.000000 
       51         2    -0.9279   2.000038    -0.000000    -0.000000     0.000000    -0.000000     0.000000    -0.000000    -0.000000 
       53         2    -0.8066   2.000034     0.000000     0.000001    -0.000000     0.000000    -0.000000    -0.000001    -0.000000 
       55         2    -0.7249   2.000046    -0.000000     0.000001    -0.000000    -0.000000     0.000000     0.000001     0.000000 
       57         2    -0.6598   2.000052    -0.000000     0.000002    -0.000001     0.000000    -0.000000    -0.000003    -0.000001 
       59         2    -0.6348   2.000043     0.000000     0.000001    -0.000000    -0.000000    -0.000000     0.000004     0.000002 
       61         2    -0.5768   2.000041    -0.000000     0.000000    -0.000000    -0.000000     0.000000     0.000000     0.000000 
       63         2    -0.5253   2.000031    -0.000000     0.000001    -0.000000    -0.000000     0.000000     0.000000     0.000000 
       65         2    -0.4119   2.000047    -0.000000     0.000000    -0.000000     0.000000    -0.000000     0.000000     0.000000 
       67         2    -0.3772   2.000042     0.000000    -0.000000     0.000000    -0.000000     0.000000     0.000000     0.000000 
       69         2     0.4518   2.000076    -0.000000    -0.000000     0.000000    -0.000000     0.000000     0.000000     0.000000 
       71         2     0.5127   2.000086     0.000000    -0.000000     0.000000    -0.000000     0.000000    -0.000002    -0.000001 
       73         2     0.5679   2.000081    -0.000000    -0.000001     0.000001    -0.000000     0.000000     0.000000     0.000000 
       75         2     0.6229   2.000096    -0.000000     0.000003    -0.000002     0.000000    -0.000000     0.000002     0.000001 
       77         2     0.6278   2.000092    -0.000000    -0.000002     0.000001    -0.000000     0.000000     0.000003     0.000002 
       79         2     0.6445   2.000091    -0.000000     0.000000    -0.000000     0.000000    -0.000000     0.000000     0.000000 
       81         2     0.6625   2.000084    -0.000000    -0.000000     0.000000     0.000000     0.000000     0.000000     0.000000 
       83         2     0.7274   2.000072     0.000000     0.000001    -0.000000    -0.000000     0.000000    -0.000001    -0.000001 
       85         2     0.9509   2.000055    -0.000000     0.000001    -0.000000    -0.000000     0.000000     0.000000     0.000000 
       87         2     1.0858   2.000048     0.000000    -0.000000     0.000000     0.000000    -0.000000    -0.000000    -0.000000 
       89         2     1.1960   2.000057    -0.000000    -0.000000     0.000000    -0.000000     0.000000     0.000000     0.000000 
       91         2     1.2961   2.000049    -0.000000    -0.000001     0.000001     0.000000    -0.000000     0.000000     0.000000 
       93         2     1.4389   2.000061     0.000000     0.000001    -0.000000     0.000000    -0.000000    -0.000000    -0.000000 
       95         2     1.5830   2.000054    -0.000000     0.000000    -0.000000    -0.000000     0.000000     0.000000     0.000000 
       97         2     1.7135   2.000057     0.000000    -0.000000     0.000000     0.000000    -0.000000     0.000000     0.000000 
       99         2     1.8498   2.000041    -0.000000     0.000001    -0.000000     0.000000    -0.000000     0.000000     0.000000 
      101         2     2.1081   2.000048     0.000000     0.000000    -0.000000     0.000000    -0.000000    -0.000000    -0.000000 
      103         2     2.4432   2.000035    -0.000000    -0.000000     0.000000    -0.000000     0.000000     0.000000     0.000000 
      105         2     2.8735   2.000042     0.000000    -0.000000     0.000000    -0.000000     0.000000    -0.000000    -0.000000 
      107         2     3.2862   2.000032     0.000000     0.000000     0.000000     0.000000    -0.000000    -0.000000    -0.000000 
      109         2     4.8251   2.000042    -0.000000     0.000000    -0.000000     0.000000    -0.000000     0.000000     0.000000 
      111         2     5.4754   2.000054     0.000000     0.000000    -0.000000     0.000000    -0.000000    -0.000000    -0.000000 
      113         2     6.6118   2.000062    -0.000000     0.000000    -0.000000     0.000000    -0.000000     0.000000     0.000000 
      115         2     6.9166   2.000051     0.000000    -0.000000     0.000000    -0.000000     0.000000    -0.000000    -0.000000 
      117         2     7.0418   2.000048     0.000000     0.000000    -0.000000     0.000000    -0.000000     0.000001     0.000000 
      119         2     7.7233   2.000053     0.000000    -0.000000     0.000000    -0.000000     0.000000    -0.000000    -0.000000 
      121         2     7.8008   2.000055     0.000000     0.000000    -0.000000     0.000000    -0.000000    -0.000000    -0.000000 
      123         2     8.1947   2.000054    -0.000000     0.000000    -0.000000     0.000000    -0.000000     0.000000     0.000000 
      125         2     8.6527   2.000059     0.000000    -0.000000     0.000000    -0.000000     0.000000     0.000000     0.000000 
      127         2     9.0618   2.000055    -0.000000    -0.000000     0.000000     0.000000    -0.000000    -0.000000    -0.000000 
      129         2     9.3769   2.000060    -0.000000     0.000000    -0.000000     0.000000    -0.000000    -0.000000    -0.000000 
      131         2     9.5719   2.000049    -0.000000     0.000000    -0.000000     0.000000    -0.000000     0.000000     0.000000 
      133         2    10.0098   2.000057    -0.000000     0.000000    -0.000000     0.000000    -0.000000    -0.000000    -0.000000 
      135         2    10.0955   2.000056    -0.000000     0.000000    -0.000000     0.000000    -0.000000    -0.000001    -0.000000 
      137         2    10.6507   2.000055     0.000000    -0.000001     0.000001     0.000005    -0.000004     0.000014     0.000007 
      139         2    10.9156   2.000052     0.000000    -0.000180     0.000087    -0.000092     0.000073     0.000008     0.000004 
      141         1    11.1864   1.000030     0.000000     0.806127    -0.388210     0.134290    -0.107093     0.371194     0.178758 
4 
 1  2  3  4 
        1         2   -25.4560   2.000094    -0.000000     0.000000    -0.000000    -0.000000     0.000000     0.000000    -0.000000 
        3         2   -25.4513   2.000091    -0.000000     0.000001    -0.000000     0.000000    -0.000000    -0.000000     0.000000 
        5         2   -25.4414   2.000108    -0.000000    -0.000122     0.000059    -0.000002     0.000003    -0.000003    -0.000000 
        7         2   -25.4409   2.000092     0.000000     0.000123    -0.000059     0.000002    -0.000003     0.000003     0.000000 
        9         2   -25.4121   2.000108     0.000000     0.000228    -0.000110     0.000002    -0.000005    -0.000025    -0.000000 
       11         2   -25.4117   2.000103    -0.000000    -0.000227     0.000109    -0.000002     0.000005     0.000025     0.000000 
       13         2   -25.3895   2.000104     0.000000    -0.000089     0.000043    -0.000001     0.000002    -0.000001     0.000000 
       15         2   -25.3889   2.000108    -0.000000     0.000084    -0.000041     0.000001    -0.000002     0.000001    -0.000000 
       17         2   -25.3842   2.000107    -0.000000     0.000071    -0.000034     0.000000    -0.000000    -0.000003     0.000000 
       19         2   -25.3836   2.000096     0.000000    -0.000071     0.000034    -0.000000     0.000000     0.000004    -0.000000 
       21         2   -12.7031   2.000035    -0.000000     0.000000    -0.000000    -0.000000     0.000000    -0.000000     0.000000 
       23         2   -11.6880   2.000045     0.000000     0.000000    -0.000000    -0.000000     0.000000    -0.000000     0.000000 
       25         2   -11.4362   2.000039     0.000000    -0.000000     0.000000     0.000000    -0.000000     0.000000     0.000000 
       27         2   -11.1169   2.000043    -0.000000     0.000000     0.000000    -0.000000     0.000000    -0.000000     0.000000 
       29         2   -10.9514   2.000045    -0.000000    -0.000000    -0.000000    -0.000000     0.000000    -0.000000    -0.000000 
       31         2   -10.8181   2.000049    -0.000000     0.000000    -0.000000     0.000000    -0.000000     0.000000     0.000000 
       33         2    -6.3921   2.000042    -0.000000    -0.000000     0.000000     0.000000    -0.000000     0.000000    -0.000000 
       35         2    -5.5200   2.000045     0.000000     0.000000    -0.000000    -0.000000     0.000000    -0.000000     0.000000 
       37         2    -2.7597   2.000055    -0.000000    -0.000000     0.000000    -0.000000     0.000000     0.000000    -0.000000 
       39         2    -2.5629   2.000058    -0.000000     0.000000    -0.000000     0.000000    -0.000000    -0.000000     0.000000 
       41         2    -2.1013   2.000059     0.000000     0.000000    -0.000000     0.000000    -0.000000    -0.000000     0.000000 
       43         2    -1.8577   2.000055    -0.000000     0.000000    -0.000000     0.000000    -0.000000     0.000000    -0.000000 
       45         2    -1.5764   2.000026    -0.000000    -0.000000     0.000000     0.000000    -0.000000     0.000001    -0.000000 
       47         2    -1.3922   2.000031     0.000000     0.000000    -0.000000     0.000000    -0.000000    -0.000000    -0.000000 
       49         2    -1.1077   2.000032    -0.000000    -0.000000     0.000000    -0.000000     0.000000    -0.000000     0.000000 
       51         2    -0.9371   2.000036    -0.000000    -0.000000     0.000000    -0.000000     0.000000    -0.000000     0.000000 
       53         2    -0.8284   2.000029     0.000000     0.000001    -0.000000     0.000000    -0.000000     0.000000    -0.000000 
       55         2    -0.7705   2.000034    -0.000000    -0.000000     0.000000     0.000000    -0.000000     0.000000     0.000000 
       57         2    -0.6332   2.000052     0.000000    -0.000000     0.000000     0.000000    -0.000000     0.000001    -0.000000 
       59         2    -0.6000   2.000043    -0.000000     0.000001    -0.000000     0.000000    -0.000000     0.000002    -0.000000 
       61         2    -0.5847   2.000050     0.000000    -0.000001     0.000001     0.000000    -0.000000    -0.000000     0.000000 
       63         2    -0.4878   2.000039     0.000000     0.000001    -0.000000     0.000000    -0.000000    -0.000000     0.000000 
       65         2    -0.4237   2.000046     0.000000     0.000000    -0.000000    -0.000000     0.000000     0.000001    -0.000000 
       67         2    -0.3548   2.000053    -0.000000     0.000000    -0.000000    -0.000000     0.000000    -0.000001     0.000000 
       69         2     0.4678   2.000077    -0.000000    -0.000000     0.000000    -0.000000     0.000000     0.000001    -0.000000 
       71         2     0.5358   2.000082     0.000000    -0.000000     0.000000     0.000000    -0.000000    -0.000003     0.000000 
       73         2     0.5538   2.000093    -0.000000    -0.000003     0.000001    -0.000000     0.000000    -0.000001     0.000000 
       75         2     0.6076   2.000082     0.000000    -0.000003     0.000001     0.000000    -0.000000     0.000000    -0.000000 
       77         2     0.6257   2.000091     0.000000     0.000001    -0.000000     0.000000    -0.000000    -0.000000    -0.000000 
       79         2     0.6481   2.000093     0.000000     0.000002    -0.000001    -0.000000     0.000000     0.000000    -0.000000 
       81         2     0.6728   2.000076     0.000000     0.000000    -0.000000     0.000000    -0.000000     0.000001    -0.000000 
       83         2     0.7305   2.000084     0.000000     0.000001    -0.000000     0.000000    -0.000000    -0.000002     0.000000 
       85         2     0.9074   2.000061    -0.000000    -0.000000     0.000000     0.000000    -0.000000     0.000000     0.000000 
       87         2     1.0362   2.000051     0.000000    -0.000000     0.000000    -0.000000     0.000000     0.000000    -0.000000 
       89         2     1.1945   2.000052     0.000000    -0.000001     0.000000     0.000000    -0.000000    -0.000000     0.000000 
       91         2     1.2753   2.000049     0.000000     0.000000     0.000000    -0.000000     0.000000     0.000000    -0.000000 
       93         2     1.5137   2.000043     0.000000    -0.000001     0.000001    -0.000000     0.000000    -0.000000    -0.000000 
       95         2     1.6220   2.000054     0.000000     0.000000    -0.000000     0.000000    -0.000000    -0.000000     0.000000 
       97         2     1.7767   2.000045    -0.000000    -0.000000     0.000000     0.000000    -0.000000    -0.000000     0.000000 
       99         2     1.9036   2.000056     0.000000     0.000000    -0.000000    -0.000000     0.000000     0.000000    -0.000000 
      101         2     2.0992   2.000042    -0.000000     0.000000    -0.000000     0.000000    -0.000000     0.000000    -0.000000 
      103         2     2.5677   2.000038    -0.000000    -0.000000     0.000000     0.000000    -0.000000     0.000000    -0.000000 
      105         2     3.0960   2.000037    -0.000000    -0.000000     0.000000    -0.000000     0.000000    -0.000001     0.000000 
      107         2     3.2798   2.000042    -0.000000     0.000000    -0.000000     0.000000    -0.000000     0.000000    -0.000000 
      109         2     4.6946   2.000044    -0.000000    -0.000000     0.000000    -0.000000     0.000000     0.000000    -0.000000 
      111         2     5.3644   2.000046    -0.000000     0.000000    -0.000000    -0.000000    -0.000000    -0.000000     0.000000 
      113         2     6.4394   2.000053     0.000000    -0.000000     0.000000    -0.000000     0.000000    -0.000001     0.000000 
      115         2     6.9252   2.000052    -0.000000     0.000000    -0.000000    -0.000000     0.000000    -0.000000     0.000000 
      117         2     7.3014   2.000056     0.000000    -0.000000     0.000000     0.000000    -0.000000     0.000000     0.000000 
      119         2     7.5734   2.000050     0.000000    -0.000000     0.000000    -0.000000     0.000000     0.000000     0.000000 
      121         2     7.9427   2.000056    -0.000000    -0.000000     0.000000    -0.000000     0.000000    -0.000000     0.000000 
      123         2     8.3111   2.000050    -0.000000    -0.000000     0.000000    -0.000000     0.000000     0.000001    -0.000000 
      125         2     8.6378   2.000054     0.000000     0.000001    -0.000000    -0.000000     0.000000     0.000000     0.000000 
      127         2     9.0607   2.000050     0.000000    -0.000000     0.000000     0.000000    -0.000000    -0.000000    -0.000000 
      129         2     9.3331   2.000050    -0.000000    -0.000000     0.000000    -0.000000     0.000000     0.000000    -0.000000 
      131         2     9.5573   2.000051    -0.000000     0.000000    -0.000000     0.000000    -0.000000    -0.000000    -0.000000 
      133         2     9.9417   2.000058    -0.000000     0.000000    -0.000000     0.000000    -0.000000    -0.000000    -0.000000 
      135         2    10.0636   2.000059     0.000000    -0.000000     0.000000     0.000000    -0.000000     0.000000    -0.000000 
      137         2    10.3980   2.000061    -0.000000     0.000000    -0.000000    -0.000000     0.000000     0.000001    -0.000000 
      139         2    10.8084   2.000053     0.000000     0.000000    -0.000000     0.000000    -0.000000    -0.000001     0.000000 
      141         1    11.3988   1.000022    -0.000000     0.572314    -0.275612    -0.054628     0.113436    -0.758109     0.000000 
4 
 1  2  3  4 
        1         2   -25.4553   2.000067    -0.000000    -1.247017     1.563710    -0.000002    -0.000000     0.000001    -0.000002 
        3         2   -25.4522   2.000067    -0.000000     1.247017    -1.563710    -0.000002     0.000000    -0.000001     0.000001 
        5         2   -25.4412   2.000075     0.000000    -1.246879     1.563537    -0.000002     0.000000    -0.000005     0.000006 
        7         2   -25.4409   2.000075     0.000000     1.246880    -1.563538    -0.000003     0.000000     0.000002    -0.000003 
        9         2   -25.4120   2.000078     0.000000     1.246700    -1.563313    -0.000011     0.000000    -0.000027     0.000033 
       11         2   -25.4118   2.000069     0.000000    -1.246694     1.563304    -0.000003     0.000000     0.000014    -0.000018 
       13         2   -25.3894   2.000107    -0.000000    -1.246925     1.563595    -0.000003    -0.000000     0.000002    -0.000003 
       15         2   -25.3890   2.000105     0.000000     1.246925    -1.563594    -0.000016    -0.000000    -0.000010     0.000013 
       17         2   -25.3841   2.000074    -0.000000     1.246923    -1.563592    -0.000005     0.000000    -0.000009     0.000011 
       19         2   -25.3837   2.000070    -0.000000    -1.246920     1.563589    -0.000007    -0.000000     0.000003    -0.000003 
       21         1   -12.6864   1.000011    -0.000000     0.623496    -0.781840     1.000011    -0.000000     0.623496    -0.781840 
       22         1   -12.4464   1.000012    -0.000000     0.623497    -0.781841    -1.000012     0.000000    -0.623497     0.781841 
       23         1   -11.9398   1.000013     0.000000    -0.623498     0.781842     1.000013     0.000000    -0.623498     0.781842 
       24         1   -11.9020   1.000011     0.000000    -0.623497     0.781840    -1.000011    -0.000000     0.623497    -0.781840 
       25         1   -11.4706   1.000014     0.000000    -0.623499     0.781842    -1.000014    -0.000000     0.623499    -0.781842 
       26         1   -11.2356   1.000014    -0.000000    -0.623498     0.781842     1.000014    -0.000000    -0.623498     0.781842 
       27         1   -11.1789   1.000016     0.000000     0.623500    -0.781844    -1.000016    -0.000000    -0.623500     0.781844 
       28         1   -11.1483   1.000015     0.000000     0.623499    -0.781843     1.000015     0.000000     0.623499    -0.781843 
       29         1   -11.0185   1.000013     0.000000     0.623498    -0.781842    -1.000013    -0.000000    -0.623498     0.781842 
       30         1   -10.8554   1.000013    -0.000000    -0.623498     0.781841    -1.000013     0.000000     0.623498    -0.781841 
       31         1   -10.8301   1.000014    -0.000000     0.623498    -0.781842     1.000014    -0.000000     0.623498    -0.781842 
       32         1   -10.8268   1.000014     0.000000    -0.623499     0.781843     1.000014     0.000000    -0.623499     0.781843 
       33         1    -6.2177   1.000012     0.000000    -0.623497     0.781841     1.000012     0.000000    -0.623497     0.781841 
       34         1    -6.1641   1.000013     0.000000    -0.623498     0.781842    -1.000013    -0.000000     0.623498    -0.781842 
       35         1    -5.6905   1.000011     0.000000     0.623497    -0.781840     1.000011     0.000000     0.623497    -0.781840 
       36         1    -5.4985   1.000012    -0.000000     0.623498    -0.781841    -1.000012     0.000000    -0.623498     0.781841 
       37         1    -2.6491   1.000016    -0.000000     0.623500    -0.781844    -1.000016     0.000000    -0.623500     0.781844 
       38         1    -2.5711   1.000009    -0.000000    -0.623496     0.781839     1.000009    -0.000000    -0.623496     0.781839 
       39         1    -2.4887   1.000013    -0.000000     0.623498    -0.781842     1.000013    -0.000000     0.623498    -0.781842 
       40         1    -2.3488   1.000013    -0.000000    -0.623498     0.781842    -1.000013     0.000000     0.623498    -0.781842 
       41         1    -2.1681   1.000012    -0.000000    -0.623497     0.781841     1.000012    -0.000000    -0.623497     0.781841 
       42         1    -1.9751   1.000008    -0.000000    -0.623495     0.781838    -1.000008     0.000000     0.623495    -0.781838 
       43         1    -1.8868   1.000014    -0.000000     0.623498    -0.781842    -1.000014     0.000000    -0.623498     0.781842 
       44         1    -1.8811   1.000016    -0.000000     0.623500    -0.781844     1.000016    -0.000000     0.623500    -0.781844 
       45         1    -1.6550   1.000013    -0.000000    -0.623498     0.781841     1.000013    -0.000000    -0.623498     0.781841 
       46         1    -1.4828   1.000007     0.000000    -0.623494     0.781837     1.000007     0.000000    -0.623494     0.781837 
       47         1    -1.4599   1.000008     0.000000    -0.623495     0.781838    -1.000008    -0.000000     0.623495    -0.781838 
       48         1    -1.4138   1.000015     0.000000     0.623499    -0.781843     1.000015     0.000000     0.623499    -0.781843 
       49         1    -1.3322   1.000008     0.000000     0.623495    -0.781838    -1.000008    -0.000000    -0.623495     0.781838 
       50         1    -1.2154   1.000012     0.000000     0.623497    -0.781841     1.000012     0.000000     0.623497    -0.781841 
       51         1    -1.1452   1.000008    -0.000000    -0.623495     0.781838    -1.000008     0.000000     0.623495    -0.781838 
       52         1    -1.0810   1.000012     0.000000     0.623497    -0.781841    -1.000012    -0.000000    -0.623498     0.781841 
       53         1    -1.0412   1.000010     0.000000    -0.623496     0.781839    -1.000010    -0.000000     0.623496    -0.781839 
       54         1    -0.8288   1.000012    -0.000000    -0.623497     0.781841     1.000012    -0.000000    -0.623497     0.781841 
       55         1    -0.8024   1.000011     0.000000     0.623497    -0.781840    -1.000011    -0.000000    -0.623497     0.781840 
       56         1    -0.7047   1.000011    -0.000000     0.623497    -0.781840     1.000011    -0.000000     0.623497    -0.781840 
       57         1    -0.6269   1.000018     0.000000    -0.623501     0.781845     1.000018     0.000000    -0.623501     0.781845 
       58         1    -0.6232   1.000018    -0.000000    -0.623501     0.781846    -1.000018     0.000000     0.623501    -0.781846 
       59         1    -0.6184   1.000016     0.000000     0.623500    -0.781844     1.000016     0.000000     0.623500    -0.781844 
       60         1    -0.5795   1.000012    -0.000000     0.623497    -0.781841    -1.000012     0.000000    -0.623497     0.781841 
       61         1    -0.5453   1.000018    -0.000000    -0.623501     0.781846     1.000018    -0.000000    -0.623501     0.781846 
       62         1    -0.5363   1.000013    -0.000000     0.623498    -0.781841     1.000013    -0.000000     0.623498    -0.781841 
       63         1    -0.4957   1.000014     0.000000    -0.623499     0.781843    -1.000014    -0.000000     0.623499    -0.781843 
       64         1    -0.4505   1.000015    -0.000000    -0.623499     0.781843    -1.000014     0.000000     0.623499    -0.781843 
       65         1    -0.4475   1.000013    -0.000000     0.623498    -0.781841    -1.000013     0.000000    -0.623498     0.781841 
       66         1    -0.4208   1.000014    -0.000000     0.623499    -0.781843     1.000014    -0.000000     0.623499    -0.781842 
       67         1    -0.4188   1.000016    -0.000000    -0.623500     0.781844     1.000016    -0.000000    -0.623500     0.781844 
       68         1    -0.3329   1.000011    -0.000000     0.623497    -0.781840    -1.000011     0.000000    -0.623497     0.781840 
       69         1     0.4674   1.000021     0.000000    -0.623502     0.781847    -1.000020    -0.000000     0.623502    -0.781847 
       70         1     0.5237   1.000030     0.000000     0.623508    -0.781854    -1.000029    -0.000000    -0.623508     0.781854 
       71         1     0.5284   1.000032     0.000000    -0.623509     0.781856     1.000031     0.000000    -0.623510     0.781856 
       72         1     0.5621   1.000033     0.000000     0.623510    -0.781857    -1.000033    -0.000000    -0.623510     0.781857 
       73         1     0.5807   1.000031     0.000000     0.623509    -0.781856     1.000031     0.000000     0.623509    -0.781856 
       74         1     0.5848   1.000022    -0.000000    -0.623503     0.781848    -1.000021     0.000000     0.623503    -0.781848 
       75         1     0.5909   1.000032     0.000000    -0.623509     0.781856     1.000031     0.000000    -0.623509     0.781856 
       76         1     0.5926   1.000029    -0.000000     0.623508    -0.781854     1.000029    -0.000000     0.623508    -0.781854 
       77         1     0.6503   1.000036    -0.000000    -0.623512     0.781859    -1.000032     0.000000     0.623510    -0.781857 
       78         1     0.6506   1.000032     0.000000    -0.623509     0.781856     1.000028     0.000000    -0.623507     0.781854 
       79         1     0.6537   1.000033    -0.000000     0.623510    -0.781857     1.000032    -0.000000     0.623510    -0.781857 
       80         1     0.6658   1.000030    -0.000000     0.623508    -0.781854    -1.000029     0.000000    -0.623508     0.781854 
       81         1     0.6716   1.000023    -0.000000    -0.623504     0.781849    -1.000022     0.000000     0.623504    -0.781849 
       82         1     0.6952   1.000030    -0.000000    -0.623508     0.781854     1.000029    -0.000000    -0.623508     0.781854 
       83         1     0.7039   1.000025    -0.000000     0.623505    -0.781851    -1.000025     0.000000    -0.623505     0.781851 
       84         1     0.7424   1.000029     0.000000     0.623508    -0.781854     1.000029     0.000000     0.623508    -0.781854 
       85         1     0.8377   1.000025    -0.000000    -0.623505     0.781851     1.000025    -0.000000    -0.623505     0.781851 
       86         1     0.8927   1.000020    -0.000000     0.623502    -0.781847     1.000019    -0.000000     0.623502    -0.781847 
       87         1     0.9167   1.000019     0.000000     0.623502    -0.781846    -1.000019    -0.000000    -0.623502     0.781846 
       88         1     0.9749   1.000020     0.000000    -0.623502     0.781847     1.000020     0.000000    -0.623502     0.781847 
       89         1     1.0050   1.000018    -0.000000    -0.623501     0.781845    -1.000018     0.000000     0.623501    -0.781845 
       90         1     1.1408   1.000015    -0.000000     0.623499    -0.781843     1.000015    -0.000000     0.623499    -0.781843 
       91         1     1.2134   1.000017     0.000000    -0.623500     0.781845    -1.000017    -0.000000     0.623500    -0.781845 
       92         1     1.2607   1.000020    -0.000000    -0.623502     0.781847     1.000019    -0.000000    -0.623502     0.781847 
       93         1     1.3556   1.000018     0.000000     0.623501    -0.781845    -1.000018    -0.000000    -0.623501     0.781845 
       94         1     1.4421   1.000020     0.000000    -0.623502     0.781847    -1.000020    -0.000000     0.623502    -0.781847 
       95         1     1.5009   1.000022    -0.000000     0.623504    -0.781849    -1.000022     0.000000    -0.623504     0.781849 
       96         1     1.7696   1.000016    -0.000000     0.623499    -0.781844    -1.000016     0.000000    -0.623499     0.781844 
       97         1     1.8388   1.000019     0.000000     0.623501    -0.781846     1.000019     0.000000     0.623501    -0.781846 
       98         1     1.9388   1.000015    -0.000000    -0.623499     0.781843     1.000014    -0.000000    -0.623499     0.781843 
       99         1     2.0206   1.000016    -0.000000     0.623500    -0.781844    -1.000016     0.000000    -0.623500     0.781844 
      100         1     2.0400   1.000015     0.000000    -0.623499     0.781843    -1.000015    -0.000000     0.623499    -0.781843 
      101         1     2.2735   1.000013    -0.000000     0.623498    -0.781842     1.000013    -0.000000     0.623498    -0.781842 
      102         1     2.4839   1.000014     0.000000     0.623498    -0.781842    -1.000013    -0.000000    -0.623498     0.781842 
      103         1     2.4867   1.000012    -0.000000    -0.623497     0.781841    -1.000012     0.000000     0.623497    -0.781841 
      104         1     2.5542   1.000013    -0.000000     0.623498    -0.781841     1.000013    -0.000000     0.623498    -0.781841 
      105         1     2.5585   1.000013    -0.000000    -0.623498     0.781841     1.000013    -0.000000    -0.623498     0.781841 
      106         1     2.6485   1.000013    -0.000000    -0.623498     0.781842    -1.000013     0.000000     0.623498    -0.781842 
      107         1     3.1066   1.000012     0.000000    -0.623497     0.781841     1.000012     0.000000    -0.623497     0.781841 
      108         1     3.1512   1.000010    -0.000000     0.623496    -0.781840     1.000010    -0.000000     0.623496    -0.781840 
      109         1     4.9117   1.000013    -0.000000     0.623498    -0.781841     1.000013    -0.000000     0.623498    -0.781841 
      110         1     5.0689   1.000012    -0.000000    -0.623497     0.781841     1.000012    -0.000000    -0.623497     0.781841 
      111         1     5.1147   1.000014     0.000000     0.623498    -0.781842    -1.000014    -0.000000    -0.623498     0.781842 
      112         1     5.6145   1.000015    -0.000000    -0.623499     0.781843    -1.000015     0.000000     0.623499    -0.781843 
      113         1     6.4923   1.000013     0.000000    -0.623498     0.781842    -1.000013    -0.000000     0.623498    -0.781842 
      114         1     6.5478   1.000012    -0.000000     0.623498    -0.781841     1.000012    -0.000000     0.623498    -0.781841 
      115         1     6.6361   1.000013     0.000000    -0.623498     0.781841     1.000012     0.000000    -0.623498     0.781841 
      116         1     6.9917   1.000015    -0.000000     0.623499    -0.781843    -1.000015     0.000000    -0.623499     0.781843 
      117         1     7.1725   1.000013    -0.000000    -0.623498     0.781842    -1.000013     0.000000     0.623498    -0.781842 
      118         1     7.4712   1.000012     0.000000     0.623497    -0.781841    -1.000012    -0.000000    -0.623497     0.781841 
      119         1     7.4891   1.000015    -0.000000    -0.623499     0.781843     1.000015    -0.000000    -0.623499     0.781843 
      120         1     7.8183   1.000015     0.000000     0.623499    -0.781843     1.000015     0.000000     0.623499    -0.781843 
      121         1     8.1514   1.000007     0.000000    -0.623494     0.781837    -1.000007    -0.000000     0.623494    -0.781837 
      122         1     8.2245   1.000011    -0.000000     0.623497    -0.781840    -1.000011     0.000000    -0.623497     0.781840 
      123         1     8.5375   1.000011    -0.000000    -0.623497     0.781840     1.000011    -0.000000    -0.623497     0.781840 
      124         1     8.6100   1.000014     0.000000     0.623498    -0.781842     1.000014     0.000000     0.623498    -0.781842 
      125         1     9.0428   1.000016    -0.000000     0.623500    -0.781844     1.000016    -0.000000     0.623500    -0.781844 
      126         1     9.0755   1.000016     0.000000    -0.623500     0.781844    -1.000016    -0.000000     0.623500    -0.781844 
      127         1     9.0889   1.000015    -0.000000     0.623499    -0.781843    -1.000015     0.000000    -0.623499     0.781843 
      128         1     9.3749   1.000016    -0.000000    -0.623500     0.781844    -1.000016     0.000000     0.623500    -0.781844 
      129         1     9.4233   1.000015    -0.000000    -0.623499     0.781843     1.000015    -0.000000    -0.623499     0.781843 
      130         1     9.5626   1.000016     0.000000     0.623500    -0.781844     1.000016     0.000000     0.623500    -0.781844 
      131         1     9.6030   1.000013    -0.000000    -0.623498     0.781842     1.000013    -0.000000    -0.623498     0.781842 
      132         1     9.7135   1.000015    -0.000000     0.623499    -0.781843    -1.000015     0.000000    -0.623499     0.781843 
      133         1     9.8688   1.000014     0.000000    -0.623499     0.781842    -1.000014    -0.000000     0.623499    -0.781842 
      134         1     9.9194   1.000014     0.000000     0.623499    -0.781842     1.000014     0.000000     0.623499    -0.781842 
      135         1    10.0535   1.000014     0.000000     0.623498    -0.781842    -1.000013    -0.000000    -0.623498     0.781842 
      136         1    10.2729   1.000017    -0.000000    -0.623500     0.781845     1.000017    -0.000000    -0.623500     0.781845 
      137         1    10.3465   1.000015     0.000000     0.623499    -0.781843     1.000015     0.000000     0.623499    -0.781843 
      138         1    10.4668   1.000017    -0.000000     0.623498    -0.781842    -1.000017     0.000000    -0.623498     0.781842 
      139         1    10.5628   1.000017    -0.000000    -0.623500     0.781844    -1.000016     0.000000     0.623500    -0.781844 
      140         1    10.9253   1.000022    -0.000000    -0.623399     0.781718     0.881659    -0.000000    -0.549806     0.689435 
      141         1    11.0528   1.000024    -0.000000     0.498614    -0.625242    -0.988976     0.000000    -0.505318     0.633649 
4 
 1  2  3  4 
        1         2   -25.4553   2.000069     0.000000    -1.247019     1.563713     0.000004    -0.000002    -0.000001     0.000004 
        3         2   -25.4522   2.000064    -0.000000     1.247015    -1.563708     0.000002    -0.000001     0.000000    -0.000002 
        5         2   -25.4412   2.000075     0.000000    -1.246881     1.563540    -0.000004     0.000002    -0.000002     0.000008 
        7         2   -25.4409   2.000068     0.000000     1.246877    -1.563535     0.000002    -0.000001     0.000002    -0.000007 
        9         2   -25.4120   2.000067     0.000000     1.246649    -1.563249    -0.000021     0.000010    -0.000008     0.000034 
       11         2   -25.4118   2.000089     0.000000    -1.246662     1.563265     0.000035    -0.000017     0.000001    -0.000002 
       13         2   -25.3894   2.000102    -0.000000    -1.246920     1.563588    -0.000002     0.000001     0.000001    -0.000005 
       15         2   -25.3890   2.000098    -0.000000     1.246917    -1.563585    -0.000008     0.000004    -0.000002     0.000008 
       17         2   -25.3841   2.000075    -0.000000     1.246924    -1.563593     0.000005    -0.000002    -0.000001     0.000002 
       19         2   -25.3837   2.000068     0.000000    -1.246920     1.563588    -0.000007     0.000004     0.000001    -0.000004 
       21         1   -12.6231   1.000013     0.000000     0.623498    -0.781841     0.900980    -0.433889     0.222524    -0.974940 
       22         1   -12.4212   1.000014     0.000000     0.623499    -0.781843    -0.900982     0.433890    -0.222524     0.974942 
       23         1   -11.9774   1.000012    -0.000000    -0.623497     0.781841     0.900980    -0.433889    -0.222524     0.974940 
       24         1   -11.8818   1.000013     0.000000    -0.623498     0.781842    -0.900981     0.433889     0.222524    -0.974941 
       25         1   -11.4530   1.000010     0.000000    -0.623496     0.781839    -0.900978     0.433888     0.222523    -0.974938 
       26         1   -11.2444   1.000012    -0.000000     0.623497    -0.781841    -0.900980     0.433889    -0.222524     0.974940 
       27         1   -11.2177   1.000014    -0.000000     0.623499    -0.781842     0.900981    -0.433890     0.222524    -0.974942 
       28         1   -11.2099   1.000015     0.000000    -0.623499     0.781843     0.900982    -0.433890    -0.222524     0.974942 
       29         1   -11.0653   1.000013    -0.000000     0.623498    -0.781842    -0.900980     0.433889    -0.222524     0.974940 
       30         1   -10.8738   1.000013    -0.000000    -0.623498     0.781841     0.900980    -0.433889    -0.222524     0.974940 
       31         1   -10.8378   1.000013     0.000000    -0.623498     0.781842    -0.900981     0.433890     0.222524    -0.974941 
       32         1   -10.8139   1.000013    -0.000000     0.623498    -0.781842     0.900981    -0.433889     0.222524    -0.974941 
       33         1    -6.1970   1.000011     0.000000    -0.623497     0.781840     0.900979    -0.433889    -0.222523     0.974939 
       34         1    -6.1551   1.000011     0.000000    -0.623497     0.781840    -0.900979     0.433889     0.222523    -0.974939 
       35         1    -5.6082   1.000014     0.000000     0.623498    -0.781842     0.900981    -0.433890     0.222524    -0.974942 
       36         1    -5.4073   1.000011     0.000000     0.623497    -0.781840    -0.900979     0.433889    -0.222523     0.974939 
       37         1    -2.5653   1.000015     0.000000     0.623499    -0.781844    -0.900983     0.433890    -0.222524     0.974943 
       38         1    -2.4831   1.000016    -0.000000    -0.623500     0.781844     0.900984    -0.433891    -0.222525     0.974944 
       39         1    -2.3600   1.000017     0.000000     0.623500    -0.781844     0.900984    -0.433891     0.222525    -0.974944 
       40         1    -2.3456   1.000013     0.000000    -0.623498     0.781842    -0.900981     0.433889     0.222524    -0.974941 
       41         1    -2.1097   1.000011    -0.000000    -0.623497     0.781840     0.900979    -0.433888    -0.222523     0.974938 
       42         1    -1.9765   1.000008    -0.000000    -0.623495     0.781838    -0.900976     0.433887     0.222523    -0.974936 
       43         1    -1.8885   1.000015     0.000000     0.623499    -0.781843     0.900982    -0.433890     0.222524    -0.974942 
       44         1    -1.8842   1.000020     0.000000     0.623502    -0.781847    -0.900987     0.433892    -0.222525     0.974948 
       45         1    -1.8298   1.000013     0.000000    -0.623498     0.781842     0.900981    -0.433889    -0.222524     0.974941 
       46         1    -1.5350   1.000011    -0.000000    -0.623496     0.781840    -0.900979     0.433888     0.222523    -0.974938 
       47         1    -1.4534   1.000011    -0.000000     0.623497    -0.781840     0.900979    -0.433889     0.222523    -0.974939 
       48         1    -1.3983   1.000008    -0.000000     0.623495    -0.781838    -0.900976     0.433887    -0.222523     0.974936 
       49         1    -1.2715   1.000008    -0.000000     0.623495    -0.781838     0.900976    -0.433887     0.222523    -0.974936 
       50         1    -1.2377   1.000008    -0.000000    -0.623495     0.781838     0.900976    -0.433887    -0.222523     0.974936 
       51         1    -1.2002   1.000009    -0.000000    -0.623495     0.781838    -0.900977     0.433888     0.222523    -0.974937 
       52         1    -1.0830   1.000010    -0.000000    -0.623496     0.781840    -0.900978     0.433888     0.222523    -0.974938 
       53         1    -1.0045   1.000010    -0.000000     0.623496    -0.781839    -0.900978     0.433888    -0.222523     0.974938 
       54         1    -0.9941   1.000011    -0.000000    -0.623497     0.781840     0.900979    -0.433889    -0.222523     0.974939 
       55         1    -0.7437   1.000011    -0.000000     0.623497    -0.781840     0.900976    -0.433887     0.222523    -0.974936 
       56         1    -0.7435   1.000012    -0.000000     0.623497    -0.781841    -0.900977     0.433888    -0.222523     0.974937 
       57         1    -0.6346   1.000013    -0.000000    -0.623498     0.781841    -0.900980     0.433889     0.222524    -0.974940 
       58         1    -0.6305   1.000015     0.000000    -0.623499     0.781843     0.900982    -0.433890    -0.222524     0.974942 
       59         1    -0.6070   1.000016     0.000000     0.623500    -0.781844     0.900983    -0.433891     0.222524    -0.974943 
       60         1    -0.6030   1.000014    -0.000000     0.623498    -0.781842    -0.900981     0.433890    -0.222524     0.974941 
       61         1    -0.5566   1.000013    -0.000000     0.623498    -0.781842     0.900981    -0.433889     0.222524    -0.974941 
       62         1    -0.5345   1.000012     0.000000    -0.623497     0.781841     0.900980    -0.433889    -0.222524     0.974940 
       63         1    -0.4850   1.000013    -0.000000    -0.623498     0.781841    -0.900980     0.433889     0.222524    -0.974940 
       64         1    -0.4503   1.000014     0.000000    -0.623497     0.781840     0.900979    -0.433889    -0.222524     0.974941 
       65         1    -0.4497   1.000015    -0.000000     0.623498    -0.781842    -0.900981     0.433889    -0.222524     0.974943 
       66         1    -0.4331   1.000014    -0.000000    -0.623498     0.781842    -0.900981     0.433890     0.222524    -0.974941 
       67         1    -0.4005   1.000015    -0.000000     0.623499    -0.781843     0.900982    -0.433890     0.222524    -0.974942 
       68         1    -0.3735   1.000014     0.000000     0.623498    -0.781842    -0.900981     0.433890    -0.222524     0.974941 
       69         1     0.5173   1.000022     0.000000    -0.623503     0.781848    -0.900988     0.433893     0.222526    -0.974949 
       70         1     0.5370   1.000026    -0.000000     0.623506    -0.781852    -0.900992     0.433895    -0.222527     0.974953 
       71         1     0.5409   1.000030     0.000000    -0.623508     0.781855     0.900996    -0.433897    -0.222528     0.974957 
       72         1     0.5683   1.000028    -0.000000     0.623507    -0.781854    -0.900994     0.433896    -0.222527     0.974955 
       73         1     0.5703   1.000029    -0.000000     0.623507    -0.781853     0.900994    -0.433896     0.222527    -0.974955 
       74         1     0.5712   1.000031    -0.000000    -0.623509     0.781856     0.900997    -0.433897    -0.222528     0.974958 
       75         1     0.6029   1.000030     0.000000    -0.623508     0.781854    -0.900995     0.433896     0.222527    -0.974957 
       76         1     0.6059   1.000021    -0.000000     0.623503    -0.781848     0.900988    -0.433893     0.222526    -0.974948 
       77         1     0.6242   1.000027    -0.000000    -0.623506     0.781852     0.900993    -0.433895    -0.222527     0.974954 
       78         1     0.6520   1.000026     0.000000    -0.623506     0.781852    -0.900992     0.433895     0.222527    -0.974953 
       79         1     0.6526   1.000033    -0.000000     0.623510    -0.781857    -0.900998     0.433898    -0.222528     0.974959 
       80         1     0.6793   1.000021    -0.000000    -0.623502     0.781847    -0.900987     0.433893     0.222525    -0.974948 
       81         1     0.6823   1.000036     0.000000     0.623512    -0.781859     0.901001    -0.433899     0.222529    -0.974962 
       82         1     0.7007   1.000028    -0.000000    -0.623507     0.781853     0.900994    -0.433896    -0.222527     0.974955 
       83         1     0.7151   1.000025     0.000000     0.623505    -0.781850    -0.900991     0.433894    -0.222526     0.974951 
       84         1     0.7244   1.000024     0.000000     0.623505    -0.781851     0.900991    -0.433894     0.222526    -0.974952 
       85         1     0.8339   1.000023     0.000000    -0.623504     0.781849     0.900989    -0.433894    -0.222526     0.974950 
       86         1     0.9031   1.000020    -0.000000     0.623502    -0.781847    -0.900985     0.433892    -0.222525     0.974945 
       87         1     0.9038   1.000023     0.000000     0.623504    -0.781849     0.900987    -0.433892     0.222525    -0.974947 
       88         1     0.9398   1.000014     0.000000    -0.623499     0.781842    -0.900981     0.433890     0.222524    -0.974942 
       89         1     1.0589   1.000016    -0.000000    -0.623500     0.781844     0.900983    -0.433891    -0.222525     0.974944 
       90         1     1.0826   1.000019    -0.000000     0.623501    -0.781846     0.900985    -0.433892     0.222525    -0.974946 
       91         1     1.1077   1.000018     0.000000    -0.623501     0.781846    -0.900985     0.433891     0.222525    -0.974945 
       92         1     1.2639   1.000020    -0.000000    -0.623502     0.781847     0.900986    -0.433892    -0.222525     0.974947 
       93         1     1.3668   1.000015    -0.000000     0.623499    -0.781843    -0.900982     0.433890    -0.222524     0.974942 
       94         1     1.4601   1.000021    -0.000000     0.623503    -0.781848    -0.900988     0.433893    -0.222526     0.974948 
       95         1     1.5403   1.000015     0.000000    -0.623499     0.781843    -0.900982     0.433890     0.222524    -0.974942 
       96         1     1.6652   1.000019     0.000000     0.623501    -0.781846    -0.900986     0.433892    -0.222525     0.974946 
       97         1     1.7317   1.000019    -0.000000     0.623501    -0.781846     0.900986    -0.433892     0.222525    -0.974946 
       98         1     1.9913   1.000018    -0.000000    -0.623501     0.781846    -0.900985     0.433892     0.222525    -0.974946 
       99         1     2.0092   1.000017     0.000000     0.623500    -0.781844     0.900984    -0.433891     0.222525    -0.974944 
      100         1     2.1108   1.000017    -0.000000    -0.623500     0.781845     0.900984    -0.433891    -0.222525     0.974944 
      101         1     2.3121   1.000012     0.000000    -0.623497     0.781841    -0.900980     0.433889     0.222524    -0.974940 
      102         1     2.3268   1.000011     0.000000     0.623497    -0.781840    -0.900979     0.433888    -0.222523     0.974938 
      103         1     2.3930   1.000014    -0.000000     0.623498    -0.781842     0.900981    -0.433890     0.222524    -0.974941 
      104         1     2.4639   1.000017     0.000000    -0.623500     0.781845    -0.900984     0.433891     0.222525    -0.974944 
      105         1     2.4730   1.000017     0.000000    -0.623500     0.781844     0.900984    -0.433891    -0.222525     0.974944 
      106         1     2.4803   1.000012    -0.000000     0.623497    -0.781841    -0.900980     0.433889    -0.222524     0.974940 
      107         1     2.8287   1.000013    -0.000000     0.623498    -0.781841     0.900980    -0.433889     0.222524    -0.974940 
      108         1     3.1543   1.000011    -0.000000    -0.623497     0.781840     0.900979    -0.433889    -0.222523     0.974939 
      109         1     5.0719   1.000010     0.000000     0.623496    -0.781839     0.900978    -0.433888     0.222523    -0.974937 
      110         1     5.2391   1.000011    -0.000000     0.623497    -0.781840    -0.900979     0.433889    -0.222523     0.974939 
      111         1     5.3158   1.000011     0.000000    -0.623496     0.781840     0.900978    -0.433888    -0.222523     0.974938 
      112         1     5.5444   1.000008    -0.000000    -0.623495     0.781838    -0.900976     0.433887     0.222523    -0.974936 
      113         1     6.5938   1.000013    -0.000000     0.623498    -0.781841    -0.900980     0.433889    -0.222524     0.974940 
      114         1     6.7885   1.000012    -0.000000     0.623497    -0.781840     0.900979    -0.433889     0.222523    -0.974939 
      115         1     6.7925   1.000015     0.000000    -0.623499     0.781843     0.900983    -0.433890    -0.222524     0.974943 
      116         1     6.8261   1.000013     0.000000    -0.623498     0.781842    -0.900981     0.433889     0.222524    -0.974941 
      117         1     7.0272   1.000014    -0.000000    -0.623499     0.781842    -0.900981     0.433890     0.222524    -0.974942 
      118         1     7.6866   1.000013    -0.000000     0.623498    -0.781841    -0.900980     0.433889    -0.222524     0.974940 
      119         1     7.7985   1.000015     0.000000    -0.623499     0.781843     0.900983    -0.433890    -0.222524     0.974943 
      120         1     8.0476   1.000012     0.000000     0.623498    -0.781841    -0.900980     0.433889    -0.222524     0.974940 
      121         1     8.1356   1.000010     0.000000     0.623496    -0.781840     0.900978    -0.433888     0.222523    -0.974938 
      122         1     8.2184   1.000011    -0.000000    -0.623497     0.781840    -0.900979     0.433889     0.222523    -0.974939 
      123         1     8.4972   1.000017    -0.000000    -0.623501     0.781845     0.900985    -0.433891    -0.222525     0.974945 
      124         1     8.5085   1.000016     0.000000     0.623500    -0.781844     0.900983    -0.433891     0.222525    -0.974944 
      125         1     9.1089   1.000014     0.000000    -0.623499     0.781843    -0.900982     0.433890     0.222524    -0.974942 
      126         1     9.1266   1.000016     0.000000     0.623500    -0.781844     0.900983    -0.433891     0.222524    -0.974943 
      127         1     9.1296   1.000013     0.000000    -0.623498     0.781842     0.900981    -0.433890    -0.222524     0.974941 
      128         1     9.2595   1.000014    -0.000000     0.623499    -0.781843    -0.900982     0.433890    -0.222524     0.974942 
      129         1     9.5252   1.000015    -0.000000    -0.623499     0.781844    -0.900983     0.433890     0.222524    -0.974943 
      130         1     9.7377   1.000014    -0.000000    -0.623499     0.781843     0.900982    -0.433890    -0.222524     0.974942 
      131         1     9.7510   1.000014     0.000000     0.623499    -0.781843     0.900982    -0.433890     0.222524    -0.974942 
      132         1     9.7756   1.000014     0.000000     0.623499    -0.781843    -0.900982     0.433890    -0.222524     0.974942 
      133         1    10.1435   1.000014     0.000000     0.623499    -0.781843     0.900982    -0.433890     0.222524    -0.974942 
      134         1    10.2260   1.000015     0.000000    -0.623499     0.781843    -0.900982     0.433890     0.222524    -0.974942 
      135         1    10.3138   1.000017    -0.000000     0.623500    -0.781845    -0.900984     0.433891    -0.222525     0.974944 
      136         1    10.4141   1.000015    -0.000000    -0.623499     0.781843     0.900983    -0.433890    -0.222524     0.974943 
      137         1    10.6107   1.000017    -0.000000    -0.623500     0.781844    -0.900983     0.433891     0.222524    -0.974943 
      138         1    10.6723   1.000016    -0.000000     0.623498    -0.781842     0.900980    -0.433889     0.222524    -0.974941 
      139         1    10.7307   1.000018     0.000000    -0.623494     0.781837     0.900974    -0.433886    -0.222524     0.974940 
      140         1    10.8317   1.000015     0.000000     0.623432    -0.781759    -0.900829     0.433816    -0.222488     0.974786 
      141         1    11.1060   1.000026    -0.000000     0.608276    -0.762754     0.573378    -0.276124     0.144592    -0.633497 
4 
 1  2  3  4 
        1         2   -25.4553   2.000088     0.000000    -1.247031     1.563727     0.000017    -0.000021     0.000006     0.000026 
        3         2   -25.4522   2.000057    -0.000000     1.247011    -1.563702    -0.000001     0.000001     0.000000     0.000002 
        5         2   -25.4412   2.000096     0.000000    -1.246893     1.563555     0.000004    -0.000006     0.000004     0.000016 
        7         2   -25.4409   2.000074    -0.000000     1.246880    -1.563538     0.000002    -0.000002    -0.000001    -0.000004 
        9         2   -25.4120   2.000108     0.000000     1.246618    -1.563209    -0.000025     0.000032     0.000004     0.000019 
       11         2   -25.4118   2.000084    -0.000000    -1.246602     1.563189     0.000010    -0.000013     0.000004     0.000016 
       13         2   -25.3894   2.000092     0.000000    -1.246914     1.563581    -0.000001     0.000001    -0.000000    -0.000000 
       15         2   -25.3890   2.000106     0.000000     1.246923    -1.563592     0.000009    -0.000011    -0.000004    -0.000017 
       17         2   -25.3841   2.000105    -0.000000     1.246945    -1.563619     0.000002    -0.000003    -0.000001    -0.000003 
       19         2   -25.3837   2.000104     0.000000    -1.246944     1.563618    -0.000009     0.000012    -0.000003    -0.000014 
       21         1   -12.5289   1.000014    -0.000000     0.623498    -0.781842     0.623498    -0.781842    -0.222524    -0.974941 
       22         1   -12.4140   1.000012     0.000000     0.623497    -0.781841    -0.623497     0.781841     0.222524     0.974940 
       23         1   -11.9799   1.000013     0.000000    -0.623498     0.781842     0.623498    -0.781842     0.222524     0.974941 
       24         1   -11.8554   1.000013    -0.000000    -0.623498     0.781842    -0.623498     0.781842    -0.222524    -0.974941 
       25         1   -11.3889   1.000010     0.000000    -0.623496     0.781839    -0.623496     0.781839    -0.222523    -0.974937 
       26         1   -11.3046   1.000014     0.000000     0.623498    -0.781842     0.623498    -0.781842    -0.222524    -0.974941 
       27         1   -11.2888   1.000013    -0.000000     0.623498    -0.781842    -0.623498     0.781842     0.222524     0.974941 
       28         1   -11.2262   1.000013     0.000000    -0.623498     0.781841     0.623498    -0.781841     0.222524     0.974940 
       29         1   -11.1078   1.000016    -0.000000     0.623500    -0.781844    -0.623500     0.781844     0.222525     0.974944 
       30         1   -10.9340   1.000013    -0.000000    -0.623498     0.781842     0.623498    -0.781842     0.222524     0.974941 
       31         1   -10.8750   1.000014     0.000000    -0.623499     0.781842    -0.623499     0.781842    -0.222524    -0.974942 
       32         1   -10.8193   1.000013     0.000000     0.623498    -0.781842     0.623498    -0.781842    -0.222524    -0.974941 
       33         1    -6.1791   1.000012    -0.000000    -0.623497     0.781841     0.623497    -0.781841     0.222524     0.974939 
       34         1    -6.1476   1.000013    -0.000000    -0.623498     0.781842    -0.623498     0.781842    -0.222524    -0.974941 
       35         1    -5.5245   1.000012    -0.000000     0.623497    -0.781841     0.623497    -0.781841    -0.222524    -0.974940 
       36         1    -5.3584   1.000011    -0.000000     0.623497    -0.781840    -0.623497     0.781840     0.222523     0.974939 
       37         1    -2.4965   1.000015    -0.000000     0.623499    -0.781843    -0.623499     0.781843     0.222524     0.974942 
       38         1    -2.4272   1.000011    -0.000000    -0.623496     0.781840     0.623496    -0.781840     0.222523     0.974938 
       39         1    -2.2859   1.000013    -0.000000    -0.623498     0.781842    -0.623498     0.781842    -0.222524    -0.974941 
       40         1    -2.2547   1.000007     0.000000     0.623494    -0.781837     0.623494    -0.781837    -0.222523    -0.974935 
       41         1    -2.1759   1.000016    -0.000000    -0.623500     0.781844     0.623500    -0.781844     0.222524     0.974943 
       42         1    -2.1144   1.000011     0.000000    -0.623496     0.781840    -0.623496     0.781840    -0.222523    -0.974938 
       43         1    -1.9852   1.000015    -0.000000     0.623499    -0.781843     0.623499    -0.781843    -0.222524    -0.974942 
       44         1    -1.9118   1.000006     0.000000     0.623494    -0.781836    -0.623494     0.781836     0.222522     0.974934 
       45         1    -1.7407   1.000007    -0.000000    -0.623494     0.781837    -0.623494     0.781837    -0.222522    -0.974934 
       46         1    -1.6278   1.000010     0.000000    -0.623496     0.781839     0.623496    -0.781839     0.222523     0.974938 
       47         1    -1.4735   1.000013    -0.000000     0.623498    -0.781841     0.623498    -0.781841    -0.222524    -0.974940 
       48         1    -1.3499   1.000007     0.000000     0.623494    -0.781837    -0.623494     0.781837     0.222523     0.974935 
       49         1    -1.2725   1.000008     0.000000    -0.623495     0.781837     0.623494    -0.781837     0.222523     0.974935 
       50         1    -1.1703   1.000007    -0.000000    -0.623494     0.781837    -0.623494     0.781837    -0.222522    -0.974935 
       51         1    -1.1327   1.000010    -0.000000     0.623496    -0.781839     0.623496    -0.781839    -0.222523    -0.974937 
       52         1    -0.9835   1.000009     0.000000    -0.623495     0.781838    -0.623495     0.781838    -0.222523    -0.974936 
       53         1    -0.9821   1.000012    -0.000000     0.623497    -0.781841    -0.623497     0.781841     0.222524     0.974940 
       54         1    -0.9188   1.000012    -0.000000    -0.623498     0.781841     0.623498    -0.781841     0.222524     0.974940 
       55         1    -0.8185   1.000013     0.000000     0.623498    -0.781842     0.623498    -0.781842    -0.222524    -0.974940 
       56         1    -0.6725   1.000011     0.000000     0.623497    -0.781840    -0.623497     0.781840     0.222523     0.974939 
       57         1    -0.6302   1.000018    -0.000000    -0.623501     0.781845     0.623501    -0.781845     0.222525     0.974945 
       58         1    -0.6269   1.000021     0.000000    -0.623503     0.781848    -0.623503     0.781848    -0.222526    -0.974949 
       59         1    -0.6130   1.000016    -0.000000     0.623499    -0.781844     0.623499    -0.781844    -0.222524    -0.974943 
       60         1    -0.5949   1.000016    -0.000000     0.623499    -0.781843    -0.623499     0.781843     0.222524     0.974943 
       61         2    -0.5552   2.000020     0.000000    -0.000001     0.000001     1.246992    -1.563679     0.000000     0.000001 
       63         1    -0.4851   1.000013     0.000000    -0.623498     0.781842     0.623498    -0.781842     0.222524     0.974941 
       64         1    -0.4801   1.000017    -0.000000    -0.623500     0.781844    -0.623500     0.781844    -0.222525    -0.974944 
       65         1    -0.4634   1.000011     0.000000     0.623497    -0.781840    -0.623497     0.781840     0.222523     0.974939 
       66         1    -0.4226   1.000011    -0.000000    -0.623496     0.781840    -0.623496     0.781840    -0.222523    -0.974938 
       67         1    -0.4171   1.000014     0.000000     0.623498    -0.781842    -0.623498     0.781842     0.222524     0.974941 
       68         1    -0.3732   1.000014    -0.000000     0.623498    -0.781842     0.623498    -0.781842    -0.222524    -0.974941 
       69         1     0.5253   1.000022     0.000000     0.623503    -0.781848    -0.623503     0.781848     0.222526     0.974949 
       70         1     0.5295   1.000028    -0.000000    -0.623507     0.781853     0.623507    -0.781853     0.222527     0.974955 
       71         1     0.5337   1.000028    -0.000000    -0.623507     0.781853    -0.623507     0.781853    -0.222527    -0.974955 
       72         1     0.5654   1.000028     0.000000     0.623507    -0.781853     0.623507    -0.781853    -0.222527    -0.974955 
       73         1     0.5666   1.000025    -0.000000    -0.623506     0.781851     0.623505    -0.781851     0.222527     0.974952 
       74         1     0.6039   1.000026     0.000000    -0.623506     0.781852     0.623506    -0.781852     0.222527     0.974953 
       75         1     0.6158   1.000026     0.000000     0.623506    -0.781852     0.623506    -0.781852    -0.222527    -0.974953 
       76         1     0.6208   1.000029    -0.000000     0.623508    -0.781854    -0.623508     0.781854     0.222527     0.974956 
       77         1     0.6387   1.000033     0.000000     0.623510    -0.781857    -0.623510     0.781857     0.222528     0.974960 
       78         1     0.6441   1.000032    -0.000000    -0.623509     0.781856    -0.623509     0.781856    -0.222528    -0.974958 
       79         1     0.6615   1.000029     0.000000    -0.623508     0.781854    -0.623508     0.781854    -0.222527    -0.974956 
       80         1     0.6727   1.000025     0.000000     0.623505    -0.781851     0.623505    -0.781851    -0.222527    -0.974952 
       81         1     0.6818   1.000033    -0.000000    -0.623510     0.781857     0.623510    -0.781857     0.222528     0.974960 
       82         1     0.7029   1.000026    -0.000000     0.623506    -0.781851    -0.623506     0.781851     0.222527     0.974953 
       83         1     0.7160   1.000024    -0.000000    -0.623505     0.781850    -0.623505     0.781850    -0.222526    -0.974951 
       84         1     0.7305   1.000032     0.000000     0.623510    -0.781857     0.623510    -0.781857    -0.222528    -0.974959 
       85         1     0.8006   1.000023    -0.000000     0.623504    -0.781849    -0.623504     0.781849     0.222526     0.974950 
       86         1     0.8794   1.000021    -0.000000    -0.623503     0.781847    -0.623503     0.781847    -0.222525    -0.974948 
       87         1     0.9019   1.000021    -0.000000    -0.623503     0.781848     0.623502    -0.781847     0.222525     0.974948 
       88         1     0.9307   1.000019    -0.000000     0.623502    -0.781846     0.623502    -0.781846    -0.222525    -0.974946 
       89         1     1.1492   1.000016    -0.000000    -0.623499     0.781844    -0.623499     0.781843    -0.222524    -0.974943 
       90         1     1.1742   1.000018     0.000000    -0.623501     0.781845     0.623500    -0.781845     0.222525     0.974945 
       91         1     1.1887   1.000019     0.000000     0.623502    -0.781846     0.623502    -0.781846    -0.222525    -0.974946 
       92         1     1.3450   1.000018    -0.000000     0.623501    -0.781845    -0.623501     0.781845     0.222525     0.974945 
       93         1     1.4665   1.000019     0.000000    -0.623502     0.781846     0.623502    -0.781846     0.222525     0.974946 
       94         1     1.5516   1.000020    -0.000000    -0.623502     0.781847    -0.623502     0.781847    -0.222525    -0.974947 
       95         1     1.5823   1.000020     0.000000     0.623502    -0.781847     0.623502    -0.781847    -0.222525    -0.974947 
       96         1     1.6180   1.000024    -0.000000     0.623504    -0.781850    -0.623504     0.781850     0.222526     0.974951 
       97         1     1.6665   1.000016    -0.000000     0.623500    -0.781844    -0.623500     0.781844     0.222525     0.974944 
       98         1     1.6840   1.000016     0.000000     0.623500    -0.781844     0.623500    -0.781844    -0.222524    -0.974943 
       99         1     1.7110   1.000016     0.000000    -0.623500     0.781844    -0.623500     0.781844    -0.222524    -0.974943 
      100         1     2.0663   1.000013     0.000000    -0.623498     0.781842     0.623498    -0.781842     0.222524     0.974941 
      101         1     2.1629   1.000011     0.000000     0.623497    -0.781840     0.623497    -0.781840    -0.222523    -0.974939 
      102         1     2.1986   1.000013    -0.000000    -0.623498     0.781842    -0.623498     0.781842    -0.222524    -0.974940 
      103         1     2.3803   1.000015     0.000000    -0.623499     0.781843     0.623499    -0.781843     0.222524     0.974942 
      104         1     2.5207   1.000011     0.000000     0.623497    -0.781840    -0.623497     0.781840     0.222523     0.974939 
      105         1     2.5499   1.000010    -0.000000    -0.623496     0.781840    -0.623496     0.781840    -0.222523    -0.974938 
      106         1     2.6077   1.000014     0.000000     0.623498    -0.781842     0.623498    -0.781842    -0.222524    -0.974941 
      107         1     2.6766   1.000011    -0.000000     0.623497    -0.781840    -0.623497     0.781840     0.222523     0.974938 
      108         1     3.1101   1.000012     0.000000    -0.623497     0.781841     0.623497    -0.781841     0.222524     0.974940 
      109         1     5.1553   1.000010    -0.000000     0.623496    -0.781840     0.623496    -0.781840    -0.222523    -0.974938 
      110         1     5.2035   1.000010     0.000000     0.623496    -0.781839    -0.623496     0.781839     0.222523     0.974938 
      111         1     5.3353   1.000015    -0.000000    -0.623499     0.781843    -0.623499     0.781843    -0.222524    -0.974942 
      112         1     5.5872   1.000012    -0.000000    -0.623498     0.781841     0.623498    -0.781841     0.222524     0.974940 
      113         1     6.2712   1.000013     0.000000     0.623498    -0.781842    -0.623498     0.781842     0.222524     0.974941 
      114         1     6.6142   1.000017    -0.000000    -0.623500     0.781845    -0.623500     0.781845    -0.222525    -0.974944 
      115         1     6.8543   1.000013    -0.000000    -0.623498     0.781842     0.623498    -0.781842     0.222524     0.974941 
      116         1     7.0643   1.000014     0.000000     0.623499    -0.781843     0.623499    -0.781843    -0.222524    -0.974942 
      117         1     7.1844   1.000011    -0.000000    -0.623497     0.781840    -0.623497     0.781840    -0.222523    -0.974939 
      118         1     7.6439   1.000016    -0.000000    -0.623500     0.781844     0.623500    -0.781844     0.222525     0.974944 
      119         1     7.6521   1.000010    -0.000000     0.623496    -0.781839    -0.623496     0.781839     0.222523     0.974938 
      120         1     7.7834   1.000015    -0.000000     0.623499    -0.781843    -0.623499     0.781843     0.222524     0.974942 
      121         1     7.9195   1.000016     0.000000     0.623500    -0.781844     0.623500    -0.781844    -0.222524    -0.974943 
      122         1     8.0823   1.000009     0.000000    -0.623495     0.781838    -0.623495     0.781838    -0.222523    -0.974936 
      123         1     8.3327   1.000013    -0.000000    -0.623498     0.781842     0.623498    -0.781842     0.222524     0.974941 
      124         1     8.4293   1.000016     0.000000     0.623500    -0.781844     0.623500    -0.781844    -0.222525    -0.974944 
      125         1     8.9372   1.000012    -0.000000    -0.623497     0.781841    -0.623497     0.781841    -0.222524    -0.974939 
      126         1     8.9889   1.000011     0.000000     0.623497    -0.781840    -0.623497     0.781840     0.222523     0.974939 
      127         1     9.0963   1.000014     0.000000    -0.623499     0.781842     0.623499    -0.781842     0.222524     0.974942 
      128         1     9.2822   1.000017    -0.000000     0.623500    -0.781844     0.623500    -0.781844    -0.222525    -0.974944 
      129         1     9.4885   1.000015    -0.000000     0.623499    -0.781843     0.623499    -0.781843    -0.222524    -0.974943 
      130         1     9.7752   1.000015     0.000000    -0.623499     0.781843     0.623499    -0.781843     0.222524     0.974943 
      131         1    10.1010   1.000017    -0.000000     0.623501    -0.781845     0.623501    -0.781845    -0.222525    -0.974945 
      132         1    10.1013   1.000013     0.000000     0.623498    -0.781841    -0.623498     0.781841     0.222524     0.974940 
      133         1    10.1120   1.000015     0.000000    -0.623499     0.781843    -0.623499     0.781843    -0.222524    -0.974942 
      134         1    10.3138   1.000015     0.000000    -0.623499     0.781843     0.623499    -0.781843     0.222524     0.974942 
      135         1    10.4439   1.000019     0.000000    -0.623502     0.781846    -0.623502     0.781846    -0.222525    -0.974946 
      136         1    10.4625   1.000015     0.000000    -0.623499     0.781843     0.623499    -0.781843     0.222524     0.974942 
      137         1    10.5157   1.000016     0.000000     0.623499    -0.781843    -0.623499     0.781843     0.222524     0.974943 
      138         1    10.5993   1.000015    -0.000000     0.623499    -0.781843     0.623499    -0.781843    -0.222524    -0.974942 
      139         1    10.6291   1.000017     0.000000    -0.623499     0.781843    -0.623497     0.781840    -0.222524    -0.974941 
      140         1    10.9673   1.000027    -0.000000     0.619579    -0.776928    -0.617104     0.773824     0.221629     0.971021 
      141         1    11.1318   1.000022    -0.000000     0.053300    -0.066836     0.622562    -0.780668    -0.018930    -0.082938 
4 
 1  2  3  4 
        1         2   -25.4553   2.000070    -0.000000    -1.247019     1.563712    -0.000000     0.000002    -0.000001    -0.000001 
        3         2   -25.4522   2.000061    -0.000000     1.247013    -1.563705     0.000001    -0.000004    -0.000002    -0.000003 
        5         2   -25.4412   2.000080    -0.000000    -1.246881     1.563540     0.000000    -0.000002     0.000009     0.000011 
        7         2   -25.4409   2.000072     0.000000     1.246877    -1.563534     0.000001    -0.000004    -0.000001    -0.000001 
        9         2   -25.4120   2.000073    -0.000000     1.246599    -1.563185    -0.000006     0.000024    -0.000004    -0.000005 
       11         2   -25.4118   2.000076     0.000000    -1.246600     1.563187     0.000007    -0.000029    -0.000002    -0.000003 
       13         2   -25.3894   2.000092     0.000000    -1.246909     1.563574     0.000002    -0.000007     0.000004     0.000005 
       15         2   -25.3890   2.000099    -0.000000     1.246913    -1.563580     0.000004    -0.000019    -0.000011    -0.000014 
       17         2   -25.3841   2.000077    -0.000000     1.246929    -1.563599     0.000001    -0.000006    -0.000006    -0.000007 
       19         2   -25.3837   2.000077     0.000000    -1.246929     1.563599    -0.000003     0.000011    -0.000005    -0.000007 
       21         1   -12.4619   1.000012     0.000000     0.623497    -0.781841    -0.222524     0.974940     0.623497     0.781841 
       22         1   -12.4494   1.000013    -0.000000     0.623498    -0.781842     0.222524    -0.974941    -0.623498    -0.781842 
       23         1   -11.9555   1.000011     0.000000    -0.623497     0.781840     0.222523    -0.974939     0.623497     0.781840 
       24         1   -11.8273   1.000013     0.000000    -0.623498     0.781841    -0.222524     0.974940    -0.623498    -0.781841 
       25         1   -11.3440   1.000013     0.000000     0.623498    -0.781841     0.222524    -0.974940    -0.623498    -0.781841 
       26         1   -11.3072   1.000014    -0.000000    -0.623498     0.781842    -0.222524     0.974941    -0.623498    -0.781842 
       27         1   -11.2864   1.000011    -0.000000    -0.623497     0.781840     0.222523    -0.974939     0.623497     0.781840 
       28         1   -11.2695   1.000013     0.000000     0.623498    -0.781841    -0.222524     0.974940     0.623498     0.781841 
       29         1   -11.1135   1.000014    -0.000000     0.623499    -0.781842    -0.222524     0.974942     0.623499     0.781842 
       30         1   -10.9761   1.000011    -0.000000    -0.623497     0.781840     0.222523    -0.974939     0.623497     0.781840 
       31         1   -10.9351   1.000014     0.000000    -0.623499     0.781843    -0.222524     0.974942    -0.623499    -0.781843 
       32         1   -10.8470   1.000013     0.000000     0.623498    -0.781842     0.222524    -0.974941    -0.623498    -0.781842 
       33         1    -6.1679   1.000015    -0.000000    -0.623499     0.781843     0.222524    -0.974943     0.623499     0.781843 
       34         1    -6.1587   1.000014    -0.000000    -0.623498     0.781842    -0.222524     0.974941    -0.623498    -0.781842 
       35         1    -5.4764   1.000009    -0.000000     0.623496    -0.781839     0.222523    -0.974937    -0.623496    -0.781839 
       36         1    -5.4127   1.000012     0.000000     0.623497    -0.781841    -0.222524     0.974940     0.623497     0.781841 
       37         1    -2.5826   1.000013    -0.000000     0.623498    -0.781841    -0.222524     0.974940     0.623498     0.781841 
       38         1    -2.4186   1.000014    -0.000000    -0.623498     0.781842     0.222524    -0.974941     0.623498     0.781842 
       39         1    -2.4157   1.000014     0.000000    -0.623499     0.781843    -0.222524     0.974942    -0.623499    -0.781843 
       40         1    -2.3061   1.000018     0.000000     0.623501    -0.781846     0.222525    -0.974945    -0.623501    -0.781846 
       41         1    -2.1832   1.000017    -0.000000    -0.623500     0.781845    -0.222525     0.974944    -0.623500    -0.781845 
       42         1    -2.1296   1.000011    -0.000000    -0.623496     0.781840     0.222523    -0.974938     0.623496     0.781840 
       43         1    -2.0476   1.000007     0.000000     0.623494    -0.781837     0.222522    -0.974934    -0.623494    -0.781837 
       44         1    -1.7429   1.000011     0.000000    -0.623497     0.781840    -0.222523     0.974939    -0.623497    -0.781840 
       45         1    -1.6909   1.000010     0.000000     0.623496    -0.781839    -0.222523     0.974938     0.623496     0.781839 
       46         1    -1.5592   1.000007     0.000000    -0.623494     0.781837     0.222522    -0.974934     0.623494     0.781837 
       47         1    -1.5142   1.000010    -0.000000     0.623496    -0.781839     0.222523    -0.974938    -0.623496    -0.781839 
       48         1    -1.2907   1.000006     0.000000    -0.623493     0.781836     0.222522    -0.974934     0.623493     0.781836 
       49         1    -1.2703   1.000008     0.000000     0.623495    -0.781838    -0.222523     0.974936     0.623495     0.781838 
       50         1    -1.0615   1.000009     0.000000    -0.623496     0.781839    -0.222523     0.974937    -0.623496    -0.781839 
       51         1    -1.0356   1.000009    -0.000000     0.623495    -0.781839    -0.222523     0.974937     0.623495     0.781839 
       52         1    -0.9777   1.000009    -0.000000     0.623495    -0.781838     0.222523    -0.974936    -0.623495    -0.781838 
       53         1    -0.9075   1.000014     0.000000    -0.623498     0.781842    -0.222524     0.974941    -0.623498    -0.781842 
       54         1    -0.8147   1.000013    -0.000000     0.623498    -0.781842     0.222524    -0.974941    -0.623498    -0.781842 
       55         1    -0.7554   1.000014    -0.000000    -0.623498     0.781842     0.222524    -0.974941     0.623498     0.781842 
       56         1    -0.6347   1.000012    -0.000000     0.623497    -0.781841    -0.222524     0.974940     0.623497     0.781841 
       57         1    -0.6332   1.000017    -0.000000    -0.623500     0.781845     0.222525    -0.974944     0.623500     0.781845 
       58         1    -0.6191   1.000014    -0.000000    -0.623498     0.781842    -0.222524     0.974941    -0.623498    -0.781842 
       59         1    -0.6175   1.000014    -0.000000     0.623498    -0.781842     0.222524    -0.974941    -0.623498    -0.781842 
       60         1    -0.5915   1.000014     0.000000     0.623498    -0.781842    -0.222524     0.974941     0.623498     0.781842 
       61         1    -0.5587   1.000012     0.000000    -0.623497     0.781841     0.222524    -0.974940     0.623497     0.781841 
       62         1    -0.5432   1.000009     0.000000     0.623496    -0.781839    -0.222523     0.974937     0.623496     0.781839 
       63         1    -0.5154   1.000012    -0.000000    -0.623497     0.781840    -0.222523     0.974938    -0.623497    -0.781841 
       64         1    -0.5148   1.000012    -0.000000     0.623496    -0.781840     0.222523    -0.974938    -0.623497    -0.781841 
       65         1    -0.4969   1.000015     0.000000    -0.623499     0.781843     0.222524    -0.974942     0.623499     0.781843 
       66         1    -0.4287   1.000015    -0.000000    -0.623499     0.781843    -0.222524     0.974942    -0.623499    -0.781843 
       67         1    -0.4218   1.000014    -0.000000     0.623498    -0.781842    -0.222524     0.974941     0.623498     0.781842 
       68         1    -0.3566   1.000017     0.000000     0.623500    -0.781844     0.222525    -0.974944    -0.623500    -0.781844 
       69         1     0.4482   1.000018     0.000000     0.623501    -0.781845    -0.222525     0.974945     0.623501     0.781845 
       70         1     0.4901   1.000031    -0.000000    -0.623509     0.781855     0.222528    -0.974958     0.623509     0.781855 
       71         1     0.5562   1.000024     0.000000    -0.623504     0.781850    -0.222526     0.974951    -0.623504    -0.781850 
       72         1     0.5684   1.000024     0.000000     0.623505    -0.781850     0.222526    -0.974951    -0.623505    -0.781850 
       73         1     0.5842   1.000026    -0.000000    -0.623506     0.781851     0.222527    -0.974953     0.623506     0.781851 
       74         1     0.6153   1.000029    -0.000000    -0.623507     0.781853     0.222527    -0.974955     0.623507     0.781854 
       75         1     0.6156   1.000031    -0.000000     0.623508    -0.781854    -0.222527     0.974953     0.623507     0.781853 
       76         1     0.6161   1.000031    -0.000000     0.623509    -0.781856     0.222527    -0.974956    -0.623507    -0.781854 
       77         1     0.6323   1.000023     0.000000    -0.623504     0.781850    -0.222526     0.974951    -0.623504    -0.781850 
       78         1     0.6465   1.000028    -0.000000     0.623507    -0.781854    -0.222527     0.974955     0.623507     0.781854 
       79         1     0.6576   1.000028     0.000000    -0.623507     0.781853    -0.222527     0.974955    -0.623507    -0.781853 
       80         1     0.6657   1.000025    -0.000000     0.623505    -0.781851     0.222526    -0.974952    -0.623505    -0.781851 
       81         1     0.6694   1.000031     0.000000     0.623509    -0.781855    -0.222528     0.974958     0.623509     0.781855 
       82         1     0.6735   1.000024     0.000000    -0.623505     0.781850     0.222526    -0.974951     0.623505     0.781850 
       83         1     0.7037   1.000024     0.000000     0.623505    -0.781850     0.222526    -0.974951    -0.623505    -0.781850 
       84         1     0.7625   1.000021    -0.000000    -0.623503     0.781847    -0.222525     0.974948    -0.623503    -0.781847 
       85         1     0.8470   1.000021    -0.000000     0.623503    -0.781848    -0.222526     0.974948     0.623503     0.781848 
       86         1     0.8562   1.000018    -0.000000    -0.623501     0.781845    -0.222525     0.974945    -0.623501    -0.781845 
       87         1     0.9386   1.000023     0.000000     0.623504    -0.781849     0.222526    -0.974950    -0.623504    -0.781849 
       88         1     0.9701   1.000022     0.000000    -0.623503     0.781849     0.222526    -0.974949     0.623503     0.781849 
       89         1     1.2688   1.000017     0.000000    -0.623500     0.781845     0.222525    -0.974944     0.623500     0.781845 
       90         1     1.2714   1.000015     0.000000    -0.623499     0.781843    -0.222524     0.974942    -0.623499    -0.781843 
       91         1     1.3169   1.000015    -0.000000     0.623499    -0.781843     0.222524    -0.974943    -0.623499    -0.781843 
       92         1     1.3566   1.000023    -0.000000    -0.623504     0.781849    -0.222526     0.974950    -0.623504    -0.781849 
       93         1     1.4257   1.000015    -0.000000     0.623499    -0.781843    -0.222524     0.974943     0.623499     0.781843 
       94         1     1.4466   1.000023     0.000000     0.623504    -0.781849     0.222526    -0.974950    -0.623504    -0.781849 
       95         1     1.5750   1.000015     0.000000     0.623499    -0.781843     0.222524    -0.974942    -0.623499    -0.781843 
       96         1     1.5802   1.000021     0.000000    -0.623503     0.781848     0.222526    -0.974948     0.623503     0.781848 
       97         1     1.5972   1.000018     0.000000    -0.623501     0.781845    -0.222525     0.974945    -0.623501    -0.781845 
       98         1     1.7016   1.000017     0.000000     0.623500    -0.781844    -0.222525     0.974944     0.623500     0.781844 
       99         1     1.8697   1.000012     0.000000     0.623497    -0.781841    -0.222524     0.974940     0.623497     0.781841 
      100         1     1.9913   1.000015    -0.000000     0.623499    -0.781843     0.222524    -0.974942    -0.623499    -0.781843 
      101         1     2.0518   1.000014     0.000000    -0.623498     0.781842     0.222524    -0.974941     0.623498     0.781842 
      102         1     2.1309   1.000015    -0.000000    -0.623499     0.781843    -0.222524     0.974942    -0.623499    -0.781843 
      103         1     2.5237   1.000010    -0.000000    -0.623496     0.781839     0.222523    -0.974937     0.623496     0.781839 
      104         1     2.5497   1.000012    -0.000000    -0.623497     0.781841    -0.222524     0.974940    -0.623497    -0.781841 
      105         1     2.6240   1.000010    -0.000000     0.623496    -0.781839    -0.222523     0.974938     0.623496     0.781839 
      106         1     2.6324   1.000016    -0.000000     0.623500    -0.781844     0.222525    -0.974944    -0.623500    -0.781844 
      107         1     2.7814   1.000012    -0.000000     0.623497    -0.781841    -0.222524     0.974939     0.623497     0.781841 
      108         1     3.0772   1.000013    -0.000000    -0.623498     0.781841     0.222524    -0.974940     0.623498     0.781841 
      109         1     4.9852   1.000016    -0.000000     0.623500    -0.781844     0.222525    -0.974944    -0.623500    -0.781844 
      110         1     5.1749   1.000013    -0.000000     0.623498    -0.781842    -0.222524     0.974941     0.623498     0.781842 
      111         1     5.2590   1.000013     0.000000    -0.623498     0.781842    -0.222524     0.974941    -0.623498    -0.781842 
      112         1     5.4941   1.000012    -0.000000    -0.623497     0.781841     0.222524    -0.974939     0.623497     0.781841 
      113         1     6.2056   1.000012     0.000000     0.623497    -0.781841    -0.222524     0.974939     0.623497     0.781841 
      114         1     6.4977   1.000013     0.000000    -0.623498     0.781841    -0.222524     0.974940    -0.623498    -0.781841 
      115         1     6.5993   1.000010     0.000000    -0.623496     0.781839     0.222523    -0.974938     0.623496     0.781839 
      116         1     6.9612   1.000014     0.000000     0.623499    -0.781843     0.222524    -0.974942    -0.623499    -0.781843 
      117         1     7.2312   1.000013     0.000000    -0.623498     0.781841    -0.222524     0.974940    -0.623498    -0.781841 
      118         1     7.2494   1.000012    -0.000000    -0.623497     0.781841     0.222524    -0.974939     0.623497     0.781841 
      119         1     7.5143   1.000012    -0.000000     0.623498    -0.781841    -0.222524     0.974940     0.623498     0.781841 
      120         1     7.5676   1.000014     0.000000     0.623498    -0.781842     0.222524    -0.974941    -0.623498    -0.781842 
      121         1     7.8089   1.000013    -0.000000     0.623498    -0.781841    -0.222524     0.974940     0.623498     0.781841 
      122         1     8.1333   1.000017     0.000000    -0.623501     0.781845    -0.222525     0.974945    -0.623501    -0.781845 
      123         1     8.1597   1.000011     0.000000     0.623497    -0.781840     0.222523    -0.974939    -0.623497    -0.781840 
      124         1     8.1690   1.000014    -0.000000    -0.623498     0.781842     0.222524    -0.974941     0.623498     0.781842 
      125         1     8.6106   1.000016    -0.000000     0.623500    -0.781844    -0.222525     0.974944     0.623500     0.781844 
      126         1     8.6875   1.000017    -0.000000    -0.623501     0.781845    -0.222525     0.974945    -0.623501    -0.781845 
      127         1     9.0819   1.000015     0.000000    -0.623499     0.781843     0.222524    -0.974942     0.623499     0.781843 
      128         1     9.1611   1.000012    -0.000000     0.623497    -0.781841     0.222524    -0.974939    -0.623497    -0.781841 
      129         1     9.3215   1.000017     0.000000    -0.623500     0.781845     0.222525    -0.974944     0.623500     0.781845 
      130         1     9.5364   1.000013     0.000000     0.623498    -0.781842     0.222524    -0.974941    -0.623498    -0.781842 
      131         1     9.8504   1.000013     0.000000     0.623498    -0.781842    -0.222524     0.974941     0.623498     0.781842 
      132         1     9.9962   1.000017     0.000000    -0.623500     0.781844     0.222525    -0.974944     0.623500     0.781844 
      133         1    10.1704   1.000014     0.000000    -0.623499     0.781842    -0.222524     0.974942    -0.623499    -0.781842 
      134         1    10.2853   1.000011    -0.000000     0.623496    -0.781840     0.222523    -0.974938    -0.623496    -0.781840 
      135         1    10.3442   1.000016    -0.000000     0.623500    -0.781844    -0.222524     0.974943     0.623500     0.781844 
      136         1    10.4379   1.000012    -0.000000    -0.623498     0.781841    -0.222524     0.974940    -0.623498    -0.781841 
      137         1    10.6056   1.000016     0.000000    -0.623500     0.781844    -0.222524     0.974943    -0.623499    -0.781843 
      138         1    10.6076   1.000013    -0.000000     0.623498    -0.781841     0.222524    -0.974940    -0.623498    -0.781841 
      139         1    10.9669   1.000014    -0.000000    -0.623465     0.781800     0.222516    -0.974907     0.623487     0.781828 
      140         1    11.0344   1.000025     0.000000     0.621406    -0.779218    -0.221735     0.971483     0.623386     0.781702 
      141         1    11.2016   1.000024    -0.000000     0.600010    -0.752389     0.221988    -0.972593    -0.598505    -0.750502 
4 
 1  2  3  4 
        1         2   -25.4553   2.000067    -0.000000    -1.247018     1.563711     0.000001     0.000005    -0.000004    -0.000002 
        3         2   -25.4522   2.000068    -0.000000     1.247018    -1.563711    -0.000001    -0.000004    -0.000004    -0.000002 
        5         2   -25.4412   2.000088     0.000000    -1.246883     1.563541    -0.000001    -0.000004     0.000010     0.000005 
        7         2   -25.4409   2.000075     0.000000     1.246875    -1.563531    -0.000000    -0.000002     0.000002     0.000001 
        9         2   -25.4120   2.000071     0.000000     1.246648    -1.563247    -0.000001    -0.000004    -0.000031    -0.000015 
       11         2   -25.4118   2.000071     0.000000    -1.246648     1.563247     0.000001     0.000007     0.000021     0.000010 
       13         2   -25.3894   2.000108     0.000000    -1.246918     1.563585    -0.000002    -0.000008     0.000000     0.000000 
       15         2   -25.3890   2.000075    -0.000000     1.246897    -1.563560    -0.000001    -0.000003    -0.000003    -0.000002 
       17         2   -25.3841   2.000064    -0.000000     1.246920    -1.563589    -0.000001    -0.000003    -0.000005    -0.000002 
       19         2   -25.3837   2.000076     0.000000    -1.246928     1.563598     0.000005     0.000022    -0.000013    -0.000006 
       21         1   -12.5547   1.000012    -0.000000     0.623497    -0.781841     0.222524     0.974939     0.900979     0.433889 
       22         1   -12.4242   1.000013    -0.000000     0.623498    -0.781841    -0.222524    -0.974940    -0.900980    -0.433889 
       23         1   -11.9270   1.000013     0.000000    -0.623498     0.781842    -0.222524    -0.974940     0.900980     0.433889 
       24         1   -11.8093   1.000016    -0.000000    -0.623500     0.781844     0.222524     0.974943    -0.900983    -0.433890 
       25         1   -11.3542   1.000012    -0.000000    -0.623497     0.781841    -0.222524    -0.974940     0.900980     0.433889 
       26         1   -11.2926   1.000015    -0.000000     0.623499    -0.781843    -0.222524    -0.974942    -0.900982    -0.433890 
       27         1   -11.2746   1.000012     0.000000    -0.623498     0.781841     0.222524     0.974940    -0.900980    -0.433889 
       28         1   -11.2008   1.000014    -0.000000     0.623499    -0.781843     0.222524     0.974942     0.900982     0.433890 
       29         1   -11.0673   1.000015    -0.000000     0.623499    -0.781843     0.222524     0.974943     0.900983     0.433890 
       30         1   -10.9925   1.000014    -0.000000    -0.623498     0.781842    -0.222524    -0.974941     0.900981     0.433890 
       31         1   -10.9397   1.000013     0.000000    -0.623498     0.781841     0.222524     0.974940    -0.900980    -0.433889 
       32         1   -10.8965   1.000016    -0.000000     0.623500    -0.781844    -0.222524    -0.974943    -0.900983    -0.433891 
       33         1    -6.1882   1.000013     0.000000    -0.623498     0.781842     0.222524     0.974941    -0.900981    -0.433890 
       34         1    -6.1618   1.000016    -0.000000    -0.623500     0.781844    -0.222524    -0.974943     0.900983     0.433891 
       35         1    -5.5399   1.000015     0.000000     0.623499    -0.781843     0.222524     0.974942     0.900982     0.433890 
       36         1    -5.4791   1.000011     0.000000     0.623497    -0.781840    -0.222523    -0.974939    -0.900979    -0.433889 
       37         1    -2.6770   1.000017    -0.000000     0.623500    -0.781845     0.222525     0.974944     0.900984     0.433891 
       38         1    -2.6095   1.000011     0.000000    -0.623497     0.781840     0.222523     0.974938    -0.900979    -0.433888 
       39         1    -2.4470   1.000014    -0.000000     0.623499    -0.781843    -0.222524    -0.974942    -0.900982    -0.433890 
       40         1    -2.3803   1.000011    -0.000000    -0.623496     0.781840    -0.222523    -0.974938     0.900978     0.433888 
       41         1    -2.2561   1.000011    -0.000000    -0.623497     0.781840     0.222523     0.974939    -0.900979    -0.433889 
       42         1    -2.0772   1.000016    -0.000000     0.623500    -0.781844    -0.222524    -0.974943    -0.900983    -0.433891 
       43         1    -2.0384   1.000013    -0.000000    -0.623498     0.781841    -0.222524    -0.974940     0.900980     0.433889 
       44         1    -1.7378   1.000008     0.000000    -0.623495     0.781838    -0.222523    -0.974936     0.900976     0.433887 
       45         1    -1.5799   1.000013    -0.000000     0.623498    -0.781842    -0.222524    -0.974941    -0.900981    -0.433890 
       46         1    -1.4665   1.000009    -0.000000     0.623495    -0.781838     0.222523     0.974936     0.900976     0.433887 
       47         1    -1.4649   1.000009    -0.000000    -0.623495     0.781839     0.222523     0.974937    -0.900977    -0.433888 
       48         1    -1.2722   1.000009     0.000000     0.623495    -0.781839     0.222523     0.974937     0.900977     0.433888 
       49         1    -1.1348   1.000010    -0.000000    -0.623496     0.781839    -0.222523    -0.974938     0.900978     0.433888 
       50         1    -1.0807   1.000009     0.000000    -0.623495     0.781838     0.222523     0.974936    -0.900977    -0.433887 
       51         1    -1.0542   1.000013     0.000000     0.623498    -0.781841     0.222524     0.974940     0.900980     0.433889 
       52         1    -0.9665   1.000009    -0.000000     0.623495    -0.781838    -0.222523    -0.974937    -0.900977    -0.433888 
       53         1    -0.8059   1.000013    -0.000000    -0.623498     0.781842     0.222524     0.974940    -0.900980    -0.433889 
       54         1    -0.7421   1.000009    -0.000000     0.623496    -0.781839     0.222523     0.974937     0.900977     0.433888 
       55         1    -0.6812   1.000016     0.000000    -0.623500     0.781844    -0.222524    -0.974943     0.900983     0.433891 
       56         1    -0.6582   1.000012     0.000000     0.623497    -0.781841    -0.222524    -0.974940    -0.900980    -0.433889 
       57         1    -0.6565   1.000013    -0.000000    -0.623498     0.781842     0.222524     0.974940    -0.900981    -0.433889 
       58         1    -0.6279   1.000016    -0.000000     0.623500    -0.781844    -0.222524    -0.974943    -0.900983    -0.433891 
       59         1    -0.6214   1.000014    -0.000000    -0.623498     0.781842    -0.222524    -0.974941     0.900981     0.433890 
       60         1    -0.6122   1.000013    -0.000000     0.623497    -0.781841     0.222524     0.974940     0.900980     0.433889 
       61         1    -0.5827   1.000012    -0.000000    -0.623497     0.781841     0.222524     0.974940    -0.900980    -0.433889 
       62         1    -0.5598   1.000014    -0.000000     0.623498    -0.781842     0.222524     0.974941     0.900981     0.433890 
       63         1    -0.5344   1.000015     0.000000    -0.623499     0.781843    -0.222524    -0.974943     0.900982     0.433890 
       64         1    -0.4892   1.000013    -0.000000    -0.623498     0.781842    -0.222524    -0.974940     0.900980     0.433889 
       65         1    -0.4576   1.000015    -0.000000     0.623499    -0.781843    -0.222524    -0.974943    -0.900983    -0.433890 
       66         1    -0.4419   1.000014     0.000000    -0.623498     0.781842     0.222524     0.974941    -0.900981    -0.433890 
       67         1    -0.4085   1.000014     0.000000     0.623498    -0.781842     0.222524     0.974941     0.900981     0.433890 
       68         1    -0.3478   1.000018    -0.000000     0.623501    -0.781845    -0.222525    -0.974945    -0.900985    -0.433891 
       69         1     0.4331   1.000019    -0.000000     0.623501    -0.781846     0.222525     0.974946     0.900986     0.433892 
       70         1     0.4468   1.000025    -0.000000    -0.623505     0.781851    -0.222527    -0.974952     0.900991     0.433895 
       71         1     0.5577   1.000026    -0.000000    -0.623506     0.781852     0.222527     0.974953    -0.900992    -0.433895 
       72         1     0.5686   1.000028    -0.000000     0.623507    -0.781853    -0.222527    -0.974954    -0.900993    -0.433895 
       73         1     0.6027   1.000025    -0.000000    -0.623505     0.781851     0.222526     0.974952    -0.900991    -0.433894 
       74         1     0.6029   1.000033     0.000000     0.623510    -0.781857     0.222528     0.974960     0.900999     0.433898 
       75         1     0.6072   1.000027     0.000000    -0.623506     0.781852    -0.222527    -0.974954     0.900993     0.433895 
       76         1     0.6125   1.000021     0.000000     0.623503    -0.781848     0.222526     0.974949     0.900988     0.433893 
       77         1     0.6279   1.000029    -0.000000    -0.623508     0.781854    -0.222527    -0.974956     0.900995     0.433896 
       78         1     0.6326   1.000033    -0.000000     0.623510    -0.781857    -0.222528    -0.974960    -0.900998    -0.433898 
       79         1     0.6459   1.000031     0.000000    -0.623509     0.781856     0.222528     0.974958    -0.900997    -0.433897 
       80         1     0.6688   1.000030    -0.000000     0.623509    -0.781855    -0.222528    -0.974957    -0.900996    -0.433897 
       81         1     0.6730   1.000026     0.000000     0.623506    -0.781851     0.222527     0.974953     0.900992     0.433895 
       82         1     0.6899   1.000030    -0.000000     0.623508    -0.781855    -0.222528    -0.974957    -0.900996    -0.433897 
       83         1     0.7177   1.000023    -0.000000    -0.623504     0.781849     0.222526     0.974950    -0.900989    -0.433893 
       84         1     0.7432   1.000027    -0.000000    -0.623506     0.781852    -0.222527    -0.974954     0.900993     0.433895 
       85         1     0.8485   1.000028     0.000000     0.623507    -0.781853    -0.222527    -0.974955    -0.900993    -0.433896 
       86         1     0.9307   1.000022    -0.000000    -0.623503     0.781848     0.222526     0.974949    -0.900988    -0.433893 
       87         1     0.9474   1.000017     0.000000    -0.623500     0.781845    -0.222525    -0.974944     0.900984     0.433891 
       88         1     0.9516   1.000018    -0.000000     0.623501    -0.781845     0.222525     0.974945     0.900985     0.433891 
       89         1     1.1390   1.000018    -0.000000    -0.623501     0.781845     0.222525     0.974945    -0.900984    -0.433891 
       90         1     1.2726   1.000013     0.000000    -0.623498     0.781841    -0.222524    -0.974940     0.900980     0.433889 
       91         1     1.2995   1.000017     0.000000     0.623500    -0.781845    -0.222525    -0.974944    -0.900984    -0.433891 
       92         1     1.3343   1.000017     0.000000    -0.623500     0.781844     0.222525     0.974944    -0.900984    -0.433891 
       93         1     1.3929   1.000017     0.000000     0.623500    -0.781844    -0.222525    -0.974944    -0.900984    -0.433891 
       94         1     1.5667   1.000019     0.000000     0.623501    -0.781846     0.222525     0.974946     0.900986     0.433892 
       95         1     1.5758   1.000018    -0.000000    -0.623501     0.781846    -0.222525    -0.974946     0.900985     0.433892 
       96         1     1.6942   1.000017    -0.000000     0.623500    -0.781845    -0.222525    -0.974944    -0.900984    -0.433891 
       97         1     1.7342   1.000017     0.000000    -0.623500     0.781845     0.222525     0.974944    -0.900984    -0.433891 
       98         1     1.7885   1.000016    -0.000000     0.623500    -0.781844     0.222524     0.974943     0.900983     0.433891 
       99         1     1.9748   1.000016    -0.000000    -0.623500     0.781844     0.222524     0.974943    -0.900983    -0.433891 
      100         1     2.1339   1.000016    -0.000000    -0.623500     0.781844    -0.222525    -0.974944     0.900984     0.433891 
      101         1     2.1381   1.000017     0.000000     0.623501    -0.781845     0.222525     0.974945     0.900984     0.433891 
      102         1     2.1446   1.000014    -0.000000     0.623499    -0.781843    -0.222524    -0.974942    -0.900982    -0.433890 
      103         1     2.5284   1.000011     0.000000     0.623497    -0.781840     0.222523     0.974939     0.900979     0.433889 
      104         1     2.5657   1.000007    -0.000000    -0.623494     0.781837     0.222523     0.974935    -0.900976    -0.433887 
      105         1     2.6816   1.000011     0.000000     0.623497    -0.781840    -0.222523    -0.974938    -0.900979    -0.433888 
      106         1     2.8253   1.000014    -0.000000    -0.623499     0.781842    -0.222524    -0.974942     0.900982     0.433890 
      107         1     2.8532   1.000012    -0.000000     0.623497    -0.781841     0.222524     0.974940     0.900980     0.433889 
      108         1     3.0833   1.000010     0.000000    -0.623496     0.781840    -0.222523    -0.974938     0.900978     0.433888 
      109         1     4.6672   1.000013    -0.000000     0.623498    -0.781842    -0.222524    -0.974941    -0.900981    -0.433889 
      110         1     5.1471   1.000012     0.000000     0.623497    -0.781841     0.222524     0.974939     0.900979     0.433889 
      111         1     5.2219   1.000011     0.000000    -0.623497     0.781840    -0.222523    -0.974939     0.900979     0.433889 
      112         1     5.2739   1.000018     0.000000    -0.623501     0.781846     0.222525     0.974946    -0.900985    -0.433892 
      113         1     6.2716   1.000012     0.000000    -0.623498     0.781841    -0.222524    -0.974940     0.900980     0.433889 
      114         1     6.4101   1.000012     0.000000     0.623497    -0.781841     0.222524     0.974939     0.900979     0.433889 
      115         1     6.5938   1.000013     0.000000    -0.623498     0.781842     0.222524     0.974941    -0.900981    -0.433889 
      116         1     6.6309   1.000009    -0.000000     0.623495    -0.781839    -0.222523    -0.974937    -0.900977    -0.433888 
      117         1     6.8301   1.000014     0.000000    -0.623498     0.781842    -0.222524    -0.974941     0.900981     0.433890 
      118         1     7.0701   1.000018    -0.000000    -0.623501     0.781845     0.222525     0.974945    -0.900985    -0.433891 
      119         1     7.3389   1.000013     0.000000     0.623498    -0.781842     0.222524     0.974941     0.900981     0.433890 
      120         1     7.3773   1.000013    -0.000000     0.623498    -0.781842    -0.222524    -0.974941    -0.900981    -0.433890 
      121         1     7.8797   1.000015    -0.000000     0.623499    -0.781844    -0.222524    -0.974943    -0.900983    -0.433890 
      122         1     7.9423   1.000017    -0.000000    -0.623500     0.781845    -0.222525    -0.974944     0.900984     0.433891 
      123         1     8.0847   1.000013     0.000000     0.623498    -0.781842     0.222524     0.974941     0.900981     0.433890 
      124         1     8.3896   1.000013     0.000000    -0.623498     0.781842     0.222524     0.974941    -0.900981    -0.433890 
      125         1     8.4464   1.000016     0.000000     0.623500    -0.781844     0.222524     0.974943     0.900983     0.433891 
      126         1     8.6820   1.000015    -0.000000    -0.623499     0.781844    -0.222524    -0.974943     0.900983     0.433890 
      127         1     8.7172   1.000013     0.000000    -0.623498     0.781841     0.222524     0.974940    -0.900980    -0.433889 
      128         1     9.0770   1.000017     0.000000     0.623500    -0.781845    -0.222525    -0.974945    -0.900984    -0.433891 
      129         1     9.2855   1.000015     0.000000     0.623499    -0.781843     0.222524     0.974942     0.900982     0.433890 
      130         1     9.3017   1.000010     0.000000    -0.623496     0.781839    -0.222523    -0.974937     0.900978     0.433888 
      131         1     9.7129   1.000016     0.000000     0.623499    -0.781844    -0.222524    -0.974943    -0.900983    -0.433890 
      132         1     9.8373   1.000018    -0.000000    -0.623501     0.781845     0.222525     0.974945    -0.900985    -0.433891 
      133         1    10.1047   1.000017    -0.000000    -0.623500     0.781845    -0.222525    -0.974945     0.900984     0.433891 
      134         1    10.1702   1.000016    -0.000000     0.623500    -0.781844     0.222525     0.974944     0.900984     0.433891 
      135         1    10.2882   1.000015    -0.000000    -0.623499     0.781843     0.222524     0.974943    -0.900982    -0.433890 
      136         1    10.3482   1.000012     0.000000     0.623498    -0.781841    -0.222524    -0.974940    -0.900980    -0.433889 
      137         1    10.4480   1.000015     0.000000    -0.623499     0.781843     0.222524     0.974943    -0.900983    -0.433890 
      138         1    10.9583   1.000011    -0.000000     0.623497    -0.781840     0.222519     0.974918     0.900960     0.433879 
      139         1    10.9836   1.000013    -0.000000     0.623497    -0.781841    -0.222521    -0.974927    -0.900968    -0.433884 
      140         1    11.0949   1.000018     0.000000    -0.622831     0.781005    -0.222426    -0.974512     0.900417     0.433618 
      141         1    11.3614   1.000030    -0.000000     0.623303    -0.781597     0.067404     0.295316     0.272817     0.131382 
4 
 1  2  3  4 
        1         2   -25.4553   2.000063    -0.000000    -1.247015     1.563708     0.000003     0.000004    -0.000005    -0.000000 
        3         2   -25.4522   2.000069     0.000000     1.247018    -1.563711    -0.000008    -0.000010    -0.000012    -0.000000 
        5         2   -25.4412   2.000079     0.000000    -1.246881     1.563540    -0.000003    -0.000003    -0.000002    -0.000000 
        7         2   -25.4409   2.000077     0.000000     1.246881    -1.563539     0.000003     0.000003     0.000011    -0.000000 
        9         2   -25.4120   2.000066     0.000000     1.246673    -1.563278     0.000000     0.000000    -0.000050    -0.000000 
       11         2   -25.4118   2.000071    -0.000000    -1.246675     1.563281    -0.000004    -0.000005     0.000039     0.000000 
       13         2   -25.3894   2.000088     0.000000    -1.246908     1.563574    -0.000002    -0.000003     0.000000    -0.000000 
       15         2   -25.3890   2.000088     0.000000     1.246908    -1.563574    -0.000008    -0.000010    -0.000016    -0.000000 
       17         2   -25.3841   2.000072     0.000000     1.246924    -1.563593    -0.000001    -0.000002    -0.000010     0.000000 
       19         2   -25.3837   2.000064     0.000000    -1.246919     1.563587     0.000000     0.000000     0.000005     0.000000 
       21         1   -12.6452   1.000011    -0.000000     0.623496    -0.781840     0.623496     0.781840     1.000011    -0.000000 
       22         1   -12.4400   1.000014     0.000000     0.623499    -0.781843    -0.623499    -0.781843    -1.000014    -0.000000 
       23         1   -11.9142   1.000015    -0.000000    -0.623499     0.781843    -0.623499    -0.781843     1.000015    -0.000000 
       24         1   -11.8245   1.000014     0.000000    -0.623498     0.781842     0.623498     0.781842    -1.000014    -0.000000 
       25         1   -11.4069   1.000010     0.000000    -0.623496     0.781839    -0.623496    -0.781839     1.000010     0.000000 
       26         1   -11.2865   1.000013    -0.000000    -0.623498     0.781842     0.623498     0.781842    -1.000013     0.000000 
       27         1   -11.1898   1.000013    -0.000000     0.623498    -0.781841    -0.623498    -0.781841    -1.000013     0.000000 
       28         1   -11.1490   1.000014     0.000000     0.623498    -0.781842     0.623498     0.781842     1.000014     0.000000 
       29         1   -10.9718   1.000015     0.000000    -0.623499     0.781843    -0.623499    -0.781843     1.000015    -0.000000 
       30         1   -10.9691   1.000012     0.000000     0.623497    -0.781840     0.623497     0.781840     1.000012     0.000000 
       31         1   -10.9578   1.000015    -0.000000     0.623499    -0.781843    -0.623499    -0.781843    -1.000015     0.000000 
       32         1   -10.8772   1.000015    -0.000000    -0.623499     0.781843     0.623499     0.781843    -1.000015     0.000000 
       33         1    -6.2176   1.000011    -0.000000    -0.623497     0.781840     0.623497     0.781840    -1.000011    -0.000000 
       34         1    -6.1611   1.000013     0.000000    -0.623498     0.781842    -0.623498    -0.781842     1.000013    -0.000000 
       35         1    -5.6634   1.000014     0.000000     0.623499    -0.781843     0.623499     0.781843     1.000014    -0.000000 
       36         1    -5.5188   1.000013     0.000000     0.623498    -0.781842    -0.623498    -0.781842    -1.000013    -0.000000 
       37         1    -2.7004   1.000012    -0.000000    -0.623497     0.781841     0.623497     0.781841    -1.000012     0.000000 
       38         1    -2.6788   1.000016     0.000000     0.623500    -0.781844     0.623500     0.781844     1.000016     0.000000 
       39         1    -2.5892   1.000011    -0.000000     0.623497    -0.781840    -0.623497    -0.781840    -1.000011     0.000000 
       40         1    -2.2948   1.000014     0.000000    -0.623499     0.781842    -0.623499    -0.781842     1.000014     0.000000 
       41         1    -2.2653   1.000011    -0.000000    -0.623497     0.781840     0.623497     0.781840    -1.000011     0.000000 
       42         1    -2.0903   1.000015    -0.000000    -0.623499     0.781843    -0.623499    -0.781843     1.000015    -0.000000 
       43         1    -2.0535   1.000014    -0.000000     0.623499    -0.781843    -0.623499    -0.781843    -1.000014    -0.000000 
       44         1    -1.7046   1.000008    -0.000000    -0.623495     0.781838    -0.623495    -0.781838     1.000008    -0.000000 
       45         1    -1.6673   1.000008    -0.000000     0.623495    -0.781838     0.623495     0.781838     1.000008    -0.000000 
       46         1    -1.5461   1.000018     0.000000     0.623501    -0.781846    -0.623501    -0.781846    -1.000018    -0.000000 
       47         1    -1.3771   1.000008    -0.000000    -0.623495     0.781838     0.623495     0.781838    -1.000008     0.000000 
       48         1    -1.1809   1.000010    -0.000000     0.623496    -0.781840     0.623496     0.781840     1.000010    -0.000000 
       49         1    -1.1771   1.000008    -0.000000    -0.623495     0.781837     0.623495     0.781837    -1.000008    -0.000000 
       50         1    -1.0907   1.000009    -0.000000    -0.623496     0.781839    -0.623496    -0.781839     1.000009    -0.000000 
       51         1    -0.9893   1.000009     0.000000     0.623496    -0.781839     0.623496     0.781839     1.000009     0.000000 
       52         1    -0.9771   1.000010     0.000000     0.623496    -0.781839    -0.623496    -0.781839    -1.000010     0.000000 
       53         1    -0.8758   1.000012     0.000000     0.623497    -0.781841     0.623497     0.781841     1.000012    -0.000000 
       54         1    -0.7809   1.000013    -0.000000    -0.623498     0.781841     0.623498     0.781841    -1.000013    -0.000000 
       55         1    -0.7211   1.000014    -0.000000    -0.623498     0.781842    -0.623498    -0.781842     1.000014     0.000000 
       56         1    -0.7146   1.000014    -0.000000     0.623498    -0.781842    -0.623498    -0.781842    -1.000014     0.000000 
       57         1    -0.6708   1.000013    -0.000000    -0.623498     0.781841     0.623498     0.781841    -1.000013     0.000000 
       58         1    -0.5973   1.000018     0.000000    -0.623501     0.781845    -0.623501    -0.781845     1.000017     0.000000 
       59         1    -0.5935   1.000014    -0.000000     0.623499    -0.781843     0.623499     0.781843     1.000014    -0.000000 
       60         1    -0.5784   1.000012     0.000000    -0.623497     0.781841     0.623497     0.781841    -1.000012     0.000000 
       61         1    -0.5707   1.000013    -0.000000     0.623498    -0.781841     0.623498     0.781841     1.000013    -0.000000 
       62         1    -0.5671   1.000015     0.000000     0.623499    -0.781843    -0.623499    -0.781843    -1.000015    -0.000000 
       63         1    -0.5254   1.000014    -0.000000    -0.623498     0.781842    -0.623498    -0.781842     1.000014    -0.000000 
       64         1    -0.4625   1.000013    -0.000000    -0.623498     0.781842    -0.623498    -0.781842     1.000013    -0.000000 
       65         1    -0.4486   1.000015    -0.000000    -0.623499     0.781843     0.623499     0.781843    -1.000015    -0.000000 
       66         1    -0.4190   1.000011     0.000000     0.623496    -0.781840    -0.623496    -0.781840    -1.000010    -0.000000 
       67         1    -0.4029   1.000017     0.000000     0.623500    -0.781844     0.623500     0.781844     1.000016     0.000000 
       68         1    -0.3260   1.000014     0.000000     0.623498    -0.781842    -0.623498    -0.781842    -1.000014    -0.000000 
       69         1     0.4118   1.000021     0.000000    -0.623502     0.781847    -0.623502    -0.781847     1.000020     0.000000 
       70         1     0.4899   1.000024    -0.000000     0.623504    -0.781850     0.623504     0.781850     1.000023    -0.000000 
       71         1     0.5279   1.000028     0.000000    -0.623507     0.781853     0.623507     0.781853    -1.000028     0.000000 
       72         1     0.5842   1.000026    -0.000000     0.623506    -0.781851    -0.623506    -0.781851    -1.000025     0.000000 
       73         1     0.5895   1.000026     0.000000     0.623506    -0.781851     0.623506     0.781851     1.000025     0.000000 
       74         1     0.6025   1.000030     0.000000     0.623508    -0.781855     0.623508     0.781855     1.000030    -0.000000 
       75         1     0.6078   1.000028    -0.000000    -0.623507     0.781853     0.623506     0.781852    -1.000027     0.000000 
       76         1     0.6082   1.000031     0.000000    -0.623509     0.781855    -0.623508    -0.781854     1.000029    -0.000000 
       77         1     0.6274   1.000025     0.000000    -0.623505     0.781851     0.623505     0.781850    -1.000025    -0.000000 
       78         1     0.6535   1.000030    -0.000000     0.623508    -0.781855    -0.623508    -0.781855    -1.000029     0.000000 
       79         1     0.6547   1.000026    -0.000000    -0.623506     0.781851    -0.623506    -0.781851     1.000025    -0.000000 
       80         1     0.6730   1.000027    -0.000000     0.623506    -0.781852    -0.623506    -0.781852    -1.000026    -0.000000 
       81         1     0.6885   1.000023    -0.000000    -0.623504     0.781849     0.623504     0.781849    -1.000023    -0.000000 
       82         1     0.7021   1.000025    -0.000000     0.623505    -0.781851    -0.623505    -0.781851    -1.000025     0.000000 
       83         1     0.7062   1.000027    -0.000000     0.623506    -0.781852     0.623506     0.781852     1.000026     0.000000 
       84         1     0.7301   1.000028     0.000000     0.623507    -0.781853    -0.623507    -0.781853    -1.000027     0.000000 
       85         1     0.8105   1.000022    -0.000000    -0.623504     0.781849    -0.623504    -0.781849     1.000022     0.000000 
       86         1     0.8935   1.000019    -0.000000    -0.623502     0.781847    -0.623502    -0.781847     1.000019    -0.000000 
       87         1     0.9054   1.000022    -0.000000    -0.623504     0.781849     0.623504     0.781849    -1.000022     0.000000 
       88         1     0.9541   1.000020     0.000000     0.623502    -0.781847     0.623502     0.781847     1.000020     0.000000 
       89         1     1.1611   1.000017    -0.000000    -0.623500     0.781845     0.623500     0.781844    -1.000017     0.000000 
       90         1     1.2634   1.000014     0.000000    -0.623498     0.781842    -0.623498    -0.781842     1.000014     0.000000 
       91         1     1.3274   1.000025    -0.000000     0.623505    -0.781851    -0.623506    -0.781851    -1.000025     0.000000 
       92         1     1.3633   1.000019    -0.000000    -0.623501     0.781846     0.623501     0.781846    -1.000018     0.000000 
       93         1     1.4504   1.000018    -0.000000     0.623501    -0.781845    -0.623501    -0.781845    -1.000018     0.000000 
       94         1     1.5874   1.000016     0.000000     0.623500    -0.781844     0.623500     0.781844     1.000016    -0.000000 
       95         1     1.6046   1.000018     0.000000    -0.623501     0.781846    -0.623501    -0.781846     1.000018     0.000000 
       96         1     1.6437   1.000019     0.000000    -0.623502     0.781846     0.623502     0.781846    -1.000019    -0.000000 
       97         1     1.6591   1.000016     0.000000     0.623500    -0.781844    -0.623500    -0.781844    -1.000016    -0.000000 
       98         1     1.9120   1.000017     0.000000     0.623500    -0.781845     0.623500     0.781845     1.000017    -0.000000 
       99         1     2.0476   1.000016    -0.000000    -0.623499     0.781844    -0.623499    -0.781844     1.000015    -0.000000 
      100         1     2.0545   1.000013     0.000000    -0.623498     0.781841     0.623498     0.781841    -1.000013    -0.000000 
      101         1     2.3655   1.000017    -0.000000     0.623500    -0.781845     0.623500     0.781845     1.000017    -0.000000 
      102         1     2.3679   1.000012     0.000000     0.623497    -0.781841    -0.623497    -0.781841    -1.000012    -0.000000 
      103         1     2.4859   1.000015     0.000000     0.623499    -0.781843     0.623499     0.781843     1.000015    -0.000000 
      104         1     2.6545   1.000010     0.000000     0.623496    -0.781839    -0.623496    -0.781839    -1.000010    -0.000000 
      105         1     2.7355   1.000012     0.000000    -0.623497     0.781841     0.623497     0.781841    -1.000012    -0.000000 
      106         1     2.9008   1.000011    -0.000000     0.623497    -0.781840     0.623497     0.781840     1.000011    -0.000000 
      107         1     2.9503   1.000017    -0.000000    -0.623500     0.781844    -0.623500    -0.781844     1.000017     0.000000 
      108         1     3.0929   1.000013     0.000000    -0.623498     0.781842    -0.623498    -0.781842     1.000013     0.000000 
      109         1     4.5059   1.000012     0.000000     0.623497    -0.781840    -0.623497    -0.781840    -1.000011    -0.000000 
      110         1     5.1015   1.000012     0.000000     0.623497    -0.781841     0.623497     0.781841     1.000012    -0.000000 
      111         1     5.1239   1.000009    -0.000000    -0.623495     0.781838    -0.623495    -0.781838     1.000009    -0.000000 
      112         1     5.2503   1.000012     0.000000    -0.623497     0.781841     0.623497     0.781841    -1.000012     0.000000 
      113         1     6.1402   1.000009     0.000000    -0.623495     0.781839    -0.623495    -0.781839     1.000009     0.000000 
      114         1     6.5652   1.000016    -0.000000    -0.623500     0.781844     0.623500     0.781844    -1.000016     0.000000 
      115         1     6.6357   1.000012    -0.000000     0.623497    -0.781841     0.623497     0.781840     1.000012    -0.000000 
      116         1     6.6404   1.000012    -0.000000     0.623497    -0.781841    -0.623497    -0.781841    -1.000012     0.000000 
      117         1     6.7085   1.000017     0.000000    -0.623500     0.781845    -0.623500    -0.781845     1.000017    -0.000000 
      118         1     7.0490   1.000012    -0.000000    -0.623497     0.781840     0.623497     0.781840    -1.000011     0.000000 
      119         1     7.1690   1.000014    -0.000000     0.623499    -0.781843     0.623499     0.781843     1.000014     0.000000 
      120         1     7.2569   1.000014     0.000000     0.623498    -0.781842    -0.623498    -0.781842    -1.000014    -0.000000 
      121         1     7.7823   1.000013     0.000000    -0.623498     0.781841    -0.623498    -0.781841     1.000013     0.000000 
      122         1     7.8558   1.000012    -0.000000     0.623497    -0.781841    -0.623497    -0.781841    -1.000012    -0.000000 
      123         1     8.4258   1.000014    -0.000000     0.623499    -0.781843     0.623499     0.781843     1.000014     0.000000 
      124         1     8.4972   1.000012     0.000000     0.623497    -0.781841     0.623497     0.781841     1.000012     0.000000 
      125         1     8.5860   1.000014    -0.000000    -0.623498     0.781842    -0.623498    -0.781842     1.000014    -0.000000 
      126         1     8.6471   1.000012    -0.000000    -0.623497     0.781841     0.623497     0.781841    -1.000012     0.000000 
      127         1     8.9213   1.000017    -0.000000    -0.623500     0.781844     0.623500     0.781844    -1.000017    -0.000000 
      128         1     9.0957   1.000020     0.000000     0.623502    -0.781847    -0.623502    -0.781847    -1.000020    -0.000000 
      129         1     9.1905   1.000013    -0.000000     0.623498    -0.781841     0.623498     0.781841     1.000013    -0.000000 
      130         1     9.3839   1.000012    -0.000000    -0.623497     0.781841    -0.623497    -0.781841     1.000012    -0.000000 
      131         1     9.6164   1.000014    -0.000000    -0.623498     0.781842     0.623498     0.781842    -1.000014    -0.000000 
      132         1     9.6683   1.000014    -0.000000     0.623498    -0.781842    -0.623498    -0.781842    -1.000014    -0.000000 
      133         1     9.7705   1.000016     0.000000     0.623500    -0.781844     0.623500     0.781844     1.000016     0.000000 
      134         1    10.1433   1.000020     0.000000    -0.623502     0.781847     0.623502     0.781847    -1.000020     0.000000 
      135         1    10.1635   1.000017     0.000000    -0.623501     0.781845    -0.623501    -0.781845     1.000017    -0.000000 
      136         1    10.1998   1.000013    -0.000000     0.623498    -0.781842    -0.623498    -0.781842    -1.000013    -0.000000 
      137         1    10.6032   1.000017    -0.000000    -0.623500     0.781844     0.623500     0.781844    -1.000017     0.000000 
      138         1    10.6283   1.000013    -0.000000     0.623498    -0.781842     0.623498     0.781842     1.000013     0.000000 
      139         1    10.9241   1.000015     0.000000    -0.623499     0.781843    -0.623499    -0.781843     1.000015     0.000000 
      140         1    11.1062   1.000017    -0.000000     0.623498    -0.781842    -0.623498    -0.781842    -1.000013    -0.000000 
      141         1    11.6006   1.000028     0.000000    -0.269831     0.338358    -0.174630    -0.218979     0.845280     0.000000 
4 
 1  2  3  4 
        1         2   -25.4553   2.000063    -0.000000    -1.247015     1.563707     0.000002     0.000001    -0.000002     0.000001 
        3         2   -25.4522   2.000067    -0.000000     1.247017    -1.563710    -0.000013    -0.000006    -0.000013     0.000006 
        5         2   -25.4412   2.000070     0.000000    -1.246877     1.563534     0.000001     0.000001    -0.000005     0.000002 
        7         2   -25.4409   2.000080    -0.000000     1.246883    -1.563542    -0.000002    -0.000001     0.000008    -0.000004 
        9         2   -25.4120   2.000073    -0.000000     1.246693    -1.563303     0.000013     0.000006    -0.000055     0.000026 
       11         2   -25.4118   2.000071    -0.000000    -1.246691     1.563301    -0.000019    -0.000009     0.000048    -0.000023 
       13         2   -25.3894   2.000109     0.000000    -1.246925     1.563594    -0.000008    -0.000004     0.000007    -0.000003 
       15         2   -25.3890   2.000107     0.000000     1.246924    -1.563593    -0.000013    -0.000006    -0.000012     0.000006 
       17         2   -25.3841   2.000102    -0.000000     1.246939    -1.563613    -0.000035    -0.000017    -0.000046     0.000022 
       19         2   -25.3837   2.000069     0.000000    -1.246919     1.563587    -0.000002    -0.000001     0.000002    -0.000001 
       21         1   -12.6947   1.000014     0.000000     0.623498    -0.781842     0.900981     0.433890     0.900981    -0.433890 
       22         1   -12.4550   1.000012    -0.000000     0.623497    -0.781841    -0.900980    -0.433889    -0.900980     0.433889 
       23         1   -11.9114   1.000011     0.000000    -0.623496     0.781840    -0.900978    -0.433888     0.900978    -0.433888 
       24         1   -11.8784   1.000013    -0.000000    -0.623498     0.781842     0.900981     0.433889    -0.900981     0.433889 
       25         1   -11.4485   1.000012     0.000000    -0.623497     0.781841    -0.900980    -0.433889     0.900980    -0.433889 
       26         1   -11.2726   1.000013    -0.000000    -0.623498     0.781841     0.900980     0.433889    -0.900980     0.433889 
       27         1   -11.1371   1.000015     0.000000     0.623499    -0.781843    -0.900982    -0.433890    -0.900982     0.433890 
       28         1   -11.1281   1.000015     0.000000     0.623499    -0.781843     0.900982     0.433890     0.900982    -0.433890 
       29         1   -10.9992   1.000010     0.000000     0.623496    -0.781839    -0.900978    -0.433888    -0.900978     0.433888 
       30         1   -10.9141   1.000014     0.000000    -0.623499     0.781843    -0.900982    -0.433890     0.900982    -0.433890 
       31         1   -10.8787   1.000013     0.000000     0.623498    -0.781842     0.900981     0.433890     0.900981    -0.433890 
       32         1   -10.8265   1.000014     0.000000    -0.623498     0.781842     0.900981     0.433890    -0.900981     0.433890 
       33         1    -6.2285   1.000011     0.000000    -0.623497     0.781840     0.900979     0.433889    -0.900979     0.433889 
       34         1    -6.1644   1.000015    -0.000000    -0.623499     0.781844    -0.900983    -0.433890     0.900983    -0.433890 
       35         1    -5.7197   1.000015    -0.000000     0.623499    -0.781843     0.900982     0.433890     0.900982    -0.433890 
       36         1    -5.5425   1.000013    -0.000000     0.623498    -0.781841    -0.900980    -0.433889    -0.900980     0.433889 
       37         1    -2.6752   1.000013     0.000000    -0.623498     0.781842     0.900981     0.433890    -0.900981     0.433890 
       38         1    -2.6623   1.000014     0.000000     0.623498    -0.781842    -0.900981    -0.433890    -0.900981     0.433890 
       39         1    -2.5961   1.000012    -0.000000     0.623498    -0.781841     0.900980     0.433889     0.900980    -0.433889 
       40         1    -2.3090   1.000013     0.000000    -0.623498     0.781842    -0.900981    -0.433889     0.900981    -0.433889 
       41         1    -2.2048   1.000015     0.000000    -0.623499     0.781844     0.900983     0.433890    -0.900983     0.433890 
       42         1    -2.0462   1.000013     0.000000    -0.623498     0.781842    -0.900981    -0.433890     0.900981    -0.433890 
       43         1    -1.9757   1.000012    -0.000000     0.623497    -0.781841    -0.900980    -0.433889    -0.900980     0.433889 
       44         1    -1.8627   1.000007     0.000000     0.623494    -0.781837     0.900975     0.433887     0.900975    -0.433887 
       45         1    -1.5823   1.000010     0.000000    -0.623496     0.781839    -0.900977    -0.433888     0.900977    -0.433888 
       46         1    -1.5538   1.000008     0.000000    -0.623495     0.781837     0.900976     0.433887    -0.900976     0.433887 
       47         1    -1.4197   1.000008    -0.000000     0.623495    -0.781838    -0.900976    -0.433887    -0.900976     0.433887 
       48         1    -1.3569   1.000011    -0.000000    -0.623497     0.781840     0.900979     0.433889    -0.900979     0.433889 
       49         1    -1.2636   1.000009     0.000000     0.623496    -0.781839     0.900977     0.433888     0.900977    -0.433888 
       50         1    -1.0999   1.000008    -0.000000    -0.623495     0.781838    -0.900976    -0.433887     0.900976    -0.433887 
       51         1    -1.0892   1.000011    -0.000000     0.623497    -0.781840     0.900979     0.433889     0.900979    -0.433889 
       52         1    -0.9983   1.000009     0.000000     0.623495    -0.781838    -0.900977    -0.433888    -0.900977     0.433888 
       53         1    -0.8534   1.000014     0.000000    -0.623498     0.781842    -0.900981    -0.433890     0.900981    -0.433890 
       54         1    -0.8137   1.000012    -0.000000     0.623497    -0.781840    -0.900979    -0.433889    -0.900979     0.433889 
       55         1    -0.7801   1.000013     0.000000     0.623498    -0.781841     0.900980     0.433889     0.900980    -0.433889 
       56         1    -0.7525   1.000012     0.000000    -0.623497     0.781840     0.900979     0.433889    -0.900979     0.433889 
       57         1    -0.6419   1.000016    -0.000000    -0.623500     0.781844     0.900983     0.433891    -0.900983     0.433891 
       58         1    -0.6096   1.000015    -0.000000     0.623499    -0.781843     0.900982     0.433890     0.900982    -0.433890 
       59         1    -0.5999   1.000015     0.000000    -0.623499     0.781843    -0.900983    -0.433890     0.900983    -0.433890 
       60         1    -0.5608   1.000017     0.000000     0.623500    -0.781844    -0.900984    -0.433891    -0.900984     0.433891 
       61         1    -0.5576   1.000014    -0.000000    -0.623499     0.781843     0.900982     0.433890    -0.900982     0.433890 
       62         1    -0.5438   1.000018    -0.000000     0.623501    -0.781845     0.900985     0.433891     0.900985    -0.433891 
       63         1    -0.5191   1.000012    -0.000000    -0.623497     0.781840    -0.900979    -0.433889     0.900979    -0.433889 
       64         1    -0.4504   1.000015     0.000000    -0.623499     0.781843    -0.900982    -0.433890     0.900982    -0.433890 
       65         1    -0.4304   1.000013     0.000000     0.623497    -0.781841    -0.900980    -0.433889    -0.900980     0.433889 
       66         1    -0.4297   1.000017     0.000000    -0.623500     0.781844     0.900983     0.433891    -0.900984     0.433891 
       67         1    -0.4127   1.000016    -0.000000     0.623500    -0.781844     0.900984     0.433891     0.900984    -0.433891 
       68         1    -0.3110   1.000016     0.000000     0.623500    -0.781844    -0.900983    -0.433891    -0.900983     0.433891 
       69         1     0.4147   1.000021    -0.000000    -0.623503     0.781848    -0.900987    -0.433893     0.900987    -0.433893 
       70         1     0.5349   1.000030    -0.000000    -0.623509     0.781855     0.900996     0.433897    -0.900996     0.433897 
       71         1     0.5513   1.000035    -0.000000     0.623511    -0.781859     0.901000     0.433899     0.901000    -0.433899 
       72         1     0.5574   1.000026    -0.000000     0.623506    -0.781852    -0.900992    -0.433895    -0.900992     0.433895 
       73         1     0.5878   1.000030     0.000000     0.623508    -0.781855     0.900996     0.433897     0.900995    -0.433897 
       74         1     0.5944   1.000027     0.000000     0.623507    -0.781853    -0.900993    -0.433895    -0.900993     0.433895 
       75         1     0.6018   1.000029     0.000000    -0.623508     0.781854     0.900995     0.433896    -0.900995     0.433896 
       76         1     0.6052   1.000026    -0.000000    -0.623506     0.781851    -0.900992    -0.433895     0.900992    -0.433895 
       77         1     0.6154   1.000033    -0.000000     0.623510    -0.781857     0.900998     0.433898     0.900998    -0.433898 
       78         1     0.6308   1.000029     0.000000    -0.623508     0.781854     0.900995     0.433896    -0.900995     0.433896 
       79         1     0.6593   1.000032     0.000000    -0.623509     0.781856    -0.900997    -0.433897     0.900997    -0.433897 
       80         1     0.6731   1.000028     0.000000     0.623507    -0.781853    -0.900994    -0.433896    -0.900994     0.433896 
       81         1     0.6749   1.000029    -0.000000    -0.623508     0.781854     0.900995     0.433896    -0.900995     0.433896 
       82         1     0.6939   1.000029    -0.000000     0.623507    -0.781854    -0.900994    -0.433896    -0.900994     0.433896 
       83         1     0.7103   1.000028    -0.000000    -0.623507     0.781853    -0.900994    -0.433896     0.900994    -0.433896 
       84         1     0.7527   1.000024    -0.000000     0.623504    -0.781850     0.900990     0.433894     0.900990    -0.433894 
       85         1     0.8077   1.000025     0.000000     0.623505    -0.781851    -0.900991    -0.433894    -0.900991     0.433894 
       86         1     0.8755   1.000022     0.000000    -0.623504     0.781849     0.900989     0.433893    -0.900989     0.433893 
       87         1     0.9026   1.000020    -0.000000     0.623502    -0.781847     0.900987     0.433892     0.900987    -0.433892 
       88         1     0.9994   1.000021     0.000000    -0.623503     0.781848    -0.900988    -0.433893     0.900988    -0.433893 
       89         1     1.0703   1.000021    -0.000000    -0.623503     0.781848     0.900988     0.433893    -0.900988     0.433893 
       90         1     1.2783   1.000018     0.000000    -0.623500     0.781845    -0.900984    -0.433891     0.900984    -0.433891 
       91         1     1.3010   1.000017     0.000000    -0.623500     0.781845     0.900984     0.433891    -0.900984     0.433891 
       92         1     1.3435   1.000018    -0.000000     0.623501    -0.781845     0.900985     0.433891     0.900985    -0.433891 
       93         1     1.3665   1.000017     0.000000     0.623500    -0.781844    -0.900984    -0.433891    -0.900984     0.433891 
       94         1     1.4877   1.000021     0.000000    -0.623503     0.781848    -0.900988    -0.433893     0.900988    -0.433893 
       95         1     1.5292   1.000021    -0.000000     0.623503    -0.781848    -0.900988    -0.433893    -0.900988     0.433893 
       96         1     1.6644   1.000020     0.000000     0.623502    -0.781847    -0.900986    -0.433892    -0.900986     0.433892 
       97         1     1.7835   1.000014    -0.000000    -0.623499     0.781843     0.900982     0.433890    -0.900982     0.433890 
       98         1     1.9518   1.000012     0.000000     0.623497    -0.781841     0.900980     0.433889     0.900980    -0.433889 
       99         1     1.9938   1.000016    -0.000000    -0.623500     0.781844    -0.900983    -0.433891     0.900983    -0.433891 
      100         1     2.1703   1.000017     0.000000     0.623500    -0.781845    -0.900984    -0.433891    -0.900984     0.433891 
      101         1     2.2871   1.000018     0.000000    -0.623501     0.781845     0.900985     0.433891    -0.900985     0.433891 
      102         1     2.4343   1.000015    -0.000000     0.623499    -0.781843     0.900982     0.433890     0.900982    -0.433890 
      103         1     2.5726   1.000013    -0.000000     0.623498    -0.781842     0.900981     0.433889     0.900981    -0.433889 
      104         1     2.5958   1.000013     0.000000     0.623498    -0.781842    -0.900981    -0.433889    -0.900981     0.433889 
      105         1     2.7523   1.000014    -0.000000    -0.623499     0.781843    -0.900982    -0.433890     0.900982    -0.433890 
      106         1     2.9458   1.000014     0.000000    -0.623499     0.781842    -0.900981    -0.433890     0.900981    -0.433890 
      107         1     2.9493   1.000012    -0.000000    -0.623497     0.781841     0.900979     0.433889    -0.900979     0.433889 
      108         1     3.0591   1.000010     0.000000     0.623496    -0.781839     0.900978     0.433888     0.900978    -0.433888 
      109         1     4.7616   1.000012    -0.000000     0.623497    -0.781841    -0.900980    -0.433889    -0.900980     0.433889 
      110         1     4.9997   1.000012    -0.000000     0.623498    -0.781841     0.900980     0.433889     0.900980    -0.433889 
      111         1     5.1627   1.000010     0.000000    -0.623496     0.781839     0.900978     0.433888    -0.900978     0.433888 
      112         1     5.3668   1.000007    -0.000000    -0.623494     0.781837    -0.900975    -0.433887     0.900975    -0.433887 
      113         1     6.2062   1.000009     0.000000    -0.623495     0.781839    -0.900977    -0.433888     0.900977    -0.433888 
      114         1     6.4915   1.000013    -0.000000    -0.623498     0.781842     0.900981     0.433889    -0.900981     0.433889 
      115         1     6.5369   1.000015    -0.000000     0.623499    -0.781843     0.900982     0.433890     0.900982    -0.433890 
      116         1     6.9675   1.000015     0.000000     0.623499    -0.781843    -0.900982    -0.433890    -0.900982     0.433890 
      117         1     6.9761   1.000014     0.000000    -0.623498     0.781842    -0.900981    -0.433890     0.900981    -0.433890 
      118         1     7.1867   1.000015    -0.000000    -0.623499     0.781843     0.900983     0.433890    -0.900983     0.433890 
      119         1     7.2551   1.000011     0.000000     0.623497    -0.781840    -0.900979    -0.433889    -0.900979     0.433889 
      120         1     7.3889   1.000014     0.000000     0.623499    -0.781843     0.900982     0.433890     0.900982    -0.433890 
      121         1     7.8672   1.000013    -0.000000    -0.623498     0.781841    -0.900980    -0.433889     0.900980    -0.433889 
      122         1     8.0313   1.000014    -0.000000     0.623498    -0.781842    -0.900981    -0.433890    -0.900981     0.433890 
      123         1     8.5808   1.000016     0.000000     0.623500    -0.781844     0.900983     0.433891     0.900983    -0.433891 
      124         1     8.5966   1.000019    -0.000000    -0.623502     0.781847     0.900986     0.433892    -0.900986     0.433892 
      125         1     8.7828   1.000011     0.000000    -0.623497     0.781840    -0.900979    -0.433889     0.900979    -0.433889 
      126         1     8.7965   1.000012     0.000000     0.623498    -0.781841     0.900980     0.433889     0.900980    -0.433889 
      127         1     9.1739   1.000017     0.000000     0.623500    -0.781845    -0.900984    -0.433891    -0.900984     0.433891 
      128         1     9.3046   1.000019     0.000000    -0.623502     0.781847     0.900986     0.433892    -0.900986     0.433892 
      129         1     9.3711   1.000019     0.000000     0.623502    -0.781846     0.900986     0.433892     0.900986    -0.433892 
      130         1     9.4356   1.000012     0.000000     0.623497    -0.781841    -0.900980    -0.433889    -0.900980     0.433889 
      131         1     9.5071   1.000014     0.000000    -0.623498     0.781842    -0.900981    -0.433890     0.900981    -0.433890 
      132         1     9.6042   1.000015    -0.000000    -0.623499     0.781843     0.900982     0.433890    -0.900982     0.433890 
      133         1     9.6145   1.000014    -0.000000     0.623498    -0.781842     0.900981     0.433890     0.900981    -0.433890 
      134         1     9.9841   1.000014     0.000000    -0.623499     0.781842    -0.900982    -0.433890     0.900982    -0.433890 
      135         1    10.2138   1.000013    -0.000000     0.623498    -0.781842    -0.900981    -0.433889    -0.900981     0.433889 
      136         1    10.3167   1.000016     0.000000    -0.623500     0.781844     0.900984     0.433891    -0.900984     0.433891 
      137         1    10.4311   1.000018    -0.000000     0.623501    -0.781845     0.900985     0.433891     0.900985    -0.433891 
      138         1    10.6388   1.000017    -0.000000    -0.623500     0.781845    -0.900984    -0.433891     0.900984    -0.433891 
      139         1    10.6621   1.000015     0.000000     0.623499    -0.781843    -0.900983    -0.433890    -0.900983     0.433890 
      140         1    10.6696   1.000016    -0.000000    -0.623500     0.781844     0.900983     0.433891    -0.900983     0.433891 
      141         1    11.1673   1.000017    -0.000000    -0.622299     0.780339    -0.900857    -0.433830     0.899375    -0.433116 
2 
 1  3 
        1         2   -25.4553   2.000067    -0.000000     0.000004    -0.000004 
        3         2   -25.4522   2.000064    -0.000000     0.000001    -0.000001 
        5         2   -25.4412   2.000073    -0.000000    -0.000002     0.000002 
        7         2   -25.4409   2.000082     0.000000    -0.000005     0.000005 
        9         2   -25.4120   2.000070     0.000000    -0.000001     0.000001 
       11         2   -25.4118   2.000075     0.000000    -0.000005     0.000005 
       13         2   -25.3894   2.000100     0.000000    -0.000004     0.000004 
       15         2   -25.3890   2.000088     0.000000    -0.000003     0.000003 
       17         2   -25.3841   2.000076     0.000000    -0.000004     0.000004 
       19         2   -25.3837   2.000068    -0.000000     0.000000    -0.000000 
       21         1   -12.6589   1.000011    -0.000000     0.707114    -0.707114 
       22         1   -12.4930   1.000014    -0.000000    -0.707116     0.707116 
       23         1   -11.9260   1.000013     0.000000     0.707116    -0.707116 
       24         1   -11.8912   1.000013    -0.000000    -0.707116     0.707116 
       25         1   -11.4536   1.000009     0.000000    -0.707113     0.707113 
       26         1   -11.2901   1.000012    -0.000000     0.707115    -0.707115 
       27         1   -11.1651   1.000014    -0.000000    -0.707117     0.707117 
       28         1   -11.1359   1.000013     0.000000     0.707116    -0.707116 
       29         1   -10.9945   1.000013     0.000000    -0.707116     0.707116 
       30         1   -10.8739   1.000014    -0.000000     0.707117    -0.707117 
       31         1   -10.8442   1.000013    -0.000000    -0.707116     0.707116 
       32         1   -10.8119   1.000014    -0.000000     0.707117    -0.707117 
       33         1    -6.2115   1.000013    -0.000000     0.707116    -0.707116 
       34         1    -6.1737   1.000012     0.000000    -0.707115     0.707115 
       35         1    -5.6637   1.000011    -0.000000     0.707114    -0.707114 
       36         1    -5.5277   1.000011    -0.000000    -0.707114     0.707114 
       37         1    -2.6602   1.000017    -0.000000    -0.707119     0.707119 
       38         1    -2.6079   1.000016     0.000000     0.707118    -0.707118 
       39         1    -2.4731   1.000012     0.000000     0.707115    -0.707115 
       40         1    -2.3558   1.000013     0.000000    -0.707116     0.707116 
       41         1    -2.1539   1.000014     0.000000    -0.707116     0.707116 
       42         1    -2.1516   1.000015    -0.000000     0.707117    -0.707117 
       43         1    -1.8968   1.000013     0.000000     0.707116    -0.707116 
       44         1    -1.6918   1.000007     0.000000    -0.707112     0.707112 
       45         1    -1.5990   1.000008    -0.000000     0.707112    -0.707112 
       46         1    -1.4814   1.000008    -0.000000    -0.707112     0.707112 
       47         1    -1.4764   1.000014    -0.000000     0.707117    -0.707117 
       48         1    -1.3959   1.000009    -0.000000    -0.707113     0.707113 
       49         1    -1.2488   1.000008     0.000000     0.707113    -0.707113 
       50         1    -1.1921   1.000010    -0.000000     0.707114    -0.707114 
       51         1    -1.1344   1.000010     0.000000    -0.707114     0.707114 
       52         1    -1.0823   1.000008    -0.000000    -0.707113     0.707113 
       53         1    -0.9928   1.000010    -0.000000    -0.707114     0.707114 
       54         1    -0.8840   1.000012    -0.000000     0.707115    -0.707115 
       55         1    -0.8204   1.000012     0.000000    -0.707115     0.707115 
       56         1    -0.7430   1.000013    -0.000000     0.707116    -0.707116 
       57         1    -0.6279   1.000014     0.000000     0.707116    -0.707116 
       58         1    -0.6082   1.000018    -0.000000    -0.707119     0.707119 
       59         1    -0.6032   1.000017    -0.000000     0.707118    -0.707118 
       60         1    -0.6007   1.000015    -0.000000    -0.707117     0.707117 
       61         1    -0.5580   1.000015     0.000000     0.707117    -0.707117 
       62         1    -0.5271   1.000015     0.000000    -0.707117     0.707117 
       63         1    -0.5230   1.000014     0.000000     0.707116    -0.707116 
       64         1    -0.4739   1.000013     0.000000    -0.707116     0.707116 
       65         1    -0.4363   1.000011    -0.000000    -0.707114     0.707114 
       66         1    -0.4284   1.000014    -0.000000     0.707117    -0.707117 
       67         1    -0.4074   1.000016    -0.000000     0.707118    -0.707118 
       68         1    -0.3500   1.000014     0.000000    -0.707117     0.707117 
       69         1     0.4805   1.000027     0.000000    -0.707126     0.707126 
       70         1     0.5207   1.000030     0.000000     0.707128    -0.707128 
       71         1     0.5280   1.000028     0.000000    -0.707126     0.707126 
       72         1     0.5638   1.000033     0.000000     0.707130    -0.707130 
       73         1     0.5673   1.000029     0.000000    -0.707127     0.707127 
       74         1     0.5765   1.000026     0.000000     0.707125    -0.707125 
       75         1     0.5856   1.000025    -0.000000    -0.707124     0.707124 
       76         1     0.6055   1.000034    -0.000000     0.707131    -0.707131 
       77         1     0.6255   1.000026    -0.000000    -0.707125     0.707125 
       78         1     0.6312   1.000034     0.000000     0.707130    -0.707130 
       79         1     0.6454   1.000025    -0.000000    -0.707124     0.707124 
       80         1     0.6495   1.000028    -0.000000     0.707127    -0.707127 
       81         1     0.6764   1.000030     0.000000    -0.707127     0.707127 
       82         1     0.6885   1.000027     0.000000     0.707126    -0.707126 
       83         1     0.7055   1.000027     0.000000    -0.707126     0.707126 
       84         1     0.7752   1.000027     0.000000     0.707126    -0.707126 
       85         1     0.8344   1.000021     0.000000     0.707121    -0.707121 
       86         1     0.9350   1.000020     0.000000     0.707121    -0.707121 
       87         1     0.9837   1.000015    -0.000000    -0.707117     0.707117 
       88         1     1.0121   1.000019     0.000000     0.707120    -0.707120 
       89         1     1.0780   1.000018    -0.000000    -0.707119     0.707119 
       90         1     1.1775   1.000016     0.000000    -0.707118     0.707118 
       91         1     1.2214   1.000019    -0.000000     0.707120    -0.707120 
       92         1     1.2781   1.000018     0.000000     0.707119    -0.707119 
       93         1     1.2848   1.000020    -0.000000    -0.707121     0.707121 
       94         1     1.4116   1.000021    -0.000000    -0.707122     0.707122 
       95         1     1.5408   1.000020     0.000000    -0.707121     0.707121 
       96         1     1.7173   1.000016     0.000000    -0.707118     0.707118 
       97         1     1.7526   1.000017    -0.000000     0.707119    -0.707119 
       98         1     1.9303   1.000019     0.000000     0.707120    -0.707120 
       99         1     1.9366   1.000016    -0.000000    -0.707118     0.707118 
      100         1     2.1638   1.000015     0.000000    -0.707118     0.707118 
      101         1     2.2213   1.000013     0.000000     0.707116    -0.707116 
      102         1     2.3450   1.000014     0.000000     0.707117    -0.707117 
      103         1     2.4137   1.000015    -0.000000    -0.707117     0.707117 
      104         1     2.5494   1.000016    -0.000000     0.707118    -0.707118 
      105         1     2.6117   1.000010     0.000000    -0.707114     0.707114 
      106         1     2.6874   1.000011    -0.000000    -0.707114     0.707114 
      107         1     2.8570   1.000013    -0.000000     0.707116    -0.707116 
      108         1     3.1414   1.000012     0.000000     0.707115    -0.707115 
      109         1     5.0498   1.000011     0.000000     0.707114    -0.707114 
      110         1     5.1488   1.000014     0.000000    -0.707116     0.707116 
      111         1     5.2460   1.000012     0.000000     0.707115    -0.707115 
      112         1     5.6185   1.000015     0.000000    -0.707118     0.707118 
      113         1     6.6344   1.000013     0.000000     0.707116    -0.707116 
      114         1     6.6485   1.000012     0.000000    -0.707115     0.707115 
      115         1     6.7450   1.000010    -0.000000     0.707114    -0.707114 
      116         1     7.0180   1.000012     0.000000    -0.707115     0.707115 
      117         1     7.1561   1.000014    -0.000000    -0.707116     0.707116 
      118         1     7.4273   1.000015     0.000000     0.707117    -0.707117 
      119         1     7.6336   1.000014     0.000000    -0.707117     0.707117 
      120         1     7.8426   1.000015     0.000000     0.707117    -0.707117 
      121         1     8.0882   1.000014    -0.000000    -0.707117     0.707117 
      122         1     8.2885   1.000015    -0.000000    -0.707117     0.707117 
      123         1     8.3208   1.000014    -0.000000     0.707117    -0.707117 
      124         1     8.6068   1.000016     0.000000     0.707118    -0.707118 
      125         1     8.8506   1.000015     0.000000    -0.707117     0.707117 
      126         1     9.0234   1.000016     0.000000     0.707118    -0.707118 
      127         1     9.1859   1.000013    -0.000000    -0.707116     0.707116 
      128         1     9.3655   1.000015    -0.000000     0.707117    -0.707117 
      129         1     9.3657   1.000017     0.000000    -0.707119     0.707119 
      130         1     9.5736   1.000013     0.000000     0.707116    -0.707116 
      131         1     9.6809   1.000014     0.000000     0.707117    -0.707117 
      132         1     9.7746   1.000014     0.000000    -0.707116     0.707116 
      133         1     9.8406   1.000016     0.000000     0.707118    -0.707118 
      134         1     9.9327   1.000014    -0.000000    -0.707117     0.707117 
      135         1    10.1401   1.000016     0.000000     0.707118    -0.707118 
      136         1    10.1755   1.000015    -0.000000    -0.707117     0.707117 
      137         1    10.2965   1.000015    -0.000000    -0.707117     0.707117 
      138         1    10.5157   1.000016     0.000000     0.707118    -0.707118 
      139         1    10.5776   1.000014    -0.000000    -0.707116     0.707116 
      140         1    10.8120   1.000016     0.000000     0.707090    -0.707090 
      141         1    11.0198   1.000028     0.000000    -0.679390     0.679390 
2 
 1  3 
        1         2   -25.4553   2.000067     0.000000     0.000000    -0.000001 
        3         2   -25.4522   2.000069    -0.000000     0.000000    -0.000000 
        5         2   -25.4412   2.000075     0.000000     0.000002    -0.000005 
        7         2   -25.4409   2.000073     0.000000    -0.000001     0.000004 
        9         2   -25.4120   2.000074    -0.000000     0.000004    -0.000012 
       11         2   -25.4118   2.000074     0.000000    -0.000003     0.000009 
       13         2   -25.3894   2.000092    -0.000000    -0.000001     0.000003 
       15         2   -25.3890   2.000094     0.000000    -0.000004     0.000011 
       17         2   -25.3841   2.000082    -0.000000    -0.000000     0.000001 
       19         2   -25.3837   2.000067     0.000000     0.000000    -0.000000 
       21         1   -12.5986   1.000010    -0.000000     0.330282    -0.943893 
       22         1   -12.4577   1.000012    -0.000000    -0.330283     0.943895 
       23         1   -11.9615   1.000013     0.000000     0.330283    -0.943895 
       24         1   -11.8911   1.000014     0.000000    -0.330284     0.943896 
       25         1   -11.4333   1.000009     0.000000    -0.330282     0.943892 
       26         1   -11.2882   1.000014     0.000000     0.330284    -0.943897 
       27         1   -11.2242   1.000015    -0.000000    -0.330284     0.943897 
       28         1   -11.1768   1.000014     0.000000     0.330284    -0.943896 
       29         1   -11.0382   1.000013    -0.000000    -0.330283     0.943896 
       30         1   -10.9056   1.000014    -0.000000     0.330284    -0.943897 
       31         1   -10.8311   1.000014     0.000000    -0.330284     0.943897 
       32         1   -10.8121   1.000015    -0.000000     0.330284    -0.943897 
       33         1    -6.1930   1.000010     0.000000     0.330282    -0.943893 
       34         1    -6.1634   1.000014    -0.000000    -0.330284     0.943897 
       35         1    -5.5809   1.000013     0.000000     0.330283    -0.943895 
       36         1    -5.4386   1.000013     0.000000    -0.330283     0.943896 
       37         1    -2.5730   1.000017     0.000000    -0.330285     0.943899 
       38         1    -2.5079   1.000014    -0.000000     0.330284    -0.943896 
       39         1    -2.3903   1.000017     0.000000     0.330285    -0.943899 
       40         1    -2.3546   1.000011    -0.000000    -0.330283     0.943894 
       41         1    -2.1193   1.000014     0.000000     0.330284    -0.943896 
       42         1    -2.1148   1.000016    -0.000000    -0.330284     0.943898 
       43         1    -1.8790   1.000014    -0.000000     0.330284    -0.943897 
       44         1    -1.7566   1.000008    -0.000000    -0.330282     0.943891 
       45         1    -1.6913   1.000008    -0.000000     0.330282    -0.943891 
       46         1    -1.5020   1.000008    -0.000000    -0.330282     0.943891 
       47         1    -1.4470   1.000013    -0.000000     0.330283    -0.943896 
       48         1    -1.3519   1.000010    -0.000000    -0.330282     0.943892 
       49         1    -1.3044   1.000006    -0.000000     0.330281    -0.943889 
       50         1    -1.2247   1.000009    -0.000000    -0.330282     0.943892 
       51         1    -1.1543   1.000010     0.000000    -0.330282     0.943893 
       52         1    -1.0920   1.000008    -0.000000     0.330282    -0.943891 
       53         1    -1.0063   1.000011    -0.000000     0.330283    -0.943894 
       54         1    -0.9840   1.000008    -0.000000    -0.330282     0.943890 
       55         1    -0.7980   1.000012     0.000000     0.330283    -0.943894 
       56         1    -0.7463   1.000011    -0.000000    -0.330283     0.943893 
       57         1    -0.6430   1.000011     0.000000    -0.330283     0.943894 
       58         1    -0.6392   1.000014    -0.000000     0.330284    -0.943897 
       59         1    -0.6177   1.000015     0.000000     0.330284    -0.943898 
       60         1    -0.6073   1.000014    -0.000000    -0.330284     0.943897 
       61         1    -0.5456   1.000016     0.000000     0.330284    -0.943899 
       62         1    -0.5243   1.000014     0.000000    -0.330284     0.943896 
       63         1    -0.5170   1.000013     0.000000     0.330283    -0.943895 
       64         1    -0.4725   1.000015    -0.000000    -0.330284     0.943897 
       65         1    -0.4533   1.000015     0.000000     0.330284    -0.943897 
       66         1    -0.4334   1.000014    -0.000000    -0.330284     0.943896 
       67         1    -0.4001   1.000011    -0.000000     0.330283    -0.943894 
       68         1    -0.3753   1.000012     0.000000    -0.330283     0.943894 
       69         1     0.5106   1.000023     0.000000    -0.330287     0.943905 
       70         1     0.5240   1.000029     0.000000     0.330287    -0.943905 
       71         1     0.5242   1.000028    -0.000000    -0.330286     0.943904 
       72         1     0.5598   1.000028     0.000000     0.330288    -0.943910 
       73         1     0.5675   1.000031    -0.000000     0.330289    -0.943912 
       74         1     0.5759   1.000029    -0.000000    -0.330288     0.943910 
       75         1     0.6019   1.000023    -0.000000     0.330287    -0.943905 
       76         1     0.6067   1.000028     0.000000    -0.330288     0.943909 
       77         1     0.6241   1.000034    -0.000000     0.330290    -0.943915 
       78         1     0.6389   1.000027     0.000000    -0.330288     0.943908 
       79         1     0.6557   1.000031    -0.000000    -0.330289     0.943912 
       80         1     0.6708   1.000032     0.000000    -0.330289     0.943912 
       81         1     0.6712   1.000028     0.000000     0.330288    -0.943908 
       82         1     0.6966   1.000028    -0.000000     0.330288    -0.943909 
       83         1     0.7171   1.000027     0.000000    -0.330288     0.943909 
       84         1     0.7518   1.000027     0.000000     0.330288    -0.943909 
       85         1     0.8346   1.000024     0.000000     0.330287    -0.943905 
       86         1     0.9708   1.000017    -0.000000    -0.330285     0.943899 
       87         1     0.9839   1.000021    -0.000000     0.330286    -0.943903 
       88         1     1.0274   1.000020     0.000000    -0.330286     0.943902 
       89         1     1.0684   1.000018     0.000000     0.330285    -0.943900 
       90         1     1.0807   1.000017     0.000000    -0.330284     0.943899 
       91         1     1.1548   1.000015    -0.000000     0.330284    -0.943898 
       92         1     1.2778   1.000017     0.000000     0.330285    -0.943899 
       93         1     1.2935   1.000020     0.000000    -0.330286     0.943902 
       94         1     1.4065   1.000022    -0.000000    -0.330286     0.943904 
       95         1     1.5717   1.000022     0.000000    -0.330286     0.943903 
       96         1     1.6721   1.000016    -0.000000    -0.330284     0.943898 
       97         1     1.7314   1.000013     0.000000     0.330283    -0.943895 
       98         1     1.8794   1.000018     0.000000     0.330285    -0.943900 
       99         1     1.9737   1.000016     0.000000    -0.330284     0.943898 
      100         1     2.0029   1.000016    -0.000000     0.330284    -0.943899 
      101         1     2.1697   1.000014    -0.000000    -0.330284     0.943896 
      102         1     2.2154   1.000015     0.000000     0.330284    -0.943897 
      103         1     2.3773   1.000011    -0.000000    -0.330283     0.943893 
      104         1     2.4442   1.000012    -0.000000    -0.330283     0.943895 
      105         1     2.6114   1.000013     0.000000     0.330283    -0.943896 
      106         1     2.6589   1.000013    -0.000000    -0.330283     0.943895 
      107         1     2.7832   1.000013     0.000000     0.330283    -0.943896 
      108         1     2.9541   1.000011    -0.000000     0.330283    -0.943894 
      109         1     5.1961   1.000013     0.000000     0.330283    -0.943895 
      110         1     5.2705   1.000012     0.000000    -0.330283     0.943895 
      111         1     5.4240   1.000012     0.000000     0.330283    -0.943895 
      112         1     5.5863   1.000012     0.000000    -0.330283     0.943895 
      113         1     6.6714   1.000017     0.000000    -0.330285     0.943899 
      114         1     6.7959   1.000011     0.000000     0.330283    -0.943893 
      115         1     6.8659   1.000013    -0.000000     0.330283    -0.943896 
      116         1     6.8742   1.000015    -0.000000    -0.330284     0.943898 
      117         1     7.1919   1.000013    -0.000000    -0.330283     0.943895 
      118         1     7.7538   1.000013    -0.000000     0.330283    -0.943896 
      119         1     7.8712   1.000013    -0.000000    -0.330283     0.943895 
      120         1     8.0424   1.000015     0.000000    -0.330284     0.943897 
      121         1     8.0584   1.000014    -0.000000     0.330284    -0.943896 
      122         1     8.2760   1.000012    -0.000000    -0.330283     0.943895 
      123         1     8.3742   1.000016    -0.000000     0.330284    -0.943898 
      124         1     8.6430   1.000015     0.000000     0.330284    -0.943897 
      125         1     8.9305   1.000016    -0.000000     0.330284    -0.943898 
      126         1     9.1030   1.000012    -0.000000    -0.330283     0.943895 
      127         1     9.1571   1.000016     0.000000    -0.330284     0.943899 
      128         1     9.3069   1.000015    -0.000000     0.330284    -0.943897 
      129         1     9.4018   1.000016     0.000000    -0.330284     0.943899 
      130         1     9.5025   1.000011     0.000000     0.330283    -0.943894 
      131         1     9.8048   1.000016    -0.000000     0.330284    -0.943898 
      132         1     9.9298   1.000016     0.000000    -0.330284     0.943898 
      133         1    10.1077   1.000015    -0.000000    -0.330284     0.943898 
      134         1    10.2195   1.000014    -0.000000     0.330284    -0.943897 
      135         1    10.3389   1.000015     0.000000    -0.330284     0.943897 
      136         1    10.4087   1.000014    -0.000000     0.330284    -0.943896 
      137         1    10.5344   1.000016     0.000000     0.330284    -0.943898 
      138         1    10.5686   1.000019    -0.000000    -0.330278     0.943879 
      139         1    10.6432   1.000017    -0.000000     0.330282    -0.943890 
      140         1    10.8208   1.000022    -0.000000    -0.329226     0.940873 
      141         1    11.0685   1.000029     0.000000    -0.168032     0.480208 
2 
 1  3 
        1         2   -25.4553   2.000086     0.000000    -0.000001    -0.000013 
        3         2   -25.4522   2.000064     0.000000    -0.000000    -0.000003 
        5         2   -25.4412   2.000091     0.000000    -0.000001    -0.000008 
        7         2   -25.4409   2.000075     0.000000     0.000002     0.000014 
        9         2   -25.4120   2.000093    -0.000000    -0.000001    -0.000009 
       11         2   -25.4118   2.000101    -0.000000     0.000002     0.000015 
       13         2   -25.3894   2.000078    -0.000000     0.000000     0.000003 
       15         2   -25.3890   2.000113    -0.000000    -0.000001    -0.000013 
       17         2   -25.3841   2.000079     0.000000    -0.000000    -0.000002 
       19         2   -25.3837   2.000073     0.000000     0.000001     0.000007 
       21         1   -12.5127   1.000011    -0.000000    -0.111966    -0.993724 
       22         1   -12.4313   1.000013    -0.000000     0.111966     0.993725 
       23         1   -11.9645   1.000013    -0.000000    -0.111966    -0.993725 
       24         1   -11.8777   1.000015    -0.000000     0.111966     0.993727 
       25         1   -11.4022   1.000012     0.000000     0.111966     0.993724 
       26         1   -11.3460   1.000013    -0.000000    -0.111966    -0.993725 
       27         1   -11.2465   1.000011    -0.000000     0.111966     0.993724 
       28         1   -11.2020   1.000015     0.000000    -0.111966    -0.993727 
       29         1   -11.0828   1.000014    -0.000000     0.111966     0.993727 
       30         1   -10.9558   1.000012    -0.000000    -0.111966    -0.993725 
       31         1   -10.8684   1.000013     0.000000     0.111966     0.993725 
       32         1   -10.8313   1.000014     0.000000    -0.111966    -0.993726 
       33         1    -6.1762   1.000013     0.000000    -0.111966    -0.993725 
       34         1    -6.1542   1.000014    -0.000000     0.111966     0.993726 
       35         1    -5.5051   1.000011     0.000000    -0.111966    -0.993723 
       36         1    -5.3874   1.000012     0.000000     0.111966     0.993724 
       37         1    -2.5465   1.000014    -0.000000     0.111966     0.993726 
       38         1    -2.4984   1.000013    -0.000000    -0.111966    -0.993725 
       39         1    -2.2976   1.000013    -0.000000    -0.111966    -0.993725 
       40         1    -2.2707   1.000014    -0.000000     0.111966     0.993726 
       41         1    -2.0793   1.000015    -0.000000     0.111966     0.993727 
       42         1    -2.0368   1.000014     0.000000    -0.111966    -0.993726 
       43         1    -1.9851   1.000010    -0.000000    -0.111966    -0.993722 
       44         1    -1.9564   1.000016     0.000000     0.111966     0.993728 
       45         1    -1.6267   1.000008     0.000000    -0.111965    -0.993720 
       46         1    -1.6130   1.000008     0.000000     0.111965     0.993720 
       47         1    -1.4397   1.000008    -0.000000    -0.111965    -0.993720 
       48         1    -1.3532   1.000009     0.000000     0.111965     0.993721 
       49         1    -1.2628   1.000008    -0.000000    -0.111965    -0.993720 
       50         1    -1.1777   1.000009    -0.000000     0.111965     0.993721 
       51         1    -1.0895   1.000008     0.000000    -0.111965    -0.993720 
       52         1    -1.0532   1.000010     0.000000     0.111966     0.993722 
       53         1    -0.9604   1.000009    -0.000000     0.111966     0.993721 
       54         1    -0.9012   1.000010     0.000000    -0.111966    -0.993722 
       55         1    -0.8403   1.000009     0.000000    -0.111966    -0.993722 
       56         1    -0.6871   1.000012    -0.000000     0.111966     0.993724 
       57         1    -0.6654   1.000013    -0.000000    -0.111966    -0.993725 
       58         1    -0.6555   1.000015    -0.000000     0.111966     0.993727 
       59         1    -0.6260   1.000015    -0.000000    -0.111966    -0.993727 
       60         1    -0.5993   1.000017    -0.000000     0.111966     0.993729 
       61         1    -0.5395   1.000014    -0.000000    -0.111966    -0.993726 
       62         2    -0.5229   2.000038     0.000000    -0.000000    -0.000002 
       64         1    -0.4737   1.000012     0.000000    -0.111966    -0.993724 
       65         1    -0.4659   1.000016    -0.000000     0.111966     0.993728 
       66         1    -0.4291   1.000012     0.000000     0.111966     0.993724 
       67         1    -0.4056   1.000014    -0.000000     0.111966     0.993726 
       68         1    -0.3829   1.000017    -0.000000    -0.111966    -0.993729 
       69         1     0.5116   1.000027     0.000000     0.111967     0.993739 
       70         1     0.5223   1.000028    -0.000000     0.111968     0.993739 
       71         1     0.5339   1.000029     0.000000    -0.111968    -0.993741 
       72         1     0.5385   1.000030    -0.000000    -0.111968    -0.993742 
       73         1     0.5720   1.000026     0.000000    -0.111967    -0.993738 
       74         1     0.6032   1.000029    -0.000000     0.111968     0.993740 
       75         1     0.6094   1.000031    -0.000000    -0.111968    -0.993743 
       76         1     0.6159   1.000027     0.000000     0.111967     0.993739 
       77         1     0.6216   1.000027    -0.000000    -0.111968    -0.993739 
       78         1     0.6425   1.000029    -0.000000    -0.111968    -0.993741 
       79         1     0.6453   1.000029    -0.000000     0.111968     0.993740 
       80         1     0.6686   1.000029    -0.000000     0.111968     0.993740 
       81         1     0.6829   1.000029    -0.000000     0.111968     0.993741 
       82         1     0.6834   1.000028     0.000000    -0.111968    -0.993740 
       83         1     0.7394   1.000025     0.000000    -0.111967    -0.993737 
       84         1     0.7483   1.000025    -0.000000     0.111967     0.993737 
       85         1     0.8682   1.000021     0.000000     0.111967     0.993732 
       86         1     0.9117   1.000020    -0.000000    -0.111967    -0.993732 
       87         1     0.9489   1.000021    -0.000000     0.111967     0.993733 
       88         1     1.0279   1.000017    -0.000000    -0.111966    -0.993729 
       89         1     1.1323   1.000014     0.000000     0.111966     0.993726 
       90         1     1.1524   1.000018    -0.000000    -0.111966    -0.993730 
       91         1     1.2282   1.000019    -0.000000    -0.111967    -0.993731 
       92         1     1.3155   1.000018     0.000000     0.111966     0.993730 
       93         1     1.4557   1.000016     0.000000    -0.111966    -0.993728 
       94         1     1.5641   1.000019    -0.000000     0.111967     0.993731 
       95         1     1.5877   1.000017    -0.000000     0.111966     0.993729 
       96         1     1.6029   1.000015    -0.000000    -0.111966    -0.993727 
       97         1     1.6564   1.000017    -0.000000     0.111966     0.993729 
       98         1     1.6836   1.000015    -0.000000    -0.111966    -0.993727 
       99         1     1.7156   1.000018    -0.000000     0.111966     0.993730 
      100         1     1.7817   1.000017    -0.000000    -0.111966    -0.993729 
      101         1     2.1518   1.000014    -0.000000     0.111966     0.993726 
      102         1     2.1921   1.000017    -0.000000    -0.111966    -0.993729 
      103         1     2.3322   1.000011     0.000000     0.111966     0.993723 
      104         1     2.4128   1.000014    -0.000000    -0.111966    -0.993726 
      105         1     2.6177   1.000012     0.000000     0.111966     0.993724 
      106         1     2.6588   1.000012    -0.000000    -0.111966    -0.993724 
      107         1     2.7729   1.000014     0.000000     0.111966     0.993726 
      108         1     2.9585   1.000014     0.000000    -0.111966    -0.993726 
      109         1     5.2307   1.000012     0.000000    -0.111966    -0.993724 
      110         1     5.2351   1.000012    -0.000000     0.111966     0.993725 
      111         1     5.4292   1.000011     0.000000     0.111966     0.993723 
      112         1     5.6071   1.000015    -0.000000    -0.111966    -0.993727 
      113         1     6.3728   1.000014     0.000000     0.111966     0.993726 
      114         1     6.6692   1.000014    -0.000000     0.111966     0.993726 
      115         1     6.8067   1.000014    -0.000000    -0.111966    -0.993726 
      116         1     7.0230   1.000014    -0.000000    -0.111966    -0.993726 
      117         1     7.4068   1.000012     0.000000     0.111966     0.993724 
      118         1     7.6339   1.000014    -0.000000    -0.111966    -0.993726 
      119         1     7.7339   1.000012    -0.000000     0.111966     0.993724 
      120         1     7.9316   1.000015     0.000000     0.111966     0.993727 
      121         1     7.9557   1.000014     0.000000    -0.111966    -0.993726 
      122         1     8.1712   1.000011    -0.000000     0.111966     0.993724 
      123         1     8.2826   1.000016     0.000000    -0.111966    -0.993728 
      124         1     8.5100   1.000012     0.000000    -0.111966    -0.993725 
      125         1     8.9568   1.000013     0.000000     0.111966     0.993725 
      126         1     9.0072   1.000010     0.000000     0.111966     0.993722 
      127         1     9.0515   1.000014    -0.000000    -0.111966    -0.993726 
      128         1     9.2688   1.000017    -0.000000    -0.111966    -0.993729 
      129         1     9.3972   1.000016    -0.000000    -0.111966    -0.993728 
      130         1     9.7585   1.000014     0.000000     0.111966     0.993726 
      131         1     9.8053   1.000015    -0.000000    -0.111966    -0.993727 
      132         1    10.0923   1.000013     0.000000    -0.111966    -0.993725 
      133         1    10.1116   1.000015    -0.000000     0.111966     0.993727 
      134         1    10.2530   1.000016     0.000000     0.111966     0.993728 
      135         1    10.3320   1.000013    -0.000000    -0.111966    -0.993725 
      136         1    10.4658   1.000014     0.000000    -0.111966    -0.993724 
      137         1    10.5084   1.000013     0.000000     0.111966     0.993725 
      138         1    10.5648   1.000018    -0.000000    -0.111964    -0.993708 
      139         1    10.6464   1.000017    -0.000000     0.111965     0.993716 
      140         1    10.8802   1.000028    -0.000000     0.066618     0.591254 
      141         1    10.9196   1.000033     0.000000    -0.038176    -0.338823 
2 
 1  3 
        1         2   -25.4553   2.000072     0.000000     0.000002     0.000003 
        3         2   -25.4522   2.000068     0.000000    -0.000006    -0.000010 
        5         2   -25.4412   2.000099     0.000000    -0.000004    -0.000007 
        7         2   -25.4409   2.000062     0.000000     0.000000     0.000001 
        9         2   -25.4120   2.000072     0.000000    -0.000013    -0.000020 
       11         2   -25.4118   2.000088     0.000000     0.000011     0.000018 
       13         2   -25.3894   2.000095    -0.000000    -0.000005    -0.000008 
       15         2   -25.3890   2.000099    -0.000000    -0.000004    -0.000006 
       17         2   -25.3841   2.000073     0.000000    -0.000001    -0.000001 
       19         2   -25.3837   2.000075    -0.000000     0.000003     0.000004 
       21         1   -12.4585   1.000012    -0.000000     0.532038     0.846734 
       22         1   -12.4496   1.000013     0.000000    -0.532039    -0.846735 
       23         1   -11.9400   1.000013    -0.000000    -0.532039    -0.846735 
       24         1   -11.8498   1.000013     0.000000     0.532039     0.846735 
       25         1   -11.3835   1.000012    -0.000000    -0.532039    -0.846735 
       26         1   -11.3694   1.000014    -0.000000     0.532040     0.846736 
       27         1   -11.2364   1.000013     0.000000    -0.532039    -0.846735 
       28         1   -11.2034   1.000014     0.000000     0.532039     0.846736 
       29         1   -11.0992   1.000013    -0.000000     0.532039     0.846735 
       30         1   -10.9941   1.000015    -0.000000    -0.532040    -0.846737 
       31         1   -10.9250   1.000012    -0.000000     0.532039     0.846735 
       32         1   -10.8617   1.000012     0.000000    -0.532038    -0.846734 
       33         1    -6.1673   1.000014    -0.000000    -0.532039    -0.846736 
       34         1    -6.1612   1.000012     0.000000     0.532038     0.846734 
       35         1    -5.4748   1.000014     0.000000    -0.532040    -0.846736 
       36         1    -5.4294   1.000012     0.000000     0.532038     0.846734 
       37         1    -2.6465   1.000016     0.000000     0.532041     0.846738 
       38         1    -2.5623   1.000016     0.000000    -0.532041    -0.846738 
       39         1    -2.3016   1.000011    -0.000000     0.532038     0.846734 
       40         1    -2.2087   1.000012     0.000000    -0.532039    -0.846735 
       41         1    -2.1774   1.000013    -0.000000     0.532039     0.846735 
       42         1    -2.0825   1.000014    -0.000000    -0.532039    -0.846736 
       43         1    -2.0079   1.000016     0.000000    -0.532041    -0.846738 
       44         1    -1.8213   1.000008    -0.000000     0.532036     0.846731 
       45         1    -1.6547   1.000009     0.000000    -0.532037    -0.846732 
       46         1    -1.5835   1.000008    -0.000000     0.532036     0.846731 
       47         1    -1.3681   1.000009     0.000000    -0.532037    -0.846732 
       48         1    -1.2968   1.000010    -0.000000     0.532037     0.846732 
       49         1    -1.2545   1.000010     0.000000    -0.532037    -0.846732 
       50         1    -1.1341   1.000010    -0.000000     0.532038     0.846733 
       51         1    -1.0050   1.000011    -0.000000    -0.532038    -0.846733 
       52         1    -0.9665   1.000012     0.000000     0.532038     0.846734 
       53         1    -0.9220   1.000009     0.000000     0.532037     0.846732 
       54         1    -0.8487   1.000011    -0.000000    -0.532038    -0.846733 
       55         1    -0.7491   1.000014     0.000000    -0.532040    -0.846736 
       56         1    -0.7018   1.000011     0.000000     0.532038     0.846734 
       57         1    -0.6800   1.000012    -0.000000    -0.532038    -0.846734 
       58         1    -0.6559   1.000013     0.000000     0.532039     0.846735 
       59         1    -0.5828   1.000016    -0.000000    -0.532040    -0.846737 
       60         1    -0.5713   1.000015     0.000000     0.532040     0.846737 
       61         1    -0.5423   1.000014    -0.000000    -0.532040    -0.846736 
       62         1    -0.5371   1.000016     0.000000     0.532041     0.846738 
       63         1    -0.5243   1.000016     0.000000    -0.532041    -0.846738 
       64         1    -0.4903   1.000014    -0.000000     0.532039     0.846736 
       65         1    -0.4693   1.000015    -0.000000    -0.532040    -0.846737 
       66         1    -0.4539   1.000014    -0.000000     0.532039     0.846736 
       67         1    -0.4061   1.000015    -0.000000     0.532040     0.846736 
       68         1    -0.3706   1.000015     0.000000    -0.532040    -0.846737 
       69         1     0.4468   1.000024    -0.000000     0.532045     0.846744 
       70         1     0.4996   1.000029    -0.000000    -0.532047    -0.846749 
       71         1     0.5415   1.000028    -0.000000     0.532047     0.846748 
       72         1     0.5470   1.000028    -0.000000    -0.532047    -0.846747 
       73         1     0.5618   1.000029    -0.000000    -0.532048    -0.846749 
       74         1     0.5865   1.000028    -0.000000     0.532047     0.846747 
       75         1     0.6032   1.000031    -0.000000    -0.532049    -0.846750 
       76         1     0.6201   1.000034    -0.000000     0.532050     0.846752 
       77         1     0.6285   1.000028    -0.000000    -0.532047    -0.846747 
       78         1     0.6380   1.000031     0.000000     0.532049     0.846750 
       79         1     0.6528   1.000031    -0.000000    -0.532048    -0.846750 
       80         1     0.6598   1.000029     0.000000     0.532047     0.846748 
       81         1     0.6680   1.000030    -0.000000    -0.532048    -0.846749 
       82         1     0.6721   1.000029    -0.000000     0.532047     0.846748 
       83         1     0.7219   1.000028     0.000000    -0.532047    -0.846747 
       84         1     0.7692   1.000022     0.000000     0.532044     0.846743 
       85         1     0.8591   1.000019     0.000000     0.532042     0.846740 
       86         1     0.9630   1.000020    -0.000000    -0.532042    -0.846741 
       87         1     0.9947   1.000018     0.000000     0.532041     0.846739 
       88         1     1.0798   1.000016    -0.000000    -0.532041    -0.846738 
       89         1     1.2175   1.000016     0.000000    -0.532041    -0.846738 
       90         1     1.2300   1.000018    -0.000000     0.532041     0.846739 
       91         1     1.2889   1.000019    -0.000000    -0.532042    -0.846740 
       92         1     1.3580   1.000027    -0.000000     0.532046     0.846747 
       93         1     1.4096   1.000022    -0.000000    -0.532044    -0.846742 
       94         1     1.4395   1.000020     0.000000     0.532043     0.846741 
       95         1     1.5588   1.000019     0.000000    -0.532042    -0.846740 
       96         1     1.5683   1.000019    -0.000000     0.532042     0.846740 
       97         1     1.6258   1.000018     0.000000    -0.532041    -0.846739 
       98         1     1.6735   1.000018    -0.000000     0.532042     0.846739 
       99         1     1.8561   1.000015     0.000000     0.532040     0.846737 
      100         1     1.8875   1.000014    -0.000000    -0.532040    -0.846736 
      101         1     2.1219   1.000016     0.000000     0.532041     0.846738 
      102         1     2.1541   1.000013    -0.000000    -0.532039    -0.846735 
      103         1     2.3205   1.000013     0.000000    -0.532039    -0.846735 
      104         1     2.3477   1.000014    -0.000000     0.532040     0.846736 
      105         1     2.6445   1.000011     0.000000     0.532038     0.846733 
      106         1     2.7269   1.000012     0.000000    -0.532038    -0.846734 
      107         1     2.8918   1.000012    -0.000000     0.532039     0.846734 
      108         1     2.9994   1.000013    -0.000000    -0.532039    -0.846735 
      109         1     5.0590   1.000010     0.000000    -0.532038    -0.846733 
      110         1     5.1703   1.000011    -0.000000     0.532038     0.846733 
      111         1     5.3574   1.000012     0.000000     0.532039     0.846734 
      112         1     5.5106   1.000013    -0.000000    -0.532039    -0.846735 
      113         1     6.2324   1.000012     0.000000     0.532039     0.846734 
      114         1     6.4886   1.000013     0.000000    -0.532039    -0.846735 
      115         1     6.6003   1.000012    -0.000000     0.532038     0.846734 
      116         1     6.9959   1.000012    -0.000000    -0.532039    -0.846735 
      117         1     7.3293   1.000014    -0.000000    -0.532039    -0.846736 
      118         1     7.3581   1.000011    -0.000000     0.532038     0.846734 
      119         1     7.6043   1.000012    -0.000000     0.532039     0.846735 
      120         1     7.7117   1.000013    -0.000000    -0.532039    -0.846736 
      121         1     7.8935   1.000016    -0.000000     0.532041     0.846738 
      122         1     8.0961   1.000013     0.000000    -0.532039    -0.846736 
      123         1     8.2108   1.000017     0.000000    -0.532041    -0.846738 
      124         1     8.2567   1.000013     0.000000     0.532039     0.846735 
      125         1     8.6527   1.000016     0.000000     0.532041     0.846738 
      126         1     8.8207   1.000014    -0.000000     0.532039     0.846736 
      127         1     8.8916   1.000015     0.000000    -0.532040    -0.846737 
      128         1     9.2068   1.000015    -0.000000    -0.532040    -0.846737 
      129         1     9.5227   1.000015     0.000000    -0.532040    -0.846737 
      130         1     9.6234   1.000015    -0.000000     0.532040     0.846737 
      131         1     9.6832   1.000016     0.000000    -0.532040    -0.846737 
      132         1     9.8550   1.000014    -0.000000    -0.532039    -0.846736 
      133         1     9.9887   1.000015     0.000000     0.532040     0.846737 
      134         1    10.2047   1.000015     0.000000     0.532040     0.846737 
      135         1    10.2104   1.000016    -0.000000    -0.532041    -0.846738 
      136         1    10.3884   1.000014    -0.000000     0.532039     0.846736 
      137         1    10.4248   1.000016     0.000000    -0.532040    -0.846738 
      138         1    10.5573   1.000012    -0.000000     0.532039     0.846734 
      139         1    10.7776   1.000009     0.000000    -0.532027    -0.846715 
      140         1    10.7849   1.000017    -0.000000     0.532033     0.846725 
      141         1    10.9689   1.000024    -0.000000    -0.530758    -0.844696 
2 
 1  3 
        1         2   -25.4553   2.000073     0.000000     0.000003     0.000002 
        3         2   -25.4522   2.000065     0.000000    -0.000009    -0.000006 
        5         2   -25.4412   2.000099    -0.000000    -0.000007    -0.000005 
        7         2   -25.4409   2.000089    -0.000000     0.000014     0.000009 
        9         2   -25.4120   2.000075    -0.000000    -0.000026    -0.000016 
       11         2   -25.4118   2.000087     0.000000     0.000033     0.000021 
       13         2   -25.3894   2.000106     0.000000    -0.000012    -0.000008 
       15         2   -25.3890   2.000080     0.000000     0.000002     0.000001 
       17         2   -25.3841   2.000070     0.000000     0.000004     0.000003 
       19         2   -25.3837   2.000071     0.000000     0.000001     0.000000 
       21         1   -12.5377   1.000012    -0.000000     0.846735     0.532039 
       22         1   -12.4459   1.000014    -0.000000    -0.846736    -0.532040 
       23         1   -11.9072   1.000013     0.000000    -0.846735    -0.532039 
       24         1   -11.8239   1.000015     0.000000     0.846736     0.532040 
       25         1   -11.3759   1.000013    -0.000000    -0.846735    -0.532039 
       26         1   -11.3239   1.000013     0.000000     0.846735     0.532039 
       27         1   -11.2418   1.000012     0.000000    -0.846735    -0.532039 
       28         1   -11.1660   1.000012     0.000000     0.846734     0.532038 
       29         1   -11.0752   1.000014    -0.000000     0.846736     0.532040 
       30         1   -11.0194   1.000014     0.000000    -0.846736    -0.532039 
       31         1   -10.9246   1.000014    -0.000000     0.846736     0.532039 
       32         1   -10.8897   1.000013     0.000000    -0.846735    -0.532039 
       33         1    -6.1848   1.000011     0.000000     0.846734     0.532038 
       34         1    -6.1662   1.000013     0.000000    -0.846736    -0.532039 
       35         1    -5.5388   1.000014     0.000000     0.846736     0.532040 
       36         1    -5.4959   1.000015    -0.000000    -0.846737    -0.532040 
       37         1    -2.7547   1.000014    -0.000000     0.846736     0.532039 
       38         1    -2.6394   1.000019    -0.000000    -0.846740    -0.532042 
       39         1    -2.4665   1.000014    -0.000000     0.846736     0.532040 
       40         1    -2.2498   1.000014    -0.000000     0.846736     0.532039 
       41         1    -2.2228   1.000013    -0.000000    -0.846735    -0.532039 
       42         1    -2.1127   1.000013    -0.000000    -0.846735    -0.532039 
       43         1    -2.0121   1.000013    -0.000000    -0.846735    -0.532039 
       44         1    -1.6627   1.000008    -0.000000    -0.846731    -0.532036 
       45         1    -1.5616   1.000010     0.000000     0.846733     0.532038 
       46         1    -1.4599   1.000014    -0.000000    -0.846736    -0.532039 
       47         1    -1.3965   1.000010     0.000000     0.846732     0.532037 
       48         1    -1.2946   1.000008     0.000000     0.846731     0.532036 
       49         1    -1.1789   1.000010    -0.000000     0.846733     0.532037 
       50         1    -1.1464   1.000007     0.000000    -0.846730    -0.532036 
       51         1    -0.9845   1.000011     0.000000    -0.846733    -0.532038 
       52         1    -0.9585   1.000010    -0.000000     0.846732     0.532037 
       53         1    -0.8578   1.000012     0.000000     0.846734     0.532038 
       54         1    -0.7355   1.000013     0.000000    -0.846735    -0.532039 
       55         1    -0.7287   1.000014     0.000000     0.846736     0.532040 
       56         1    -0.6846   1.000014     0.000000    -0.846736    -0.532039 
       57         1    -0.6711   1.000012    -0.000000     0.846734     0.532038 
       58         1    -0.6586   1.000015    -0.000000    -0.846736    -0.532040 
       59         1    -0.6024   1.000016    -0.000000     0.846738     0.532041 
       60         1    -0.5813   1.000018    -0.000000     0.846739     0.532042 
       61         1    -0.5736   1.000016    -0.000000    -0.846737    -0.532040 
       62         1    -0.5271   1.000016    -0.000000    -0.846738    -0.532041 
       63         1    -0.5239   1.000011     0.000000     0.846734     0.532038 
       64         1    -0.5153   1.000016     0.000000    -0.846738    -0.532041 
       65         1    -0.4479   1.000017     0.000000     0.846738     0.532041 
       66         1    -0.4333   1.000016    -0.000000    -0.846738    -0.532041 
       67         1    -0.3980   1.000014    -0.000000     0.846736     0.532039 
       68         1    -0.3650   1.000015     0.000000    -0.846737    -0.532040 
       69         1     0.4307   1.000022     0.000000     0.846743     0.532044 
       70         1     0.4447   1.000020     0.000000    -0.846741    -0.532043 
       71         1     0.5399   1.000028     0.000000     0.846748     0.532047 
       72         1     0.5416   1.000028     0.000000    -0.846748    -0.532047 
       73         1     0.5883   1.000028     0.000000     0.846747     0.532046 
       74         1     0.5897   1.000029     0.000000    -0.846749    -0.532047 
       75         1     0.6045   1.000030     0.000000     0.846750     0.532048 
       76         1     0.6091   1.000030     0.000000    -0.846749    -0.532048 
       77         1     0.6178   1.000035     0.000000     0.846753     0.532050 
       78         1     0.6304   1.000030     0.000000    -0.846749    -0.532048 
       79         1     0.6528   1.000033     0.000000     0.846752     0.532049 
       80         1     0.6632   1.000033    -0.000000    -0.846752    -0.532050 
       81         1     0.6651   1.000026     0.000000     0.846746     0.532046 
       82         1     0.6865   1.000028    -0.000000    -0.846748    -0.532047 
       83         1     0.7085   1.000024     0.000000     0.846745     0.532045 
       84         1     0.7662   1.000025    -0.000000    -0.846745    -0.532045 
       85         1     0.8568   1.000023    -0.000000    -0.846743    -0.532044 
       86         1     0.9390   1.000018    -0.000000     0.846740     0.532042 
       87         1     1.0821   1.000018    -0.000000    -0.846740    -0.532042 
       88         1     1.0999   1.000016    -0.000000     0.846738     0.532040 
       89         1     1.1174   1.000016     0.000000     0.846738     0.532041 
       90         1     1.1777   1.000016    -0.000000    -0.846737    -0.532040 
       91         1     1.3346   1.000018    -0.000000     0.846740     0.532042 
       92         1     1.3436   1.000021    -0.000000    -0.846742    -0.532043 
       93         1     1.4192   1.000022     0.000000    -0.846742    -0.532043 
       94         1     1.5398   1.000020    -0.000000     0.846741     0.532043 
       95         1     1.5663   1.000016     0.000000    -0.846738    -0.532041 
       96         1     1.6399   1.000018     0.000000     0.846739     0.532042 
       97         1     1.7176   1.000018     0.000000    -0.846739    -0.532042 
       98         1     1.7884   1.000017    -0.000000     0.846738     0.532041 
       99         1     1.9293   1.000016     0.000000     0.846737     0.532040 
      100         1     1.9331   1.000013     0.000000    -0.846735    -0.532039 
      101         1     2.1714   1.000018    -0.000000    -0.846739    -0.532042 
      102         1     2.1787   1.000014     0.000000     0.846736     0.532040 
      103         1     2.3251   1.000012    -0.000000     0.846734     0.532038 
      104         1     2.5678   1.000013     0.000000    -0.846735    -0.532039 
      105         1     2.6392   1.000012     0.000000     0.846734     0.532038 
      106         1     2.8676   1.000010     0.000000    -0.846732    -0.532037 
      107         1     2.9628   1.000014    -0.000000     0.846736     0.532040 
      108         1     3.0423   1.000013     0.000000    -0.846735    -0.532039 
      109         1     4.7631   1.000013     0.000000    -0.846735    -0.532039 
      110         1     5.0942   1.000014    -0.000000     0.846736     0.532039 
      111         1     5.2758   1.000012     0.000000    -0.846734    -0.532038 
      112         1     5.3289   1.000011    -0.000000     0.846734     0.532038 
      113         1     6.2686   1.000013    -0.000000    -0.846735    -0.532039 
      114         1     6.3820   1.000012     0.000000     0.846735     0.532039 
      115         1     6.6636   1.000014    -0.000000    -0.846736    -0.532040 
      116         1     6.6649   1.000013     0.000000     0.846735     0.532039 
      117         1     7.0235   1.000012     0.000000    -0.846735    -0.532039 
      118         1     7.1440   1.000012     0.000000     0.846734     0.532038 
      119         1     7.4161   1.000012     0.000000     0.846734     0.532038 
      120         1     7.4970   1.000012     0.000000    -0.846734    -0.532038 
      121         1     7.8455   1.000012    -0.000000    -0.846735    -0.532039 
      122         1     7.9951   1.000013    -0.000000     0.846736     0.532039 
      123         1     8.0215   1.000013    -0.000000    -0.846736    -0.532039 
      124         1     8.2841   1.000016    -0.000000     0.846738     0.532040 
      125         1     8.5906   1.000014    -0.000000    -0.846736    -0.532040 
      126         1     8.6407   1.000014    -0.000000     0.846736     0.532039 
      127         1     8.8633   1.000013     0.000000     0.846735     0.532039 
      128         1     9.1417   1.000014    -0.000000    -0.846736    -0.532040 
      129         1     9.2949   1.000013     0.000000     0.846735     0.532039 
      130         1     9.4460   1.000014    -0.000000    -0.846736    -0.532040 
      131         1     9.6309   1.000013     0.000000    -0.846736    -0.532039 
      132         1     9.8114   1.000015    -0.000000     0.846737     0.532040 
      133         1    10.1251   1.000017     0.000000    -0.846738    -0.532041 
      134         1    10.1273   1.000017     0.000000     0.846738     0.532041 
      135         1    10.2232   1.000016    -0.000000     0.846738     0.532041 
      136         1    10.3007   1.000015    -0.000000     0.846737     0.532040 
      137         1    10.3701   1.000016    -0.000000    -0.846737    -0.532040 
      138         1    10.6451   1.000018     0.000000    -0.846737    -0.532040 
      139         1    10.7249   1.000016     0.000000     0.846701     0.532018 
      140         1    10.7451   1.000017    -0.000000    -0.846717    -0.532027 
      141         1    11.1501   1.000027    -0.000000    -0.240149    -0.150895 
2 
 1  3 
        1         2   -25.4553   2.000074    -0.000000     0.000001     0.000000 
        3         2   -25.4522   2.000066    -0.000000    -0.000006    -0.000001 
        5         2   -25.4412   2.000098     0.000000    -0.000010    -0.000001 
        7         2   -25.4409   2.000095     0.000000     0.000018     0.000002 
        9         2   -25.4120   2.000074    -0.000000     0.000002     0.000000 
       11         2   -25.4118   2.000068    -0.000000     0.000005     0.000001 
       13         2   -25.3894   2.000096     0.000000    -0.000005    -0.000001 
       15         2   -25.3890   2.000078     0.000000    -0.000000    -0.000000 
       17         2   -25.3841   2.000072    -0.000000     0.000000     0.000000 
       19         2   -25.3837   2.000075    -0.000000     0.000017     0.000002 
       21         1   -12.6210   1.000012    -0.000000     0.993724     0.111966 
       22         1   -12.4785   1.000013    -0.000000    -0.993725    -0.111966 
       23         1   -11.8883   1.000012    -0.000000    -0.993724    -0.111966 
       24         1   -11.8278   1.000013    -0.000000     0.993726     0.111966 
       25         1   -11.4016   1.000012    -0.000000    -0.993725    -0.111966 
       26         1   -11.3201   1.000012    -0.000000     0.993724     0.111966 
       27         1   -11.1684   1.000012     0.000000    -0.993724    -0.111966 
       28         1   -11.1395   1.000013     0.000000     0.993725     0.111966 
       29         1   -11.0174   1.000013     0.000000    -0.993725    -0.111966 
       30         1   -10.9908   1.000013    -0.000000     0.993725     0.111966 
       31         1   -10.9066   1.000013     0.000000    -0.993726    -0.111966 
       32         1   -10.8703   1.000012    -0.000000     0.993724     0.111966 
       33         1    -6.2098   1.000013     0.000000     0.993725     0.111966 
       34         1    -6.1701   1.000015    -0.000000    -0.993727    -0.111966 
       35         1    -5.6479   1.000012    -0.000000     0.993724     0.111966 
       36         1    -5.5454   1.000012     0.000000    -0.993724    -0.111966 
       37         1    -2.7788   1.000013     0.000000     0.993725     0.111966 
       38         1    -2.6881   1.000015     0.000000    -0.993727    -0.111966 
       39         1    -2.5654   1.000017     0.000000     0.993729     0.111966 
       40         1    -2.3378   1.000014    -0.000000    -0.993726    -0.111966 
       41         1    -2.2402   1.000011    -0.000000     0.993723     0.111966 
       42         1    -2.1193   1.000018     0.000000    -0.993730    -0.111966 
       43         1    -1.9381   1.000008     0.000000    -0.993720    -0.111965 
       44         1    -1.6836   1.000008     0.000000     0.993720     0.111965 
       45         1    -1.5855   1.000008    -0.000000    -0.993720    -0.111965 
       46         1    -1.4681   1.000009    -0.000000    -0.993721    -0.111965 
       47         1    -1.3380   1.000010    -0.000000     0.993722     0.111966 
       48         1    -1.2402   1.000008    -0.000000     0.993720     0.111965 
       49         1    -1.1891   1.000010    -0.000000     0.993722     0.111966 
       50         1    -1.1333   1.000010     0.000000    -0.993722    -0.111966 
       51         1    -1.0034   1.000009    -0.000000    -0.993721    -0.111966 
       52         1    -0.9954   1.000009     0.000000     0.993722     0.111966 
       53         1    -0.8770   1.000010    -0.000000     0.993722     0.111966 
       54         1    -0.7540   1.000013    -0.000000     0.993725     0.111966 
       55         1    -0.7456   1.000012    -0.000000    -0.993724    -0.111966 
       56         1    -0.7111   1.000015     0.000000    -0.993727    -0.111966 
       57         1    -0.6514   1.000015    -0.000000     0.993727     0.111966 
       58         2    -0.6100   2.000032     0.000000    -0.000000    -0.000000 
       60         1    -0.5952   1.000014    -0.000000     0.993726     0.111966 
       61         1    -0.5784   1.000015    -0.000000    -0.993727    -0.111966 
       62         1    -0.5406   1.000014     0.000000    -0.993726    -0.111966 
       63         1    -0.5357   1.000014    -0.000000     0.993726     0.111966 
       64         1    -0.4757   1.000013    -0.000000    -0.993725    -0.111966 
       65         1    -0.4393   1.000012    -0.000000     0.993724     0.111966 
       66         1    -0.4022   1.000016    -0.000000    -0.993728    -0.111966 
       67         1    -0.3952   1.000012     0.000000     0.993724     0.111966 
       68         1    -0.3524   1.000014     0.000000    -0.993726    -0.111966 
       69         1     0.4144   1.000025     0.000000    -0.993736    -0.111967 
       70         1     0.4845   1.000026    -0.000000     0.993738     0.111967 
       71         1     0.5171   1.000027     0.000000     0.993739     0.111967 
       72         1     0.5714   1.000029    -0.000000    -0.993741    -0.111968 
       73         1     0.5887   1.000026    -0.000000    -0.993737    -0.111967 
       74         1     0.5894   1.000029     0.000000     0.993741     0.111968 
       75         1     0.6027   1.000032    -0.000000     0.993744     0.111968 
       76         1     0.6100   1.000025    -0.000000     0.993736     0.111967 
       77         1     0.6184   1.000026     0.000000    -0.993737    -0.111967 
       78         1     0.6315   1.000030     0.000000     0.993742     0.111968 
       79         1     0.6332   1.000028     0.000000    -0.993740    -0.111968 
       80         1     0.6595   1.000030     0.000000     0.993741     0.111968 
       81         1     0.6678   1.000029     0.000000    -0.993740    -0.111968 
       82         1     0.6846   1.000028     0.000000    -0.993739    -0.111968 
       83         1     0.7299   1.000024    -0.000000     0.993736     0.111967 
       84         1     0.7365   1.000024    -0.000000    -0.993736    -0.111967 
       85         1     0.8870   1.000021    -0.000000    -0.993733    -0.111967 
       86         1     0.8945   1.000019    -0.000000     0.993731     0.111967 
       87         1     1.0245   1.000017    -0.000000    -0.993729    -0.111966 
       88         1     1.0805   1.000018     0.000000     0.993730     0.111966 
       89         1     1.1467   1.000016     0.000000     0.993728     0.111966 
       90         1     1.2184   1.000015     0.000000    -0.993727    -0.111966 
       91         1     1.3411   1.000016     0.000000    -0.993728    -0.111966 
       92         1     1.3695   1.000016    -0.000000     0.993728     0.111966 
       93         1     1.4310   1.000022    -0.000000    -0.993733    -0.111967 
       94         1     1.4917   1.000019    -0.000000     0.993731     0.111967 
       95         1     1.5947   1.000020     0.000000    -0.993732    -0.111967 
       96         1     1.7133   1.000016     0.000000    -0.993728    -0.111966 
       97         1     1.7155   1.000017    -0.000000     0.993729     0.111966 
       98         1     1.8640   1.000015     0.000000     0.993727     0.111966 
       99         1     1.8872   1.000015    -0.000000    -0.993727    -0.111966 
      100         1     1.9910   1.000012     0.000000     0.993724     0.111966 
      101         1     2.2335   1.000013     0.000000     0.993725     0.111966 
      102         1     2.3247   1.000017    -0.000000    -0.993729    -0.111966 
      103         1     2.3882   1.000013    -0.000000     0.993725     0.111966 
      104         1     2.6105   1.000012     0.000000    -0.993724    -0.111966 
      105         1     2.8668   1.000010    -0.000000     0.993722     0.111966 
      106         1     2.9454   1.000011     0.000000     0.993723     0.111966 
      107         1     2.9854   1.000011    -0.000000    -0.993723    -0.111966 
      108         1     3.0471   1.000014     0.000000    -0.993726    -0.111966 
      109         1     4.6017   1.000010     0.000000    -0.993722    -0.111966 
      110         1     5.0278   1.000011    -0.000000     0.993723     0.111966 
      111         1     5.1802   1.000009    -0.000000    -0.993722    -0.111966 
      112         1     5.2872   1.000011    -0.000000     0.993723     0.111966 
      113         1     6.2679   1.000013     0.000000    -0.993725    -0.111966 
      114         1     6.5699   1.000013    -0.000000     0.993725     0.111966 
      115         1     6.6349   1.000014     0.000000    -0.993726    -0.111966 
      116         1     6.7317   1.000012     0.000000     0.993724     0.111966 
      117         1     6.8489   1.000011     0.000000    -0.993724    -0.111966 
      118         1     6.9966   1.000013    -0.000000     0.993725     0.111966 
      119         1     7.2923   1.000013     0.000000     0.993725     0.111966 
      120         1     7.4145   1.000014    -0.000000    -0.993727    -0.111966 
      121         1     7.7527   1.000012    -0.000000    -0.993724    -0.111966 
      122         1     7.9892   1.000013    -0.000000    -0.993725    -0.111966 
      123         1     8.1039   1.000016    -0.000000     0.993728     0.111966 
      124         1     8.3793   1.000013     0.000000     0.993725     0.111966 
      125         1     8.4947   1.000014    -0.000000    -0.993726    -0.111966 
      126         1     8.7630   1.000017    -0.000000     0.993729     0.111966 
      127         1     9.0198   1.000017    -0.000000     0.993729     0.111966 
      128         1     9.2259   1.000015    -0.000000    -0.993727    -0.111966 
      129         1     9.2993   1.000017     0.000000    -0.993729    -0.111966 
      130         1     9.3391   1.000013     0.000000     0.993726     0.111966 
      131         1     9.6651   1.000016     0.000000    -0.993728    -0.111966 
      132         1     9.7387   1.000014     0.000000     0.993726     0.111966 
      133         1     9.7984   1.000014     0.000000     0.993726     0.111966 
      134         1    10.0815   1.000016     0.000000     0.993728     0.111966 
      135         1    10.1191   1.000013     0.000000    -0.993725    -0.111966 
      136         1    10.2951   1.000017     0.000000     0.993729     0.111966 
      137         1    10.3261   1.000016    -0.000000    -0.993728    -0.111966 
      138         1    10.5469   1.000014     0.000000    -0.993726    -0.111966 
      139         1    10.7166   1.000014    -0.000000     0.993725     0.111966 
      140         1    11.0349   1.000015     0.000000    -0.993714    -0.111965 
      141         1    11.2688   1.000026    -0.000000     0.913464     0.102923 
2 
 1  3 
        1         2   -25.4553   2.000067     0.000000     0.000002    -0.000001 
        3         2   -25.4522   2.000079    -0.000000    -0.000025     0.000009 
        5         2   -25.4412   2.000076    -0.000000    -0.000005     0.000002 
        7         2   -25.4409   2.000095    -0.000000     0.000002    -0.000001 
        9         2   -25.4120   2.000070    -0.000000     0.000014    -0.000005 
       11         2   -25.4118   2.000071    -0.000000    -0.000014     0.000005 
       13         2   -25.3894   2.000091    -0.000000    -0.000002     0.000001 
       15         2   -25.3890   2.000115    -0.000000    -0.000009     0.000003 
       17         2   -25.3841   2.000105    -0.000000    -0.000028     0.000010 
       19         2   -25.3837   2.000070     0.000000    -0.000003     0.000001 
       21         1   -12.6675   1.000009    -0.000000     0.943892    -0.330282 
       22         1   -12.5019   1.000012     0.000000    -0.943895     0.330283 
       23         1   -11.8867   1.000013     0.000000    -0.943896     0.330283 
       24         1   -11.8710   1.000014     0.000000     0.943896    -0.330284 
       25         1   -11.4392   1.000012    -0.000000    -0.943895     0.330283 
       26         1   -11.3148   1.000013     0.000000     0.943895    -0.330283 
       27         1   -11.1297   1.000011    -0.000000    -0.943894     0.330283 
       28         1   -11.1206   1.000015     0.000000     0.943897    -0.330284 
       29         1   -10.9920   1.000014    -0.000000    -0.943896     0.330284 
       30         1   -10.9049   1.000015     0.000000     0.943897    -0.330284 
       31         1   -10.8881   1.000014     0.000000    -0.943896     0.330284 
       32         1   -10.8272   1.000013    -0.000000     0.943895    -0.330283 
       33         1    -6.2200   1.000012     0.000000     0.943895    -0.330283 
       34         1    -6.1749   1.000013    -0.000000    -0.943896     0.330283 
       35         1    -5.6966   1.000012     0.000000     0.943894    -0.330283 
       36         1    -5.5709   1.000014     0.000000    -0.943896     0.330284 
       37         1    -2.7110   1.000015     0.000000     0.943898    -0.330284 
       38         1    -2.6998   1.000013    -0.000000    -0.943895     0.330283 
       39         1    -2.5707   1.000015    -0.000000     0.943898    -0.330284 
       40         1    -2.3681   1.000014    -0.000000    -0.943896     0.330284 
       41         1    -2.1557   1.000015    -0.000000    -0.943897     0.330284 
       42         1    -2.1190   1.000015     0.000000     0.943898    -0.330284 
       43         1    -1.9342   1.000014     0.000000     0.943897    -0.330284 
       44         1    -1.7757   1.000009     0.000000    -0.943892     0.330282 
       45         1    -1.5398   1.000007     0.000000    -0.943890     0.330281 
       46         1    -1.4923   1.000008     0.000000     0.943891    -0.330282 
       47         1    -1.4535   1.000010    -0.000000    -0.943892     0.330282 
       48         1    -1.3415   1.000007    -0.000000     0.943890    -0.330281 
       49         1    -1.1892   1.000009     0.000000     0.943892    -0.330282 
       50         1    -1.0857   1.000008    -0.000000    -0.943890     0.330282 
       51         1    -1.0765   1.000012     0.000000     0.943894    -0.330283 
       52         1    -1.0151   1.000010    -0.000000    -0.943893     0.330282 
       53         1    -0.8698   1.000011     0.000000    -0.943894     0.330283 
       54         1    -0.8664   1.000011     0.000000     0.943893    -0.330283 
       55         1    -0.8067   1.000013    -0.000000    -0.943895     0.330283 
       56         1    -0.7326   1.000012     0.000000     0.943894    -0.330283 
       57         1    -0.6312   1.000014     0.000000     0.943896    -0.330283 
       58         1    -0.6059   1.000017     0.000000     0.943899    -0.330285 
       59         1    -0.6018   1.000016     0.000000    -0.943898     0.330284 
       60         1    -0.5806   1.000016     0.000000     0.943898    -0.330284 
       61         1    -0.5762   1.000015     0.000000    -0.943897     0.330284 
       62         1    -0.5390   1.000016     0.000000    -0.943898     0.330284 
       63         1    -0.5254   1.000013     0.000000     0.943896    -0.330283 
       64         1    -0.4683   1.000012     0.000000    -0.943895     0.330283 
       65         1    -0.4202   1.000014     0.000000     0.943896    -0.330284 
       66         1    -0.4153   1.000014     0.000000    -0.943896     0.330284 
       67         1    -0.4078   1.000017    -0.000000     0.943899    -0.330285 
       68         1    -0.3379   1.000016     0.000000    -0.943898     0.330284 
       69         1     0.4294   1.000023    -0.000000    -0.943905     0.330287 
       70         1     0.5200   1.000030    -0.000000     0.943911    -0.330289 
       71         1     0.5454   1.000028    -0.000000     0.943909    -0.330288 
       72         1     0.5470   1.000031    -0.000000    -0.943912     0.330289 
       73         1     0.5785   1.000024     0.000000     0.943906    -0.330287 
       74         1     0.5836   1.000031     0.000000    -0.943912     0.330289 
       75         1     0.6015   1.000029     0.000000    -0.943910     0.330288 
       76         1     0.6039   1.000028     0.000000     0.943910    -0.330288 
       77         1     0.6215   1.000030    -0.000000     0.943911    -0.330289 
       78         1     0.6277   1.000026    -0.000000    -0.943908     0.330288 
       79         1     0.6329   1.000028     0.000000     0.943910    -0.330288 
       80         1     0.6557   1.000028     0.000000    -0.943909     0.330288 
       81         1     0.6591   1.000031     0.000000     0.943913    -0.330289 
       82         1     0.6884   1.000029     0.000000    -0.943911     0.330289 
       83         1     0.7406   1.000024    -0.000000    -0.943905     0.330287 
       84         1     0.7774   1.000026     0.000000     0.943908    -0.330288 
       85         1     0.8625   1.000022    -0.000000     0.943904    -0.330286 
       86         1     0.8825   1.000019     0.000000    -0.943901     0.330285 
       87         1     0.9942   1.000019     0.000000     0.943901    -0.330285 
       88         1     1.0531   1.000020     0.000000     0.943902    -0.330286 
       89         1     1.0609   1.000018    -0.000000    -0.943901     0.330285 
       90         1     1.2534   1.000019    -0.000000    -0.943901     0.330285 
       91         1     1.2776   1.000015    -0.000000     0.943898    -0.330284 
       92         1     1.3267   1.000016     0.000000    -0.943899     0.330284 
       93         1     1.4287   1.000023     0.000000    -0.943904     0.330286 
       94         1     1.4570   1.000025     0.000000     0.943907    -0.330287 
       95         1     1.6169   1.000018    -0.000000    -0.943900     0.330285 
       96         1     1.6694   1.000016    -0.000000    -0.943898     0.330284 
       97         1     1.7177   1.000017    -0.000000     0.943899    -0.330285 
       98         1     1.8852   1.000014     0.000000    -0.943897     0.330284 
       99         1     1.9251   1.000014    -0.000000     0.943896    -0.330284 
      100         1     2.1688   1.000012     0.000000    -0.943895     0.330283 
      101         1     2.2138   1.000013     0.000000     0.943895    -0.330283 
      102         1     2.3036   1.000014     0.000000     0.943897    -0.330284 
      103         1     2.4240   1.000013     0.000000     0.943896    -0.330283 
      104         1     2.5573   1.000013    -0.000000    -0.943896     0.330283 
      105         1     2.8387   1.000013     0.000000    -0.943895     0.330283 
      106         1     2.8618   1.000014     0.000000     0.943896    -0.330284 
      107         1     2.9512   1.000012    -0.000000    -0.943895     0.330283 
      108         1     3.1693   1.000013    -0.000000     0.943896    -0.330283 
      109         1     4.8116   1.000014     0.000000    -0.943896     0.330284 
      110         1     4.9867   1.000012     0.000000     0.943895    -0.330283 
      111         1     5.2601   1.000010    -0.000000     0.943893    -0.330282 
      112         1     5.3804   1.000012    -0.000000    -0.943895     0.330283 
      113         1     6.3620   1.000013    -0.000000    -0.943896     0.330283 
      114         1     6.5288   1.000014     0.000000     0.943896    -0.330284 
      115         1     6.7043   1.000013     0.000000     0.943895    -0.330283 
      116         1     6.9641   1.000014     0.000000    -0.943896     0.330284 
      117         1     7.0085   1.000013    -0.000000    -0.943896     0.330283 
      118         1     7.1374   1.000016    -0.000000     0.943898    -0.330284 
      119         1     7.4313   1.000015     0.000000    -0.943898     0.330284 
      120         1     7.4734   1.000016    -0.000000     0.943898    -0.330284 
      121         1     7.8250   1.000011     0.000000    -0.943893     0.330283 
      122         1     8.1819   1.000013    -0.000000    -0.943896     0.330283 
      123         1     8.2012   1.000013     0.000000     0.943895    -0.330283 
      124         1     8.6058   1.000014    -0.000000     0.943897    -0.330284 
      125         1     8.6847   1.000012     0.000000    -0.943894     0.330283 
      126         1     8.8791   1.000016    -0.000000     0.943899    -0.330284 
      127         1     9.1934   1.000017     0.000000    -0.943899     0.330285 
      128         1     9.2684   1.000014     0.000000    -0.943896     0.330284 
      129         1     9.3176   1.000016     0.000000     0.943898    -0.330284 
      130         1     9.4073   1.000018     0.000000     0.943900    -0.330285 
      131         1     9.5797   1.000015    -0.000000     0.943897    -0.330284 
      132         1     9.6757   1.000014     0.000000    -0.943896     0.330284 
      133         1     9.8071   1.000016     0.000000     0.943898    -0.330284 
      134         1     9.9533   1.000016    -0.000000    -0.943899     0.330284 
      135         1    10.0630   1.000016     0.000000     0.943898    -0.330284 
      136         1    10.1724   1.000017     0.000000    -0.943899     0.330285 
      137         1    10.2352   1.000017     0.000000     0.943899    -0.330285 
      138         1    10.4650   1.000014     0.000000    -0.943897     0.330284 
      139         1    10.7557   1.000016    -0.000000    -0.943898     0.330284 
      140         1    10.8026   1.000018     0.000000     0.943900    -0.330285 
      141         1    11.2712   1.000025     0.000000    -0.938993     0.328568 
4 
 1  2  3  4 
        1         2   -25.4553   2.000090    -0.000000    -0.000002     0.000002    -0.000000     0.000000    -0.000000     0.000000 
        3         2   -25.4522   2.000097     0.000000     0.000001    -0.000001    -0.000000    -0.000000    -0.000000     0.000000 
        5         2   -25.4412   2.000097    -0.000000    -0.000147     0.000185     0.000000     0.000003    -0.000005     0.000006 
        7         2   -25.4409   2.000088     0.000000     0.000148    -0.000186     0.000000    -0.000003     0.000005    -0.000006 
        9         2   -25.4120   2.000103     0.000000     0.000306    -0.000384     0.000000     0.000000    -0.000036     0.000045 
       11         2   -25.4118   2.000098    -0.000000    -0.000307     0.000385    -0.000000    -0.000000     0.000036    -0.000045 
       13         2   -25.3894   2.000107    -0.000000    -0.000122     0.000152     0.000000     0.000004     0.000000    -0.000000 
       15         2   -25.3890   2.000110    -0.000000     0.000124    -0.000155     0.000000    -0.000004    -0.000000     0.000000 
       17         2   -25.3841   2.000103    -0.000000     0.000101    -0.000126    -0.000000    -0.000002    -0.000003     0.000004 
       19         2   -25.3837   2.000097    -0.000000    -0.000102     0.000128    -0.000000     0.000002     0.000003    -0.000004 
       21         2   -12.5845   2.000038     0.000000     0.000000    -0.000000     0.000000    -0.000000     0.000000    -0.000000 
       23         2   -11.8984   2.000046    -0.000000    -0.000000     0.000000    -0.000000    -0.000000    -0.000000     0.000000 
       25         2   -11.3854   2.000045    -0.000000    -0.000000     0.000000     0.000000     0.000000    -0.000000     0.000000 
       27         2   -11.1414   2.000048     0.000000    -0.000000     0.000000     0.000000     0.000000    -0.000000     0.000000 
       29         2   -10.9372   2.000047    -0.000000    -0.000000     0.000000     0.000000    -0.000000    -0.000001     0.000001 
       31         2   -10.8221   2.000045     0.000000     0.000000    -0.000000    -0.000000     0.000000     0.000000    -0.000000 
       33         2    -6.1943   2.000045     0.000000    -0.000000     0.000000     0.000000     0.000000    -0.000000     0.000000 
       35         2    -5.5969   2.000048     0.000000     0.000000    -0.000000    -0.000000    -0.000000     0.000000    -0.000000 
       37         2    -2.6522   2.000054     0.000000     0.000000    -0.000000     0.000000     0.000000    -0.000000     0.000000 
       39         2    -2.4279   2.000059     0.000000     0.000000    -0.000000    -0.000000     0.000000     0.000000    -0.000000 
       41         2    -2.1855   2.000053     0.000000     0.000000    -0.000000     0.000000    -0.000000    -0.000000     0.000000 
       43         2    -1.7554   2.000028    -0.000000    -0.000000     0.000000    -0.000000     0.000000    -0.000000     0.000000 
       45         2    -1.5501   2.000030     0.000000    -0.000000     0.000000     0.000000    -0.000000     0.000000    -0.000000 
       47         2    -1.3696   2.000029     0.000000     0.000000    -0.000000    -0.000000     0.000000     0.000000    -0.000000 
       49         2    -1.1916   2.000028    -0.000000    -0.000000     0.000000     0.000000    -0.000000    -0.000000     0.000000 
       51         2    -1.0761   2.000034     0.000000    -0.000000     0.000000     0.000000     0.000000    -0.000000     0.000000 
       53         2    -0.9216   2.000044    -0.000000    -0.000000     0.000000    -0.000000    -0.000000    -0.000000     0.000000 
       55         2    -0.8447   2.000034     0.000000     0.000000    -0.000000    -0.000000     0.000000    -0.000000     0.000000 
       57         2    -0.6217   2.000044    -0.000000    -0.000001     0.000001    -0.000000     0.000000    -0.000000     0.000000 
       59         2    -0.5932   2.000042     0.000000     0.000001    -0.000001    -0.000000    -0.000000    -0.000000     0.000000 
       61         2    -0.5565   2.000042    -0.000000     0.000000    -0.000000    -0.000000    -0.000000     0.000001    -0.000001 
       63         2    -0.5106   2.000048     0.000000    -0.000000     0.000000     0.000000    -0.000000     0.000000    -0.000000 
       65         2    -0.4344   2.000044     0.000000    -0.000000     0.000000     0.000000     0.000000     0.000000    -0.000000 
       67         2    -0.3811   2.000044    -0.000000    -0.000000     0.000000     0.000000    -0.000000     0.000000    -0.000000 
       69         2     0.5064   2.000075    -0.000000     0.000001    -0.000002    -0.000000     0.000000    -0.000001     0.000001 
       71         2     0.5352   2.000079     0.000000    -0.000000     0.000000    -0.000000     0.000000     0.000000    -0.000000 
       73         2     0.5654   2.000076     0.000000     0.000000    -0.000000    -0.000000     0.000000    -0.000000     0.000000 
       75         2     0.6048   2.000078     0.000000     0.000000    -0.000000    -0.000000    -0.000000    -0.000001     0.000001 
       77         2     0.6273   2.000077    -0.000000    -0.000000     0.000000    -0.000000     0.000000    -0.000001     0.000001 
       79         2     0.6403   2.000086     0.000000     0.000000    -0.000000     0.000000     0.000000    -0.000000     0.000000 
       81         2     0.6643   2.000092     0.000000     0.000001    -0.000001    -0.000000     0.000000     0.000001    -0.000001 
       83         2     0.7364   2.000074    -0.000000     0.000000    -0.000001    -0.000000     0.000000     0.000000    -0.000000 
       85         2     0.9432   2.000047    -0.000000    -0.000000     0.000000    -0.000000    -0.000000    -0.000000     0.000000 
       87         2     1.0311   2.000052     0.000000     0.000000    -0.000000    -0.000000     0.000000     0.000000    -0.000000 
       89         2     1.1507   2.000056     0.000000     0.000000    -0.000000     0.000000    -0.000000     0.000001    -0.000001 
       91         2     1.2065   2.000051    -0.000000    -0.000000     0.000000    -0.000000    -0.000000     0.000000    -0.000001 
       93         2     1.4563   2.000067    -0.000000     0.000000    -0.000001     0.000000     0.000000    -0.000000     0.000000 
       95         2     1.6070   2.000051     0.000000    -0.000000     0.000000     0.000000    -0.000000    -0.000000     0.000001 
       97         2     1.7566   2.000045    -0.000000     0.000000    -0.000000     0.000000    -0.000000     0.000000    -0.000000 
       99         2     1.9153   2.000044     0.000000     0.000000    -0.000000     0.000000     0.000000    -0.000000     0.000000 
      101         2     2.3276   2.000049    -0.000000     0.000000    -0.000000     0.000000     0.000000     0.000000    -0.000001 
      103         2     2.4178   2.000041    -0.000000    -0.000000     0.000000     0.000000    -0.000000     0.000000    -0.000000 
      105         2     2.6603   2.000046     0.000000    -0.000000     0.000000    -0.000000     0.000000    -0.000000     0.000000 
      107         2     2.9384   2.000048    -0.000000     0.000000    -0.000000    -0.000000     0.000000    -0.000000     0.000000 
      109         2     5.1704   2.000047    -0.000000    -0.000000     0.000000    -0.000000     0.000000    -0.000000     0.000000 
      111         2     5.5099   2.000042    -0.000000     0.000000    -0.000000    -0.000000     0.000000    -0.000000     0.000001 
      113         2     6.8110   2.000052     0.000000     0.000000    -0.000000     0.000000     0.000000    -0.000000     0.000000 
      115         2     6.9232   2.000056    -0.000000     0.000000    -0.000000     0.000000    -0.000000     0.000000    -0.000000 
      117         2     7.2610   2.000050    -0.000000    -0.000000     0.000000     0.000000     0.000000    -0.000000     0.000000 
      119         2     7.8330   2.000049     0.000000     0.000000    -0.000000     0.000000     0.000000     0.000000    -0.000000 
      121         2     8.0613   2.000047    -0.000000    -0.000000     0.000000     0.000000     0.000000    -0.000000     0.000000 
      123         2     8.5184   2.000054     0.000000     0.000000    -0.000000     0.000000    -0.000000    -0.000000     0.000000 
      125         2     8.9094   2.000060    -0.000000    -0.000000     0.000000     0.000000    -0.000000    -0.000000     0.000000 
      127         2     9.1294   2.000047    -0.000000    -0.000000     0.000000     0.000000     0.000000     0.000000    -0.000000 
      129         2     9.4482   2.000048     0.000000    -0.000000     0.000000     0.000000     0.000000     0.000000    -0.000000 
      131         2     9.7836   2.000049    -0.000000    -0.000000     0.000000     0.000000     0.000000    -0.000000     0.000000 
      133         2     9.9168   2.000052     0.000000    -0.000001     0.000001     0.000000     0.000001    -0.000000     0.000001 
      135         2    10.1041   2.000060     0.000000    -0.000000     0.000000    -0.000000     0.000000    -0.000000     0.000000 
      137         2    10.3714   2.000057    -0.000000    -0.000000     0.000000     0.000000     0.000000     0.000002    -0.000002 
      139         2    10.7263   2.000052    -0.000000     0.000103    -0.000129    -0.000000    -0.000323    -0.000061     0.000076 
      141         1    11.0847   1.000028     0.000000    -0.525997     0.659580    -0.000000     0.459642     0.171228    -0.214713 
4 
 1  2  3  4 
        1         2   -25.4553   2.000090    -0.000000    -0.000002     0.000003     0.000000     0.000000     0.000000    -0.000000 
        3         2   -25.4522   2.000086    -0.000000     0.000001    -0.000002    -0.000000    -0.000000     0.000000    -0.000000 
        5         2   -25.4412   2.000100    -0.000000    -0.000148     0.000185    -0.000002    -0.000005    -0.000001     0.000003 
        7         2   -25.4409   2.000092    -0.000000     0.000146    -0.000183     0.000002     0.000005     0.000001    -0.000003 
        9         2   -25.4120   2.000104    -0.000000     0.000366    -0.000459    -0.000010    -0.000022    -0.000009     0.000039 
       11         2   -25.4118   2.000098     0.000000    -0.000368     0.000462     0.000010     0.000022     0.000009    -0.000039 
       13         2   -25.3894   2.000113    -0.000000    -0.000120     0.000150    -0.000001    -0.000003     0.000000    -0.000000 
       15         2   -25.3890   2.000111    -0.000000     0.000123    -0.000154     0.000001     0.000003    -0.000000     0.000000 
       17         2   -25.3841   2.000101    -0.000000     0.000101    -0.000127     0.000001     0.000003    -0.000000     0.000001 
       19         2   -25.3837   2.000097     0.000000    -0.000101     0.000127    -0.000001    -0.000003     0.000000    -0.000001 
       21         2   -12.5338   2.000039    -0.000000     0.000000    -0.000000    -0.000000    -0.000000    -0.000000     0.000000 
       23         2   -11.9238   2.000043     0.000000     0.000000     0.000000    -0.000000    -0.000000    -0.000000     0.000000 
       25         2   -11.3720   2.000040     0.000000    -0.000000     0.000000     0.000000    -0.000000    -0.000000     0.000000 
       27         2   -11.1873   2.000042    -0.000000    -0.000000    -0.000000    -0.000000    -0.000000    -0.000000     0.000000 
       29         2   -10.9737   2.000042    -0.000000     0.000000    -0.000000    -0.000000    -0.000000     0.000000    -0.000000 
       31         2   -10.8183   2.000051    -0.000000    -0.000000     0.000000    -0.000000    -0.000000    -0.000000     0.000000 
       33         2    -6.1803   2.000047    -0.000000    -0.000000     0.000000     0.000000     0.000000     0.000000    -0.000000 
       35         2    -5.5117   2.000047    -0.000000     0.000000    -0.000000    -0.000000    -0.000000    -0.000000     0.000000 
       37         2    -2.5585   2.000054     0.000000     0.000000    -0.000000    -0.000000     0.000000     0.000000    -0.000000 
       39         2    -2.3816   2.000054    -0.000000     0.000000    -0.000000    -0.000000    -0.000000     0.000000    -0.000000 
       41         2    -2.1791   2.000051    -0.000000     0.000000    -0.000000    -0.000000     0.000000    -0.000000     0.000000 
       43         2    -1.7017   2.000028    -0.000000    -0.000000     0.000000    -0.000000    -0.000000     0.000000    -0.000000 
       45         2    -1.6043   2.000030     0.000000    -0.000000     0.000000    -0.000000    -0.000000    -0.000000     0.000000 
       47         2    -1.3607   2.000031     0.000000    -0.000000     0.000000     0.000000     0.000000    -0.000000     0.000000 
       49         2    -1.2619   2.000032     0.000000    -0.000000     0.000000    -0.000000    -0.000000    -0.000000     0.000000 
       51         2    -1.1292   2.000035     0.000000     0.000000    -0.000000     0.000000     0.000000     0.000000    -0.000000 
       53         2    -0.9397   2.000033     0.000000    -0.000000     0.000000     0.000000     0.000000     0.000000    -0.000000 
       55         2    -0.8295   2.000034    -0.000000     0.000000    -0.000000     0.000000     0.000000    -0.000000     0.000001 
       57         2    -0.6438   2.000044     0.000000     0.000000    -0.000000    -0.000000    -0.000000    -0.000000     0.000001 
       59         2    -0.6198   2.000037     0.000000    -0.000000     0.000000     0.000000     0.000000     0.000000    -0.000000 
       61         2    -0.5506   2.000055     0.000000     0.000000    -0.000001     0.000000     0.000000    -0.000000     0.000000 
       63         2    -0.4953   2.000043    -0.000000    -0.000000     0.000000    -0.000000    -0.000000    -0.000000     0.000001 
       65         2    -0.4498   2.000041     0.000000     0.000000    -0.000000     0.000000     0.000000     0.000000    -0.000000 
       67         2    -0.3877   2.000050    -0.000000    -0.000000     0.000000    -0.000000    -0.000000     0.000000    -0.000000 
       69         2     0.5082   2.000083     0.000000     0.000000    -0.000000    -0.000000    -0.000000     0.000000    -0.000002 
       71         2     0.5339   2.000080    -0.000000    -0.000002     0.000002     0.000000     0.000000    -0.000000     0.000000 
       73         2     0.5705   2.000079    -0.000000     0.000001    -0.000001     0.000000     0.000000     0.000000    -0.000001 
       75         2     0.5989   2.000084    -0.000000    -0.000001     0.000002     0.000000     0.000000    -0.000000     0.000000 
       77         2     0.6306   2.000099    -0.000000    -0.000000     0.000001     0.000000     0.000000    -0.000000     0.000001 
       79         2     0.6616   2.000078    -0.000000     0.000001    -0.000001     0.000000     0.000000    -0.000000     0.000000 
       81         2     0.6802   2.000091    -0.000000     0.000001    -0.000001    -0.000000    -0.000000     0.000000    -0.000000 
       83         2     0.7477   2.000076    -0.000000     0.000001    -0.000001    -0.000000    -0.000000    -0.000000     0.000000 
       85         2     0.9069   2.000056    -0.000000     0.000000    -0.000001     0.000000     0.000000     0.000000    -0.000000 
       87         2     1.0814   2.000054     0.000000     0.000001    -0.000002     0.000000     0.000000     0.000000    -0.000001 
       89         2     1.0948   2.000047     0.000000    -0.000002     0.000002    -0.000000    -0.000000    -0.000000     0.000000 
       91         2     1.2925   2.000052     0.000000     0.000001    -0.000001     0.000000     0.000000     0.000000    -0.000000 
       93         2     1.3453   2.000063     0.000000    -0.000001     0.000001     0.000000     0.000000    -0.000000     0.000000 
       95         2     1.5793   2.000061    -0.000000    -0.000000     0.000000     0.000000     0.000000    -0.000000     0.000000 
       97         2     1.7093   2.000049    -0.000000     0.000000    -0.000000     0.000000     0.000000     0.000000    -0.000000 
       99         2     1.8415   2.000045    -0.000000    -0.000000     0.000001     0.000000     0.000000    -0.000000     0.000000 
      101         2     2.2230   2.000047    -0.000000    -0.000000     0.000000    -0.000000     0.000000    -0.000000     0.000000 
      103         2     2.4896   2.000045    -0.000000     0.000000    -0.000000    -0.000000    -0.000000    -0.000000     0.000000 
      105         2     2.5890   2.000044    -0.000000     0.000000    -0.000000    -0.000000    -0.000000    -0.000000     0.000000 
      107         2     2.7962   2.000043    -0.000000     0.000000    -0.000000    -0.000000    -0.000000     0.000000    -0.000000 
      109         2     5.2966   2.000050    -0.000000     0.000000    -0.000000     0.000000     0.000000    -0.000000     0.000000 
      111         2     5.5774   2.000045    -0.000000    -0.000000     0.000000    -0.000000    -0.000000     0.000000    -0.000000 
      113         2     6.8031   2.000046    -0.000000    -0.000000     0.000001     0.000000     0.000000    -0.000000     0.000000 
      115         2     6.8842   2.000044    -0.000000     0.000000    -0.000000    -0.000000    -0.000000    -0.000000     0.000000 
      117         2     7.5946   2.000057    -0.000000    -0.000000     0.000000    -0.000000    -0.000000    -0.000000     0.000000 
      119         2     7.9547   2.000049    -0.000000     0.000000    -0.000000     0.000000     0.000000    -0.000000     0.000000 
      121         2     8.2463   2.000053    -0.000000    -0.000000     0.000000     0.000000     0.000000    -0.000000     0.000000 
      123         2     8.5138   2.000050     0.000000     0.000000    -0.000000     0.000000     0.000000     0.000000    -0.000000 
      125         2     8.9555   2.000058     0.000000     0.000000    -0.000000    -0.000000    -0.000000     0.000000    -0.000000 
      127         2     9.1662   2.000050    -0.000000     0.000000    -0.000000    -0.000000    -0.000000    -0.000000     0.000000 
      129         2     9.4472   2.000055    -0.000000     0.000000    -0.000000    -0.000000    -0.000000    -0.000000     0.000000 
      131         2     9.7800   2.000066     0.000000     0.000000    -0.000000    -0.000000    -0.000000     0.000000    -0.000000 
      133         2    10.0664   2.000056    -0.000000    -0.000000     0.000000    -0.000000    -0.000000     0.000000    -0.000000 
      135         2    10.3571   2.000054    -0.000000     0.000001    -0.000002     0.000002     0.000003    -0.000000     0.000000 
      137         2    10.4520   2.000064    -0.000000     0.000000    -0.000000    -0.000001    -0.000001    -0.000000     0.000001 
      139         2    10.6941   2.000053     0.000000    -0.000020     0.000025     0.000003     0.000006    -0.000006     0.000025 
      141         1    11.0867   1.000026    -0.000000     0.476870    -0.597976    -0.063276    -0.131394     0.121835    -0.533793 
4 
 1  2  3  4 
        1         2   -25.4553   2.000096    -0.000000    -0.000002     0.000002     0.000000     0.000000     0.000000     0.000000 
        3         2   -25.4522   2.000084    -0.000000     0.000001    -0.000001    -0.000000    -0.000000    -0.000000    -0.000000 
        5         2   -25.4412   2.000101     0.000000    -0.000141     0.000176    -0.000005    -0.000004     0.000001     0.000003 
        7         2   -25.4409   2.000089     0.000000     0.000142    -0.000179     0.000005     0.000004    -0.000001    -0.000003 
        9         2   -25.4120   2.000096    -0.000000     0.000428    -0.000537    -0.000018    -0.000014    -0.000001    -0.000005 
       11         2   -25.4118   2.000106    -0.000000    -0.000431     0.000541     0.000018     0.000014     0.000001     0.000005 
       13         2   -25.3894   2.000110     0.000000    -0.000121     0.000152     0.000000     0.000000     0.000000     0.000001 
       15         2   -25.3890   2.000109    -0.000000     0.000122    -0.000153    -0.000000    -0.000000    -0.000000    -0.000001 
       17         2   -25.3841   2.000110    -0.000000     0.000100    -0.000125     0.000000     0.000000    -0.000000    -0.000001 
       19         2   -25.3837   2.000096     0.000000    -0.000100     0.000126    -0.000000    -0.000000     0.000000     0.000001 
       21         2   -12.4725   2.000043    -0.000000     0.000000    -0.000000    -0.000000     0.000000    -0.000000    -0.000000 
       23         2   -11.9243   2.000042    -0.000000    -0.000000     0.000000     0.000000     0.000000    -0.000000    -0.000000 
       25         2   -11.3928   2.000041    -0.000000     0.000000    -0.000000     0.000000     0.000000    -0.000000    -0.000000 
       27         2   -11.2002   2.000044     0.000000     0.000000     0.000000    -0.000000    -0.000000     0.000000     0.000000 
       29         2   -11.0178   2.000047    -0.000000    -0.000000     0.000000    -0.000000    -0.000000     0.000000     0.000000 
       31         2   -10.8523   2.000044    -0.000000    -0.000000    -0.000000     0.000000     0.000000     0.000000     0.000000 
       33         2    -6.1670   2.000047     0.000000    -0.000000     0.000000    -0.000000    -0.000000    -0.000000    -0.000000 
       35         2    -5.4511   2.000044    -0.000000     0.000000    -0.000000    -0.000000     0.000000    -0.000000    -0.000000 
       37         2    -2.5658   2.000060     0.000000    -0.000000     0.000000    -0.000000    -0.000000    -0.000000    -0.000000 
       39         2    -2.2879   2.000052    -0.000000    -0.000000     0.000000    -0.000000    -0.000000    -0.000000    -0.000000 
       41         2    -2.0729   2.000058     0.000000     0.000000    -0.000000     0.000000     0.000000    -0.000000    -0.000000 
       43         2    -1.8925   2.000060    -0.000000     0.000000    -0.000000     0.000000     0.000000     0.000000     0.000000 
       45         2    -1.5765   2.000033    -0.000000     0.000000    -0.000000     0.000000     0.000000    -0.000000    -0.000000 
       47         2    -1.3568   2.000030    -0.000000     0.000000    -0.000000     0.000000     0.000000     0.000000     0.000000 
       49         2    -1.2610   2.000029     0.000000     0.000000    -0.000000    -0.000000    -0.000000     0.000000     0.000000 
       51         2    -1.0276   2.000025     0.000000     0.000000    -0.000000    -0.000000    -0.000000    -0.000000    -0.000000 
       53         2    -0.9837   2.000033    -0.000000     0.000000    -0.000000    -0.000000    -0.000000    -0.000000    -0.000000 
       55         2    -0.7560   2.000037     0.000000    -0.000000     0.000000     0.000000     0.000000    -0.000000    -0.000000 
       57         2    -0.6840   2.000032     0.000000     0.000000    -0.000000    -0.000000    -0.000000     0.000000     0.000001 
       59         2    -0.6227   2.000039    -0.000000    -0.000001     0.000001     0.000000     0.000000    -0.000000    -0.000001 
       61         2    -0.5366   2.000046    -0.000000    -0.000000     0.000000    -0.000000    -0.000000     0.000000     0.000001 
       63         2    -0.4916   2.000034    -0.000000     0.000001    -0.000001     0.000000     0.000000     0.000000     0.000000 
       65         2    -0.4443   2.000039     0.000000    -0.000000     0.000000    -0.000000    -0.000000     0.000000     0.000001 
       67         2    -0.3985   2.000048    -0.000000    -0.000000     0.000000    -0.000000    -0.000000    -0.000000    -0.000001 
       69         2     0.5101   2.000082    -0.000000    -0.000000     0.000000     0.000000     0.000000     0.000000     0.000002 
       71         2     0.5311   2.000078     0.000000    -0.000001     0.000001    -0.000000    -0.000000    -0.000000    -0.000001 
       73         2     0.5724   2.000084    -0.000000    -0.000001     0.000001     0.000000     0.000000    -0.000000    -0.000000 
       75         2     0.6080   2.000084    -0.000000    -0.000000     0.000001     0.000000     0.000000    -0.000000    -0.000000 
       77         2     0.6353   2.000094    -0.000000     0.000000    -0.000000     0.000000     0.000000    -0.000000    -0.000001 
       79         2     0.6502   2.000095     0.000000    -0.000000     0.000000    -0.000000    -0.000000     0.000000     0.000000 
       81         2     0.6886   2.000082    -0.000000    -0.000000     0.000000     0.000000     0.000000    -0.000000    -0.000000 
       83         2     0.7521   2.000072    -0.000000    -0.000000     0.000000    -0.000000    -0.000000     0.000000     0.000000 
       85         2     0.9223   2.000066    -0.000000    -0.000000     0.000000     0.000000     0.000000    -0.000000    -0.000000 
       87         2     1.0581   2.000055     0.000000    -0.000000     0.000000     0.000000     0.000000    -0.000000    -0.000001 
       89         2     1.1554   2.000052    -0.000000    -0.000001     0.000001     0.000000     0.000000     0.000000     0.000001 
       91         2     1.3068   2.000056    -0.000000     0.000000    -0.000000     0.000000     0.000000    -0.000000    -0.000000 
       93         2     1.4215   2.000046     0.000000     0.000000    -0.000000     0.000000     0.000000     0.000000     0.000000 
       95         2     1.5977   2.000060    -0.000000    -0.000000     0.000000     0.000000     0.000000     0.000000     0.000002 
       97         2     1.6310   2.000062     0.000000     0.000000    -0.000000     0.000000     0.000000    -0.000001    -0.000003 
       99         2     1.7351   2.000057    -0.000000    -0.000000    -0.000000    -0.000000    -0.000000     0.000000     0.000000 
      101         2     2.0696   2.000053    -0.000000     0.000000    -0.000000    -0.000000    -0.000000     0.000000     0.000000 
      103         2     2.4120   2.000040     0.000000     0.000000    -0.000000     0.000000     0.000000     0.000000     0.000000 
      105         2     2.5908   2.000037     0.000000     0.000000    -0.000000     0.000000     0.000000     0.000000     0.000000 
      107         2     2.8614   2.000045     0.000000    -0.000000     0.000000     0.000000     0.000000    -0.000000    -0.000000 
      109         2     5.2815   2.000045     0.000000     0.000000    -0.000000     0.000000     0.000000     0.000000     0.000000 
      111         2     5.5703   2.000048    -0.000000    -0.000000     0.000000    -0.000000    -0.000000     0.000000     0.000000 
      113         2     6.6230   2.000047     0.000000    -0.000000     0.000000    -0.000000    -0.000000    -0.000000    -0.000000 
      115         2     6.8154   2.000048     0.000000     0.000000    -0.000000     0.000000     0.000000    -0.000000    -0.000000 
      117         2     7.6794   2.000052     0.000000     0.000000    -0.000000    -0.000000    -0.000000     0.000000     0.000001 
      119         2     7.8817   2.000049     0.000000    -0.000000    -0.000000    -0.000000    -0.000000     0.000000     0.000000 
      121         2     8.2444   2.000054    -0.000000    -0.000000     0.000000    -0.000000    -0.000000    -0.000000    -0.000000 
      123         2     8.4543   2.000043    -0.000000    -0.000000     0.000000    -0.000000    -0.000000    -0.000000    -0.000000 
      125         2     8.9643   2.000054    -0.000000     0.000000    -0.000000     0.000000     0.000000     0.000000     0.000001 
      127         2     9.0799   2.000052    -0.000000    -0.000000     0.000000     0.000000     0.000000    -0.000000    -0.000000 
      129         2     9.4669   2.000053     0.000000     0.000000    -0.000000     0.000000     0.000000     0.000000     0.000000 
      131         2     9.8011   2.000055    -0.000000    -0.000000     0.000000    -0.000000    -0.000000    -0.000000    -0.000000 
      133         2    10.0147   2.000053    -0.000000    -0.000000     0.000000    -0.000000    -0.000000     0.000000     0.000000 
      135         2    10.3155   2.000053     0.000000     0.000003    -0.000004     0.000008     0.000006     0.000001     0.000005 
      137         2    10.5230   2.000053    -0.000000     0.000001    -0.000001     0.000006     0.000005     0.000002     0.000010 
      139         1    10.6179   1.000027    -0.000000    -0.368195     0.461702    -0.542091    -0.432303    -0.091901    -0.402646 
      140         1    10.6180   1.000028     0.000000     0.368249    -0.461769     0.542032     0.432256     0.091838     0.402369 
      141         1    10.9775   1.000025     0.000000    -0.405597     0.508603    -0.392594    -0.313083     0.126799     0.555545 
4 
 1  2  3  4 
        1         2   -25.4553   2.000089     0.000000    -0.000002     0.000003     0.000000     0.000000     0.000000     0.000000 
        3         2   -25.4522   2.000097    -0.000000    -0.000001     0.000001     0.000000     0.000000    -0.000000    -0.000000 
        5         2   -25.4412   2.000108     0.000000    -0.000141     0.000177    -0.000010    -0.000002     0.000002     0.000003 
        7         2   -25.4409   2.000088    -0.000000     0.000139    -0.000175     0.000009     0.000002    -0.000002    -0.000003 
        9         2   -25.4120   2.000099     0.000000     0.000403    -0.000506    -0.000039    -0.000009    -0.000008    -0.000009 
       11         2   -25.4118   2.000103     0.000000    -0.000406     0.000510     0.000039     0.000009     0.000007     0.000009 
       13         2   -25.3894   2.000107    -0.000000    -0.000128     0.000160    -0.000006    -0.000001    -0.000000    -0.000000 
       15         2   -25.3890   2.000118     0.000000     0.000128    -0.000161     0.000006     0.000001     0.000000     0.000000 
       17         2   -25.3841   2.000110    -0.000000     0.000098    -0.000122     0.000006     0.000001    -0.000003    -0.000004 
       19         2   -25.3836   2.000103    -0.000000    -0.000099     0.000124    -0.000006    -0.000001     0.000003     0.000004 
       21         2   -12.4525   2.000043     0.000000    -0.000000     0.000000     0.000000    -0.000000     0.000000     0.000000 
       23         2   -11.8984   2.000042    -0.000000    -0.000000     0.000000    -0.000000     0.000000    -0.000000    -0.000000 
       25         2   -11.4024   2.000034     0.000000    -0.000000     0.000000     0.000000     0.000000     0.000000     0.000000 
       27         2   -11.1912   2.000044    -0.000000    -0.000000     0.000000    -0.000000    -0.000000    -0.000000    -0.000000 
       29         2   -11.0436   2.000049     0.000000    -0.000000     0.000000     0.000000     0.000000     0.000000     0.000000 
       31         2   -10.8961   2.000051     0.000000    -0.000000     0.000000    -0.000000    -0.000000    -0.000000    -0.000000 
       33         2    -6.1652   2.000045    -0.000000    -0.000000     0.000000     0.000000     0.000000    -0.000000    -0.000000 
       35         2    -5.4596   2.000046    -0.000000     0.000000    -0.000000     0.000000     0.000000     0.000000     0.000000 
       37         2    -2.6565   2.000057     0.000000    -0.000000     0.000000     0.000000     0.000000    -0.000000    -0.000000 
       39         2    -2.2384   2.000051     0.000000     0.000000    -0.000000    -0.000000     0.000000    -0.000000    -0.000000 
       41         2    -2.0896   2.000055    -0.000000    -0.000000     0.000000    -0.000000    -0.000000    -0.000000    -0.000000 
       43         2    -1.8808   2.000029     0.000000     0.000000    -0.000000     0.000000     0.000000     0.000000     0.000000 
       45         2    -1.6230   2.000028    -0.000000     0.000000    -0.000000     0.000000     0.000000    -0.000000    -0.000000 
       47         2    -1.2708   2.000029    -0.000000     0.000000    -0.000000     0.000000     0.000000    -0.000000    -0.000000 
       49         2    -1.1871   2.000035     0.000000     0.000000    -0.000000     0.000000     0.000000     0.000000     0.000000 
       51         2    -1.0373   2.000028     0.000000    -0.000000     0.000000    -0.000000    -0.000000     0.000000     0.000000 
       53         2    -0.8865   2.000036     0.000000    -0.000000     0.000000     0.000000     0.000000    -0.000000    -0.000000 
       55         2    -0.7409   2.000041    -0.000000    -0.000000     0.000000    -0.000000    -0.000000    -0.000000    -0.000000 
       57         2    -0.6995   2.000044    -0.000000     0.000000    -0.000000     0.000000     0.000000     0.000000     0.000000 
       59         2    -0.5724   2.000041     0.000000     0.000001    -0.000001     0.000000     0.000000     0.000000     0.000000 
       61         2    -0.5264   2.000046    -0.000000    -0.000000     0.000001     0.000000     0.000000     0.000001     0.000002 
       63         2    -0.4952   2.000043    -0.000000     0.000001    -0.000001     0.000000     0.000000    -0.000000    -0.000000 
       65         2    -0.4591   2.000042    -0.000000     0.000001    -0.000001    -0.000000    -0.000000     0.000000     0.000001 
       67         2    -0.3951   2.000038    -0.000000     0.000000    -0.000000     0.000000     0.000000    -0.000000    -0.000000 
       69         2     0.4749   2.000065     0.000000    -0.000000     0.000000     0.000000     0.000000     0.000000     0.000000 
       71         2     0.5208   2.000081     0.000000    -0.000001     0.000001    -0.000000    -0.000000     0.000000     0.000000 
       73         2     0.5592   2.000083     0.000000    -0.000001     0.000001    -0.000000    -0.000000     0.000000     0.000000 
       75         2     0.6104   2.000072     0.000000     0.000002    -0.000002    -0.000000    -0.000000     0.000000     0.000000 
       77         2     0.6351   2.000080     0.000000    -0.000002     0.000002     0.000000     0.000000     0.000001     0.000002 
       79         2     0.6479   2.000092    -0.000000    -0.000001     0.000002    -0.000000    -0.000000     0.000001     0.000002 
       81         2     0.6710   2.000086     0.000000     0.000001    -0.000001    -0.000000    -0.000000     0.000001     0.000001 
       83         2     0.7604   2.000073    -0.000000     0.000001    -0.000001    -0.000000    -0.000000     0.000000     0.000000 
       85         2     0.9588   2.000050     0.000000     0.000000    -0.000000    -0.000000    -0.000000     0.000000     0.000000 
       87         2     1.1221   2.000056    -0.000000    -0.000001     0.000001    -0.000000    -0.000000    -0.000001    -0.000001 
       89         2     1.1844   2.000050    -0.000000     0.000000    -0.000000    -0.000000    -0.000000    -0.000001    -0.000001 
       91         2     1.3203   2.000044     0.000000     0.000000    -0.000000     0.000000     0.000000    -0.000000    -0.000000 
       93         2     1.3904   2.000063     0.000000    -0.000000     0.000000    -0.000000    -0.000000    -0.000000    -0.000000 
       95         2     1.5383   2.000052     0.000000    -0.000000     0.000000    -0.000000    -0.000000     0.000000     0.000000 
       97         2     1.6858   2.000038     0.000000     0.000000    -0.000000    -0.000000    -0.000000    -0.000000    -0.000000 
       99         2     1.8036   2.000049     0.000000    -0.000000     0.000000    -0.000000    -0.000000     0.000000     0.000000 
      101         2     2.1333   2.000039     0.000000    -0.000000     0.000000     0.000000     0.000000     0.000000     0.000000 
      103         2     2.2697   2.000040     0.000000     0.000000    -0.000000     0.000000     0.000000     0.000000     0.000000 
      105         2     2.6296   2.000042    -0.000000     0.000000    -0.000000    -0.000000    -0.000000     0.000000     0.000000 
      107         2     2.9786   2.000043    -0.000000     0.000000    -0.000000    -0.000000    -0.000000    -0.000000    -0.000000 
      109         2     5.1529   2.000039    -0.000000    -0.000000     0.000000    -0.000000    -0.000000     0.000000     0.000000 
      111         2     5.4781   2.000053     0.000000     0.000000    -0.000000     0.000000     0.000000    -0.000000    -0.000000 
      113         2     6.3179   2.000048    -0.000000    -0.000000     0.000000     0.000000     0.000000     0.000000     0.000000 
      115         2     6.8736   2.000046     0.000000     0.000000    -0.000000    -0.000000    -0.000000     0.000000     0.000000 
      117         2     7.4588   2.000053     0.000000     0.000000    -0.000000    -0.000000    -0.000000     0.000000     0.000000 
      119         2     7.7249   2.000051     0.000000    -0.000000     0.000000    -0.000000    -0.000000    -0.000000    -0.000000 
      121         2     8.0655   2.000054     0.000000     0.000000    -0.000000    -0.000000    -0.000000    -0.000000    -0.000000 
      123         2     8.3377   2.000045     0.000000    -0.000000     0.000000    -0.000000    -0.000000     0.000000     0.000000 
      125         2     8.8578   2.000049    -0.000000     0.000000    -0.000000    -0.000000    -0.000000     0.000000     0.000000 
      127         2     9.0423   2.000050     0.000000    -0.000000     0.000000     0.000000     0.000000     0.000000     0.000000 
      129         2     9.4968   2.000058     0.000000     0.000000    -0.000000    -0.000000    -0.000000    -0.000000    -0.000000 
      131         2     9.7231   2.000056     0.000000     0.000000    -0.000000    -0.000000    -0.000000    -0.000000    -0.000000 
      133         2     9.8731   2.000055    -0.000000    -0.000000     0.000000     0.000001     0.000000     0.000000     0.000000 
      135         2    10.1970   2.000053    -0.000000    -0.000000     0.000000    -0.000002    -0.000000    -0.000000    -0.000000 
      137         2    10.3453   2.000055     0.000000     0.000004    -0.000005    -0.000008    -0.000002    -0.000001    -0.000001 
      139         2    10.6088   2.000060     0.000000    -0.000143     0.000179    -0.000184    -0.000042     0.000107     0.000134 
      141         1    10.8971   1.000024    -0.000000    -0.204493     0.256426     0.911425     0.208027    -0.084283    -0.105688 
4 
 1  2  3  4 
        1         2   -25.4553   2.000095     0.000000    -0.000001     0.000001    -0.000000     0.000000    -0.000000    -0.000000 
        3         2   -25.4522   2.000092    -0.000000     0.000001    -0.000002     0.000000    -0.000000    -0.000000    -0.000000 
        5         2   -25.4412   2.000102    -0.000000    -0.000147     0.000184    -0.000012     0.000003    -0.000003    -0.000002 
        7         2   -25.4409   2.000090    -0.000000     0.000147    -0.000185     0.000012    -0.000003     0.000003     0.000002 
        9         2   -25.4120   2.000101     0.000000     0.000359    -0.000450    -0.000030     0.000007    -0.000037    -0.000018 
       11         2   -25.4118   2.000097     0.000000    -0.000361     0.000452     0.000030    -0.000007     0.000037     0.000018 
       13         2   -25.3894   2.000107     0.000000    -0.000125     0.000156    -0.000006     0.000001    -0.000004    -0.000002 
       15         2   -25.3890   2.000112     0.000000     0.000127    -0.000159     0.000006    -0.000001     0.000004     0.000002 
       17         2   -25.3841   2.000103    -0.000000     0.000101    -0.000126     0.000005    -0.000001    -0.000007    -0.000003 
       19         2   -25.3837   2.000098     0.000000    -0.000101     0.000126    -0.000005     0.000001     0.000007     0.000003 
       21         2   -12.4940   2.000038     0.000000     0.000000    -0.000000     0.000000    -0.000000     0.000000     0.000000 
       23         2   -11.8631   2.000047    -0.000000    -0.000000     0.000000    -0.000000     0.000000     0.000000     0.000000 
       25         2   -11.3713   2.000038     0.000000     0.000000    -0.000000    -0.000000     0.000000    -0.000000    -0.000000 
       27         2   -11.1762   2.000038    -0.000000    -0.000000    -0.000000    -0.000000     0.000000    -0.000000    -0.000000 
       29         2   -11.0622   2.000042    -0.000000    -0.000000     0.000000    -0.000000    -0.000000     0.000000     0.000000 
       31         2   -10.8978   2.000050     0.000000    -0.000000    -0.000000    -0.000000     0.000000    -0.000000    -0.000000 
       33         2    -6.1759   2.000049     0.000000    -0.000000     0.000000     0.000000    -0.000000    -0.000000    -0.000000 
       35         2    -5.5251   2.000047    -0.000000    -0.000000     0.000000    -0.000000     0.000000    -0.000000    -0.000000 
       37         2    -2.7534   2.000058    -0.000000    -0.000000     0.000000     0.000000    -0.000000     0.000000     0.000000 
       39         2    -2.3212   2.000051    -0.000000     0.000000    -0.000000    -0.000000     0.000000     0.000000     0.000000 
       41         2    -2.1896   2.000056     0.000000    -0.000000    -0.000000     0.000000    -0.000000    -0.000000    -0.000000 
       43         2    -1.7487   2.000027    -0.000000     0.000000    -0.000000    -0.000000     0.000000    -0.000000    -0.000000 
       45         2    -1.5021   2.000027     0.000000     0.000000    -0.000000     0.000000    -0.000000    -0.000000    -0.000000 
       47         2    -1.3271   2.000030     0.000000     0.000000    -0.000000     0.000000     0.000000     0.000000     0.000000 
       49         2    -1.1417   2.000036    -0.000000     0.000000    -0.000000    -0.000000     0.000000    -0.000000    -0.000000 
       51         2    -1.0227   2.000024     0.000000    -0.000000     0.000000    -0.000000    -0.000000    -0.000000    -0.000000 
       53         2    -0.8228   2.000031    -0.000000    -0.000000     0.000000    -0.000000     0.000000    -0.000000    -0.000000 
       55         2    -0.6991   2.000040    -0.000000     0.000000    -0.000000    -0.000000     0.000000    -0.000001    -0.000000 
       57         2    -0.6881   2.000045    -0.000000    -0.000001     0.000001     0.000000    -0.000000     0.000000     0.000000 
       59         2    -0.5715   2.000040     0.000000    -0.000000     0.000000    -0.000000     0.000000    -0.000001    -0.000000 
       61         2    -0.5459   2.000045     0.000000     0.000000    -0.000000    -0.000000     0.000000     0.000000     0.000000 
       63         2    -0.5128   2.000043    -0.000000     0.000000    -0.000001     0.000000    -0.000000     0.000001     0.000000 
       65         2    -0.4368   2.000045     0.000000     0.000000    -0.000000    -0.000000     0.000000     0.000000     0.000000 
       67         2    -0.3869   2.000049     0.000000     0.000000    -0.000000    -0.000000    -0.000000     0.000000     0.000000 
       69         2     0.4363   2.000070    -0.000000    -0.000000     0.000000    -0.000000     0.000000     0.000001     0.000000 
       71         2     0.5055   2.000079    -0.000000     0.000000    -0.000000    -0.000000     0.000000     0.000000     0.000000 
       73         2     0.5905   2.000090    -0.000000    -0.000003     0.000003    -0.000000     0.000000     0.000001     0.000000 
       75         2     0.5997   2.000093     0.000000     0.000002    -0.000002    -0.000000     0.000000    -0.000004    -0.000002 
       77         2     0.6198   2.000083     0.000000     0.000000    -0.000000     0.000000    -0.000000     0.000002     0.000001 
       79         2     0.6552   2.000088    -0.000000     0.000000    -0.000000     0.000000    -0.000000     0.000000     0.000000 
       81         2     0.6919   2.000076     0.000000     0.000001    -0.000001    -0.000000     0.000000    -0.000001    -0.000001 
       83         2     0.7263   2.000082     0.000000     0.000001    -0.000001     0.000000    -0.000000     0.000000     0.000000 
       85         2     0.9794   2.000046    -0.000000    -0.000001     0.000001     0.000000    -0.000000     0.000001     0.000000 
       87         2     1.0420   2.000071     0.000000     0.000000    -0.000000     0.000000    -0.000000    -0.000001    -0.000001 
       89         2     1.2980   2.000052    -0.000000     0.000000    -0.000000     0.000000    -0.000000     0.000000     0.000000 
       91         2     1.3437   2.000049    -0.000000    -0.000001     0.000001     0.000000    -0.000000     0.000000     0.000000 
       93         2     1.4165   2.000041    -0.000000    -0.000000     0.000000    -0.000000     0.000000    -0.000000    -0.000000 
       95         2     1.5681   2.000054     0.000000     0.000000    -0.000000    -0.000000     0.000000    -0.000001    -0.000000 
       97         2     1.7274   2.000042     0.000000    -0.000000     0.000000     0.000000    -0.000000     0.000000     0.000000 
       99         2     1.8243   2.000045     0.000000    -0.000000     0.000000    -0.000000     0.000000     0.000000     0.000000 
      101         2     2.1787   2.000045    -0.000000     0.000000    -0.000000    -0.000000     0.000000    -0.000000    -0.000000 
      103         2     2.3742   2.000048    -0.000000    -0.000000     0.000000     0.000000    -0.000000    -0.000000    -0.000000 
      105         2     2.7335   2.000042     0.000000    -0.000000     0.000000    -0.000000     0.000000    -0.000000    -0.000000 
      107         2     3.0538   2.000041     0.000000     0.000000    -0.000000    -0.000000     0.000000     0.000000     0.000000 
      109         2     4.9539   2.000052    -0.000000    -0.000000    -0.000000     0.000000     0.000000    -0.000000    -0.000000 
      111         2     5.3465   2.000050    -0.000000    -0.000000     0.000000     0.000000    -0.000000     0.000000     0.000000 
      113         2     6.2843   2.000043    -0.000000    -0.000000     0.000000     0.000000    -0.000000    -0.000000    -0.000000 
      115         2     6.7984   2.000049     0.000000    -0.000000     0.000000    -0.000000     0.000000    -0.000000    -0.000000 
      117         2     7.1832   2.000044     0.000000     0.000000    -0.000000     0.000001    -0.000000     0.000000     0.000000 
      119         2     7.5239   2.000046    -0.000000     0.000000    -0.000000     0.000000    -0.000000    -0.000001    -0.000000 
      121         2     7.8533   2.000049    -0.000000     0.000000    -0.000000    -0.000000     0.000000     0.000000     0.000000 
      123         2     8.2186   2.000062    -0.000000     0.000000    -0.000000    -0.000000     0.000000     0.000000     0.000000 
      125         2     8.7138   2.000051     0.000000     0.000000    -0.000000    -0.000000     0.000000    -0.000000    -0.000000 
      127         2     9.0281   2.000057    -0.000000    -0.000000     0.000000     0.000000    -0.000000    -0.000000    -0.000000 
      129         2     9.4192   2.000056     0.000000     0.000000    -0.000000    -0.000000     0.000000     0.000000     0.000000 
      131         2     9.7294   2.000055    -0.000000    -0.000000     0.000001     0.000000    -0.000000    -0.000001    -0.000000 
      133         2    10.0230   2.000056    -0.000000     0.000002    -0.000003    -0.000000     0.000000    -0.000000    -0.000000 
      135         2    10.1879   2.000057    -0.000000     0.000004    -0.000005     0.000002    -0.000001    -0.000001    -0.000000 
      137         2    10.3426   2.000056     0.000000    -0.000003     0.000004     0.000004    -0.000001    -0.000041    -0.000020 
      139         1    10.6661   1.000027     0.000000    -0.135850     0.170351    -0.465520     0.106252    -0.766922    -0.369330 
      140         1    10.6671   1.000028    -0.000000     0.137383    -0.172273     0.460302    -0.105061     0.760627     0.366298 
      141         1    10.8125   1.000026    -0.000000    -0.559148     0.701149     0.305127    -0.069643     0.277390     0.133584 
4 
 1  2  3  4 
        1         2   -25.4553   2.000097     0.000000    -0.000001     0.000002    -0.000000     0.000000    -0.000000     0.000000 
        3         2   -25.4522   2.000087     0.000000     0.000000    -0.000000     0.000000    -0.000000    -0.000000    -0.000000 
        5         2   -25.4412   2.000105    -0.000000    -0.000149     0.000187    -0.000007     0.000006    -0.000001    -0.000000 
        7         2   -25.4409   2.000090    -0.000000     0.000148    -0.000186     0.000007    -0.000006     0.000001     0.000000 
        9         2   -25.4120   2.000100    -0.000000     0.000332    -0.000416    -0.000013     0.000011    -0.000054     0.000000 
       11         2   -25.4118   2.000098     0.000000    -0.000327     0.000410     0.000013    -0.000011     0.000053    -0.000000 
       13         2   -25.3894   2.000112    -0.000000    -0.000125     0.000157    -0.000006     0.000005    -0.000003    -0.000000 
       15         2   -25.3890   2.000114    -0.000000     0.000126    -0.000158     0.000006    -0.000005     0.000003     0.000000 
       17         2   -25.3841   2.000105     0.000000     0.000101    -0.000126     0.000004    -0.000003    -0.000008    -0.000000 
       19         2   -25.3837   2.000104    -0.000000    -0.000101     0.000126    -0.000004     0.000003     0.000008     0.000000 
       21         2   -12.5563   2.000040     0.000000    -0.000000     0.000000    -0.000000     0.000000    -0.000000    -0.000000 
       23         2   -11.8472   2.000041    -0.000000     0.000000     0.000000    -0.000000     0.000000    -0.000000     0.000000 
       25         2   -11.3735   2.000040    -0.000000     0.000000    -0.000000     0.000000    -0.000000     0.000000     0.000000 
       27         2   -11.1381   2.000041    -0.000000    -0.000000     0.000000    -0.000000     0.000000    -0.000000     0.000000 
       29         2   -11.0264   2.000043     0.000000     0.000000    -0.000000     0.000000    -0.000000    -0.000000     0.000000 
       31         2   -10.8729   2.000048    -0.000000     0.000000    -0.000000     0.000000    -0.000000    -0.000001     0.000000 
       33         2    -6.1905   2.000047    -0.000000     0.000000    -0.000000    -0.000000     0.000000    -0.000000     0.000000 
       35         2    -5.6022   2.000052    -0.000000    -0.000000     0.000000    -0.000000    -0.000000     0.000000    -0.000000 
       37         2    -2.7806   2.000057    -0.000000    -0.000000     0.000000     0.000000    -0.000000    -0.000000     0.000000 
       39         2    -2.4574   2.000051     0.000000    -0.000000     0.000000     0.000000    -0.000000    -0.000000     0.000000 
       41         2    -2.1764   2.000055    -0.000000    -0.000000     0.000000     0.000000    -0.000000    -0.000000     0.000000 
       43         2    -1.7367   2.000029    -0.000000     0.000000    -0.000000    -0.000000     0.000000     0.000000    -0.000000 
       45         2    -1.4397   2.000032     0.000000    -0.000000     0.000000     0.000000    -0.000000    -0.000000    -0.000000 
       47         2    -1.3263   2.000027     0.000000     0.000000    -0.000000     0.000000    -0.000000    -0.000000     0.000000 
       49         2    -1.1241   2.000032    -0.000000    -0.000000     0.000000     0.000000    -0.000000     0.000000     0.000000 
       51         2    -1.0868   2.000033     0.000000    -0.000000     0.000000    -0.000000     0.000000     0.000000    -0.000000 
       53         2    -0.8052   2.000038     0.000000     0.000000    -0.000000     0.000000    -0.000000    -0.000001     0.000000 
       55         2    -0.7276   2.000040     0.000000    -0.000000     0.000000     0.000000    -0.000000     0.000000    -0.000000 
       57         2    -0.6295   2.000044     0.000000    -0.000000     0.000000     0.000000    -0.000000     0.000000    -0.000000 
       59         2    -0.5905   2.000046    -0.000000    -0.000001     0.000001     0.000000    -0.000000    -0.000000     0.000000 
       61         2    -0.5748   2.000047     0.000000     0.000000    -0.000000    -0.000000     0.000000     0.000000     0.000000 
       63         2    -0.5085   2.000046    -0.000000     0.000000    -0.000001     0.000000    -0.000000     0.000000    -0.000000 
       65         2    -0.4119   2.000041     0.000000    -0.000000     0.000000    -0.000000     0.000000     0.000000     0.000000 
       67         2    -0.3836   2.000040    -0.000000     0.000000    -0.000001     0.000000    -0.000000     0.000001    -0.000000 
       69         2     0.4438   2.000074     0.000000     0.000000    -0.000000    -0.000000     0.000000     0.000000    -0.000000 
       71         2     0.5158   2.000080    -0.000000     0.000000    -0.000000     0.000000    -0.000000    -0.000001     0.000000 
       73         2     0.5940   2.000092    -0.000000     0.000001    -0.000001     0.000000    -0.000000     0.000001    -0.000000 
       75         2     0.6051   2.000086     0.000000    -0.000001     0.000001     0.000000    -0.000000    -0.000005     0.000000 
       77         2     0.6169   2.000080     0.000000     0.000001    -0.000001     0.000000    -0.000000     0.000001    -0.000000 
       79         2     0.6504   2.000083    -0.000000     0.000000    -0.000000    -0.000000     0.000000     0.000000    -0.000000 
       81         2     0.6601   2.000086     0.000000    -0.000000     0.000001     0.000000    -0.000000    -0.000001     0.000000 
       83         2     0.7465   2.000077     0.000000     0.000000    -0.000000    -0.000000     0.000000    -0.000001     0.000000 
       85         2     0.9454   2.000065     0.000000     0.000000    -0.000000     0.000000    -0.000000     0.000000    -0.000000 
       87         2     1.1198   2.000047     0.000000     0.000000    -0.000000    -0.000000     0.000000     0.000000    -0.000000 
       89         2     1.2188   2.000045    -0.000000     0.000001    -0.000001    -0.000000     0.000000     0.000000     0.000000 
       91         2     1.3414   2.000065    -0.000000    -0.000000     0.000000    -0.000000     0.000000    -0.000001     0.000000 
       93         2     1.4298   2.000060     0.000000    -0.000000     0.000000    -0.000000     0.000000     0.000000    -0.000000 
       95         2     1.6212   2.000059     0.000000    -0.000000     0.000000    -0.000000     0.000000     0.000000    -0.000000 
       97         2     1.7614   2.000045     0.000000    -0.000000     0.000000     0.000000    -0.000000    -0.000000     0.000000 
       99         2     1.8728   2.000040     0.000000    -0.000000     0.000000    -0.000000     0.000000     0.000000    -0.000000 
      101         2     2.1902   2.000041    -0.000000     0.000000    -0.000000     0.000000    -0.000000    -0.000000    -0.000000 
      103         2     2.4538   2.000043    -0.000000     0.000000    -0.000000     0.000000    -0.000000     0.000000    -0.000000 
      105         2     2.9589   2.000031    -0.000000     0.000000    -0.000000     0.000000    -0.000000    -0.000000     0.000000 
      107         2     3.0256   2.000043     0.000000    -0.000000     0.000000    -0.000000     0.000000    -0.000000     0.000000 
      109         2     4.8292   2.000045     0.000000    -0.000000     0.000000    -0.000000     0.000000     0.000000    -0.000000 
      111         2     5.2713   2.000048    -0.000000     0.000000    -0.000000     0.000000    -0.000000    -0.000000     0.000000 
      113         2     6.4812   2.000055    -0.000000    -0.000000     0.000000    -0.000000     0.000000    -0.000000     0.000000 
      115         2     6.7285   2.000052    -0.000000     0.000000    -0.000000    -0.000000     0.000000    -0.000000     0.000000 
      117         2     6.9958   2.000045     0.000000    -0.000000     0.000000     0.000000    -0.000000    -0.000000     0.000000 
      119         2     7.4505   2.000047     0.000000     0.000000    -0.000000     0.000000    -0.000000    -0.000000     0.000000 
      121         2     7.8242   2.000049    -0.000000     0.000000    -0.000001     0.000000    -0.000000    -0.000001     0.000000 
      123         2     8.2469   2.000048     0.000000    -0.000000     0.000000    -0.000000     0.000000    -0.000000     0.000000 
      125         2     8.6862   2.000051    -0.000000     0.000000    -0.000000    -0.000000     0.000000     0.000000    -0.000000 
      127         2     9.0779   2.000056    -0.000000     0.000000    -0.000000     0.000000    -0.000000    -0.000000    -0.000000 
      129         2     9.3781   2.000057    -0.000000    -0.000001     0.000001    -0.000001     0.000000     0.000000    -0.000000 
      131         2     9.6588   2.000054    -0.000000    -0.000001     0.000001    -0.000001     0.000001    -0.000000     0.000000 
      133         2     9.8824   2.000064    -0.000000    -0.000001     0.000001    -0.000001     0.000001     0.000001    -0.000000 
      135         2    10.2079   2.000059    -0.000000    -0.000000     0.000000    -0.000000     0.000000     0.000000     0.000000 
      137         2    10.4163   2.000055    -0.000000     0.000000    -0.000000    -0.000002     0.000001     0.000002     0.000000 
      139         2    10.7093   2.000051     0.000000     0.000004    -0.000005     0.000000    -0.000000     0.000013    -0.000000 
      141         1    11.0631   1.000027    -0.000000    -0.496429     0.622502    -0.370786     0.295692     0.374669    -0.000000 
4 
 1  2  3  4 
        1         2   -25.4553   2.000097     0.000000    -0.000000     0.000000    -0.000000     0.000000     0.000000    -0.000000 
        3         2   -25.4522   2.000094     0.000000     0.000002    -0.000002     0.000000    -0.000000    -0.000000     0.000000 
        5         2   -25.4412   2.000099     0.000000    -0.000150     0.000188    -0.000002     0.000004     0.000000    -0.000000 
        7         2   -25.4409   2.000093    -0.000000     0.000148    -0.000186     0.000002    -0.000004    -0.000000     0.000000 
        9         2   -25.4120   2.000098    -0.000000     0.000316    -0.000396    -0.000001     0.000002    -0.000054     0.000026 
       11         2   -25.4118   2.000098     0.000000    -0.000315     0.000395     0.000001    -0.000002     0.000054    -0.000026 
       13         2   -25.3894   2.000110     0.000000    -0.000124     0.000155    -0.000002     0.000005    -0.000002     0.000001 
       15         2   -25.3890   2.000108     0.000000     0.000125    -0.000157     0.000002    -0.000005     0.000002    -0.000001 
       17         2   -25.3841   2.000101    -0.000000     0.000102    -0.000128     0.000001    -0.000001    -0.000007     0.000003 
       19         2   -25.3837   2.000098    -0.000000    -0.000101     0.000127    -0.000001     0.000001     0.000007    -0.000003 
       21         2   -12.5935   2.000042    -0.000000     0.000000    -0.000000     0.000000    -0.000000    -0.000000     0.000000 
       23         2   -11.8639   2.000044    -0.000000     0.000000     0.000000    -0.000000    -0.000000     0.000000    -0.000000 
       25         2   -11.3917   2.000042    -0.000000    -0.000000     0.000000    -0.000000     0.000000    -0.000000     0.000000 
       27         2   -11.1195   2.000046     0.000000     0.000000    -0.000000    -0.000000     0.000000     0.000000    -0.000000 
       29         2   -10.9555   2.000040    -0.000000    -0.000000     0.000000     0.000000    -0.000000    -0.000000     0.000000 
       31         2   -10.8472   2.000043     0.000000     0.000000    -0.000000     0.000000     0.000000     0.000000    -0.000000 
       33         2    -6.1985   2.000051    -0.000000    -0.000000     0.000000    -0.000000     0.000000     0.000000    -0.000000 
       35         2    -5.6364   2.000048    -0.000000     0.000000    -0.000000    -0.000000     0.000000    -0.000000     0.000000 
       37         2    -2.7333   2.000055    -0.000000     0.000000    -0.000000     0.000000     0.000000     0.000000    -0.000000 
       39         2    -2.5018   2.000052     0.000000     0.000000    -0.000000     0.000000     0.000000    -0.000000     0.000000 
       41         2    -2.1110   2.000046     0.000000     0.000000    -0.000000    -0.000000     0.000000    -0.000000     0.000000 
       43         2    -1.8342   2.000062    -0.000000    -0.000000     0.000000    -0.000000     0.000000    -0.000000     0.000000 
       45         2    -1.4977   2.000030    -0.000000    -0.000000     0.000000     0.000000    -0.000000    -0.000000     0.000000 
       47         2    -1.3449   2.000032    -0.000000     0.000000    -0.000000    -0.000000     0.000000     0.000000    -0.000000 
       49         2    -1.1214   2.000030    -0.000000     0.000000    -0.000000    -0.000000    -0.000000    -0.000000     0.000000 
       51         2    -1.0289   2.000033     0.000000    -0.000000     0.000000    -0.000000     0.000000     0.000000    -0.000000 
       53         2    -0.8746   2.000037     0.000000     0.000000    -0.000000     0.000000    -0.000000     0.000000    -0.000000 
       55         2    -0.8198   2.000037    -0.000000    -0.000000     0.000000     0.000000    -0.000000    -0.000000     0.000000 
       57         2    -0.6104   2.000050    -0.000000     0.000000    -0.000000    -0.000000     0.000000    -0.000000     0.000000 
       59         2    -0.5826   2.000040    -0.000000    -0.000000     0.000000    -0.000000     0.000000     0.000001    -0.000000 
       61         2    -0.5677   2.000046     0.000000    -0.000000     0.000000     0.000000    -0.000000     0.000001    -0.000000 
       63         2    -0.5104   2.000050    -0.000000    -0.000000     0.000000     0.000000    -0.000000    -0.000001     0.000000 
       65         2    -0.4103   2.000050     0.000000     0.000000    -0.000000     0.000000    -0.000000    -0.000001     0.000000 
       67         2    -0.3828   2.000047    -0.000000     0.000000    -0.000000    -0.000000     0.000000     0.000000    -0.000000 
       69         2     0.4759   2.000075     0.000000    -0.000001     0.000001     0.000000    -0.000000     0.000001    -0.000001 
       71         2     0.5269   2.000077     0.000000     0.000001    -0.000001     0.000000    -0.000000    -0.000000     0.000000 
       73         2     0.5807   2.000084     0.000000     0.000001    -0.000001    -0.000000     0.000000    -0.000001     0.000000 
       75         2     0.5946   2.000086     0.000000     0.000001    -0.000001     0.000000    -0.000000    -0.000003     0.000001 
       77         2     0.6239   2.000084     0.000000     0.000000    -0.000000    -0.000000     0.000000     0.000001    -0.000001 
       79         2     0.6433   2.000094    -0.000000    -0.000001     0.000001    -0.000000     0.000000     0.000000    -0.000000 
       81         2     0.6682   2.000079    -0.000000     0.000000    -0.000000     0.000000    -0.000000     0.000000    -0.000000 
       83         2     0.7750   2.000073     0.000000     0.000000    -0.000000     0.000000    -0.000000    -0.000002     0.000001 
       85         2     0.9320   2.000062    -0.000000     0.000000    -0.000000     0.000000    -0.000000     0.000000    -0.000000 
       87         2     1.0321   2.000046     0.000000    -0.000000     0.000001     0.000000    -0.000000    -0.000000     0.000000 
       89         2     1.1767   2.000051    -0.000000     0.000001    -0.000001     0.000000    -0.000000     0.000000    -0.000000 
       91         2     1.2595   2.000049    -0.000000    -0.000000     0.000000    -0.000000     0.000000     0.000001    -0.000000 
       93         2     1.5456   2.000053    -0.000000     0.000000    -0.000000    -0.000000     0.000000     0.000001    -0.000000 
       95         2     1.6388   2.000070     0.000000     0.000000    -0.000000    -0.000000     0.000000    -0.000000     0.000000 
       97         2     1.7710   2.000046    -0.000000    -0.000000     0.000000     0.000000    -0.000000    -0.000000     0.000000 
       99         2     1.9332   2.000050     0.000000     0.000000    -0.000000    -0.000000     0.000000     0.000000    -0.000000 
      101         2     2.1197   2.000050     0.000000    -0.000000     0.000000     0.000000    -0.000000     0.000000    -0.000000 
      103         2     2.4538   2.000044    -0.000000     0.000000     0.000000    -0.000000     0.000000     0.000000    -0.000000 
      105         2     2.8712   2.000040    -0.000000     0.000000    -0.000000    -0.000000     0.000000     0.000000    -0.000000 
      107         2     3.1091   2.000037     0.000000     0.000000    -0.000000    -0.000000     0.000000    -0.000000     0.000000 
      109         2     4.9151   2.000044     0.000000    -0.000000     0.000000    -0.000000     0.000000    -0.000000     0.000000 
      111         2     5.3646   2.000043     0.000000    -0.000000     0.000000    -0.000000     0.000000    -0.000000     0.000000 
      113         2     6.5737   2.000046    -0.000000    -0.000000     0.000000    -0.000000     0.000000    -0.000000     0.000000 
      115         2     6.9172   2.000052     0.000000     0.000000    -0.000000     0.000000    -0.000000    -0.000000     0.000000 
      117         2     7.0593   2.000053     0.000000     0.000000    -0.000000    -0.000000     0.000000    -0.000000     0.000000 
      119         2     7.5571   2.000052    -0.000000    -0.000000     0.000000    -0.000000     0.000000    -0.000000     0.000000 
      121         2     7.9064   2.000056     0.000000     0.000000    -0.000000     0.000000    -0.000000     0.000000    -0.000000 
      123         2     8.4786   2.000053    -0.000000     0.000000    -0.000000     0.000000    -0.000000    -0.000000     0.000000 
      125         2     8.8532   2.000049     0.000000    -0.000000     0.000000    -0.000000     0.000000     0.000000    -0.000000 
      127         2     9.0330   2.000051     0.000000    -0.000000     0.000000    -0.000000     0.000000    -0.000001     0.000000 
      129         2     9.3209   2.000060    -0.000000    -0.000000     0.000000    -0.000000     0.000000     0.000000    -0.000000 
      131         2     9.6693   2.000058     0.000000    -0.000000     0.000000    -0.000000     0.000000     0.000000    -0.000000 
      133         2     9.8053   2.000056    -0.000000    -0.000000     0.000000    -0.000000     0.000000     0.000001    -0.000000 
      135         2    10.0736   2.000060     0.000000     0.000000    -0.000000     0.000000    -0.000000     0.000001    -0.000000 
      137         2    10.3338   2.000055     0.000000     0.000000    -0.000000    -0.000000     0.000000    -0.000000     0.000000 
      139         2    10.8823   2.000056    -0.000000    -0.000034     0.000042     0.000034    -0.000071     0.000003    -0.000001 
      141         1    11.1672   1.000027     0.000000    -0.276302     0.346472    -0.386544     0.802668    -0.085160     0.041011 
4 
 1  2  3  4 
        1         2   -25.4544   2.000063     0.000000    -0.445049     1.949888     0.000006    -0.000000    -0.000001     0.000006 
        3         2   -25.4533   2.000064     0.000000     0.445049    -1.949889    -0.000001     0.000000     0.000000    -0.000000 
        5         2   -25.4410   2.000072     0.000000    -0.444716     1.948426     0.000049     0.000000    -0.000011     0.000047 
        7         2   -25.4409   2.000090     0.000000     0.444720    -1.948444    -0.000084     0.000000     0.000007    -0.000029 
        9         4   -25.4119   4.000169     0.000000     0.000007    -0.000030    -0.000035     0.000000    -0.000008     0.000034 
       13         2   -25.3892   2.000090    -0.000000    -0.444729     1.948485     0.000062     0.000000     0.000001    -0.000004 
       15         2   -25.3891   2.000083    -0.000000     0.444727    -1.948478    -0.000057     0.000000    -0.000001     0.000004 
       17         2   -25.3840   2.000072     0.000000     0.444765    -1.948643     0.000088    -0.000000    -0.000010     0.000044 
       19         2   -25.3838   2.000065    -0.000000    -0.444763     1.948636    -0.000094    -0.000000     0.000006    -0.000027 
       21         1   -12.4790   1.000011     0.000000     0.222523    -0.974939     1.000011     0.000000     0.222523    -0.974939 
       22         1   -12.2701   1.000013    -0.000000     0.222524    -0.974940    -1.000013     0.000000    -0.222524     0.974940 
       23         1   -12.2187   1.000012    -0.000000    -0.222524     0.974939     1.000012    -0.000000    -0.222524     0.974939 
       24         1   -12.0662   1.000014    -0.000000    -0.222524     0.974942    -1.000014     0.000000     0.222524    -0.974942 
       25         1   -11.4098   1.000012    -0.000000    -0.222524     0.974940    -1.000012     0.000000     0.222524    -0.974940 
       26         1   -11.2885   1.000013    -0.000000     0.222524    -0.974941    -1.000013     0.000000    -0.222524     0.974941 
       27         1   -11.1908   1.000012    -0.000000    -0.222524     0.974939     1.000012    -0.000000    -0.222524     0.974939 
       28         1   -11.1639   1.000015    -0.000000     0.222524    -0.974942     1.000015    -0.000000     0.222524    -0.974942 
       29         1   -10.9833   1.000013    -0.000000     0.222524    -0.974941    -1.000013     0.000000    -0.222524     0.974941 
       30         1   -10.9192   1.000014     0.000000    -0.222524     0.974941    -1.000014    -0.000000     0.222524    -0.974941 
       31         1   -10.8293   1.000015    -0.000000     0.222524    -0.974943     1.000015    -0.000000     0.222524    -0.974943 
       32         1   -10.8281   1.000012     0.000000    -0.222524     0.974939     1.000012     0.000000    -0.222524     0.974939 
       33         1    -6.0126   1.000010     0.000000    -0.222523     0.974938     1.000010     0.000000    -0.222523     0.974938 
       34         1    -5.8862   1.000010    -0.000000    -0.222523     0.974937    -1.000010     0.000000     0.222523    -0.974937 
       35         1    -5.8289   1.000012    -0.000000     0.222524    -0.974939     1.000012    -0.000000     0.222524    -0.974939 
       36         1    -5.6487   1.000011    -0.000000     0.222523    -0.974939    -1.000011     0.000000    -0.222523     0.974939 
       37         1    -2.5689   1.000018    -0.000000     0.222525    -0.974945    -1.000017     0.000000    -0.222525     0.974945 
       38         1    -2.4114   1.000018    -0.000000    -0.222525     0.974945    -1.000018     0.000000     0.222525    -0.974945 
       39         1    -2.4038   1.000015    -0.000000     0.222524    -0.974942     1.000015    -0.000000     0.222524    -0.974942 
       40         1    -2.2694   1.000015     0.000000    -0.222524     0.974942     1.000015     0.000000    -0.222524     0.974942 
       41         1    -2.1811   1.000017     0.000000    -0.222525     0.974945     1.000017     0.000000    -0.222525     0.974945 
       42         1    -1.8935   1.000019    -0.000000     0.222525    -0.974946     1.000019    -0.000000     0.222525    -0.974946 
       43         1    -1.8605   1.000006     0.000000    -0.222522     0.974934    -1.000006    -0.000000     0.222522    -0.974934 
       44         1    -1.7994   1.000008     0.000000     0.222523    -0.974936    -1.000008    -0.000000    -0.222523     0.974936 
       45         1    -1.7393   1.000015    -0.000000    -0.222524     0.974943     1.000015    -0.000000    -0.222524     0.974943 
       46         1    -1.5965   1.000007    -0.000000     0.222522    -0.974934     1.000006    -0.000000     0.222522    -0.974934 
       47         1    -1.5722   1.000011     0.000000    -0.222523     0.974938    -1.000011    -0.000000     0.222523    -0.974938 
       48         1    -1.4400   1.000005    -0.000000     0.222522    -0.974933    -1.000005     0.000000    -0.222522     0.974933 
       49         1    -1.3939   1.000013     0.000000    -0.222524     0.974941     1.000013     0.000000    -0.222524     0.974941 
       50         1    -1.3591   1.000008    -0.000000     0.222523    -0.974936     1.000008    -0.000000     0.222523    -0.974936 
       51         1    -1.0966   1.000009     0.000000     0.222523    -0.974937    -1.000009    -0.000000    -0.222523     0.974937 
       52         1    -1.0653   1.000010    -0.000000    -0.222523     0.974938    -1.000010     0.000000     0.222523    -0.974938 
       53         1    -1.0142   1.000011     0.000000    -0.222523     0.974938    -1.000010    -0.000000     0.222523    -0.974938 
       54         1    -0.9113   1.000013     0.000000     0.222524    -0.974940    -1.000012    -0.000000    -0.222524     0.974940 
       55         1    -0.8201   1.000011    -0.000000    -0.222523     0.974938     1.000010    -0.000000    -0.222523     0.974938 
       56         1    -0.7439   1.000006    -0.000000     0.222522    -0.974933     1.000005    -0.000000     0.222522    -0.974933 
       57         1    -0.6270   1.000012     0.000000     0.222524    -0.974939     1.000012     0.000000     0.222524    -0.974939 
       58         1    -0.6161   1.000012     0.000000    -0.222524     0.974940     1.000012     0.000000    -0.222524     0.974940 
       59         1    -0.6007   1.000012    -0.000000    -0.222524     0.974939    -1.000012     0.000000     0.222524    -0.974939 
       60         1    -0.5835   1.000014    -0.000000     0.222524    -0.974941    -1.000014     0.000000    -0.222524     0.974941 
       61         1    -0.5291   1.000017     0.000000     0.222525    -0.974944     1.000016     0.000000     0.222525    -0.974944 
       62         1    -0.5118   1.000011     0.000000    -0.222523     0.974939     1.000011     0.000000    -0.222523     0.974939 
       63         1    -0.4946   1.000013     0.000000    -0.222524     0.974940    -1.000013    -0.000000     0.222524    -0.974940 
       64         1    -0.4890   1.000013    -0.000000     0.222524    -0.974941    -1.000013     0.000000    -0.222524     0.974941 
       65         1    -0.4490   1.000013    -0.000000    -0.222524     0.974941     1.000013    -0.000000    -0.222524     0.974941 
       66         1    -0.4409   1.000017     0.000000     0.222525    -0.974944     1.000017     0.000000     0.222525    -0.974945 
       67         1    -0.4179   1.000015     0.000000    -0.222524     0.974942    -1.000015    -0.000000     0.222524    -0.974942 
       68         1    -0.3820   1.000015    -0.000000     0.222524    -0.974942    -1.000014     0.000000    -0.222524     0.974942 
       69         1     0.5065   1.000025     0.000000    -0.222526     0.974951    -1.000025    -0.000000     0.222526    -0.974951 
       70         1     0.5280   1.000032    -0.000000     0.222528    -0.974958    -1.000031     0.000000    -0.222528     0.974959 
       71         1     0.5405   1.000029    -0.000000    -0.222527     0.974955     1.000029    -0.000000    -0.222527     0.974955 
       72         1     0.5626   1.000023     0.000000     0.222526    -0.974950     1.000023     0.000000     0.222526    -0.974950 
       73         1     0.5677   1.000029    -0.000000     0.222527    -0.974956    -1.000029     0.000000    -0.222527     0.974956 
       74         1     0.5862   1.000030     0.000000    -0.222527     0.974956     1.000029     0.000000    -0.222527     0.974956 
       75         1     0.5881   1.000031     0.000000     0.222527    -0.974957     1.000029     0.000000     0.222528    -0.974957 
       76         1     0.5917   1.000025    -0.000000    -0.222526     0.974952    -1.000025     0.000000     0.222526    -0.974952 
       77         1     0.6411   1.000028     0.000000    -0.222527     0.974955    -1.000028    -0.000000     0.222527    -0.974955 
       78         1     0.6547   1.000034    -0.000000    -0.222528     0.974960     1.000033    -0.000000    -0.222528     0.974960 
       79         1     0.6553   1.000032     0.000000     0.222528    -0.974958     1.000031     0.000000     0.222528    -0.974958 
       80         1     0.6674   1.000032    -0.000000     0.222528    -0.974958    -1.000031     0.000000    -0.222528     0.974958 
       81         1     0.6779   1.000027    -0.000000    -0.222527     0.974953    -1.000026     0.000000     0.222527    -0.974953 
       82         1     0.6936   1.000028    -0.000000     0.222527    -0.974953    -1.000026     0.000000    -0.222527     0.974954 
       83         1     0.7037   1.000030    -0.000000    -0.222527     0.974956     1.000029    -0.000000    -0.222527     0.974956 
       84         1     0.7462   1.000026    -0.000000     0.222527    -0.974953     1.000025    -0.000000     0.222527    -0.974953 
       85         1     0.8752   1.000023    -0.000000     0.222526    -0.974950     1.000023    -0.000000     0.222526    -0.974950 
       86         1     0.8829   1.000025     0.000000    -0.222526     0.974952     1.000024     0.000000    -0.222526     0.974952 
       87         1     0.9745   1.000023     0.000000    -0.222526     0.974950     1.000023     0.000000    -0.222526     0.974950 
       88         1     1.0188   1.000020     0.000000     0.222525    -0.974947     1.000020     0.000000     0.222525    -0.974947 
       89         1     1.0452   1.000016    -0.000000     0.222524    -0.974943    -1.000015     0.000000    -0.222524     0.974943 
       90         1     1.0514   1.000016     0.000000    -0.222524     0.974943    -1.000016    -0.000000     0.222524    -0.974943 
       91         1     1.2565   1.000018     0.000000    -0.222525     0.974945    -1.000017    -0.000000     0.222525    -0.974945 
       92         1     1.2765   1.000018     0.000000     0.222525    -0.974945    -1.000017    -0.000000    -0.222525     0.974945 
       93         1     1.4668   1.000015     0.000000    -0.222524     0.974941     1.000014     0.000000    -0.222524     0.974941 
       94         1     1.5585   1.000021    -0.000000    -0.222526     0.974948    -1.000021     0.000000     0.222526    -0.974948 
       95         1     1.5888   1.000024     0.000000     0.222526    -0.974951    -1.000023    -0.000000    -0.222526     0.974951 
       96         1     1.7225   1.000017     0.000000     0.222525    -0.974944     1.000016     0.000000     0.222525    -0.974944 
       97         1     1.7533   1.000018     0.000000     0.222525    -0.974945    -1.000017    -0.000000    -0.222525     0.974945 
       98         1     1.9213   1.000014     0.000000    -0.222524     0.974941     1.000014     0.000000    -0.222524     0.974941 
       99         1     1.9361   1.000015     0.000000     0.222524    -0.974942     1.000015     0.000000     0.222524    -0.974942 
      100         1     1.9853   1.000017     0.000000    -0.222525     0.974944    -1.000017    -0.000000     0.222525    -0.974944 
      101         1     2.0987   1.000015     0.000000     0.222524    -0.974943    -1.000015    -0.000000    -0.222524     0.974943 
      102         1     2.1084   1.000011    -0.000000    -0.222523     0.974939    -1.000011     0.000000     0.222523    -0.974939 
      103         1     2.2848   1.000014    -0.000000     0.222524    -0.974941    -1.000014     0.000000    -0.222524     0.974941 
      104         1     2.4101   1.000013    -0.000000    -0.222524     0.974941    -1.000013     0.000000     0.222524    -0.974941 
      105         1     2.7183   1.000013    -0.000000    -0.222524     0.974941     1.000013    -0.000000    -0.222524     0.974941 
      106         1     2.7421   1.000010     0.000000     0.222523    -0.974938     1.000010     0.000000     0.222523    -0.974938 
      107         1     2.9567   1.000012     0.000000    -0.222524     0.974940     1.000012     0.000000    -0.222524     0.974940 
      108         1     2.9618   1.000013    -0.000000     0.222524    -0.974940     1.000013    -0.000000     0.222524    -0.974940 
      109         1     5.0276   1.000011    -0.000000     0.222523    -0.974938     1.000011    -0.000000     0.222523    -0.974938 
      110         1     5.0671   1.000011     0.000000    -0.222523     0.974939     1.000011     0.000000    -0.222523     0.974939 
      111         1     5.3731   1.000011     0.000000     0.222523    -0.974938    -1.000011    -0.000000    -0.222523     0.974938 
      112         1     5.5250   1.000011     0.000000    -0.222523     0.974939    -1.000011    -0.000000     0.222523    -0.974939 
      113         1     6.5312   1.000015    -0.000000     0.222524    -0.974943     1.000015    -0.000000     0.222524    -0.974943 
      114         1     6.5571   1.000015    -0.000000    -0.222524     0.974942     1.000015    -0.000000    -0.222524     0.974942 
      115         1     6.8229   1.000012    -0.000000    -0.222524     0.974939    -1.000012     0.000000     0.222524    -0.974939 
      116         1     6.8763   1.000014     0.000000     0.222524    -0.974941    -1.000014    -0.000000    -0.222524     0.974941 
      117         1     7.1931   1.000012    -0.000000    -0.222524     0.974940    -1.000012     0.000000     0.222524    -0.974940 
      118         1     7.4636   1.000016     0.000000     0.222525    -0.974944    -1.000016    -0.000000    -0.222525     0.974944 
      119         1     7.9304   1.000015     0.000000    -0.222524     0.974942     1.000015     0.000000    -0.222524     0.974942 
      120         1     7.9973   1.000015    -0.000000     0.222524    -0.974942     1.000015    -0.000000     0.222524    -0.974942 
      121         1     8.2609   1.000015     0.000000     0.222524    -0.974942    -1.000015    -0.000000    -0.222524     0.974942 
      122         1     8.2629   1.000016    -0.000000    -0.222525     0.974944    -1.000016     0.000000     0.222525    -0.974944 
      123         1     8.5087   1.000014    -0.000000    -0.222524     0.974941     1.000014    -0.000000    -0.222524     0.974941 
      124         1     8.6220   1.000016    -0.000000     0.222524    -0.974943     1.000016    -0.000000     0.222524    -0.974943 
      125         1     9.0949   1.000014     0.000000    -0.222524     0.974942    -1.000014    -0.000000     0.222524    -0.974942 
      126         1     9.2324   1.000016     0.000000     0.222524    -0.974943    -1.000016    -0.000000    -0.222524     0.974943 
      127         1     9.3352   1.000013     0.000000    -0.222524     0.974940     1.000013     0.000000    -0.222524     0.974940 
      128         1     9.3619   1.000016     0.000000     0.222525    -0.974944     1.000016     0.000000     0.222525    -0.974944 
      129         1     9.5604   1.000020     0.000000    -0.222525     0.974947    -1.000020    -0.000000     0.222525    -0.974947 
      130         1     9.5875   1.000014    -0.000000     0.222524    -0.974941    -1.000014     0.000000    -0.222524     0.974941 
      131         1     9.6501   1.000014     0.000000     0.222524    -0.974941     1.000014     0.000000     0.222524    -0.974941 
      132         1     9.6595   1.000018     0.000000    -0.222525     0.974946     1.000018     0.000000    -0.222525     0.974946 
      133         1     9.9675   1.000017     0.000000    -0.222525     0.974945    -1.000017    -0.000000     0.222525    -0.974945 
      134         1     9.9720   1.000017    -0.000000     0.222525    -0.974945     1.000017    -0.000000     0.222525    -0.974945 
      135         1    10.0314   1.000014     0.000000     0.222524    -0.974942    -1.000014    -0.000000    -0.222524     0.974942 
      136         1    10.1943   1.000011     0.000000    -0.222523     0.974939     1.000011     0.000000    -0.222523     0.974939 
      137         1    10.5244   1.000017    -0.000000     0.222525    -0.974945    -1.000017     0.000000    -0.222525     0.974945 
      138         1    10.5565   1.000012    -0.000000    -0.222524     0.974939    -1.000012     0.000000     0.222524    -0.974939 
      139         1    10.5746   1.000016    -0.000000     0.222524    -0.974943     1.000016    -0.000000     0.222524    -0.974943 
      140         1    10.8155   1.000013     0.000000    -0.222511     0.974883     0.999935     0.000000    -0.222495     0.974816 
      141         1    11.0445   1.000024    -0.000000     0.218900    -0.959065    -0.996942     0.000000    -0.219184     0.960309 
4 
 1  2  3  4 
        1         2   -25.4544   2.000064    -0.000000    -0.445050     1.949889     0.000004    -0.000002     0.000001     0.000005 
        3         2   -25.4533   2.000062     0.000000     0.445049    -1.949886     0.000005    -0.000002    -0.000001    -0.000006 
        5         2   -25.4410   2.000073    -0.000000    -0.444716     1.948429     0.000069    -0.000033     0.000015     0.000067 
        7         2   -25.4409   2.000097    -0.000000     0.444722    -1.948453    -0.000107     0.000052    -0.000007    -0.000030 
        9         4   -25.4119   4.000175     0.000000    -0.000004     0.000016    -0.000016     0.000008     0.000000     0.000001 
       13         2   -25.3892   2.000098     0.000000    -0.444734     1.948505     0.000050    -0.000024    -0.000005    -0.000022 
       15         2   -25.3891   2.000082     0.000000     0.444730    -1.948488    -0.000047     0.000023     0.000005     0.000020 
       17         2   -25.3840   2.000078     0.000000     0.444784    -1.948725     0.000067    -0.000032    -0.000003    -0.000015 
       19         2   -25.3838   2.000076     0.000000    -0.444783     1.948722    -0.000077     0.000037     0.000001     0.000004 
       21         1   -12.4078   1.000012    -0.000000     0.222524    -0.974940     0.900980    -0.433889    -0.222524    -0.974940 
       22         1   -12.2543   1.000011    -0.000000    -0.222523     0.974939     0.900979    -0.433889     0.222523     0.974939 
       23         1   -12.2484   1.000014    -0.000000     0.222524    -0.974941    -0.900981     0.433890     0.222524     0.974941 
       24         1   -12.0754   1.000012     0.000000    -0.222524     0.974939    -0.900980     0.433889    -0.222524    -0.974939 
       25         1   -11.3524   1.000010    -0.000000    -0.222523     0.974938    -0.900978     0.433888    -0.222523    -0.974938 
       26         1   -11.3261   1.000010    -0.000000     0.222523    -0.974938    -0.900978     0.433888     0.222523     0.974938 
       27         1   -11.2319   1.000013     0.000000     0.222524    -0.974941     0.900981    -0.433890    -0.222524    -0.974941 
       28         1   -11.1620   1.000013    -0.000000    -0.222524     0.974941     0.900981    -0.433889     0.222524     0.974941 
       29         1   -11.0538   1.000013    -0.000000     0.222524    -0.974941    -0.900981     0.433890     0.222524     0.974941 
       30         1   -10.8944   1.000014     0.000000    -0.222524     0.974941    -0.900981     0.433890    -0.222524    -0.974941 
       31         1   -10.8773   1.000013     0.000000    -0.222524     0.974941     0.900981    -0.433889     0.222524     0.974941 
       32         1   -10.8089   1.000014     0.000000     0.222524    -0.974941     0.900981    -0.433890    -0.222524    -0.974941 
       33         1    -6.0197   1.000013    -0.000000    -0.222524     0.974941     0.900981    -0.433889     0.222524     0.974941 
       34         1    -5.9095   1.000014    -0.000000    -0.222524     0.974941    -0.900981     0.433890    -0.222524    -0.974941 
       35         1    -5.7813   1.000012    -0.000000     0.222524    -0.974939     0.900979    -0.433889    -0.222524    -0.974939 
       36         1    -5.5954   1.000014    -0.000000     0.222524    -0.974942    -0.900981     0.433890     0.222524     0.974942 
       37         1    -2.4626   1.000010    -0.000000     0.222523    -0.974938    -0.900978     0.433888     0.222523     0.974938 
       38         1    -2.4486   1.000012    -0.000000    -0.222524     0.974940    -0.900980     0.433889    -0.222524    -0.974940 
       39         1    -2.3540   1.000014     0.000000    -0.222524     0.974941     0.900981    -0.433890     0.222524     0.974941 
       40         1    -2.3059   1.000010    -0.000000     0.222523    -0.974938     0.900978    -0.433888    -0.222523    -0.974938 
       41         1    -2.1146   1.000013    -0.000000    -0.222524     0.974940     0.900980    -0.433889     0.222524     0.974940 
       42         1    -1.9594   1.000014    -0.000000     0.222524    -0.974941     0.900981    -0.433890    -0.222524    -0.974941 
       43         1    -1.9125   1.000008    -0.000000    -0.222523     0.974936    -0.900976     0.433887    -0.222523    -0.974936 
       44         1    -1.9088   1.000010     0.000000     0.222523    -0.974938    -0.900978     0.433888     0.222523     0.974938 
       45         1    -1.7333   1.000016    -0.000000    -0.222524     0.974943     0.900983    -0.433891     0.222524     0.974943 
       46         1    -1.6134   1.000009     0.000000     0.222523    -0.974937     0.900977    -0.433888    -0.222523    -0.974937 
       47         1    -1.6049   1.000012    -0.000000    -0.222524     0.974939    -0.900979     0.433889    -0.222524    -0.974939 
       48         1    -1.4460   1.000010    -0.000000     0.222523    -0.974938    -0.900978     0.433888     0.222523     0.974938 
       49         1    -1.3498   1.000012     0.000000     0.222524    -0.974940     0.900980    -0.433889    -0.222524    -0.974940 
       50         1    -1.1604   1.000007     0.000000    -0.222522     0.974934     0.900975    -0.433887     0.222522     0.974934 
       51         1    -1.1284   1.000009    -0.000000    -0.222523     0.974937    -0.900977     0.433888    -0.222523    -0.974937 
       52         1    -1.0121   1.000008    -0.000000    -0.222523     0.974935    -0.900976     0.433887    -0.222523    -0.974935 
       53         1    -0.9685   1.000012     0.000000     0.222524    -0.974940    -0.900980     0.433889     0.222524     0.974940 
       54         1    -0.9597   1.000009     0.000000    -0.222523     0.974936     0.900977    -0.433887     0.222523     0.974936 
       55         1    -0.8566   1.000012     0.000000     0.222523    -0.974939    -0.900979     0.433889     0.222523     0.974939 
       56         1    -0.6864   1.000014     0.000000     0.222524    -0.974941     0.900981    -0.433890    -0.222524    -0.974941 
       57         1    -0.6538   1.000012     0.000000     0.222524    -0.974940     0.900980    -0.433889    -0.222524    -0.974940 
       58         1    -0.6141   1.000013     0.000000    -0.222524     0.974940     0.900980    -0.433889     0.222524     0.974940 
       59         1    -0.5978   1.000017     0.000000    -0.222525     0.974945    -0.900984     0.433891    -0.222525    -0.974945 
       60         1    -0.5875   1.000011     0.000000     0.222523    -0.974938    -0.900979     0.433888     0.222523     0.974938 
       61         1    -0.5452   1.000014    -0.000000     0.222524    -0.974941     0.900981    -0.433890    -0.222524    -0.974941 
       62         1    -0.5265   1.000016     0.000000    -0.222524     0.974943     0.900983    -0.433891     0.222524     0.974943 
       63         1    -0.4807   1.000011    -0.000000     0.222523    -0.974939    -0.900979     0.433889     0.222523     0.974939 
       64         1    -0.4764   1.000017     0.000000    -0.222525     0.974944    -0.900984     0.433891    -0.222525    -0.974944 
       65         1    -0.4550   1.000016     0.000000    -0.222524     0.974943     0.900983    -0.433891     0.222524     0.974943 
       66         1    -0.4295   1.000013    -0.000000     0.222524    -0.974940     0.900980    -0.433889    -0.222524    -0.974940 
       67         1    -0.4242   1.000013    -0.000000     0.222524    -0.974941    -0.900981     0.433889     0.222524     0.974941 
       68         1    -0.3911   1.000016    -0.000000    -0.222524     0.974943    -0.900983     0.433890    -0.222524    -0.974943 
       69         1     0.5046   1.000026     0.000000     0.222527    -0.974953    -0.900992     0.433895     0.222527     0.974953 
       70         1     0.5323   1.000027    -0.000000    -0.222527     0.974954    -0.900993     0.433895    -0.222527    -0.974953 
       71         1     0.5511   1.000035    -0.000000    -0.222529     0.974961     0.901000    -0.433899     0.222529     0.974961 
       72         1     0.5658   1.000030    -0.000000     0.222527    -0.974956     0.900995    -0.433896    -0.222527    -0.974956 
       73         1     0.5754   1.000028    -0.000000    -0.222527     0.974954     0.900994    -0.433896     0.222527     0.974954 
       74         1     0.5843   1.000032    -0.000000     0.222528    -0.974958     0.900997    -0.433897    -0.222528    -0.974958 
       75         1     0.5915   1.000030     0.000000     0.222527    -0.974956    -0.900995     0.433896     0.222527     0.974957 
       76         1     0.6131   1.000025     0.000000    -0.222526     0.974952    -0.900991     0.433895    -0.222526    -0.974952 
       77         1     0.6274   1.000033     0.000000    -0.222528     0.974959     0.900998    -0.433898     0.222528     0.974959 
       78         1     0.6468   1.000032    -0.000000     0.222528    -0.974958    -0.900997     0.433897     0.222528     0.974959 
       79         1     0.6613   1.000030     0.000000     0.222527    -0.974957     0.900995    -0.433897    -0.222527    -0.974957 
       80         1     0.6651   1.000027    -0.000000    -0.222527     0.974954    -0.900982     0.433890    -0.222524    -0.974942 
       81         1     0.6654   1.000033    -0.000000    -0.222528     0.974960     0.900988    -0.433893     0.222526     0.974948 
       82         1     0.6785   1.000029     0.000000    -0.222527     0.974955    -0.900994     0.433896    -0.222527    -0.974955 
       83         1     0.6944   1.000027     0.000000     0.222527    -0.974953    -0.900992     0.433895     0.222527     0.974953 
       84         1     0.7974   1.000025     0.000000     0.222526    -0.974952     0.900991    -0.433895    -0.222526    -0.974952 
       85         1     0.8457   1.000022    -0.000000     0.222526    -0.974949     0.900989    -0.433893    -0.222526    -0.974949 
       86         1     0.9327   1.000025    -0.000000    -0.222526     0.974951     0.900991    -0.433894     0.222526     0.974951 
       87         1     0.9850   1.000020    -0.000000     0.222525    -0.974947    -0.900987     0.433892     0.222525     0.974947 
       88         1     0.9881   1.000017    -0.000000    -0.222525     0.974944    -0.900984     0.433891    -0.222525    -0.974944 
       89         1     1.0039   1.000016     0.000000     0.222524    -0.974943     0.900983    -0.433891    -0.222524    -0.974943 
       90         1     1.0933   1.000020     0.000000    -0.222525     0.974947     0.900986    -0.433892     0.222525     0.974947 
       91         1     1.3096   1.000016    -0.000000     0.222524    -0.974943    -0.900983     0.433891     0.222524     0.974943 
       92         1     1.3117   1.000018     0.000000    -0.222525     0.974945    -0.900985     0.433891    -0.222525    -0.974945 
       93         1     1.5039   1.000021     0.000000     0.222525    -0.974947     0.900987    -0.433893    -0.222525    -0.974948 
       94         1     1.5326   1.000017    -0.000000    -0.222524     0.974943    -0.900983     0.433891    -0.222524    -0.974943 
       95         1     1.5631   1.000015     0.000000    -0.222524     0.974942     0.900982    -0.433890     0.222524     0.974942 
       96         1     1.6637   1.000022    -0.000000     0.222526    -0.974950    -0.900989     0.433893     0.222526     0.974950 
       97         1     1.7429   1.000016    -0.000000    -0.222524     0.974943    -0.900983     0.433891    -0.222524    -0.974943 
       98         1     1.8032   1.000018    -0.000000     0.222525    -0.974945    -0.900984     0.433891     0.222525     0.974945 
       99         1     1.8892   1.000015     0.000000     0.222524    -0.974942     0.900982    -0.433890    -0.222524    -0.974942 
      100         1     2.0870   1.000015     0.000000    -0.222524     0.974943     0.900983    -0.433890     0.222524     0.974943 
      101         1     2.0974   1.000016    -0.000000     0.222524    -0.974943    -0.900983     0.433890     0.222524     0.974943 
      102         1     2.1693   1.000013     0.000000    -0.222524     0.974940    -0.900980     0.433889    -0.222524    -0.974940 
      103         1     2.3191   1.000016     0.000000    -0.222524     0.974943    -0.900983     0.433890    -0.222524    -0.974943 
      104         1     2.5085   1.000014    -0.000000     0.222524    -0.974941     0.900981    -0.433890    -0.222524    -0.974941 
      105         1     2.5970   1.000010    -0.000000     0.222523    -0.974938    -0.900978     0.433888     0.222523     0.974938 
      106         1     2.6526   1.000014    -0.000000     0.222524    -0.974941     0.900981    -0.433890    -0.222524    -0.974941 
      107         1     2.6862   1.000012    -0.000000    -0.222524     0.974939     0.900979    -0.433889     0.222524     0.974939 
      108         1     3.0063   1.000015    -0.000000    -0.222524     0.974943     0.900982    -0.433890     0.222524     0.974943 
      109         1     5.1262   1.000011     0.000000     0.222523    -0.974939     0.900979    -0.433889    -0.222523    -0.974939 
      110         1     5.2665   1.000011     0.000000    -0.222523     0.974938     0.900978    -0.433888     0.222523     0.974938 
      111         1     5.3397   1.000012    -0.000000    -0.222524     0.974940    -0.900980     0.433889    -0.222524    -0.974940 
      112         1     5.3822   1.000009     0.000000     0.222523    -0.974937    -0.900977     0.433888     0.222523     0.974937 
      113         1     6.5445   1.000011    -0.000000     0.222523    -0.974939    -0.900979     0.433888     0.222523     0.974939 
      114         1     6.6206   1.000014    -0.000000    -0.222524     0.974941     0.900981    -0.433890     0.222524     0.974941 
      115         1     6.7050   1.000017     0.000000     0.222525    -0.974944     0.900984    -0.433891    -0.222525    -0.974944 
      116         1     6.7595   1.000013     0.000000    -0.222524     0.974940    -0.900980     0.433889    -0.222524    -0.974940 
      117         1     7.2492   1.000008     0.000000    -0.222523     0.974936    -0.900976     0.433887    -0.222523    -0.974936 
      118         1     7.4174   1.000012     0.000000     0.222523    -0.974939    -0.900979     0.433889     0.222523     0.974939 
      119         1     7.8191   1.000018     0.000000    -0.222525     0.974945     0.900985    -0.433891     0.222525     0.974945 
      120         1     8.0181   1.000014     0.000000     0.222524    -0.974941     0.900981    -0.433890    -0.222524    -0.974941 
      121         1     8.1789   1.000013     0.000000     0.222524    -0.974941    -0.900981     0.433890     0.222524     0.974941 
      122         1     8.2636   1.000016    -0.000000    -0.222525     0.974944    -0.900983     0.433891    -0.222525    -0.974944 
      123         1     8.4814   1.000016     0.000000    -0.222524     0.974943     0.900983    -0.433891     0.222524     0.974943 
      124         1     8.5279   1.000012    -0.000000     0.222524    -0.974940     0.900980    -0.433889    -0.222524    -0.974940 
      125         1     8.9961   1.000010     0.000000    -0.222523     0.974937    -0.900978     0.433888    -0.222523    -0.974937 
      126         1     9.0868   1.000017    -0.000000     0.222525    -0.974945    -0.900984     0.433891     0.222525     0.974945 
      127         1     9.0999   1.000014     0.000000    -0.222524     0.974941     0.900981    -0.433890     0.222524     0.974941 
      128         1     9.3160   1.000011    -0.000000     0.222523    -0.974939     0.900979    -0.433889    -0.222523    -0.974939 
      129         1     9.5603   1.000015    -0.000000     0.222524    -0.974943    -0.900983     0.433890     0.222524     0.974943 
      130         1     9.6401   1.000012    -0.000000    -0.222524     0.974940    -0.900980     0.433889    -0.222524    -0.974940 
      131         1     9.7416   1.000017    -0.000000     0.222525    -0.974944     0.900984    -0.433891    -0.222525    -0.974944 
      132         1     9.8090   1.000015    -0.000000    -0.222524     0.974942     0.900982    -0.433890     0.222524     0.974942 
      133         1    10.1155   1.000014     0.000000     0.222524    -0.974942     0.900982    -0.433890    -0.222524    -0.974942 
      134         1    10.1493   1.000017    -0.000000    -0.222525     0.974945     0.900984    -0.433891     0.222525     0.974945 
      135         1    10.2719   1.000012    -0.000000     0.222524    -0.974940    -0.900980     0.433889     0.222524     0.974940 
      136         1    10.4173   1.000016     0.000000    -0.222525     0.974944    -0.900983     0.433891    -0.222525    -0.974944 
      137         1    10.4619   1.000016     0.000000     0.222525    -0.974944     0.900983    -0.433891    -0.222524    -0.974943 
      138         1    10.5377   1.000011     0.000000    -0.222523     0.974937     0.900978    -0.433888     0.222523     0.974939 
      139         1    10.6054   1.000017     0.000000    -0.222525     0.974944    -0.900984     0.433891    -0.222525    -0.974944 
      140         1    10.8028   1.000016     0.000000     0.222524    -0.974943    -0.900959     0.433879     0.222519     0.974918 
      141         1    11.1018   1.000031    -0.000000     0.219686    -0.962509     0.583302    -0.280903    -0.141480    -0.619866 
4 
 1  2  3  4 
        1         2   -25.4544   2.000083    -0.000000    -0.445054     1.949908    -0.000004     0.000006    -0.000004    -0.000006 
        3         2   -25.4533   2.000060    -0.000000     0.445048    -1.949885     0.000002    -0.000003    -0.000002    -0.000003 
        5         2   -25.4410   2.000077     0.000000    -0.444714     1.948419    -0.000001     0.000001     0.000067     0.000084 
        7         2   -25.4409   2.000075    -0.000000     0.444714    -1.948419    -0.000005     0.000007    -0.000062    -0.000078 
        9         4   -25.4119   4.000157    -0.000000     0.000001    -0.000005    -0.000005     0.000006    -0.000008    -0.000010 
       13         2   -25.3892   2.000111     0.000000    -0.444723     1.948459     0.000041    -0.000052    -0.000030    -0.000037 
       15         2   -25.3891   2.000074    -0.000000     0.444715    -1.948422    -0.000037     0.000046     0.000028     0.000035 
       17         2   -25.3840   2.000069    -0.000000     0.444780    -1.948709     0.000018    -0.000023    -0.000062    -0.000077 
       19         2   -25.3838   2.000074    -0.000000    -0.444781     1.948713    -0.000020     0.000025     0.000054     0.000067 
       21         1   -12.3204   1.000013    -0.000000     0.222524    -0.974940     0.623498    -0.781841    -0.623498    -0.781841 
       22         1   -12.2551   1.000014    -0.000000     0.222524    -0.974942    -0.623499     0.781843     0.623499     0.781843 
       23         1   -12.2431   1.000012     0.000000    -0.222524     0.974939     0.623497    -0.781841     0.623497     0.781841 
       24         1   -12.0695   1.000012    -0.000000    -0.222524     0.974939    -0.623497     0.781841    -0.623497    -0.781841 
       25         1   -11.3121   1.000010    -0.000000     0.222523    -0.974938    -0.623496     0.781840     0.623496     0.781840 
       26         1   -11.2946   1.000010    -0.000000     0.222523    -0.974938     0.623496    -0.781840    -0.623496    -0.781840 
       27         1   -11.2672   1.000011     0.000000    -0.222523     0.974938    -0.623496     0.781840    -0.623496    -0.781840 
       28         1   -11.1841   1.000010     0.000000    -0.222523     0.974938     0.623496    -0.781840     0.623496     0.781840 
       29         1   -11.1229   1.000014    -0.000000     0.222524    -0.974941    -0.623498     0.781842     0.623498     0.781842 
       30         1   -10.9410   1.000015    -0.000000    -0.222524     0.974942     0.623499    -0.781843     0.623499     0.781843 
       31         1   -10.9301   1.000014     0.000000    -0.222524     0.974942    -0.623499     0.781843    -0.623499    -0.781843 
       32         1   -10.8229   1.000013    -0.000000     0.222524    -0.974940     0.623498    -0.781841    -0.623498    -0.781841 
       33         1    -6.0138   1.000014    -0.000000    -0.222524     0.974941     0.623498    -0.781842     0.623498     0.781842 
       34         1    -5.9276   1.000016     0.000000    -0.222524     0.974943    -0.623500     0.781844    -0.623500    -0.781844 
       35         1    -5.7416   1.000013     0.000000     0.222524    -0.974941     0.623498    -0.781842    -0.623498    -0.781842 
       36         1    -5.5948   1.000012    -0.000000     0.222524    -0.974939    -0.623497     0.781841     0.623497     0.781841 
       37         1    -2.4986   1.000013     0.000000    -0.222524     0.974940     0.623498    -0.781841     0.623498     0.781841 
       38         1    -2.4519   1.000014    -0.000000     0.222524    -0.974941    -0.623498     0.781842     0.623498     0.781842 
       39         1    -2.4224   1.000018    -0.000000    -0.222525     0.974945    -0.623501     0.781845    -0.623501    -0.781845 
       40         1    -2.3487   1.000015     0.000000     0.222524    -0.974942     0.623499    -0.781843    -0.623499    -0.781843 
       41         1    -2.0667   1.000005    -0.000000    -0.222522     0.974933    -0.623493     0.781836    -0.623493    -0.781835 
       42         1    -2.0508   1.000008     0.000000     0.222523    -0.974935     0.623495    -0.781837    -0.623495    -0.781837 
       43         1    -2.0054   1.000014    -0.000000    -0.222524     0.974941     0.623498    -0.781842     0.623498     0.781842 
       44         1    -1.9529   1.000008     0.000000     0.222523    -0.974935    -0.623494     0.781837     0.623494     0.781837 
       45         1    -1.7384   1.000010     0.000000    -0.222523     0.974938    -0.623496     0.781840    -0.623496    -0.781839 
       46         1    -1.5140   1.000007     0.000000    -0.222522     0.974934     0.623494    -0.781837     0.623494     0.781837 
       47         1    -1.5028   1.000015     0.000000     0.222524    -0.974942     0.623499    -0.781843    -0.623499    -0.781843 
       48         1    -1.3565   1.000009    -0.000000     0.222523    -0.974937    -0.623495     0.781839     0.623495     0.781839 
       49         1    -1.1963   1.000009     0.000000    -0.222523     0.974937     0.623495    -0.781839     0.623495     0.781839 
       50         1    -1.1564   1.000008    -0.000000     0.222523    -0.974936     0.623495    -0.781838    -0.623495    -0.781838 
       51         1    -1.0925   1.000009    -0.000000    -0.222523     0.974936    -0.623495     0.781838    -0.623495    -0.781838 
       52         1    -0.9630   1.000012     0.000000     0.222523    -0.974939    -0.623497     0.781840     0.623497     0.781840 
       53         1    -0.8979   1.000010     0.000000    -0.222523     0.974937    -0.623496     0.781839    -0.623496    -0.781839 
       54         1    -0.8619   1.000011    -0.000000    -0.222523     0.974938     0.623496    -0.781840     0.623496     0.781840 
       55         1    -0.7470   1.000012     0.000000     0.222524    -0.974940     0.623497    -0.781841    -0.623497    -0.781841 
       56         1    -0.7458   1.000010    -0.000000     0.222523    -0.974938    -0.623496     0.781840     0.623496     0.781839 
       57         1    -0.6327   1.000016    -0.000000     0.222524    -0.974943     0.623500    -0.781844    -0.623500    -0.781844 
       58         1    -0.6108   1.000015     0.000000    -0.222524     0.974943     0.623499    -0.781843     0.623499     0.781843 
       59         1    -0.5925   1.000015    -0.000000    -0.222524     0.974943    -0.623499     0.781843    -0.623499    -0.781843 
       60         1    -0.5745   1.000014    -0.000000     0.222524    -0.974941    -0.623498     0.781842     0.623498     0.781842 
       61         1    -0.5708   1.000012     0.000000     0.222524    -0.974940     0.623497    -0.781841    -0.623497    -0.781841 
       62         1    -0.5651   1.000016    -0.000000    -0.222524     0.974943     0.623499    -0.781844     0.623499     0.781843 
       63         1    -0.4983   1.000013     0.000000     0.222524    -0.974940    -0.623498     0.781841     0.623498     0.781841 
       64         1    -0.4584   1.000016     0.000000    -0.222524     0.974943     0.623500    -0.781844     0.623500     0.781844 
       65         1    -0.4503   1.000012     0.000000     0.222524    -0.974939    -0.623497     0.781841     0.623497     0.781841 
       66         1    -0.4478   1.000011     0.000000    -0.222523     0.974939    -0.623497     0.781840    -0.623497    -0.781840 
       67         1    -0.3983   1.000013    -0.000000     0.222524    -0.974941     0.623498    -0.781842    -0.623498    -0.781842 
       68         1    -0.3830   1.000014    -0.000000    -0.222524     0.974942    -0.623499     0.781842    -0.623498    -0.781842 
       69         1     0.4364   1.000022     0.000000     0.222526    -0.974949    -0.623503     0.781848     0.623503     0.781848 
       70         1     0.5218   1.000030     0.000000    -0.222527     0.974957     0.623508    -0.781855     0.623508     0.781855 
       71         1     0.5676   1.000027    -0.000000    -0.222527     0.974953    -0.623506     0.781852    -0.623506    -0.781852 
       72         1     0.5749   1.000027     0.000000    -0.222527     0.974953     0.623506    -0.781852     0.623506     0.781852 
       73         1     0.5784   1.000029     0.000000     0.222527    -0.974955     0.623507    -0.781853    -0.623507    -0.781853 
       74         1     0.5894   1.000034    -0.000000     0.222528    -0.974960     0.623511    -0.781858    -0.623511    -0.781857 
       75         1     0.5993   1.000029    -0.000000    -0.222527     0.974956     0.623508    -0.781854     0.623508     0.781854 
       76         1     0.6110   1.000031     0.000000     0.222528    -0.974957    -0.623509     0.781855     0.623509     0.781855 
       77         1     0.6370   1.000025    -0.000000    -0.222526     0.974952    -0.623505     0.781851    -0.623505    -0.781850 
       78         1     0.6420   1.000027     0.000000     0.222527    -0.974954     0.623506    -0.781852    -0.623506    -0.781852 
       79         1     0.6437   1.000034     0.000000    -0.222528     0.974960     0.623511    -0.781858     0.623511     0.781857 
       80         1     0.6634   1.000033    -0.000000     0.222528    -0.974959    -0.623510     0.781856     0.623510     0.781856 
       81         1     0.6710   1.000034    -0.000000    -0.222528     0.974960    -0.623511     0.781858    -0.623511    -0.781858 
       82         1     0.7014   1.000029    -0.000000     0.222527    -0.974955    -0.623508     0.781854     0.623507     0.781854 
       83         1     0.7081   1.000024     0.000000    -0.222526     0.974951    -0.623504     0.781850    -0.623504    -0.781850 
       84         1     0.7469   1.000028     0.000000     0.222527    -0.974955     0.623507    -0.781853    -0.623507    -0.781853 
       85         1     0.8875   1.000024    -0.000000     0.222526    -0.974950    -0.623504     0.781850     0.623504     0.781850 
       86         1     0.9067   1.000017     0.000000     0.222525    -0.974945     0.623500    -0.781845    -0.623500    -0.781845 
       87         1     0.9088   1.000027     0.000000    -0.222527     0.974954    -0.623507     0.781853    -0.623507    -0.781853 
       88         1     0.9824   1.000024    -0.000000    -0.222526     0.974951     0.623505    -0.781850     0.623505     0.781850 
       89         1     1.2166   1.000019    -0.000000     0.222525    -0.974946     0.623502    -0.781846    -0.623501    -0.781846 
       90         1     1.3110   1.000014     0.000000    -0.222524     0.974940    -0.623498     0.781842    -0.623498    -0.781841 
       91         1     1.3194   1.000019    -0.000000     0.222525    -0.974945     0.623501    -0.781845    -0.623501    -0.781845 
       92         1     1.3703   1.000015     0.000000     0.222524    -0.974943    -0.623499     0.781843     0.623499     0.781843 
       93         1     1.3821   1.000020    -0.000000    -0.222525     0.974947     0.623502    -0.781847     0.623502     0.781847 
       94         1     1.5111   1.000017     0.000000    -0.222525     0.974944    -0.623500     0.781845    -0.623500    -0.781845 
       95         1     1.6158   1.000018     0.000000    -0.222525     0.974945    -0.623501     0.781845    -0.623501    -0.781845 
       96         1     1.6347   1.000018    -0.000000     0.222525    -0.974945     0.623501    -0.781846    -0.623501    -0.781846 
       97         1     1.6959   1.000018     0.000000    -0.222525     0.974945     0.623501    -0.781845     0.623501     0.781845 
       98         1     1.7236   1.000016     0.000000     0.222525    -0.974944    -0.623500     0.781844     0.623500     0.781844 
       99         1     1.9980   1.000014    -0.000000     0.222524    -0.974941    -0.623498     0.781842     0.623498     0.781842 
      100         1     2.1131   1.000017     0.000000    -0.222525     0.974944    -0.623500     0.781845    -0.623500    -0.781845 
      101         1     2.1783   1.000011     0.000000    -0.222523     0.974939     0.623497    -0.781840     0.623497     0.781840 
      102         1     2.2560   1.000016     0.000000     0.222524    -0.974943    -0.623500     0.781844     0.623500     0.781844 
      103         1     2.3036   1.000014     0.000000     0.222524    -0.974941     0.623498    -0.781842    -0.623498    -0.781842 
      104         1     2.4609   1.000015     0.000000     0.222524    -0.974942     0.623499    -0.781843    -0.623499    -0.781843 
      105         1     2.4828   1.000015     0.000000    -0.222524     0.974943    -0.623499     0.781843    -0.623499    -0.781843 
      106         1     2.4971   1.000016    -0.000000    -0.222524     0.974943     0.623500    -0.781844     0.623499     0.781844 
      107         1     2.8761   1.000014    -0.000000     0.222524    -0.974941    -0.623498     0.781842     0.623498     0.781842 
      108         1     2.9644   1.000013    -0.000000    -0.222524     0.974941     0.623498    -0.781842     0.623498     0.781842 
      109         1     5.0308   1.000011    -0.000000    -0.222523     0.974939    -0.623497     0.781840    -0.623497    -0.781840 
      110         1     5.1436   1.000011     0.000000     0.222523    -0.974939     0.623497    -0.781840    -0.623497    -0.781840 
      111         1     5.2335   1.000012    -0.000000     0.222524    -0.974940    -0.623498     0.781841     0.623498     0.781841 
      112         1     5.4017   1.000009     0.000000    -0.222523     0.974937     0.623496    -0.781839     0.623496     0.781839 
      113         1     6.2259   1.000010    -0.000000     0.222523    -0.974938    -0.623496     0.781839     0.623496     0.781839 
      114         1     6.4541   1.000013    -0.000000    -0.222524     0.974941    -0.623498     0.781842    -0.623498    -0.781842 
      115         1     6.6790   1.000014    -0.000000    -0.222524     0.974942     0.623499    -0.781843     0.623499     0.781843 
      116         1     6.8865   1.000013     0.000000     0.222524    -0.974940     0.623498    -0.781841    -0.623498    -0.781841 
      117         1     7.2638   1.000010     0.000000    -0.222523     0.974938    -0.623496     0.781840    -0.623496    -0.781839 
      118         1     7.2640   1.000015    -0.000000     0.222524    -0.974943    -0.623499     0.781843     0.623499     0.781843 
      119         1     7.4215   1.000017    -0.000000    -0.222525     0.974944     0.623500    -0.781844     0.623500     0.781844 
      120         1     7.6156   1.000013    -0.000000     0.222524    -0.974940     0.623498    -0.781841    -0.623498    -0.781841 
      121         1     7.8508   1.000010    -0.000000     0.222523    -0.974938    -0.623496     0.781839     0.623496     0.781839 
      122         1     8.1818   1.000012    -0.000000    -0.222524     0.974940    -0.623497     0.781841    -0.623497    -0.781841 
      123         1     8.2644   1.000011     0.000000    -0.222523     0.974939     0.623497    -0.781840     0.623497     0.781840 
      124         1     8.5043   1.000013    -0.000000     0.222524    -0.974940     0.623498    -0.781842    -0.623498    -0.781842 
      125         1     8.6597   1.000010    -0.000000     0.222523    -0.974938    -0.623496     0.781840     0.623496     0.781840 
      126         1     8.6850   1.000018    -0.000000    -0.222525     0.974945    -0.623501     0.781845    -0.623501    -0.781845 
      127         1     9.0683   1.000016     0.000000    -0.222525     0.974944     0.623500    -0.781844     0.623500     0.781844 
      128         1     9.0709   1.000015     0.000000     0.222524    -0.974942     0.623499    -0.781843    -0.623499    -0.781843 
      129         1     9.3828   1.000014    -0.000000    -0.222524     0.974942     0.623499    -0.781843     0.623499     0.781843 
      130         1     9.5373   1.000013    -0.000000     0.222524    -0.974940     0.623498    -0.781841    -0.623498    -0.781841 
      131         1     9.7220   1.000015     0.000000     0.222524    -0.974942    -0.623499     0.781843     0.623499     0.781843 
      132         1     9.9174   1.000013     0.000000    -0.222524     0.974940    -0.623498     0.781841    -0.623498    -0.781841 
      133         1     9.9909   1.000012     0.000000    -0.222524     0.974940     0.623498    -0.781841     0.623498     0.781841 
      134         1    10.0892   1.000018    -0.000000     0.222525    -0.974946     0.623501    -0.781846    -0.623501    -0.781846 
      135         1    10.3937   1.000016    -0.000000    -0.222524     0.974943    -0.623500     0.781844    -0.623500    -0.781844 
      136         1    10.4105   1.000016    -0.000000     0.222524    -0.974943    -0.623500     0.781844     0.623500     0.781844 
      137         1    10.5150   1.000008     0.000000    -0.222523     0.974936     0.623495    -0.781838     0.623495     0.781838 
      138         1    10.5395   1.000017    -0.000000     0.222525    -0.974944     0.623500    -0.781845    -0.623500    -0.781845 
      139         1    10.9648   1.000018    -0.000000     0.222495    -0.974813    -0.623402     0.781721     0.623483     0.781823 
      140         1    10.9951   1.000015    -0.000000     0.222482    -0.974756     0.623288    -0.781578    -0.623171    -0.781432 
      141         1    11.0477   1.000016    -0.000000    -0.222426     0.974510    -0.623450     0.781782    -0.623176    -0.781438 
4 
 1  2  3  4 
        1         2   -25.4544   2.000071    -0.000000    -0.445051     1.949896    -0.000002     0.000007    -0.000006    -0.000003 
        3         2   -25.4533   2.000067    -0.000000     0.445050    -1.949892     0.000003    -0.000012    -0.000011    -0.000006 
        5         2   -25.4410   2.000080    -0.000000    -0.444698     1.948351    -0.000014     0.000059     0.000143     0.000069 
        7         2   -25.4409   2.000071    -0.000000     0.444697    -1.948344     0.000013    -0.000056    -0.000139    -0.000067 
        9         4   -25.4119   4.000173    -0.000000     0.000006    -0.000026     0.000004    -0.000016    -0.000038    -0.000019 
       13         2   -25.3892   2.000076    -0.000000    -0.444701     1.948363     0.000015    -0.000065     0.000045     0.000022 
       15         2   -25.3891   2.000112     0.000000     0.444709    -1.948397    -0.000011     0.000050    -0.000068    -0.000033 
       17         2   -25.3840   2.000068     0.000000     0.444788    -1.948742     0.000008    -0.000035    -0.000065    -0.000031 
       19         2   -25.3838   2.000085     0.000000    -0.444791     1.948758    -0.000014     0.000060     0.000027     0.000013 
       21         1   -12.3132   1.000013    -0.000000     0.222524    -0.974941    -0.222524     0.974941     0.900981     0.433889 
       22         1   -12.2631   1.000014    -0.000000     0.222524    -0.974941     0.222524    -0.974941    -0.900981    -0.433890 
       23         1   -12.1919   1.000012    -0.000000    -0.222524     0.974940     0.222524    -0.974940     0.900980     0.433889 
       24         1   -12.0504   1.000013     0.000000    -0.222524     0.974941    -0.222524     0.974941    -0.900981    -0.433890 
       25         1   -11.2943   1.000009    -0.000000     0.222523    -0.974936     0.222523    -0.974936    -0.900977    -0.433887 
       26         1   -11.2500   1.000013     0.000000     0.222524    -0.974940    -0.222524     0.974940     0.900980     0.433889 
       27         1   -11.2456   1.000012     0.000000    -0.222524     0.974940     0.222524    -0.974940     0.900980     0.433889 
       28         1   -11.2150   1.000011     0.000000    -0.222523     0.974939    -0.222523     0.974939    -0.900979    -0.433889 
       29         1   -11.1373   1.000011    -0.000000     0.222523    -0.974939    -0.222523     0.974939     0.900979     0.433888 
       30         1   -11.0061   1.000013    -0.000000    -0.222524     0.974941     0.222524    -0.974941     0.900981     0.433890 
       31         1   -10.9663   1.000014    -0.000000    -0.222524     0.974942    -0.222524     0.974942    -0.900982    -0.433890 
       32         1   -10.8726   1.000015     0.000000     0.222524    -0.974942     0.222524    -0.974942    -0.900982    -0.433890 
       33         1    -5.9824   1.000013     0.000000    -0.222524     0.974941     0.222524    -0.974941     0.900981     0.433889 
       34         1    -5.9460   1.000015     0.000000    -0.222524     0.974942    -0.222524     0.974942    -0.900982    -0.433890 
       35         1    -5.7178   1.000012    -0.000000     0.222524    -0.974940     0.222524    -0.974940    -0.900980    -0.433889 
       36         1    -5.6651   1.000013     0.000000     0.222524    -0.974941    -0.222524     0.974941     0.900981     0.433889 
       37         1    -2.5964   1.000013     0.000000     0.222524    -0.974940    -0.222524     0.974940     0.900980     0.433889 
       38         1    -2.5727   1.000010     0.000000    -0.222523     0.974938     0.222523    -0.974938     0.900978     0.433888 
       39         1    -2.4920   1.000013    -0.000000    -0.222524     0.974941    -0.222524     0.974941    -0.900981    -0.433889 
       40         1    -2.4625   1.000015    -0.000000     0.222524    -0.974942     0.222524    -0.974942    -0.900982    -0.433890 
       41         1    -2.1001   1.000014     0.000000    -0.222524     0.974942    -0.222524     0.974942    -0.900982    -0.433890 
       42         1    -2.0887   1.000005    -0.000000     0.222522    -0.974933     0.222522    -0.974933    -0.900974    -0.433886 
       43         1    -1.8349   1.000017    -0.000000    -0.222525     0.974944     0.222525    -0.974944     0.900984     0.433891 
       44         1    -1.7311   1.000012     0.000000    -0.222524     0.974939    -0.222524     0.974939    -0.900979    -0.433889 
       45         1    -1.7270   1.000009    -0.000000     0.222523    -0.974936    -0.222523     0.974936     0.900977     0.433888 
       46         1    -1.4925   1.000008     0.000000    -0.222523     0.974935     0.222523    -0.974935     0.900976     0.433887 
       47         1    -1.3832   1.000015     0.000000     0.222524    -0.974943     0.222524    -0.974943    -0.900983    -0.433890 
       48         1    -1.2978   1.000007     0.000000     0.222523    -0.974935    -0.222523     0.974935     0.900975     0.433887 
       49         1    -1.1914   1.000009     0.000000    -0.222523     0.974937     0.222523    -0.974937     0.900977     0.433888 
       50         1    -1.1060   1.000009    -0.000000     0.222523    -0.974936     0.222523    -0.974936    -0.900977    -0.433887 
       51         1    -1.0599   1.000009    -0.000000    -0.222523     0.974937    -0.222523     0.974937    -0.900977    -0.433888 
       52         1    -1.0436   1.000011     0.000000     0.222523    -0.974938    -0.222523     0.974938     0.900978     0.433888 
       53         1    -0.7810   1.000015     0.000000    -0.222524     0.974942    -0.222524     0.974942    -0.900982    -0.433890 
       54         1    -0.7491   1.000013     0.000000     0.222524    -0.974940     0.222524    -0.974940    -0.900980    -0.433889 
       55         1    -0.7249   1.000018    -0.000000    -0.222525     0.974945     0.222525    -0.974945     0.900984     0.433891 
       56         1    -0.6920   1.000011     0.000000     0.222523    -0.974938    -0.222523     0.974938     0.900978     0.433888 
       57         1    -0.6289   1.000013     0.000000     0.222524    -0.974940     0.222524    -0.974940    -0.900980    -0.433889 
       58         1    -0.6283   1.000010    -0.000000    -0.222523     0.974937     0.222523    -0.974937     0.900978     0.433888 
       59         1    -0.6083   1.000018    -0.000000     0.222525    -0.974945    -0.222525     0.974945     0.900985     0.433891 
       60         1    -0.6027   1.000014     0.000000    -0.222524     0.974941    -0.222524     0.974941    -0.900981    -0.433890 
       61         1    -0.5536   1.000014     0.000000    -0.222524     0.974941     0.222524    -0.974941     0.900981     0.433890 
       62         1    -0.5436   1.000013    -0.000000     0.222524    -0.974941     0.222523    -0.974937    -0.900978    -0.433888 
       63         1    -0.5434   1.000015    -0.000000     0.222524    -0.974942    -0.222523     0.974938     0.900978     0.433888 
       64         1    -0.4819   1.000014    -0.000000    -0.222524     0.974941    -0.222524     0.974941    -0.900981    -0.433890 
       65         1    -0.4623   1.000015     0.000000    -0.222524     0.974942     0.222524    -0.974942     0.900982     0.433890 
       66         1    -0.4337   1.000010     0.000000     0.222523    -0.974937    -0.222523     0.974937     0.900978     0.433888 
       67         1    -0.3817   1.000012    -0.000000    -0.222524     0.974940    -0.222524     0.974940    -0.900980    -0.433889 
       68         1    -0.3669   1.000014    -0.000000     0.222524    -0.974941     0.222524    -0.974941    -0.900981    -0.433890 
       69         1     0.3937   1.000021     0.000000     0.222525    -0.974948    -0.222525     0.974948     0.900987     0.433893 
       70         1     0.4597   1.000025    -0.000000    -0.222526     0.974952     0.222526    -0.974952     0.900991     0.433894 
       71         1     0.5511   1.000028     0.000000     0.222527    -0.974955     0.222527    -0.974955    -0.900994    -0.433896 
       72         1     0.5857   1.000028     0.000000    -0.222527     0.974955     0.222527    -0.974954     0.900993     0.433896 
       73         1     0.5880   1.000032    -0.000000    -0.222528     0.974958    -0.222528     0.974958    -0.900997    -0.433897 
       74         1     0.6021   1.000031    -0.000000     0.222528    -0.974958    -0.222528     0.974958     0.900996     0.433897 
       75         1     0.6068   1.000028    -0.000000     0.222527    -0.974954     0.222527    -0.974954    -0.900993    -0.433895 
       76         1     0.6190   1.000027    -0.000000    -0.222527     0.974953     0.222527    -0.974953     0.900992     0.433895 
       77         1     0.6336   1.000025    -0.000000    -0.222526     0.974952    -0.222526     0.974952    -0.900991    -0.433894 
       78         1     0.6417   1.000035     0.000000    -0.222528     0.974961     0.222528    -0.974961     0.900999     0.433898 
       79         1     0.6447   1.000034    -0.000000     0.222528    -0.974960    -0.222528     0.974961     0.900999     0.433898 
       80         1     0.6689   1.000023    -0.000000     0.222526    -0.974950     0.222526    -0.974950    -0.900989    -0.433893 
       81         1     0.6784   1.000024    -0.000000    -0.222526     0.974950    -0.222526     0.974950    -0.900989    -0.433894 
       82         1     0.6913   1.000025    -0.000000     0.222526    -0.974952    -0.222526     0.974952     0.900991     0.433894 
       83         1     0.7207   1.000028    -0.000000     0.222527    -0.974954     0.222527    -0.974954    -0.900993    -0.433895 
       84         1     0.7345   1.000026     0.000000    -0.222527     0.974953    -0.222527     0.974953    -0.900992    -0.433895 
       85         1     0.8769   1.000021     0.000000    -0.222525     0.974948    -0.222525     0.974948    -0.900987    -0.433893 
       86         1     0.9117   1.000025    -0.000000     0.222526    -0.974951     0.222526    -0.974950    -0.900990    -0.433894 
       87         1     0.9129   1.000022     0.000000     0.222526    -0.974949    -0.222526     0.974948     0.900988     0.433893 
       88         1     0.9986   1.000020    -0.000000    -0.222525     0.974947     0.222525    -0.974947     0.900987     0.433892 
       89         1     1.1253   1.000018     0.000000    -0.222525     0.974945    -0.222525     0.974945    -0.900984    -0.433891 
       90         1     1.1793   1.000022    -0.000000     0.222526    -0.974948     0.222526    -0.974948    -0.900988    -0.433893 
       91         1     1.3254   1.000015    -0.000000     0.222524    -0.974942     0.222524    -0.974942    -0.900982    -0.433890 
       92         1     1.4077   1.000021    -0.000000    -0.222525     0.974948    -0.222525     0.974948    -0.900987    -0.433893 
       93         1     1.4752   1.000014    -0.000000     0.222524    -0.974941    -0.222524     0.974941     0.900981     0.433890 
       94         1     1.5995   1.000013     0.000000    -0.222524     0.974940     0.222524    -0.974940     0.900980     0.433889 
       95         1     1.6852   1.000014     0.000000     0.222524    -0.974941     0.222524    -0.974941    -0.900981    -0.433890 
       96         1     1.7101   1.000018     0.000000    -0.222525     0.974945     0.222525    -0.974945     0.900985     0.433891 
       97         1     1.8213   1.000021     0.000000     0.222525    -0.974948    -0.222526     0.974948     0.900987     0.433893 
       98         1     1.8346   1.000015    -0.000000    -0.222524     0.974942    -0.222524     0.974942    -0.900982    -0.433890 
       99         1     2.1286   1.000014     0.000000    -0.222524     0.974941    -0.222524     0.974941    -0.900981    -0.433890 
      100         1     2.1456   1.000017     0.000000    -0.222525     0.974944     0.222525    -0.974944     0.900983     0.433891 
      101         1     2.1496   1.000014     0.000000     0.222524    -0.974942     0.222524    -0.974941    -0.900981    -0.433890 
      102         1     2.1873   1.000015    -0.000000     0.222524    -0.974942    -0.222524     0.974942     0.900982     0.433890 
      103         1     2.4134   1.000012     0.000000    -0.222524     0.974940    -0.222524     0.974940    -0.900980    -0.433889 
      104         1     2.4492   1.000014    -0.000000     0.222524    -0.974941    -0.222524     0.974941     0.900981     0.433890 
      105         1     2.4991   1.000014    -0.000000     0.222524    -0.974941     0.222524    -0.974941    -0.900981    -0.433889 
      106         1     2.6379   1.000013    -0.000000    -0.222524     0.974940     0.222524    -0.974940     0.900980     0.433889 
      107         1     2.9120   1.000015     0.000000     0.222524    -0.974942    -0.222524     0.974942     0.900982     0.433890 
      108         1     2.9303   1.000012    -0.000000    -0.222524     0.974940     0.222524    -0.974940     0.900980     0.433889 
      109         1     4.8966   1.000013     0.000000     0.222523    -0.974939     0.222523    -0.974939    -0.900981    -0.433889 
      110         1     4.8970   1.000010     0.000000    -0.222523     0.974936    -0.222523     0.974936    -0.900978    -0.433888 
      111         1     5.1326   1.000010    -0.000000     0.222523    -0.974937    -0.222523     0.974937     0.900977     0.433888 
      112         1     5.2450   1.000012    -0.000000    -0.222524     0.974939     0.222524    -0.974939     0.900979     0.433889 
      113         1     6.1518   1.000013    -0.000000     0.222524    -0.974941    -0.222524     0.974941     0.900981     0.433889 
      114         1     6.3662   1.000015    -0.000000    -0.222524     0.974943    -0.222524     0.974943    -0.900982    -0.433890 
      115         1     6.3911   1.000010     0.000000    -0.222523     0.974938     0.222523    -0.974938     0.900978     0.433888 
      116         1     6.7390   1.000010     0.000000     0.222523    -0.974938     0.222523    -0.974938    -0.900978    -0.433888 
      117         1     7.1415   1.000016     0.000000    -0.222524     0.974943     0.222524    -0.974943     0.900983     0.433891 
      118         1     7.1490   1.000013     0.000000     0.222524    -0.974940    -0.222524     0.974940     0.900980     0.433889 
      119         1     7.1669   1.000017     0.000000    -0.222525     0.974944    -0.222525     0.974944    -0.900984    -0.433891 
      120         1     7.2903   1.000013    -0.000000     0.222524    -0.974940     0.222524    -0.974940    -0.900980    -0.433889 
      121         1     7.7249   1.000013     0.000000     0.222524    -0.974940    -0.222524     0.974940     0.900980     0.433889 
      122         1     7.9777   1.000016    -0.000000    -0.222524     0.974944     0.222524    -0.974944     0.900983     0.433891 
      123         1     8.1554   1.000016    -0.000000    -0.222525     0.974944    -0.222525     0.974944    -0.900983    -0.433891 
      124         1     8.3542   1.000013    -0.000000     0.222524    -0.974940     0.222524    -0.974940    -0.900980    -0.433889 
      125         1     8.4855   1.000015     0.000000     0.222524    -0.974942    -0.222524     0.974942     0.900982     0.433890 
      126         1     8.6804   1.000015     0.000000    -0.222524     0.974943    -0.222524     0.974943    -0.900983    -0.433890 
      127         1     8.7213   1.000014    -0.000000    -0.222524     0.974942     0.222524    -0.974942     0.900982     0.433890 
      128         1     8.8602   1.000015     0.000000     0.222524    -0.974942     0.222524    -0.974942    -0.900982    -0.433890 
      129         1     9.2594   1.000015    -0.000000    -0.222524     0.974943     0.222524    -0.974943     0.900983     0.433890 
      130         1     9.4725   1.000014     0.000000     0.222524    -0.974941    -0.222524     0.974941     0.900981     0.433890 
      131         1     9.5635   1.000014    -0.000000     0.222524    -0.974941     0.222524    -0.974941    -0.900981    -0.433890 
      132         1     9.8569   1.000013    -0.000000    -0.222524     0.974941    -0.222524     0.974941    -0.900981    -0.433890 
      133         1     9.9861   1.000014     0.000000    -0.222524     0.974942     0.222524    -0.974942     0.900982     0.433890 
      134         1    10.2735   1.000016     0.000000     0.222524    -0.974943     0.222524    -0.974943    -0.900983    -0.433891 
      135         1    10.3621   1.000013     0.000000     0.222524    -0.974940    -0.222524     0.974940     0.900980     0.433889 
      136         1    10.4486   1.000015     0.000000    -0.222524     0.974942    -0.222524     0.974942    -0.900982    -0.433890 
      137         1    10.5741   1.000012    -0.000000     0.222524    -0.974940     0.222524    -0.974940    -0.900980    -0.433889 
      138         1    11.0287   1.000021    -0.000000    -0.222439     0.974571     0.222432    -0.974539     0.900923     0.433861 
      139         1    11.0692   1.000016    -0.000000    -0.222272     0.973838    -0.222506     0.974862    -0.899993    -0.433414 
      140         1    11.1789   1.000028     0.000000     0.222386    -0.974339     0.216104    -0.946814    -0.874564    -0.421168 
      141         1    11.2777   1.000025    -0.000000     0.206700    -0.905613    -0.213757     0.936532     0.868991     0.418484 
4 
 1  2  3  4 
        1         2   -25.4544   2.000064    -0.000000    -0.445049     1.949888     0.000001     0.000006    -0.000005    -0.000000 
        3         2   -25.4533   2.000063    -0.000000     0.445049    -1.949887    -0.000001    -0.000004    -0.000004    -0.000000 
        5         2   -25.4410   2.000095    -0.000000    -0.444704     1.948377     0.000018     0.000079     0.000149    -0.000000 
        7         2   -25.4409   2.000072    -0.000000     0.444699    -1.948354    -0.000024    -0.000106    -0.000127     0.000000 
        9         4   -25.4119   4.000157     0.000000     0.000005    -0.000020    -0.000004    -0.000019    -0.000027     0.000000 
       13         2   -25.3892   2.000106    -0.000000    -0.444713     1.948417    -0.000010    -0.000043    -0.000053    -0.000000 
       15         2   -25.3891   2.000080    -0.000000     0.444708    -1.948391     0.000010     0.000044     0.000036     0.000000 
       17         2   -25.3840   2.000072     0.000000     0.444769    -1.948660    -0.000011    -0.000048    -0.000145    -0.000000 
       19         2   -25.3838   2.000071     0.000000    -0.444769     1.948659     0.000014     0.000062     0.000124    -0.000000 
       21         1   -12.4005   1.000012     0.000000     0.222524    -0.974940     0.222524     0.974940     1.000012     0.000000 
       22         1   -12.2581   1.000013    -0.000000     0.222524    -0.974940    -0.222524    -0.974940    -1.000013     0.000000 
       23         1   -12.1248   1.000013    -0.000000    -0.222524     0.974940    -0.222524    -0.974940     1.000013    -0.000000 
       24         1   -12.0419   1.000014     0.000000    -0.222524     0.974941     0.222524     0.974941    -1.000014    -0.000000 
       25         1   -11.3170   1.000012     0.000000    -0.222524     0.974940    -0.222524    -0.974940     1.000012     0.000000 
       26         1   -11.2519   1.000012    -0.000000    -0.222524     0.974940     0.222524     0.974940    -1.000012     0.000000 
       27         1   -11.2215   1.000013     0.000000     0.222524    -0.974941    -0.222524    -0.974941    -1.000013    -0.000000 
       28         1   -11.1919   1.000012    -0.000000     0.222524    -0.974939     0.222524     0.974939     1.000012    -0.000000 
       29         1   -11.0663   1.000010    -0.000000     0.222523    -0.974938     0.222523     0.974938     1.000010    -0.000000 
       30         1   -11.0540   1.000014     0.000000    -0.222524     0.974942    -0.222524    -0.974942     1.000014    -0.000000 
       31         1   -10.9443   1.000012     0.000000     0.222524    -0.974939    -0.222524    -0.974939    -1.000012    -0.000000 
       32         1   -10.9166   1.000015    -0.000000    -0.222524     0.974943     0.222524     0.974943    -1.000015     0.000000 
       33         1    -5.9688   1.000010     0.000000    -0.222523     0.974937     0.222523     0.974937    -1.000010     0.000000 
       34         1    -5.9308   1.000012    -0.000000    -0.222524     0.974940    -0.222524    -0.974940     1.000012     0.000000 
       35         1    -5.7663   1.000013    -0.000000     0.222524    -0.974941     0.222524     0.974941     1.000013     0.000000 
       36         1    -5.7112   1.000011    -0.000000     0.222523    -0.974939    -0.222523    -0.974939    -1.000011    -0.000000 
       37         1    -2.6794   1.000011     0.000000     0.222523    -0.974938     0.222523     0.974938     1.000011    -0.000000 
       38         1    -2.5630   1.000010    -0.000000    -0.222523     0.974938     0.222523     0.974938    -1.000010     0.000000 
       39         1    -2.5234   1.000013     0.000000     0.222524    -0.974941    -0.222524    -0.974941    -1.000013    -0.000000 
       40         1    -2.5213   1.000011    -0.000000    -0.222523     0.974938    -0.222523    -0.974938     1.000011    -0.000000 
       41         1    -2.1628   1.000014    -0.000000    -0.222524     0.974941     0.222524     0.974941    -1.000014     0.000000 
       42         1    -2.1145   1.000015    -0.000000     0.222524    -0.974943    -0.222524    -0.974943    -1.000015     0.000000 
       43         1    -1.8609   1.000010    -0.000000    -0.222523     0.974937    -0.222523    -0.974937     1.000009    -0.000000 
       44         1    -1.5364   1.000008     0.000000    -0.222523     0.974936    -0.222523    -0.974936     1.000008     0.000000 
       45         1    -1.5345   1.000009     0.000000     0.222523    -0.974937     0.222523     0.974937     1.000009     0.000000 
       46         1    -1.4838   1.000007    -0.000000    -0.222523     0.974935     0.222523     0.974935    -1.000007     0.000000 
       47         1    -1.4336   1.000010     0.000000     0.222523    -0.974938    -0.222523    -0.974938    -1.000010    -0.000000 
       48         1    -1.3443   1.000008    -0.000000     0.222523    -0.974936     0.222523     0.974936     1.000008    -0.000000 
       49         1    -1.1661   1.000007    -0.000000     0.222523    -0.974935    -0.222523    -0.974935    -1.000007    -0.000000 
       50         1    -1.1488   1.000009     0.000000     0.222523    -0.974937     0.222523     0.974937     1.000009     0.000000 
       51         1    -1.0699   1.000008    -0.000000    -0.222523     0.974936    -0.222523    -0.974936     1.000008    -0.000000 
       52         1    -1.0607   1.000009     0.000000    -0.222523     0.974937     0.222523     0.974937    -1.000009    -0.000000 
       53         1    -0.7638   1.000011    -0.000000    -0.222523     0.974938     0.222523     0.974938    -1.000010    -0.000000 
       54         1    -0.7306   1.000013     0.000000     0.222524    -0.974941     0.222524     0.974941     1.000013     0.000000 
       55         1    -0.6883   1.000011     0.000000     0.222523    -0.974938    -0.222523    -0.974938    -1.000010     0.000000 
       56         1    -0.6866   1.000014    -0.000000    -0.222524     0.974941    -0.222524    -0.974941     1.000014     0.000000 
       57         1    -0.6312   1.000015     0.000000     0.222524    -0.974942     0.222524     0.974942     1.000015    -0.000000 
       58         1    -0.6304   1.000012     0.000000    -0.222523     0.974939     0.222523     0.974939    -1.000011    -0.000000 
       59         1    -0.6178   1.000017     0.000000    -0.222525     0.974944    -0.222525    -0.974944     1.000017     0.000000 
       60         1    -0.6030   1.000015    -0.000000     0.222524    -0.974942    -0.222524    -0.974942    -1.000014     0.000000 
       61         1    -0.5620   1.000015     0.000000    -0.222524     0.974942     0.222524     0.974942    -1.000015    -0.000000 
       62         1    -0.5609   1.000014    -0.000000     0.222524    -0.974941     0.222524     0.974941     1.000013     0.000000 
       63         1    -0.5244   1.000014    -0.000000    -0.222524     0.974941    -0.222524    -0.974941     1.000013     0.000000 
       64         1    -0.4644   1.000015    -0.000000     0.222524    -0.974942    -0.222524    -0.974942    -1.000015     0.000000 
       65         1    -0.4619   1.000020     0.000000    -0.222525     0.974947    -0.222525    -0.974947     1.000019     0.000000 
       66         1    -0.4244   1.000015    -0.000000     0.222524    -0.974942     0.222524     0.974942     1.000015     0.000000 
       67         1    -0.3914   1.000013     0.000000    -0.222524     0.974940     0.222524     0.974940    -1.000013     0.000000 
       68         1    -0.3579   1.000014    -0.000000     0.222524    -0.974942    -0.222524    -0.974942    -1.000014    -0.000000 
       69         1     0.4092   1.000021    -0.000000    -0.222525     0.974948    -0.222525    -0.974948     1.000021    -0.000000 
       70         1     0.4274   1.000022    -0.000000     0.222526    -0.974949     0.222526     0.974949     1.000022    -0.000000 
       71         1     0.5373   1.000025    -0.000000    -0.222526     0.974951     0.222526     0.974951    -1.000024     0.000000 
       72         1     0.5829   1.000032    -0.000000     0.222528    -0.974958    -0.222528    -0.974958    -1.000031    -0.000000 
       73         1     0.5893   1.000030     0.000000     0.222528    -0.974957     0.222528     0.974957     1.000030     0.000000 
       74         1     0.5997   1.000029    -0.000000    -0.222527     0.974956    -0.222527    -0.974956     1.000028     0.000000 
       75         1     0.6110   1.000026     0.000000     0.222526    -0.974952     0.222526     0.974952     1.000025    -0.000000 
       76         1     0.6255   1.000030    -0.000000     0.222527    -0.974955    -0.222527    -0.974955    -1.000029    -0.000000 
       77         1     0.6260   1.000026    -0.000000    -0.222526     0.974951     0.222526     0.974951    -1.000025    -0.000000 
       78         1     0.6322   1.000027    -0.000000    -0.222527     0.974954    -0.222527    -0.974954     1.000026    -0.000000 
       79         1     0.6642   1.000028     0.000000     0.222527    -0.974953     0.222527     0.974954     1.000026    -0.000000 
       80         1     0.6722   1.000030     0.000000    -0.222528     0.974957     0.222528     0.974957    -1.000030    -0.000000 
       81         1     0.6885   1.000024     0.000000     0.222526    -0.974950    -0.222526    -0.974950    -1.000023    -0.000000 
       82         1     0.6984   1.000027     0.000000    -0.222527     0.974953     0.222527     0.974953    -1.000026     0.000000 
       83         1     0.7205   1.000024    -0.000000    -0.222526     0.974950    -0.222526    -0.974951     1.000023     0.000000 
       84         1     0.7274   1.000026     0.000000     0.222527    -0.974953    -0.222527    -0.974953    -1.000025     0.000000 
       85         1     0.8207   1.000027    -0.000000     0.222527    -0.974953    -0.222527    -0.974953    -1.000026     0.000000 
       86         1     0.9421   1.000015    -0.000000    -0.222524     0.974943    -0.222524    -0.974943     1.000015    -0.000000 
       87         1     0.9690   1.000023     0.000000    -0.222526     0.974950     0.222526     0.974950    -1.000022     0.000000 
       88         1     0.9826   1.000021    -0.000000     0.222525    -0.974948     0.222525     0.974948     1.000020    -0.000000 
       89         1     1.0630   1.000020    -0.000000    -0.222525     0.974946     0.222525     0.974946    -1.000019     0.000000 
       90         1     1.1413   1.000020    -0.000000     0.222525    -0.974947    -0.222525    -0.974947    -1.000019    -0.000000 
       91         1     1.3179   1.000021     0.000000     0.222526    -0.974948    -0.222526    -0.974948    -1.000021    -0.000000 
       92         1     1.3546   1.000013     0.000000    -0.222524     0.974940     0.222524     0.974940    -1.000013    -0.000000 
       93         1     1.4562   1.000015    -0.000000    -0.222524     0.974942    -0.222524    -0.974942     1.000014     0.000000 
       94         1     1.6366   1.000016     0.000000     0.222524    -0.974943     0.222524     0.974943     1.000016     0.000000 
       95         1     1.8201   1.000017     0.000000    -0.222525     0.974944    -0.222525    -0.974944     1.000017    -0.000000 
       96         1     1.8342   1.000016    -0.000000    -0.222524     0.974943     0.222524     0.974943    -1.000015    -0.000000 
       97         1     1.8772   1.000010     0.000000     0.222523    -0.974938    -0.222523    -0.974938    -1.000010    -0.000000 
       98         1     1.8957   1.000021    -0.000000     0.222525    -0.974948     0.222526     0.974948     1.000021     0.000000 
       99         1     2.0772   1.000015    -0.000000    -0.222524     0.974942    -0.222524    -0.974942     1.000014     0.000000 
      100         1     2.1380   1.000015     0.000000    -0.222524     0.974942     0.222524     0.974942    -1.000015    -0.000000 
      101         1     2.2264   1.000015    -0.000000     0.222524    -0.974942    -0.222524    -0.974942    -1.000014     0.000000 
      102         1     2.2516   1.000010    -0.000000     0.222523    -0.974937     0.222523     0.974937     1.000010    -0.000000 
      103         1     2.3596   1.000015     0.000000    -0.222524     0.974942     0.222524     0.974942    -1.000015    -0.000000 
      104         1     2.5328   1.000012    -0.000000     0.222524    -0.974939    -0.222524    -0.974939    -1.000012     0.000000 
      105         1     2.5605   1.000013     0.000000     0.222524    -0.974940     0.222524     0.974940     1.000013    -0.000000 
      106         1     2.7658   1.000013    -0.000000     0.222524    -0.974941     0.222524     0.974941     1.000013    -0.000000 
      107         1     2.7826   1.000013    -0.000000    -0.222524     0.974940    -0.222524    -0.974940     1.000013    -0.000000 
      108         1     3.0123   1.000015    -0.000000    -0.222524     0.974943    -0.222524    -0.974943     1.000015    -0.000000 
      109         1     4.6152   1.000014    -0.000000     0.222524    -0.974942    -0.222524    -0.974942    -1.000014     0.000000 
      110         1     4.9868   1.000010    -0.000000    -0.222523     0.974938     0.222523     0.974938    -1.000010     0.000000 
      111         1     5.0667   1.000009     0.000000    -0.222523     0.974937    -0.222523    -0.974937     1.000009     0.000000 
      112         1     5.1489   1.000011    -0.000000     0.222523    -0.974938     0.222523     0.974938     1.000011     0.000000 
      113         1     6.1500   1.000011     0.000000    -0.222523     0.974939    -0.222523    -0.974939     1.000011    -0.000000 
      114         1     6.3612   1.000014    -0.000000     0.222524    -0.974942     0.222524     0.974942     1.000014     0.000000 
      115         1     6.4571   1.000013    -0.000000     0.222524    -0.974940    -0.222524    -0.974940    -1.000013    -0.000000 
      116         1     6.5626   1.000013    -0.000000    -0.222524     0.974940     0.222524     0.974940    -1.000013    -0.000000 
      117         1     6.8681   1.000012     0.000000    -0.222524     0.974939    -0.222524    -0.974939     1.000012     0.000000 
      118         1     7.0548   1.000013     0.000000    -0.222524     0.974941     0.222524     0.974941    -1.000013     0.000000 
      119         1     7.1458   1.000014    -0.000000     0.222524    -0.974942     0.222524     0.974942     1.000014    -0.000000 
      120         1     7.2243   1.000013    -0.000000     0.222524    -0.974940    -0.222524    -0.974940    -1.000013    -0.000000 
      121         1     7.7330   1.000017     0.000000    -0.222525     0.974944    -0.222525    -0.974944     1.000017     0.000000 
      122         1     7.9222   1.000019     0.000000     0.222525    -0.974946     0.222525     0.974946     1.000018     0.000000 
      123         1     8.1717   1.000014     0.000000     0.222524    -0.974942    -0.222524    -0.974942    -1.000014    -0.000000 
      124         1     8.3529   1.000012    -0.000000    -0.222524     0.974940     0.222524     0.974940    -1.000012     0.000000 
      125         1     8.4454   1.000016    -0.000000    -0.222524     0.974943    -0.222524    -0.974943     1.000016     0.000000 
      126         1     8.5864   1.000012     0.000000     0.222524    -0.974940     0.222524     0.974940     1.000012     0.000000 
      127         1     8.7448   1.000017     0.000000     0.222525    -0.974944    -0.222525    -0.974944    -1.000017     0.000000 
      128         1     8.8417   1.000014     0.000000    -0.222524     0.974941     0.222524     0.974941    -1.000014    -0.000000 
      129         1     9.1522   1.000012     0.000000     0.222524    -0.974940     0.222524     0.974940     1.000012    -0.000000 
      130         1     9.3781   1.000021     0.000000    -0.222526     0.974948    -0.222526    -0.974948     1.000021     0.000000 
      131         1     9.6398   1.000012     0.000000    -0.222524     0.974940     0.222524     0.974940    -1.000012    -0.000000 
      132         1     9.6700   1.000012     0.000000     0.222524    -0.974940    -0.222524    -0.974940    -1.000012    -0.000000 
      133         1    10.1707   1.000016    -0.000000     0.222524    -0.974943     0.222524     0.974943     1.000016    -0.000000 
      134         1    10.2281   1.000015    -0.000000    -0.222524     0.974942    -0.222524    -0.974942     1.000015    -0.000000 
      135         1    10.2939   1.000015    -0.000000     0.222524    -0.974942    -0.222524    -0.974942    -1.000015     0.000000 
      136         1    10.3060   1.000014     0.000000    -0.222524     0.974941     0.222524     0.974941    -1.000014    -0.000000 
      137         1    10.7625   1.000017    -0.000000    -0.222525     0.974944     0.222525     0.974944    -1.000017    -0.000000 
      138         1    10.9817   1.000019    -0.000000     0.222525    -0.974946     0.222523     0.974937     1.000009     0.000000 
      139         1    11.0696   1.000017     0.000000     0.222524    -0.974939    -0.222516    -0.974907    -0.999977    -0.000000 
      140         1    11.1561   1.000020     0.000000    -0.222281     0.973876    -0.222286    -0.973899     0.998631    -0.000000 
      141         1    11.1677   1.000018    -0.000000    -0.222325     0.974069     0.222203     0.973534    -0.999247     0.000000 
4 
 1  2  3  4 
        1         2   -25.4544   2.000066    -0.000000    -0.445050     1.949890     0.000001     0.000001    -0.000001     0.000000 
        3         2   -25.4533   2.000068     0.000000     0.445050    -1.949892    -0.000017    -0.000021    -0.000023     0.000011 
        5         2   -25.4410   2.000070     0.000000    -0.444674     1.948242     0.000123     0.000154     0.000020    -0.000010 
        7         2   -25.4409   2.000073     0.000000     0.444675    -1.948247    -0.000130    -0.000163    -0.000021     0.000010 
        9         4   -25.4119   4.000150    -0.000000     0.000004    -0.000017    -0.000019    -0.000023    -0.000031     0.000015 
       13         2   -25.3892   2.000072     0.000000    -0.444662     1.948190     0.000108     0.000135    -0.000074     0.000035 
       15         2   -25.3891   2.000090     0.000000     0.444665    -1.948207    -0.000109    -0.000136     0.000066    -0.000032 
       17         2   -25.3840   2.000080     0.000000     0.444778    -1.948702     0.000033     0.000042    -0.000132     0.000064 
       19         2   -25.3838   2.000068    -0.000000    -0.444776     1.948691    -0.000043    -0.000054     0.000107    -0.000051 
       21         1   -12.4741   1.000011     0.000000     0.222523    -0.974939     0.623497     0.781840     0.900979    -0.433888 
       22         1   -12.2770   1.000012     0.000000     0.222524    -0.974939    -0.623497    -0.781841    -0.900979     0.433889 
       23         1   -12.0756   1.000013    -0.000000    -0.222524     0.974941     0.623498     0.781842    -0.900981     0.433890 
       24         1   -12.0742   1.000012    -0.000000    -0.222524     0.974940    -0.623498    -0.781841     0.900980    -0.433889 
       25         1   -11.3806   1.000012     0.000000    -0.222524     0.974940    -0.623497    -0.781841     0.900980    -0.433889 
       26         1   -11.2773   1.000013    -0.000000    -0.222524     0.974940     0.623498     0.781842    -0.900980     0.433889 
       27         1   -11.1686   1.000015    -0.000000     0.222524    -0.974942    -0.623499    -0.781843    -0.900982     0.433890 
       28         1   -11.1518   1.000015    -0.000000     0.222524    -0.974943     0.623499     0.781843     0.900983    -0.433890 
       29         1   -11.0496   1.000012     0.000000    -0.222524     0.974940    -0.623497    -0.781841     0.900980    -0.433889 
       30         1   -10.9854   1.000015     0.000000     0.222524    -0.974942    -0.623499    -0.781843    -0.900982     0.433890 
       31         1   -10.9619   1.000012    -0.000000     0.222524    -0.974940     0.623497     0.781841     0.900980    -0.433889 
       32         1   -10.8476   1.000016    -0.000000    -0.222524     0.974943     0.623500     0.781844    -0.900983     0.433891 
       33         1    -5.9897   1.000012     0.000000    -0.222524     0.974939     0.623497     0.781841    -0.900979     0.433889 
       34         1    -5.8853   1.000015     0.000000    -0.222524     0.974942    -0.623499    -0.781843     0.900982    -0.433890 
       35         1    -5.8418   1.000015    -0.000000     0.222524    -0.974942     0.623499     0.781843     0.900982    -0.433890 
       36         1    -5.7131   1.000011    -0.000000     0.222523    -0.974939    -0.623497    -0.781840    -0.900979     0.433889 
       37         1    -2.6439   1.000013    -0.000000     0.222524    -0.974941     0.623498     0.781842     0.900981    -0.433889 
       38         1    -2.5742   1.000015     0.000000     0.222524    -0.974942    -0.623499    -0.781843    -0.900982     0.433890 
       39         1    -2.5319   1.000014    -0.000000    -0.222524     0.974941     0.623498     0.781842    -0.900981     0.433890 
       40         1    -2.3628   1.000014    -0.000000    -0.222524     0.974941    -0.623498    -0.781842     0.900981    -0.433890 
       41         1    -2.1618   1.000017     0.000000    -0.222525     0.974945     0.623500     0.781845    -0.900984     0.433891 
       42         1    -2.0730   1.000012     0.000000     0.222524    -0.974940    -0.623497    -0.781841    -0.900980     0.433889 
       43         1    -2.0562   1.000017     0.000000    -0.222525     0.974945    -0.623500    -0.781845     0.900984    -0.433891 
       44         1    -1.7486   1.000010    -0.000000     0.222523    -0.974938     0.623496     0.781839     0.900978    -0.433888 
       45         1    -1.4999   1.000010     0.000000    -0.222523     0.974938     0.623496     0.781840    -0.900978     0.433888 
       46         1    -1.4987   1.000010     0.000000    -0.222523     0.974937    -0.623496    -0.781839     0.900978    -0.433888 
       47         1    -1.4261   1.000009     0.000000     0.222523    -0.974937    -0.623496    -0.781839    -0.900977     0.433888 
       48         1    -1.3065   1.000011     0.000000     0.222523    -0.974938     0.623496     0.781840     0.900979    -0.433888 
       49         1    -1.1999   1.000011    -0.000000     0.222523    -0.974938    -0.623497    -0.781840    -0.900979     0.433888 
       50         1    -1.1388   1.000007     0.000000     0.222523    -0.974935     0.623494     0.781837     0.900975    -0.433887 
       51         1    -1.1202   1.000007     0.000000    -0.222522     0.974934     0.623494     0.781837    -0.900975     0.433887 
       52         1    -1.0166   1.000012    -0.000000    -0.222524     0.974940    -0.623497    -0.781841     0.900980    -0.433889 
       53         1    -0.8243   1.000013    -0.000000     0.222524    -0.974941     0.623498     0.781842     0.900981    -0.433889 
       54         1    -0.7682   1.000013     0.000000    -0.222524     0.974941     0.623498     0.781842    -0.900981     0.433889 
       55         1    -0.7636   1.000011     0.000000     0.222523    -0.974938    -0.623497    -0.781840    -0.900979     0.433889 
       56         1    -0.7446   1.000017    -0.000000    -0.222525     0.974944    -0.623500    -0.781845     0.900984    -0.433891 
       57         1    -0.6269   1.000015    -0.000000    -0.222524     0.974942     0.623499     0.781843    -0.900982     0.433890 
       58         1    -0.6148   1.000013    -0.000000     0.222524    -0.974940     0.623497     0.781841     0.900980    -0.433889 
       59         1    -0.5801   1.000015    -0.000000    -0.222524     0.974942    -0.623498    -0.781842     0.900981    -0.433890 
       60         1    -0.5797   1.000012     0.000000    -0.222523     0.974939     0.623496     0.781839    -0.900978     0.433888 
       61         1    -0.5775   1.000014     0.000000     0.222524    -0.974941    -0.623498    -0.781842    -0.900981     0.433890 
       62         1    -0.5734   1.000012     0.000000     0.222523    -0.974939     0.623497     0.781840     0.900979    -0.433889 
       63         1    -0.5120   1.000015     0.000000    -0.222524     0.974943    -0.623499    -0.781843     0.900983    -0.433890 
       64         1    -0.4610   1.000013    -0.000000    -0.222524     0.974940    -0.623498    -0.781841     0.900980    -0.433889 
       65         1    -0.4239   1.000017     0.000000     0.222525    -0.974944     0.623500     0.781845     0.900984    -0.433891 
       66         1    -0.4173   1.000015     0.000000    -0.222524     0.974942     0.623499     0.781843    -0.900982     0.433890 
       67         1    -0.4141   1.000015    -0.000000     0.222524    -0.974943    -0.623499    -0.781843    -0.900983     0.433890 
       68         1    -0.3603   1.000011    -0.000000     0.222523    -0.974939    -0.623497    -0.781840    -0.900979     0.433889 
       69         1     0.3993   1.000022    -0.000000    -0.222526     0.974948    -0.623503    -0.781848     0.900988    -0.433893 
       70         1     0.5007   1.000026     0.000000     0.222527    -0.974953     0.623506     0.781851     0.900992    -0.433895 
       71         1     0.5299   1.000029     0.000000    -0.222527     0.974956     0.623507     0.781854    -0.900995     0.433896 
       72         1     0.5809   1.000030    -0.000000     0.222527    -0.974956     0.623508     0.781854     0.900995    -0.433896 
       73         1     0.5919   1.000032    -0.000000     0.222528    -0.974959     0.623509     0.781856     0.900997    -0.433897 
       74         1     0.6018   1.000028    -0.000000     0.222527    -0.974955    -0.623507    -0.781853    -0.900994     0.433896 
       75         1     0.6096   1.000029    -0.000000    -0.222527     0.974955    -0.623507    -0.781853     0.900994    -0.433896 
       76         1     0.6148   1.000030     0.000000    -0.222527     0.974957     0.623508     0.781854    -0.900995     0.433896 
       77         1     0.6213   1.000026    -0.000000     0.222527    -0.974953    -0.623506    -0.781851    -0.900992     0.433895 
       78         1     0.6323   1.000030    -0.000000    -0.222527     0.974956     0.623508     0.781854    -0.900995     0.433896 
       79         1     0.6525   1.000024    -0.000000    -0.222526     0.974951    -0.623505    -0.781850     0.900990    -0.433894 
       80         1     0.6774   1.000024    -0.000000     0.222526    -0.974951     0.623504     0.781849     0.900989    -0.433894 
       81         1     0.6785   1.000032     0.000000     0.222528    -0.974958    -0.623508    -0.781854    -0.900996     0.433897 
       82         1     0.6951   1.000030    -0.000000    -0.222527     0.974956     0.623507     0.781854    -0.900995     0.433896 
       83         1     0.7105   1.000025    -0.000000     0.222526    -0.974952    -0.623505    -0.781850    -0.900991     0.433894 
       84         1     0.7483   1.000023     0.000000    -0.222526     0.974950    -0.623504    -0.781849     0.900989    -0.433894 
       85         1     0.8341   1.000024    -0.000000     0.222526    -0.974950    -0.623504    -0.781849    -0.900990     0.433894 
       86         1     0.9304   1.000024     0.000000    -0.222526     0.974951    -0.623505    -0.781850     0.900990    -0.433894 
       87         1     0.9587   1.000024     0.000000    -0.222526     0.974951     0.623505     0.781850    -0.900990     0.433894 
       88         1     0.9741   1.000020     0.000000     0.222525    -0.974947     0.623502     0.781847     0.900987    -0.433892 
       89         1     1.1572   1.000020    -0.000000     0.222525    -0.974946    -0.623501    -0.781846    -0.900986     0.433892 
       90         1     1.1774   1.000012    -0.000000    -0.222523     0.974938     0.623497     0.781840    -0.900979     0.433888 
       91         1     1.3509   1.000022     0.000000    -0.222526     0.974948     0.623503     0.781848    -0.900988     0.433893 
       92         1     1.3732   1.000014    -0.000000    -0.222524     0.974941    -0.623498    -0.781842     0.900981    -0.433890 
       93         1     1.4641   1.000019    -0.000000     0.222525    -0.974946    -0.623501    -0.781846    -0.900986     0.433892 
       94         1     1.5707   1.000016    -0.000000     0.222524    -0.974943     0.623499     0.781843     0.900983    -0.433890 
       95         1     1.6302   1.000018    -0.000000    -0.222525     0.974945     0.623501     0.781845    -0.900985     0.433891 
       96         1     1.7548   1.000015     0.000000    -0.222524     0.974942    -0.623499    -0.781843     0.900982    -0.433890 
       97         1     1.8412   1.000013     0.000000     0.222524    -0.974941    -0.623498    -0.781842    -0.900981     0.433889 
       98         1     1.9188   1.000014    -0.000000     0.222524    -0.974942     0.623499     0.781842     0.900982    -0.433890 
       99         1     1.9689   1.000011     0.000000    -0.222523     0.974938    -0.623496    -0.781840     0.900979    -0.433888 
      100         1     2.1795   1.000013    -0.000000    -0.222523     0.974938     0.623497     0.781840    -0.900980     0.433889 
      101         1     2.1799   1.000016    -0.000000     0.222524    -0.974941    -0.623498    -0.781842    -0.900983     0.433890 
      102         1     2.2103   1.000013    -0.000000     0.222524    -0.974940     0.623498     0.781841     0.900980    -0.433889 
      103         1     2.5431   1.000014    -0.000000     0.222524    -0.974941    -0.623498    -0.781842    -0.900981     0.433890 
      104         1     2.5492   1.000011     0.000000    -0.222523     0.974938     0.623496     0.781840    -0.900978     0.433888 
      105         1     2.6359   1.000010    -0.000000     0.222523    -0.974938     0.623496     0.781839     0.900978    -0.433888 
      106         1     2.6371   1.000013     0.000000    -0.222524     0.974940    -0.623497    -0.781841     0.900980    -0.433889 
      107         1     2.7569   1.000012     0.000000     0.222524    -0.974939     0.623497     0.781841     0.900979    -0.433889 
      108         1     3.0136   1.000015    -0.000000    -0.222524     0.974942    -0.623499    -0.781843     0.900982    -0.433890 
      109         1     4.6731   1.000012     0.000000     0.222524    -0.974940    -0.623497    -0.781841    -0.900980     0.433889 
      110         1     5.1462   1.000009     0.000000    -0.222523     0.974936    -0.623495    -0.781838     0.900977    -0.433888 
      111         1     5.1535   1.000009    -0.000000    -0.222523     0.974937     0.623496     0.781839    -0.900977     0.433888 
      112         1     5.2306   1.000012    -0.000000     0.222524    -0.974939     0.623497     0.781841     0.900979    -0.433889 
      113         1     6.2206   1.000010     0.000000    -0.222523     0.974937    -0.623496    -0.781839     0.900978    -0.433888 
      114         1     6.5041   1.000015    -0.000000     0.222524    -0.974942    -0.623499    -0.781843    -0.900982     0.433890 
      115         1     6.6230   1.000009    -0.000000     0.222523    -0.974937     0.623495     0.781839     0.900977    -0.433888 
      116         1     6.6671   1.000011     0.000000    -0.222523     0.974939     0.623497     0.781840    -0.900979     0.433889 
      117         1     6.7966   1.000011    -0.000000    -0.222523     0.974939    -0.623497    -0.781840     0.900979    -0.433889 
      118         1     7.1906   1.000015    -0.000000    -0.222524     0.974942     0.623499     0.781843    -0.900982     0.433890 
      119         1     7.1960   1.000016     0.000000     0.222524    -0.974944     0.623500     0.781844     0.900983    -0.433891 
      120         1     7.2651   1.000012    -0.000000     0.222524    -0.974939    -0.623497    -0.781841    -0.900980     0.433889 
      121         1     7.7828   1.000015     0.000000    -0.222524     0.974943    -0.623499    -0.781843     0.900982    -0.433890 
      122         1     8.1593   1.000014     0.000000     0.222524    -0.974942    -0.623499    -0.781842    -0.900982     0.433890 
      123         1     8.2899   1.000014    -0.000000     0.222524    -0.974941     0.623498     0.781842     0.900981    -0.433890 
      124         1     8.4122   1.000013    -0.000000    -0.222524     0.974940    -0.623498    -0.781842     0.900980    -0.433889 
      125         1     8.5857   1.000015    -0.000000    -0.222524     0.974942     0.623499     0.781843    -0.900982     0.433890 
      126         1     8.7300   1.000016     0.000000     0.222525    -0.974944    -0.623500    -0.781844    -0.900984     0.433891 
      127         1     8.8256   1.000015     0.000000     0.222524    -0.974942     0.623499     0.781843     0.900982    -0.433890 
      128         1     8.9868   1.000015     0.000000    -0.222524     0.974943     0.623499     0.781843    -0.900982     0.433890 
      129         1     9.2531   1.000015    -0.000000     0.222524    -0.974943     0.623499     0.781843     0.900983    -0.433890 
      130         1     9.4825   1.000015     0.000000    -0.222524     0.974943     0.623499     0.781843    -0.900983     0.433890 
      131         1     9.6601   1.000013    -0.000000    -0.222524     0.974940    -0.623498    -0.781841     0.900980    -0.433889 
      132         1     9.6666   1.000015    -0.000000     0.222524    -0.974942    -0.623499    -0.781843    -0.900982     0.433890 
      133         1     9.7450   1.000017    -0.000000     0.222525    -0.974944     0.623500     0.781845     0.900984    -0.433891 
      134         1    10.1293   1.000016     0.000000    -0.222525     0.974944    -0.623500    -0.781844     0.900983    -0.433891 
      135         1    10.1510   1.000015    -0.000000     0.222524    -0.974942    -0.623499    -0.781843    -0.900982     0.433890 
      136         1    10.2633   1.000017    -0.000000    -0.222525     0.974944     0.623500     0.781845    -0.900984     0.433891 
      137         1    10.5508   1.000018     0.000000    -0.222525     0.974945     0.623501     0.781845    -0.900985     0.433891 
      138         1    10.6341   1.000009    -0.000000     0.222523    -0.974937     0.623496     0.781839     0.900977    -0.433888 
      139         1    11.1436   1.000016    -0.000000    -0.222424     0.974502    -0.623108    -0.781353     0.900523    -0.433669 
      140         1    11.2618   1.000025     0.000000     0.157413    -0.689670    -0.429628    -0.538737    -0.884415     0.425912 
      141         1    11.3038   1.000028     0.000000    -0.031770     0.139193     0.540586     0.677874    -0.248173     0.119514 
4 
 1  2  3  4 
        1         2   -25.4544   2.000067    -0.000000    -0.445050     1.949892     0.000002     0.000001    -0.000001     0.000002 
        3         2   -25.4533   2.000064    -0.000000     0.445049    -1.949889    -0.000000    -0.000000    -0.000000     0.000000 
        5         2   -25.4410   2.000072     0.000000    -0.444700     1.948359     0.000075     0.000036    -0.000025     0.000032 
        7         2   -25.4409   2.000089     0.000000     0.444704    -1.948376    -0.000093    -0.000045     0.000024    -0.000030 
        9         4   -25.4119   4.000157     0.000000     0.000004    -0.000020    -0.000023    -0.000011    -0.000019     0.000023 
       13         2   -25.3892   2.000079    -0.000000    -0.444722     1.948456     0.000039     0.000019    -0.000018     0.000023 
       15         2   -25.3891   2.000106     0.000000     0.444728    -1.948482    -0.000037    -0.000018     0.000017    -0.000021 
       17         2   -25.3840   2.000076     0.000000     0.444746    -1.948561     0.000116     0.000056    -0.000075     0.000093 
       19         2   -25.3838   2.000071     0.000000    -0.444745     1.948556    -0.000134    -0.000065     0.000057    -0.000071 
       21         1   -12.5038   1.000012    -0.000000     0.222524    -0.974940     0.900980     0.433889     0.623497    -0.781841 
       22         1   -12.2847   1.000012     0.000000     0.222524    -0.974939    -0.900980    -0.433889    -0.623497     0.781841 
       23         1   -12.1481   1.000010    -0.000000    -0.222523     0.974938     0.900978     0.433888    -0.623496     0.781839 
       24         1   -12.0580   1.000014     0.000000    -0.222524     0.974942    -0.900982    -0.433890     0.623499    -0.781843 
       25         1   -11.4184   1.000011    -0.000000    -0.222523     0.974939    -0.900979    -0.433889     0.623497    -0.781840 
       26         1   -11.2449   1.000014     0.000000    -0.222524     0.974942     0.900982     0.433890    -0.623499     0.781842 
       27         1   -11.2199   1.000015     0.000000     0.222524    -0.974943    -0.900982    -0.433890    -0.623499     0.781843 
       28         1   -11.1352   1.000017     0.000000     0.222525    -0.974945     0.900985     0.433891     0.623501    -0.781845 
       29         1   -10.9888   1.000012    -0.000000    -0.222524     0.974939    -0.900979    -0.433889     0.623497    -0.781841 
       30         1   -10.9640   1.000013    -0.000000     0.222524    -0.974940    -0.900980    -0.433889    -0.623498     0.781842 
       31         1   -10.8798   1.000013     0.000000     0.222524    -0.974941     0.900981     0.433890     0.623498    -0.781842 
       32         1   -10.8144   1.000012     0.000000    -0.222524     0.974940     0.900980     0.433889    -0.623498     0.781841 
       33         1    -6.0032   1.000009    -0.000000    -0.222523     0.974937     0.900977     0.433888    -0.623495     0.781838 
       34         1    -5.8708   1.000013    -0.000000    -0.222524     0.974941    -0.900981    -0.433890     0.623498    -0.781842 
       35         1    -5.8598   1.000014     0.000000     0.222524    -0.974941     0.900981     0.433890     0.623498    -0.781842 
       36         1    -5.6979   1.000011    -0.000000     0.222523    -0.974939    -0.900979    -0.433889    -0.623497     0.781840 
       37         1    -2.6093   1.000010    -0.000000     0.222523    -0.974938    -0.900978    -0.433888    -0.623496     0.781840 
       38         1    -2.5217   1.000014     0.000000     0.222524    -0.974941     0.900981     0.433890     0.623498    -0.781842 
       39         1    -2.4030   1.000017     0.000000    -0.222525     0.974944     0.900984     0.433891    -0.623500     0.781845 
       40         1    -2.3066   1.000012    -0.000000    -0.222524     0.974939    -0.900980    -0.433889     0.623497    -0.781841 
       41         1    -2.1353   1.000016    -0.000000    -0.222524     0.974943     0.900983     0.433890    -0.623499     0.781844 
       42         1    -2.0498   1.000015     0.000000    -0.222524     0.974943    -0.900982    -0.433890     0.623499    -0.781843 
       43         1    -1.9269   1.000012     0.000000     0.222523    -0.974939     0.900979     0.433889     0.623497    -0.781840 
       44         1    -1.9267   1.000010    -0.000000     0.222523    -0.974937    -0.900978    -0.433888    -0.623496     0.781839 
       45         1    -1.6787   1.000014    -0.000000    -0.222524     0.974942     0.900982     0.433890    -0.623499     0.781843 
       46         1    -1.5296   1.000010     0.000000    -0.222523     0.974938    -0.900978    -0.433888     0.623496    -0.781839 
       47         1    -1.4397   1.000009     0.000000     0.222523    -0.974936     0.900976     0.433887     0.623495    -0.781838 
       48         1    -1.3445   1.000008     0.000000     0.222523    -0.974936    -0.900976    -0.433887    -0.623495     0.781838 
       49         1    -1.3199   1.000009    -0.000000    -0.222523     0.974937     0.900977     0.433888    -0.623495     0.781839 
       50         1    -1.2160   1.000011     0.000000     0.222523    -0.974939    -0.900979    -0.433888    -0.623497     0.781840 
       51         1    -1.1675   1.000010     0.000000     0.222523    -0.974938     0.900978     0.433888     0.623496    -0.781840 
       52         1    -0.9957   1.000009     0.000000    -0.222523     0.974936    -0.900976    -0.433887     0.623495    -0.781838 
       53         1    -0.8884   1.000012    -0.000000    -0.222524     0.974940    -0.900980    -0.433889     0.623497    -0.781841 
       54         1    -0.8772   1.000010    -0.000000     0.222523    -0.974937    -0.900977    -0.433888    -0.623496     0.781839 
       55         1    -0.8359   1.000007    -0.000000     0.222523    -0.974935     0.900975     0.433887     0.623494    -0.781837 
       56         1    -0.7418   1.000018    -0.000000    -0.222525     0.974945     0.900985     0.433891    -0.623501     0.781845 
       57         1    -0.6143   1.000015     0.000000     0.222524    -0.974943     0.900983     0.433890     0.623499    -0.781843 
       58         1    -0.5978   1.000019     0.000000    -0.222525     0.974946     0.900986     0.433892    -0.623501     0.781846 
       59         1    -0.5869   1.000015    -0.000000    -0.222524     0.974943    -0.900982    -0.433890     0.623499    -0.781843 
       60         1    -0.5768   1.000015     0.000000     0.222524    -0.974943    -0.900982    -0.433890    -0.623499     0.781843 
       61         1    -0.5595   1.000014    -0.000000    -0.222524     0.974941     0.900981     0.433890    -0.623498     0.781842 
       62         1    -0.5496   1.000015     0.000000     0.222524    -0.974942     0.900982     0.433890     0.623499    -0.781843 
       63         1    -0.4784   1.000016    -0.000000    -0.222525     0.974944    -0.900983    -0.433891     0.623500    -0.781844 
       64         1    -0.4659   1.000016    -0.000000    -0.222524     0.974943    -0.900983    -0.433891     0.623500    -0.781844 
       65         1    -0.4507   1.000011    -0.000000     0.222523    -0.974939    -0.900979    -0.433889    -0.623497     0.781840 
       66         1    -0.4388   1.000018    -0.000000    -0.222525     0.974945     0.900985     0.433891    -0.623501     0.781845 
       67         1    -0.4323   1.000013     0.000000     0.222524    -0.974940     0.900980     0.433889     0.623498    -0.781841 
       68         1    -0.3603   1.000014    -0.000000     0.222524    -0.974941    -0.900981    -0.433889    -0.623498     0.781842 
       69         1     0.4453   1.000025    -0.000000    -0.222526     0.974952    -0.900991    -0.433894     0.623505    -0.781851 
       70         1     0.5436   1.000026     0.000000    -0.222527     0.974953     0.900992     0.433895    -0.623505     0.781851 
       71         1     0.5532   1.000030    -0.000000     0.222527    -0.974957     0.900995     0.433896     0.623508    -0.781854 
       72         1     0.5546   1.000027     0.000000     0.222527    -0.974953    -0.900992    -0.433895    -0.623506     0.781852 
       73         1     0.5807   1.000029     0.000000     0.222527    -0.974955     0.900994     0.433896     0.623507    -0.781853 
       74         1     0.5864   1.000026    -0.000000     0.222527    -0.974953    -0.900992    -0.433895    -0.623506     0.781851 
       75         1     0.5928   1.000032     0.000000    -0.222528     0.974958     0.900996     0.433897    -0.623509     0.781856 
       76         1     0.6098   1.000031    -0.000000    -0.222528     0.974957    -0.900996    -0.433897     0.623509    -0.781855 
       77         1     0.6160   1.000029     0.000000     0.222527    -0.974955     0.900994     0.433896     0.623507    -0.781853 
       78         1     0.6367   1.000026    -0.000000    -0.222526     0.974952     0.900991     0.433895    -0.623505     0.781851 
       79         1     0.6458   1.000030    -0.000000    -0.222527     0.974956    -0.900995    -0.433896     0.623508    -0.781854 
       80         1     0.6751   1.000021     0.000000     0.222525    -0.974948    -0.900987    -0.433893    -0.623503     0.781847 
       81         1     0.6833   1.000026     0.000000    -0.222526     0.974952    -0.900991    -0.433894     0.623505    -0.781851 
       82         1     0.6921   1.000027     0.000000     0.222527    -0.974953    -0.900992    -0.433895    -0.623506     0.781852 
       83         1     0.7074   1.000032    -0.000000     0.222528    -0.974958     0.900997     0.433897     0.623509    -0.781856 
       84         1     0.7149   1.000030    -0.000000    -0.222527     0.974956     0.900995     0.433896    -0.623508     0.781854 
       85         1     0.9003   1.000025     0.000000    -0.222526     0.974952     0.900991     0.433894    -0.623505     0.781851 
       86         1     0.9282   1.000023     0.000000     0.222526    -0.974950     0.900990     0.433894     0.623504    -0.781849 
       87         1     0.9661   1.000019     0.000000     0.222525    -0.974946    -0.900985    -0.433892    -0.623501     0.781846 
       88         1     1.0363   1.000022     0.000000    -0.222526     0.974949    -0.900988    -0.433893     0.623503    -0.781848 
       89         1     1.0566   1.000017    -0.000000    -0.222525     0.974944     0.900983     0.433891    -0.623500     0.781844 
       90         1     1.2286   1.000017     0.000000     0.222525    -0.974944    -0.900984    -0.433891    -0.623500     0.781845 
       91         1     1.2299   1.000018    -0.000000     0.222525    -0.974945     0.900985     0.433891     0.623501    -0.781845 
       92         1     1.3032   1.000017     0.000000    -0.222525     0.974944    -0.900984    -0.433891     0.623500    -0.781844 
       93         1     1.3570   1.000015     0.000000    -0.222524     0.974941     0.900981     0.433890    -0.623498     0.781842 
       94         1     1.5547   1.000022     0.000000     0.222526    -0.974949    -0.900989    -0.433893    -0.623503     0.781849 
       95         1     1.6228   1.000020     0.000000    -0.222525     0.974946    -0.900986    -0.433892     0.623502    -0.781846 
       96         1     1.8364   1.000017    -0.000000    -0.222525     0.974944     0.900983     0.433891    -0.623500     0.781844 
       97         1     1.8802   1.000016    -0.000000     0.222524    -0.974943    -0.900983    -0.433890    -0.623499     0.781843 
       98         1     1.8821   1.000016     0.000000     0.222524    -0.974943     0.900982     0.433890     0.623499    -0.781843 
       99         1     1.9209   1.000014     0.000000    -0.222524     0.974941    -0.900981    -0.433890     0.623498    -0.781842 
      100         1     1.9583   1.000014     0.000000     0.222524    -0.974942    -0.900982    -0.433890    -0.623499     0.781843 
      101         1     2.0706   1.000016    -0.000000     0.222524    -0.974943     0.900983     0.433891     0.623500    -0.781844 
      102         1     2.3579   1.000016     0.000000    -0.222524     0.974944     0.900983     0.433891    -0.623500     0.781844 
      103         1     2.3688   1.000014    -0.000000    -0.222524     0.974941    -0.900981    -0.433890     0.623498    -0.781842 
      104         1     2.3888   1.000012    -0.000000     0.222523    -0.974939    -0.900979    -0.433889    -0.623497     0.781841 
      105         1     2.7376   1.000013     0.000000    -0.222524     0.974941    -0.900981    -0.433890     0.623498    -0.781842 
      106         1     2.7813   1.000012     0.000000    -0.222524     0.974939     0.900979     0.433889    -0.623497     0.781841 
      107         1     2.7910   1.000010    -0.000000     0.222523    -0.974937     0.900977     0.433888     0.623496    -0.781839 
      108         1     2.9041   1.000011     0.000000     0.222523    -0.974939     0.900979     0.433889     0.623497    -0.781840 
      109         1     5.0666   1.000014     0.000000     0.222524    -0.974941    -0.900981    -0.433890    -0.623498     0.781842 
      110         1     5.1535   1.000011    -0.000000    -0.222523     0.974939     0.900979     0.433889    -0.623497     0.781840 
      111         1     5.1697   1.000013    -0.000000     0.222524    -0.974940     0.900980     0.433889     0.623498    -0.781842 
      112         1     5.4071   1.000011    -0.000000    -0.222523     0.974939    -0.900979    -0.433889     0.623497    -0.781840 
      113         1     6.5369   1.000016     0.000000    -0.222524     0.974943    -0.900983    -0.433891     0.623500    -0.781844 
      114         1     6.5393   1.000014    -0.000000     0.222524    -0.974941     0.900981     0.433890     0.623498    -0.781842 
      115         1     6.5799   1.000013     0.000000    -0.222524     0.974940     0.900980     0.433889    -0.623498     0.781841 
      116         1     6.8221   1.000016    -0.000000     0.222524    -0.974943    -0.900983    -0.433890    -0.623499     0.781844 
      117         1     6.9674   1.000011     0.000000    -0.222523     0.974939    -0.900979    -0.433889     0.623497    -0.781840 
      118         1     7.3329   1.000010     0.000000     0.222523    -0.974937    -0.900978    -0.433888    -0.623496     0.781839 
      119         1     7.6034   1.000014     0.000000     0.222524    -0.974942     0.900981     0.433890     0.623499    -0.781842 
      120         1     7.6072   1.000011    -0.000000    -0.222523     0.974938     0.900978     0.433888    -0.623496     0.781840 
      121         1     8.0714   1.000014    -0.000000    -0.222524     0.974942    -0.900982    -0.433890     0.623499    -0.781842 
      122         1     8.2221   1.000013     0.000000     0.222524    -0.974941    -0.900981    -0.433890    -0.623498     0.781842 
      123         1     8.4811   1.000019     0.000000    -0.222525     0.974946     0.900986     0.433892    -0.623502     0.781846 
      124         1     8.4998   1.000012     0.000000     0.222524    -0.974940     0.900980     0.433889     0.623498    -0.781841 
      125         1     8.6907   1.000013     0.000000    -0.222524     0.974940    -0.900980    -0.433889     0.623498    -0.781841 
      126         1     9.0206   1.000011    -0.000000     0.222523    -0.974939    -0.900979    -0.433889    -0.623497     0.781840 
      127         1     9.2087   1.000011    -0.000000     0.222523    -0.974938     0.900978     0.433888     0.623496    -0.781840 
      128         1     9.2788   1.000010    -0.000000    -0.222523     0.974938     0.900978     0.433888    -0.623496     0.781840 
      129         1     9.4159   1.000016    -0.000000     0.222524    -0.974943    -0.900983    -0.433890    -0.623499     0.781844 
      130         1     9.4529   1.000013    -0.000000     0.222524    -0.974940     0.900980     0.433889     0.623498    -0.781841 
      131         1     9.6440   1.000016     0.000000    -0.222525     0.974944     0.900984     0.433891    -0.623500     0.781844 
      132         1     9.6940   1.000018     0.000000    -0.222525     0.974945    -0.900985    -0.433891     0.623501    -0.781845 
      133         1     9.8979   1.000010     0.000000     0.222523    -0.974937     0.900977     0.433888     0.623496    -0.781839 
      134         1    10.0887   1.000014    -0.000000    -0.222524     0.974942    -0.900982    -0.433890     0.623499    -0.781843 
      135         1    10.1968   1.000015    -0.000000    -0.222524     0.974943     0.900983     0.433890    -0.623499     0.781843 
      136         1    10.2203   1.000015    -0.000000     0.222524    -0.974942     0.900982     0.433890     0.623499    -0.781843 
      137         1    10.2879   1.000015     0.000000     0.222524    -0.974942    -0.900982    -0.433890    -0.623499     0.781843 
      138         1    10.6394   1.000012     0.000000     0.222524    -0.974940    -0.900980    -0.433889    -0.623497     0.781841 
      139         1    10.6498   1.000016    -0.000000    -0.222525     0.974944     0.900983     0.433891    -0.623500     0.781844 
      140         1    10.7164   1.000018    -0.000000    -0.222525     0.974945    -0.900985    -0.433891     0.623501    -0.781845 
      141         1    11.3536   1.000025    -0.000000    -0.204563     0.896250     0.778801     0.375051    -0.504722     0.632901 
2 
 1  3 
        1         2   -25.4544   2.000066    -0.000000     0.000009    -0.000009 
        3         2   -25.4533   2.000067    -0.000000     0.000003    -0.000003 
        5         2   -25.4410   2.000082     0.000000     0.000038    -0.000038 
        7         2   -25.4409   2.000094     0.000000    -0.000056     0.000056 
        9         4   -25.4119   4.000174     0.000000    -0.000005     0.000005 
       13         2   -25.3892   2.000109     0.000000     0.000019    -0.000019 
       15         2   -25.3891   2.000108    -0.000000    -0.000013     0.000013 
       17         2   -25.3840   2.000109    -0.000000    -0.000023     0.000023 
       19         2   -25.3838   2.000092     0.000000     0.000012    -0.000012 
       21         1   -12.4542   1.000011     0.000000     0.707115    -0.707115 
       22         1   -12.3089   1.000013    -0.000000    -0.707116     0.707116 
       23         1   -12.1983   1.000014     0.000000     0.707116    -0.707116 
       24         1   -12.0899   1.000014    -0.000000    -0.707117     0.707117 
       25         1   -11.3768   1.000011     0.000000    -0.707114     0.707114 
       26         1   -11.2620   1.000013    -0.000000    -0.707116     0.707116 
       27         1   -11.2257   1.000013     0.000000     0.707116    -0.707116 
       28         1   -11.1724   1.000015    -0.000000     0.707117    -0.707117 
       29         1   -10.9625   1.000014    -0.000000    -0.707117     0.707117 
       30         1   -10.9036   1.000013     0.000000    -0.707116     0.707116 
       31         1   -10.8574   1.000013    -0.000000     0.707116    -0.707116 
       32         1   -10.8348   1.000014    -0.000000     0.707116    -0.707116 
       33         1    -5.9961   1.000015    -0.000000     0.707117    -0.707117 
       34         1    -5.9067   1.000014     0.000000    -0.707116     0.707116 
       35         1    -5.8044   1.000012     0.000000     0.707115    -0.707115 
       36         1    -5.6769   1.000013     0.000000    -0.707116     0.707116 
       37         1    -2.5680   1.000014    -0.000000    -0.707116     0.707116 
       38         1    -2.4559   1.000012     0.000000     0.707115    -0.707115 
       39         1    -2.4019   1.000013     0.000000    -0.707116     0.707116 
       40         1    -2.2951   1.000015     0.000000     0.707117    -0.707117 
       41         1    -2.1681   1.000013    -0.000000     0.707116    -0.707116 
       42         1    -2.0106   1.000015    -0.000000    -0.707117     0.707117 
       43         1    -1.8711   1.000013    -0.000000     0.707116    -0.707116 
       44         1    -1.7367   1.000008     0.000000    -0.707113     0.707113 
       45         1    -1.7028   1.000007    -0.000000     0.707112    -0.707112 
       46         1    -1.5593   1.000008    -0.000000     0.707112    -0.707112 
       47         1    -1.4998   1.000009    -0.000000    -0.707113     0.707113 
       48         1    -1.3990   1.000007     0.000000    -0.707112     0.707112 
       49         1    -1.3236   1.000008     0.000000     0.707113    -0.707113 
       50         1    -1.2244   1.000010    -0.000000     0.707114    -0.707114 
       51         1    -1.2128   1.000010     0.000000    -0.707114     0.707114 
       52         1    -1.1406   1.000011     0.000000    -0.707114     0.707114 
       53         1    -0.9264   1.000008    -0.000000    -0.707112     0.707112 
       54         1    -0.8743   1.000010    -0.000000     0.707114    -0.707114 
       55         1    -0.8736   1.000011     0.000000    -0.707114     0.707114 
       56         1    -0.7895   1.000011    -0.000000     0.707115    -0.707115 
       57         1    -0.6405   1.000015     0.000000     0.707118    -0.707118 
       58         1    -0.6314   1.000014    -0.000000    -0.707116     0.707116 
       59         1    -0.6100   1.000017    -0.000000     0.707119    -0.707119 
       60         1    -0.6028   1.000012     0.000000    -0.707115     0.707115 
       61         1    -0.5277   1.000019     0.000000     0.707120    -0.707120 
       62         1    -0.5130   1.000015    -0.000000    -0.707117     0.707117 
       63         1    -0.5094   1.000015    -0.000000     0.707117    -0.707117 
       64         1    -0.4688   1.000012    -0.000000    -0.707115     0.707115 
       65         1    -0.4463   1.000017    -0.000000     0.707118    -0.707118 
       66         1    -0.4333   1.000016    -0.000000    -0.707118     0.707118 
       67         1    -0.4309   1.000015     0.000000     0.707117    -0.707117 
       68         1    -0.3965   1.000013     0.000000    -0.707116     0.707116 
       69         1     0.5127   1.000028     0.000000    -0.707126     0.707126 
       70         1     0.5352   1.000032    -0.000000     0.707129    -0.707129 
       71         1     0.5421   1.000027    -0.000000    -0.707126     0.707126 
       72         2     0.5581   2.000080     0.000000    -0.000026     0.000026 
       74         1     0.5738   1.000027     0.000000     0.707125    -0.707125 
       75         1     0.5836   1.000029    -0.000000    -0.707127     0.707127 
       76         1     0.5862   1.000031     0.000000     0.707128    -0.707128 
       77         1     0.6362   1.000029    -0.000000    -0.707127     0.707127 
       78         1     0.6497   1.000030    -0.000000     0.707127    -0.707127 
       79         1     0.6551   1.000023     0.000000    -0.707122     0.707122 
       80         1     0.6577   1.000029    -0.000000     0.707127    -0.707127 
       81         1     0.6782   1.000024    -0.000000    -0.707123     0.707123 
       82         1     0.6927   1.000029     0.000000     0.707127    -0.707127 
       83         1     0.7115   1.000026     0.000000    -0.707125     0.707125 
       84         1     0.7556   1.000027     0.000000     0.707125    -0.707125 
       85         1     0.8943   1.000024    -0.000000     0.707124    -0.707124 
       86         1     0.9241   1.000017     0.000000     0.707119    -0.707119 
       87         1     1.0193   1.000019     0.000000     0.707120    -0.707120 
       88         1     1.0340   1.000014    -0.000000    -0.707116     0.707116 
       89         1     1.0950   1.000015     0.000000     0.707117    -0.707117 
       90         1     1.1272   1.000020     0.000000    -0.707121     0.707121 
       91         1     1.2267   1.000021    -0.000000    -0.707121     0.707122 
       92         1     1.2713   1.000018     0.000000    -0.707119     0.707119 
       93         1     1.4495   1.000015     0.000000     0.707117    -0.707117 
       94         1     1.4537   1.000016    -0.000000    -0.707118     0.707118 
       95         1     1.6103   1.000019     0.000000    -0.707120     0.707120 
       96         1     1.7158   1.000019    -0.000000     0.707120    -0.707120 
       97         1     1.7250   1.000016     0.000000    -0.707118     0.707118 
       98         1     1.8646   1.000014    -0.000000     0.707117    -0.707117 
       99         1     1.9559   1.000017    -0.000000    -0.707119     0.707119 
      100         1     1.9862   1.000013    -0.000000     0.707116    -0.707116 
      101         1     2.0521   1.000014    -0.000000    -0.707117     0.707117 
      102         1     2.2027   1.000014    -0.000000    -0.707117     0.707117 
      103         1     2.3669   1.000012    -0.000000    -0.707115     0.707115 
      104         1     2.4301   1.000012     0.000000     0.707115    -0.707115 
      105         1     2.5152   1.000012     0.000000    -0.707116     0.707116 
      106         1     2.6359   1.000013     0.000000     0.707116    -0.707116 
      107         1     2.7520   1.000011    -0.000000     0.707115    -0.707115 
      108         1     2.9620   1.000012     0.000000     0.707115    -0.707115 
      109         1     5.1687   1.000014    -0.000000     0.707117    -0.707117 
      110         1     5.2232   1.000010    -0.000000     0.707114    -0.707114 
      111         1     5.3797   1.000010    -0.000000    -0.707114     0.707114 
      112         1     5.5231   1.000013     0.000000    -0.707116     0.707116 
      113         1     6.6283   1.000017     0.000000     0.707119    -0.707119 
      114         1     6.6423   1.000014     0.000000     0.707117    -0.707117 
      115         1     6.8579   1.000012    -0.000000    -0.707116     0.707116 
      116         1     6.8944   1.000014    -0.000000    -0.707117     0.707117 
      117         1     7.3414   1.000014     0.000000    -0.707117     0.707117 
      118         1     7.6464   1.000015     0.000000    -0.707117     0.707117 
      119         1     7.8939   1.000013    -0.000000     0.707116    -0.707116 
      120         1     7.9937   1.000016    -0.000000     0.707118    -0.707118 
      121         1     8.1683   1.000014    -0.000000    -0.707117     0.707117 
      122         1     8.3559   1.000014    -0.000000    -0.707117     0.707117 
      123         1     8.4610   1.000015     0.000000     0.707117    -0.707117 
      124         1     8.6963   1.000014     0.000000     0.707117    -0.707117 
      125         1     9.1104   1.000014     0.000000    -0.707116     0.707116 
      126         1     9.1537   1.000013    -0.000000     0.707116    -0.707116 
      127         1     9.2474   1.000013    -0.000000    -0.707116     0.707116 
      128         1     9.2871   1.000011    -0.000000     0.707115    -0.707115 
      129         1     9.5651   1.000017    -0.000000    -0.707119     0.707119 
      130         1     9.5727   1.000014    -0.000000     0.707117    -0.707117 
      131         1     9.7236   1.000015     0.000000     0.707118    -0.707118 
      132         1     9.7298   1.000015    -0.000000    -0.707118     0.707118 
      133         1     9.8866   1.000014     0.000000    -0.707117     0.707117 
      134         1     9.9659   1.000015     0.000000     0.707117    -0.707117 
      135         1    10.0254   1.000013     0.000000    -0.707116     0.707116 
      136         1    10.3437   1.000014    -0.000000     0.707116    -0.707116 
      137         1    10.4206   1.000013    -0.000000    -0.707115     0.707115 
      138         1    10.5183   1.000013     0.000000     0.707116    -0.707116 
      139         1    10.5965   1.000018    -0.000000    -0.707043     0.707043 
      140         1    10.6065   1.000018     0.000000     0.707111    -0.707111 
      141         1    10.9983   1.000025    -0.000000    -0.673345     0.673345 
2 
 1  3 
        1         2   -25.4544   2.000067     0.000000     0.000001    -0.000002 
        3         2   -25.4533   2.000063    -0.000000     0.000001    -0.000004 
        5         2   -25.4410   2.000085    -0.000000     0.000007    -0.000019 
        7         2   -25.4409   2.000097     0.000000    -0.000017     0.000049 
        9         4   -25.4119   4.000158     0.000000    -0.000004     0.000011 
       13         2   -25.3892   2.000087    -0.000000     0.000019    -0.000055 
       15         2   -25.3891   2.000106    -0.000000    -0.000019     0.000055 
       17         2   -25.3840   2.000074    -0.000000     0.000006    -0.000017 
       19         2   -25.3838   2.000076     0.000000    -0.000008     0.000024 
       21         1   -12.3872   1.000012    -0.000000     0.330283    -0.943895 
       22         1   -12.2751   1.000015     0.000000    -0.330284     0.943897 
       23         1   -12.2324   1.000013    -0.000000     0.330283    -0.943896 
       24         1   -12.1073   1.000013     0.000000    -0.330284     0.943896 
       25         1   -11.3397   1.000013     0.000000    -0.330283     0.943895 
       26         1   -11.2910   1.000012     0.000000    -0.330283     0.943895 
       27         1   -11.2534   1.000013    -0.000000     0.330283    -0.943895 
       28         1   -11.1780   1.000013     0.000000     0.330283    -0.943895 
       29         1   -11.0243   1.000012    -0.000000    -0.330283     0.943895 
       30         1   -10.8985   1.000014    -0.000000     0.330284    -0.943897 
       31         1   -10.8823   1.000012     0.000000    -0.330283     0.943894 
       32         1   -10.8227   1.000013    -0.000000     0.330283    -0.943895 
       33         1    -6.0065   1.000015     0.000000     0.330284    -0.943898 
       34         1    -5.9285   1.000013     0.000000    -0.330283     0.943896 
       35         1    -5.7560   1.000012    -0.000000     0.330283    -0.943894 
       36         1    -5.6246   1.000012     0.000000    -0.330283     0.943895 
       37         1    -2.5228   1.000016     0.000000    -0.330284     0.943898 
       38         1    -2.4617   1.000013     0.000000     0.330283    -0.943895 
       39         1    -2.3906   1.000015     0.000000    -0.330284     0.943897 
       40         1    -2.2517   1.000015    -0.000000     0.330284    -0.943897 
       41         1    -2.0795   1.000016    -0.000000     0.330284    -0.943898 
       42         1    -1.9839   1.000009     0.000000    -0.330282     0.943892 
       43         1    -1.9697   1.000014    -0.000000     0.330284    -0.943896 
       44         1    -1.8472   1.000009     0.000000    -0.330282     0.943892 
       45         1    -1.7251   1.000006     0.000000     0.330281    -0.943889 
       46         1    -1.6135   1.000014    -0.000000    -0.330284     0.943897 
       47         1    -1.5241   1.000010    -0.000000     0.330282    -0.943892 
       48         1    -1.3789   1.000010     0.000000    -0.330282     0.943893 
       49         1    -1.3096   1.000007    -0.000000     0.330281    -0.943890 
       50         1    -1.2004   1.000010     0.000000    -0.330282     0.943893 
       51         1    -1.1010   1.000008     0.000000     0.330282    -0.943891 
       52         1    -1.0766   1.000010     0.000000    -0.330282     0.943893 
       53         1    -0.9510   1.000009     0.000000     0.330282    -0.943892 
       54         1    -0.9197   1.000010     0.000000    -0.330282     0.943893 
       55         1    -0.8207   1.000009    -0.000000    -0.330282     0.943892 
       56         1    -0.7510   1.000010    -0.000000     0.330282    -0.943893 
       57         1    -0.6699   1.000012    -0.000000     0.330283    -0.943895 
       58         1    -0.6390   1.000015    -0.000000    -0.330284     0.943897 
       59         1    -0.6106   1.000016     0.000000     0.330284    -0.943898 
       60         1    -0.5970   1.000014    -0.000000    -0.330284     0.943896 
       61         1    -0.5432   1.000017     0.000000     0.330284    -0.943899 
       62         1    -0.5119   1.000014    -0.000000    -0.330284     0.943897 
       63         1    -0.4994   1.000012    -0.000000     0.330283    -0.943894 
       64         1    -0.4612   1.000015    -0.000000    -0.330284     0.943897 
       65         1    -0.4567   1.000015     0.000000     0.330284    -0.943897 
       66         1    -0.4267   1.000014     0.000000     0.330284    -0.943896 
       67         1    -0.4256   1.000014     0.000000    -0.330284     0.943896 
       68         1    -0.4093   1.000013    -0.000000    -0.330283     0.943896 
       69         1     0.5030   1.000027    -0.000000    -0.330288     0.943908 
       70         1     0.5342   1.000028     0.000000     0.330288    -0.943909 
       71         1     0.5410   1.000027    -0.000000    -0.330288     0.943909 
       72         1     0.5582   1.000030    -0.000000     0.330289    -0.943911 
       73         1     0.5716   1.000028     0.000000     0.330288    -0.943909 
       74         1     0.5736   1.000030    -0.000000    -0.330289     0.943911 
       75         1     0.5820   1.000028    -0.000000     0.330288    -0.943909 
       76         1     0.6017   1.000028     0.000000    -0.330288     0.943909 
       77         1     0.6307   1.000026    -0.000000     0.330287    -0.943907 
       78         1     0.6438   1.000034     0.000000    -0.330290     0.943914 
       79         1     0.6568   1.000029     0.000000    -0.330288     0.943910 
       80         1     0.6633   1.000031     0.000000     0.330289    -0.943912 
       81         1     0.6863   1.000027     0.000000     0.330288    -0.943909 
       82         1     0.6872   1.000031    -0.000000    -0.330289     0.943911 
       83         1     0.7258   1.000029    -0.000000    -0.330288     0.943910 
       84         1     0.7801   1.000027     0.000000     0.330288    -0.943908 
       85         1     0.8932   1.000021     0.000000     0.330286    -0.943903 
       86         1     0.9655   1.000022    -0.000000     0.330286    -0.943903 
       87         1     0.9841   1.000017    -0.000000    -0.330285     0.943899 
       88         1     1.0246   1.000020     0.000000     0.330285    -0.943901 
       89         1     1.0665   1.000018     0.000000    -0.330285     0.943900 
       90         1     1.1606   1.000016    -0.000000     0.330284    -0.943898 
       91         1     1.2245   1.000017    -0.000000    -0.330284     0.943899 
       92         1     1.3307   1.000022     0.000000    -0.330286     0.943903 
       93         1     1.4922   1.000023     0.000000     0.330286    -0.943904 
       94         1     1.5069   1.000017    -0.000000    -0.330284     0.943898 
       95         1     1.5804   1.000022    -0.000000     0.330286    -0.943904 
       96         1     1.5982   1.000019    -0.000000    -0.330285     0.943901 
       97         1     1.7390   1.000018    -0.000000    -0.330285     0.943900 
       98         1     1.8587   1.000015    -0.000000    -0.330284     0.943897 
       99         1     1.8748   1.000017     0.000000     0.330285    -0.943899 
      100         1     2.0032   1.000016     0.000000    -0.330284     0.943898 
      101         1     2.0449   1.000013    -0.000000     0.330283    -0.943895 
      102         1     2.2134   1.000014    -0.000000    -0.330283     0.943896 
      103         1     2.2289   1.000015     0.000000     0.330284    -0.943897 
      104         1     2.3882   1.000013     0.000000    -0.330283     0.943896 
      105         1     2.5267   1.000013     0.000000     0.330283    -0.943896 
      106         1     2.6672   1.000013     0.000000    -0.330283     0.943895 
      107         1     2.7860   1.000014    -0.000000     0.330284    -0.943897 
      108         1     2.8652   1.000013     0.000000     0.330283    -0.943896 
      109         1     5.2278   1.000011    -0.000000     0.330283    -0.943894 
      110         1     5.3336   1.000010     0.000000     0.330283    -0.943893 
      111         1     5.3543   1.000011    -0.000000    -0.330283     0.943894 
      112         1     5.4063   1.000012    -0.000000    -0.330283     0.943895 
      113         1     6.6009   1.000015     0.000000    -0.330284     0.943898 
      114         1     6.6634   1.000015    -0.000000     0.330284    -0.943897 
      115         1     6.7615   1.000015    -0.000000     0.330284    -0.943897 
      116         1     6.7827   1.000016    -0.000000    -0.330284     0.943898 
      117         1     7.4722   1.000011     0.000000    -0.330283     0.943894 
      118         1     7.6158   1.000014    -0.000000    -0.330284     0.943896 
      119         1     7.7940   1.000012     0.000000     0.330283    -0.943895 
      120         1     8.0372   1.000015    -0.000000     0.330284    -0.943898 
      121         1     8.0681   1.000015    -0.000000    -0.330284     0.943898 
      122         1     8.4161   1.000017     0.000000    -0.330285     0.943899 
      123         1     8.4457   1.000019    -0.000000     0.330285    -0.943901 
      124         1     8.6366   1.000016    -0.000000     0.330284    -0.943898 
      125         1     9.0163   1.000014    -0.000000    -0.330284     0.943896 
      126         1     9.0789   1.000017    -0.000000     0.330285    -0.943899 
      127         1     9.1928   1.000015     0.000000    -0.330284     0.943897 
      128         1     9.2897   1.000018     0.000000     0.330285    -0.943900 
      129         1     9.4762   1.000013    -0.000000    -0.330283     0.943896 
      130         1     9.4888   1.000014     0.000000     0.330284    -0.943897 
      131         1     9.7510   1.000014    -0.000000     0.330284    -0.943896 
      132         1     9.7701   1.000017    -0.000000    -0.330285     0.943899 
      133         1    10.0448   1.000015     0.000000    -0.330284     0.943897 
      134         1    10.1489   1.000014    -0.000000     0.330284    -0.943897 
      135         1    10.1953   1.000013     0.000000    -0.330283     0.943896 
      136         1    10.2267   1.000017     0.000000     0.330284    -0.943899 
      137         1    10.3802   1.000014     0.000000     0.330284    -0.943897 
      138         1    10.5198   1.000015    -0.000000     0.330280    -0.943887 
      139         1    10.5935   1.000016    -0.000000    -0.330271     0.943861 
      140         1    10.7604   1.000023     0.000000    -0.328881     0.939888 
      141         1    10.8822   1.000024     0.000000     0.188806    -0.539577 
2 
 1  3 
        1         2   -25.4544   2.000066    -0.000000     0.000000     0.000003 
        3         2   -25.4533   2.000064     0.000000    -0.000000    -0.000003 
        5         2   -25.4410   2.000074    -0.000000    -0.000008    -0.000071 
        7         2   -25.4409   2.000094     0.000000     0.000011     0.000097 
        9         4   -25.4119   4.000169     0.000000     0.000002     0.000019 
       13         2   -25.3892   2.000081     0.000000    -0.000014    -0.000126 
       15         2   -25.3891   2.000070     0.000000     0.000015     0.000130 
       17         2   -25.3840   2.000070     0.000000    -0.000011    -0.000097 
       19         2   -25.3838   2.000096    -0.000000     0.000013     0.000120 
       21         1   -12.3115   1.000014     0.000000    -0.111966    -0.993726 
       22         1   -12.2649   1.000013    -0.000000     0.111966     0.993725 
       23         1   -12.2200   1.000013     0.000000    -0.111966    -0.993726 
       24         1   -12.0983   1.000013     0.000000     0.111966     0.993725 
       25         1   -11.3244   1.000013    -0.000000     0.111966     0.993726 
       26         1   -11.3100   1.000012    -0.000000    -0.111966    -0.993725 
       27         1   -11.2534   1.000014    -0.000000     0.111966     0.993726 
       28         1   -11.1900   1.000015     0.000000    -0.111966    -0.993727 
       29         1   -11.0774   1.000013     0.000000     0.111966     0.993725 
       30         1   -10.9567   1.000014     0.000000    -0.111966    -0.993726 
       31         1   -10.9154   1.000014    -0.000000     0.111966     0.993726 
       32         1   -10.8390   1.000013    -0.000000    -0.111966    -0.993725 
       33         1    -6.0048   1.000014     0.000000    -0.111966    -0.993726 
       34         1    -5.9439   1.000011    -0.000000     0.111966     0.993723 
       35         1    -5.7239   1.000012    -0.000000    -0.111966    -0.993724 
       36         1    -5.6200   1.000015    -0.000000     0.111966     0.993727 
       37         1    -2.5920   1.000015     0.000000     0.111966     0.993727 
       38         1    -2.5886   1.000013     0.000000    -0.111966    -0.993725 
       39         1    -2.2541   1.000011     0.000000     0.111966     0.993724 
       40         1    -2.2046   1.000016    -0.000000    -0.111966    -0.993728 
       41         1    -2.0850   1.000014    -0.000000    -0.111966    -0.993727 
       42         1    -2.0501   1.000008    -0.000000     0.111965     0.993720 
       43         1    -1.9941   1.000012    -0.000000    -0.111966    -0.993724 
       44         1    -1.9560   1.000013     0.000000     0.111966     0.993725 
       45         1    -1.7283   1.000012     0.000000     0.111966     0.993724 
       46         1    -1.5944   1.000018     0.000000    -0.111967    -0.993730 
       47         1    -1.4010   1.000008    -0.000000    -0.111965    -0.993720 
       48         1    -1.3496   1.000010     0.000000     0.111966     0.993722 
       49         1    -1.2807   1.000010    -0.000000    -0.111966    -0.993722 
       50         1    -1.1378   1.000011    -0.000000     0.111966     0.993723 
       51         1    -1.0283   1.000010    -0.000000    -0.111966    -0.993722 
       52         1    -0.9477   1.000010    -0.000000     0.111966     0.993722 
       53         1    -0.8964   1.000011    -0.000000     0.111966     0.993723 
       54         1    -0.8476   1.000010     0.000000    -0.111966    -0.993722 
       55         1    -0.7809   1.000012    -0.000000    -0.111966    -0.993724 
       56         1    -0.7576   1.000014    -0.000000     0.111966     0.993726 
       57         1    -0.6691   1.000012     0.000000    -0.111966    -0.993724 
       58         1    -0.6330   1.000016     0.000000     0.111966     0.993728 
       59         1    -0.6172   1.000016    -0.000000    -0.111966    -0.993728 
       60         1    -0.5692   1.000016     0.000000     0.111966     0.993728 
       61         1    -0.5481   1.000014    -0.000000    -0.111966    -0.993725 
       62         1    -0.5218   1.000013     0.000000    -0.111966    -0.993725 
       63         1    -0.5183   1.000015    -0.000000     0.111966     0.993727 
       64         1    -0.4640   1.000012     0.000000     0.111966     0.993724 
       65         1    -0.4617   1.000016    -0.000000    -0.111966    -0.993728 
       66         1    -0.4355   1.000013    -0.000000     0.111966     0.993725 
       67         1    -0.4011   1.000016    -0.000000    -0.111966    -0.993728 
       68         1    -0.3937   1.000014    -0.000000     0.111966     0.993726 
       69         1     0.4447   1.000021     0.000000     0.111967     0.993732 
       70         1     0.5280   1.000029    -0.000000    -0.111968    -0.993741 
       71         1     0.5419   1.000026    -0.000000    -0.111967    -0.993738 
       72         1     0.5456   1.000025    -0.000000     0.111967     0.993737 
       73         1     0.5706   1.000028     0.000000    -0.111968    -0.993739 
       74         1     0.5922   1.000033     0.000000    -0.111968    -0.993744 
       75         1     0.6045   1.000029    -0.000000    -0.111968    -0.993740 
       76         1     0.6056   1.000031    -0.000000     0.111968     0.993742 
       77         1     0.6139   1.000030     0.000000     0.111968     0.993741 
       78         1     0.6412   1.000029    -0.000000    -0.111968    -0.993741 
       79         1     0.6462   1.000026    -0.000000     0.111967     0.993736 
       80         1     0.6596   1.000028     0.000000     0.111967     0.993739 
       81         1     0.6662   1.000029    -0.000000    -0.111968    -0.993741 
       82         1     0.6980   1.000027    -0.000000     0.111967     0.993739 
       83         1     0.7473   1.000027    -0.000000    -0.111967    -0.993739 
       84         1     0.7583   1.000026    -0.000000     0.111967     0.993737 
       85         1     0.9326   1.000020    -0.000000     0.111967     0.993732 
       86         1     0.9499   1.000022    -0.000000    -0.111967    -0.993733 
       87         1     0.9786   1.000021    -0.000000     0.111967     0.993733 
       88         1     1.0393   1.000020     0.000000    -0.111967    -0.993732 
       89         1     1.2195   1.000023     0.000000    -0.111967    -0.993735 
       90         1     1.2569   1.000019     0.000000     0.111967     0.993730 
       91         1     1.2771   1.000018     0.000000    -0.111966    -0.993729 
       92         1     1.3753   1.000014     0.000000     0.111966     0.993726 
       93         1     1.4382   1.000019    -0.000000    -0.111966    -0.993730 
       94         1     1.5153   1.000017    -0.000000     0.111966     0.993729 
       95         1     1.6187   1.000018     0.000000     0.111966     0.993730 
       96         1     1.6330   1.000017    -0.000000    -0.111966    -0.993729 
       97         1     1.6665   1.000021     0.000000    -0.111967    -0.993732 
       98         1     1.6819   1.000017    -0.000000     0.111966     0.993729 
       99         1     1.9149   1.000016     0.000000     0.111966     0.993727 
      100         1     2.0093   1.000015    -0.000000    -0.111966    -0.993727 
      101         1     2.0710   1.000014    -0.000000     0.111966     0.993726 
      102         1     2.2515   1.000012     0.000000    -0.111966    -0.993724 
      103         1     2.3137   1.000012    -0.000000     0.111966     0.993724 
      104         1     2.4022   1.000015     0.000000    -0.111966    -0.993726 
      105         1     2.5150   1.000013     0.000000     0.111966     0.993725 
      106         1     2.6501   1.000012     0.000000    -0.111966    -0.993724 
      107         1     2.8199   1.000014     0.000000    -0.111966    -0.993726 
      108         1     2.8380   1.000013     0.000000     0.111966     0.993725 
      109         1     5.0874   1.000013     0.000000     0.111966     0.993725 
      110         1     5.1780   1.000011    -0.000000    -0.111966    -0.993723 
      111         1     5.2824   1.000015    -0.000000     0.111966     0.993727 
      112         1     5.4000   1.000014    -0.000000    -0.111966    -0.993726 
      113         1     6.2548   1.000015     0.000000     0.111966     0.993727 
      114         1     6.5722   1.000014    -0.000000     0.111966     0.993726 
      115         1     6.6155   1.000015    -0.000000    -0.111966    -0.993727 
      116         1     6.9048   1.000011    -0.000000    -0.111966    -0.993723 
      117         1     7.3912   1.000013     0.000000     0.111966     0.993725 
      118         1     7.4074   1.000016     0.000000    -0.111966    -0.993728 
      119         1     7.4886   1.000015    -0.000000     0.111966     0.993727 
      120         1     7.7831   1.000013     0.000000    -0.111966    -0.993725 
      121         1     7.9125   1.000014     0.000000     0.111966     0.993726 
      122         1     8.2310   1.000018     0.000000    -0.111967    -0.993730 
      123         1     8.2652   1.000014    -0.000000     0.111966     0.993727 
      124         1     8.4851   1.000014     0.000000    -0.111966    -0.993726 
      125         1     8.6639   1.000014     0.000000     0.111966     0.993726 
      126         1     8.8780   1.000013    -0.000000     0.111966     0.993725 
      127         1     8.9292   1.000013     0.000000    -0.111966    -0.993725 
      128         1     9.1881   1.000014    -0.000000    -0.111966    -0.993726 
      129         1     9.4258   1.000014    -0.000000    -0.111966    -0.993726 
      130         1     9.5512   1.000015     0.000000     0.111966     0.993727 
      131         1     9.6419   1.000015    -0.000000    -0.111966    -0.993727 
      132         1     9.9044   1.000016    -0.000000    -0.111966    -0.993728 
      133         1     9.9737   1.000015    -0.000000     0.111966     0.993727 
      134         1    10.0672   1.000013     0.000000    -0.111966    -0.993725 
      135         1    10.1121   1.000017     0.000000     0.111966     0.993729 
      136         1    10.3039   1.000012     0.000000    -0.111966    -0.993724 
      137         1    10.4195   1.000017     0.000000     0.111966     0.993729 
      138         1    10.5428   1.000016    -0.000000    -0.111966    -0.993728 
      139         1    10.5604   1.000015     0.000000     0.111966     0.993726 
      140         1    10.7871   1.000016     0.000000     0.111957     0.993642 
      141         1    10.9618   1.000019     0.000000    -0.111960    -0.993671 
2 
 1  3 
        1         2   -25.4544   2.000069     0.000000     0.000008     0.000012 
        3         2   -25.4533   2.000071     0.000000    -0.000010    -0.000016 
        5         2   -25.4410   2.000079     0.000000    -0.000002    -0.000003 
        7         2   -25.4409   2.000080    -0.000000     0.000005     0.000009 
        9         4   -25.4119   4.000192    -0.000000     0.000005     0.000008 
       13         2   -25.3892   2.000082     0.000000    -0.000072    -0.000114 
       15         2   -25.3891   2.000106    -0.000000     0.000066     0.000106 
       17         2   -25.3840   2.000076     0.000000     0.000032     0.000051 
       19         2   -25.3838   2.000085     0.000000    -0.000027    -0.000043 
       21         1   -12.3072   1.000013    -0.000000     0.532039     0.846735 
       22         1   -12.2743   1.000012     0.000000    -0.532039    -0.846735 
       23         1   -12.1673   1.000014    -0.000000    -0.532039    -0.846736 
       24         1   -12.0699   1.000015    -0.000000     0.532040     0.846737 
       25         1   -11.3127   1.000013     0.000000    -0.532039    -0.846736 
       26         1   -11.2775   1.000012    -0.000000     0.532039     0.846735 
       27         1   -11.2258   1.000010    -0.000000    -0.532038    -0.846733 
       28         1   -11.2212   1.000011     0.000000     0.532038     0.846734 
       29         1   -11.1055   1.000014     0.000000     0.532039     0.846736 
       30         1   -11.0263   1.000015     0.000000    -0.532040    -0.846737 
       31         1   -10.9409   1.000013     0.000000     0.532039     0.846735 
       32         1   -10.8744   1.000014     0.000000    -0.532039    -0.846736 
       33         1    -5.9806   1.000013    -0.000000    -0.532039    -0.846736 
       34         1    -5.9551   1.000014     0.000000     0.532039     0.846736 
       35         1    -5.7159   1.000014     0.000000    -0.532039    -0.846736 
       36         1    -5.6783   1.000015     0.000000     0.532040     0.846737 
       37         1    -2.7045   1.000014    -0.000000     0.532039     0.846736 
       38         1    -2.6865   1.000014    -0.000000    -0.532039    -0.846736 
       39         1    -2.3083   1.000015     0.000000     0.532040     0.846737 
       40         1    -2.2805   1.000017    -0.000000    -0.532041    -0.846738 
       41         1    -2.1121   1.000013     0.000000     0.532039     0.846735 
       42         1    -2.1012   1.000009     0.000000    -0.532037    -0.846732 
       43         1    -1.8561   1.000016     0.000000    -0.532041    -0.846738 
       44         1    -1.7612   1.000009     0.000000     0.532037     0.846731 
       45         1    -1.7176   1.000015    -0.000000     0.532040     0.846737 
       46         1    -1.5566   1.000008    -0.000000    -0.532036    -0.846731 
       47         1    -1.3453   1.000010     0.000000    -0.532037    -0.846733 
       48         1    -1.2799   1.000008    -0.000000     0.532036     0.846731 
       49         1    -1.1657   1.000008     0.000000    -0.532036    -0.846731 
       50         1    -1.0981   1.000008     0.000000     0.532036     0.846731 
       51         1    -1.0560   1.000011    -0.000000    -0.532038    -0.846733 
       52         1    -1.0139   1.000010    -0.000000     0.532037     0.846732 
       53         1    -0.8253   1.000011     0.000000    -0.532038    -0.846733 
       54         1    -0.8148   1.000010     0.000000     0.532037     0.846733 
       55         1    -0.7149   1.000012    -0.000000     0.532038     0.846734 
       56         1    -0.7126   1.000012    -0.000000    -0.532038    -0.846734 
       57         1    -0.6663   1.000012    -0.000000    -0.532038    -0.846734 
       58         1    -0.6428   1.000016    -0.000000     0.532041     0.846738 
       59         1    -0.5890   1.000015    -0.000000    -0.532040    -0.846736 
       60         1    -0.5699   1.000016    -0.000000     0.532040     0.846737 
       61         1    -0.5400   1.000015     0.000000     0.532040     0.846737 
       62         1    -0.5344   1.000016     0.000000    -0.532040    -0.846737 
       63         1    -0.5190   1.000016    -0.000000    -0.532040    -0.846738 
       64         1    -0.4825   1.000011    -0.000000     0.532038     0.846733 
       65         1    -0.4626   1.000017    -0.000000    -0.532041    -0.846738 
       66         1    -0.4344   1.000015     0.000000     0.532040     0.846736 
       67         1    -0.3815   1.000014     0.000000     0.532039     0.846736 
       68         1    -0.3728   1.000014    -0.000000    -0.532039    -0.846736 
       69         1     0.3993   1.000020     0.000000     0.532043     0.846741 
       70         1     0.4698   1.000022     0.000000    -0.532044    -0.846743 
       71         1     0.5143   1.000028     0.000000    -0.532046    -0.846747 
       72         1     0.5602   1.000031     0.000000     0.532048     0.846750 
       73         1     0.5829   1.000031    -0.000000    -0.532048    -0.846750 
       74         1     0.5976   1.000035     0.000000     0.532050     0.846753 
       75         1     0.5984   1.000030     0.000000    -0.532047    -0.846749 
       76         1     0.6161   1.000026    -0.000000     0.532046     0.846746 
       77         1     0.6180   1.000031     0.000000    -0.532048    -0.846749 
       78         1     0.6329   1.000026     0.000000     0.532046     0.846746 
       79         1     0.6517   1.000026    -0.000000    -0.532046    -0.846746 
       80         1     0.6608   1.000028     0.000000     0.532046     0.846747 
       81         1     0.6736   1.000030     0.000000    -0.532048    -0.846749 
       82         1     0.6979   1.000029     0.000000     0.532047     0.846748 
       83         1     0.7257   1.000027    -0.000000    -0.532046    -0.846747 
       84         1     0.7436   1.000024    -0.000000     0.532045     0.846744 
       85         1     0.8896   1.000018    -0.000000     0.532041     0.846739 
       86         1     0.9391   1.000021     0.000000    -0.532043    -0.846742 
       87         1     1.0568   1.000018     0.000000     0.532042     0.846739 
       88         1     1.0859   1.000017    -0.000000    -0.532041    -0.846738 
       89         1     1.1285   1.000020    -0.000000     0.532043     0.846741 
       90         1     1.1747   1.000018    -0.000000    -0.532041    -0.846739 
       91         1     1.3389   1.000014     0.000000    -0.532039    -0.846735 
       92         1     1.3672   1.000022     0.000000     0.532044     0.846742 
       93         1     1.4762   1.000021     0.000000    -0.532043    -0.846742 
       94         1     1.4902   1.000022    -0.000000     0.532043     0.846742 
       95         1     1.6668   1.000020    -0.000000    -0.532042    -0.846741 
       96         1     1.7269   1.000016     0.000000     0.532040     0.846738 
       97         1     1.7601   1.000016    -0.000000    -0.532040    -0.846737 
       98         1     1.8141   1.000015    -0.000000     0.532040     0.846736 
       99         1     2.0134   1.000014    -0.000000    -0.532040    -0.846736 
      100         1     2.0178   1.000015     0.000000     0.532040     0.846736 
      101         1     2.2396   1.000013     0.000000     0.532039     0.846735 
      102         1     2.2465   1.000014     0.000000    -0.532039    -0.846736 
      103         1     2.3734   1.000014    -0.000000     0.532039     0.846736 
      104         1     2.4649   1.000014    -0.000000    -0.532039    -0.846736 
      105         1     2.5358   1.000012    -0.000000     0.532038     0.846734 
      106         1     2.6367   1.000011    -0.000000    -0.532038    -0.846733 
      107         1     2.8440   1.000013     0.000000    -0.532039    -0.846735 
      108         1     2.8561   1.000014     0.000000     0.532039     0.846736 
      109         1     4.8946   1.000014     0.000000     0.532040     0.846736 
      110         1     4.8999   1.000013    -0.000000    -0.532039    -0.846735 
      111         1     5.2041   1.000014     0.000000     0.532039     0.846736 
      112         1     5.2819   1.000011    -0.000000    -0.532038    -0.846734 
      113         1     6.0917   1.000012    -0.000000     0.532038     0.846734 
      114         1     6.2757   1.000014    -0.000000    -0.532039    -0.846736 
      115         1     6.5488   1.000014     0.000000     0.532039     0.846736 
      116         1     6.8227   1.000015     0.000000    -0.532040    -0.846737 
      117         1     7.2164   1.000013    -0.000000    -0.532039    -0.846735 
      118         1     7.2277   1.000013     0.000000     0.532039     0.846736 
      119         1     7.3527   1.000014    -0.000000     0.532040     0.846736 
      120         1     7.4601   1.000014     0.000000    -0.532040    -0.846736 
      121         1     7.7947   1.000014    -0.000000     0.532040     0.846736 
      122         1     8.0060   1.000013    -0.000000    -0.532039    -0.846735 
      123         1     8.1655   1.000014    -0.000000     0.532040     0.846736 
      124         1     8.2365   1.000015     0.000000    -0.532040    -0.846737 
      125         1     8.6354   1.000015    -0.000000     0.532040     0.846737 
      126         1     8.7017   1.000015    -0.000000    -0.532040    -0.846737 
      127         1     8.8307   1.000015     0.000000     0.532040     0.846737 
      128         1     9.1062   1.000012    -0.000000    -0.532039    -0.846735 
      129         1     9.2206   1.000012     0.000000    -0.532038    -0.846734 
      130         1     9.3170   1.000013    -0.000000     0.532039     0.846736 
      131         1     9.6627   1.000015     0.000000    -0.532040    -0.846737 
      132         1     9.8820   1.000015    -0.000000     0.532040     0.846737 
      133         1     9.9706   1.000015    -0.000000    -0.532040    -0.846737 
      134         1    10.1381   1.000013     0.000000    -0.532039    -0.846735 
      135         1    10.2836   1.000018     0.000000     0.532041     0.846739 
      136         1    10.3200   1.000015    -0.000000     0.532040     0.846737 
      137         1    10.4492   1.000009    -0.000000    -0.532037    -0.846732 
      138         1    10.5771   1.000014    -0.000000     0.532039     0.846736 
      139         1    10.5966   1.000017     0.000000    -0.532041    -0.846738 
      140         1    10.7747   1.000016     0.000000     0.532040     0.846737 
      141         1    11.0255   1.000025    -0.000000    -0.494680    -0.787278 
2 
 1  3 
        1         2   -25.4544   2.000073    -0.000000     0.000006     0.000004 
        3         2   -25.4533   2.000077     0.000000    -0.000028    -0.000018 
        5         2   -25.4410   2.000099    -0.000000     0.000055     0.000035 
        7         2   -25.4409   2.000083    -0.000000    -0.000071    -0.000044 
        9         4   -25.4119   4.000169     0.000000    -0.000017    -0.000010 
       13         2   -25.3892   2.000114     0.000000    -0.000164    -0.000103 
       15         2   -25.3891   2.000114     0.000000     0.000160     0.000101 
       17         2   -25.3840   2.000075    -0.000000     0.000093     0.000059 
       19         2   -25.3838   2.000074     0.000000    -0.000092    -0.000058 
       21         1   -12.3837   1.000011    -0.000000     0.846734     0.532038 
       22         1   -12.2864   1.000014    -0.000000    -0.846736    -0.532039 
       23         1   -12.1049   1.000015     0.000000    -0.846737    -0.532040 
       24         1   -12.0495   1.000014    -0.000000     0.846736     0.532040 
       25         1   -11.3161   1.000012     0.000000    -0.846735    -0.532039 
       26         1   -11.2690   1.000013     0.000000     0.846735     0.532039 
       27         1   -11.2056   1.000012     0.000000    -0.846734    -0.532038 
       28         1   -11.1912   1.000010    -0.000000     0.846733     0.532037 
       29         1   -11.0817   1.000017    -0.000000    -0.846738    -0.532041 
       30         1   -11.0805   1.000014     0.000000     0.846736     0.532039 
       31         1   -10.9161   1.000010    -0.000000    -0.846733    -0.532037 
       32         1   -10.9011   1.000013    -0.000000     0.846735     0.532039 
       33         1    -5.9665   1.000015     0.000000     0.846737     0.532040 
       34         1    -5.9395   1.000014     0.000000    -0.846736    -0.532040 
       35         1    -5.7642   1.000012     0.000000     0.846735     0.532039 
       36         1    -5.7255   1.000014     0.000000    -0.846736    -0.532039 
       37         1    -2.7641   1.000014    -0.000000     0.846736     0.532039 
       38         1    -2.7115   1.000015     0.000000    -0.846737    -0.532040 
       39         1    -2.4023   1.000016    -0.000000     0.846738     0.532041 
       40         1    -2.2650   1.000013     0.000000    -0.846735    -0.532039 
       41         1    -2.1692   1.000012     0.000000     0.846735     0.532039 
       42         1    -2.1331   1.000012    -0.000000    -0.846735    -0.532039 
       43         1    -1.9133   1.000014     0.000000    -0.846736    -0.532040 
       44         1    -1.6092   1.000010    -0.000000     0.846732     0.532037 
       45         1    -1.4801   1.000008     0.000000    -0.846731    -0.532036 
       46         1    -1.4663   1.000008     0.000000     0.846731     0.532036 
       47         1    -1.3959   1.000006    -0.000000    -0.846729    -0.532035 
       48         1    -1.3516   1.000008     0.000000     0.846731     0.532037 
       49         1    -1.1773   1.000011    -0.000000    -0.846733    -0.532038 
       50         1    -1.1635   1.000010     0.000000     0.846733     0.532037 
       51         1    -1.0641   1.000010     0.000000    -0.846733    -0.532037 
       52         1    -1.0125   1.000007     0.000000     0.846730     0.532036 
       53         1    -0.8405   1.000010    -0.000000     0.846733     0.532037 
       54         1    -0.7492   1.000013     0.000000    -0.846735    -0.532039 
       55         1    -0.7015   1.000013    -0.000000     0.846735     0.532039 
       56         1    -0.6906   1.000012    -0.000000    -0.846734    -0.532038 
       57         1    -0.6542   1.000013    -0.000000     0.846735     0.532039 
       58         1    -0.6471   1.000014     0.000000    -0.846735    -0.532039 
       59         1    -0.6096   1.000015     0.000000     0.846737     0.532040 
       60         1    -0.5649   1.000014    -0.000000    -0.846736    -0.532039 
       61         1    -0.5601   1.000015     0.000000     0.846737     0.532040 
       62         1    -0.5325   1.000016     0.000000    -0.846737    -0.532040 
       63         1    -0.5156   1.000016    -0.000000     0.846737     0.532040 
       64         1    -0.4811   1.000015    -0.000000    -0.846736    -0.532040 
       65         1    -0.4375   1.000013    -0.000000    -0.846735    -0.532039 
       66         1    -0.4365   1.000017    -0.000000     0.846738     0.532041 
       67         1    -0.3804   1.000016    -0.000000     0.846737     0.532040 
       68         1    -0.3641   1.000016     0.000000    -0.846737    -0.532040 
       69         1     0.4154   1.000022     0.000000    -0.846743    -0.532044 
       70         1     0.4334   1.000025    -0.000000     0.846745     0.532045 
       71         1     0.5177   1.000026    -0.000000     0.846745     0.532045 
       72         1     0.5430   1.000028    -0.000000    -0.846747    -0.532046 
       73         1     0.5864   1.000032    -0.000000     0.846751     0.532049 
       74         1     0.5955   1.000029     0.000000    -0.846748    -0.532047 
       75         1     0.6060   1.000029     0.000000     0.846748     0.532047 
       76         1     0.6069   1.000027    -0.000000    -0.846747    -0.532046 
       77         1     0.6308   1.000029    -0.000000     0.846748     0.532047 
       78         1     0.6434   1.000028     0.000000    -0.846747    -0.532047 
       79         1     0.6606   1.000028    -0.000000     0.846747     0.532046 
       80         1     0.6651   1.000025    -0.000000    -0.846745    -0.532045 
       81         1     0.6778   1.000029    -0.000000     0.846747     0.532047 
       82         1     0.6875   1.000025     0.000000     0.846745     0.532045 
       83         1     0.7032   1.000028     0.000000    -0.846747    -0.532046 
       84         1     0.7411   1.000028    -0.000000    -0.846748    -0.532047 
       85         1     0.8434   1.000025     0.000000    -0.846744    -0.532045 
       86         1     0.9832   1.000020    -0.000000     0.846741     0.532042 
       87         1     1.0281   1.000018     0.000000     0.846739     0.532041 
       88         1     1.0699   1.000017    -0.000000    -0.846738    -0.532041 
       89         1     1.1362   1.000015    -0.000000     0.846737     0.532040 
       90         1     1.1777   1.000020     0.000000    -0.846741    -0.532042 
       91         1     1.3225   1.000021    -0.000000    -0.846741    -0.532043 
       92         1     1.3305   1.000015     0.000000     0.846736     0.532040 
       93         1     1.4087   1.000015    -0.000000    -0.846737    -0.532040 
       94         1     1.5741   1.000017    -0.000000     0.846739     0.532041 
       95         1     1.7432   1.000016     0.000000    -0.846737    -0.532040 
       96         1     1.7591   1.000017    -0.000000     0.846739     0.532041 
       97         1     1.8793   1.000016     0.000000    -0.846738    -0.532041 
       98         1     1.8853   1.000016     0.000000     0.846738     0.532040 
       99         1     2.0301   1.000015     0.000000    -0.846736    -0.532040 
      100         1     2.0951   1.000015     0.000000     0.846736     0.532040 
      101         1     2.2229   1.000014    -0.000000    -0.846736    -0.532039 
      102         1     2.2233   1.000015    -0.000000     0.846736     0.532040 
      103         1     2.4301   1.000015    -0.000000     0.846737     0.532040 
      104         1     2.5157   1.000013     0.000000    -0.846735    -0.532039 
      105         1     2.5570   1.000014     0.000000     0.846736     0.532040 
      106         1     2.7535   1.000014     0.000000    -0.846736    -0.532039 
      107         1     2.7580   1.000013     0.000000     0.846735     0.532039 
      108         1     2.9329   1.000014    -0.000000    -0.846736    -0.532039 
      109         1     4.6584   1.000014     0.000000    -0.846736    -0.532040 
      110         1     4.9129   1.000015     0.000000     0.846737     0.532040 
      111         1     5.1461   1.000011    -0.000000    -0.846734    -0.532038 
      112         1     5.2108   1.000011    -0.000000     0.846733     0.532038 
      113         1     6.1017   1.000014    -0.000000    -0.846736    -0.532040 
      114         1     6.2474   1.000009     0.000000     0.846732     0.532037 
      115         1     6.5641   1.000014    -0.000000    -0.846736    -0.532040 
      116         1     6.6923   1.000011    -0.000000     0.846733     0.532038 
      117         1     7.0304   1.000012    -0.000000    -0.846734    -0.532038 
      118         1     7.1278   1.000014    -0.000000     0.846736     0.532039 
      119         1     7.2917   1.000013    -0.000000     0.846735     0.532039 
      120         1     7.3446   1.000014    -0.000000    -0.846736    -0.532039 
      121         1     7.8126   1.000014     0.000000    -0.846736    -0.532039 
      122         1     7.9008   1.000015     0.000000     0.846737     0.532040 
      123         1     8.1187   1.000016     0.000000    -0.846738    -0.532041 
      124         1     8.2464   1.000018    -0.000000     0.846739     0.532041 
      125         1     8.5262   1.000013     0.000000    -0.846735    -0.532039 
      126         1     8.7242   1.000014     0.000000     0.846736     0.532040 
      127         1     8.9458   1.000011    -0.000000     0.846733     0.532038 
      128         1     9.0111   1.000013    -0.000000    -0.846735    -0.532039 
      129         1     9.1566   1.000015     0.000000     0.846737     0.532040 
      130         1     9.2261   1.000014     0.000000    -0.846736    -0.532040 
      131         1     9.6781   1.000016     0.000000    -0.846738    -0.532041 
      132         1     9.8169   1.000014    -0.000000     0.846736     0.532039 
      133         1    10.0748   1.000015    -0.000000     0.846737     0.532040 
      134         1    10.1557   1.000019     0.000000    -0.846740    -0.532042 
      135         1    10.2805   1.000015     0.000000     0.846737     0.532040 
      136         1    10.3404   1.000015    -0.000000    -0.846737    -0.532040 
      137         1    10.3970   1.000016     0.000000     0.846738     0.532041 
      138         1    10.5844   1.000017    -0.000000    -0.846739    -0.532041 
      139         1    10.5952   1.000013     0.000000     0.846735     0.532039 
      140         1    10.7845   1.000015     0.000000    -0.846735    -0.532039 
      141         1    11.0032   1.000026    -0.000000     0.836045     0.525322 
2 
 1  3 
        1         2   -25.4544   2.000065     0.000000     0.000003     0.000000 
        3         2   -25.4533   2.000068     0.000000    -0.000013    -0.000001 
        5         2   -25.4410   2.000085     0.000000     0.000009     0.000001 
        7         2   -25.4409   2.000088    -0.000000    -0.000023    -0.000003 
        9         4   -25.4119   4.000172     0.000000    -0.000003    -0.000000 
       13         2   -25.3892   2.000073    -0.000000    -0.000031    -0.000003 
       15         2   -25.3891   2.000093     0.000000     0.000021     0.000002 
       17         2   -25.3840   2.000093    -0.000000     0.000067     0.000008 
       19         2   -25.3838   2.000072    -0.000000    -0.000085    -0.000010 
       21         1   -12.4514   1.000012    -0.000000     0.993724     0.111966 
       22         1   -12.3160   1.000013     0.000000    -0.993725    -0.111966 
       23         1   -12.0700   1.000013    -0.000000     0.993725     0.111966 
       24         1   -12.0650   1.000014     0.000000    -0.993726    -0.111966 
       25         1   -11.3644   1.000013     0.000000    -0.993725    -0.111966 
       26         1   -11.2922   1.000013    -0.000000     0.993725     0.111966 
       27         1   -11.1787   1.000014    -0.000000    -0.993726    -0.111966 
       28         1   -11.1632   1.000015    -0.000000     0.993727     0.111966 
       29         1   -11.0456   1.000015     0.000000    -0.993727    -0.111966 
       30         1   -10.9785   1.000014    -0.000000     0.993726     0.111966 
       31         1   -10.9431   1.000014    -0.000000    -0.993726    -0.111966 
       32         1   -10.8535   1.000015     0.000000     0.993727     0.111966 
       33         1    -5.9767   1.000014     0.000000     0.993726     0.111966 
       34         1    -5.9029   1.000017     0.000000    -0.993729    -0.111966 
       35         1    -5.8278   1.000013    -0.000000     0.993725     0.111966 
       36         1    -5.7368   1.000014     0.000000    -0.993726    -0.111966 
       37         1    -2.7208   1.000016    -0.000000     0.993729     0.111966 
       38         1    -2.6812   1.000015     0.000000    -0.993727    -0.111966 
       39         1    -2.4081   1.000016     0.000000     0.993728     0.111966 
       40         1    -2.2598   1.000015    -0.000000    -0.993727    -0.111966 
       41         1    -2.1626   1.000018     0.000000     0.993730     0.111966 
       42         1    -2.0938   1.000016     0.000000    -0.993728    -0.111966 
       43         1    -2.0150   1.000014    -0.000000    -0.993726    -0.111966 
       44         1    -1.7648   1.000012     0.000000     0.993724     0.111966 
       45         1    -1.4748   1.000009    -0.000000     0.993721     0.111965 
       46         1    -1.4720   1.000009     0.000000    -0.993721    -0.111965 
       47         1    -1.3637   1.000008     0.000000    -0.993720    -0.111965 
       48         1    -1.3244   1.000008     0.000000     0.993720     0.111965 
       49         1    -1.2517   1.000009    -0.000000    -0.993721    -0.111965 
       50         1    -1.2113   1.000010     0.000000     0.993722     0.111966 
       51         1    -1.0169   1.000010    -0.000000     0.993722     0.111966 
       52         1    -1.0136   1.000012     0.000000    -0.993724    -0.111966 
       53         1    -0.8706   1.000010     0.000000     0.993722     0.111966 
       54         1    -0.7974   1.000012     0.000000    -0.993724    -0.111966 
       55         1    -0.7389   1.000013    -0.000000     0.993725     0.111966 
       56         1    -0.7368   1.000011     0.000000    -0.993723    -0.111966 
       57         1    -0.6568   1.000015     0.000000     0.993727     0.111966 
       58         1    -0.6228   1.000014    -0.000000    -0.993725    -0.111966 
       59         1    -0.6011   1.000015     0.000000     0.993726     0.111966 
       60         1    -0.5782   1.000015     0.000000     0.993727     0.111966 
       61         1    -0.5534   1.000015    -0.000000    -0.993727    -0.111966 
       62         1    -0.5390   1.000016     0.000000     0.993728     0.111966 
       63         1    -0.5280   1.000014    -0.000000    -0.993726    -0.111966 
       64         1    -0.4810   1.000013    -0.000000    -0.993725    -0.111966 
       65         1    -0.4409   1.000017     0.000000     0.993728     0.111966 
       66         1    -0.4026   1.000014    -0.000000    -0.993726    -0.111966 
       67         1    -0.3935   1.000014     0.000000     0.993726     0.111966 
       68         1    -0.3756   1.000014    -0.000000    -0.993726    -0.111966 
       69         1     0.4097   1.000021    -0.000000    -0.993732    -0.111967 
       70         1     0.5007   1.000031    -0.000000     0.993742     0.111968 
       71         1     0.5145   1.000023     0.000000     0.993734     0.111967 
       72         1     0.5672   1.000029     0.000000    -0.993740    -0.111968 
       73         1     0.5753   1.000028     0.000000     0.993739     0.111968 
       74         1     0.5953   1.000032    -0.000000     0.993743     0.111968 
       75         1     0.5987   1.000028     0.000000    -0.993739    -0.111967 
       76         1     0.6105   1.000030    -0.000000    -0.993742    -0.111968 
       77         1     0.6236   1.000028     0.000000     0.993740     0.111968 
       78         1     0.6338   1.000031    -0.000000     0.993728     0.111966 
       79         1     0.6339   1.000025    -0.000000    -0.993723    -0.111966 
       80         1     0.6662   1.000029    -0.000000    -0.993740    -0.111968 
       81         1     0.6787   1.000026    -0.000000     0.993736     0.111967 
       82         1     0.6995   1.000028    -0.000000     0.993739     0.111967 
       83         1     0.7077   1.000024     0.000000    -0.993735    -0.111967 
       84         1     0.7587   1.000021    -0.000000    -0.993733    -0.111967 
       85         1     0.8910   1.000023    -0.000000    -0.993734    -0.111967 
       86         1     0.9733   1.000019     0.000000     0.993731     0.111967 
       87         1     1.0219   1.000019    -0.000000    -0.993731    -0.111967 
       88         1     1.0728   1.000020     0.000000     0.993731     0.111967 
       89         1     1.1345   1.000016    -0.000000     0.993728     0.111966 
       90         1     1.1924   1.000022    -0.000000    -0.993733    -0.111967 
       91         1     1.3408   1.000015     0.000000    -0.993727    -0.111966 
       92         1     1.3453   1.000020     0.000000     0.993731     0.111967 
       93         1     1.4751   1.000019     0.000000    -0.993731    -0.111967 
       94         1     1.5127   1.000020    -0.000000     0.993732     0.111967 
       95         1     1.6561   1.000018    -0.000000    -0.993730    -0.111966 
       96         1     1.7131   1.000019     0.000000     0.993731     0.111967 
       97         1     1.8172   1.000015    -0.000000    -0.993727    -0.111966 
       98         1     1.8212   1.000017    -0.000000     0.993729     0.111966 
       99         1     1.9733   1.000012    -0.000000    -0.993724    -0.111966 
      100         1     2.1105   1.000015     0.000000     0.993726     0.111966 
      101         1     2.1763   1.000015     0.000000    -0.993726    -0.111966 
      102         1     2.2320   1.000018    -0.000000     0.993729     0.111966 
      103         1     2.4489   1.000014     0.000000     0.993726     0.111966 
      104         1     2.5021   1.000015     0.000000    -0.993727    -0.111966 
      105         1     2.6021   1.000012    -0.000000     0.993724     0.111966 
      106         1     2.6247   1.000012     0.000000    -0.993724    -0.111966 
      107         1     2.8109   1.000010     0.000000     0.993722     0.111966 
      108         1     2.9690   1.000013    -0.000000    -0.993725    -0.111966 
      109         1     4.7617   1.000014     0.000000    -0.993726    -0.111966 
      110         1     5.0985   1.000013     0.000000     0.993725     0.111966 
      111         1     5.1999   1.000012     0.000000    -0.993724    -0.111966 
      112         1     5.2674   1.000010     0.000000     0.993723     0.111966 
      113         1     6.2585   1.000013     0.000000    -0.993725    -0.111966 
      114         1     6.5591   1.000009    -0.000000     0.993721     0.111965 
      115         1     6.5636   1.000012    -0.000000    -0.993724    -0.111966 
      116         1     6.7462   1.000014     0.000000     0.993726     0.111966 
      117         1     6.9538   1.000013    -0.000000    -0.993725    -0.111966 
      118         1     7.1309   1.000012     0.000000     0.993724     0.111966 
      119         1     7.4102   1.000012    -0.000000     0.993724     0.111966 
      120         1     7.4184   1.000016    -0.000000    -0.993728    -0.111966 
      121         1     7.8277   1.000014    -0.000000    -0.993726    -0.111966 
      122         1     8.0775   1.000012    -0.000000     0.993725     0.111966 
      123         1     8.2175   1.000015    -0.000000    -0.993727    -0.111966 
      124         1     8.4669   1.000012    -0.000000    -0.993724    -0.111966 
      125         1     8.5408   1.000016     0.000000     0.993728     0.111966 
      126         1     8.8124   1.000010     0.000000     0.993722     0.111966 
      127         1     8.9830   1.000016     0.000000    -0.993728    -0.111966 
      128         1     9.0624   1.000016     0.000000     0.993728     0.111966 
      129         1     9.4325   1.000013    -0.000000    -0.993725    -0.111966 
      130         1     9.4718   1.000015     0.000000     0.993727     0.111966 
      131         1     9.6012   1.000016    -0.000000     0.993728     0.111966 
      132         1     9.7010   1.000015    -0.000000    -0.993727    -0.111966 
      133         1     9.8278   1.000016    -0.000000     0.993728     0.111966 
      134         1     9.9401   1.000017     0.000000    -0.993729    -0.111966 
      135         1    10.1617   1.000017     0.000000     0.993729     0.111966 
      136         1    10.2305   1.000016     0.000000     0.993729     0.111966 
      137         1    10.2737   1.000016     0.000000    -0.993729    -0.111966 
      138         1    10.5186   1.000015    -0.000000     0.993727     0.111966 
      139         1    10.6366   1.000016    -0.000000    -0.993728    -0.111966 
      140         1    11.0716   1.000025     0.000000     0.974561     0.109807 
      141         1    11.1518   1.000025    -0.000000    -0.583690    -0.065766 
2 
 1  3 
        1         2   -25.4544   2.000066     0.000000     0.000002    -0.000001 
        3         2   -25.4533   2.000067     0.000000    -0.000004     0.000001 
        5         2   -25.4410   2.000076    -0.000000     0.000076    -0.000027 
        7         2   -25.4409   2.000077     0.000000    -0.000094     0.000033 
        9         4   -25.4119   4.000152    -0.000000    -0.000021     0.000007 
       13         2   -25.3892   2.000072     0.000000     0.000029    -0.000010 
       15         2   -25.3891   2.000082    -0.000000    -0.000039     0.000014 
       17         2   -25.3840   2.000082     0.000000     0.000111    -0.000039 
       19         2   -25.3838   2.000071     0.000000    -0.000116     0.000040 
       21         1   -12.4787   1.000012     0.000000     0.943894    -0.330283 
       22         1   -12.3276   1.000014     0.000000    -0.943896     0.330284 
       23         1   -12.1325   1.000013    -0.000000     0.943895    -0.330283 
       24         1   -12.0653   1.000014    -0.000000    -0.943897     0.330284 
       25         1   -11.3924   1.000011    -0.000000    -0.943893     0.330283 
       26         1   -11.2693   1.000013    -0.000000     0.943896    -0.330283 
       27         1   -11.2082   1.000014     0.000000    -0.943896     0.330284 
       28         1   -11.1484   1.000014     0.000000     0.943897    -0.330284 
       29         1   -10.9748   1.000013     0.000000    -0.943896     0.330283 
       30         1   -10.9349   1.000014     0.000000    -0.943897     0.330284 
       31         1   -10.8968   1.000014    -0.000000     0.943897    -0.330284 
       32         1   -10.8305   1.000013    -0.000000     0.943895    -0.330283 
       33         1    -5.9854   1.000012    -0.000000     0.943894    -0.330283 
       34         1    -5.8919   1.000013    -0.000000    -0.943896     0.330283 
       35         1    -5.8394   1.000013     0.000000     0.943895    -0.330283 
       36         1    -5.7247   1.000011     0.000000    -0.943893     0.330283 
       37         1    -2.6411   1.000015     0.000000    -0.943898     0.330284 
       38         1    -2.5954   1.000013     0.000000     0.943896    -0.330283 
       39         1    -2.3439   1.000016     0.000000     0.943899    -0.330284 
       40         1    -2.2809   1.000012    -0.000000    -0.943895     0.330283 
       41         1    -2.1421   1.000014    -0.000000    -0.943896     0.330284 
       42         1    -2.0768   1.000017    -0.000000     0.943899    -0.330285 
       43         1    -1.9954   1.000016     0.000000     0.943898    -0.330284 
       44         1    -1.8254   1.000007    -0.000000    -0.943890     0.330281 
       45         1    -1.6178   1.000008    -0.000000     0.943891    -0.330282 
       46         1    -1.5089   1.000010    -0.000000    -0.943893     0.330282 
       47         1    -1.3940   1.000009    -0.000000     0.943892    -0.330282 
       48         1    -1.3403   1.000008     0.000000    -0.943890     0.330282 
       49         1    -1.2946   1.000009     0.000000     0.943892    -0.330282 
       50         1    -1.2718   1.000009    -0.000000    -0.943891     0.330282 
       51         1    -1.0936   1.000011    -0.000000     0.943894    -0.330283 
       52         1    -0.9822   1.000009    -0.000000    -0.943892     0.330282 
       53         1    -0.9235   1.000011    -0.000000    -0.943894     0.330283 
       54         1    -0.8925   1.000011    -0.000000     0.943893    -0.330283 
       55         1    -0.8358   1.000010     0.000000    -0.943892     0.330282 
       56         1    -0.7473   1.000011    -0.000000     0.943894    -0.330283 
       57         1    -0.6476   1.000016    -0.000000     0.943898    -0.330284 
       58         1    -0.6267   1.000013     0.000000    -0.943895     0.330283 
       59         1    -0.5916   1.000017     0.000000     0.943899    -0.330285 
       60         1    -0.5659   1.000014     0.000000    -0.943896     0.330284 
       61         1    -0.5582   1.000016    -0.000000     0.943898    -0.330284 
       62         1    -0.5346   1.000014    -0.000000     0.943896    -0.330283 
       63         1    -0.5155   1.000014     0.000000    -0.943896     0.330283 
       64         1    -0.4782   1.000016    -0.000000    -0.943898     0.330284 
       65         1    -0.4405   1.000015    -0.000000     0.943897    -0.330284 
       66         1    -0.4228   1.000013    -0.000000    -0.943895     0.330283 
       67         1    -0.4155   1.000017     0.000000     0.943899    -0.330284 
       68         1    -0.3827   1.000015    -0.000000    -0.943897     0.330284 
       69         1     0.4616   1.000021     0.000000    -0.943902     0.330286 
       70         1     0.5237   1.000029    -0.000000     0.943910    -0.330289 
       71         1     0.5417   1.000024    -0.000000    -0.943906     0.330287 
       72         1     0.5483   1.000030    -0.000000     0.943911    -0.330289 
       73         1     0.5750   1.000029    -0.000000    -0.943910     0.330289 
       74         1     0.5775   1.000030    -0.000000     0.943911    -0.330289 
       75         1     0.5978   1.000031     0.000000     0.943912    -0.330289 
       76         1     0.6091   1.000028    -0.000000    -0.943909     0.330288 
       77         1     0.6165   1.000031    -0.000000     0.943912    -0.330289 
       78         1     0.6363   1.000024    -0.000000    -0.943905     0.330287 
       79         1     0.6538   1.000024     0.000000    -0.943904     0.330286 
       80         1     0.6548   1.000027    -0.000000     0.943908    -0.330288 
       81         1     0.6898   1.000028     0.000000     0.943908    -0.330288 
       82         1     0.6902   1.000029    -0.000000    -0.943908     0.330288 
       83         1     0.7293   1.000024    -0.000000    -0.943906     0.330287 
       84         1     0.7303   1.000030     0.000000     0.943911    -0.330289 
       85         1     0.9214   1.000022    -0.000000     0.943904    -0.330286 
       86         1     0.9718   1.000021    -0.000000    -0.943902     0.330286 
       87         1     0.9838   1.000020     0.000000     0.943902    -0.330286 
       88         1     1.0506   1.000018    -0.000000     0.943900    -0.330285 
       89         1     1.0837   1.000020     0.000000    -0.943902     0.330285 
       90         1     1.2259   1.000019    -0.000000    -0.943901     0.330285 
       91         1     1.2849   1.000017     0.000000     0.943899    -0.330285 
       92         1     1.3109   1.000016    -0.000000    -0.943898     0.330284 
       93         1     1.3665   1.000016    -0.000000     0.943898    -0.330284 
       94         1     1.4796   1.000022    -0.000000    -0.943904     0.330286 
       95         1     1.6399   1.000017    -0.000000    -0.943899     0.330285 
       96         1     1.8093   1.000017     0.000000     0.943899    -0.330285 
       97         1     1.8184   1.000019    -0.000000    -0.943900     0.330285 
       98         1     1.8403   1.000017    -0.000000     0.943899    -0.330285 
       99         1     1.8956   1.000018     0.000000    -0.943901     0.330285 
      100         1     2.0393   1.000016    -0.000000    -0.943898     0.330284 
      101         1     2.0874   1.000016     0.000000     0.943898    -0.330284 
      102         1     2.3051   1.000015    -0.000000    -0.943897     0.330284 
      103         1     2.3212   1.000011     0.000000     0.943893    -0.330283 
      104         1     2.4104   1.000015    -0.000000    -0.943897     0.330284 
      105         1     2.4748   1.000013    -0.000000     0.943896    -0.330283 
      106         1     2.5972   1.000014    -0.000000     0.943896    -0.330284 
      107         1     2.8265   1.000014     0.000000    -0.943896     0.330284 
      108         1     3.0471   1.000011     0.000000     0.943894    -0.330283 
      109         1     5.1052   1.000011    -0.000000    -0.943894     0.330283 
      110         1     5.1719   1.000010     0.000000     0.943893    -0.330282 
      111         1     5.2680   1.000013     0.000000     0.943896    -0.330283 
      112         1     5.4145   1.000015     0.000000    -0.943898     0.330284 
      113         1     6.5961   1.000011    -0.000000    -0.943894     0.330283 
      114         1     6.6004   1.000013     0.000000     0.943895    -0.330283 
      115         1     6.6814   1.000013     0.000000     0.943895    -0.330283 
      116         1     6.8282   1.000011     0.000000    -0.943894     0.330283 
      117         1     7.1070   1.000013     0.000000    -0.943896     0.330283 
      118         1     7.4952   1.000014    -0.000000     0.943896    -0.330284 
      119         1     7.5389   1.000013     0.000000    -0.943896     0.330283 
      120         1     7.7432   1.000015    -0.000000     0.943898    -0.330284 
      121         1     7.9729   1.000014    -0.000000    -0.943897     0.330284 
      122         1     8.2356   1.000013     0.000000     0.943896    -0.330283 
      123         1     8.4170   1.000015     0.000000    -0.943898     0.330284 
      124         1     8.7124   1.000014     0.000000     0.943897    -0.330284 
      125         1     8.7307   1.000015     0.000000    -0.943898     0.330284 
      126         1     9.0157   1.000016     0.000000     0.943898    -0.330284 
      127         1     9.1666   1.000016     0.000000    -0.943899     0.330284 
      128         1     9.3149   1.000012    -0.000000     0.943895    -0.330283 
      129         1     9.3706   1.000016    -0.000000    -0.943899     0.330284 
      130         1     9.4960   1.000014    -0.000000     0.943897    -0.330284 
      131         1     9.6917   1.000015     0.000000    -0.943898     0.330284 
      132         1     9.6991   1.000015    -0.000000     0.943897    -0.330284 
      133         1     9.8336   1.000018     0.000000    -0.943900     0.330285 
      134         1     9.8853   1.000016     0.000000     0.943898    -0.330284 
      135         1    10.1227   1.000014     0.000000     0.943897    -0.330284 
      136         1    10.2164   1.000014     0.000000     0.943896    -0.330284 
      137         1    10.2427   1.000017    -0.000000    -0.943899     0.330285 
      138         1    10.5015   1.000016    -0.000000    -0.943898     0.330284 
      139         1    10.5054   1.000015     0.000000     0.943898    -0.330284 
      140         1    10.7772   1.000017     0.000000    -0.943899     0.330285 
      141         1    10.9752   1.000020     0.000000     0.941784    -0.329544 
4 
 1  2  3  4 
        1         2   -25.4544   2.000091     0.000000    -0.000004     0.000019     0.000000    -0.000000    -0.000000     0.000000 
        3         2   -25.4533   2.000092    -0.000000     0.000004    -0.000016    -0.000000    -0.000000    -0.000000     0.000000 
        5         2   -25.4410   2.000099     0.000000    -0.000327     0.001433    -0.000000     0.000102    -0.000007     0.000031 
        7         2   -25.4409   2.000097     0.000000     0.000328    -0.001435    -0.000000    -0.000103     0.000007    -0.000031 
        9         4   -25.4119   4.000207     0.000000     0.000000    -0.000001     0.000000     0.000000     0.000000    -0.000000 
       13         2   -25.3892   2.000107     0.000000    -0.000324     0.001418    -0.000000    -0.000003     0.000000    -0.000001 
       15         2   -25.3891   2.000115    -0.000000     0.000324    -0.001421     0.000000     0.000003    -0.000000     0.000001 
       17         2   -25.3840   2.000106    -0.000000     0.000292    -0.001281     0.000000    -0.000005    -0.000009     0.000038 
       19         2   -25.3838   2.000100    -0.000000    -0.000294     0.001289    -0.000000     0.000005     0.000009    -0.000038 
       21         2   -12.3881   2.000043    -0.000000     0.000000    -0.000000     0.000000    -0.000000    -0.000000     0.000000 
       23         2   -12.1461   2.000038    -0.000000    -0.000000     0.000000     0.000000     0.000000     0.000000    -0.000000 
       25         2   -11.3005   2.000046     0.000000    -0.000000     0.000000     0.000000     0.000000    -0.000000     0.000000 
       27         2   -11.2102   2.000042     0.000000     0.000000    -0.000000     0.000000     0.000000    -0.000000     0.000000 
       29         2   -10.9111   2.000047     0.000000     0.000000    -0.000000    -0.000000    -0.000000    -0.000000     0.000000 
       31         2   -10.8672   2.000048    -0.000000     0.000000     0.000000    -0.000000     0.000000    -0.000000     0.000000 
       33         2    -5.9534   2.000047     0.000000    -0.000000     0.000000    -0.000000     0.000000    -0.000000     0.000000 
       35         2    -5.7426   2.000045     0.000000     0.000000    -0.000000     0.000000     0.000000    -0.000000     0.000000 
       37         2    -2.5346   2.000055    -0.000000    -0.000000     0.000000    -0.000000     0.000000     0.000000    -0.000000 
       39         2    -2.3592   2.000053    -0.000000    -0.000000     0.000000     0.000000    -0.000000    -0.000000     0.000000 
       41         2    -2.1262   2.000052    -0.000000     0.000000    -0.000000     0.000000     0.000000     0.000000    -0.000000 
       43         2    -1.7827   2.000028    -0.000000     0.000000    -0.000000    -0.000000     0.000000     0.000000    -0.000000 
       45         2    -1.5833   2.000032     0.000000     0.000000    -0.000000     0.000000     0.000000    -0.000000     0.000000 
       47         2    -1.4401   2.000033    -0.000000     0.000000    -0.000000     0.000000    -0.000000     0.000000    -0.000000 
       49         2    -1.2218   2.000031     0.000000    -0.000000     0.000000     0.000000     0.000000    -0.000000     0.000000 
       51         2    -1.1294   2.000033     0.000000     0.000000    -0.000000    -0.000000     0.000000    -0.000000     0.000000 
       53         2    -0.9184   2.000030    -0.000000     0.000000    -0.000000     0.000000    -0.000000    -0.000000     0.000000 
       55         2    -0.8677   2.000033    -0.000000     0.000000    -0.000000     0.000000     0.000000    -0.000000     0.000000 
       57         2    -0.6500   2.000039     0.000000    -0.000000     0.000000    -0.000000     0.000000     0.000000    -0.000001 
       59         2    -0.6203   2.000044    -0.000000    -0.000000     0.000000     0.000000     0.000000     0.000000    -0.000000 
       61         2    -0.5232   2.000040    -0.000000    -0.000000     0.000000    -0.000000     0.000000    -0.000000     0.000000 
       63         2    -0.4875   2.000041    -0.000000     0.000000    -0.000000    -0.000000    -0.000000     0.000000    -0.000000 
       65         2    -0.4437   2.000057     0.000000     0.000000    -0.000000    -0.000000     0.000000     0.000000    -0.000001 
       67         2    -0.4147   2.000035     0.000000     0.000000    -0.000000    -0.000000    -0.000000     0.000000    -0.000000 
       69         2     0.5274   2.000076     0.000000     0.000000    -0.000001    -0.000000    -0.000000    -0.000000     0.000001 
       71         2     0.5484   2.000083     0.000000     0.000000    -0.000002    -0.000000    -0.000000     0.000000    -0.000001 
       73         2     0.5649   2.000076    -0.000000    -0.000001     0.000003    -0.000000     0.000000    -0.000000     0.000001 
       75         2     0.5767   2.000087    -0.000000     0.000000    -0.000000    -0.000000    -0.000000    -0.000000     0.000001 
       77         2     0.6424   2.000086    -0.000000    -0.000000     0.000000    -0.000000    -0.000000    -0.000000     0.000001 
       79         2     0.6500   2.000095     0.000000    -0.000000     0.000001    -0.000000     0.000000    -0.000000     0.000002 
       81         2     0.6780   2.000082    -0.000000    -0.000000     0.000000    -0.000000    -0.000000     0.000000    -0.000002 
       83         2     0.7400   2.000076    -0.000000    -0.000000     0.000001    -0.000000     0.000000    -0.000000     0.000000 
       85         2     0.9789   2.000051    -0.000000     0.000000    -0.000000     0.000000     0.000000    -0.000000     0.000000 
       87         2     1.0387   2.000054     0.000000    -0.000000     0.000001     0.000000    -0.000000     0.000000    -0.000000 
       89         2     1.1471   2.000049    -0.000000    -0.000000     0.000000     0.000000     0.000000     0.000000    -0.000000 
       91         2     1.2289   2.000051     0.000000    -0.000000     0.000000    -0.000000    -0.000000    -0.000000     0.000000 
       93         2     1.4300   2.000046     0.000000     0.000000    -0.000000    -0.000000    -0.000000     0.000000    -0.000000 
       95         2     1.6424   2.000066    -0.000000     0.000000    -0.000000    -0.000000     0.000000    -0.000000     0.000000 
       97         2     1.8015   2.000052     0.000000     0.000000    -0.000000     0.000000    -0.000000    -0.000000     0.000000 
       99         2     2.0020   2.000038     0.000000    -0.000000     0.000000     0.000000     0.000000     0.000000    -0.000000 
      101         2     2.0724   2.000042    -0.000000    -0.000000     0.000000    -0.000000    -0.000000    -0.000000     0.000001 
      103         2     2.3051   2.000042     0.000000    -0.000000    -0.000000     0.000000     0.000000    -0.000000     0.000000 
      105         2     2.5709   2.000041     0.000000    -0.000000     0.000000    -0.000000    -0.000000     0.000000    -0.000000 
      107         2     2.7747   2.000035    -0.000000    -0.000000     0.000000     0.000000     0.000000    -0.000000     0.000000 
      109         2     5.3368   2.000037    -0.000000     0.000000    -0.000000     0.000000     0.000000    -0.000000     0.000000 
      111         2     5.4352   2.000042     0.000000    -0.000000    -0.000000     0.000000    -0.000000     0.000000    -0.000000 
      113         2     6.7941   2.000048     0.000000     0.000000    -0.000000     0.000000    -0.000000    -0.000000     0.000001 
      115         2     6.8291   2.000048     0.000000     0.000000    -0.000000     0.000000     0.000000    -0.000000     0.000000 
      117         2     7.7256   2.000049    -0.000000     0.000000    -0.000000    -0.000000    -0.000000    -0.000000     0.000000 
      119         2     7.9447   2.000054     0.000000    -0.000000     0.000000     0.000000    -0.000000    -0.000000     0.000000 
      121         2     8.2223   2.000051     0.000000     0.000000    -0.000000     0.000000    -0.000000     0.000000    -0.000000 
      123         2     8.5246   2.000043    -0.000000    -0.000000     0.000000     0.000000    -0.000000     0.000000    -0.000000 
      125         2     9.1033   2.000058    -0.000000     0.000000    -0.000000    -0.000000     0.000000     0.000000    -0.000001 
      127         2     9.2257   2.000050    -0.000000     0.000000    -0.000000     0.000000     0.000000    -0.000000     0.000000 
      129         2     9.6874   2.000055    -0.000000     0.000000    -0.000001     0.000000     0.000000     0.000000    -0.000000 
      131         2     9.7646   2.000056     0.000000    -0.000000     0.000000    -0.000000    -0.000000    -0.000000     0.000000 
      133         2     9.9397   2.000056    -0.000000     0.000000    -0.000000     0.000000     0.000000     0.000000    -0.000000 
      135         2    10.1364   2.000051     0.000000     0.000000    -0.000000     0.000000    -0.000000     0.000000    -0.000000 
      137         2    10.2796   2.000056    -0.000000    -0.000002     0.000011    -0.000000     0.000008     0.000002    -0.000008 
      139         2    10.4337   2.000051    -0.000000    -0.000013     0.000059    -0.000000    -0.000010    -0.000001     0.000003 
      141         1    10.8110   1.000025     0.000000     0.210936    -0.924172    -0.000000     0.289353    -0.029240     0.128111 
4 
 1  2  3  4 
        1         2   -25.4544   2.000094    -0.000000    -0.000004     0.000016     0.000000     0.000000    -0.000000    -0.000000 
        3         2   -25.4533   2.000086     0.000000     0.000004    -0.000019    -0.000000    -0.000000     0.000000     0.000000 
        5         2   -25.4410   2.000096     0.000000    -0.000336     0.001471     0.000018     0.000038     0.000008     0.000033 
        7         2   -25.4409   2.000098    -0.000000     0.000336    -0.001470    -0.000018    -0.000037    -0.000008    -0.000033 
        9         4   -25.4119   4.000198     0.000000    -0.000001     0.000004     0.000000     0.000000    -0.000000    -0.000000 
       13         2   -25.3892   2.000113    -0.000000    -0.000321     0.001406    -0.000014    -0.000029    -0.000004    -0.000018 
       15         2   -25.3891   2.000110     0.000000     0.000321    -0.001408     0.000014     0.000029     0.000004     0.000018 
       17         2   -25.3840   2.000104    -0.000000     0.000280    -0.001228     0.000010     0.000020    -0.000013    -0.000056 
       19         2   -25.3838   2.000095     0.000000    -0.000279     0.001221    -0.000009    -0.000020     0.000013     0.000056 
       21         2   -12.3341   2.000044    -0.000000    -0.000000     0.000000    -0.000000    -0.000000    -0.000000    -0.000000 
       23         2   -12.1746   2.000038     0.000000     0.000000     0.000000     0.000000    -0.000000    -0.000000    -0.000000 
       25         2   -11.2997   2.000044    -0.000000    -0.000000     0.000000     0.000000     0.000000     0.000000     0.000000 
       27         2   -11.2266   2.000042    -0.000000     0.000000     0.000000    -0.000000     0.000000    -0.000000    -0.000000 
       29         2   -10.9575   2.000045    -0.000000    -0.000000    -0.000000    -0.000000    -0.000000    -0.000000    -0.000000 
       31         2   -10.8531   2.000044     0.000000     0.000000    -0.000000     0.000000     0.000000    -0.000000    -0.000000 
       33         2    -5.9705   2.000054    -0.000000     0.000000     0.000000    -0.000000    -0.000000     0.000000     0.000000 
       35         2    -5.6924   2.000043    -0.000000     0.000000    -0.000000     0.000000     0.000000     0.000000     0.000000 
       37         2    -2.5331   2.000054     0.000000    -0.000000     0.000000    -0.000000    -0.000000    -0.000000    -0.000000 
       39         2    -2.3210   2.000054     0.000000    -0.000000     0.000000    -0.000000    -0.000000    -0.000000    -0.000000 
       41         2    -2.0333   2.000054     0.000000     0.000000    -0.000000    -0.000000    -0.000000     0.000000     0.000000 
       43         2    -1.8888   2.000029    -0.000000    -0.000000     0.000000    -0.000000    -0.000000    -0.000000    -0.000000 
       45         2    -1.6380   2.000029     0.000000     0.000000    -0.000000    -0.000000    -0.000000     0.000000     0.000000 
       47         2    -1.4224   2.000025     0.000000    -0.000000     0.000000     0.000000     0.000000    -0.000000    -0.000000 
       49         2    -1.2494   2.000033    -0.000000     0.000000    -0.000000    -0.000000    -0.000000     0.000000     0.000000 
       51         2    -1.0661   2.000037     0.000000     0.000000    -0.000001    -0.000000     0.000000    -0.000000    -0.000000 
       53         2    -0.9054   2.000029     0.000000     0.000000    -0.000000    -0.000000    -0.000000     0.000000     0.000000 
       55         2    -0.8239   2.000036    -0.000000     0.000000    -0.000001     0.000000     0.000000    -0.000000    -0.000000 
       57         2    -0.6683   2.000035     0.000000    -0.000000     0.000000    -0.000000    -0.000000    -0.000000    -0.000000 
       59         2    -0.6238   2.000044     0.000000     0.000000    -0.000000    -0.000000    -0.000000     0.000000     0.000000 
       61         2    -0.5359   2.000047    -0.000000     0.000000    -0.000000     0.000000     0.000000    -0.000000    -0.000000 
       63         2    -0.4663   2.000045    -0.000000     0.000000    -0.000000    -0.000000    -0.000000     0.000000     0.000000 
       65         2    -0.4444   2.000045    -0.000000    -0.000000     0.000000     0.000000     0.000000    -0.000000    -0.000000 
       67         2    -0.4248   2.000049     0.000000    -0.000000     0.000001    -0.000000    -0.000000    -0.000000    -0.000000 
       69         2     0.5167   2.000083     0.000000    -0.000000     0.000000     0.000000     0.000000    -0.000000    -0.000000 
       71         2     0.5412   2.000080    -0.000000     0.000000    -0.000001     0.000000     0.000000     0.000000     0.000001 
       73         2     0.5692   2.000076     0.000000     0.000000    -0.000001     0.000000     0.000000     0.000000     0.000001 
       75         2     0.5875   2.000086    -0.000000     0.000000    -0.000000    -0.000000    -0.000000     0.000000     0.000002 
       77         2     0.6379   2.000097     0.000000     0.000000    -0.000001    -0.000000    -0.000000     0.000000     0.000000 
       79         2     0.6645   2.000085    -0.000000     0.000000    -0.000002     0.000000     0.000000     0.000000     0.000001 
       81         2     0.6892   2.000087    -0.000000    -0.000001     0.000002     0.000000     0.000000     0.000000     0.000001 
       83         2     0.7562   2.000072    -0.000000     0.000000    -0.000000     0.000000     0.000000     0.000000     0.000001 
       85         2     0.9874   2.000051     0.000000     0.000000    -0.000001     0.000000     0.000000    -0.000000    -0.000000 
       87         2     1.0121   2.000049     0.000000     0.000000    -0.000000    -0.000000    -0.000000     0.000000     0.000001 
       89         2     1.1491   2.000057    -0.000000    -0.000000     0.000000     0.000000     0.000000     0.000000     0.000000 
       91         2     1.2871   2.000045     0.000000     0.000000    -0.000000     0.000000     0.000000    -0.000000    -0.000000 
       93         2     1.4728   2.000049    -0.000000     0.000000    -0.000001    -0.000000    -0.000000    -0.000000    -0.000001 
       95         2     1.5716   2.000060    -0.000000    -0.000000     0.000001     0.000000     0.000000     0.000000     0.000001 
       97         2     1.8023   2.000052     0.000000     0.000000    -0.000001    -0.000000    -0.000000    -0.000000    -0.000000 
       99         2     1.9130   2.000050    -0.000000    -0.000000     0.000000     0.000000     0.000000    -0.000000    -0.000000 
      101         2     2.0077   2.000043    -0.000000     0.000000    -0.000000    -0.000000    -0.000000    -0.000000    -0.000000 
      103         2     2.3332   2.000036    -0.000000    -0.000000     0.000000    -0.000000    -0.000000     0.000000     0.000000 
      105         2     2.5342   2.000044     0.000000     0.000000    -0.000001    -0.000000    -0.000000     0.000000     0.000000 
      107         2     2.8167   2.000043    -0.000000     0.000000    -0.000000     0.000000     0.000000    -0.000000    -0.000000 
      109         2     5.3387   2.000040    -0.000000    -0.000000     0.000000     0.000000     0.000000    -0.000000    -0.000000 
      111         2     5.4103   2.000041     0.000000     0.000000    -0.000000     0.000000     0.000000     0.000000     0.000000 
      113         2     6.6957   2.000047     0.000000    -0.000000     0.000000    -0.000000    -0.000000     0.000000     0.000000 
      115         2     6.7968   2.000051     0.000000    -0.000000     0.000000    -0.000000    -0.000000     0.000000     0.000000 
      117         2     7.7674   2.000051     0.000000    -0.000000     0.000000    -0.000000    -0.000000     0.000000     0.000001 
      119         2     7.9664   2.000050    -0.000000     0.000000    -0.000000     0.000000     0.000000    -0.000000    -0.000000 
      121         2     8.2163   2.000049     0.000000     0.000000    -0.000000    -0.000000     0.000000     0.000000     0.000000 
      123         2     8.5795   2.000049    -0.000000    -0.000000     0.000000     0.000000     0.000000     0.000000     0.000000 
      125         2     9.0690   2.000050     0.000000     0.000000    -0.000000    -0.000000    -0.000000     0.000000     0.000000 
      127         2     9.3531   2.000052     0.000000    -0.000000     0.000000    -0.000000    -0.000000    -0.000000    -0.000000 
      129         2     9.4046   2.000046     0.000000    -0.000000     0.000000    -0.000000    -0.000000     0.000000     0.000000 
      131         2     9.6122   2.000054     0.000000     0.000000    -0.000000    -0.000000    -0.000000    -0.000000    -0.000000 
      133         2     9.9331   2.000049     0.000000    -0.000000     0.000000    -0.000000    -0.000000     0.000000     0.000001 
      135         2    10.1806   2.000051    -0.000000     0.000001    -0.000003     0.000001     0.000002     0.000001     0.000004 
      137         2    10.3789   2.000056     0.000000     0.000000    -0.000001     0.000035     0.000073    -0.000011    -0.000049 
      139         1    10.5469   1.000026    -0.000000     0.171650    -0.752050    -0.241749    -0.501997    -0.068417    -0.299756 
      140         1    10.5472   1.000026    -0.000000    -0.171436     0.751111     0.241954     0.502423     0.068306     0.299267 
      141         1    10.7945   1.000024    -0.000000    -0.060585     0.265442    -0.346923    -0.720393     0.118829     0.520624 
4 
 1  2  3  4 
        1         2   -25.4544   2.000097    -0.000000    -0.000005     0.000022     0.000000     0.000000    -0.000000    -0.000000 
        3         2   -25.4533   2.000091    -0.000000     0.000005    -0.000022    -0.000000    -0.000000     0.000001     0.000001 
        5         2   -25.4410   2.000101     0.000000    -0.000321     0.001405     0.000040     0.000032    -0.000003    -0.000004 
        7         2   -25.4409   2.000098    -0.000000     0.000321    -0.001408    -0.000040    -0.000032     0.000003     0.000004 
        9         4   -25.4119   4.000197     0.000000    -0.000001     0.000006     0.000001     0.000001     0.000001     0.000001 
       13         2   -25.3892   2.000113     0.000000    -0.000308     0.001350    -0.000050    -0.000040     0.000005     0.000007 
       15         2   -25.3891   2.000110     0.000000     0.000309    -0.001353     0.000050     0.000040    -0.000005    -0.000007 
       17         2   -25.3839   2.000107     0.000000     0.000285    -0.001247     0.000018     0.000014    -0.000065    -0.000082 
       19         2   -25.3838   2.000095    -0.000000    -0.000285     0.001249    -0.000018    -0.000014     0.000065     0.000082 
       21         2   -12.2886   2.000037     0.000000     0.000000    -0.000000    -0.000000    -0.000000    -0.000000    -0.000000 
       23         2   -12.1620   2.000046    -0.000000     0.000000    -0.000000    -0.000000    -0.000000    -0.000000    -0.000000 
       25         2   -11.3299   2.000041    -0.000000     0.000000     0.000000     0.000000     0.000000     0.000000     0.000000 
       27         2   -11.2166   2.000041    -0.000000     0.000000    -0.000000     0.000000     0.000000     0.000000     0.000000 
       29         2   -11.0045   2.000049     0.000000     0.000000     0.000000     0.000000     0.000000     0.000000     0.000000 
       31         2   -10.8781   2.000055    -0.000000     0.000000    -0.000000     0.000000     0.000000     0.000000     0.000000 
       33         2    -5.9780   2.000051     0.000000     0.000000    -0.000000    -0.000000    -0.000000     0.000000     0.000000 
       35         2    -5.6757   2.000053     0.000000    -0.000000     0.000000    -0.000000     0.000000    -0.000000    -0.000000 
       37         2    -2.6418   2.000061    -0.000000     0.000000    -0.000000    -0.000000    -0.000000     0.000000     0.000000 
       39         2    -2.1652   2.000053    -0.000000    -0.000000     0.000000    -0.000000    -0.000000     0.000000     0.000000 
       41         2    -2.0401   2.000056     0.000000     0.000000    -0.000000    -0.000000    -0.000000     0.000000     0.000000 
       43         2    -1.9659   2.000029     0.000000    -0.000000     0.000000    -0.000000    -0.000000     0.000000     0.000000 
       45         2    -1.6855   2.000053     0.000000     0.000000    -0.000000    -0.000000    -0.000000     0.000000     0.000000 
       47         2    -1.3781   2.000030     0.000000     0.000000    -0.000000     0.000000     0.000000    -0.000000    -0.000000 
       49         2    -1.2023   2.000031    -0.000000    -0.000000     0.000000    -0.000000    -0.000000     0.000000     0.000000 
       51         2    -0.9366   2.000028    -0.000000     0.000000    -0.000000    -0.000000    -0.000000    -0.000000    -0.000000 
       53         2    -0.8852   2.000034     0.000000    -0.000000     0.000000    -0.000000    -0.000000     0.000000     0.000000 
       55         2    -0.7998   2.000039     0.000000     0.000000    -0.000000    -0.000000    -0.000000     0.000000     0.000000 
       57         2    -0.6608   2.000047     0.000000    -0.000000     0.000000    -0.000000    -0.000000     0.000000     0.000000 
       59         2    -0.5996   2.000043    -0.000000     0.000000     0.000000    -0.000000    -0.000000    -0.000000    -0.000000 
       61         2    -0.5372   2.000046     0.000000    -0.000000     0.000001    -0.000000    -0.000000     0.000000     0.000000 
       63         2    -0.4780   2.000046     0.000000     0.000000    -0.000001    -0.000000    -0.000000     0.000000     0.000000 
       65         2    -0.4511   2.000047     0.000000     0.000000    -0.000000     0.000000     0.000000    -0.000000    -0.000000 
       67         2    -0.4041   2.000049     0.000000     0.000000    -0.000000    -0.000000    -0.000000     0.000000     0.000000 
       69         2     0.4843   2.000064     0.000000     0.000000    -0.000000     0.000000     0.000000     0.000000     0.000000 
       71         2     0.5293   2.000084    -0.000000     0.000000    -0.000000     0.000000     0.000000    -0.000000    -0.000000 
       73         2     0.5871   2.000084     0.000000     0.000000    -0.000000    -0.000000    -0.000000    -0.000000    -0.000000 
       75         2     0.5972   2.000078    -0.000000    -0.000000     0.000001     0.000000     0.000000     0.000000     0.000001 
       77         2     0.6239   2.000086     0.000000    -0.000000     0.000001    -0.000000    -0.000000     0.000001     0.000001 
       79         2     0.6509   2.000092     0.000000     0.000001    -0.000002    -0.000000    -0.000000     0.000000     0.000000 
       81         2     0.6807   2.000074    -0.000000    -0.000001     0.000003     0.000000     0.000000    -0.000000    -0.000000 
       83         2     0.7607   2.000077     0.000000     0.000000    -0.000001     0.000000     0.000000    -0.000000    -0.000000 
       85         2     1.0320   2.000053    -0.000000    -0.000001     0.000004     0.000000     0.000000    -0.000001    -0.000001 
       87         2     1.0545   2.000049     0.000000     0.000000    -0.000001    -0.000001    -0.000001     0.000001     0.000001 
       89         2     1.1909   2.000049    -0.000000    -0.000000     0.000001     0.000000     0.000000     0.000000     0.000000 
       91         2     1.3295   2.000061    -0.000000     0.000000    -0.000000    -0.000000    -0.000000     0.000000     0.000000 
       93         2     1.5081   2.000048     0.000000    -0.000000     0.000000     0.000000     0.000000    -0.000000    -0.000000 
       95         2     1.5632   2.000058     0.000000     0.000000    -0.000001     0.000000     0.000000    -0.000000    -0.000001 
       97         2     1.6503   2.000042     0.000000    -0.000000     0.000001     0.000000     0.000000     0.000000     0.000000 
       99         2     1.8952   2.000052     0.000000    -0.000000     0.000000    -0.000000    -0.000000     0.000000     0.000000 
      101         2     2.1267   2.000040     0.000000     0.000000    -0.000000    -0.000000    -0.000000    -0.000000    -0.000000 
      103         2     2.3453   2.000044     0.000000     0.000000    -0.000001    -0.000000    -0.000000    -0.000000    -0.000000 
      105         2     2.6113   2.000041    -0.000000    -0.000000     0.000000    -0.000000    -0.000000    -0.000000    -0.000000 
      107         2     2.7729   2.000035    -0.000000    -0.000000     0.000000     0.000000    -0.000000    -0.000000    -0.000000 
      109         2     5.1754   2.000040     0.000000    -0.000000     0.000000    -0.000000    -0.000000    -0.000000    -0.000000 
      111         2     5.3583   2.000047     0.000000     0.000000    -0.000000     0.000000     0.000000     0.000000     0.000000 
      113         2     6.4168   2.000053     0.000000     0.000000    -0.000000    -0.000000    -0.000000    -0.000000    -0.000000 
      115         2     6.7930   2.000043    -0.000000     0.000000    -0.000000    -0.000000    -0.000000     0.000000     0.000000 
      117         2     7.4842   2.000051     0.000000     0.000000    -0.000000     0.000000     0.000000     0.000000     0.000000 
      119         2     7.8297   2.000049     0.000000    -0.000000     0.000000    -0.000000    -0.000000    -0.000000    -0.000000 
      121         2     8.1141   2.000054     0.000000    -0.000000     0.000000     0.000000     0.000000     0.000000     0.000000 
      123         2     8.4198   2.000048     0.000000    -0.000000    -0.000000     0.000000     0.000000    -0.000000    -0.000000 
      125         2     8.8666   2.000056    -0.000000    -0.000000     0.000000     0.000000     0.000000    -0.000000    -0.000000 
      127         2     9.1638   2.000047    -0.000000    -0.000000    -0.000000     0.000000     0.000000     0.000000     0.000000 
      129         2     9.4187   2.000055    -0.000000    -0.000000     0.000000    -0.000000    -0.000000    -0.000000    -0.000000 
      131         2     9.6382   2.000045     0.000000    -0.000000     0.000000    -0.000000    -0.000000     0.000000     0.000000 
      133         2     9.8835   2.000060    -0.000000     0.000000    -0.000000    -0.000000    -0.000000    -0.000000    -0.000000 
      135         2    10.1382   2.000052    -0.000000     0.000000    -0.000001     0.000001     0.000001    -0.000000    -0.000001 
      137         2    10.2403   2.000055    -0.000000    -0.000000     0.000001     0.000002     0.000002     0.000000     0.000000 
      139         2    10.5224   2.000055     0.000000    -0.000004     0.000020     0.000039     0.000031    -0.000024    -0.000030 
      141         1    10.9306   1.000029     0.000000     0.135588    -0.594048    -0.132058    -0.105313     0.482827     0.605446 
4 
 1  2  3  4 
        1         2   -25.4544   2.000095    -0.000000    -0.000003     0.000015     0.000001     0.000000    -0.000000    -0.000000 
        3         2   -25.4533   2.000091    -0.000000     0.000004    -0.000019    -0.000000    -0.000000     0.000001     0.000000 
        5         2   -25.4410   2.000099    -0.000000    -0.000339     0.001483     0.000056     0.000013     0.000093     0.000045 
        7         2   -25.4409   2.000100     0.000000     0.000339    -0.001487    -0.000056    -0.000013    -0.000093    -0.000045 
        9         4   -25.4119   4.000193    -0.000000    -0.000001     0.000003     0.000001     0.000000     0.000000     0.000000 
       13         2   -25.3892   2.000111    -0.000000    -0.000332     0.001453    -0.000201    -0.000046     0.000115     0.000056 
       15         2   -25.3891   2.000108     0.000000     0.000333    -0.001458     0.000201     0.000046    -0.000115    -0.000056 
       17         2   -25.3840   2.000104     0.000000     0.000273    -0.001197     0.000125     0.000028    -0.000073    -0.000035 
       19         2   -25.3838   2.000107    -0.000000    -0.000273     0.001196    -0.000125    -0.000028     0.000073     0.000035 
       21         2   -12.2924   2.000043    -0.000000    -0.000000    -0.000000     0.000000    -0.000000    -0.000000    -0.000000 
       23         2   -12.1171   2.000042    -0.000000     0.000000    -0.000000    -0.000000    -0.000000    -0.000000    -0.000000 
       25         2   -11.3135   2.000044     0.000000     0.000000    -0.000000     0.000000     0.000000    -0.000000    -0.000000 
       27         2   -11.2162   2.000042    -0.000000     0.000000    -0.000000    -0.000000    -0.000000    -0.000000    -0.000000 
       29         2   -11.0640   2.000049     0.000000    -0.000000     0.000000    -0.000000    -0.000000     0.000001     0.000000 
       31         2   -10.8967   2.000044    -0.000000    -0.000000    -0.000000     0.000000     0.000000     0.000000     0.000000 
       33         2    -5.9715   2.000053    -0.000000     0.000000    -0.000000     0.000000     0.000000     0.000000     0.000000 
       35         2    -5.7027   2.000048     0.000000     0.000000    -0.000000     0.000000    -0.000000     0.000000     0.000000 
       37         2    -2.7463   2.000054     0.000000    -0.000000     0.000000     0.000000     0.000000     0.000000     0.000000 
       39         2    -2.1503   2.000028     0.000000    -0.000000    -0.000000    -0.000000    -0.000000    -0.000000    -0.000000 
       41         2    -2.1103   2.000056    -0.000000     0.000000    -0.000000    -0.000000    -0.000000     0.000000     0.000000 
       43         2    -1.8650   2.000050     0.000000     0.000000    -0.000000     0.000000    -0.000000    -0.000000    -0.000000 
       45         2    -1.6668   2.000056    -0.000000     0.000000    -0.000000     0.000000     0.000000     0.000000     0.000000 
       47         2    -1.2725   2.000027    -0.000000    -0.000000     0.000000    -0.000000    -0.000000    -0.000000    -0.000000 
       49         2    -1.1203   2.000033    -0.000000     0.000000    -0.000000    -0.000000    -0.000000     0.000000     0.000000 
       51         2    -1.0100   2.000031    -0.000000     0.000000    -0.000000     0.000000     0.000000    -0.000000    -0.000000 
       53         2    -0.8800   2.000037    -0.000000    -0.000000     0.000000     0.000000     0.000000    -0.000000    -0.000000 
       55         2    -0.7219   2.000040     0.000000     0.000000    -0.000000     0.000000     0.000000    -0.000000    -0.000000 
       57         2    -0.6753   2.000047     0.000000     0.000000    -0.000000    -0.000000    -0.000000    -0.000000    -0.000000 
       59         2    -0.5614   2.000040     0.000000     0.000000    -0.000001    -0.000000    -0.000000     0.000000     0.000000 
       61         2    -0.5223   2.000044     0.000000     0.000000    -0.000000    -0.000000    -0.000000    -0.000001    -0.000000 
       63         2    -0.4943   2.000044    -0.000000    -0.000000     0.000001    -0.000000    -0.000000     0.000000     0.000000 
       65         2    -0.4486   2.000049     0.000000    -0.000000     0.000000    -0.000000    -0.000000     0.000000     0.000000 
       67         2    -0.3803   2.000036     0.000000     0.000000    -0.000000     0.000000     0.000000     0.000000     0.000000 
       69         2     0.4346   2.000070     0.000000    -0.000000     0.000000     0.000000     0.000000    -0.000001    -0.000000 
       71         2     0.5169   2.000077     0.000000    -0.000000     0.000001    -0.000000    -0.000000     0.000001     0.000000 
       73         2     0.5826   2.000084     0.000000     0.000000    -0.000001    -0.000000    -0.000000     0.000001     0.000000 
       75         2     0.6000   2.000081     0.000000    -0.000000     0.000001     0.000000     0.000000     0.000001     0.000001 
       77         2     0.6186   2.000083     0.000000    -0.000000     0.000000     0.000000     0.000000     0.000000     0.000000 
       79         2     0.6517   2.000099    -0.000000    -0.000000     0.000000    -0.000000    -0.000000     0.000002     0.000001 
       81         2     0.6975   2.000082     0.000000    -0.000000     0.000001    -0.000000    -0.000000     0.000001     0.000000 
       83         2     0.7417   2.000084     0.000000     0.000000    -0.000002     0.000000     0.000000     0.000000     0.000000 
       85         2     0.9584   2.000052     0.000000    -0.000000     0.000001     0.000000     0.000000     0.000000     0.000000 
       87         2     1.1223   2.000055     0.000000     0.000000    -0.000001     0.000000     0.000000    -0.000000    -0.000000 
       89         2     1.2373   2.000045    -0.000000    -0.000000     0.000001     0.000000     0.000000    -0.000001    -0.000001 
       91         2     1.3145   2.000049     0.000000     0.000000    -0.000001     0.000000     0.000000     0.000001     0.000000 
       93         2     1.4269   2.000055     0.000000     0.000000    -0.000000     0.000000     0.000000    -0.000000    -0.000000 
       95         2     1.6164   2.000059     0.000000     0.000000    -0.000000    -0.000000    -0.000000    -0.000000    -0.000000 
       97         2     1.7955   2.000049     0.000000    -0.000000     0.000000     0.000000     0.000000     0.000000     0.000000 
       99         2     1.9484   2.000045     0.000000     0.000000    -0.000000    -0.000000    -0.000000    -0.000000    -0.000000 
      101         2     2.2589   2.000038     0.000000    -0.000000    -0.000000     0.000000     0.000000     0.000000     0.000000 
      103         2     2.4013   2.000036    -0.000000     0.000000    -0.000000     0.000000    -0.000000     0.000000     0.000000 
      105         2     2.6303   2.000042     0.000000     0.000000    -0.000000    -0.000000    -0.000000     0.000000     0.000000 
      107         2     2.7694   2.000039     0.000000    -0.000000     0.000000    -0.000000    -0.000000    -0.000000    -0.000000 
      109         2     4.8973   2.000047    -0.000000    -0.000000     0.000000     0.000000     0.000000    -0.000000    -0.000000 
      111         2     5.2881   2.000048     0.000000    -0.000000     0.000000    -0.000000    -0.000000     0.000000     0.000000 
      113         2     6.1214   2.000043     0.000000    -0.000000    -0.000000    -0.000000    -0.000000     0.000000     0.000000 
      115         2     6.8303   2.000052     0.000000    -0.000000     0.000000    -0.000000    -0.000000    -0.000001    -0.000000 
      117         2     7.2934   2.000048     0.000000    -0.000000    -0.000000     0.000000     0.000000     0.000000     0.000000 
      119         2     7.5638   2.000050    -0.000000     0.000000    -0.000000    -0.000000    -0.000000     0.000000     0.000000 
      121         2     7.9579   2.000056    -0.000000    -0.000000     0.000000     0.000000     0.000000     0.000000     0.000000 
      123         2     8.1720   2.000049     0.000000     0.000000    -0.000000     0.000000     0.000000     0.000000     0.000000 
      125         2     8.7591   2.000063    -0.000000    -0.000000     0.000000     0.000000     0.000000    -0.000000    -0.000000 
      127         2     9.0843   2.000055     0.000000    -0.000000     0.000000     0.000000    -0.000000     0.000000     0.000000 
      129         2     9.4062   2.000056    -0.000000     0.000000    -0.000000     0.000000     0.000000     0.000000     0.000000 
      131         2     9.7699   2.000053    -0.000000    -0.000000     0.000000     0.000001     0.000000    -0.000000    -0.000000 
      133         2     9.8857   2.000052    -0.000000     0.000000    -0.000001    -0.000001    -0.000000     0.000001     0.000000 
      135         2    10.0773   2.000059    -0.000000    -0.000001     0.000005    -0.000001    -0.000000    -0.000006    -0.000003 
      137         2    10.3486   2.000059    -0.000000    -0.000006     0.000025    -0.000069    -0.000016    -0.000002    -0.000001 
      139         1    10.4661   1.000029     0.000000    -0.202003     0.885032     0.275831     0.062957    -0.279045    -0.134381 
      140         1    10.4672   1.000029    -0.000000     0.201668    -0.883563    -0.274636    -0.062684     0.274264     0.132078 
      141         1    10.6894   1.000029    -0.000000    -0.107929     0.472868     0.091161     0.020807     0.783319     0.377226 
4 
 1  2  3  4 
        1         2   -25.4544   2.000090     0.000000    -0.000004     0.000019     0.000000    -0.000000    -0.000001     0.000000 
        3         2   -25.4533   2.000085    -0.000000     0.000003    -0.000013     0.000000    -0.000000     0.000001    -0.000000 
        5         2   -25.4410   2.000096    -0.000000    -0.000333     0.001457     0.000060    -0.000014     0.000002    -0.000000 
        7         2   -25.4409   2.000097    -0.000000     0.000332    -0.001456    -0.000060     0.000014    -0.000002     0.000000 
        9         4   -25.4119   4.000200     0.000000     0.000001    -0.000004    -0.000000     0.000000     0.000000     0.000000 
       13         2   -25.3892   2.000108     0.000000    -0.000356     0.001560    -0.000294     0.000067    -0.000009    -0.000000 
       15         2   -25.3891   2.000114    -0.000000     0.000357    -0.001565     0.000295    -0.000067     0.000009     0.000000 
       17         2   -25.3840   2.000102     0.000000     0.000264    -0.001156     0.000133    -0.000030    -0.000148     0.000000 
       19         2   -25.3838   2.000103     0.000000    -0.000264     0.001155    -0.000133     0.000030     0.000148    -0.000000 
       21         2   -12.3396   2.000044    -0.000000     0.000000     0.000000    -0.000000     0.000000    -0.000000    -0.000000 
       23         2   -12.0722   2.000044    -0.000000    -0.000000     0.000000     0.000000    -0.000000     0.000000    -0.000000 
       25         2   -11.2990   2.000048    -0.000000    -0.000000     0.000000    -0.000000     0.000000     0.000000     0.000000 
       27         2   -11.1926   2.000045     0.000000    -0.000000     0.000000    -0.000000     0.000000     0.000000    -0.000000 
       29         2   -11.0963   2.000044     0.000000    -0.000000    -0.000000    -0.000000     0.000000    -0.000000     0.000000 
       31         2   -10.8916   2.000046     0.000000    -0.000000    -0.000000     0.000000    -0.000000    -0.000001     0.000000 
       33         2    -5.9562   2.000048     0.000000    -0.000000     0.000000    -0.000000     0.000000    -0.000000     0.000000 
       35         2    -5.7508   2.000052    -0.000000     0.000000     0.000000    -0.000000     0.000000     0.000000    -0.000000 
       37         2    -2.7907   2.000055     0.000000     0.000000    -0.000000    -0.000000     0.000000    -0.000000     0.000000 
       39         2    -2.2073   2.000063     0.000000     0.000000    -0.000000    -0.000000     0.000000     0.000000    -0.000000 
       41         2    -2.1644   2.000067     0.000000    -0.000000     0.000000    -0.000000    -0.000000    -0.000000     0.000000 
       43         2    -1.8275   2.000057    -0.000000    -0.000000     0.000000     0.000000     0.000000    -0.000000     0.000000 
       45         2    -1.4313   2.000030     0.000000    -0.000000     0.000000    -0.000000     0.000000     0.000000    -0.000000 
       47         2    -1.3630   2.000025     0.000000     0.000000    -0.000000     0.000000    -0.000000    -0.000000    -0.000000 
       49         2    -1.1642   2.000037    -0.000000    -0.000000     0.000000    -0.000000     0.000000    -0.000000     0.000000 
       51         2    -1.0295   2.000031    -0.000000    -0.000000     0.000000     0.000000    -0.000000    -0.000000    -0.000000 
       53         2    -0.8455   2.000040     0.000000    -0.000000     0.000000    -0.000000     0.000000     0.000000    -0.000000 
       55         2    -0.6991   2.000041     0.000000     0.000000    -0.000001    -0.000000     0.000000    -0.000000     0.000000 
       57         2    -0.6696   2.000046     0.000000    -0.000000     0.000001     0.000000    -0.000000    -0.000000     0.000000 
       59         2    -0.5683   2.000042     0.000000    -0.000000     0.000000    -0.000000     0.000000     0.000000    -0.000000 
       61         2    -0.5307   2.000049    -0.000000     0.000000    -0.000001    -0.000000     0.000000     0.000000    -0.000000 
       63         2    -0.4955   2.000045     0.000000     0.000000    -0.000001    -0.000000     0.000000     0.000000    -0.000000 
       65         2    -0.4358   2.000045     0.000000     0.000000    -0.000000     0.000000    -0.000000     0.000000    -0.000000 
       67         2    -0.3709   2.000043     0.000000     0.000000    -0.000000    -0.000000     0.000000    -0.000000     0.000000 
       69         2     0.4378   2.000061     0.000000     0.000000    -0.000000     0.000000    -0.000000    -0.000000    -0.000000 
       71         2     0.4925   2.000073     0.000000     0.000000    -0.000001    -0.000000     0.000000     0.000000    -0.000000 
       73         2     0.5835   2.000091    -0.000000    -0.000000     0.000001    -0.000000     0.000000    -0.000002     0.000000 
       75         2     0.6014   2.000085    -0.000000    -0.000000     0.000002    -0.000000     0.000000     0.000003    -0.000000 
       77         2     0.6375   2.000087    -0.000000     0.000000    -0.000000    -0.000000     0.000000     0.000002    -0.000000 
       79         2     0.6520   2.000086     0.000000     0.000000    -0.000000     0.000000    -0.000000     0.000001     0.000000 
       81         2     0.6956   2.000085    -0.000000    -0.000000     0.000001     0.000000    -0.000000     0.000000     0.000000 
       83         2     0.7173   2.000078     0.000000     0.000000    -0.000001    -0.000000     0.000000    -0.000000    -0.000000 
       85         2     0.9289   2.000057    -0.000000    -0.000000     0.000000     0.000000    -0.000000     0.000000    -0.000000 
       87         2     1.1289   2.000062    -0.000000     0.000000    -0.000000    -0.000000     0.000000     0.000000    -0.000000 
       89         2     1.2595   2.000046     0.000000     0.000000    -0.000000    -0.000000     0.000000     0.000000    -0.000000 
       91         2     1.3170   2.000053     0.000000     0.000000    -0.000000    -0.000000     0.000000    -0.000001     0.000000 
       93         2     1.4096   2.000053     0.000000     0.000000    -0.000001     0.000000    -0.000000    -0.000000     0.000000 
       95         2     1.6459   2.000063    -0.000000     0.000000    -0.000000     0.000000    -0.000000    -0.000000     0.000000 
       97         2     1.8679   2.000045    -0.000000    -0.000000     0.000001    -0.000000     0.000000     0.000001    -0.000000 
       99         2     2.0421   2.000043    -0.000000    -0.000000     0.000000     0.000000    -0.000000    -0.000000     0.000000 
      101         2     2.2074   2.000042     0.000000     0.000000    -0.000000     0.000000    -0.000000    -0.000000     0.000000 
      103         2     2.4752   2.000037     0.000000    -0.000000     0.000000    -0.000000     0.000000     0.000000    -0.000000 
      105         2     2.6555   2.000038     0.000000     0.000000    -0.000000     0.000000    -0.000000    -0.000001     0.000000 
      107         2     2.8077   2.000034    -0.000000    -0.000000     0.000000    -0.000000     0.000000    -0.000000     0.000000 
      109         2     4.7764   2.000048    -0.000000    -0.000000     0.000000    -0.000000     0.000000     0.000000    -0.000000 
      111         2     5.2356   2.000049     0.000000     0.000000    -0.000000     0.000000    -0.000000    -0.000000     0.000000 
      113         2     6.1113   2.000026     0.000000     0.000000    -0.000000     0.000000    -0.000000    -0.000000     0.000000 
      115         2     6.7682   2.000046     0.000000     0.000000    -0.000000     0.000000    -0.000000     0.000001    -0.000000 
      117         2     7.1820   2.000047    -0.000000    -0.000000     0.000000     0.000000    -0.000000     0.000000    -0.000000 
      119         2     7.4299   2.000050    -0.000000     0.000000    -0.000000     0.000000    -0.000000     0.000000    -0.000000 
      121         2     7.9266   2.000053     0.000000    -0.000000     0.000000    -0.000000     0.000000     0.000000    -0.000000 
      123         2     8.1122   2.000051     0.000000    -0.000000     0.000000     0.000000    -0.000000    -0.000000     0.000000 
      125         2     8.7260   2.000055    -0.000000    -0.000000     0.000000     0.000000    -0.000000     0.000000     0.000000 
      127         2     8.9992   2.000054     0.000000     0.000000    -0.000000     0.000000    -0.000000     0.000000    -0.000000 
      129         2     9.5063   2.000057    -0.000000     0.000000    -0.000000    -0.000000     0.000000    -0.000000     0.000000 
      131         2     9.6866   2.000061     0.000000     0.000001    -0.000002     0.000000    -0.000000     0.000000     0.000000 
      133         2     9.9540   2.000055    -0.000000     0.000000    -0.000001     0.000002    -0.000000     0.000002    -0.000000 
      135         2    10.1941   2.000060     0.000000     0.000009    -0.000041    -0.000002     0.000000    -0.000004     0.000000 
      137         1    10.4088   1.000025    -0.000000     0.067019    -0.293630    -0.924038     0.210906    -0.104913     0.000000 
      138         1    10.4093   1.000024     0.000000    -0.067092     0.293949     0.921625    -0.210355     0.106097    -0.000000 
      139         1    10.5006   1.000025     0.000000    -0.118849     0.520713    -0.063611     0.014519     0.842914    -0.000000 
      140         1    10.5062   1.000026    -0.000000     0.108469    -0.475234     0.052348    -0.011948    -0.755314     0.000000 
      141         1    10.6038   1.000027     0.000000     0.067833    -0.297198     0.093820    -0.021414    -0.947467     0.000000 
4 
 1  2  3  4 
        1         2   -25.4544   2.000090    -0.000000    -0.000004     0.000019    -0.000000     0.000000    -0.000000     0.000000 
        3         2   -25.4533   2.000093     0.000000     0.000003    -0.000014     0.000000    -0.000000     0.000001    -0.000000 
        5         2   -25.4410   2.000097     0.000000    -0.000358     0.001569     0.000046    -0.000037     0.000038    -0.000018 
        7         2   -25.4409   2.000097    -0.000000     0.000359    -0.001571    -0.000046     0.000037    -0.000038     0.000018 
        9         4   -25.4119   4.000208     0.000000    -0.000002     0.000007     0.000000    -0.000000     0.000001    -0.000000 
       13         2   -25.3892   2.000109    -0.000000    -0.000364     0.001596    -0.000201     0.000160    -0.000086     0.000041 
       15         2   -25.3891   2.000115    -0.000000     0.000365    -0.001598     0.000201    -0.000160     0.000086    -0.000041 
       17         2   -25.3840   2.000103    -0.000000     0.000269    -0.001178     0.000068    -0.000054    -0.000174     0.000084 
       19         2   -25.3838   2.000102    -0.000000    -0.000270     0.001182    -0.000068     0.000054     0.000174    -0.000084 
       21         2   -12.3907   2.000038    -0.000000    -0.000000    -0.000000    -0.000000     0.000000    -0.000000     0.000000 
       23         2   -12.0613   2.000041     0.000000    -0.000000     0.000000    -0.000000     0.000000    -0.000000     0.000000 
       25         2   -11.3275   2.000039    -0.000000     0.000000    -0.000000    -0.000000     0.000000    -0.000000     0.000000 
       27         2   -11.1813   2.000045     0.000000     0.000000    -0.000000    -0.000000     0.000000    -0.000001     0.000001 
       29         2   -11.0147   2.000051    -0.000000     0.000000    -0.000000     0.000000    -0.000000     0.000000    -0.000000 
       31         2   -10.8844   2.000050     0.000000     0.000000    -0.000000    -0.000000     0.000000     0.000000    -0.000000 
       33         2    -5.9421   2.000046     0.000000    -0.000000     0.000000    -0.000000     0.000000     0.000000    -0.000000 
       35         2    -5.7872   2.000046     0.000000    -0.000000     0.000000    -0.000000     0.000000    -0.000000     0.000000 
       37         2    -2.7510   2.000050    -0.000000     0.000000     0.000000    -0.000000     0.000000    -0.000000     0.000000 
       39         2    -2.2824   2.000056     0.000000     0.000000    -0.000000     0.000000    -0.000000     0.000000    -0.000000 
       41         2    -2.1427   2.000049     0.000000    -0.000000     0.000000     0.000000    -0.000000     0.000000    -0.000000 
       43         2    -1.8380   2.000025    -0.000000    -0.000000     0.000000    -0.000000     0.000000    -0.000000     0.000000 
       45         2    -1.4554   2.000029    -0.000000    -0.000000     0.000000    -0.000000    -0.000000     0.000000    -0.000000 
       47         2    -1.3750   2.000026     0.000000    -0.000000     0.000000    -0.000000     0.000000    -0.000000     0.000000 
       49         2    -1.2089   2.000034     0.000000    -0.000000     0.000000     0.000000    -0.000000    -0.000000     0.000000 
       51         2    -1.0046   2.000028     0.000000     0.000000    -0.000000     0.000000    -0.000000     0.000000    -0.000000 
       53         2    -0.8477   2.000032     0.000000     0.000000    -0.000000    -0.000000     0.000000    -0.000000     0.000000 
       55         2    -0.7655   2.000042     0.000000     0.000000    -0.000000    -0.000000     0.000000     0.000000    -0.000000 
       57         2    -0.6340   2.000048    -0.000000    -0.000000     0.000000     0.000000    -0.000000    -0.000001     0.000000 
       59         2    -0.5807   2.000042     0.000000    -0.000000     0.000000    -0.000000     0.000000    -0.000001     0.000000 
       61         2    -0.5412   2.000047    -0.000000    -0.000000     0.000001     0.000000    -0.000000    -0.000000     0.000000 
       63         2    -0.5130   2.000050     0.000000     0.000000    -0.000002    -0.000000     0.000000     0.000001    -0.000000 
       65         2    -0.4321   2.000047     0.000000     0.000000    -0.000001     0.000000    -0.000000     0.000000    -0.000000 
       67         2    -0.3784   2.000046     0.000000    -0.000000     0.000000     0.000000    -0.000000     0.000000    -0.000000 
       69         2     0.4538   2.000075     0.000000    -0.000000     0.000000    -0.000000     0.000000     0.000000    -0.000000 
       71         2     0.5223   2.000077     0.000000     0.000000    -0.000001    -0.000000     0.000000     0.000000    -0.000000 
       73         2     0.5797   2.000082    -0.000000     0.000000    -0.000001    -0.000000     0.000000     0.000000    -0.000000 
       75         2     0.6024   2.000081    -0.000000     0.000000    -0.000001    -0.000000     0.000000     0.000001    -0.000000 
       77         2     0.6289   2.000075     0.000000     0.000000    -0.000001    -0.000000     0.000000     0.000000    -0.000000 
       79         2     0.6468   2.000093     0.000000    -0.000000     0.000002     0.000000    -0.000000     0.000001    -0.000001 
       81         2     0.6919   2.000083     0.000000    -0.000000     0.000002    -0.000000     0.000000     0.000000    -0.000000 
       83         2     0.7285   2.000073     0.000000     0.000000    -0.000002     0.000000    -0.000000    -0.000001     0.000000 
       85         2     1.0176   2.000062     0.000000    -0.000000     0.000000     0.000000    -0.000000     0.000000    -0.000000 
       87         2     1.0714   2.000053    -0.000000     0.000000    -0.000000     0.000000    -0.000000     0.000000    -0.000000 
       89         2     1.1937   2.000055     0.000000    -0.000000     0.000000     0.000000    -0.000000    -0.000001     0.000000 
       91         2     1.3478   2.000057    -0.000000     0.000000    -0.000000    -0.000000     0.000000     0.000001    -0.000000 
       93         2     1.4554   2.000058    -0.000000     0.000000    -0.000000    -0.000000     0.000000    -0.000001     0.000000 
       95         2     1.6096   2.000054     0.000000     0.000000    -0.000000     0.000000    -0.000000     0.000000    -0.000000 
       97         2     1.8240   2.000051     0.000000    -0.000000     0.000000    -0.000000     0.000000     0.000000    -0.000000 
       99         2     2.0034   2.000051     0.000000    -0.000000     0.000000    -0.000000     0.000000    -0.000001     0.000000 
      101         2     2.1923   2.000044    -0.000000    -0.000000     0.000000     0.000000    -0.000000     0.000000    -0.000000 
      103         2     2.4238   2.000044     0.000000     0.000000    -0.000000    -0.000000     0.000000     0.000000    -0.000000 
      105         2     2.5689   2.000042     0.000000    -0.000000     0.000000     0.000000    -0.000000     0.000000    -0.000000 
      107         2     2.9075   2.000037    -0.000000    -0.000000     0.000000     0.000000    -0.000000    -0.000000     0.000000 
      109         2     4.9495   2.000048    -0.000000    -0.000000     0.000000    -0.000000     0.000000     0.000000    -0.000000 
      111         2     5.2699   2.000047    -0.000000    -0.000000     0.000000     0.000000    -0.000000    -0.000000     0.000000 
      113         2     6.3839   2.000046    -0.000000    -0.000000     0.000000     0.000000     0.000000    -0.000000     0.000000 
      115         2     6.7343   2.000048    -0.000000     0.000000    -0.000000    -0.000000     0.000000    -0.000000     0.000000 
      117         2     7.1431   2.000046     0.000000     0.000000    -0.000000    -0.000000     0.000000    -0.000000     0.000000 
      119         2     7.5242   2.000056    -0.000000    -0.000000     0.000000    -0.000000     0.000000    -0.000001     0.000000 
      121         2     7.9590   2.000054     0.000000     0.000000    -0.000000    -0.000000     0.000000    -0.000000     0.000000 
      123         2     8.3611   2.000053    -0.000000    -0.000000     0.000000    -0.000000     0.000000    -0.000000     0.000000 
      125         2     8.7775   2.000057    -0.000000    -0.000000     0.000000     0.000000    -0.000000    -0.000000     0.000000 
      127         2     9.1300   2.000049     0.000000     0.000000    -0.000000     0.000000     0.000000     0.000000    -0.000000 
      129         2     9.4985   2.000046     0.000000    -0.000000     0.000000     0.000000    -0.000000     0.000000    -0.000000 
      131         2     9.5637   2.000057     0.000000    -0.000000     0.000000     0.000000    -0.000000     0.000000    -0.000000 
      133         2     9.8922   2.000062    -0.000000    -0.000000     0.000000     0.000000    -0.000000     0.000001    -0.000000 
      135         2    10.1365   2.000053    -0.000000    -0.000000     0.000000     0.000001    -0.000000     0.000000    -0.000000 
      137         2    10.2360   2.000051    -0.000000     0.000000    -0.000000     0.000002    -0.000002     0.000000    -0.000000 
      139         2    10.4801   2.000041     0.000000    -0.000004     0.000017    -0.000004     0.000003     0.000024    -0.000012 
      141         1    10.9657   1.000029     0.000000    -0.088646     0.388385     0.578782    -0.461563     0.433326    -0.208679 
4 
 1  2  3  4 
        1         2   -25.4544   2.000092     0.000000    -0.000004     0.000019     0.000000    -0.000000    -0.000000     0.000000 
        3         2   -25.4533   2.000083     0.000000     0.000005    -0.000023    -0.000000     0.000000     0.000000    -0.000000 
        5         2   -25.4410   2.000098     0.000000    -0.000337     0.001477    -0.000016     0.000033     0.000028    -0.000035 
        7         2   -25.4409   2.000098    -0.000000     0.000338    -0.001482     0.000016    -0.000033    -0.000028     0.000035 
        9         4   -25.4119   4.000199    -0.000000     0.000000    -0.000000    -0.000000     0.000000     0.000000    -0.000000 
       13         2   -25.3892   2.000107    -0.000000    -0.000362     0.001587    -0.000022     0.000045    -0.000029     0.000036 
       15         2   -25.3891   2.000114     0.000000     0.000362    -0.001585     0.000022    -0.000045     0.000029    -0.000036 
       17         2   -25.3840   2.000100    -0.000000     0.000280    -0.001229    -0.000001     0.000003    -0.000043     0.000053 
       19         2   -25.3838   2.000101     0.000000    -0.000281     0.001230     0.000001    -0.000003     0.000043    -0.000053 
       21         2   -12.4109   2.000042    -0.000000     0.000000    -0.000000    -0.000000    -0.000000    -0.000000     0.000000 
       23         2   -12.0960   2.000043     0.000000    -0.000000     0.000000    -0.000000     0.000000     0.000000    -0.000000 
       25         2   -11.3298   2.000042     0.000000     0.000000    -0.000000     0.000000    -0.000000    -0.000000     0.000000 
       27         2   -11.1790   2.000043     0.000000    -0.000000     0.000000     0.000000     0.000000     0.000000    -0.000001 
       29         2   -10.9367   2.000052    -0.000000    -0.000000     0.000000     0.000000    -0.000000     0.000000    -0.000000 
       31         2   -10.8768   2.000041    -0.000000    -0.000000    -0.000000     0.000000    -0.000000    -0.000000     0.000001 
       33         2    -5.9403   2.000052     0.000000     0.000000     0.000000     0.000000    -0.000000    -0.000000     0.000000 
       35         2    -5.7852   2.000052    -0.000000    -0.000000     0.000000    -0.000000     0.000000     0.000000    -0.000000 
       37         2    -2.6544   2.000050     0.000000    -0.000000     0.000000    -0.000000     0.000000    -0.000000     0.000000 
       39         2    -2.2808   2.000052    -0.000000     0.000000    -0.000000     0.000000    -0.000000    -0.000000     0.000000 
       41         2    -2.1679   2.000050     0.000000     0.000000    -0.000000    -0.000000     0.000000    -0.000000     0.000000 
       43         2    -1.8353   2.000031    -0.000000    -0.000000     0.000000    -0.000000     0.000000     0.000000    -0.000000 
       45         2    -1.5690   2.000026     0.000000    -0.000000     0.000000    -0.000000     0.000000    -0.000000     0.000000 
       47         2    -1.3300   2.000029     0.000000    -0.000000     0.000000     0.000000    -0.000000    -0.000000     0.000000 
       49         2    -1.2758   2.000030     0.000000     0.000000    -0.000000     0.000000    -0.000000    -0.000000     0.000000 
       51         2    -0.9910   2.000033     0.000000     0.000000    -0.000000     0.000000    -0.000000     0.000000    -0.000000 
       53         2    -0.9136   2.000033    -0.000000    -0.000000     0.000000     0.000000    -0.000000    -0.000000     0.000000 
       55         2    -0.8457   2.000034     0.000000    -0.000000     0.000000    -0.000000     0.000000    -0.000000     0.000000 
       57         2    -0.6408   2.000048    -0.000000     0.000000    -0.000002     0.000000    -0.000000     0.000000    -0.000000 
       59         2    -0.5809   2.000039     0.000000    -0.000000     0.000000     0.000000    -0.000000    -0.000000     0.000001 
       61         2    -0.5483   2.000047    -0.000000    -0.000000     0.000000    -0.000000     0.000000    -0.000000     0.000000 
       63         2    -0.5070   2.000046     0.000000    -0.000000     0.000001     0.000000    -0.000000    -0.000000     0.000000 
       65         2    -0.4291   2.000046     0.000000    -0.000000     0.000000    -0.000000     0.000000    -0.000000     0.000000 
       67         2    -0.4011   2.000039     0.000000     0.000000    -0.000001    -0.000000     0.000000     0.000000    -0.000000 
       69         2     0.5021   2.000084     0.000000     0.000000    -0.000002     0.000000    -0.000000     0.000001    -0.000001 
       71         2     0.5248   2.000084     0.000000    -0.000001     0.000003     0.000000    -0.000000    -0.000000     0.000000 
       73         2     0.5760   2.000088     0.000000    -0.000000     0.000000     0.000000    -0.000000     0.000000    -0.000000 
       75         2     0.5983   2.000094    -0.000000     0.000000    -0.000000     0.000000    -0.000000     0.000000    -0.000000 
       77         2     0.6356   2.000087     0.000000    -0.000000     0.000001    -0.000000     0.000000     0.000000    -0.000000 
       79         2     0.6434   2.000087     0.000000     0.000000    -0.000000     0.000000    -0.000000    -0.000000     0.000000 
       81         2     0.6914   2.000074     0.000000    -0.000000     0.000000     0.000000    -0.000000    -0.000000     0.000000 
       83         2     0.7452   2.000078     0.000000     0.000000    -0.000000     0.000000    -0.000000    -0.000001     0.000001 
       85         2     0.9599   2.000055    -0.000000    -0.000000     0.000000    -0.000000     0.000000    -0.000000     0.000000 
       87         2     1.0858   2.000051    -0.000000     0.000000    -0.000000    -0.000000     0.000000     0.000000    -0.000000 
       89         2     1.1432   2.000050     0.000000    -0.000000     0.000000    -0.000000     0.000000    -0.000000     0.000000 
       91         2     1.2532   2.000046     0.000000    -0.000000     0.000001     0.000000    -0.000000    -0.000001     0.000001 
       93         2     1.5316   2.000063    -0.000000     0.000000    -0.000000     0.000000    -0.000000    -0.000000     0.000000 
       95         2     1.6287   2.000051     0.000000     0.000000    -0.000000    -0.000000     0.000000     0.000000    -0.000000 
       97         2     1.8130   2.000054    -0.000000     0.000000    -0.000000     0.000000    -0.000000     0.000000    -0.000000 
       99         2     1.9829   2.000041    -0.000000     0.000000    -0.000000     0.000000    -0.000000    -0.000000     0.000000 
      101         2     2.1920   2.000043    -0.000000    -0.000000     0.000000    -0.000000     0.000000     0.000001    -0.000001 
      103         2     2.2811   2.000044    -0.000000     0.000000    -0.000000     0.000000    -0.000000    -0.000000     0.000000 
      105         2     2.3941   2.000042     0.000000     0.000000    -0.000000     0.000000    -0.000000     0.000000    -0.000000 
      107         2     3.0044   2.000037    -0.000000     0.000000    -0.000000    -0.000000     0.000000     0.000000    -0.000000 
      109         2     5.1668   2.000047     0.000000    -0.000000     0.000000    -0.000000     0.000000     0.000000    -0.000000 
      111         2     5.3799   2.000048     0.000000    -0.000000     0.000000    -0.000000     0.000000     0.000000    -0.000000 
      113         2     6.6548   2.000052    -0.000000     0.000000    -0.000000     0.000000    -0.000000     0.000000    -0.000000 
      115         2     6.8093   2.000049     0.000000    -0.000000     0.000000    -0.000000     0.000000    -0.000000     0.000000 
      117         2     7.3956   2.000049     0.000000     0.000000    -0.000000    -0.000000     0.000000     0.000000    -0.000000 
      119         2     7.7315   2.000050     0.000000    -0.000000     0.000000    -0.000000     0.000000    -0.000000     0.000000 
      121         2     8.0740   2.000048     0.000000    -0.000000     0.000000     0.000000    -0.000000     0.000000    -0.000000 
      123         2     8.6539   2.000046     0.000000    -0.000000     0.000000    -0.000000     0.000000    -0.000000     0.000000 
      125         2     9.0331   2.000053    -0.000000    -0.000000     0.000000     0.000000    -0.000000     0.000000    -0.000000 
      127         2     9.1061   2.000047    -0.000000     0.000000    -0.000000    -0.000000     0.000000    -0.000000     0.000000 
      129         2     9.4442   2.000050    -0.000000     0.000000    -0.000000    -0.000000     0.000000    -0.000000     0.000000 
      131         2     9.5741   2.000069     0.000000     0.000000    -0.000000    -0.000000     0.000000     0.000000    -0.000000 
      133         2     9.8159   2.000051    -0.000000     0.000000    -0.000001    -0.000001     0.000001    -0.000000     0.000000 
      135         2    10.0841   2.000063     0.000000     0.000000    -0.000000    -0.000000     0.000001     0.000000    -0.000000 
      137         2    10.2794   2.000060     0.000000     0.000002    -0.000008     0.000001    -0.000002    -0.000001     0.000002 
      139         1    10.6922   1.000030    -0.000000     0.220087    -0.964263     0.035421    -0.073552    -0.076653     0.096120 
      140         1    10.6935   1.000028     0.000000    -0.219899     0.963442    -0.033891     0.070375     0.076554    -0.095996 
      141         1    10.9237   1.000030    -0.000000     0.171105    -0.749658    -0.229376     0.476305     0.011371    -0.014259 
