# energy s p d
-1.367949999999999910e+01 0.000000000000000000e+00 0.000000000000000000e+00 0.000000000000000000e+00
-1.366709999999999958e+01 0.000000000000000000e+00 0.000000000000000000e+00 0.000000000000000000e+00
-1.365460000000000029e+01 0.000000000000000000e+00 0.000000000000000000e+00 0.000000000000000000e+00
-1.364220000000000077e+01 0.000000000000000000e+00 0.000000000000000000e+00 0.000000000000000000e+00
-1.362969999999999970e+01 0.000000000000000000e+00 0.000000000000000000e+00 0.000000000000000000e+00
-1.361730000000000018e+01 0.000000000000000000e+00 0.000000000000000000e+00 0.000000000000000000e+00
-1.360490000000000066e+01 0.000000000000000000e+00 0.000000000000000000e+00 0.000000000000000000e+00
-1.359239999999999959e+01 0.000000000000000000e+00 0.000000000000000000e+00 0.000000000000000000e+00
-1.358000000000000007e+01 0.000000000000000000e+00 0.000000000000000000e+00 0.000000000000000000e+00
-1.356750000000000078e+01 0.000000000000000000e+00 0.000000000000000000e+00 0.000000000000000000e+00
-1.355509999999999948e+01 0.000000000000000000e+00 0.000000000000000000e+00 0.000000000000000000e+00
-1.354260000000000019e+01 0.000000000000000000e+00 0.000000000000000000e+00 0.000000000000000000e+00
-1.353020000000000067e+01 0.000000000000000000e+00 0.000000000000000000e+00 0.000000000000000000e+00
-1.351779999999999937e+01 0.000000000000000000e+00 0.000000000000000000e+00 0.000000000000000000e+00
-1.350530000000000008e+01 0.000000000000000000e+00 0.000000000000000000e+00 0.000000000000000000e+00
-1.349290000000000056e+01 0.000000000000000000e+00 0.000000000000000000e+00 0.000000000000000000e+00
-1.348039999999999949e+01 0.000000000000000000e+00 0.000000000000000000e+00 0.000000000000000000e+00
-1.346799999999999997e+01 0.000000000000000000e+00 0.000000000000000000e+00 0.000000000000000000e+00
-1.345560000000000045e+01 0.000000000000000000e+00 0.000000000000000000e+00 0.000000000000000000e+00
-1.344309999999999938e+01 0.000000000000000000e+00 0.000000000000000000e+00 0.000000000000000000e+00
-1.343069999999999986e+01 0.000000000000000000e+00 0.000000000000000000e+00 0.000000000000000000e+00
-1.341820000000000057e+01 0.000000000000000000e+00 0.000000000000000000e+00 0.000000000000000000e+00
-1.340579999999999927e+01 0.000000000000000000e+00 0.000000000000000000e+00 0.000000000000000000e+00
-1.339329999999999998e+01 0.000000000000000000e+00 0.000000000000000000e+00 0.000000000000000000e+00
-1.338090000000000046e+01 0.000000000000000000e+00 0.000000000000000000e+00 0.000000000000000000e+00
-1.336849999999999916e+01 0.000000000000000000e+00 0.000000000000000000e+00 0.000000000000000000e+00
-1.335599999999999987e+01 0.000000000000000000e+00 0.000000000000000000e+00 0.000000000000000000e+00
-1.334360000000000035e+01 0.000000000000000000e+00 0.000000000000000000e+00 0.000000000000000000e+00
-1.333109999999999928e+01 0.000000000000000000e+00 0.000000000000000000e+00 0.000000000000000000e+00
-1.331869999999999976e+01 0.000000000000000000e+00 0.000000000000000000e+00 0.000000000000000000e+00
-1.330630000000000024e+01 0.000000000000000000e+00 0.000000000000000000e+00 0.000000000000000000e+00
-1.329379999999999917e+01 0.000000000000000000e+00 0.000000000000000000e+00 0.000000000000000000e+00
-1.328139999999999965e+01 0.000000000000000000e+00 0.000000000000000000e+00 0.000000000000000000e+00
-1.326890000000000036e+01 0.000000000000000000e+00 0.000000000000000000e+00 0.000000000000000000e+00
-1.325649999999999906e+01 0.000000000000000000e+00 0.000000000000000000e+00 0.000000000000000000e+00
-1.324399999999999977e+01 0.000000000000000000e+00 0.000000000000000000e+00 0.000000000000000000e+00
-1.323160000000000025e+01 0.000000000000000000e+00 0.000000000000000000e+00 0.000000000000000000e+00
-1.321920000000000073e+01 0.000000000000000000e+00 0.000000000000000000e+00 0.000000000000000000e+00
-1.320669999999999966e+01 0.000000000000000000e+00 0.000000000000000000e+00 0.000000000000000000e+00
-1.319430000000000014e+01 0.000000000000000000e+00 0.000000000000000000e+00 0.000000000000000000e+00
-1.318179999999999907e+01 0.000000000000000000e+00 0.000000000000000000e+00 0.000000000000000000e+00
-1.316939999999999955e+01 0.000000000000000000e+00 0.000000000000000000e+00 0.000000000000000000e+00
-1.315700000000000003e+01 0.000000000000000000e+00 0.000000000000000000e+00 0.000000000000000000e+00
-1.314450000000000074e+01 0.000000000000000000e+00 0.000000000000000000e+00 0.000000000000000000e+00
-1.313209999999999944e+01 0.000000000000000000e+00 0.000000000000000000e+00 0.000000000000000000e+00
-1.311960000000000015e+01 0.000000000000000000e+00 0.000000000000000000e+00 0.000000000000000000e+00
-1.310720000000000063e+01 0.000000000000000000e+00 0.000000000000000000e+00 0.000000000000000000e+00
-1.309469999999999956e+01 0.000000000000000000e+00 0.000000000000000000e+00 0.000000000000000000e+00
-1.308230000000000004e+01 0.000000000000000000e+00 0.000000000000000000e+00 0.000000000000000000e+00
-1.306990000000000052e+01 0.000000000000000000e+00 0.000000000000000000e+00 0.000000000000000000e+00
-1.305739999999999945e+01 0.000000000000000000e+00 0.000000000000000000e+00 0.000000000000000000e+00
-1.304499999999999993e+01 0.000000000000000000e+00 0.000000000000000000e+00 0.000000000000000000e+00
-1.303250000000000064e+01 0.000000000000000000e+00 0.000000000000000000e+00 0.000000000000000000e+00
-1.302009999999999934e+01 0.000000000000000000e+00 0.000000000000000000e+00 0.000000000000000000e+00
-1.300760000000000005e+01 0.000000000000000000e+00 0.000000000000000000e+00 0.000000000000000000e+00
-1.299520000000000053e+01 0.000000000000000000e+00 0.000000000000000000e+00 0.000000000000000000e+00
-1.298279999999999923e+01 0.000000000000000000e+00 0.000000000000000000e+00 0.000000000000000000e+00
-1.297029999999999994e+01 0.000000000000000000e+00 0.000000000000000000e+00 0.000000000000000000e+00
-1.295790000000000042e+01 0.000000000000000000e+00 0.000000000000000000e+00 0.000000000000000000e+00
-1.294539999999999935e+01 0.000000000000000000e+00 0.000000000000000000e+00 0.000000000000000000e+00
-1.293299999999999983e+01 0.000000000000000000e+00 0.000000000000000000e+00 0.000000000000000000e+00
-1.292060000000000031e+01 0.000000000000000000e+00 0.000000000000000000e+00 0.000000000000000000e+00
-1.290809999999999924e+01 0.000000000000000000e+00 0.000000000000000000e+00 0.000000000000000000e+00
-1.289569999999999972e+01 0.000000000000000000e+00 0.000000000000000000e+00 0.000000000000000000e+00
-1.288320000000000043e+01 0.000000000000000000e+00 0.000000000000000000e+00 0.000000000000000000e+00
-1.287079999999999913e+01 0.000000000000000000e+00 0.000000000000000000e+00 0.000000000000000000e+00
-1.285829999999999984e+01 0.000000000000000000e+00 0.000000000000000000e+00 0.000000000000000000e+00
-1.284590000000000032e+01 0.000000000000000000e+00 0.000000000000000000e+00 0.000000000000000000e+00
-1.283350000000000080e+01 0.000000000000000000e+00 0.000000000000000000e+00 0.000000000000000000e+00
-1.282099999999999973e+01 0.000000000000000000e+00 0.000000000000000000e+00 0.000000000000000000e+00
-1.280860000000000021e+01 0.000000000000000000e+00 0.000000000000000000e+00 0.000000000000000000e+00
-1.279609999999999914e+01 0.000000000000000000e+00 0.000000000000000000e+00 0.000000000000000000e+00
-1.278369999999999962e+01 0.000000000000000000e+00 0.000000000000000000e+00 0.000000000000000000e+00
-1.277130000000000010e+01 0.000000000000000000e+00 0.000000000000000000e+00 0.000000000000000000e+00
-1.275880000000000081e+01 0.000000000000000000e+00 0.000000000000000000e+00 0.000000000000000000e+00
-1.274639999999999951e+01 0.000000000000000000e+00 0.000000000000000000e+00 0.000000000000000000e+00
-1.273390000000000022e+01 0.000000000000000000e+00 0.000000000000000000e+00 0.000000000000000000e+00
-1.272150000000000070e+01 0.000000000000000000e+00 0.000000000000000000e+00 0.000000000000000000e+00
-1.270899999999999963e+01 0.000000000000000000e+00 0.000000000000000000e+00 0.000000000000000000e+00
-1.269660000000000011e+01 0.000000000000000000e+00 0.000000000000000000e+00 0.000000000000000000e+00
-1.268420000000000059e+01 0.000000000000000000e+00 0.000000000000000000e+00 0.000000000000000000e+00
-1.267169999999999952e+01 0.000000000000000000e+00 0.000000000000000000e+00 0.000000000000000000e+00
-1.265930000000000000e+01 0.000000000000000000e+00 0.000000000000000000e+00 0.000000000000000000e+00
-1.264680000000000071e+01 0.000000000000000000e+00 0.000000000000000000e+00 0.000000000000000000e+00
-1.263439999999999941e+01 0.000000000000000000e+00 0.000000000000000000e+00 0.000000000000000000e+00
-1.262199999999999989e+01 0.000000000000000000e+00 0.000000000000000000e+00 0.000000000000000000e+00
-1.260950000000000060e+01 0.000000000000000000e+00 0.000000000000000000e+00 0.000000000000000000e+00
-1.259709999999999930e+01 0.000000000000000000e+00 0.000000000000000000e+00 0.000000000000000000e+00
-1.258460000000000001e+01 0.000000000000000000e+00 0.000000000000000000e+00 0.000000000000000000e+00
-1.257220000000000049e+01 0.000000000000000000e+00 0.000000000000000000e+00 0.000000000000000000e+00
-1.255969999999999942e+01 0.000000000000000000e+00 0.000000000000000000e+00 0.000000000000000000e+00
-1.254729999999999990e+01 0.000000000000000000e+00 0.000000000000000000e+00 0.000000000000000000e+00
-1.253490000000000038e+01 0.000000000000000000e+00 0.000000000000000000e+00 0.000000000000000000e+00
-1.252239999999999931e+01 0.000000000000000000e+00 0.000000000000000000e+00 0.000000000000000000e+00
-1.250999999999999979e+01 0.000000000000000000e+00 0.000000000000000000e+00 0.000000000000000000e+00
-1.249750000000000050e+01 0.000000000000000000e+00 0.000000000000000000e+00 0.000000000000000000e+00
-1.248509999999999920e+01 0.000000000000000000e+00 0.000000000000000000e+00 0.000000000000000000e+00
-1.247269999999999968e+01 0.000000000000000000e+00 0.000000000000000000e+00 0.000000000000000000e+00
-1.246020000000000039e+01 0.000000000000000000e+00 0.000000000000000000e+00 0.000000000000000000e+00
-1.244779999999999909e+01 0.000000000000000000e+00 0.000000000000000000e+00 0.000000000000000000e+00
-1.243529999999999980e+01 0.000000000000000000e+00 0.000000000000000000e+00 0.000000000000000000e+00
-1.242290000000000028e+01 0.000000000000000000e+00 0.000000000000000000e+00 0.000000000000000000e+00
-1.241039999999999921e+01 0.000000000000000000e+00 0.000000000000000000e+00 0.000000000000000000e+00
-1.239799999999999969e+01 0.000000000000000000e+00 0.000000000000000000e+00 0.000000000000000000e+00
-1.238560000000000016e+01 0.000000000000000000e+00 0.000000000000000000e+00 0.000000000000000000e+00
-1.237309999999999910e+01 0.000000000000000000e+00 0.000000000000000000e+00 0.000000000000000000e+00
-1.236069999999999958e+01 0.000000000000000000e+00 0.000000000000000000e+00 0.000000000000000000e+00
-1.234820000000000029e+01 0.000000000000000000e+00 0.000000000000000000e+00 0.000000000000000000e+00
-1.233580000000000076e+01 0.000000000000000000e+00 0.000000000000000000e+00 0.000000000000000000e+00
-1.232329999999999970e+01 0.000000000000000000e+00 0.000000000000000000e+00 0.000000000000000000e+00
-1.231090000000000018e+01 0.000000000000000000e+00 0.000000000000000000e+00 0.000000000000000000e+00
-1.229850000000000065e+01 0.000000000000000000e+00 0.000000000000000000e+00 0.000000000000000000e+00
-1.228599999999999959e+01 0.000000000000000000e+00 0.000000000000000000e+00 0.000000000000000000e+00
-1.227360000000000007e+01 0.000000000000000000e+00 0.000000000000000000e+00 0.000000000000000000e+00
-1.226110000000000078e+01 0.000000000000000000e+00 0.000000000000000000e+00 0.000000000000000000e+00
-1.224869999999999948e+01 0.000000000000000000e+00 0.000000000000000000e+00 0.000000000000000000e+00
-1.223629999999999995e+01 0.000000000000000000e+00 0.000000000000000000e+00 0.000000000000000000e+00
-1.222380000000000067e+01 0.000000000000000000e+00 0.000000000000000000e+00 0.000000000000000000e+00
-1.221139999999999937e+01 0.000000000000000000e+00 0.000000000000000000e+00 0.000000000000000000e+00
-1.219890000000000008e+01 0.000000000000000000e+00 0.000000000000000000e+00 0.000000000000000000e+00
-1.218650000000000055e+01 0.000000000000000000e+00 0.000000000000000000e+00 0.000000000000000000e+00
-1.217399999999999949e+01 3.945912784905568868e-08 0.000000000000000000e+00 1.076158032246973192e-08
-1.216159999999999997e+01 3.433716866259191902e-07 0.000000000000000000e+00 7.114533749645034914e-08
-1.214920000000000044e+01 1.486643985286173555e-06 1.076158032246973192e-08 2.782130873213179011e-07
-1.213669999999999938e+01 4.807684835967829041e-06 4.962217685151088861e-08 8.815424297872529761e-07
-1.212429999999999986e+01 1.258274215134787129e-05 1.574455729733566369e-07 2.473683504730647667e-06
-1.211180000000000057e+01 3.005451413717422104e-05 4.243606088476387923e-07 6.206591829460687571e-06
-1.209939999999999927e+01 6.701347388439903745e-05 1.036251371425325341e-06 1.441104516189112651e-05
-1.208699999999999974e+01 1.407109416056539618e-04 2.362038240673104275e-06 3.142645490525817727e-05
-1.207450000000000045e+01 2.793644106927297061e-04 5.052253795425302120e-06 6.486174113535268847e-05
-1.206209999999999916e+01 5.256289944534320259e-04 1.021994677344186694e-05 1.272722551702704357e-04
-1.204959999999999987e+01 9.387337891656220368e-04 1.961206964718089016e-05 2.381625099499623175e-04
-1.203720000000000034e+01 1.593614285027819847e-03 3.580298698241291975e-05 4.259289543247063957e-04
-1.202469999999999928e+01 2.575412429864848158e-03 6.232055240560782845e-05 7.292881501538729791e-04
-1.201229999999999976e+01 3.968704110454228211e-03 1.036480940766043297e-04 1.197709013034176529e-03
-1.199990000000000023e+01 5.842553309956978816e-03 1.651055955498560387e-04 1.890526897701248418e-03
-1.198739999999999917e+01 8.234702615067686013e-03 2.525654870549600079e-04 2.874552612621760882e-03
-1.197499999999999964e+01 1.113945235216280173e-02 3.720915267816889203e-04 4.220786759448116182e-03
-1.196250000000000036e+01 1.450357529694356121e-02 5.295690760794492975e-04 6.001158290887880983e-03
-1.195009999999999906e+01 1.823247097724076116e-02 7.304868527315272345e-04 8.286754952203293986e-03
-1.193769999999999953e+01 2.220534036645071402e-02 9.798849150070231516e-04 1.114777811756111764e-02
-1.192520000000000024e+01 2.629508767732397639e-02 1.282486384963831862e-03 1.465533375567174348e-02
-1.191280000000000072e+01 3.038726037969710636e-02 1.642945120985526541e-03 1.888469839811867182e-02
-1.190029999999999966e+01 3.439330481667133427e-02 2.066077268099330427e-03 2.391827496579585974e-02
-1.188790000000000013e+01 3.825603117294308630e-02 2.557049589204972613e-03 2.984760399387118360e-02
-1.187539999999999907e+01 4.194814590733745435e-02 3.121479250780139630e-03 3.677468698057435176e-02
-1.186299999999999955e+01 4.546651881395864098e-02 3.765644700312082045e-03 4.481439342394840514e-02
-1.185060000000000002e+01 4.882519680877678292e-02 4.497015097406055484e-03 5.410196989232379794e-02
-1.183810000000000073e+01 5.204917972814825794e-02 5.325146456859167904e-03 6.480560734818896496e-02
-1.182569999999999943e+01 5.516982640113816949e-02 6.262965745398210715e-03 7.714572834079756747e-02
-1.181320000000000014e+01 5.822106461639991321e-02 7.327981123490269998e-03 9.141332289180637005e-02
-1.180080000000000062e+01 6.123681578602400977e-02 8.543490320177354186e-03 1.079895986832425242e-01
-1.178839999999999932e+01 6.425111980723288707e-02 9.940785827227488491e-03 1.273820675945736558e-01
-1.177590000000000003e+01 6.729700061392716870e-02 1.156002094098616470e-02 1.502413971513228419e-01
-1.176350000000000051e+01 7.040793382854954041e-02 1.345192178977791531e-02 1.773914823132260732e-01
-1.175099999999999945e+01 7.361819541186266636e-02 1.568037361259044110e-02 2.098746593922674319e-01
-1.173859999999999992e+01 7.696187497245837728e-02 1.832526614681170146e-02 2.490016030781309342e-01
-1.172610000000000063e+01 8.046767451177624930e-02 2.148291495042513669e-02 2.963623331337271738e-01
-1.171369999999999933e+01 8.414754960567538689e-02 2.525695018187217034e-02 3.536843943385013511e-01
-1.170129999999999981e+01 8.797833186204609413e-02 2.976193012467415189e-02 4.229028384484098124e-01
-1.168880000000000052e+01 9.187800818235355993e-02 3.509859802203660339e-02 5.057696910240291333e-01
-1.167639999999999922e+01 9.568275795878328216e-02 4.133193770943577317e-02 6.035090184223103060e-01
-1.166389999999999993e+01 9.913306152978201835e-02 4.846269784614622156e-02 7.163598920028374506e-01
-1.165150000000000041e+01 1.018783300147507315e-01 5.639706842454271507e-02 8.430779369682449564e-01
-1.163899999999999935e+01 1.035065216657170828e-01 6.491893819521191156e-02 9.804610896885849192e-01
-1.162659999999999982e+01 1.035985852405865021e-01 7.366917681383497452e-02 1.122971779363789668e+00
-1.161420000000000030e+01 1.017994233218198763e-01 8.213790649761139318e-02 1.262556218409927045e+00
-1.160169999999999924e+01 9.789029703934606919e-02 8.967830437817631006e-02 1.388810774145509130e+00
-1.158929999999999971e+01 9.184522451434258550e-02 9.555242616260362087e-02 1.489681211243884862e+00
-1.157680000000000042e+01 8.385680834733189037e-02 9.901694800886194636e-02 1.552837227476264736e+00
-1.156439999999999912e+01 7.432426985631483685e-02 9.944602448710773701e-02 1.567686839407681054e+00
-1.155199999999999960e+01 6.380522312019369646e-02 9.647096429941136309e-02 1.527700653739366254e+00
-1.153950000000000031e+01 5.294065542937623214e-02 9.009902188278262614e-02 1.432423430453979574e+00
-1.152710000000000079e+01 4.236793393622237391e-02 8.076746509576099298e-02 1.288441238361340835e+00
-1.151459999999999972e+01 3.263856950563279874e-02 6.930180452918047185e-02 1.108777213403244311e+00
-1.150220000000000020e+01 2.415593866288074862e-02 5.677747119706928747e-02 9.106866879486077426e-01
-1.148969999999999914e+01 1.714332671341223940e-02 4.431979504728066066e-02 7.124109068323067895e-01
-1.147729999999999961e+01 1.164547694986949739e-02 3.290072431223350219e-02 5.298435112312513962e-01
-1.146490000000000009e+01 7.558969227429972876e-03 2.319066437335826417e-02 3.740711474032989425e-01
-1.145240000000000080e+01 4.680649167419268820e-03 1.550026601416572281e-02 2.503721600459928309e-01
-1.143999999999999950e+01 2.760701333986659897e-03 9.812716411867372646e-03 1.586952786568358587e-01
-1.142750000000000021e+01 1.548602994491839408e-03 5.878114263090173167e-03 9.516476606451672315e-02
-1.141510000000000069e+01 8.247109384497275245e-04 3.328907622324689917e-03 5.394499965405195885e-02
-1.140269999999999939e+01 4.161152582314813875e-04 1.780822748601668115e-03 2.888296419004901527e-02
-1.139020000000000010e+01 1.985591005310153505e-04 8.992036629618279080e-04 1.459559624297079167e-02
-1.137780000000000058e+01 8.910161207464727248e-05 4.278942891567208179e-04 6.950850051536260239e-03
-1.136529999999999951e+01 3.731999345914127262e-05 1.913006719322935933e-04 3.110126725701465884e-03
-1.135289999999999999e+01 1.426680143360878793e-05 7.978368391957084307e-05 1.298450949471293510e-03
-1.134040000000000070e+01 4.708503706664524875e-06 3.030109251621910862e-05 4.938897890422596585e-04
-1.132799999999999940e+01 1.128368518846195029e-06 9.262093519412978228e-06 1.512946070650426087e-04
-1.131559999999999988e+01 5.022070817152541233e-08 6.456948193481838691e-07 1.062167977827762395e-05
-1.130310000000000059e+01 0.000000000000000000e+00 0.000000000000000000e+00 0.000000000000000000e+00
-1.129069999999999929e+01 0.000000000000000000e+00 0.000000000000000000e+00 0.000000000000000000e+00
-1.127820000000000000e+01 0.000000000000000000e+00 0.000000000000000000e+00 0.000000000000000000e+00
-1.126580000000000048e+01 0.000000000000000000e+00 0.000000000000000000e+00 0.000000000000000000e+00
-1.125339999999999918e+01 0.000000000000000000e+00 0.000000000000000000e+00 0.000000000000000000e+00
-1.124089999999999989e+01 0.000000000000000000e+00 0.000000000000000000e+00 0.000000000000000000e+00
-1.122850000000000037e+01 0.000000000000000000e+00 0.000000000000000000e+00 0.000000000000000000e+00
-1.121599999999999930e+01 0.000000000000000000e+00 0.000000000000000000e+00 0.000000000000000000e+00
-1.120359999999999978e+01 0.000000000000000000e+00 0.000000000000000000e+00 0.000000000000000000e+00
-1.119110000000000049e+01 0.000000000000000000e+00 0.000000000000000000e+00 0.000000000000000000e+00
-1.117869999999999919e+01 0.000000000000000000e+00 0.000000000000000000e+00 0.000000000000000000e+00
-1.116629999999999967e+01 0.000000000000000000e+00 0.000000000000000000e+00 0.000000000000000000e+00
-1.115380000000000038e+01 0.000000000000000000e+00 0.000000000000000000e+00 0.000000000000000000e+00
-1.114139999999999908e+01 0.000000000000000000e+00 0.000000000000000000e+00 0.000000000000000000e+00
-1.112889999999999979e+01 0.000000000000000000e+00 0.000000000000000000e+00 0.000000000000000000e+00
-1.111650000000000027e+01 0.000000000000000000e+00 0.000000000000000000e+00 0.000000000000000000e+00
-1.110410000000000075e+01 0.000000000000000000e+00 0.000000000000000000e+00 0.000000000000000000e+00
-1.109159999999999968e+01 0.000000000000000000e+00 0.000000000000000000e+00 0.000000000000000000e+00
-1.107920000000000016e+01 0.000000000000000000e+00 0.000000000000000000e+00 0.000000000000000000e+00
-1.106669999999999909e+01 0.000000000000000000e+00 0.000000000000000000e+00 0.000000000000000000e+00
-1.105429999999999957e+01 0.000000000000000000e+00 0.000000000000000000e+00 0.000000000000000000e+00
-1.104180000000000028e+01 0.000000000000000000e+00 0.000000000000000000e+00 0.000000000000000000e+00
-1.102940000000000076e+01 0.000000000000000000e+00 0.000000000000000000e+00 0.000000000000000000e+00
-1.101699999999999946e+01 0.000000000000000000e+00 0.000000000000000000e+00 0.000000000000000000e+00
-1.100450000000000017e+01 0.000000000000000000e+00 0.000000000000000000e+00 0.000000000000000000e+00
-1.099210000000000065e+01 0.000000000000000000e+00 0.000000000000000000e+00 0.000000000000000000e+00
-1.097959999999999958e+01 0.000000000000000000e+00 0.000000000000000000e+00 0.000000000000000000e+00
-1.096720000000000006e+01 0.000000000000000000e+00 0.000000000000000000e+00 0.000000000000000000e+00
-1.095470000000000077e+01 0.000000000000000000e+00 0.000000000000000000e+00 0.000000000000000000e+00
-1.094229999999999947e+01 0.000000000000000000e+00 0.000000000000000000e+00 0.000000000000000000e+00
-1.092989999999999995e+01 0.000000000000000000e+00 0.000000000000000000e+00 0.000000000000000000e+00
-1.091740000000000066e+01 0.000000000000000000e+00 0.000000000000000000e+00 0.000000000000000000e+00
-1.090499999999999936e+01 0.000000000000000000e+00 0.000000000000000000e+00 0.000000000000000000e+00
-1.089250000000000007e+01 0.000000000000000000e+00 0.000000000000000000e+00 0.000000000000000000e+00
-1.088010000000000055e+01 0.000000000000000000e+00 0.000000000000000000e+00 0.000000000000000000e+00
-1.086769999999999925e+01 0.000000000000000000e+00 0.000000000000000000e+00 0.000000000000000000e+00
-1.085519999999999996e+01 0.000000000000000000e+00 0.000000000000000000e+00 0.000000000000000000e+00
-1.084280000000000044e+01 0.000000000000000000e+00 0.000000000000000000e+00 0.000000000000000000e+00
-1.083029999999999937e+01 0.000000000000000000e+00 0.000000000000000000e+00 0.000000000000000000e+00
-1.081789999999999985e+01 0.000000000000000000e+00 0.000000000000000000e+00 0.000000000000000000e+00
-1.080540000000000056e+01 0.000000000000000000e+00 0.000000000000000000e+00 0.000000000000000000e+00
-1.079299999999999926e+01 0.000000000000000000e+00 0.000000000000000000e+00 0.000000000000000000e+00
-1.078059999999999974e+01 0.000000000000000000e+00 0.000000000000000000e+00 0.000000000000000000e+00
-1.076810000000000045e+01 0.000000000000000000e+00 0.000000000000000000e+00 0.000000000000000000e+00
-1.075569999999999915e+01 0.000000000000000000e+00 0.000000000000000000e+00 0.000000000000000000e+00
-1.074319999999999986e+01 0.000000000000000000e+00 0.000000000000000000e+00 0.000000000000000000e+00
-1.073080000000000034e+01 0.000000000000000000e+00 0.000000000000000000e+00 0.000000000000000000e+00
-1.071840000000000082e+01 0.000000000000000000e+00 0.000000000000000000e+00 0.000000000000000000e+00
-1.070589999999999975e+01 0.000000000000000000e+00 0.000000000000000000e+00 0.000000000000000000e+00
-1.069350000000000023e+01 0.000000000000000000e+00 0.000000000000000000e+00 0.000000000000000000e+00
-1.068099999999999916e+01 0.000000000000000000e+00 0.000000000000000000e+00 0.000000000000000000e+00
-1.066859999999999964e+01 0.000000000000000000e+00 0.000000000000000000e+00 0.000000000000000000e+00
-1.065610000000000035e+01 0.000000000000000000e+00 0.000000000000000000e+00 0.000000000000000000e+00
-1.064370000000000083e+01 0.000000000000000000e+00 0.000000000000000000e+00 0.000000000000000000e+00
-1.063129999999999953e+01 0.000000000000000000e+00 0.000000000000000000e+00 0.000000000000000000e+00
-1.061880000000000024e+01 0.000000000000000000e+00 0.000000000000000000e+00 0.000000000000000000e+00
-1.060640000000000072e+01 0.000000000000000000e+00 0.000000000000000000e+00 0.000000000000000000e+00
-1.059389999999999965e+01 0.000000000000000000e+00 0.000000000000000000e+00 0.000000000000000000e+00
-1.058150000000000013e+01 0.000000000000000000e+00 0.000000000000000000e+00 0.000000000000000000e+00
-1.056910000000000061e+01 0.000000000000000000e+00 0.000000000000000000e+00 0.000000000000000000e+00
-1.055659999999999954e+01 0.000000000000000000e+00 0.000000000000000000e+00 0.000000000000000000e+00
-1.054420000000000002e+01 0.000000000000000000e+00 0.000000000000000000e+00 0.000000000000000000e+00
-1.053170000000000073e+01 0.000000000000000000e+00 0.000000000000000000e+00 0.000000000000000000e+00
-1.051929999999999943e+01 0.000000000000000000e+00 0.000000000000000000e+00 0.000000000000000000e+00
-1.050680000000000014e+01 0.000000000000000000e+00 0.000000000000000000e+00 0.000000000000000000e+00
-1.049440000000000062e+01 0.000000000000000000e+00 0.000000000000000000e+00 0.000000000000000000e+00
-1.048199999999999932e+01 0.000000000000000000e+00 0.000000000000000000e+00 0.000000000000000000e+00
-1.046950000000000003e+01 0.000000000000000000e+00 0.000000000000000000e+00 0.000000000000000000e+00
-1.045710000000000051e+01 0.000000000000000000e+00 0.000000000000000000e+00 0.000000000000000000e+00
-1.044459999999999944e+01 0.000000000000000000e+00 0.000000000000000000e+00 0.000000000000000000e+00
-1.043219999999999992e+01 0.000000000000000000e+00 0.000000000000000000e+00 0.000000000000000000e+00
-1.041980000000000040e+01 0.000000000000000000e+00 0.000000000000000000e+00 0.000000000000000000e+00
-1.040729999999999933e+01 0.000000000000000000e+00 0.000000000000000000e+00 0.000000000000000000e+00
-1.039489999999999981e+01 0.000000000000000000e+00 0.000000000000000000e+00 0.000000000000000000e+00
-1.038240000000000052e+01 0.000000000000000000e+00 0.000000000000000000e+00 0.000000000000000000e+00
-1.036999999999999922e+01 0.000000000000000000e+00 0.000000000000000000e+00 0.000000000000000000e+00
-1.035749999999999993e+01 0.000000000000000000e+00 0.000000000000000000e+00 0.000000000000000000e+00
-1.034510000000000041e+01 0.000000000000000000e+00 0.000000000000000000e+00 0.000000000000000000e+00
-1.033269999999999911e+01 0.000000000000000000e+00 0.000000000000000000e+00 0.000000000000000000e+00
-1.032019999999999982e+01 0.000000000000000000e+00 0.000000000000000000e+00 0.000000000000000000e+00
-1.030780000000000030e+01 0.000000000000000000e+00 0.000000000000000000e+00 0.000000000000000000e+00
-1.029529999999999923e+01 0.000000000000000000e+00 0.000000000000000000e+00 0.000000000000000000e+00
-1.028289999999999971e+01 0.000000000000000000e+00 0.000000000000000000e+00 0.000000000000000000e+00
-1.027040000000000042e+01 0.000000000000000000e+00 0.000000000000000000e+00 0.000000000000000000e+00
-1.025799999999999912e+01 0.000000000000000000e+00 0.000000000000000000e+00 0.000000000000000000e+00
-1.024559999999999960e+01 0.000000000000000000e+00 0.000000000000000000e+00 0.000000000000000000e+00
-1.023310000000000031e+01 0.000000000000000000e+00 0.000000000000000000e+00 0.000000000000000000e+00
-1.022070000000000078e+01 0.000000000000000000e+00 0.000000000000000000e+00 0.000000000000000000e+00
-1.020819999999999972e+01 0.000000000000000000e+00 0.000000000000000000e+00 0.000000000000000000e+00
-1.019580000000000020e+01 0.000000000000000000e+00 0.000000000000000000e+00 0.000000000000000000e+00
-1.018340000000000067e+01 0.000000000000000000e+00 0.000000000000000000e+00 0.000000000000000000e+00
-1.017089999999999961e+01 0.000000000000000000e+00 0.000000000000000000e+00 0.000000000000000000e+00
-1.015850000000000009e+01 0.000000000000000000e+00 0.000000000000000000e+00 0.000000000000000000e+00
-1.014600000000000080e+01 0.000000000000000000e+00 0.000000000000000000e+00 0.000000000000000000e+00
-1.013359999999999950e+01 0.000000000000000000e+00 0.000000000000000000e+00 0.000000000000000000e+00
-1.012110000000000021e+01 0.000000000000000000e+00 0.000000000000000000e+00 0.000000000000000000e+00
-1.010870000000000068e+01 0.000000000000000000e+00 0.000000000000000000e+00 0.000000000000000000e+00
-1.009629999999999939e+01 0.000000000000000000e+00 0.000000000000000000e+00 0.000000000000000000e+00
-1.008380000000000010e+01 0.000000000000000000e+00 0.000000000000000000e+00 0.000000000000000000e+00
-1.007140000000000057e+01 0.000000000000000000e+00 0.000000000000000000e+00 0.000000000000000000e+00
-1.005889999999999951e+01 0.000000000000000000e+00 0.000000000000000000e+00 0.000000000000000000e+00
-1.004649999999999999e+01 0.000000000000000000e+00 0.000000000000000000e+00 0.000000000000000000e+00
-1.003410000000000046e+01 0.000000000000000000e+00 0.000000000000000000e+00 0.000000000000000000e+00
-1.002159999999999940e+01 0.000000000000000000e+00 0.000000000000000000e+00 0.000000000000000000e+00
-1.000919999999999987e+01 0.000000000000000000e+00 0.000000000000000000e+00 0.000000000000000000e+00
-9.996700000000000585e+00 0.000000000000000000e+00 0.000000000000000000e+00 0.000000000000000000e+00
-9.984299999999999287e+00 0.000000000000000000e+00 0.000000000000000000e+00 0.000000000000000000e+00
-9.971799999999999997e+00 0.000000000000000000e+00 0.000000000000000000e+00 0.000000000000000000e+00
-9.959400000000000475e+00 0.000000000000000000e+00 0.000000000000000000e+00 0.000000000000000000e+00
-9.946999999999999176e+00 0.000000000000000000e+00 0.000000000000000000e+00 0.000000000000000000e+00
-9.934499999999999886e+00 0.000000000000000000e+00 0.000000000000000000e+00 0.000000000000000000e+00
-9.922100000000000364e+00 0.000000000000000000e+00 0.000000000000000000e+00 0.000000000000000000e+00
-9.909599999999999298e+00 0.000000000000000000e+00 0.000000000000000000e+00 0.000000000000000000e+00
-9.897199999999999775e+00 0.000000000000000000e+00 0.000000000000000000e+00 0.000000000000000000e+00
-9.884800000000000253e+00 0.000000000000000000e+00 0.000000000000000000e+00 0.000000000000000000e+00
-9.872299999999999187e+00 0.000000000000000000e+00 0.000000000000000000e+00 0.000000000000000000e+00
-9.859899999999999665e+00 0.000000000000000000e+00 0.000000000000000000e+00 0.000000000000000000e+00
-9.847400000000000375e+00 0.000000000000000000e+00 0.000000000000000000e+00 0.000000000000000000e+00
-9.834999999999999076e+00 0.000000000000000000e+00 0.000000000000000000e+00 0.000000000000000000e+00
-9.822499999999999787e+00 0.000000000000000000e+00 0.000000000000000000e+00 0.000000000000000000e+00
-9.810100000000000264e+00 0.000000000000000000e+00 0.000000000000000000e+00 0.000000000000000000e+00
-9.797700000000000742e+00 0.000000000000000000e+00 0.000000000000000000e+00 0.000000000000000000e+00
-9.785199999999999676e+00 0.000000000000000000e+00 0.000000000000000000e+00 0.000000000000000000e+00
-9.772800000000000153e+00 0.000000000000000000e+00 0.000000000000000000e+00 0.000000000000000000e+00
-9.760299999999999088e+00 0.000000000000000000e+00 0.000000000000000000e+00 0.000000000000000000e+00
-9.747899999999999565e+00 0.000000000000000000e+00 0.000000000000000000e+00 0.000000000000000000e+00
-9.735500000000000043e+00 0.000000000000000000e+00 0.000000000000000000e+00 0.000000000000000000e+00
-9.723000000000000753e+00 0.000000000000000000e+00 0.000000000000000000e+00 0.000000000000000000e+00
-9.710599999999999454e+00 0.000000000000000000e+00 0.000000000000000000e+00 0.000000000000000000e+00
-9.698100000000000165e+00 0.000000000000000000e+00 0.000000000000000000e+00 1.659076966380750213e-05
-9.685700000000000642e+00 1.076158032246973027e-08 6.456948193481838161e-08 2.559502078565953397e-04
-9.673199999999999577e+00 6.038375717398061887e-08 2.762099004641257917e-07 1.042356118339176924e-03
-9.660800000000000054e+00 2.214165235881605080e-07 8.669522447820575840e-07 3.193490776873839782e-03
-9.648400000000000531e+00 6.551434711713231273e-07 2.384324762454489948e-06 8.605953348796208449e-03
-9.635899999999999466e+00 1.725144022783386289e-06 6.039404844285638499e-06 2.146010430358901572e-02
-9.623499999999999943e+00 4.136027085279798460e-06 1.396285804420340186e-05 4.906843849409779634e-02
-9.611000000000000654e+00 9.212607478322035914e-06 3.018222286867506323e-05 1.050887660723496264e-01
-9.598599999999999355e+00 1.930406517119396582e-05 6.158580566933285778e-05 2.126615386091425530e-01
-9.586199999999999832e+00 3.830831110962867295e-05 1.191787836016055760e-04 4.082722197399284436e-01
-9.573699999999998766e+00 7.221508666650654402e-05 2.190970842666014749e-04 7.450640264743151331e-01
-9.561299999999999244e+00 1.295266332317592439e-04 3.833502442754164845e-04 1.294523129845476461e+00
-9.548799999999999955e+00 2.213609055117278914e-04 6.392285522283773242e-04 2.144033622220015811e+00
-9.536400000000000432e+00 3.608854640131609276e-04 1.016549904831372426e-03 3.387419224092282910e+00
-9.523900000000001143e+00 5.620868503010844784e-04 1.542674791950213696e-03 5.108485466894940430e+00
-9.511499999999999844e+00 8.374005526639362882e-04 2.235132555282313971e-03 7.357253430047533627e+00
-9.499100000000000321e+00 1.195215535670560332e-03 3.093024830216188539e-03 1.012337535298510360e+01
-9.486599999999999255e+00 1.637763095190231978e-03 4.089197089022886429e-03 1.331351762716998088e+01
-9.474199999999999733e+00 2.159946201977817545e-03 5.165884180525943080e-03 1.674036155572839490e+01
-9.461700000000000443e+00 2.750136315336681927e-03 6.236429673340378177e-03 2.013272697012848411e+01
-9.449300000000000921e+00 3.393702230918308957e-03 7.194654469943078355e-03 2.317441701844650481e+01
-9.436799999999999855e+00 4.076646284901369599e-03 7.930988895346161721e-03 2.555087659327315208e+01
-9.424400000000000333e+00 4.790459581750483239e-03 8.352729286952673138e-03 2.702680155770093862e+01
-9.411999999999999034e+00 5.533884984007631652e-03 8.403220946550746945e-03 2.750406612452187005e+01
-9.399499999999999744e+00 6.311265677419218741e-03 8.074804818370012044e-03 2.705927375584811045e+01
-9.387100000000000222e+00 7.126806878099398168e-03 7.411502102493912163e-03 2.594462949810584718e+01
-9.374600000000000932e+00 7.976488102192305293e-03 6.500293967270752080e-03 2.454646838426494782e+01
-9.362199999999999633e+00 8.840548633140004123e-03 5.453345020888944288e-03 2.330846289266054328e+01
-9.349800000000000111e+00 9.680487575587124610e-03 4.386088590855201363e-03 2.263576706018584161e+01
-9.337299999999999045e+00 1.044305156826000856e-02 3.397054110694543421e-03 2.280156048405768843e+01
-9.324899999999999523e+00 1.107131214116426413e-02 2.554314004239676555e-03 2.387759187243660364e+01
-9.312400000000000233e+00 1.151984386378049514e-02 1.890797254759243699e-03 2.570588289680774352e+01
-9.300000000000000711e+00 1.176885398350781438e-02 1.407840350023917232e-03 2.792090229251119737e+01
-9.287499999999999645e+00 1.183201198028258766e-02 1.084255535062742274e-03 3.002114896561146651e+01
-9.275100000000000122e+00 1.175481462011392433e-02 8.871954479833794698e-04 3.147713781000149069e+01
-9.262699999999998823e+00 1.160391429264190713e-02 7.818976537718236091e-04 3.185178916405705962e+01
-9.250199999999999534e+00 1.145110665869123433e-02 7.381988019054110204e-04 3.090165555107256168e+01
-9.237800000000000011e+00 1.135744838274527560e-02 7.336369111011807956e-04 2.863068921784175558e+01
-9.225300000000000722e+00 1.136234449601106894e-02 7.537088226097199938e-04 2.528029023007925957e+01
-9.212900000000001199e+00 1.148011130359155411e-02 7.904827123010608114e-04 2.126039340172449954e+01
-9.200499999999999901e+00 1.170348825126374046e-02 8.401677305189200490e-04 1.704354806206956852e+01
-9.187999999999998835e+00 1.201150518206491047e-02 9.012806950722002802e-04 1.305891647350194695e+01
-9.175599999999999312e+00 1.237831094463314949e-02 9.731644721786231276e-04 9.615132697777765358e+00
-9.163100000000000023e+00 1.278022292468035566e-02 1.055284189860198826e-03 6.868899787497841913e+00
-9.150700000000000500e+00 1.319969792969604566e-02 1.146791938695492950e-03 4.837104662930507004e+00
-9.138200000000001211e+00 1.362625820486094985e-02 1.246699696358753631e-03 3.437562696518934313e+00
-9.125799999999999912e+00 1.405542160627454816e-02 1.354248022762424061e-03 2.538624499166357129e+00
-9.113399999999998613e+00 1.448666926767960307e-02 1.469017123113048598e-03 2.000604209304328140e+00
-9.100899999999999324e+00 1.492169908189877603e-02 1.591177829225666907e-03 1.702470983309327002e+00
-9.088499999999999801e+00 1.536282690505126614e-02 1.721587444383370280e-03 1.552721181884836543e+00
-9.076000000000000512e+00 1.581216758032216382e-02 1.861843946239333161e-03 1.489212115632209121e+00
-9.063600000000000989e+00 1.627154267169135873e-02 2.014268941961920838e-03 1.473854348201954823e+00
-9.051199999999999690e+00 1.674246490243493785e-02 2.181756634255186105e-03 1.485002653827058872e+00
-9.038699999999998624e+00 1.722601310399307639e-02 2.367545517111649487e-03 1.509619512976794420e+00
-9.026299999999999102e+00 1.772371097758771580e-02 2.575090346250179935e-03 1.545749187678533865e+00
-9.013799999999999812e+00 1.823693385861962016e-02 2.807738981508108023e-03 1.588788274611852680e+00
-9.001400000000000290e+00 1.876762097217435712e-02 3.068668231749949182e-03 1.637592064609867837e+00
-8.988900000000001000e+00 1.931823178067325342e-02 3.360767467631860933e-03 1.692607480064856285e+00
-8.976499999999999702e+00 1.989171773320037168e-02 3.686541789424121335e-03 1.754516255780887324e+00
-8.964100000000000179e+00 2.049146697801312866e-02 4.048250694718986964e-03 1.824112456701157736e+00
-8.951599999999999113e+00 2.112080743394468066e-02 4.447889957743538999e-03 1.902193987305293543e+00
-8.939199999999999591e+00 2.178183384301650080e-02 4.887111858589903574e-03 1.989397010710864944e+00
-8.926700000000000301e+00 2.247370346538264674e-02 5.367045943614734936e-03 2.086004546527938874e+00
-8.914300000000000779e+00 2.319056306315565516e-02 5.887964558340959276e-03 2.191742284005163466e+00
-8.901900000000001256e+00 2.391968967108633326e-02 6.449054616477268610e-03 2.305617044053349218e+00
-8.889400000000000190e+00 2.464042302416349917e-02 7.048332291549613479e-03 2.425849599890545605e+00
-8.876999999999998892e+00 2.532447299238941088e-02 7.682800722327935358e-03 2.549948807261560368e+00
-8.864499999999999602e+00 2.593781276725888943e-02 8.348987413234636168e-03 2.674946148327456363e+00
-8.852100000000000080e+00 2.644381157578899744e-02 9.043430067628050600e-03 2.797721985206255368e+00
-8.839600000000000790e+00 2.680698060954794446e-02 9.762506115815618168e-03 2.915274398213691942e+00
-8.827200000000001268e+00 2.699682975649692757e-02 1.050341047743365286e-02 3.025144704678067065e+00
-8.814799999999999969e+00 2.699104546873462573e-02 1.126531486704175980e-02 3.125828148656703220e+00
-8.802299999999998903e+00 2.677674003236926725e-02 1.204604956798382628e-02 3.216371881972400537e+00
-8.789899999999999380e+00 2.635200610232055901e-02 1.284713323843259328e-02 3.297183222178363682e+00
-8.777400000000000091e+00 2.572472155453073284e-02 1.367130875737282078e-02 3.369560874513550797e+00
-8.765000000000000568e+00 2.491062279420926118e-02 1.452235195605488388e-02 3.435499839199017469e+00
-8.752499999999999503e+00 2.393005274965480378e-02 1.540235742920839992e-02 3.497060145682401533e+00
-8.740099999999999980e+00 2.280403380763262530e-02 1.630670967349258718e-02 3.555370560245852296e+00
-8.727699999999998681e+00 2.155067840160821216e-02 1.721713577169743659e-02 3.609389280172556891e+00
-8.715199999999999392e+00 2.018304362099072186e-02 1.809454937280065290e-02 3.654718030080864377e+00
-8.702799999999999869e+00 1.870933282540647100e-02 1.887435224038534753e-02 3.682894948776796795e+00
-8.690300000000000580e+00 1.713564640654864982e-02 1.946717146697873185e-02 3.681605331471142328e+00
-8.677900000000001057e+00 1.547061508100406289e-02 1.976738020423816564e-02 3.636102929530449224e+00
-8.665499999999999758e+00 1.373048480196332674e-02 1.966966297003923392e-02 3.531829127284733527e+00
-8.652999999999998693e+00 1.194294958202994639e-02 1.909123127193955091e-02 3.357813280697970360e+00
-8.640599999999999170e+00 1.014826086582412863e-02 1.799457452301085961e-02 3.110059891130927401e+00
-8.628099999999999881e+00 8.396825842335586820e-03 1.640397646707215940e-02 2.793912237681620780e+00
-8.615700000000000358e+00 6.743617227354252106e-03 1.440980143172012132e-02 2.424518937100814675e+00
-8.603200000000001069e+00 5.240642124818322561e-03 1.215752785219945988e-02 2.024994321013170673e+00
-8.590799999999999770e+00 3.929263614882201258e-03 9.823244674357009543e-03 1.622569612097720659e+00
-8.578400000000000247e+00 2.834461963034065179e-03 7.582024820313424535e-03 1.243746253721086603e+00
-8.565899999999999181e+00 1.962239276714434523e-03 5.577966056750205404e-03 9.097824988778961952e-01
-8.553499999999999659e+00 1.300525829075875085e-03 3.903809230805810500e-03 6.337064160048816452e-01
-8.541000000000000369e+00 8.234099367659248030e-04 2.594740406678801639e-03 4.195418809876586552e-01
-8.528600000000000847e+00 4.970046850107143850e-04 1.635527093106025611e-03 2.635719414199129140e-01
-8.516199999999999548e+00 2.854480653604852484e-04 9.763904707724491757e-04 1.569092593490810927e-01
-8.503700000000000259e+00 1.557155728171443127e-04 5.514391076732290875e-04 8.840571497732675754e-02
-8.491299999999998960e+00 8.052514716605667692e-05 2.943078749482683503e-04 4.708400742274453793e-02
-8.478799999999999670e+00 3.938158780076133334e-05 1.482540432396325849e-04 2.367281690794720977e-02
-8.466400000000000148e+00 1.814754506987429407e-05 7.036405196638434022e-05 1.121466028299354656e-02
-8.453900000000000858e+00 7.817131665989837690e-06 3.131771862821730232e-05 4.982071305923387559e-03
-8.441499999999999559e+00 3.095035749219406088e-06 1.288378648446796018e-05 2.046012501459877793e-03
-8.429100000000000037e+00 1.117388787180488926e-06 4.906578239265319628e-06 7.767117364910261761e-04
-8.416599999999998971e+00 3.551321506415011915e-07 1.689568110627747798e-06 2.664495543974689418e-04
-8.404199999999999449e+00 0.000000000000000000e+00 0.000000000000000000e+00 0.000000000000000000e+00
-8.391700000000000159e+00 0.000000000000000000e+00 0.000000000000000000e+00 0.000000000000000000e+00
-8.379300000000000637e+00 0.000000000000000000e+00 0.000000000000000000e+00 0.000000000000000000e+00
-8.366900000000001114e+00 0.000000000000000000e+00 0.000000000000000000e+00 0.000000000000000000e+00
-8.354400000000000048e+00 0.000000000000000000e+00 0.000000000000000000e+00 0.000000000000000000e+00
-8.341999999999998749e+00 0.000000000000000000e+00 0.000000000000000000e+00 0.000000000000000000e+00
-8.329499999999999460e+00 0.000000000000000000e+00 0.000000000000000000e+00 0.000000000000000000e+00
-8.317099999999999937e+00 0.000000000000000000e+00 0.000000000000000000e+00 0.000000000000000000e+00
-8.304600000000000648e+00 0.000000000000000000e+00 0.000000000000000000e+00 0.000000000000000000e+00
-8.292200000000001125e+00 0.000000000000000000e+00 0.000000000000000000e+00 0.000000000000000000e+00
-8.279799999999999827e+00 0.000000000000000000e+00 0.000000000000000000e+00 0.000000000000000000e+00
-8.267299999999998761e+00 0.000000000000000000e+00 0.000000000000000000e+00 0.000000000000000000e+00
-8.254899999999999238e+00 0.000000000000000000e+00 0.000000000000000000e+00 0.000000000000000000e+00
-8.242399999999999949e+00 0.000000000000000000e+00 0.000000000000000000e+00 0.000000000000000000e+00
-8.230000000000000426e+00 0.000000000000000000e+00 0.000000000000000000e+00 0.000000000000000000e+00
-8.217600000000000904e+00 0.000000000000000000e+00 0.000000000000000000e+00 0.000000000000000000e+00
-8.205099999999999838e+00 0.000000000000000000e+00 0.000000000000000000e+00 0.000000000000000000e+00
-8.192700000000000315e+00 0.000000000000000000e+00 0.000000000000000000e+00 0.000000000000000000e+00
-8.180199999999999250e+00 0.000000000000000000e+00 0.000000000000000000e+00 0.000000000000000000e+00
-8.167799999999999727e+00 0.000000000000000000e+00 0.000000000000000000e+00 0.000000000000000000e+00
-8.155300000000000438e+00 0.000000000000000000e+00 0.000000000000000000e+00 0.000000000000000000e+00
-8.142900000000000915e+00 0.000000000000000000e+00 0.000000000000000000e+00 0.000000000000000000e+00
-8.130499999999999616e+00 0.000000000000000000e+00 0.000000000000000000e+00 0.000000000000000000e+00
-8.118000000000000327e+00 0.000000000000000000e+00 0.000000000000000000e+00 0.000000000000000000e+00
-8.105599999999999028e+00 0.000000000000000000e+00 0.000000000000000000e+00 0.000000000000000000e+00
-8.093099999999999739e+00 0.000000000000000000e+00 0.000000000000000000e+00 0.000000000000000000e+00
-8.080700000000000216e+00 0.000000000000000000e+00 0.000000000000000000e+00 0.000000000000000000e+00
-8.068200000000000927e+00 0.000000000000000000e+00 0.000000000000000000e+00 0.000000000000000000e+00
-8.055799999999999628e+00 0.000000000000000000e+00 0.000000000000000000e+00 0.000000000000000000e+00
-8.043400000000000105e+00 0.000000000000000000e+00 0.000000000000000000e+00 0.000000000000000000e+00
-8.030899999999999039e+00 0.000000000000000000e+00 0.000000000000000000e+00 0.000000000000000000e+00
-8.018499999999999517e+00 0.000000000000000000e+00 0.000000000000000000e+00 0.000000000000000000e+00
-8.006000000000000227e+00 0.000000000000000000e+00 0.000000000000000000e+00 0.000000000000000000e+00
-7.993599999999999817e+00 0.000000000000000000e+00 0.000000000000000000e+00 0.000000000000000000e+00
-7.981200000000000294e+00 0.000000000000000000e+00 0.000000000000000000e+00 0.000000000000000000e+00
-7.968700000000000117e+00 0.000000000000000000e+00 0.000000000000000000e+00 0.000000000000000000e+00
-7.956299999999999706e+00 0.000000000000000000e+00 0.000000000000000000e+00 0.000000000000000000e+00
-7.943799999999999528e+00 0.000000000000000000e+00 0.000000000000000000e+00 0.000000000000000000e+00
-7.931400000000000006e+00 0.000000000000000000e+00 0.000000000000000000e+00 0.000000000000000000e+00
-7.918899999999999828e+00 0.000000000000000000e+00 0.000000000000000000e+00 0.000000000000000000e+00
-7.906500000000000306e+00 0.000000000000000000e+00 0.000000000000000000e+00 0.000000000000000000e+00
-7.894099999999999895e+00 0.000000000000000000e+00 0.000000000000000000e+00 0.000000000000000000e+00
-7.881599999999999717e+00 0.000000000000000000e+00 0.000000000000000000e+00 0.000000000000000000e+00
-7.869200000000000195e+00 0.000000000000000000e+00 0.000000000000000000e+00 0.000000000000000000e+00
-7.856700000000000017e+00 0.000000000000000000e+00 0.000000000000000000e+00 0.000000000000000000e+00
-7.844299999999999606e+00 0.000000000000000000e+00 0.000000000000000000e+00 0.000000000000000000e+00
-7.831900000000000084e+00 0.000000000000000000e+00 0.000000000000000000e+00 0.000000000000000000e+00
-7.819399999999999906e+00 0.000000000000000000e+00 0.000000000000000000e+00 0.000000000000000000e+00
-7.807000000000000384e+00 0.000000000000000000e+00 0.000000000000000000e+00 0.000000000000000000e+00
-7.794500000000000206e+00 0.000000000000000000e+00 0.000000000000000000e+00 0.000000000000000000e+00
-7.782099999999999795e+00 0.000000000000000000e+00 0.000000000000000000e+00 0.000000000000000000e+00
-7.769599999999999618e+00 0.000000000000000000e+00 0.000000000000000000e+00 0.000000000000000000e+00
-7.757200000000000095e+00 0.000000000000000000e+00 0.000000000000000000e+00 0.000000000000000000e+00
-7.744799999999999685e+00 0.000000000000000000e+00 0.000000000000000000e+00 0.000000000000000000e+00
-7.732299999999999507e+00 0.000000000000000000e+00 0.000000000000000000e+00 0.000000000000000000e+00
-7.719899999999999984e+00 0.000000000000000000e+00 0.000000000000000000e+00 0.000000000000000000e+00
-7.707399999999999807e+00 0.000000000000000000e+00 0.000000000000000000e+00 0.000000000000000000e+00
-7.695000000000000284e+00 0.000000000000000000e+00 0.000000000000000000e+00 0.000000000000000000e+00
-7.682599999999999874e+00 0.000000000000000000e+00 0.000000000000000000e+00 0.000000000000000000e+00
-7.670099999999999696e+00 0.000000000000000000e+00 0.000000000000000000e+00 0.000000000000000000e+00
-7.657700000000000173e+00 0.000000000000000000e+00 0.000000000000000000e+00 0.000000000000000000e+00
-7.645199999999999996e+00 0.000000000000000000e+00 0.000000000000000000e+00 0.000000000000000000e+00
-7.632799999999999585e+00 0.000000000000000000e+00 0.000000000000000000e+00 0.000000000000000000e+00
-7.620300000000000296e+00 0.000000000000000000e+00 0.000000000000000000e+00 0.000000000000000000e+00
-7.607899999999999885e+00 0.000000000000000000e+00 0.000000000000000000e+00 0.000000000000000000e+00
-7.595500000000000362e+00 0.000000000000000000e+00 0.000000000000000000e+00 0.000000000000000000e+00
-7.583000000000000185e+00 0.000000000000000000e+00 0.000000000000000000e+00 0.000000000000000000e+00
-7.570599999999999774e+00 0.000000000000000000e+00 0.000000000000000000e+00 0.000000000000000000e+00
-7.558099999999999596e+00 0.000000000000000000e+00 0.000000000000000000e+00 0.000000000000000000e+00
-7.545700000000000074e+00 0.000000000000000000e+00 0.000000000000000000e+00 0.000000000000000000e+00
-7.533299999999999663e+00 0.000000000000000000e+00 0.000000000000000000e+00 0.000000000000000000e+00
-7.520800000000000374e+00 0.000000000000000000e+00 0.000000000000000000e+00 0.000000000000000000e+00
-7.508399999999999963e+00 0.000000000000000000e+00 0.000000000000000000e+00 0.000000000000000000e+00
-7.495899999999999785e+00 0.000000000000000000e+00 0.000000000000000000e+00 0.000000000000000000e+00
-7.483500000000000263e+00 0.000000000000000000e+00 0.000000000000000000e+00 0.000000000000000000e+00
-7.471000000000000085e+00 0.000000000000000000e+00 0.000000000000000000e+00 0.000000000000000000e+00
-7.458599999999999675e+00 0.000000000000000000e+00 0.000000000000000000e+00 0.000000000000000000e+00
-7.446200000000000152e+00 0.000000000000000000e+00 0.000000000000000000e+00 0.000000000000000000e+00
-7.433699999999999974e+00 0.000000000000000000e+00 0.000000000000000000e+00 0.000000000000000000e+00
-7.421299999999999564e+00 0.000000000000000000e+00 0.000000000000000000e+00 0.000000000000000000e+00
-7.408800000000000274e+00 0.000000000000000000e+00 0.000000000000000000e+00 0.000000000000000000e+00
-7.396399999999999864e+00 0.000000000000000000e+00 0.000000000000000000e+00 0.000000000000000000e+00
-7.383899999999999686e+00 0.000000000000000000e+00 0.000000000000000000e+00 0.000000000000000000e+00
-7.371500000000000163e+00 0.000000000000000000e+00 0.000000000000000000e+00 0.000000000000000000e+00
-7.359099999999999753e+00 0.000000000000000000e+00 0.000000000000000000e+00 0.000000000000000000e+00
-7.346599999999999575e+00 0.000000000000000000e+00 0.000000000000000000e+00 0.000000000000000000e+00
-7.334200000000000053e+00 0.000000000000000000e+00 0.000000000000000000e+00 0.000000000000000000e+00
-7.321699999999999875e+00 0.000000000000000000e+00 0.000000000000000000e+00 0.000000000000000000e+00
-7.309300000000000352e+00 0.000000000000000000e+00 0.000000000000000000e+00 0.000000000000000000e+00
-7.296899999999999942e+00 0.000000000000000000e+00 0.000000000000000000e+00 0.000000000000000000e+00
-7.284399999999999764e+00 0.000000000000000000e+00 0.000000000000000000e+00 0.000000000000000000e+00
-7.272000000000000242e+00 0.000000000000000000e+00 0.000000000000000000e+00 0.000000000000000000e+00
-7.259500000000000064e+00 0.000000000000000000e+00 0.000000000000000000e+00 0.000000000000000000e+00
-7.247099999999999653e+00 0.000000000000000000e+00 0.000000000000000000e+00 0.000000000000000000e+00
-7.234600000000000364e+00 0.000000000000000000e+00 0.000000000000000000e+00 0.000000000000000000e+00
-7.222199999999999953e+00 0.000000000000000000e+00 0.000000000000000000e+00 0.000000000000000000e+00
-7.209799999999999542e+00 0.000000000000000000e+00 0.000000000000000000e+00 0.000000000000000000e+00
-7.197300000000000253e+00 0.000000000000000000e+00 0.000000000000000000e+00 0.000000000000000000e+00
-7.184899999999999842e+00 0.000000000000000000e+00 0.000000000000000000e+00 0.000000000000000000e+00
-7.172399999999999665e+00 0.000000000000000000e+00 0.000000000000000000e+00 0.000000000000000000e+00
-7.160000000000000142e+00 0.000000000000000000e+00 0.000000000000000000e+00 0.000000000000000000e+00
-7.147599999999999731e+00 0.000000000000000000e+00 0.000000000000000000e+00 0.000000000000000000e+00
-7.135099999999999554e+00 0.000000000000000000e+00 0.000000000000000000e+00 0.000000000000000000e+00
-7.122700000000000031e+00 0.000000000000000000e+00 0.000000000000000000e+00 0.000000000000000000e+00
-7.110199999999999854e+00 0.000000000000000000e+00 0.000000000000000000e+00 0.000000000000000000e+00
-7.097800000000000331e+00 0.000000000000000000e+00 0.000000000000000000e+00 0.000000000000000000e+00
-7.085300000000000153e+00 0.000000000000000000e+00 0.000000000000000000e+00 0.000000000000000000e+00
-7.072899999999999743e+00 0.000000000000000000e+00 0.000000000000000000e+00 0.000000000000000000e+00
-7.060500000000000220e+00 0.000000000000000000e+00 0.000000000000000000e+00 0.000000000000000000e+00
-7.048000000000000043e+00 0.000000000000000000e+00 0.000000000000000000e+00 0.000000000000000000e+00
-7.035599999999999632e+00 0.000000000000000000e+00 0.000000000000000000e+00 0.000000000000000000e+00
-7.023100000000000342e+00 0.000000000000000000e+00 0.000000000000000000e+00 0.000000000000000000e+00
-7.010699999999999932e+00 0.000000000000000000e+00 0.000000000000000000e+00 0.000000000000000000e+00
-6.998299999999999521e+00 0.000000000000000000e+00 0.000000000000000000e+00 0.000000000000000000e+00
-6.985800000000000232e+00 0.000000000000000000e+00 0.000000000000000000e+00 0.000000000000000000e+00
-6.973399999999999821e+00 0.000000000000000000e+00 0.000000000000000000e+00 0.000000000000000000e+00
-6.960899999999999643e+00 0.000000000000000000e+00 0.000000000000000000e+00 0.000000000000000000e+00
-6.948500000000000121e+00 0.000000000000000000e+00 0.000000000000000000e+00 0.000000000000000000e+00
-6.935999999999999943e+00 0.000000000000000000e+00 0.000000000000000000e+00 0.000000000000000000e+00
-6.923599999999999532e+00 0.000000000000000000e+00 0.000000000000000000e+00 0.000000000000000000e+00
-6.911200000000000010e+00 0.000000000000000000e+00 0.000000000000000000e+00 0.000000000000000000e+00
-6.898699999999999832e+00 0.000000000000000000e+00 0.000000000000000000e+00 0.000000000000000000e+00
-6.886300000000000310e+00 0.000000000000000000e+00 0.000000000000000000e+00 0.000000000000000000e+00
-6.873800000000000132e+00 0.000000000000000000e+00 0.000000000000000000e+00 0.000000000000000000e+00
-6.861399999999999721e+00 0.000000000000000000e+00 0.000000000000000000e+00 0.000000000000000000e+00
-6.849000000000000199e+00 0.000000000000000000e+00 0.000000000000000000e+00 0.000000000000000000e+00
-6.836500000000000021e+00 0.000000000000000000e+00 0.000000000000000000e+00 0.000000000000000000e+00
-6.824099999999999611e+00 0.000000000000000000e+00 0.000000000000000000e+00 0.000000000000000000e+00
-6.811600000000000321e+00 0.000000000000000000e+00 0.000000000000000000e+00 0.000000000000000000e+00
-6.799199999999999910e+00 0.000000000000000000e+00 0.000000000000000000e+00 0.000000000000000000e+00
-6.786699999999999733e+00 0.000000000000000000e+00 0.000000000000000000e+00 0.000000000000000000e+00
-6.774300000000000210e+00 0.000000000000000000e+00 0.000000000000000000e+00 0.000000000000000000e+00
-6.761899999999999800e+00 0.000000000000000000e+00 0.000000000000000000e+00 0.000000000000000000e+00
-6.749399999999999622e+00 0.000000000000000000e+00 0.000000000000000000e+00 0.000000000000000000e+00
-6.737000000000000099e+00 0.000000000000000000e+00 0.000000000000000000e+00 0.000000000000000000e+00
-6.724499999999999922e+00 0.000000000000000000e+00 0.000000000000000000e+00 0.000000000000000000e+00
-6.712099999999999511e+00 0.000000000000000000e+00 0.000000000000000000e+00 0.000000000000000000e+00
-6.699600000000000222e+00 0.000000000000000000e+00 0.000000000000000000e+00 0.000000000000000000e+00
-6.687199999999999811e+00 0.000000000000000000e+00 0.000000000000000000e+00 0.000000000000000000e+00
-6.674800000000000288e+00 0.000000000000000000e+00 0.000000000000000000e+00 0.000000000000000000e+00
-6.662300000000000111e+00 0.000000000000000000e+00 0.000000000000000000e+00 0.000000000000000000e+00
-6.649899999999999700e+00 0.000000000000000000e+00 0.000000000000000000e+00 0.000000000000000000e+00
-6.637399999999999523e+00 0.000000000000000000e+00 0.000000000000000000e+00 0.000000000000000000e+00
-6.625000000000000000e+00 0.000000000000000000e+00 0.000000000000000000e+00 0.000000000000000000e+00
-6.612599999999999589e+00 0.000000000000000000e+00 0.000000000000000000e+00 0.000000000000000000e+00
-6.600100000000000300e+00 0.000000000000000000e+00 0.000000000000000000e+00 0.000000000000000000e+00
-6.587699999999999889e+00 0.000000000000000000e+00 0.000000000000000000e+00 0.000000000000000000e+00
-6.575199999999999712e+00 0.000000000000000000e+00 0.000000000000000000e+00 0.000000000000000000e+00
-6.562800000000000189e+00 0.000000000000000000e+00 0.000000000000000000e+00 0.000000000000000000e+00
-6.550300000000000011e+00 0.000000000000000000e+00 0.000000000000000000e+00 0.000000000000000000e+00
-6.537899999999999601e+00 0.000000000000000000e+00 0.000000000000000000e+00 0.000000000000000000e+00
-6.525500000000000078e+00 0.000000000000000000e+00 0.000000000000000000e+00 0.000000000000000000e+00
-6.512999999999999901e+00 0.000000000000000000e+00 0.000000000000000000e+00 0.000000000000000000e+00
-6.500600000000000378e+00 0.000000000000000000e+00 0.000000000000000000e+00 0.000000000000000000e+00
-6.488100000000000200e+00 0.000000000000000000e+00 0.000000000000000000e+00 0.000000000000000000e+00
-6.475699999999999790e+00 0.000000000000000000e+00 0.000000000000000000e+00 0.000000000000000000e+00
-6.463300000000000267e+00 0.000000000000000000e+00 0.000000000000000000e+00 0.000000000000000000e+00
-6.450800000000000090e+00 0.000000000000000000e+00 0.000000000000000000e+00 0.000000000000000000e+00
-6.438399999999999679e+00 0.000000000000000000e+00 0.000000000000000000e+00 0.000000000000000000e+00
-6.425899999999999501e+00 0.000000000000000000e+00 0.000000000000000000e+00 0.000000000000000000e+00
-6.413499999999999979e+00 0.000000000000000000e+00 0.000000000000000000e+00 0.000000000000000000e+00
-6.400999999999999801e+00 0.000000000000000000e+00 0.000000000000000000e+00 0.000000000000000000e+00
-6.388600000000000279e+00 0.000000000000000000e+00 0.000000000000000000e+00 0.000000000000000000e+00
-6.376199999999999868e+00 0.000000000000000000e+00 0.000000000000000000e+00 0.000000000000000000e+00
-6.363699999999999690e+00 0.000000000000000000e+00 0.000000000000000000e+00 0.000000000000000000e+00
-6.351300000000000168e+00 0.000000000000000000e+00 0.000000000000000000e+00 0.000000000000000000e+00
-6.338799999999999990e+00 0.000000000000000000e+00 0.000000000000000000e+00 0.000000000000000000e+00
-6.326399999999999579e+00 0.000000000000000000e+00 0.000000000000000000e+00 0.000000000000000000e+00
-6.314000000000000057e+00 0.000000000000000000e+00 0.000000000000000000e+00 0.000000000000000000e+00
-6.301499999999999879e+00 0.000000000000000000e+00 0.000000000000000000e+00 0.000000000000000000e+00
-6.289100000000000357e+00 0.000000000000000000e+00 0.000000000000000000e+00 0.000000000000000000e+00
-6.276600000000000179e+00 0.000000000000000000e+00 0.000000000000000000e+00 0.000000000000000000e+00
-6.264199999999999768e+00 0.000000000000000000e+00 0.000000000000000000e+00 0.000000000000000000e+00
-6.251699999999999591e+00 0.000000000000000000e+00 0.000000000000000000e+00 0.000000000000000000e+00
-6.239300000000000068e+00 0.000000000000000000e+00 0.000000000000000000e+00 0.000000000000000000e+00
-6.226899999999999658e+00 0.000000000000000000e+00 0.000000000000000000e+00 0.000000000000000000e+00
-6.214400000000000368e+00 0.000000000000000000e+00 0.000000000000000000e+00 0.000000000000000000e+00
-6.201999999999999957e+00 0.000000000000000000e+00 0.000000000000000000e+00 0.000000000000000000e+00
-6.189499999999999780e+00 0.000000000000000000e+00 0.000000000000000000e+00 0.000000000000000000e+00
-6.177100000000000257e+00 0.000000000000000000e+00 0.000000000000000000e+00 0.000000000000000000e+00
-6.164699999999999847e+00 0.000000000000000000e+00 0.000000000000000000e+00 0.000000000000000000e+00
-6.152199999999999669e+00 0.000000000000000000e+00 0.000000000000000000e+00 0.000000000000000000e+00
-6.139800000000000146e+00 0.000000000000000000e+00 0.000000000000000000e+00 0.000000000000000000e+00
-6.127299999999999969e+00 0.000000000000000000e+00 0.000000000000000000e+00 0.000000000000000000e+00
-6.114899999999999558e+00 0.000000000000000000e+00 0.000000000000000000e+00 0.000000000000000000e+00
-6.102400000000000269e+00 0.000000000000000000e+00 0.000000000000000000e+00 0.000000000000000000e+00
-6.089999999999999858e+00 0.000000000000000000e+00 0.000000000000000000e+00 0.000000000000000000e+00
-6.077600000000000335e+00 0.000000000000000000e+00 0.000000000000000000e+00 0.000000000000000000e+00
-6.065100000000000158e+00 0.000000000000000000e+00 0.000000000000000000e+00 0.000000000000000000e+00
-6.052699999999999747e+00 0.000000000000000000e+00 0.000000000000000000e+00 0.000000000000000000e+00
-6.040199999999999569e+00 0.000000000000000000e+00 0.000000000000000000e+00 0.000000000000000000e+00
-6.027800000000000047e+00 0.000000000000000000e+00 0.000000000000000000e+00 0.000000000000000000e+00
-6.015299999999999869e+00 0.000000000000000000e+00 0.000000000000000000e+00 0.000000000000000000e+00
-6.002900000000000347e+00 0.000000000000000000e+00 0.000000000000000000e+00 0.000000000000000000e+00
-5.990499999999999936e+00 0.000000000000000000e+00 0.000000000000000000e+00 0.000000000000000000e+00
-5.977999999999999758e+00 0.000000000000000000e+00 0.000000000000000000e+00 0.000000000000000000e+00
-5.965600000000000236e+00 0.000000000000000000e+00 0.000000000000000000e+00 0.000000000000000000e+00
-5.953100000000000058e+00 0.000000000000000000e+00 0.000000000000000000e+00 0.000000000000000000e+00
-5.940699999999999648e+00 0.000000000000000000e+00 0.000000000000000000e+00 0.000000000000000000e+00
-5.928300000000000125e+00 0.000000000000000000e+00 0.000000000000000000e+00 0.000000000000000000e+00
-5.915799999999999947e+00 0.000000000000000000e+00 0.000000000000000000e+00 0.000000000000000000e+00
-5.903399999999999537e+00 0.000000000000000000e+00 0.000000000000000000e+00 0.000000000000000000e+00
-5.890900000000000247e+00 0.000000000000000000e+00 0.000000000000000000e+00 0.000000000000000000e+00
-5.878499999999999837e+00 0.000000000000000000e+00 0.000000000000000000e+00 0.000000000000000000e+00
-5.865999999999999659e+00 0.000000000000000000e+00 0.000000000000000000e+00 0.000000000000000000e+00
-5.853600000000000136e+00 0.000000000000000000e+00 0.000000000000000000e+00 0.000000000000000000e+00
-5.841199999999999726e+00 0.000000000000000000e+00 0.000000000000000000e+00 0.000000000000000000e+00
-5.828699999999999548e+00 0.000000000000000000e+00 0.000000000000000000e+00 0.000000000000000000e+00
-5.816300000000000026e+00 0.000000000000000000e+00 0.000000000000000000e+00 0.000000000000000000e+00
-5.803799999999999848e+00 0.000000000000000000e+00 0.000000000000000000e+00 0.000000000000000000e+00
-5.791400000000000325e+00 0.000000000000000000e+00 0.000000000000000000e+00 0.000000000000000000e+00
-5.778999999999999915e+00 0.000000000000000000e+00 0.000000000000000000e+00 0.000000000000000000e+00
-5.766499999999999737e+00 0.000000000000000000e+00 0.000000000000000000e+00 0.000000000000000000e+00
-5.754100000000000215e+00 0.000000000000000000e+00 0.000000000000000000e+00 0.000000000000000000e+00
-5.741600000000000037e+00 0.000000000000000000e+00 0.000000000000000000e+00 0.000000000000000000e+00
-5.729199999999999626e+00 0.000000000000000000e+00 0.000000000000000000e+00 0.000000000000000000e+00
-5.716700000000000337e+00 0.000000000000000000e+00 0.000000000000000000e+00 0.000000000000000000e+00
-5.704299999999999926e+00 0.000000000000000000e+00 0.000000000000000000e+00 0.000000000000000000e+00
-5.691899999999999515e+00 0.000000000000000000e+00 0.000000000000000000e+00 0.000000000000000000e+00
-5.679400000000000226e+00 0.000000000000000000e+00 0.000000000000000000e+00 0.000000000000000000e+00
-5.666999999999999815e+00 0.000000000000000000e+00 0.000000000000000000e+00 0.000000000000000000e+00
-5.654499999999999638e+00 0.000000000000000000e+00 0.000000000000000000e+00 0.000000000000000000e+00
-5.642100000000000115e+00 0.000000000000000000e+00 0.000000000000000000e+00 0.000000000000000000e+00
-5.629699999999999704e+00 0.000000000000000000e+00 0.000000000000000000e+00 0.000000000000000000e+00
-5.617199999999999527e+00 0.000000000000000000e+00 0.000000000000000000e+00 0.000000000000000000e+00
-5.604800000000000004e+00 0.000000000000000000e+00 0.000000000000000000e+00 0.000000000000000000e+00
-5.592299999999999827e+00 0.000000000000000000e+00 0.000000000000000000e+00 0.000000000000000000e+00
-5.579900000000000304e+00 0.000000000000000000e+00 0.000000000000000000e+00 0.000000000000000000e+00
-5.567400000000000126e+00 0.000000000000000000e+00 0.000000000000000000e+00 0.000000000000000000e+00
-5.554999999999999716e+00 0.000000000000000000e+00 0.000000000000000000e+00 0.000000000000000000e+00
-5.542600000000000193e+00 0.000000000000000000e+00 0.000000000000000000e+00 0.000000000000000000e+00
-5.530100000000000016e+00 0.000000000000000000e+00 0.000000000000000000e+00 0.000000000000000000e+00
-5.517699999999999605e+00 0.000000000000000000e+00 0.000000000000000000e+00 0.000000000000000000e+00
-5.505200000000000315e+00 0.000000000000000000e+00 0.000000000000000000e+00 0.000000000000000000e+00
-5.492799999999999905e+00 0.000000000000000000e+00 0.000000000000000000e+00 0.000000000000000000e+00
-5.480399999999999494e+00 0.000000000000000000e+00 0.000000000000000000e+00 0.000000000000000000e+00
-5.467900000000000205e+00 0.000000000000000000e+00 0.000000000000000000e+00 0.000000000000000000e+00
-5.455499999999999794e+00 0.000000000000000000e+00 0.000000000000000000e+00 0.000000000000000000e+00
-5.442999999999999616e+00 0.000000000000000000e+00 0.000000000000000000e+00 0.000000000000000000e+00
-5.430600000000000094e+00 0.000000000000000000e+00 0.000000000000000000e+00 0.000000000000000000e+00
-5.418099999999999916e+00 0.000000000000000000e+00 0.000000000000000000e+00 0.000000000000000000e+00
-5.405699999999999505e+00 0.000000000000000000e+00 0.000000000000000000e+00 0.000000000000000000e+00
-5.393299999999999983e+00 0.000000000000000000e+00 0.000000000000000000e+00 0.000000000000000000e+00
-5.380799999999999805e+00 0.000000000000000000e+00 0.000000000000000000e+00 0.000000000000000000e+00
-5.368399999999999395e+00 0.000000000000000000e+00 0.000000000000000000e+00 0.000000000000000000e+00
-5.355900000000000105e+00 0.000000000000000000e+00 0.000000000000000000e+00 0.000000000000000000e+00
-5.343500000000000583e+00 0.000000000000000000e+00 0.000000000000000000e+00 0.000000000000000000e+00
-5.330999999999999517e+00 0.000000000000000000e+00 0.000000000000000000e+00 0.000000000000000000e+00
-5.318599999999999994e+00 0.000000000000000000e+00 0.000000000000000000e+00 0.000000000000000000e+00
-5.306200000000000472e+00 0.000000000000000000e+00 0.000000000000000000e+00 0.000000000000000000e+00
-5.293699999999999406e+00 0.000000000000000000e+00 0.000000000000000000e+00 0.000000000000000000e+00
-5.281299999999999883e+00 0.000000000000000000e+00 0.000000000000000000e+00 0.000000000000000000e+00
-5.268800000000000594e+00 0.000000000000000000e+00 0.000000000000000000e+00 0.000000000000000000e+00
-5.256399999999999295e+00 0.000000000000000000e+00 0.000000000000000000e+00 0.000000000000000000e+00
-5.243999999999999773e+00 0.000000000000000000e+00 0.000000000000000000e+00 0.000000000000000000e+00
-5.231500000000000483e+00 0.000000000000000000e+00 0.000000000000000000e+00 0.000000000000000000e+00
-5.219100000000000072e+00 0.000000000000000000e+00 0.000000000000000000e+00 0.000000000000000000e+00
-5.206599999999999895e+00 0.000000000000000000e+00 0.000000000000000000e+00 0.000000000000000000e+00
-5.194200000000000372e+00 0.000000000000000000e+00 0.000000000000000000e+00 0.000000000000000000e+00
-5.181699999999999307e+00 0.000000000000000000e+00 0.000000000000000000e+00 0.000000000000000000e+00
-5.169299999999999784e+00 0.000000000000000000e+00 0.000000000000000000e+00 0.000000000000000000e+00
-5.156900000000000261e+00 0.000000000000000000e+00 0.000000000000000000e+00 0.000000000000000000e+00
-5.144400000000000084e+00 0.000000000000000000e+00 0.000000000000000000e+00 0.000000000000000000e+00
-5.131999999999999673e+00 0.000000000000000000e+00 0.000000000000000000e+00 0.000000000000000000e+00
-5.119500000000000384e+00 0.000000000000000000e+00 0.000000000000000000e+00 0.000000000000000000e+00
-5.107099999999999973e+00 0.000000000000000000e+00 0.000000000000000000e+00 0.000000000000000000e+00
-5.094699999999999562e+00 0.000000000000000000e+00 0.000000000000000000e+00 0.000000000000000000e+00
-5.082200000000000273e+00 0.000000000000000000e+00 0.000000000000000000e+00 0.000000000000000000e+00
-5.069799999999999862e+00 0.000000000000000000e+00 0.000000000000000000e+00 0.000000000000000000e+00
-5.057299999999999685e+00 0.000000000000000000e+00 0.000000000000000000e+00 0.000000000000000000e+00
-5.044900000000000162e+00 0.000000000000000000e+00 0.000000000000000000e+00 0.000000000000000000e+00
-5.032399999999999984e+00 0.000000000000000000e+00 0.000000000000000000e+00 0.000000000000000000e+00
-5.019999999999999574e+00 0.000000000000000000e+00 0.000000000000000000e+00 0.000000000000000000e+00
-5.007600000000000051e+00 0.000000000000000000e+00 0.000000000000000000e+00 0.000000000000000000e+00
-4.995099999999999874e+00 0.000000000000000000e+00 0.000000000000000000e+00 0.000000000000000000e+00
-4.982699999999999463e+00 0.000000000000000000e+00 0.000000000000000000e+00 0.000000000000000000e+00
-4.970200000000000173e+00 0.000000000000000000e+00 0.000000000000000000e+00 0.000000000000000000e+00
-4.957799999999999763e+00 0.000000000000000000e+00 0.000000000000000000e+00 0.000000000000000000e+00
-4.945399999999999352e+00 0.000000000000000000e+00 0.000000000000000000e+00 0.000000000000000000e+00
-4.932900000000000063e+00 0.000000000000000000e+00 0.000000000000000000e+00 0.000000000000000000e+00
-4.920500000000000540e+00 0.000000000000000000e+00 0.000000000000000000e+00 0.000000000000000000e+00
-4.907999999999999474e+00 0.000000000000000000e+00 0.000000000000000000e+00 0.000000000000000000e+00
-4.895599999999999952e+00 0.000000000000000000e+00 0.000000000000000000e+00 0.000000000000000000e+00
-4.883099999999999774e+00 0.000000000000000000e+00 0.000000000000000000e+00 0.000000000000000000e+00
-4.870699999999999363e+00 0.000000000000000000e+00 0.000000000000000000e+00 0.000000000000000000e+00
-4.858299999999999841e+00 0.000000000000000000e+00 0.000000000000000000e+00 0.000000000000000000e+00
-4.845800000000000551e+00 0.000000000000000000e+00 0.000000000000000000e+00 0.000000000000000000e+00
-4.833400000000000141e+00 0.000000000000000000e+00 0.000000000000000000e+00 0.000000000000000000e+00
-4.820899999999999963e+00 0.000000000000000000e+00 0.000000000000000000e+00 0.000000000000000000e+00
-4.808500000000000441e+00 0.000000000000000000e+00 0.000000000000000000e+00 0.000000000000000000e+00
-4.796100000000000030e+00 0.000000000000000000e+00 0.000000000000000000e+00 0.000000000000000000e+00
-4.783599999999999852e+00 0.000000000000000000e+00 0.000000000000000000e+00 0.000000000000000000e+00
-4.771200000000000330e+00 0.000000000000000000e+00 0.000000000000000000e+00 0.000000000000000000e+00
-4.758700000000000152e+00 0.000000000000000000e+00 0.000000000000000000e+00 0.000000000000000000e+00
-4.746299999999999741e+00 0.000000000000000000e+00 0.000000000000000000e+00 0.000000000000000000e+00
-4.733800000000000452e+00 0.000000000000000000e+00 0.000000000000000000e+00 0.000000000000000000e+00
-4.721400000000000041e+00 0.000000000000000000e+00 0.000000000000000000e+00 0.000000000000000000e+00
-4.708999999999999631e+00 0.000000000000000000e+00 0.000000000000000000e+00 0.000000000000000000e+00
-4.696500000000000341e+00 3.407833768782081825e-07 5.380790161234866458e-08 1.076158032246973192e-08
-4.684099999999999930e+00 5.438363462838634734e-06 8.184746413484502929e-07 1.321276259904454917e-07
-4.671599999999999753e+00 1.765829452489538077e-05 2.642369454779039331e-06 4.338536523843992711e-07
-4.659200000000000230e+00 4.612034926121913361e-05 6.861336937549903433e-06 1.151762292078767858e-06
-4.646700000000000053e+00 1.107820447506278834e-04 1.641341452818713967e-05 2.796406381374694963e-06
-4.634299999999999642e+00 2.485267227771480810e-04 3.670423272554954486e-05 6.318869373806667954e-06
-4.621900000000000119e+00 5.251480406287606850e-04 7.715742763319061105e-05 1.350637863740315326e-05
-4.609399999999999942e+00 1.047225020760739200e-03 1.528849932257416648e-04 2.732109189960352916e-05
-4.596999999999999531e+00 1.973682004909754935e-03 2.860280981006649271e-04 5.235230615178316089e-05
-4.584500000000000242e+00 3.521643900080155890e-03 5.059021187939450812e-04 9.524293870719845970e-05
-4.572099999999999831e+00 5.960607527135136467e-03 8.470353545986015640e-04 1.650072850157480371e-04
-4.559699999999999420e+00 9.591850262476853475e-03 1.344439187817701286e-03 2.731507618037607517e-04
-4.547200000000000131e+00 1.471662703454388460e-02 2.026542491622626389e-03 4.337511829462166761e-04
-4.534799999999999720e+00 2.160726712870607996e-02 2.907326130407643025e-03 6.637974671334675829e-04
-4.522299999999999542e+00 3.048414850390783123e-02 3.980455759261456589e-03 9.832050771651291207e-04
-4.509900000000000020e+00 4.153780018674525787e-02 5.218239336569163549e-03 1.416245168921558169e-03
-4.497399999999999842e+00 5.497925474594601847e-02 6.576932581808062409e-03 1.992506921073498513e-03
-4.484999999999999432e+00 7.116227522285306639e-02 8.009056276167565019e-03 2.748762294686838380e-03
-4.472599999999999909e+00 9.059846291984899325e-02 9.476235085970854954e-03 3.727047120899236628e-03
-4.460099999999999731e+00 1.141698896325754609e-01 1.096444612212571154e-02 4.976604491875594866e-03
-4.447699999999999321e+00 1.431154775664613965e-01 1.249036853985225834e-02 6.549668364795151361e-03
-4.435200000000000031e+00 1.790370978090344845e-01 1.410158972084314677e-02 8.497960723047624093e-03
-4.422800000000000509e+00 2.238132424562904454e-01 1.586900605973495804e-02 1.086787417255973692e-02
-4.410400000000000098e+00 2.793965715417941476e-01 1.787301838679415319e-02 1.369413647075605998e-02
-4.397899999999999920e+00 3.474574505464684271e-01 2.018535263661819582e-02 1.699105142276408076e-02
-4.385500000000000398e+00 4.288541003809436258e-01 2.284836222850981230e-02 2.074039782789688716e-02
-4.372999999999999332e+00 5.229733781075529553e-01 2.585415466569743886e-02 2.487674848455124349e-02
-4.360599999999999810e+00 6.270876631791597600e-01 2.912758876711789985e-02 2.927365869098887824e-02
-4.348100000000000520e+00 7.359696340638722800e-01 3.251891991172102536e-02 3.373708088644701564e-02
-4.335700000000000109e+00 8.420328520004342066e-01 3.581191851106907409e-02 3.801312815782855598e-02
-4.323299999999999699e+00 9.361687692546500905e-01 3.875052474971559663e-02 4.181456856699922175e-02
-4.310800000000000409e+00 1.009229492497225822e+00 4.108131945523976064e-02 4.486429960434044212e-02
-4.298399999999999999e+00 1.053832813763042164e+00 4.260232457475619794e-02 4.694636958515543274e-02
-4.285899999999999821e+00 1.065972535404250854e+00 4.320456198764204003e-02 4.795016166093656745e-02
-4.273500000000000298e+00 1.045910814286092894e+00 4.289335662405781985e-02 4.789336983655430313e-02
-4.261099999999999888e+00 9.980528723721548978e-01 4.178378330976303956e-02 4.691593340717162969e-02
-4.248599999999999710e+00 9.298308742318409648e-01 4.006957923549740730e-02 4.524630030730442815e-02
-4.236200000000000188e+00 8.500012967722576640e-01 3.797948542221082913e-02 4.315148807258586960e-02
-4.223700000000000010e+00 7.668882598631581171e-01 3.573264371203108136e-02 4.088604955891096682e-02
-4.211299999999999599e+00 6.870604671748936632e-01 3.350493955750336039e-02 3.865352465102703944e-02
-4.198800000000000310e+00 6.147066591125496249e-01 3.141287166969086719e-02 3.658789236419898033e-02
-4.186399999999999899e+00 5.516912727663830784e-01 2.951433378237013766e-02 3.475444968385586059e-02
-4.173999999999999488e+00 4.980776575106760640e-01 2.782110924379346817e-02 3.316434907590718600e-02
-4.161500000000000199e+00 4.528357469781040257e-01 2.631623814928535018e-02 3.179491841804484020e-02
-4.149099999999999788e+00 4.144965667814557442e-01 2.497058836688544753e-02 3.060893993433826121e-02
-4.136599999999999611e+00 3.816197960205780504e-01 2.375507284563446037e-02 2.956885107126895965e-02
-4.124200000000000088e+00 3.530431837896783054e-01 2.264754233757155719e-02 2.864468489379726895e-02
-4.111800000000000566e+00 3.279588883215912021e-01 2.163493087320353045e-02 2.781694124522925832e-02
-4.099299999999999500e+00 3.058621868808207300e-01 2.071209267806927226e-02 2.707491092108888636e-02
-4.086899999999999977e+00 2.864597556247859278e-01 1.987889863557923756e-02 2.641405238674205541e-02
-4.074399999999999800e+00 2.695501587817581979e-01 1.913637604669024550e-02 2.583216051029509075e-02
-4.061999999999999389e+00 2.549981230288934086e-01 1.848506274081329268e-02 2.532794785634658041e-02
-4.049500000000000099e+00 2.425728977115049756e-01 1.792122854857242792e-02 2.489659680965250477e-02
-4.037100000000000577e+00 2.320361637407690192e-01 1.743827562601342474e-02 2.453177795189924806e-02
-4.024699999999999278e+00 2.231141846012908436e-01 1.702655010169710353e-02 2.422508654103892531e-02
-4.012199999999999989e+00 2.155172930255508656e-01 1.667441521869600027e-02 2.396673746489065560e-02
-3.999800000000000022e+00 2.089646507572563428e-01 1.636962679263946271e-02 2.374653002075108668e-02
-3.987299999999999844e+00 2.032041945353025847e-01 1.610056477800028696e-02 2.355467197256204750e-02
-3.974899999999999878e+00 1.980245344480413283e-01 1.585706931585970786e-02 2.338241502128776336e-02
-3.962400000000000144e+00 1.932588276364080870e-01 1.563093242894844984e-02 2.322239331637700535e-02
-3.949999999999999734e+00 1.887822625347623795e-01 1.541598112335783657e-02 2.306883268362778031e-02
-3.937599999999999767e+00 1.845057958041735335e-01 1.520784319773266224e-02 2.291749231498360975e-02
-3.925100000000000033e+00 1.803686345167476723e-01 1.500362545578819325e-02 2.276550398158480593e-02
-3.912700000000000067e+00 1.763308157583265146e-01 1.480153809452787114e-02 2.261108452167021401e-02
-3.900199999999999889e+00 1.723666773258466789e-01 1.460049773015634905e-02 2.245317851638790885e-02
-3.887799999999999923e+00 1.684597756102961252e-01 1.439986243152089132e-02 2.229112570962042683e-02
-3.875399999999999956e+00 1.645988230326193846e-01 1.419918757567105450e-02 2.212436631961898700e-02
-3.862899999999999778e+00 1.607745042062818930e-01 1.399806708623616003e-02 2.195222488724700438e-02
-3.850499999999999812e+00 1.569769813097155464e-01 1.379595389537293347e-02 2.177379322126879457e-02
-3.838000000000000078e+00 1.531940737324143931e-01 1.359207948350004899e-02 2.158786687691731029e-02
-3.825600000000000112e+00 1.494102741966512604e-01 1.338534536416475899e-02 2.139289434654641914e-02
-3.813099999999999934e+00 1.456069012542652308e-01 1.317430637540451324e-02 2.118699360654799357e-02
-3.800699999999999967e+00 1.417639208235643711e-01 1.295726798865119191e-02 2.096803281143517356e-02
-3.788300000000000001e+00 1.378635850414446917e-01 1.273250998100669898e-02 2.073386942160919399e-02
-3.775799999999999823e+00 1.338954864579774973e-01 1.249861614049505021e-02 2.048281786927563797e-02
-3.763399999999999856e+00 1.298619572172543257e-01 1.225492563119446980e-02 2.021421400887292441e-02
-3.750900000000000123e+00 1.257821662364975723e-01 1.200192715258490903e-02 1.992898023000722399e-02
-3.738500000000000156e+00 1.216932248224866231e-01 1.174146695327250856e-02 1.963001072929690047e-02
-3.726099999999999746e+00 1.176473120656975624e-01 1.147674097550435701e-02 1.932214109804948621e-02
-3.713600000000000012e+00 1.137050095537054661e-01 1.121197284249525646e-02 1.901171219223842315e-02
-3.701200000000000045e+00 1.099264296303560373e-01 1.095185591902492553e-02 1.870576694573759802e-02
-3.688699999999999868e+00 1.063624933202061279e-01 1.070093392213835454e-02 1.841107293355689553e-02
-3.676299999999999901e+00 1.030486820620581251e-01 1.046305578893974575e-02 1.813326567294976446e-02
-3.663799999999999724e+00 1.000026090345775553e-01 1.024101782116961651e-02 1.787628923604938497e-02
-3.651399999999999757e+00 9.722542379729703921e-02 1.003642911728296408e-02 1.764222066922107798e-02
-3.638999999999999790e+00 9.470586110500767152e-02 9.849803550796190632e-03 1.743141420426930210e-02
-3.626500000000000057e+00 9.242522586120208161e-02 9.680744529342297233e-03 1.724288166581229576e-02
-3.614100000000000090e+00 9.036177789756223711e-02 9.528197943612877474e-03 1.707474701204556022e-02
-3.601599999999999913e+00 8.849362319636143448e-02 9.390740006893497777e-03 1.692467759319730633e-02
-3.589199999999999946e+00 8.679998449038316133e-02 9.266765453026001853e-03 1.679020434605079173e-02
-3.576799999999999979e+00 8.526127751279900802e-02 9.154662466590489378e-03 1.666896429506394342e-02
-3.564300000000000246e+00 8.385862392878483396e-02 9.052925372136045798e-03 1.655886412173114552e-02
-3.551899999999999835e+00 8.257338474154976571e-02 8.960158350201219771e-03 1.645816648867338278e-02
-3.539399999999999658e+00 8.138703014085188481e-02 8.875080316575080855e-03 1.636547456643914697e-02
-3.527000000000000135e+00 8.028146083578734105e-02 8.796485894574768150e-03 1.627967357796441042e-02
-3.514499999999999957e+00 7.923961412285884798e-02 8.723209138233368326e-03 1.619973629974041582e-02
-3.502099999999999991e+00 7.824615975815817082e-02 8.654125277502524791e-03 1.612455304058462574e-02
-3.489700000000000024e+00 7.728801459360831738e-02 8.588194922684958335e-03 1.605280412666721529e-02
-3.477199999999999847e+00 7.635482375149366119e-02 8.524519552602749517e-03 1.598303480279332500e-02
-3.464799999999999880e+00 7.543882752566589966e-02 8.462363594637877656e-03 1.591379175841171195e-02
-3.452300000000000146e+00 7.453456608831063313e-02 8.401166695229493608e-03 1.584386393373984903e-02
-3.439899999999999736e+00 7.363842743782343658e-02 8.340535334733476663e-03 1.577243874898450610e-02
-3.427500000000000213e+00 7.274810857119873297e-02 8.280211920884791160e-03 1.569914678407310221e-02
-3.415000000000000036e+00 7.186214306641540428e-02 8.220026895134872544e-03 1.562393282570686756e-02
-3.402599999999999625e+00 7.097950121831221593e-02 8.159876600605960734e-03 1.554685618872186752e-02
-3.390099999999999891e+00 7.009932948594319035e-02 8.099655024273295922e-03 1.546792378355539739e-02
-3.377699999999999925e+00 6.922075811483213714e-02 8.039261173227937873e-03 1.538700422142096590e-02
-3.365199999999999747e+00 6.834280716119600640e-02 7.978557050815912946e-03 1.530383941992099865e-02
-3.352800000000000225e+00 6.746433440733227982e-02 7.917344889619766513e-03 1.521810685001499623e-02
-3.340399999999999814e+00 6.658403494692027857e-02 7.855375800663050995e-03 1.512946145335907454e-02
-3.327899999999999636e+00 6.570049823705573222e-02 7.792379843155792032e-03 1.503751221515988931e-02
-3.315500000000000114e+00 6.481232137564703344e-02 7.728074582126686840e-03 1.494181986568925841e-02
-3.302999999999999936e+00 6.391824973502148455e-02 7.662226601973933654e-03 1.484192150239327206e-02
-3.290599999999999969e+00 6.301735288988234707e-02 7.594706742214345219e-03 1.473742045735731282e-02
-3.278100000000000236e+00 6.210918253841897496e-02 7.525502574090707150e-03 1.462811588891765012e-02
-3.265699999999999825e+00 6.119387783331420999e-02 7.454720628401611746e-03 1.451412438653383249e-02
-3.253299999999999859e+00 6.027220522032637751e-02 7.382524550149209726e-03 1.439587816348468670e-02
-3.240800000000000125e+00 5.934552044846682500e-02 7.309113541516171209e-03 1.427405729033393890e-02
-3.228399999999999714e+00 5.841566353836365882e-02 7.234639915999794418e-03 1.414940650244693628e-02
-3.215899999999999981e+00 5.748480679157080830e-02 7.159172938063384888e-03 1.402256079610469247e-02
-3.203500000000000014e+00 5.655528343833899491e-02 7.082683641788963327e-03 1.389393591434593539e-02
-3.191100000000000048e+00 5.562940643331906743e-02 7.005075170380693425e-03 1.376374701373459832e-02
-3.178599999999999870e+00 5.470932843921617189e-02 6.926244569213583190e-03 1.363210782655619423e-02
-3.166199999999999903e+00 5.379691647636709179e-02 6.846152090607707415e-03 1.349918970000419868e-02
-3.153699999999999726e+00 5.289369047973882521e-02 6.764891270053155492e-03 1.336532749974758336e-02
-3.141300000000000203e+00 5.200077538025431323e-02 6.682722516801083146e-03 1.323104891272162791e-02
-3.128800000000000026e+00 5.111895255077238132e-02 6.600058201219270206e-03 1.309700394310035418e-02
-3.116399999999999615e+00 5.024866849297544846e-02 6.517425813258343782e-03 1.296383090813239825e-02
-3.104000000000000092e+00 4.939003951793677349e-02 6.435345882277424163e-03 1.283200154875741537e-02
-3.091499999999999915e+00 4.854280157796037054e-02 6.354256029866557978e-03 1.270169715811160158e-02
-3.079099999999999948e+00 4.770617686980259398e-02 6.274421668473865316e-03 1.257272427567997578e-02
-3.066600000000000215e+00 4.687864283736325327e-02 6.195876564750181850e-03 1.244451498955038808e-02
-3.054199999999999804e+00 4.605765459257393779e-02 6.118404706404819218e-03 1.231617170995634447e-02
-3.041799999999999837e+00 4.523935680684676441e-02 6.041530284210260178e-03 1.218653775370576696e-02
-3.029300000000000104e+00 4.441843748954939219e-02 5.964492297349363939e-03 1.205426794471083779e-02
-3.016899999999999693e+00 4.358829441205083755e-02 5.886239938915190095e-03 1.191796518271530728e-02
-3.004399999999999959e+00 4.274167058372877609e-02 5.805515395803687376e-03 1.177631008480942154e-02
-2.991999999999999993e+00 4.187185374256476023e-02 5.721005282339806410e-03 1.162822443148530185e-02
-2.979499999999999815e+00 4.097430374857569807e-02 5.631609448805160664e-03 1.147311831539658475e-02
-2.967099999999999849e+00 4.004844297539540687e-02 5.536750349378374327e-03 1.131113534661746037e-02
-2.954699999999999882e+00 3.909906327280490701e-02 5.436680513049112901e-03 1.114337893282993895e-02
-2.942199999999999704e+00 3.813690102134921489e-02 5.332619886461832139e-03 1.097202527395167194e-02
-2.929800000000000182e+00 3.717798887333261665e-02 5.226681317199936838e-03 1.080022638469792413e-02
-2.917300000000000004e+00 3.624181398599502640e-02 5.121591308253436656e-03 1.063178149619710237e-02
-2.904900000000000038e+00 3.534861923814609785e-02 5.020276380709568637e-03 1.047059327040974347e-02
-2.892500000000000071e+00 3.451646776214499501e-02 4.925429940447744251e-03 1.032005985425200195e-02
-2.879999999999999893e+00 3.375875359771083467e-02 4.839158994040290707e-03 1.018256631136421793e-02
-2.867599999999999927e+00 3.308267052650850498e-02 4.762804893712641041e-03 1.005917707891566294e-02
-2.855100000000000193e+00 3.248889448158873150e-02 4.696889216120828797e-03 9.949603603414441250e-03
-2.842699999999999783e+00 3.197234370699439387e-02 4.641154777770098092e-03 9.852448415634941156e-03
-2.830200000000000049e+00 3.152372609472273157e-02 4.594689142493291363e-03 9.765602990032568043e-03
-2.817800000000000082e+00 3.113141066269090734e-02 4.556158704176988677e-03 9.686738913902667378e-03
-2.805399999999999672e+00 3.078323665346195670e-02 4.524225095809237054e-03 9.613829131901906883e-03
-2.792899999999999938e+00 3.046795207038681050e-02 4.498182151928916371e-03 9.545595620568067888e-03
-2.780499999999999972e+00 3.017619210935768015e-02 4.478891932738586490e-03 9.481968114598776989e-03
-2.767999999999999794e+00 2.990097869566182842e-02 4.470060486698916070e-03 9.424435184838713883e-03
-2.755600000000000271e+00 2.963787624207269225e-02 4.479759523565309855e-03 9.376314857525287066e-03
-2.743199999999999861e+00 2.938492288003425115e-02 4.522075866358445453e-03 9.343008111490773079e-03
-2.730699999999999683e+00 2.914244713040545220e-02 4.618756119081735695e-03 9.332196468725023272e-03
-2.718300000000000161e+00 2.891280040475047858e-02 4.800476224953659568e-03 9.354022111979812606e-03
-2.705799999999999983e+00 2.870011400564910498e-02 5.107557364500579442e-03 9.421283306201243962e-03
-2.693400000000000016e+00 2.851023631441056833e-02 5.592183750120126307e-03 9.550399059444296054e-03
-2.680899999999999839e+00 2.835013870931167579e-02 6.315554337096136728e-03 9.760689895074309286e-03
-2.668499999999999872e+00 2.822776143895837017e-02 7.347869424389839171e-03 1.007484933032882536e-02
-2.656099999999999905e+00 2.815192597449259551e-02 8.766385403138753085e-03 1.051863320168294758e-02
-2.643600000000000172e+00 2.813265390442664174e-02 1.066453067341643392e-02 1.112423919787737178e-02
-2.631199999999999761e+00 2.818137975520558156e-02 1.315272227356744164e-02 1.193072086828828905e-02
-2.618700000000000028e+00 2.831156494583807887e-02 1.636641155264561762e-02 1.298672402913227282e-02
-2.606300000000000061e+00 2.853917240881682915e-02 2.047193430246805126e-02 1.435242562638909883e-02
-2.593799999999999883e+00 2.888239706328412856e-02 2.566369009069379911e-02 1.609841280339291067e-02
-2.581399999999999917e+00 2.935997707454057748e-02 3.214407328936343816e-02 1.829851723057783139e-02
-2.568999999999999950e+00 2.998748942838341119e-02 4.007907767423565804e-02 2.101404409165958179e-02
-2.556499999999999773e+00 3.077168996516494587e-02 4.953001493813282557e-02 2.426960284166074233e-02
-2.544099999999999806e+00 3.170401253008542364e-02 6.037430124299603129e-02 2.802496468019725212e-02
-2.531600000000000072e+00 3.275530437714107429e-02 7.224175710887166535e-02 3.215238303001997228e-02
-2.519200000000000106e+00 3.387445530566084856e-02 8.449938166347861768e-02 3.643090735293247340e-02
-2.506800000000000139e+00 3.499280647912034192e-02 9.630992618725107979e-02 4.056682252143175432e-02
-2.494299999999999962e+00 3.603449869753504869e-02 1.067663353328695275e-01 4.424086682321325820e-02
-2.481899999999999995e+00 3.693045465422362811e-02 1.150726202068838300e-01 4.717195528043082592e-02
-2.469399999999999817e+00 3.763187740790792379e-02 1.207168894869447839e-01 4.917828145879065554e-02
-2.456999999999999851e+00 3.811896239198730996e-02 1.235783946093557822e-01 5.021526337218243374e-02
-2.444499999999999673e+00 3.840206136067814829e-02 1.239319173325537649e-01 5.037738010450277387e-02
-2.432100000000000151e+00 3.851542675253429027e-02 1.223511330310849687e-01 4.986442682279365601e-02
-2.419699999999999740e+00 3.850618183516352905e-02 1.195491660322651473e-01 4.892560766559929386e-02
-2.407200000000000006e+00 3.842251299244773405e-02 1.162127978934823225e-01 4.780135345285253107e-02
-2.394800000000000040e+00 3.830456161615101301e-02 1.128798548662940937e-01 4.668024581100520265e-02
-2.382299999999999862e+00 3.817982207370606423e-02 1.098846770938658735e-01 4.567984679464880127e-02
-2.369899999999999896e+00 3.806291451306976353e-02 1.073677293868425114e-01 4.485002881040993372e-02
-2.357499999999999929e+00 3.795827122182270086e-02 1.053261651546020528e-01 4.419060437731905239e-02
-2.344999999999999751e+00 3.786392943262574529e-02 1.036769054577121041e-01 4.367332750650569639e-02
-2.332599999999999785e+00 3.777499269881313265e-02 1.023112360340572569e-01 4.326072916939566193e-02
-2.320100000000000051e+00 3.768602529329389411e-02 1.011294386409373469e-01 4.291809343534976062e-02
-2.307700000000000085e+00 3.759231133590014429e-02 1.000572350764324381e-01 4.261897179042022088e-02
-2.295199999999999907e+00 3.749027239481246554e-02 9.904868769355038016e-02 4.234607532406060859e-02
-2.282799999999999940e+00 3.737731172533594742e-02 9.808187589720321342e-02 4.208967210210701193e-02
-2.270399999999999974e+00 3.725184267485187606e-02 9.715523253768551526e-02 4.184643192875564521e-02
-2.257899999999999796e+00 3.711282332177337495e-02 9.628108540474213106e-02 4.161716722738360852e-02
-2.245499999999999829e+00 3.695962607887729595e-02 9.548277346620212547e-02 4.140590061093155083e-02
-2.233000000000000096e+00 3.679192656693959507e-02 9.478721283863424107e-02 4.121752496464052562e-02
-2.220600000000000129e+00 3.660991930646122217e-02 9.422760814180419775e-02 4.105903410523562003e-02
-2.208199999999999719e+00 3.641409159613241686e-02 9.383493484974952947e-02 4.093723886193494782e-02
-2.195699999999999985e+00 3.620501429795106724e-02 9.363066085715410214e-02 4.085699611490242744e-02
-2.183300000000000018e+00 3.598306018296629910e-02 9.361533928113070779e-02 4.081846661013074223e-02
-2.170799999999999841e+00 3.574820849031211389e-02 9.376481129149247251e-02 4.081619731071416124e-02
-2.158399999999999874e+00 3.550002015753112722e-02 9.402876852975217137e-02 4.083877046455183790e-02
-2.145900000000000141e+00 3.523788439791432359e-02 9.433975156885208990e-02 4.087097764132122113e-02
-2.133499999999999730e+00 3.496150968711204954e-02 9.463098186113266808e-02 4.089821483649983686e-02
-2.121100000000000207e+00 3.467151111253230500e-02 9.485838196093560049e-02 4.091182057389767396e-02
-2.108600000000000030e+00 3.436982490499894405e-02 9.502129293197392190e-02 4.091410351377759713e-02
-2.096200000000000063e+00 3.405982046400470725e-02 9.517426945536593130e-02 4.092108372003477879e-02
-2.083699999999999886e+00 3.374594952385369384e-02 9.542506444510985564e-02 4.096180137437849256e-02
-2.071299999999999919e+00 3.343306951156936602e-02 9.591920680511104025e-02 4.107431572631689565e-02
-2.058899999999999952e+00 3.312562122465636388e-02 9.681521977790139011e-02 4.129939826741870629e-02
-2.046399999999999775e+00 3.282686471206775619e-02 9.825725323090134244e-02 4.167364134862187180e-02
-2.033999999999999808e+00 3.253838290279274792e-02 1.003499584797651056e-01 4.222321497249079819e-02
-2.021500000000000075e+00 3.225987553563582771e-02 1.031476320843631167e-01 4.296097101527238116e-02
-2.009100000000000108e+00 3.198926098414970470e-02 1.066474366442501653e-01 4.388479520241981430e-02
-1.996599999999999930e+00 3.172298530785404996e-02 1.107925379813481798e-01 4.497839702776492560e-02
-1.984199999999999964e+00 3.145649611290440156e-02 1.154780333773979123e-01 4.621300452127802272e-02
-1.971799999999999997e+00 3.118483949006517486e-02 1.205571496533983378e-01 4.754938559870954679e-02
-1.959299999999999820e+00 3.090334726410354574e-02 1.258471717778751886e-01 4.894005896093880925e-02
-1.946899999999999853e+00 3.060836883885512463e-02 1.311371168055764369e-01 5.033203375332261087e-02
-1.934399999999999897e+00 3.029796720656732084e-02 1.362000125413103946e-01 5.167055547496958445e-02
-1.921999999999999931e+00 2.997242275377267479e-02 1.408108123187158112e-01 5.290390837179354683e-02
-1.909599999999999964e+00 2.963442063440356947e-02 1.447692546033551297e-01 5.398885043138496737e-02
-1.897100000000000009e+00 2.928877949537134207e-02 1.479220239854845964e-01 5.489534529073650249e-02
-1.884700000000000042e+00 2.894174140953934340e-02 1.501809789248212679e-01 5.560978641743219431e-02
-1.872199999999999864e+00 2.860000721000013554e-02 1.515334363411199592e-01 5.613610451761467252e-02
-1.859799999999999898e+00 2.826973960813474254e-02 1.520436915916921483e-01 5.649483407865255741e-02
-1.847299999999999942e+00 2.795574267786279932e-02 1.518437774035085730e-01 5.671995871168120096e-02
-1.834899999999999975e+00 2.766104378616171533e-02 1.511155495474134636e-01 5.685434283356192997e-02
-1.822500000000000009e+00 2.738688345499972268e-02 1.500655369425342722e-01 5.694399816793871416e-02
-1.810000000000000053e+00 2.713301167640442407e-02 1.488963487372695349e-01 5.703200949384423790e-02
-1.797599999999999865e+00 2.689814082573655299e-02 1.477799732690937007e-01 5.715310648503506979e-02
-1.785099999999999909e+00 2.668036826366577616e-02 1.468381903791133591e-01 5.732989812826533305e-02
-1.772699999999999942e+00 2.647750453619856364e-02 1.461366792740608767e-01 5.757219515201222187e-02
-1.760199999999999987e+00 2.628721224322010108e-02 1.456861970290684594e-01 5.787776805265078955e-02
-1.747800000000000020e+00 2.610709658951566176e-02 1.454576194428038038e-01 5.823628683058247602e-02
-1.735399999999999832e+00 2.593475467086220343e-02 1.453981890448838854e-01 5.863339908139278411e-02
-1.722899999999999876e+00 2.576783585251574138e-02 1.454473774711394773e-01 5.905466140599785474e-02
-1.710499999999999909e+00 2.560414948623166223e-02 1.455490293688647685e-01 5.948847130445902159e-02
-1.697999999999999954e+00 2.544178114189442341e-02 1.456576177973529229e-01 5.992735272872272423e-02
-1.685599999999999987e+00 2.527916293932494854e-02 1.457403343200511237e-01 6.036800172346772769e-02
-1.673200000000000021e+00 2.511512123841432020e-02 1.457764703970095277e-01 6.081047155543557736e-02
-1.660699999999999843e+00 2.494885715833608866e-02 1.457551241690800414e-01 6.125676522136273144e-02
-1.648299999999999876e+00 2.477988814467517453e-02 1.456727576034784755e-01 6.170942135646140247e-02
-1.635799999999999921e+00 2.460800590919661260e-02 1.455311793863491854e-01 6.217034960070610267e-02
-1.623399999999999954e+00 2.443322745931212486e-02 1.453366837625039154e-01 6.264028528022945463e-02
-1.610899999999999999e+00 2.425577087351916267e-02 1.450958260603175676e-01 6.311788178281502182e-02
-1.598500000000000032e+00 2.407601511029239943e-02 1.448174645241644687e-01 6.360050687747788312e-02
-1.586099999999999843e+00 2.389445524618441855e-02 1.445104804831577328e-01 6.408438146358066967e-02
-1.573599999999999888e+00 2.371162707531259545e-02 1.441829750683769895e-01 6.456513637635205582e-02
-1.561199999999999921e+00 2.352803153923945650e-02 1.438414787394693417e-01 6.503828671075433110e-02
-1.548699999999999966e+00 2.334405631226402905e-02 1.434904182427025332e-01 6.549957903767007761e-02
-1.536299999999999999e+00 2.315995640207685682e-02 1.431318212481463847e-01 6.594523617240621860e-02
-1.523900000000000032e+00 2.297584223659569075e-02 1.427653775917293033e-01 6.637205526871929606e-02
-1.511399999999999855e+00 2.279171075112408629e-02 1.423887955998024146e-01 6.677747014743105891e-02
-1.498999999999999888e+00 2.260747375308637397e-02 1.419983408734638852e-01 6.715960932568568187e-02
-1.486499999999999932e+00 2.242299132995816124e-02 1.415894363833951619e-01 6.751742032392095416e-02
-1.474099999999999966e+00 2.223810084775605656e-02 1.411572696398373516e-01 6.785080210777771903e-02
-1.461600000000000010e+00 2.205264457448322460e-02 1.406973164868007276e-01 6.816070477163690966e-02
-1.449199999999999822e+00 2.186649695550816480e-02 1.402058362138631498e-01 6.844919002467869662e-02
-1.436799999999999855e+00 2.167957972902768288e-02 1.396803861664953350e-01 6.871940708260472486e-02
-1.424299999999999899e+00 2.149183405602965447e-02 1.391204364051306375e-01 6.897555665909037292e-02
-1.411899999999999933e+00 2.130314423303065682e-02 1.385280438669224679e-01 6.922288135106070828e-02
-1.399399999999999977e+00 2.111323702187931084e-02 1.379084523274550222e-01 6.946773713183407306e-02
-1.387000000000000011e+00 2.092155934915896145e-02 1.372704324927442321e-01 6.971758750951166650e-02
-1.374600000000000044e+00 2.072720840018574956e-02 1.366261469129236295e-01 6.998079941581876462e-02
-1.362099999999999866e+00 2.052894131327814148e-02 1.359904103576110301e-01 7.026619148766694023e-02
-1.349699999999999900e+00 2.032528452894721838e-02 1.353792799197220398e-01 7.058216783230748803e-02
-1.337199999999999944e+00 2.011472611408743338e-02 1.348082429084680178e-01 7.093566400042251863e-02
-1.324799999999999978e+00 1.989594441492036070e-02 1.342903959437487804e-01 7.133120708772403007e-02
-1.312300000000000022e+00 1.966802143919719678e-02 1.338349800306508908e-01 7.177032072948399954e-02
-1.299900000000000055e+00 1.943057426292722767e-02 1.334466620764031830e-01 7.225158615821353214e-02
-1.287499999999999867e+00 1.918378059795207771e-02 1.331256568328341161e-01 7.277130008630251778e-02
-1.274999999999999911e+00 1.892830511621438824e-02 1.328685225637339928e-01 7.332452931364635829e-02
-1.262599999999999945e+00 1.866514184214687969e-02 1.326692556080303065e-01 7.390610896891791626e-02
-1.250099999999999989e+00 1.839542745590736980e-02 1.325202796712336428e-01 7.451135486816820586e-02
-1.237700000000000022e+00 1.812028440121127293e-02 1.324130720815196449e-01 7.513622338334083328e-02
-1.225299999999999834e+00 1.784071602323684599e-02 1.323383032298559858e-01 7.577702571776415152e-02
-1.212799999999999878e+00 1.755757889647814943e-02 1.322857837291392946e-01 7.642984908525285448e-02
-1.200399999999999912e+00 1.727159453915471515e-02 1.322443384754780071e-01 7.709003890836202411e-02
-1.187899999999999956e+00 1.698341284761495026e-02 1.322019968836014581e-01 7.775191281270356358e-02
-1.175499999999999989e+00 1.669360624091044409e-02 1.321465018379273382e-01 7.840885022643763469e-02
-1.162999999999999812e+00 1.640257772067338013e-02 1.320660563283561351e-01 7.905362320609540805e-02
-1.150599999999999845e+00 1.611039478542063141e-02 1.319501392418080121e-01 7.967896044302877345e-02
-1.138199999999999878e+00 1.581656230027263937e-02 1.317900844242732294e-01 8.027809724847999318e-02
-1.125699999999999923e+00 1.551975644874090295e-02 1.315793506556291736e-01 8.084513724152475600e-02
-1.113299999999999956e+00 1.521762229522841299e-02 1.313134032541389828e-01 8.137528957296999432e-02
-1.100800000000000001e+00 1.490671681596097975e-02 1.309894504694378570e-01 8.186495154484128844e-02
-1.088400000000000034e+00 1.458270302745205346e-02 1.306061993078432293e-01 8.231176656471594910e-02
-1.075899999999999856e+00 1.424086333519827136e-02 1.301637798847558314e-01 8.271468702845310994e-02
-1.063499999999999890e+00 1.387695792421026093e-02 1.296640458387472439e-01 8.307431259654847466e-02
-1.051099999999999923e+00 1.348827699941777120e-02 1.291110986297845376e-01 8.339327435244045517e-02
-1.038599999999999968e+00 1.307468634142667369e-02 1.285118241874404488e-01 8.367670364011757511e-02
-1.026199999999999779e+00 1.263930802992162955e-02 1.278762660731646572e-01 8.393261280728665785e-02
-1.013700000000000045e+00 1.218854420718607293e-02 1.272173373845943423e-01 8.417182450120003212e-02
-1.001300000000000079e+00 1.173131761457088008e-02 1.265496378471814565e-01 8.440720332965226391e-02
-9.888999999999998902e-01 1.127762454890260738e-02 1.258869961998919929e-01 8.465182042811034147e-02
-9.763999999999999346e-01 1.083681367972763078e-02 1.252387909141062239e-01 8.491602869194898873e-02
-9.639999999999999680e-01 1.041605558693004668e-02 1.246054433626299501e-01 8.520372658718242120e-02
-9.514999999999999014e-01 1.001942061077329416e-02 1.239739939032086236e-01 8.550850138936579026e-02
-9.390999999999999348e-01 9.647757843508367182e-03 1.233148949559049606e-01 8.581063447876846606e-02
-9.265999999999999792e-01 9.299273806858809194e-03 1.225814875790705860e-01 8.607619198669590188e-02
-9.141999999999999016e-01 8.970516393385953580e-03 1.217128570398615939e-01 8.625885025983086318e-02
-9.017999999999999350e-01 8.657419960001208267e-03 1.206401760576689408e-01 8.630461522522235585e-02
-8.892999999999999794e-01 8.356134429115612272e-03 1.192955021540805516e-01 8.615870993359800445e-02
-8.768999999999999018e-01 8.063551115514459508e-03 1.176214112683930668e-01 8.577325244283580397e-02
-8.643999999999999462e-01 7.777513382140224633e-03 1.155795429670394836e-01 8.511420171952421843e-02
-8.519999999999999796e-01 7.496815791442976683e-03 1.131564876996153102e-01 8.416626274443465838e-02
-8.395999999999999019e-01 7.221096329900167712e-03 1.103661106082489685e-01 8.293489414007874927e-02
-8.270999999999999464e-01 6.950663922713568033e-03 1.072481757863098517e-01 8.144536367077155614e-02
-8.146999999999999797e-01 6.686310222228886331e-03 1.038636685075257637e-01 7.973917469674117464e-02
-8.021999999999999131e-01 6.429109224740353623e-03 1.002876092669390679e-01 7.786865943306903182e-02
-7.897999999999999465e-01 6.180225134509406346e-03 9.660037350713465698e-02 7.589041237845707555e-02
-7.772999999999999909e-01 5.940696880173224753e-03 9.287890201997657524e-02 7.385885535470301799e-02
-7.648999999999999133e-01 5.711318196637456268e-03 8.918927209758634178e-02 7.182089087884910295e-02
-7.524999999999999467e-01 5.492549917861991489e-03 8.558190902357391827e-02 6.981251261419553489e-02
-7.399999999999999911e-01 5.284484441210678118e-03 8.209040475320891761e-02 6.785799394939176499e-02
-7.275999999999999135e-01 5.086876604717467665e-03 7.873386633412363111e-02 6.597168876637875268e-02
-7.150999999999999579e-01 4.899222320725702892e-03 7.552184933110873966e-02 6.416177796936241295e-02
-7.026999999999999913e-01 4.720845363490489867e-03 7.246012604300355875e-02 6.243460114638970521e-02
-6.902999999999999137e-01 4.550971132118542678e-03 6.955528764438639877e-02 6.079821495156512157e-02
-6.777999999999999581e-01 4.388775468946481614e-03 6.681682235387247093e-02 5.926390537349344317e-02
-6.653999999999999915e-01 4.233413637223657627e-03 6.425612688085302615e-02 5.784510940343649127e-02
-6.528999999999999249e-01 4.084045523720910079e-03 6.188299696340536504e-02 5.655400467609252024e-02
-6.404999999999999583e-01 3.939881865114774201e-03 5.970119678595231516e-02 5.539707325682158984e-02
-6.279999999999998916e-01 3.800242682218401679e-03 5.770473676478724001e-02 5.437117775194592884e-02
-6.155999999999999250e-01 3.664621194173323104e-03 5.587627463437208619e-02 5.346160890611350441e-02
-6.031999999999999584e-01 3.532733203565557780e-03 5.418840024302592345e-02 5.264311153302241031e-02
-5.907000000000000028e-01 3.404515046789251612e-03 5.260733548826256045e-02 5.188360702397899066e-02
-5.783000000000000362e-01 3.280064588323659391e-03 5.109804595619454881e-02 5.114960204914974912e-02
-5.657999999999998586e-01 3.159544463528725627e-03 4.962917723518401464e-02 5.041162353909412613e-02
-5.533999999999998920e-01 3.043088450382887018e-03 4.817656811715875093e-02 4.964822174094531138e-02
-5.409999999999999254e-01 2.930735968148160450e-03 4.672476037702065488e-02 4.884762522404912516e-02
-5.284999999999999698e-01 2.822425846167433798e-03 4.526655322472004916e-02 4.800714832622242356e-02
-5.161000000000000032e-01 2.718035675761103481e-03 4.380111286909148249e-02 4.713080678132551549e-02
-5.036000000000000476e-01 2.617443205162570206e-03 4.233167408215228467e-02 4.622628964946928765e-02
-4.911999999999998590e-01 2.520572235108433160e-03 4.086338442826555756e-02 4.530206488372133522e-02
-4.786999999999999034e-01 2.427407611841270272e-03 3.940175524856931455e-02 4.436509804434993209e-02
-4.662999999999999368e-01 2.337943360761689498e-03 3.795169192469721731e-02 4.341946206341893572e-02
-4.538999999999999702e-01 2.252116898047632539e-03 3.651708779298201701e-02 4.246569088143062332e-02
-4.414000000000000146e-01 2.169734487354268038e-03 3.510072646024076787e-02 4.150083802634554203e-02
-4.290000000000000480e-01 2.090409140219043511e-03 3.370436711424350251e-02 4.051911490737764021e-02
-4.164999999999998703e-01 2.013555415837279747e-03 3.232899619891922011e-02 3.951301152271809863e-02
-4.040999999999999037e-01 1.938423287615449568e-03 3.097512834800593418e-02 3.847486251120597889e-02
-3.915999999999999481e-01 1.864176614822382616e-03 2.964318931651441572e-02 3.739858716301931035e-02
-3.791999999999999815e-01 1.789987177796995271e-03 2.833392619996714240e-02 3.628150740484406556e-02
-3.668000000000000149e-01 1.715139200789978034e-03 2.704872381978685320e-02 3.512559370873344355e-02
-3.542999999999998373e-01 1.639097274132070726e-03 2.578984287252479926e-02 3.393812754842262525e-02
-3.418999999999998707e-01 1.561536855807007162e-03 2.456056676529504157e-02 3.273152087424274770e-02
-3.293999999999999151e-01 1.482327372292776549e-03 2.336517122006731909e-02 3.152222564035950247e-02
-3.169999999999999485e-01 1.401472428700270990e-03 2.220879891649474303e-02 3.032906578327401043e-02
-3.045999999999999819e-01 1.319038313902698998e-03 2.109716816212262036e-02 2.917127296545512366e-02
-2.921000000000000263e-01 1.235091874789272931e-03 2.003615009712204215e-02 2.806664176317195253e-02
-2.796999999999998376e-01 1.149684814652723744e-03 1.903112415099540364e-02 2.702978607962748525e-02
-2.671999999999998820e-01 1.062887062448798076e-03 1.808617391763001764e-02 2.607074519880795901e-02
-2.547999999999999154e-01 9.748570371756009028e-04 1.720311094490089426e-02 2.519369158602593681e-02
-2.422999999999999599e-01 8.859193646161293758e-04 1.638034889459977564e-02 2.439552017120174068e-02
-2.298999999999999932e-01 7.966186003171666589e-04 1.561176360347865319e-02 2.366433460020613347e-02
-2.175000000000000266e-01 7.077284513334130504e-04 1.488580289028675410e-02 2.297799621149659161e-02
-2.049999999999998490e-01 6.202237484918258527e-04 1.418519051116518513e-02 2.230355234107620627e-02
-1.925999999999998824e-01 5.352138285192772600e-04 1.348763700776807115e-02 2.159824216273317776e-02
-1.800999999999999268e-01 4.538760253646933400e-04 1.276791887071974940e-02 2.081304180772722973e-02
-1.676999999999999602e-01 3.773964239417019507e-04 1.200129395169713745e-02 1.989890295423003483e-02
-1.552999999999999936e-01 3.069034703502220127e-04 1.116788086638849375e-02 1.881500721315151892e-02
-1.428000000000000380e-01 2.434029145035596965e-04 1.025702411841581708e-02 1.753735692919957539e-02
-1.303999999999998494e-01 1.877004579295366926e-04 9.270489919091018383e-03 1.606550219267465288e-02
-1.178999999999998938e-01 1.403030132035913930e-04 8.223503590414299111e-03 1.442528461731342609e-02
-1.054999999999999272e-01 1.013391271687857285e-04 7.143091947799305036e-03 1.266653946231205245e-02
-9.299999999999997158e-02 7.051536718228753014e-05 6.064069837049435030e-03 1.085608765669447175e-02
-8.060000000000000497e-02 4.713560321811676205e-05 5.023655507897214871e-03 9.067760537772889817e-03
-6.820000000000003837e-02 3.018641645322448047e-05 4.056037040153486622e-03 7.371887905072730882e-03
-5.569999999999986073e-02 1.847760471751986984e-05 3.188103322374376616e-03 5.826555473502654375e-03
-4.329999999999989413e-02 1.078692417599792777e-05 2.436986859661997764e-03 4.472133741088101140e-03
-3.079999999999993854e-02 5.993502381843263163e-06 1.809592453657189997e-03 3.329450687695351910e-03
-1.839999999999997193e-02 3.163157011473287779e-06 1.303686154191311276e-03 2.401100823884175055e-03
-6.000000000000005329e-03 1.582159387673992825e-06 9.099221549471762580e-04 1.674865791539046538e-03
6.499999999999950262e-03 7.478177547429296210e-07 6.142780844297086700e-04 1.128122485273715158e-03
1.890000000000013891e-02 3.324635916320946877e-07 4.003732909759628714e-04 7.324076530933783377e-04
3.140000000000009450e-02 1.378663428417230251e-07 2.514555486045300602e-04 4.574386164343139738e-04
4.380000000000006111e-02 5.248185765778554783e-08 1.518618004130371075e-04 2.743021405811303724e-04
5.630000000000001670e-02 1.654072561717029510e-08 8.799577545431167133e-05 1.575852982820493591e-04
6.869999999999998330e-02 3.587193440823243974e-09 4.880732941851833760e-05 8.653678246555662160e-05
8.109999999999994991e-02 0.000000000000000000e+00 2.585144453144324833e-05 4.531758060516560284e-05
9.360000000000012754e-02 0.000000000000000000e+00 1.304520621949165250e-05 2.257592584076141386e-05
1.060000000000000941e-01 0.000000000000000000e+00 6.256712320146453233e-06 1.067467367131829925e-05
1.185000000000000497e-01 0.000000000000000000e+00 2.836021026372254327e-06 4.760193709792938583e-06
1.309000000000000163e-01 0.000000000000000000e+00 1.204458524721151536e-06 1.984216942823625020e-06
1.432999999999999829e-01 0.000000000000000000e+00 4.739827856991497339e-07 7.607749154392915531e-07
1.558000000000001606e-01 0.000000000000000000e+00 1.682071532958263804e-07 2.566899266763784141e-07
1.682000000000001272e-01 0.000000000000000000e+00 4.962217685151088861e-08 7.114533749645034914e-08
1.807000000000000828e-01 0.000000000000000000e+00 1.076158032246973192e-08 1.076158032246973192e-08
1.931000000000000494e-01 0.000000000000000000e+00 0.000000000000000000e+00 0.000000000000000000e+00
2.056000000000000050e-01 0.000000000000000000e+00 0.000000000000000000e+00 0.000000000000000000e+00
2.179999999999999716e-01 0.000000000000000000e+00 0.000000000000000000e+00 0.000000000000000000e+00
2.304000000000001602e-01 0.000000000000000000e+00 0.000000000000000000e+00 0.000000000000000000e+00
2.429000000000001158e-01 0.000000000000000000e+00 0.000000000000000000e+00 0.000000000000000000e+00
2.553000000000000824e-01 0.000000000000000000e+00 0.000000000000000000e+00 0.000000000000000000e+00
2.678000000000000380e-01 0.000000000000000000e+00 0.000000000000000000e+00 0.000000000000000000e+00
2.802000000000000046e-01 0.000000000000000000e+00 0.000000000000000000e+00 0.000000000000000000e+00
2.926999999999999602e-01 0.000000000000000000e+00 0.000000000000000000e+00 0.000000000000000000e+00
3.051000000000001489e-01 0.000000000000000000e+00 0.000000000000000000e+00 0.000000000000000000e+00
3.175000000000001155e-01 0.000000000000000000e+00 0.000000000000000000e+00 0.000000000000000000e+00
3.300000000000000711e-01 0.000000000000000000e+00 0.000000000000000000e+00 0.000000000000000000e+00
3.424000000000000377e-01 0.000000000000000000e+00 0.000000000000000000e+00 0.000000000000000000e+00
3.548999999999999932e-01 0.000000000000000000e+00 0.000000000000000000e+00 0.000000000000000000e+00
3.672999999999999599e-01 0.000000000000000000e+00 0.000000000000000000e+00 0.000000000000000000e+00
3.797000000000001485e-01 0.000000000000000000e+00 0.000000000000000000e+00 0.000000000000000000e+00
3.922000000000001041e-01 0.000000000000000000e+00 0.000000000000000000e+00 0.000000000000000000e+00
4.046000000000000707e-01 0.000000000000000000e+00 0.000000000000000000e+00 0.000000000000000000e+00
4.171000000000000263e-01 0.000000000000000000e+00 0.000000000000000000e+00 0.000000000000000000e+00
4.294999999999999929e-01 0.000000000000000000e+00 0.000000000000000000e+00 0.000000000000000000e+00
4.420000000000001705e-01 0.000000000000000000e+00 0.000000000000000000e+00 0.000000000000000000e+00
4.544000000000001371e-01 0.000000000000000000e+00 0.000000000000000000e+00 0.000000000000000000e+00
4.668000000000001037e-01 0.000000000000000000e+00 0.000000000000000000e+00 0.000000000000000000e+00
4.793000000000002814e-01 0.000000000000000000e+00 0.000000000000000000e+00 0.000000000000000000e+00
4.917000000000002480e-01 0.000000000000000000e+00 0.000000000000000000e+00 0.000000000000000000e+00
5.041999999999999815e-01 0.000000000000000000e+00 0.000000000000000000e+00 0.000000000000000000e+00
5.165999999999999481e-01 0.000000000000000000e+00 0.000000000000000000e+00 0.000000000000000000e+00
5.289999999999999147e-01 0.000000000000000000e+00 0.000000000000000000e+00 0.000000000000000000e+00
5.415000000000000924e-01 0.000000000000000000e+00 0.000000000000000000e+00 0.000000000000000000e+00
5.539000000000000590e-01 0.000000000000000000e+00 0.000000000000000000e+00 0.000000000000000000e+00
5.664000000000002366e-01 0.000000000000000000e+00 0.000000000000000000e+00 0.000000000000000000e+00
5.788000000000002032e-01 0.000000000000000000e+00 0.000000000000000000e+00 0.000000000000000000e+00
5.912999999999999368e-01 0.000000000000000000e+00 0.000000000000000000e+00 0.000000000000000000e+00
6.036999999999999034e-01 0.000000000000000000e+00 0.000000000000000000e+00 0.000000000000000000e+00
6.160999999999998700e-01 0.000000000000000000e+00 0.000000000000000000e+00 0.000000000000000000e+00
6.286000000000000476e-01 0.000000000000000000e+00 0.000000000000000000e+00 0.000000000000000000e+00
6.410000000000000142e-01 0.000000000000000000e+00 0.000000000000000000e+00 0.000000000000000000e+00
6.535000000000001918e-01 0.000000000000000000e+00 0.000000000000000000e+00 0.000000000000000000e+00
6.659000000000001585e-01 0.000000000000000000e+00 0.000000000000000000e+00 0.000000000000000000e+00
6.783000000000001251e-01 0.000000000000000000e+00 0.000000000000000000e+00 0.000000000000000000e+00
6.907999999999998586e-01 0.000000000000000000e+00 0.000000000000000000e+00 0.000000000000000000e+00
7.032000000000002693e-01 0.000000000000000000e+00 0.000000000000000000e+00 0.000000000000000000e+00
7.157000000000000028e-01 0.000000000000000000e+00 0.000000000000000000e+00 0.000000000000000000e+00
7.280999999999999694e-01 0.000000000000000000e+00 0.000000000000000000e+00 0.000000000000000000e+00
7.406000000000001471e-01 0.000000000000000000e+00 0.000000000000000000e+00 0.000000000000000000e+00
7.530000000000001137e-01 0.000000000000000000e+00 0.000000000000000000e+00 0.000000000000000000e+00
7.654000000000000803e-01 0.000000000000000000e+00 0.000000000000000000e+00 0.000000000000000000e+00
7.779000000000002579e-01 0.000000000000000000e+00 0.000000000000000000e+00 0.000000000000000000e+00
7.903000000000002245e-01 0.000000000000000000e+00 0.000000000000000000e+00 0.000000000000000000e+00
8.027999999999999581e-01 0.000000000000000000e+00 0.000000000000000000e+00 0.000000000000000000e+00
8.151999999999999247e-01 0.000000000000000000e+00 0.000000000000000000e+00 0.000000000000000000e+00
8.275999999999998913e-01 0.000000000000000000e+00 0.000000000000000000e+00 0.000000000000000000e+00
8.401000000000000689e-01 0.000000000000000000e+00 0.000000000000000000e+00 0.000000000000000000e+00
8.525000000000000355e-01 0.000000000000000000e+00 0.000000000000000000e+00 0.000000000000000000e+00
8.650000000000002132e-01 0.000000000000000000e+00 0.000000000000000000e+00 0.000000000000000000e+00
8.774000000000001798e-01 0.000000000000000000e+00 0.000000000000000000e+00 0.000000000000000000e+00
8.898999999999999133e-01 0.000000000000000000e+00 0.000000000000000000e+00 0.000000000000000000e+00
9.022999999999998799e-01 0.000000000000000000e+00 0.000000000000000000e+00 0.000000000000000000e+00
9.146999999999998465e-01 0.000000000000000000e+00 0.000000000000000000e+00 0.000000000000000000e+00
9.272000000000000242e-01 0.000000000000000000e+00 0.000000000000000000e+00 0.000000000000000000e+00
9.395999999999999908e-01 0.000000000000000000e+00 0.000000000000000000e+00 0.000000000000000000e+00
9.521000000000001684e-01 0.000000000000000000e+00 0.000000000000000000e+00 0.000000000000000000e+00
9.645000000000001350e-01 0.000000000000000000e+00 0.000000000000000000e+00 0.000000000000000000e+00
9.769999999999998685e-01 0.000000000000000000e+00 0.000000000000000000e+00 0.000000000000000000e+00
9.894000000000002792e-01 0.000000000000000000e+00 0.000000000000000000e+00 0.000000000000000000e+00
1.001800000000000246e+00 0.000000000000000000e+00 0.000000000000000000e+00 0.000000000000000000e+00
1.014299999999999979e+00 0.000000000000000000e+00 0.000000000000000000e+00 0.000000000000000000e+00
1.026699999999999946e+00 0.000000000000000000e+00 0.000000000000000000e+00 0.000000000000000000e+00
1.039200000000000124e+00 0.000000000000000000e+00 0.000000000000000000e+00 0.000000000000000000e+00
1.051600000000000090e+00 0.000000000000000000e+00 0.000000000000000000e+00 0.000000000000000000e+00
1.064000000000000057e+00 0.000000000000000000e+00 0.000000000000000000e+00 0.000000000000000000e+00
1.076500000000000234e+00 0.000000000000000000e+00 0.000000000000000000e+00 0.000000000000000000e+00
1.088900000000000201e+00 0.000000000000000000e+00 0.000000000000000000e+00 0.000000000000000000e+00
1.101399999999999935e+00 0.000000000000000000e+00 0.000000000000000000e+00 0.000000000000000000e+00
1.113799999999999901e+00 0.000000000000000000e+00 0.000000000000000000e+00 0.000000000000000000e+00
1.126300000000000079e+00 0.000000000000000000e+00 0.000000000000000000e+00 0.000000000000000000e+00
1.138700000000000045e+00 0.000000000000000000e+00 0.000000000000000000e+00 0.000000000000000000e+00
1.151100000000000012e+00 0.000000000000000000e+00 0.000000000000000000e+00 0.000000000000000000e+00
1.163600000000000190e+00 0.000000000000000000e+00 0.000000000000000000e+00 0.000000000000000000e+00
1.176000000000000156e+00 0.000000000000000000e+00 0.000000000000000000e+00 0.000000000000000000e+00
1.188499999999999890e+00 0.000000000000000000e+00 0.000000000000000000e+00 0.000000000000000000e+00
1.200899999999999856e+00 0.000000000000000000e+00 0.000000000000000000e+00 0.000000000000000000e+00
1.213300000000000267e+00 0.000000000000000000e+00 0.000000000000000000e+00 0.000000000000000000e+00
1.225800000000000001e+00 0.000000000000000000e+00 0.000000000000000000e+00 0.000000000000000000e+00
1.238199999999999967e+00 0.000000000000000000e+00 0.000000000000000000e+00 0.000000000000000000e+00
1.250700000000000145e+00 0.000000000000000000e+00 0.000000000000000000e+00 0.000000000000000000e+00
1.263100000000000112e+00 0.000000000000000000e+00 0.000000000000000000e+00 0.000000000000000000e+00
1.275599999999999845e+00 0.000000000000000000e+00 0.000000000000000000e+00 0.000000000000000000e+00
1.288000000000000256e+00 0.000000000000000000e+00 0.000000000000000000e+00 0.000000000000000000e+00
1.300400000000000222e+00 0.000000000000000000e+00 0.000000000000000000e+00 0.000000000000000000e+00
1.312899999999999956e+00 3.587193440823243974e-09 0.000000000000000000e+00 0.000000000000000000e+00
1.325299999999999923e+00 1.295353217634705112e-08 0.000000000000000000e+00 0.000000000000000000e+00
1.337800000000000100e+00 3.594113204061525604e-08 0.000000000000000000e+00 0.000000000000000000e+00
1.350200000000000067e+00 8.897167862476073612e-08 0.000000000000000000e+00 0.000000000000000000e+00
1.362600000000000033e+00 2.075507809667187287e-07 0.000000000000000000e+00 0.000000000000000000e+00
1.375100000000000211e+00 4.512952951514502357e-07 0.000000000000000000e+00 0.000000000000000000e+00
1.387500000000000178e+00 9.269005049966472323e-07 0.000000000000000000e+00 0.000000000000000000e+00
1.399999999999999911e+00 1.797914743501537721e-06 0.000000000000000000e+00 0.000000000000000000e+00
1.412399999999999878e+00 3.308215458826516857e-06 0.000000000000000000e+00 0.000000000000000000e+00
1.424900000000000055e+00 5.782719184470982347e-06 0.000000000000000000e+00 0.000000000000000000e+00
1.437300000000000022e+00 9.630161987229706862e-06 0.000000000000000000e+00 0.000000000000000000e+00
1.449699999999999989e+00 1.531380225530000049e-05 0.000000000000000000e+00 0.000000000000000000e+00
1.462200000000000166e+00 2.332250306810959803e-05 0.000000000000000000e+00 0.000000000000000000e+00
1.474600000000000133e+00 3.412249275223622034e-05 0.000000000000000000e+00 0.000000000000000000e+00
1.487099999999999866e+00 4.811921324457514657e-05 0.000000000000000000e+00 0.000000000000000000e+00
1.499500000000000277e+00 6.563202610709062174e-05 0.000000000000000000e+00 0.000000000000000000e+00
1.511900000000000244e+00 8.688389566456261918e-05 0.000000000000000000e+00 0.000000000000000000e+00
1.524399999999999977e+00 1.120156155090998285e-04 0.000000000000000000e+00 0.000000000000000000e+00
1.536799999999999944e+00 1.410973041422782783e-04 0.000000000000000000e+00 0.000000000000000000e+00
1.549300000000000122e+00 1.741476716073630778e-04 0.000000000000000000e+00 0.000000000000000000e+00
1.561700000000000088e+00 2.111516789966795993e-04 0.000000000000000000e+00 0.000000000000000000e+00
1.574200000000000266e+00 2.520792684245426810e-04 0.000000000000000000e+00 0.000000000000000000e+00
1.586600000000000232e+00 2.969092065053305081e-04 0.000000000000000000e+00 0.000000000000000000e+00
1.599000000000000199e+00 3.456415310008209433e-04 0.000000000000000000e+00 0.000000000000000000e+00
1.611499999999999932e+00 3.983106717556206657e-04 0.000000000000000000e+00 0.000000000000000000e+00
1.623899999999999899e+00 4.549760553706397163e-04 0.000000000000000000e+00 0.000000000000000000e+00
1.636400000000000077e+00 5.157030994563133620e-04 0.000000000000000000e+00 0.000000000000000000e+00
1.648800000000000043e+00 5.805333446745578226e-04 0.000000000000000000e+00 0.000000000000000000e+00
1.661300000000000221e+00 6.494808683191058765e-04 0.000000000000000000e+00 0.000000000000000000e+00
1.673700000000000188e+00 7.225523536517272638e-04 0.000000000000000000e+00 0.000000000000000000e+00
1.686100000000000154e+00 7.997810391276129931e-04 0.000000000000000000e+00 0.000000000000000000e+00
1.698599999999999888e+00 8.812762745815722791e-04 0.000000000000000000e+00 0.000000000000000000e+00
1.710999999999999854e+00 9.672326776658630391e-04 0.000000000000000000e+00 0.000000000000000000e+00
1.723500000000000032e+00 1.057910697284492963e-03 0.000000000000000000e+00 0.000000000000000000e+00
1.735899999999999999e+00 1.153571277622769545e-03 0.000000000000000000e+00 0.000000000000000000e+00
1.748299999999999965e+00 1.254386051419821221e-03 0.000000000000000000e+00 0.000000000000000000e+00
1.760800000000000143e+00 1.360381913215184596e-03 0.000000000000000000e+00 0.000000000000000000e+00
1.773200000000000109e+00 1.471414925650023310e-03 0.000000000000000000e+00 0.000000000000000000e+00
1.785699999999999843e+00 1.587209845189409361e-03 0.000000000000000000e+00 0.000000000000000000e+00
1.798100000000000254e+00 1.707426660338193366e-03 1.076158032246973192e-08 0.000000000000000000e+00
1.810599999999999987e+00 1.831755471991449629e-03 3.886059652904115172e-08 0.000000000000000000e+00
1.822999999999999954e+00 1.959980338887316268e-03 1.078233961218457747e-07 0.000000000000000000e+00
1.835399999999999920e+00 2.092024189305237772e-03 2.669150358742822084e-07 0.000000000000000000e+00
1.847900000000000098e+00 2.227940451826987585e-03 6.118907625776864954e-07 0.000000000000000000e+00
1.860300000000000065e+00 2.367891450571893170e-03 1.315025288925309535e-06 0.000000000000000000e+00
1.872800000000000242e+00 2.512098190554292766e-03 2.662116538545625967e-06 0.000000000000000000e+00
1.885200000000000209e+00 2.660804993908528950e-03 5.087968598101289095e-06 0.000000000000000000e+00
1.897600000000000176e+00 2.814243187981996849e-03 9.194170637457550359e-06 0.000000000000000000e+00
1.910099999999999909e+00 2.972610176534428231e-03 1.572735663208431429e-05 0.000000000000000000e+00
1.922499999999999876e+00 3.136044776078818555e-03 2.549789368412149398e-05 0.000000000000000000e+00
1.935000000000000053e+00 3.304606775551061169e-03 3.923263724647008978e-05 0.000000000000000000e+00
1.947400000000000020e+00 3.478263546345417359e-03 5.738074628930363237e-05 1.076158032246973192e-08
1.959900000000000198e+00 3.656864114562417833e-03 7.992059052487196968e-05 3.886059652904115172e-08
1.972300000000000164e+00 3.840145668655938448e-03 1.062341225380497480e-04 1.078233961218457747e-07
1.984700000000000131e+00 4.027749441771637240e-03 1.351087299468432801e-04 2.669150358742822084e-07
1.997199999999999864e+00 4.219278598911632878e-03 1.648912700531567207e-04 6.118907625776864954e-07
2.009600000000000275e+00 4.414370706907523763e-03 1.937658774619502528e-04 1.315025288925309535e-06
2.022100000000000009e+00 4.612768952477345856e-03 2.200794094751280447e-04 2.662116538545625967e-06
2.034499999999999975e+00 4.814387247633142124e-03 2.426192537106963481e-04 5.087968598101289095e-06
2.046899999999999942e+00 5.019327493575849106e-03 2.607781243338523256e-04 9.194170637457550359e-06
2.059400000000000119e+00 5.227877941775743893e-03 2.745409669124075462e-04 1.572735663208431429e-05
2.071800000000000086e+00 5.440458731841146291e-03 2.843804667640375075e-04 2.549789368412149398e-05
2.084300000000000264e+00 5.657568268109312501e-03 2.910727443984167354e-04 3.923263724647008978e-05
2.096700000000000230e+00 5.879753701424053972e-03 2.955239221644763545e-04 5.738074628930363237e-05
2.109199999999999964e+00 6.107588584933668074e-03 2.986529087503796880e-04 7.992059052487196968e-05
2.121599999999999930e+00 6.341704239953023688e-03 3.013470912496203137e-04 1.062341225380497480e-04
2.133999999999999897e+00 6.582822861532690133e-03 3.044868394158461024e-04 1.351087299468432801e-04
2.146500000000000075e+00 6.831797501909497167e-03 3.089661161981123124e-04 1.648912700531567207e-04
2.158900000000000041e+00 7.089609345517885325e-03 3.157273566320842914e-04 1.937658774619502528e-04
2.171400000000000219e+00 7.357313328162915118e-03 3.257259481234667437e-04 2.200794094751280447e-04
2.183800000000000185e+00 7.635933867611932081e-03 3.398337664287252240e-04 2.426192537106963481e-04
2.196200000000000152e+00 7.926335573268973589e-03 3.586957715782289010e-04 2.607673627535299246e-04
2.208699999999999886e+00 8.229088106337514169e-03 3.825934686437400538e-04 2.745021063158785001e-04
2.221099999999999852e+00 8.544391127040010595e-03 4.113609517326800163e-04 2.842726433679156560e-04
2.233600000000000030e+00 8.872055511473721234e-03 4.444107239804226048e-04 2.908058293625423929e-04
2.245999999999999996e+00 9.211576351756246492e-03 4.808855417211152462e-04 2.949120314018987524e-04
2.258500000000000174e+00 9.562251128080281534e-03 5.198756619086493565e-04 2.973378834614543863e-04
2.270900000000000141e+00 9.923325206412671878e-03 5.606270720105233692e-04 2.986957362913971272e-04
2.283300000000000107e+00 1.029411782133803598e-02 6.026728781188680443e-04 2.994269698339513093e-04
2.295799999999999841e+00 1.067410025745879273e-02 6.458147824730322032e-04 2.998409083602475368e-04
2.308200000000000252e+00 1.106291493942736757e-02 6.900382228875076270e-04 3.001590916397524106e-04
2.320699999999999985e+00 1.146034204808906061e-02 7.353756449827175429e-04 3.005730301660486381e-04
2.333099999999999952e+00 1.186624264097188228e-02 7.818068838623982173e-04 3.013042637086028202e-04
2.345600000000000129e+00 1.228049159348175434e-02 8.292363329795666765e-04 3.026621165385456696e-04
2.358000000000000096e+00 1.270292943083994527e-02 8.774990163609604470e-04 3.050879685981013035e-04
2.370400000000000063e+00 1.313336327490772192e-02 9.264206109408661041e-04 3.091941706374575546e-04
2.382900000000000240e+00 1.357157056616561594e-02 9.758506802023335890e-04 3.157273566320842914e-04
2.395300000000000207e+00 1.401735654033456693e-02 1.025683168621509224e-03 3.254978936841214474e-04
2.407799999999999940e+00 1.447058894765103874e-02 1.075879770578319758e-03 3.392326372464700228e-04
2.420200000000000351e+00 1.493123121701840639e-02 1.126477222189830631e-03 3.573807462893035993e-04
2.432599999999999874e+00 1.539938219816456774e-02 1.177596078176759925e-03 3.799205905248719027e-04
2.445100000000000051e+00 1.587534261991884604e-02 1.229457398346798895e-03 4.062341225380496404e-04
2.457500000000000462e+00 1.635977224604892588e-02 1.282342244610041974e-03 4.351266659140474091e-04
2.469999999999999751e+00 1.685394129675150607e-02 1.336581200808741911e-03 4.649560377140384742e-04
2.482400000000000162e+00 1.736015414051650732e-02 1.392531138067986535e-03 4.939455831221532941e-04
2.494900000000000340e+00 1.788231350130019270e-02 1.450630966225746610e-03 5.205242678682517419e-04
2.507299999999999862e+00 1.842657968374396965e-02 1.511517348281601674e-03 5.436498332286482946e-04
2.519700000000000273e+00 1.900202092907611606e-02 1.576165040775167562e-03 5.629979321649344112e-04
2.532200000000000450e+00 1.962108518849085825e-02 1.646034363517301542e-03 5.790467906095763404e-04
2.544599999999999973e+00 2.029974366094730240e-02 1.723193048983822240e-03 5.930302676476147160e-04
2.557100000000000151e+00 2.105715483515490857e-02 1.810336306371607834e-03 6.067801984507450010e-04
2.569499999999999673e+00 2.191479847058068475e-02 1.910683896630860964e-03 6.225471411404197601e-04
2.581900000000000084e+00 2.289520835667989418e-02 2.027802060012436416e-03 6.427634045094099890e-04
2.594400000000000261e+00 2.402054536650229805e-02 2.165357839914061177e-03 6.697833243961929259e-04
2.606799999999999784e+00 2.531129537962088435e-02 2.326875253734169043e-03 7.055707429091735055e-04
2.619299999999999962e+00 2.678538436028713929e-02 2.515541699938239357e-03 7.514313657389975684e-04
2.631700000000000372e+00 2.845771768595969919e-02 2.734108422673148936e-03 8.078125863990472501e-04
2.644199999999999662e+00 3.034003789253893885e-02 2.984817813906004078e-03 8.742199152245773040e-04
2.656600000000000072e+00 3.244078373222551021e-02 3.269376668742770848e-03 9.493389734480404745e-04
2.669000000000000483e+00 3.476468239598034388e-02 3.588899968051431112e-03 1.031301406466986030e-03
2.681499999999999773e+00 3.731200347812488327e-02 3.943824411978399599e-03 1.118011669920489226e-03
2.693900000000000183e+00 4.007762519475095014e-02 4.333809359216572385e-03 1.207497825474164801e-03
2.706400000000000361e+00 4.305033190261670084e-02 4.757687683246164534e-03 1.298163163884819742e-03
2.718799999999999883e+00 4.621274529024832489e-02 5.213452613565741980e-03 1.388918067525042902e-03
2.731200000000000294e+00 4.954216201365903988e-02 5.698345593042158409e-03 1.479233462112523748e-03
2.743700000000000472e+00 5.301224052448893359e-02 6.209035159086043719e-03 1.569100724056514753e-03
2.756099999999999994e+00 5.659519724397941987e-02 6.741806020741307470e-03 1.658957142061003335e-03
2.768600000000000172e+00 6.026402580419115695e-02 7.292798233259397550e-03 1.749551450266262874e-03
2.780999999999999694e+00 6.399424272177417494e-02 7.858193955534545014e-03 1.841816408158273048e-03
2.793499999999999872e+00 6.776491455237657058e-02 8.434381292007990180e-03 1.936713678076280084e-03
2.805900000000000283e+00 7.155891823398730089e-02 9.018078633292434670e-03 2.035045434357102018e-03
2.818299999999999805e+00 7.536263724572943301e-02 9.606360416883907155e-03 2.137312178082101301e-03
2.830799999999999983e+00 7.916536979072848201e-02 1.019666313429619386e-02 2.243574575464212656e-03
2.843200000000000394e+00 8.295866086511542725e-02 1.078673646817240699e-02 2.353373200576653560e-03
2.855699999999999683e+00 8.673578243775392771e-02 1.137462069129232048e-02 2.465759671491187400e-03
2.868100000000000094e+00 9.049135536925498324e-02 1.195864817417796946e-02 2.579417710984378224e-03
2.880499999999999616e+00 9.422113783244322194e-02 1.253750318609638675e-02 2.692935152276810119e-03
2.892999999999999794e+00 9.792187099589365340e-02 1.311027334807508826e-02 2.805057290293264376e-03
2.905400000000000205e+00 1.015911568789951980e-01 1.367648467952127175e-02 2.915002855435309265e-03
2.917900000000000382e+00 1.052273225977082144e-01 1.423609127005170255e-02 3.022644929347961980e-03
2.930299999999999905e+00 1.088292720461748742e-01 1.478935451383689773e-02 3.128519563941713384e-03
2.942800000000000082e+00 1.123963026417350297e-01 1.533668055186001439e-02 3.233628454121823155e-03
2.955200000000000493e+00 1.159278486856897689e-01 1.587840457685394183e-02 3.339131198607933008e-03
2.967600000000000016e+00 1.194233991512751170e-01 1.641467631293537163e-02 3.445998210090966789e-03
2.980100000000000193e+00 1.228821686811876757e-01 1.694534696053465878e-02 3.554714448030611360e-03
2.992499999999999716e+00 1.263026783917211293e-01 1.746997220118635952e-02 3.665154162726821929e-03
3.004999999999999893e+00 1.296820777589545448e-01 1.798783135122688365e-02 3.776656934806934315e-03
3.017400000000000304e+00 1.330151103045578986e-01 1.849793178800811927e-02 3.888284705050608272e-03
3.029900000000000482e+00 1.362926718620206534e-01 1.899893683880681666e-02 3.999069871579731192e-03
3.042300000000000004e+00 1.395001245408795665e-01 1.948903572902581718e-02 4.108302994475003522e-03
3.054700000000000415e+00 1.426156719206408685e-01 1.996572139529181195e-02 4.215646998043259992e-03
3.067199999999999704e+00 1.456093065964069455e-01 2.042560968545974187e-02 4.321095112647201954e-03
3.079600000000000115e+00 1.484431060779661804e-01 2.086435197097189637e-02 4.424811408206883942e-03
3.092100000000000293e+00 1.510734871703622861e-01 2.127677242697845195e-02 4.526988549394833465e-03
3.104499999999999815e+00 1.534556542091327080e-01 2.165726018273631676e-02 4.627776158785847430e-03
3.116900000000000226e+00 1.555497473711049961e-01 2.200039656624097270e-02 4.727300160428882236e-03
3.129400000000000404e+00 1.573275926895496279e-01 2.230173524503840238e-02 4.825861749432575759e-03
3.141799999999999926e+00 1.587785182097123382e-01 2.255863420963117802e-02 4.924104095686597862e-03
3.154300000000000104e+00 1.599126936082856665e-01 2.277089145669974890e-02 5.023046138931791180e-03
3.166699999999999626e+00 1.607614363538372171e-01 2.294129732507409203e-02 5.124009219141518849e-03
3.179199999999999804e+00 1.613745439550194893e-01 2.307590172797063799e-02 5.228431587767747198e-03
3.191600000000000215e+00 1.618155991124309301e-01 2.318411269276327707e-02 5.337631107079532540e-03
3.203999999999999737e+00 1.621564162091621020e-01 2.327858480409616265e-02 5.452788805181079008e-03
3.216499999999999915e+00 1.624715764131592632e-01 2.337493452381367298e-02 5.575170841088276236e-03
3.228900000000000325e+00 1.628335323530952505e-01 2.349142087202893414e-02 5.706603000113039982e-03
3.241400000000000503e+00 1.633084070134918353e-01 2.364847686492924095e-02 5.850082805990280965e-03
3.253800000000000026e+00 1.639525554032626453e-01 2.386813330485800660e-02 6.010323337976477241e-03
3.266200000000000436e+00 1.648099229954232969e-01 2.417310595651509658e-02 6.193906270933469127e-03
3.278699999999999726e+00 1.659104610115279543e-01 2.458544260257663344e-02 6.408911551172749577e-03
3.291100000000000136e+00 1.672696348882004025e-01 2.512452376555985439e-02 6.663912346916743730e-03
3.303600000000000314e+00 1.688889743901425544e-01 2.580457630013278242e-02 6.966527918348348024e-03
3.315999999999999837e+00 1.707574410022411060e-01 2.663207762821682631e-02 7.321757865212471898e-03
3.328500000000000014e+00 1.728534832555709277e-01 2.760387609645603008e-02 7.730647318804061488e-03
3.340900000000000425e+00 1.751477949626003838e-01 2.870681424502702361e-02 8.189705156439497022e-03
3.353299999999999947e+00 1.776068746475451543e-01 2.991939972614240245e-02 8.691381311865588669e-03
3.365800000000000125e+00 1.801973225471435458e-01 3.121553440929539236e-02 9.225612488309459930e-03
3.378199999999999648e+00 1.828903913187618913e-01 3.256950942424750861e-02 9.782138286171752212e-03
3.390699999999999825e+00 1.856661513905370209e-01 3.396087335785163280e-02 1.035284746292040176e-02
3.403100000000000236e+00 1.885161482719825699e-01 3.537783844644609710e-02 1.093359131441313560e-02
3.415499999999999758e+00 1.914439320836286429e-01 3.681819072115161129e-02 1.152476810718315418e-02
3.427999999999999936e+00 1.944632514169966353e-01 3.828743654354316295e-02 1.213058979523498962e-02
3.440400000000000347e+00 1.975944742055241177e-01 3.979469741567413787e-02 1.275729336079711729e-02
3.452899999999999636e+00 2.008603126233698133e-01 4.134763324604502632e-02 1.341076881952456105e-02
3.465300000000000047e+00 2.042822548205818212e-01 4.294797587342369383e-02 1.409448521986852304e-02
3.477800000000000225e+00 2.078788514307924884e-01 4.458902654865123938e-02 1.480833558862526197e-02
3.490199999999999747e+00 2.116663809139574526e-01 4.625599738264415950e-02 1.554871947338747930e-02
3.502600000000000158e+00 2.156616118978024466e-01 4.792917142255281870e-02 1.630985539872546394e-02
3.515100000000000335e+00 2.198857488858403375e-01 4.958907318108940476e-02 1.708583580044554032e-02
3.527499999999999858e+00 2.243680620701427597e-01 5.122208454356880908e-02 1.787285297510934207e-02
3.540000000000000036e+00 2.291479409140592394e-01 5.282482908482014072e-02 1.867078300508835664e-02
3.552400000000000446e+00 2.342745466072189420e-01 5.440595817131143458e-02 1.948372795725489964e-02
3.564799999999999969e+00 2.398041305144073543e-01 5.598492855456680545e-02 2.031948356648695386e-02
3.577300000000000146e+00 2.457957078737568746e-01 5.758812826995581696e-02 2.118804291722961586e-02
3.589699999999999669e+00 2.523063852454671685e-01 5.924385322662789610e-02 2.209979666191577707e-02
3.602199999999999847e+00 2.593870755235619385e-01 6.097753188031982546e-02 2.306395642352685599e-02
3.614600000000000257e+00 2.670789149827893505e-01 6.280845933939777082e-02 2.408747376004435198e-02
3.627100000000000435e+00 2.754088375267941813e-01 6.474834209259869300e-02 2.517456436373351203e-02
3.639499999999999957e+00 2.843842281500489344e-01 6.680128816634076094e-02 2.632657039088928674e-02
3.651900000000000368e+00 2.939854589802934348e-01 6.896449858881040229e-02 2.754189499295215185e-02
3.664399999999999658e+00 3.041570959104732963e-01 7.122882300501115482e-02 2.881568460846157045e-02
3.676800000000000068e+00 3.148004353581652093e-01 7.357898331887677279e-02 3.013941499114173792e-02
3.689300000000000246e+00 3.257705600171910687e-01 7.599355466132892700e-02 3.150054899291346300e-02
3.701699999999999768e+00 3.368816083028144948e-01 7.844531388757529367e-02 3.288268726237614931e-02
3.714199999999999946e+00 3.479227793761066057e-01 8.090276020709077920e-02 3.426656040146063703e-02
3.726600000000000357e+00 3.586823080358926275e-01 8.333265520497711021e-02 3.563181251407675915e-02
3.738999999999999879e+00 3.689749993948115980e-01 8.570339217043648761e-02 3.695923545737178628e-02
3.751500000000000057e+00 3.786650540966894907e-01 8.798823263345394163e-02 3.823284018981101817e-02
3.763900000000000468e+00 3.876759059681978981e-01 9.016715055574178739e-02 3.944104997576164395e-02
3.776399999999999757e+00 3.959818075893275502e-01 9.222633594864348971e-02 4.057654593063274306e-02
3.788800000000000168e+00 4.035815622087703392e-01 9.415504696650892069e-02 4.163464904930148924e-02
3.801199999999999690e+00 4.104615141924137234e-01 9.594063601098987148e-02 4.261081596371687347e-02
3.813699999999999868e+00 4.165594870199347266e-01 9.756316210076443340e-02 4.349797747848138663e-02
3.826100000000000279e+00 4.217426934714160192e-01 9.899175940442771215e-02 4.428480206769257188e-02
3.838600000000000456e+00 4.258089183499110808e-01 1.001844905402230201e-01 4.495558800624982476e-02
3.850999999999999979e+00 4.285129876399574878e-01 1.010925055155432462e-01 4.549190636477493804e-02
3.863500000000000156e+00 4.296122949383324729e-01 1.016678659397029505e-01 4.587574017601558918e-02
3.875899999999999679e+00 4.289189390368507993e-01 1.018733181159982015e-01 4.609311015233146652e-02
3.888300000000000090e+00 4.263429742825358693e-01 1.016907095005305101e-01 4.613702838351696478e-02
3.900800000000000267e+00 4.219161673158189352e-01 1.011266765762801056e-01 4.600923255166632780e-02
3.913199999999999790e+00 4.157900852683925619e-01 1.002131714549171770e-01 4.572003746636806032e-02
3.925699999999999967e+00 4.082115457489865484e-01 9.900334766065323200e-02 4.528666560771611727e-02
3.938100000000000378e+00 3.994841341100868748e-01 9.756407733248970149e-02 4.473063230574039068e-02
3.950499999999999901e+00 3.899270387432888785e-01 9.596735359741098703e-02 4.407503004468397989e-02
3.963000000000000078e+00 3.798410517959777688e-01 9.428261164852891341e-02 4.334241226451761297e-02
3.975400000000000489e+00 3.694872220332959811e-01 9.257122623876146150e-02 4.255349059198208772e-02
3.987899999999999778e+00 3.590784255022027582e-01 9.088337698993773084e-02 4.172661856526659052e-02
4.000300000000000189e+00 3.487804716812753503e-01 8.925655139244656477e-02 4.087772157235086690e-02
4.012800000000000367e+00 3.387176317233828726e-01 8.771485463057507315e-02 4.002021440733328356e-02
4.025199999999999889e+00 3.289779753766577386e-01 8.626843479794177316e-02 3.916472067123455414e-02
4.037600000000000300e+00 3.196167879977547255e-01 8.491324763849163182e-02 3.831853488205790026e-02
4.050100000000000477e+00 3.106571664128957577e-01 8.363174581459445478e-02 3.748507689655720260e-02
4.062500000000000000e+00 3.020903521447181328e-01 8.239528900860980387e-02 3.666372278292139714e-02
4.075000000000000178e+00 2.938774718221180415e-01 8.116851869653293750e-02 3.585028986391269878e-02
4.087399999999999700e+00 2.859537281879795390e-01 7.991508839614677728e-02 3.503817656245723083e-02
4.099800000000000111e+00 2.782352716800720049e-01 7.860345885635777741e-02 3.421991078034654354e-02
4.112300000000000288e+00 2.706272619585314287e-01 7.721123736371010571e-02 3.338867716483255588e-02
4.124699999999999811e+00 2.630315657146988784e-01 7.572690806610886394e-02 3.253934986375137117e-02
4.137199999999999989e+00 2.553543724417517424e-01 7.414919813012212091e-02 3.166896614992447540e-02
4.149600000000000399e+00 2.475123651548098713e-01 7.248444537573969781e-02 3.077660779165668214e-02
4.162099999999999689e+00 2.394384154798205322e-01 7.074330864507756556e-02 2.986294234516327986e-02
4.174500000000000099e+00 2.310868650797058554e-01 6.893815558376824304e-02 2.892977353029854704e-02
4.186899999999999622e+00 2.224383387007298485e-01 6.708166884400403041e-02 2.797973272814823290e-02
4.199399999999999800e+00 2.135034350408231141e-01 6.518695089769482864e-02 2.701627717656385208e-02
4.211800000000000210e+00 2.043244744954142711e-01 6.326872366178670770e-02 2.604382480399541899e-02
4.224300000000000388e+00 1.949747311049753462e-01 6.134503045117085246e-02 2.506800916978789082e-02
4.236699999999999910e+00 1.855550053997711002e-01 5.943871951328690006e-02 2.409591722112000220e-02
4.249100000000000321e+00 1.761876883579519548e-01 5.757805853420295411e-02 2.313617365139905568e-02
4.261600000000000499e+00 1.670087586796458468e-01 5.579603214612565559e-02 2.219887271458249184e-02
4.274000000000000021e+00 1.581582294514710108e-01 5.412812349548344615e-02 2.129520960620488734e-02
4.286500000000000199e+00 1.497696615846763057e-01 5.260870660681252892e-02 2.043683506176506570e-02
4.298899999999999721e+00 1.419601036133356919e-01 5.126708488735197411e-02 1.963501676705693352e-02
4.311399999999999899e+00 1.348204953002625772e-01 5.012314335172142477e-02 1.889948538583768184e-02
4.323800000000000310e+00 1.284089196627086760e-01 4.918469218493187745e-02 1.823745755656296791e-02
4.336199999999999832e+00 1.227469456084184646e-01 4.844657018526846159e-02 1.765279326930460635e-02
4.348700000000000010e+00 1.178198086823286223e-01 4.789197176520830490e-02 1.714555218199264805e-02
4.361100000000000421e+00 1.135803508139536233e-01 4.749562415033301011e-02 1.671207582033799877e-02
4.373599999999999710e+00 1.099561062949453577e-01 4.722799244298922505e-02 1.634551046601936258e-02
4.386000000000000121e+00 1.068584268564735651e-01 4.705952975142364825e-02 1.603678040078759803e-02
4.398500000000000298e+00 1.041922294017377792e-01 4.696401008978552671e-02 1.577574519095796199e-02
4.410899999999999821e+00 1.018648974139712976e-01 4.692048589556242766e-02 1.555229691801411109e-02
4.423300000000000232e+00 9.979323327495236151e-02 4.691381775816204358e-02 1.535727133785524598e-02
4.435800000000000409e+00 9.790782439050654817e-02 4.693409427222151181e-02 1.518297761386821869e-02
4.448199999999999932e+00 9.615464554011651788e-02 4.697540896204947802e-02 1.502342160827631681e-02
4.460700000000000109e+00 9.449439620874935941e-02 4.703451996765423831e-02 1.487428594783798443e-02
4.473099999999999632e+00 9.290031613124952181e-02 4.710969457076840533e-02 1.473273777544142904e-02
4.485500000000000043e+00 9.135534120899391208e-02 4.719990962935893125e-02 1.459721578688589344e-02
4.498000000000000220e+00 8.984925706526890321e-02 4.730439374542022568e-02 1.446714436901457707e-02
4.510399999999999743e+00 8.837628567794353351e-02 4.742247735646973328e-02 1.434264928825403768e-02
4.522899999999999920e+00 8.693335668760605872e-02 4.755359062723908681e-02 1.422421468535192517e-02
4.535300000000000331e+00 8.551893539963345559e-02 4.769734975684008366e-02 1.411238277328934893e-02
4.547799999999999621e+00 8.413229573965631813e-02 4.785359938563256421e-02 1.400746870814431611e-02
4.560200000000000031e+00 8.277311255638901411e-02 4.802245200470441067e-02 1.390939146657805062e-02
4.572600000000000442e+00 8.144119565412817618e-02 4.820428704924206720e-02 1.381766518929686445e-02
4.585099999999999731e+00 8.013641320148452707e-02 4.839955091646586105e-02 1.373145786661301472e-02
4.597500000000000142e+00 7.885860378006184779e-02 4.860867677594107872e-02 1.364978567788854499e-02
4.610000000000000320e+00 7.760754191788683809e-02 4.883191034178709089e-02 1.357167371858238047e-02
4.622399999999999842e+00 7.638299704437923054e-02 4.906919616673190154e-02 1.349633982029754126e-02
4.634800000000000253e+00 7.518481884946461025e-02 4.932013889142757013e-02 1.342329119996482981e-02
4.647300000000000431e+00 7.401304328340083116e-02 4.958414867189631786e-02 1.335232440214980179e-02
4.659699999999999953e+00 7.286799905059648808e-02 4.986068915519714650e-02 1.328352679121904203e-02
4.672200000000000131e+00 7.175037919558716060e-02 5.014971380876942497e-02 1.321718954900923809e-02
4.684599999999999653e+00 7.066129850852581606e-02 5.045216466764076979e-02 1.315376769369607651e-02
4.697099999999999831e+00 6.960232841944859195e-02 5.077054144057153995e-02 1.309390915354247814e-02
4.709500000000000242e+00 6.857554878509959650e-02 5.110937731786240057e-02 1.303846935985823394e-02
4.721899999999999764e+00 6.758359836714945834e-02 5.147556771250230701e-02 1.298863090898244588e-02
4.734399999999999942e+00 6.662971390019915841e-02 5.187843838686386627e-02 1.294585953028571171e-02
4.746800000000000352e+00 6.571769326833648561e-02 5.232943766172400840e-02 1.291187318914797932e-02
4.759299999999999642e+00 6.485174531093954031e-02 5.284143299140510452e-02 1.288844775815744560e-02
4.771700000000000053e+00 6.403616801809010328e-02 5.342751069664995744e-02 1.287712016696508643e-02
4.784100000000000463e+00 6.327646913040915755e-02 5.409949106325094570e-02 1.287906514152547741e-02
4.796599999999999753e+00 6.257461654846957488e-02 5.486605705087688190e-02 1.289459684680477683e-02
4.809000000000000163e+00 6.193418615099036822e-02 5.573117077779209116e-02 1.292347099546862360e-02
4.821500000000000341e+00 6.135747941944220268e-02 5.669267456206945888e-02 1.296480485427563625e-02
4.833899999999999864e+00 6.084688224086914898e-02 5.774166352283979786e-02 1.301732220156963903e-02
4.846400000000000041e+00 6.040593547094504079e-02 5.886280145246360757e-02 1.307968036175285662e-02
4.858800000000000452e+00 6.004027290035277020e-02 6.003558762222120648e-02 1.315070280370613139e-02
4.871199999999999974e+00 5.975753858050577433e-02 6.123644841934051952e-02 1.322952239702157931e-02
4.883700000000000152e+00 5.956521180035624641e-02 6.244129769771310928e-02 1.331549843615108253e-02
4.896099999999999675e+00 5.946562006887867041e-02 6.362811175583869827e-02 1.340791996389265398e-02
4.908599999999999852e+00 5.944873710778209031e-02 6.477906156299992335e-02 1.350554541839510056e-02
4.921000000000000263e+00 5.948504204318841998e-02 6.588193743000589353e-02 1.360615707092730983e-02
4.933399999999999785e+00 5.952225653361437052e-02 6.693084891942421844e-02 1.370642179887696793e-02
4.945899999999999963e+00 5.948981479549140389e-02 6.792624757403110947e-02 1.380229241271213950e-02
4.958300000000000374e+00 5.931279602154309466e-02 6.887456761357169110e-02 1.389003563932414073e-02
4.970799999999999663e+00 5.893303595030461445e-02 6.978764650459780283e-02 1.396776261827126393e-02
4.983200000000000074e+00 5.833100910070117967e-02 7.068221835683823062e-02 1.403702826158529336e-02
4.995700000000000252e+00 5.754012428250811217e-02 7.157945282987807079e-02 1.410397951942686003e-02
5.008099999999999774e+00 5.664700887640059662e-02 7.250454187809074469e-02 1.417962040464115260e-02
5.020500000000000185e+00 5.577646249051200489e-02 7.348624652589316741e-02 1.427909365800785098e-02
5.033000000000000362e+00 5.506578832368601295e-02 7.455615967838402636e-02 1.442016197705516325e-02
5.045399999999999885e+00 5.463707092506582541e-02 7.574758981071220976e-02 1.462129459601972659e-02
5.057900000000000063e+00 5.457587659438226102e-02 7.709386039823817871e-02 1.489982105150633451e-02
5.070300000000000473e+00 5.492139673117916315e-02 7.862616072321641780e-02 1.527038099594083508e-02
5.082699999999999996e+00 5.566824614022090195e-02 8.037104636683993497e-02 1.574382575528752298e-02
5.095200000000000173e+00 5.677647095026586155e-02 8.234802789045855831e-02 1.632647612256240069e-02
5.107599999999999696e+00 5.818495695098692411e-02 8.456761632442932886e-02 1.701980011108272794e-02
5.120099999999999874e+00 5.982416457492745893e-02 8.703021612072325830e-02 1.782050850929629837e-02
5.132500000000000284e+00 6.162576908886745891e-02 8.972614845730339517e-02 1.872109825265397612e-02
5.145000000000000462e+00 6.352886733142518172e-02 9.263600162307480956e-02 1.971037028116172721e-02
5.157399999999999984e+00 6.548289780580618391e-02 9.573317424273393439e-02 2.077520081198241247e-02
5.169800000000000395e+00 6.744792130947749320e-02 9.898547455392958661e-02 2.190135334202701969e-02
5.182299999999999685e+00 6.939331735448286964e-02 1.023574288466316956e-01 2.307459622130932780e-02
5.194700000000000095e+00 7.129475212560634767e-02 1.058119198795244714e-01 2.428117812334219458e-02
5.207200000000000273e+00 7.313392128258082436e-02 1.093110154495750275e-01 2.550788984312622396e-02
5.219599999999999795e+00 7.489015721576974816e-02 1.128155158342892539e-01 2.674093379235505802e-02
5.232099999999999973e+00 7.654228969337607824e-02 1.162836139517763878e-01 2.796487358159019734e-02
5.244500000000000384e+00 7.806527330266126163e-02 1.196691961372778473e-01 2.916112086790444147e-02
5.256899999999999906e+00 7.943023624066013200e-02 1.229207256983541885e-01 3.030708171897660702e-02
5.269400000000000084e+00 8.060652242017267433e-02 1.259818868738665221e-01 3.137659194187242956e-02
5.281800000000000495e+00 8.156563083179659002e-02 1.287947301670686606e-01 3.234206881493353891e-02
5.294299999999999784e+00 8.228646481174395344e-02 1.313057832102737799e-01 3.317867423032370977e-02
5.306700000000000195e+00 8.276054981447394931e-02 1.334739660197232225e-01 3.386960655407088294e-02
5.319099999999999717e+00 8.299559832397204739e-02 1.352785407269720963e-01 3.441129058357664944e-02
5.331599999999999895e+00 8.301625738302441382e-02 1.367249376021038854e-01 3.481673789385458101e-02
5.344000000000000306e+00 8.286166367116874765e-02 1.378469988113022460e-01 3.511582599675806132e-02
5.356500000000000483e+00 8.258061004693977025e-02 1.387055625512684798e-01 3.535221870161583263e-02
5.368900000000000006e+00 8.222576392072597495e-02 1.393845748952481645e-01 3.557771916293744896e-02
5.381400000000000183e+00 8.184850407133811845e-02 1.399864270102823272e-01 3.584560593053250782e-02
5.393799999999999706e+00 8.149520273378732527e-02 1.406273758489301751e-01 3.620453712753947395e-02
5.406200000000000117e+00 8.120490253171994133e-02 1.414327960900108039e-01 3.669402504256819714e-02
5.418700000000000294e+00 8.100755998739786468e-02 1.425304973124391916e-01 3.734161027183192927e-02
5.431099999999999817e+00 8.092207230478934421e-02 1.440408121954099840e-01 3.816121522141403821e-02
5.443599999999999994e+00 8.095383131177920355e-02 1.460634391853901093e-01 3.915228093088948119e-02
5.456000000000000405e+00 8.109242776451434931e-02 1.486633643973418739e-01 4.029956225281807608e-02
5.468399999999999928e+00 8.131055883795633432e-02 1.518596783693275942e-01 4.157385725385937675e-02
5.480900000000000105e+00 8.156524704425825723e-02 1.556211527097103586e-01 4.293406711135701326e-02
5.493299999999999628e+00 8.180149104376710500e-02 1.598703508621502345e-01 4.433071803678739764e-02
5.505799999999999805e+00 8.195795534326584530e-02 1.644953044549387899e-01 4.571046611451160674e-02
5.518200000000000216e+00 8.197358204360065403e-02 1.693655482133410439e-01 4.702080643878918387e-02
5.530700000000000394e+00 8.179371157243828239e-02 1.743480519731098743e-01 4.821414341225861711e-02
5.543099999999999916e+00 8.137490476645822812e-02 1.793193134545409406e-01 4.925046912176506836e-02
5.555500000000000327e+00 8.068798861907514053e-02 1.841720655490905467e-01 5.009879675191090259e-02
5.567999999999999616e+00 7.971983446835925746e-02 1.888152236280857821e-01 5.073649061324897458e-02
5.580400000000000027e+00 7.847421939991693074e-02 1.931714684555250194e-01 5.114895893495187418e-02
5.592900000000000205e+00 7.697176120411175493e-02 1.971722433705709321e-01 5.132841439107701381e-02
5.605299999999999727e+00 7.524905569168749420e-02 2.007539889430941249e-01 5.127313887272019755e-02
5.617700000000000138e+00 7.335643573713443444e-02 2.038568398285351968e-01 5.098737521129737688e-02
5.630200000000000315e+00 7.135385231914670445e-02 2.064263530241402245e-01 5.048158634575624498e-02
5.642599999999999838e+00 6.930480157151733267e-02 2.084177283659013336e-01 4.977284059572460034e-02
5.655100000000000016e+00 6.726881488733849057e-02 2.098007832837964493e-01 4.888475739161350642e-02
5.667500000000000426e+00 6.529409686698060822e-02 2.105644771998858578e-01 4.784669875618028506e-02
5.679999999999999716e+00 6.341167522641918963e-02 2.107188952970523721e-01 4.669195084249742889e-02
5.692400000000000126e+00 6.163256562816957218e-02 2.102940588999733795e-01 4.545509250958411351e-02
5.704799999999999649e+00 5.994834745923013214e-02 2.093353127359878774e-01 4.416881316432463844e-02
5.717299999999999827e+00 5.833467819991308700e-02 2.078965400898036553e-01 4.286086066426914726e-02
5.729700000000000237e+00 5.675635693191917464e-02 2.060324213390559156e-01 4.155147953293479579e-02
5.742200000000000415e+00 5.517233453477973781e-02 2.037912360262991995e-01 4.025177299140723225e-02
5.754599999999999937e+00 5.353960911744648499e-02 2.012093640748653933e-01 3.896309516066466527e-02
5.767000000000000348e+00 5.181567603115291853e-02 1.983084405969023356e-01 3.767755797933653589e-02
5.779499999999999638e+00 4.996011231037542077e-02 1.950954876147668049e-01 3.637967598590732821e-02
5.791900000000000048e+00 4.793620331413557534e-02 1.915662467924154622e-01 3.504902029749062259e-02
5.804400000000000226e+00 4.571348629815469994e-02 1.877113512579619004e-01 3.366378243008013443e-02
5.816799999999999748e+00 4.327139975396046556e-02 1.835244061054313591e-01 3.220477701653553376e-02
5.829299999999999926e+00 4.060355456410419395e-02 1.790106493273847799e-01 3.065931382322404503e-02
5.841700000000000337e+00 3.772144167825871447e-02 1.741943474290280069e-01 2.902433101597794163e-02
5.854099999999999859e+00 3.465628632022257211e-02 1.691231895625365522e-01 2.730793824573410356e-02
5.866600000000000037e+00 3.145808963560604854e-02 1.638685018446257302e-01 2.552911082927365044e-02
5.879000000000000448e+00 2.819170633156307601e-02 1.585213635099700369e-01 2.371556858666565640e-02
5.891499999999999737e+00 2.493061397202660234e-02 1.531853415688753661e-01 2.190031206443341857e-02
5.903900000000000148e+00 2.174978075633797470e-02 1.479680292441828415e-01 2.011778133551604675e-02
5.916400000000000325e+00 1.871886676401761374e-02 1.429734692709151711e-01 1.840044715226529098e-02
5.928799999999999848e+00 1.589691493990389934e-02 1.382969497853666352e-01 1.677652461447913870e-02
5.941200000000000259e+00 1.332917878608382879e-02 1.340234110996689487e-01 1.526902010456859630e-02
5.953700000000000436e+00 1.104595748477281945e-02 1.302294522376246932e-01 1.389614436095409737e-02
5.966099999999999959e+00 9.063082822963417981e-03 1.269883201558742458e-01 1.267263822632171653e-02
5.978600000000000136e+00 7.383570967804662689e-03 1.243769310756436264e-01 1.161174219164592437e-02
5.990999999999999659e+00 5.999966651896471506e-03 1.224833153011542636e-01 1.072730717020529967e-02
6.003400000000000070e+00 4.897029390993650443e-03 1.214127672791103785e-01 1.003562925815125809e-02
6.015900000000000247e+00 4.054490586254583945e-03 1.212905959696305991e-01 9.556646676401714391e-03
6.028299999999999770e+00 3.449616032458549270e-03 1.222593529260453393e-01 9.313945413312738758e-03
6.040799999999999947e+00 3.059340485719220723e-03 1.244691056005453322e-01 9.333361333878268870e-03
6.053200000000000358e+00 2.861768627368362766e-03 1.280606474608603218e-01 9.640071937466996449e-03
6.065699999999999648e+00 2.836970903235084239e-03 1.331434296360384517e-01 1.025453205082714828e-02
6.078100000000000058e+00 2.966914623863563857e-03 1.397712217610499463e-01 1.118789824817787056e-02
6.090500000000000469e+00 3.234949757251929982e-03 1.479204179690107313e-01 1.243787979727521004e-02
6.102999999999999758e+00 3.624873888855032356e-03 1.574754558652266545e-01 1.398590151815531576e-02
6.115400000000000169e+00 4.119945009370324686e-03 1.682245993278066731e-01 1.579618115802737879e-02
6.127900000000000347e+00 4.702116331312531337e-03 1.798677314146330253e-01 1.781696351322391639e-02
6.140299999999999869e+00 5.351772739094170714e-03 1.920368849586626403e-01 1.998398816384040072e-02
6.152700000000000280e+00 6.048022901642097909e-03 2.043224879262345584e-01 2.222506960722910735e-02
6.165200000000000458e+00 6.769686328294067731e-03 2.163124978566630663e-01 2.446659839025682945e-02
6.177599999999999980e+00 7.496750048857113609e-03 2.276289810252922763e-01 2.663978068913302674e-02
6.190100000000000158e+00 8.212089428273575131e-03 2.379648045338576823e-01 2.868675312986209563e-02
6.202499999999999680e+00 8.903139437621913552e-03 2.471125687557979567e-01 3.056553166953770648e-02
6.214999999999999858e+00 9.563073657064737748e-03 2.549811544093374405e-01 3.225292129072657166e-02
6.227400000000000269e+00 1.019125868399066090e-02 2.615960834948435343e-01 3.374498461740006033e-02
6.239799999999999791e+00 1.079276281259583525e-02 2.670825297777838503e-01 3.505476491026945918e-02
6.252299999999999969e+00 1.137703469675352408e-02 2.716332020978433626e-01 3.620768343413195700e-02
6.264700000000000379e+00 1.195598800435503095e-02 2.754672684591185083e-01 3.723547192654652616e-02
6.277199999999999669e+00 1.254189883011982455e-02 2.787887200359676632e-01 3.816988687756771303e-02
6.289600000000000080e+00 1.314552293697159556e-02 2.817534194115497437e-01 3.903751784126065216e-02
6.302000000000000490e+00 1.377469605444124265e-02 2.844521155662045886e-01 3.985679167229960046e-02
6.314499999999999780e+00 1.443359713095347142e-02 2.869122574357103606e-01 4.063753851204490730e-02
6.326900000000000190e+00 1.512257665047207419e-02 2.891161210759127798e-01 4.138286151704681504e-02
6.339400000000000368e+00 1.583843488855656012e-02 2.910279261130526707e-01 4.209236632424717683e-02
6.351799999999999891e+00 1.657497681448848181e-02 2.926200506189513550e-01 4.276538859970480111e-02
6.364300000000000068e+00 1.732370126223648638e-02 2.938897826552903658e-01 4.340312499196827961e-02
6.376700000000000479e+00 1.807452482249181577e-02 2.948622979104247310e-01 4.400902053586006057e-02
6.389100000000000001e+00 1.881652951074858429e-02 2.955810542473146785e-01 4.458762685395385034e-02
6.401600000000000179e+00 1.953866845143343786e-02 2.960913852368897703e-01 4.514261301025438572e-02
6.413999999999999702e+00 2.023043693570689139e-02 2.964246120060600731e-01 4.567492318394671125e-02
6.426500000000000767e+00 2.088245029325892094e-02 2.965886431164481696e-01 4.618185957841313555e-02
6.438900000000000290e+00 2.148692917331827823e-02 2.965675428216951737e-01 4.665731546924303114e-02
6.451299999999999812e+00 2.203803904733364974e-02 2.963289152950835947e-01 4.709298762344609618e-02
6.463800000000000878e+00 2.253210347479833037e-02 2.958356975939733235e-01 4.748006609294251612e-02
6.476200000000000401e+00 2.296766161429524000e-02 2.950581970301303647e-01 4.781078637093276462e-02
6.488699999999999690e+00 2.334539330593292383e-02 2.939832379241528737e-01 4.807956286266464041e-02
6.501099999999999213e+00 2.366791672737768304e-02 2.926184359310616823e-01 4.828351047703231813e-02
6.513600000000000279e+00 2.393945253953150276e-02 2.909913828234693134e-01 4.842234822552218126e-02
6.525999999999999801e+00 2.416543898995876863e-02 2.891450111541370438e-01 4.849801908506283510e-02
6.538399999999999324e+00 2.435211310793518324e-02 2.871307898863245667e-01 4.851414852056514654e-02
6.550900000000000389e+00 2.450611044835548230e-02 2.850011638705548522e-01 4.847541963489613442e-02
6.563299999999999912e+00 2.463414561219265386e-02 2.828055078178994819e-01 4.838729807434577479e-02
6.575799999999999201e+00 2.474634890463058359e-02 2.805947462311789709e-01 4.825698114407124539e-02
6.588200000000000500e+00 2.484715554227872811e-02 2.783929245145611020e-01 4.808887036579830021e-02
6.600699999999999790e+00 2.494764816998829710e-02 2.762375045645417138e-01 4.789043686571323871e-02
6.613099999999999312e+00 2.506084802923493754e-02 2.741656811689989759e-01 4.766964038574420665e-02
6.625500000000000611e+00 2.520552110669117135e-02 2.722290745107175947e-01 4.743682442605953731e-02
6.637999999999999901e+00 2.540883693577299790e-02 2.705046768868914486e-01 4.720599887864566913e-02
6.650399999999999423e+00 2.570809195160166441e-02 2.691021716252969265e-01 4.699578882076863029e-02
6.662900000000000489e+00 2.614939021164317326e-02 2.681605710159554734e-01 4.682871247411711513e-02
6.675300000000000011e+00 2.678081752445202884e-02 2.678259886278117063e-01 4.672769353692126509e-02
6.687699999999999534e+00 2.763849147560242317e-02 2.682055141487461047e-01 4.670893165658575319e-02
6.700200000000000600e+00 2.872652439965091634e-02 2.693008816999968302e-01 4.677192113535252882e-02
6.712600000000000122e+00 2.999600992734330340e-02 2.709391648231636029e-01 4.688919655577811901e-02
6.725099999999999412e+00 3.133184017506517732e-02 2.727297715822027957e-01 4.700041853111634055e-02
6.737500000000000711e+00 3.255702980414730552e-02 2.740796451984790494e-01 4.701551162849804122e-02
6.750000000000000000e+00 3.345994074982261424e-02 2.742843635175883366e-01 4.682931935726081241e-02
6.762399999999999523e+00 3.384099633313693289e-02 2.726834551989725797e-01 4.634577977439187368e-02
6.774800000000000821e+00 3.356562923952405991e-02 2.688358529210075898e-01 4.550460371036241236e-02
6.787300000000000111e+00 3.260468101064235846e-02 2.626532684402201889e-01 4.430103406832248958e-02
6.799699999999999633e+00 3.104625341995044530e-02 2.544386294261080650e-01 4.279064078981872910e-02
6.812200000000000699e+00 2.907368585607923717e-02 2.448121712765430336e-01 4.107687383541773485e-02
6.824600000000000222e+00 2.691785135501349041e-02 2.345525057212616282e-01 3.928582260280201466e-02
6.836999999999999744e+00 2.480153178377839107e-02 2.244115616055589457e-01 3.753737368549110026e-02
6.849500000000000810e+00 2.289471721034126717e-02 2.149659451761450901e-01 3.592238103359476908e-02
6.861900000000000333e+00 2.129272864685894176e-02 2.065440450804585104e-01 3.449180088541780459e-02
6.874399999999999622e+00 2.001846323397914532e-02 1.992332891339616829e-01 3.325825038438929432e-02
6.886800000000000921e+00 1.904144728010828333e-02 1.929432830928432541e-01 3.220616435538956046e-02
6.899300000000000210e+00 1.830292438429368534e-02 1.874891953028196556e-01 3.130491264103437560e-02
6.911699999999999733e+00 1.773787748055475136e-02 1.826651313502775931e-01 3.052034550815828362e-02
6.924099999999999255e+00 1.728929997217602127e-02 1.782917583625046321e-01 2.982222666891906626e-02
6.936600000000000321e+00 1.691432765654327444e-02 1.742368687021575990e-01 2.918747327581251022e-02
6.948999999999999844e+00 1.658445846919511663e-02 1.704160403002395463e-01 2.860033081723962686e-02
6.961500000000000909e+00 1.628271914122770767e-02 1.667829705993044143e-01 2.805093209063530893e-02
6.973900000000000432e+00 1.600005378481638221e-02 1.633170224496650891e-01 2.753345111082245583e-02
6.986299999999999955e+00 1.573088423871233169e-02 1.600080269698115898e-01 2.704383001344204396e-02
6.998799999999999244e+00 1.547708836135366396e-02 1.568688843677839007e-01 2.658180035618493836e-02
7.011200000000000543e+00 1.523531807356984236e-02 1.538934241280885407e-01 2.614460316335507836e-02
7.023699999999999832e+00 1.500596891923245205e-02 1.510856576778219773e-01 2.573161222282221994e-02
7.036099999999999355e+00 1.478935690543892179e-02 1.484470931995345577e-01 2.534246599609091960e-02
7.048600000000000421e+00 1.458578605119846029e-02 1.459768430350401602e-01 2.497717150107010842e-02
7.060999999999999943e+00 1.439559952985584868e-02 1.436718679269227694e-01 2.463598708476266372e-02
7.073399999999999466e+00 1.421925306783910180e-02 1.415274057956834863e-01 2.431937008173069847e-02
7.085900000000000531e+00 1.405737881674009974e-02 1.395374781947769649e-01 2.402784526390340514e-02
7.098300000000000054e+00 1.391086579479398899e-02 1.376955249758996525e-01 2.376202789456627329e-02
7.110799999999999343e+00 1.378092838063458767e-02 1.359950641389650605e-01 2.352269051242089626e-02
7.123200000000000642e+00 1.366919490062666262e-02 1.344303568754212086e-01 2.331101870523487329e-02
7.135600000000000165e+00 1.357782391708473903e-02 1.329970377923508917e-01 2.312888146225356573e-02
7.148099999999999454e+00 1.350957418640150176e-02 1.316925283804436519e-01 2.297912045235157852e-02
7.160500000000000753e+00 1.346779233616274274e-02 1.305160937065071303e-01 2.286568508202695832e-02
7.173000000000000043e+00 1.345622105525401228e-02 1.294685380460589008e-01 2.279352897243207277e-02
7.185399999999999565e+00 1.347857425721643750e-02 1.285513839872182151e-01 2.276813735601132191e-02
7.197900000000000631e+00 1.353785548999187488e-02 1.277656647079065400e-01 2.279466326700227419e-02
7.210300000000000153e+00 1.363553615230999119e-02 1.271106057418672775e-01 2.287676808822387831e-02
7.222699999999999676e+00 1.377079903984385068e-02 1.265824384865271712e-01 2.301544714284886606e-02
7.235200000000000742e+00 1.394010566469799928e-02 1.261737505234774570e-01 2.320811952472670928e-02
7.247600000000000264e+00 1.413730821546136003e-02 1.258736231793051996e-01 2.344843889538118786e-02
7.260099999999999554e+00 1.435436080213637819e-02 1.256685287084247094e-01 2.372696456490840100e-02
7.272500000000000853e+00 1.458250164770587276e-02 1.255438556490386937e-01 2.403257628224139686e-02
7.285000000000000142e+00 1.481362453701258464e-02 1.254858828384546598e-01 2.435440571534936219e-02
7.297399999999999665e+00 1.504135989218097387e-02 1.254830171113995307e-01 2.468351388375341487e-02
7.309799999999999187e+00 1.526175577036457433e-02 1.255269911979340347e-01 2.501414708809085452e-02
7.322300000000000253e+00 1.547350622413332100e-02 1.256143257955654180e-01 2.534446025834014710e-02
7.334699999999999775e+00 1.567771870270523449e-02 1.257472833008211888e-01 2.567652742180276393e-02
7.347200000000000841e+00 1.587753816720599218e-02 1.259352298133695480e-01 2.601599872304476493e-02
7.359600000000000364e+00 1.607783615481582842e-02 1.261962448702982909e-01 2.637177689971147154e-02
7.371999999999999886e+00 1.628500107502521208e-02 1.265585815383646895e-01 2.675568493819560981e-02
7.384499999999999176e+00 1.650675976809829262e-02 1.270607286367508582e-01 2.718207216972628668e-02
7.396900000000000475e+00 1.675171929272149807e-02 1.277486757991558586e-01 2.766681530784101395e-02
7.409399999999999764e+00 1.702840075399947653e-02 1.286689939142918182e-01 2.822532102341791804e-02
7.421799999999999287e+00 1.734357721436268970e-02 1.298573491765495636e-01 2.886922654070823990e-02
7.434300000000000352e+00 1.770011533345815929e-02 1.313240676599475854e-01 2.960220892836615963e-02
7.446699999999999875e+00 1.809484371243291756e-02 1.330404016489019625e-01 3.041590040773572978e-02
7.459099999999999397e+00 1.851721772413491077e-02 1.349306981606056555e-01 3.128746120068650466e-02
7.471600000000000463e+00 1.894954709596203407e-02 1.368750340039290303e-01 3.218029734409402071e-02
7.483999999999999986e+00 1.936908033370689577e-02 1.387241850048450131e-01 3.304851156893447162e-02
7.496499999999999275e+00 1.975166789462323713e-02 1.403245864019857514e-01 3.384442401275004897e-02
7.508900000000000574e+00 2.007609514510252241e-02 1.415468654111226576e-01 3.452726400942560114e-02
7.521300000000000097e+00 2.032806694419806229e-02 1.423111577613657142e-01 3.507096123767490525e-02
7.533799999999999386e+00 2.050199617564739743e-02 1.425971513790652567e-01 3.546733061409180349e-02
7.546200000000000685e+00 2.060164174078645688e-02 1.424464113898299689e-01 3.572685758084025859e-02
7.558699999999999974e+00 2.063835346007494159e-02 1.419485310440390391e-01 3.587458459652100029e-02
7.571099999999999497e+00 2.062855555395625567e-02 1.412230268372829944e-01 3.594459170797854874e-02
7.583600000000000563e+00 2.059113433891485156e-02 1.404010298515238064e-01 3.597450267632114340e-02
7.596000000000000085e+00 2.054539770524739864e-02 1.396115785908612072e-01 3.600133048859709833e-02
7.608399999999999608e+00 2.050986005503244169e-02 1.389736465410508215e-01 3.605913213727926503e-02
7.620900000000000674e+00 2.050154465533592096e-02 1.385921219170721530e-01 3.617788835334268677e-02
7.633300000000000196e+00 2.053536309423189057e-02 1.385544475164808553e-01 3.638253611058633874e-02
7.645799999999999486e+00 2.062306680939399867e-02 1.389250771115920213e-01 3.669133706601834799e-02
7.658200000000000784e+00 2.077164813322933401e-02 1.397366132812070671e-01 3.711321320033493520e-02
7.670600000000000307e+00 2.098136644027924491e-02 1.409791405214916860e-01 3.764460433263318306e-02
7.683099999999999596e+00 2.124420855061592492e-02 1.425926823049725456e-01 3.826733599137673719e-02
7.695500000000000895e+00 2.154353386580615953e-02 1.444669956325274895e-01 3.894880710446421701e-02
7.708000000000000185e+00 2.185553220838372737e-02 1.464521934989708729e-01 3.964555000282715680e-02
7.720399999999999707e+00 2.215230362634407896e-02 1.483780814786076485e-01 4.030939842541988311e-02
7.732900000000000773e+00 2.240595083753329358e-02 1.500782400567041985e-01 4.089495446010090601e-02
7.745300000000000296e+00 2.259269165656119585e-02 1.514129631855485325e-01 4.136646589848771288e-02
7.757699999999999818e+00 2.269586428873709288e-02 1.522849439588437603e-01 4.170214020581274050e-02
7.770200000000000884e+00 2.270738184579038782e-02 1.526460849304317191e-01 4.189534814547771907e-02
7.782600000000000406e+00 2.262773425268413754e-02 1.524970124812307648e-01 4.195337455849424552e-02
7.795099999999999696e+00 2.246502722549972159e-02 1.518824755144539407e-01 4.189473944879094913e-02
7.807499999999999218e+00 2.223356045300477896e-02 1.508850479406794454e-01 4.174627042873402250e-02
7.819900000000000517e+00 2.195221330759448974e-02 1.496173877762591031e-01 4.154024640692619008e-02
7.832399999999999807e+00 2.164261106540438934e-02 1.482119608672050892e-01 4.131158184923885979e-02
7.844799999999999329e+00 2.132698606488069373e-02 1.468071509567270005e-01 4.109464435471391064e-02
7.857300000000000395e+00 2.102580417599051593e-02 1.455306721711421281e-01 4.091973994657393393e-02
7.869699999999999918e+00 2.075545874972781202e-02 1.444831153738598828e-01 4.080967359808415629e-02
7.882199999999999207e+00 2.052646719275618217e-02 1.437255867523914432e-01 4.077710034537797984e-02
7.894600000000000506e+00 2.034256422351802401e-02 1.432744066694723872e-01 4.082332385096913013e-02
7.907000000000000028e+00 2.020086043614681415e-02 1.431039201472158462e-01 4.093888343981352124e-02
7.919499999999999318e+00 2.009286994823558659e-02 1.431557841058896108e-01 4.110564352545557909e-02
7.931900000000000617e+00 2.000609635215679777e-02 1.433515545223943699e-01 4.129980573122639387e-02
7.944399999999999906e+00 1.992620024325964315e-02 1.436082010836150502e-01 4.149597984729762323e-02
7.956799999999999429e+00 1.983829713666387939e-02 1.438461589167300825e-01 4.166936967804652642e-02
7.969300000000000495e+00 1.972881273486180170e-02 1.439997650997362766e-01 4.179899230759719087e-02
7.981700000000000017e+00 1.958658326251356413e-02 1.440209087580046898e-01 4.186909601704277839e-02
7.994099999999999540e+00 1.940371156410387876e-02 1.438803448716518274e-01 4.186987206626235913e-02
8.006600000000000605e+00 1.917614591063726906e-02 1.435673656784998142e-01 4.179775424071104084e-02
8.019000000000000128e+00 1.890391913959922274e-02 1.430881955301868125e-01 4.165515314701866145e-02
8.031499999999999417e+00 1.859101935981374853e-02 1.424630661629107120e-01 4.144968988117348624e-02
8.043900000000000716e+00 1.824483216838497859e-02 1.417224940668794231e-01 4.119300250449310641e-02
8.056300000000000239e+00 1.787515452212366102e-02 1.409018577614163936e-01 4.089889181280625258e-02
8.068799999999999528e+00 1.749283368622986737e-02 1.400343688001286502e-01 4.058074585851713378e-02
8.081200000000000827e+00 1.710826244707259330e-02 1.391430820857387785e-01 4.024858965113890796e-02
8.093700000000000117e+00 1.672989712112123856e-02 1.382326510284827559e-01 3.990611413203089958e-02
8.106099999999999639e+00 1.636321260408618236e-02 1.372838269034201419e-01 3.954875676093864978e-02
8.118600000000000705e+00 1.601032778578186100e-02 1.362527077379759310e-01 3.916354334207128307e-02
8.131000000000000227e+00 1.567040193749773963e-02 1.350764902607655416e-01 3.873130893456114970e-02
8.143399999999999750e+00 1.534069508422425399e-02 1.336853964229059721e-01 3.823108519116799608e-02
8.155900000000000816e+00 1.501797568331228808e-02 1.320186993005648679e-01 3.764574469021784303e-02
8.168300000000000338e+00 1.469984628083852510e-02 1.300405703494275922e-01 3.696736572982380065e-02
8.180799999999999628e+00 1.438561294792511762e-02 1.277512234333882946e-01 3.620074782276741510e-02
8.193200000000000927e+00 1.407646877388385280e-02 1.251896062584005875e-01 3.536377300411590319e-02
8.205600000000000449e+00 1.377502037909827601e-02 1.224267398873124801e-01 3.448456239511245996e-02
8.218099999999999739e+00 1.348441887714212951e-02 1.195516387723336293e-01 3.359623562633451410e-02
8.230499999999999261e+00 1.320741481945096087e-02 1.166543755337249855e-01 3.273096622360620322e-02
8.243000000000000327e+00 1.294569054186956239e-02 1.138111532639812101e-01 3.191515642117039725e-02
8.255399999999999849e+00 1.269963221463746468e-02 1.110752652634666576e-01 3.116688616380833277e-02
8.267900000000000915e+00 1.246852550234214818e-02 1.084750852140352467e-01 3.049593799053067905e-02
8.280300000000000438e+00 1.225103054172235750e-02 1.060180522135841519e-01 2.990571847610476799e-02
8.292699999999999960e+00 1.204574331917908359e-02 1.036977517843051672e-01 2.939596377820173634e-02
8.305199999999999250e+00 1.185163110431253219e-02 1.015014110857168361e-01 2.896512356593061721e-02
8.317600000000000549e+00 1.166827580359910271e-02 9.941563953103231543e-02 2.861190253135819164e-02
8.330099999999999838e+00 1.149594425446192822e-02 9.742984659151893156e-02 2.833579017176002593e-02
8.342499999999999361e+00 1.133547945127731313e-02 9.553736217281300069e-02 2.813692266471119405e-02
8.354900000000000659e+00 1.118816029349934196e-02 9.373516814262107533e-02 2.801568655501111491e-02
8.367399999999999949e+00 1.105557048348100938e-02 9.202316138001898072e-02 2.797239230662118895e-02
8.379799999999999471e+00 1.093953428177421756e-02 9.040328664052697805e-02 2.800708591110634763e-02
8.392300000000000537e+00 1.084209817459468386e-02 8.887904913027473708e-02 2.811955743211261988e-02
8.404700000000000060e+00 1.076557215426358731e-02 8.745536454857050224e-02 2.830940586736771861e-02
8.417199999999999349e+00 1.071253683351061810e-02 8.613829287078725305e-02 2.857602557593860726e-02
8.429600000000000648e+00 1.068583000986314709e-02 8.493510752375778294e-02 2.891873485041390052e-02
8.442000000000000171e+00 1.068846571921866322e-02 8.385456414462512387e-02 2.933696158706090504e-02
8.454499999999999460e+00 1.072347578810060875e-02 8.290666146457037478e-02 2.983039548920578959e-02
8.466900000000000759e+00 1.079370479202238983e-02 8.210264719389726018e-02 3.039919448598444804e-02
8.479400000000000048e+00 1.090160120126453490e-02 8.145502959301328949e-02 3.104424081176503092e-02
8.491799999999999571e+00 1.104901882017870519e-02 8.097747676828878638e-02 3.176719754990750544e-02
8.504200000000000870e+00 1.123709177741712140e-02 8.068446772711043713e-02 3.257046951994703454e-02
8.516700000000000159e+00 1.146616239342897539e-02 8.059036006222752846e-02 3.345686688093487543e-02
8.529099999999999682e+00 1.173578538694811622e-02 8.070775279243026790e-02 3.442903958989440572e-02
8.541600000000000747e+00 1.204480030737743387e-02 8.104519479703407858e-02 3.548874504308327515e-02
8.554000000000000270e+00 1.239144146055369544e-02 8.160462234591644992e-02 3.663601319167448384e-02
8.566499999999999559e+00 1.277347743430078467e-02 8.237912384969536816e-02 3.786840197622277915e-02
8.578900000000000858e+00 1.318833623271412590e-02 8.335166615101627374e-02 3.918021142234296567e-02
8.591300000000000381e+00 1.363318569965460414e-02 8.449517612016314849e-02 4.056183661808308860e-02
8.603799999999999670e+00 1.410496913115306949e-02 8.577403517436060776e-02 4.199909899118711015e-02
8.616199999999999193e+00 1.460037485097453840e-02 8.714653793775477275e-02 4.347250880135553053e-02
8.628700000000000259e+00 1.511577757451585020e-02 8.856782655065068011e-02 4.495648653425474151e-02
8.641099999999999781e+00 1.564719222288294895e-02 8.999282527513942365e-02 4.641888385750544965e-02
8.653600000000000847e+00 1.619030306083071163e-02 9.137893088127038710e-02 4.782126424753996297e-02
8.666000000000000369e+00 1.674058111411245303e-02 9.268840852378296136e-02 4.912069216285275264e-02
8.678399999999999892e+00 1.729353690517648062e-02 9.389058427306412602e-02 5.027331263435549230e-02
8.690899999999999181e+00 1.784506369663244746e-02 9.496375252992869664e-02 5.123972086088779410e-02
8.703300000000000480e+00 1.839179300650810311e-02 9.589672437906651692e-02 5.199132677016317372e-02
8.715799999999999770e+00 1.893142923646478140e-02 9.668958162030574788e-02 5.251621245952196870e-02
8.728199999999999292e+00 1.946294423112841440e-02 9.735342473936400842e-02 5.282277566631431165e-02
8.740600000000000591e+00 1.998660748750159810e-02 9.790892312470711456e-02 5.293997906128015962e-02
8.753099999999999881e+00 2.050383988660096912e-02 9.838382448469441821e-02 5.291371818594705484e-02
8.765499999999999403e+00 2.101691277185577592e-02 9.880984502383681478e-02 5.280022270729019945e-02
8.778000000000000469e+00 2.152854910392575788e-02 9.921943475099592735e-02 5.265811404929583023e-02
8.790399999999999991e+00 2.204145059148021266e-02 9.964311075564497022e-02 5.254109352570666275e-02
8.802899999999999281e+00 2.255779725583421241e-02 1.001074334378213720e-01 5.249273567122456075e-02
8.815300000000000580e+00 2.307869159004696108e-02 1.006339658215538863e-01 5.254398018866705822e-02
8.827700000000000102e+00 2.360357374494901142e-02 1.012389849859396812e-01 5.271305918078625363e-02
8.840199999999999392e+00 2.412961484351880750e-02 1.019337197456004207e-01 5.300700121023172590e-02
8.852600000000000691e+00 2.465116452757980248e-02 1.027247950507648028e-01 5.342370484440137068e-02
8.865099999999999980e+00 2.515935127719684528e-02 1.036147968412053505e-01 5.395377957087236359e-02
8.877499999999999503e+00 2.564196795965250145e-02 1.046028213695616993e-01 5.458199250186789031e-02
8.889900000000000801e+00 2.608373925353275544e-02 1.056850576991005403e-01 5.528828602528970682e-02
8.902400000000000091e+00 2.646707589733856766e-02 1.068555341483035659e-01 5.604880970588592415e-02
8.914799999999999613e+00 2.677315347550427924e-02 1.081071051052006488e-01 5.683715372358936341e-02
8.927300000000000679e+00 2.698341599859696918e-02 1.094326725208274870e-01 5.762610681419701175e-02
8.939700000000000202e+00 2.708130346777836567e-02 1.108268131530276285e-01 5.839003396428576326e-02
8.952199999999999491e+00 2.705399892660494826e-02 1.122871702670077132e-01 5.910724621867567696e-02
8.964600000000000790e+00 2.689404720208255634e-02 1.138155332685031051e-01 5.976218863146094684e-02
8.977000000000000313e+00 2.660064522658511094e-02 1.154179527106675568e-01 6.034673576610730117e-02
8.989499999999999602e+00 2.618046610846447297e-02 1.171036795982654255e-01 6.086022238878197044e-02
9.001900000000000901e+00 2.564785838517915847e-02 1.188825652701458457e-01 6.130777641194247451e-02
9.014400000000000190e+00 2.502432966201684553e-02 1.207612732720367565e-01 6.169731182038362682e-02
9.026799999999999713e+00 2.433726003290617723e-02 1.227389022073361868e-01 6.203564552279042937e-02
9.039199999999999235e+00 2.361785573892167395e-02 1.248030355078122711e-01 6.232488262591272948e-02
9.051700000000000301e+00 2.289850636598425582e-02 1.269274545888464945e-01 6.256000110509132850e-02
9.064099999999999824e+00 2.220982937045240524e-02 1.290726439592809749e-01 6.272873023819407201e-02
9.076600000000000890e+00 2.157792317267731574e-02 1.311896483337897656e-01 6.281401678173628711e-02
9.089000000000000412e+00 2.102233098223973279e-02 1.332269556771957519e-01 6.279880033880377854e-02
9.101499999999999702e+00 2.055515015536377860e-02 1.351390441384432428e-01 6.267176646227318182e-02
9.113899999999999224e+00 2.018141174366708604e-02 1.368944545446413863e-01 6.243240409865473406e-02
9.126300000000000523e+00 1.990046552101959465e-02 1.384810911279399925e-01 6.209363714423420111e-02
9.138799999999999812e+00 1.970785337758079736e-02 1.399072420896465829e-01 6.168110119428577010e-02
9.151199999999999335e+00 1.959707186106579915e-02 1.411980212902895770e-01 6.122905411177724522e-02
9.163700000000000401e+00 1.956079167109693595e-02 1.423884209895056319e-01 6.077424151873997427e-02
9.176099999999999923e+00 1.959143801284533859e-02 1.435151223134236709e-01 6.034947037191432800e-02
9.188499999999999446e+00 1.968129600960820402e-02 1.446092832697492558e-01 5.997865043711138322e-02
9.201000000000000512e+00 1.982244542183591446e-02 1.456919306772199718e-01 5.967448294602817338e-02
9.213400000000000034e+00 2.000683605472425991e-02 1.467724974464335586e-01 5.943882440258716621e-02
9.225899999999999324e+00 2.022654045692602945e-02 1.478499899949252960e-01 5.926523511810202760e-02
9.238300000000000622e+00 2.047427041601030534e-02 1.489157694214029992e-01 5.914244154654726970e-02
9.250799999999999912e+00 2.074408073874057720e-02 1.499570024396594814e-01 5.905788555045502625e-02
9.263199999999999434e+00 2.103222104352391736e-02 1.509600224092884913e-01 5.900051451609215902e-02
9.275600000000000733e+00 2.133797821957326632e-02 1.519130503303897095e-01 5.896270011997154642e-02
9.288100000000000023e+00 2.166518905090441746e-02 1.528089896964299754e-01 5.894145265516444188e-02
9.300499999999999545e+00 2.202396428538588163e-02 1.536476818537890199e-01 5.893909697025109112e-02
9.313000000000000611e+00 2.243317492492755139e-02 1.544390117650362992e-01 5.896395833085199545e-02
9.325400000000000134e+00 2.292334337972545821e-02 1.552065012562508506e-01 5.903114091332427316e-02
9.337899999999999423e+00 2.353935027778851496e-02 1.559916488369973986e-01 5.916336599880377134e-02
9.350300000000000722e+00 2.434183453317448689e-02 1.568576451191187326e-01 5.939120994123606168e-02
9.362700000000000244e+00 2.540600442585752572e-02 1.578916023678998137e-01 5.975250645350166367e-02
9.375199999999999534e+00 2.681629078544068429e-02 1.592025346070858327e-01 6.028969582632554003e-02
9.387600000000000833e+00 2.865590046105714536e-02 1.609125868573209051e-01 6.104467985043970230e-02
9.400100000000000122e+00 3.099147931142432269e-02 1.631392343909699449e-01 6.205086651997060443e-02
9.412499999999999645e+00 3.385480476163063579e-02 1.659686169295080949e-01 6.332315473618919943e-02
9.424900000000000944e+00 3.722515704120638730e-02 1.694231355955977958e-01 6.484749189061894681e-02
9.437400000000000233e+00 4.101715436094643952e-02 1.734306581544407533e-01 6.657273969556808113e-02
9.449799999999999756e+00 4.507862516886849275e-02 1.778050384805804351e-01 6.840770288249477249e-02
9.462300000000000821e+00 4.920118329723317807e-02 1.822475156019571774e-01 7.022575651303501754e-02
9.474700000000000344e+00 5.314311955063081433e-02 1.863743116774788100e-01 7.187772544766912741e-02
9.487199999999999633e+00 5.666048331040503261e-02 1.897682681444138875e-01 7.321139187401566606e-02
9.499600000000000932e+00 5.953969673594952661e-02 1.920441703761450181e-01 7.409363412572779473e-02
9.512000000000000455e+00 6.162432309794210056e-02 1.929118858288675908e-01 7.443034262792717903e-02
9.524499999999999744e+00 6.283025291659144473e-02 1.922212193616370246e-01 7.417917422526407178e-02
9.536899999999999267e+00 6.314735922814805613e-02 1.899779728745913387e-01 7.335280657037260288e-02
9.549400000000000333e+00 6.262919160582065825e-02 1.863295445757204294e-01 7.201254738647698550e-02
9.561799999999999855e+00 6.137541723777020786e-02 1.815274257734702523e-01 7.025530235027674375e-02
9.574199999999999378e+00 5.951268376844230656e-02 1.758793172779123393e-01 6.819775851987039395e-02
9.586700000000000443e+00 5.717859379659790547e-02 1.697038730312240007e-01 6.596174389985855202e-02
9.599099999999999966e+00 5.451130589407026522e-02 1.632971554765276778e-01 6.366324647743046294e-02
9.611599999999999255e+00 5.164467833604071551e-02 1.569139409471423385e-01 6.140551789336289729e-02
9.624000000000000554e+00 4.870699802103028997e-02 1.507616805362136658e-01 5.927559417218385834e-02
9.636499999999999844e+00 4.582061908861348454e-02 1.450021341908773187e-01 5.734258873006568835e-02
9.648899999999999366e+00 4.309999288861404015e-02 1.397554544719484815e-01 5.565664522117215463e-02
9.661300000000000665e+00 4.064696591987617541e-02 1.351030260597111954e-01 5.424793351722152768e-02
9.673799999999999955e+00 3.854372493173484349e-02 1.310882699686035657e-01 5.312605403975228374e-02
9.686199999999999477e+00 3.684520214603428240e-02 1.277166497811564883e-01 5.228044522559785467e-02
9.698700000000000543e+00 3.557298645306885415e-02 1.249566992859276054e-01 5.168244842901932590e-02
9.711100000000000065e+00 3.471363135581701648e-02 1.227454470957528299e-01 5.128956293154930679e-02
9.723499999999999588e+00 3.422185488602676184e-02 1.209962991113563702e-01 5.105099326297347223e-02
9.736000000000000654e+00 3.402872143911937070e-02 1.196115312934459551e-01 5.091414586522892416e-02
9.748400000000000176e+00 3.405285943076930000e-02 1.184959532753307870e-01 5.083080231494607748e-02
9.760899999999999466e+00 3.421237116777920556e-02 1.175698943820740749e-01 5.076207514604166859e-02
9.773300000000000765e+00 3.443492109489021402e-02 1.167796973115036857e-01 5.068147735021789890e-02
9.785800000000000054e+00 3.466462094069457101e-02 1.161057824023078444e-01 5.057627569557009151e-02
9.798199999999999577e+00 3.486507065350771817e-02 1.155672434252828784e-01 5.044714049008337114e-02
9.810600000000000875e+00 3.501910542185676656e-02 1.152237860350626975e-01 5.030677570155967643e-02
9.823100000000000165e+00 3.512611043020685830e-02 1.151737071542984769e-01 5.017768564570346951e-02
9.835499999999999687e+00 3.519790650931882425e-02 1.155458266846802473e-01 5.008925434819930939e-02
9.848000000000000753e+00 3.525390212386024513e-02 1.164818153869470463e-01 5.007358697591786367e-02
9.860400000000000276e+00 3.531602552005131540e-02 1.181080634828212961e-01 5.016023471465459738e-02
9.872799999999999798e+00 3.540384328249470552e-02 1.204993324103514063e-01 5.036989174022996063e-02
9.885300000000000864e+00 3.553024529065967191e-02 1.236414734788927050e-01 5.070813383078719150e-02
9.897700000000000387e+00 3.569836355271598094e-02 1.274048892603078520e-01 5.116088105839828454e-02
9.910199999999999676e+00 3.590039656231364812e-02 1.315410114032143640e-01 5.169358403978394079e-02
9.922599999999999199e+00 3.611881221512408535e-02 1.357092453736558069e-01 5.225528522858881308e-02
9.935100000000000264e+00 3.632993671551095621e-02 1.395325374473153079e-01 5.278755862693940148e-02
9.947499999999999787e+00 3.650905830912391792e-02 1.426690797254973053e-01 5.323624504033081656e-02
9.959899999999999309e+00 3.663595880711390668e-02 1.448797383502553049e-01 5.356272442029697683e-02
9.972400000000000375e+00 3.669926807995005369e-02 1.460700322441791377e-01 5.375096486969385690e-02
9.984799999999999898e+00 3.669848079026709342e-02 1.462924420307067375e-01 5.380775676049246586e-02
9.997299999999999187e+00 3.664329706516241542e-02 1.457116455407790889e-01 5.375658328004006420e-02
1.000970000000000049e+01 3.655063067470026850e-02 1.445387106018942991e-01 5.362584221550303898e-02
1.002219999999999978e+01 3.644046229161944372e-02 1.429607710574382629e-01 5.343651468214297151e-02
1.003459999999999930e+01 3.633180884653063047e-02 1.410860601171945172e-01 5.319286911327179151e-02
1.004700000000000060e+01 3.623980715992038831e-02 1.389200228883889499e-01 5.287929995858975385e-02
1.005949999999999989e+01 3.617431832017953264e-02 1.363767877874007550e-01 5.246403350635632512e-02
1.007189999999999941e+01 3.613985398753387368e-02 1.333187166086190201e-01 5.190823527220123079e-02
1.008440000000000047e+01 3.613620804855963153e-02 1.296091224939148190e-01 5.117738712337849272e-02
1.009680000000000000e+01 3.615920352811481664e-02 1.251617732801282856e-01 5.025157601846171052e-02
1.010919999999999952e+01 3.620118834896578208e-02 1.199745148478889856e-01 4.913205772409016958e-02
1.012170000000000059e+01 3.625127656205570648e-02 1.141410978407643162e-01 4.784295530808360675e-02
1.013410000000000011e+01 3.629576709071626051e-02 1.078433529276411201e-01 4.642857604707541219e-02
1.014659999999999940e+01 3.631907275450063644e-02 1.013272124211167802e-01 4.494743361492273270e-02
1.015900000000000070e+01 3.630543806442095012e-02 9.487098856301115490e-02 4.346471594043966463e-02
1.017149999999999999e+01 3.624128111351287290e-02 8.875145662207531427e-02 4.204453645926683331e-02
1.018389999999999951e+01 3.611757914008743853e-02 8.321193408959204341e-02 4.074298109655153516e-02
1.019630000000000081e+01 3.593159663228051581e-02 7.843607283631809368e-02 3.960256699781757039e-02
1.020880000000000010e+01 3.568748563277679420e-02 7.453157810480753875e-02 3.864902097022186039e-02
1.022119999999999962e+01 3.539546731366789711e-02 7.152524976532781409e-02 3.789049458631180839e-02
1.023370000000000068e+01 3.506994883178277816e-02 6.937048840322981857e-02 3.731937199078079470e-02
1.024610000000000021e+01 3.472710421331004493e-02 6.796521271724496882e-02 3.691618601893401769e-02
1.025849999999999973e+01 3.438262136237660305e-02 6.717586952116558208e-02 3.665472958976244422e-02
1.027100000000000080e+01 3.405004202434175342e-02 6.686124252447989136e-02 3.650707244802652018e-02
1.028340000000000032e+01 3.373988643741199223e-02 6.689134401034907418e-02 3.644753734395231315e-02
1.029589999999999961e+01 3.345949442035633242e-02 6.715885552272070347e-02 3.645511569648734324e-02
1.030830000000000091e+01 3.321334519459681611e-02 6.758294671138240228e-02 3.651431420765496871e-02
1.032080000000000020e+01 3.300356251983523059e-02 6.810731728384249173e-02 3.661469314757019589e-02
1.033319999999999972e+01 3.283041847574179328e-02 6.869519866925588580e-02 3.674973696890232455e-02
1.034559999999999924e+01 3.269271899543817195e-02 6.932357552675236234e-02 3.691547278704226942e-02
1.035810000000000031e+01 3.258804229649570061e-02 6.997809187909528883e-02 3.710923878695820272e-02
1.037049999999999983e+01 3.251288173087617250e-02 7.064945363402705403e-02 3.732880545562985986e-02
1.038300000000000090e+01 3.246276756955933374e-02 7.133122755434055662e-02 3.757184820286579852e-02
1.039540000000000042e+01 3.243241492080998351e-02 7.201866095242505372e-02 3.783583184364545937e-02
1.040779999999999994e+01 3.241593252106472062e-02 7.270654904569212595e-02 3.811771681818777735e-02
1.042029999999999923e+01 3.240715826875087413e-02 7.339098410454858445e-02 3.841468646841501161e-02
1.043270000000000053e+01 3.240006361086965325e-02 7.406855385469403308e-02 3.872427696738628411e-02
1.044519999999999982e+01 3.238917467051469906e-02 7.473683339960299210e-02 3.904489130125689267e-02
1.045759999999999934e+01 3.236998391250599932e-02 7.539512109487267466e-02 3.937625260608787481e-02
1.047010000000000041e+01 3.233932533607071502e-02 7.604518974527078867e-02 3.971985402667724957e-02
1.048249999999999993e+01 3.229564748021299808e-02 7.669203718336561892e-02 4.007922715525728818e-02
1.049489999999999945e+01 3.223919441605999081e-02 7.734435790664953569e-02 4.046003063881706274e-02
1.050740000000000052e+01 3.217201292615128744e-02 7.801460280454891594e-02 4.086988242787543968e-02
1.051980000000000004e+01 3.209781910830565577e-02 7.871859833492714231e-02 4.131796531992094901e-02
1.053229999999999933e+01 3.202168199438248236e-02 7.947462902438470755e-02 4.181446657014001311e-02
1.054470000000000063e+01 3.194956543554582085e-02 8.030218681544809556e-02 4.236996069993608643e-02
1.055710000000000015e+01 3.188781694041287890e-02 8.122055426273401546e-02 4.299484225894419087e-02
1.056959999999999944e+01 3.184265404506730901e-02 8.224749404081836690e-02 4.369885701169250874e-02
1.058200000000000074e+01 3.181976835812903165e-02 8.339831789995309774e-02 4.449089438848553152e-02
1.059450000000000003e+01 3.182405929113353571e-02 8.468539307008995931e-02 4.537881194136822449e-02
1.060689999999999955e+01 3.185948228301972718e-02 8.611815230534329568e-02 4.636942654936992980e-02
1.061940000000000062e+01 3.192900973656900149e-02 8.770340952808983181e-02 4.746856040315127617e-02
1.063180000000000014e+01 3.203459055708007125e-02 8.944587065859319064e-02 4.868114777072533872e-02
1.064419999999999966e+01 3.217706982062805421e-02 9.134856778587478743e-02 5.001143889762424410e-02
1.065670000000000073e+01 3.235599279574088299e-02 9.341263875675116790e-02 5.146313465916431407e-02
1.066910000000000025e+01 3.256944728252504639e-02 9.563734033136139789e-02 5.304006434899109779e-02
1.068159999999999954e+01 3.281352581969797927e-02 9.801809282900933451e-02 5.474492513734842414e-02
1.069400000000000084e+01 3.308280235268366842e-02 1.005475774130798472e-01 5.658171638963974126e-02
1.070650000000000013e+01 3.336996785443435698e-02 1.032123323815222204e-01 5.855319683789379087e-02
1.071889999999999965e+01 3.366618737940162837e-02 1.059910666244891081e-01 6.065936574034717921e-02
1.073129999999999917e+01 3.396142448047593382e-02 1.088516704274735403e-01 6.289394858915424436e-02
1.074380000000000024e+01 3.424462649732080283e-02 1.117473204001070697e-01 6.523904465353763671e-02
1.075619999999999976e+01 3.450357157297880006e-02 1.146119225098643502e-01 6.765846647126652624e-02
1.076870000000000083e+01 3.472434490751058478e-02 1.173559964831930591e-01 7.009104394270063154e-02
1.078110000000000035e+01 3.489066249282552629e-02 1.198647183314692499e-01 7.244603643823088746e-02
1.079349999999999987e+01 3.498364626881661499e-02 1.220011237769393353e-01 7.460370348304160015e-02
1.080600000000000094e+01 3.498284247246979256e-02 1.236171540547615078e-01 7.642377002842429268e-02
1.081840000000000046e+01 3.486901973466410842e-02 1.245734250095164586e-01 7.776302808038074166e-02
1.083089999999999975e+01 3.462868605137001121e-02 1.247656183960379750e-01 7.850036467703437604e-02
1.084329999999999927e+01 3.425925737715324049e-02 1.241514116147348634e-01 7.856400389039819299e-02
1.085580000000000034e+01 3.377314582365467666e-02 1.227696923133189261e-01 7.795311880848906916e-02
1.086819999999999986e+01 3.319888442185912891e-02 1.207442846888529542e-01 7.674613774365687813e-02
1.088059999999999938e+01 3.257826022458291254e-02 1.182688908337249656e-01 7.509135674743787348e-02
1.089310000000000045e+01 3.195985789049597681e-02 1.155762504726686457e-01 7.318123703603748864e-02
1.090549999999999997e+01 3.139079610898969780e-02 1.129002274507836800e-01 7.121756684457113129e-02
1.091799999999999926e+01 3.090915506475309243e-02 1.104415457936050865e-01 6.937746854500194404e-02
1.093040000000000056e+01 3.053919757229861531e-02 1.083455724553409605e-01 6.778946559174466036e-02
1.094280000000000008e+01 3.029030254465294239e-02 1.066952850915885848e-01 6.652411023043366955e-02
1.095529999999999937e+01 3.015915033135064052e-02 1.055170292334556559e-01 6.559849407672499466e-02
1.096770000000000067e+01 3.013376373189194379e-02 1.047936545585445578e-01 6.498975457669028954e-02
1.098019999999999996e+01 3.019785612268550967e-02 1.044793462170154758e-01 6.465158724160958992e-02
1.099259999999999948e+01 3.033433583604804029e-02 1.045125594001332925e-01 6.452883046729257499e-02
1.100510000000000055e+01 3.052754145581457537e-02 1.048258787493167171e-01 6.456775141732407075e-02
1.101750000000000007e+01 3.076430650092516414e-02 1.053529908309234348e-01 6.472174347008560757e-02
1.102989999999999959e+01 3.103419376600406732e-02 1.060334855862964942e-01 6.495342161926105640e-02
1.104240000000000066e+01 3.132931758525300120e-02 1.068159520323103545e-01 6.523450576459173533e-02
1.105480000000000018e+01 3.164398008937781281e-02 1.076594335740268527e-01 6.554460475285639465e-02
1.106729999999999947e+01 3.197427195476342660e-02 1.085334881161456322e-01 6.586963494451580914e-02
1.107970000000000077e+01 3.231759012953393240e-02 1.094165160263817771e-01 6.619999749162361335e-02
1.109210000000000029e+01 3.267236651801824071e-02 1.102942331500977730e-01 6.652992734877666292e-02
1.110459999999999958e+01 3.303714170123236982e-02 1.111556047086902366e-01 6.685431426838155111e-02
1.111700000000000088e+01 3.341070506779113269e-02 1.119931319384504520e-01 6.717026024409025742e-02
1.112950000000000017e+01 3.379141441235754967e-02 1.128002426408559744e-01 6.747542656227228930e-02
1.114189999999999969e+01 3.417691491453449942e-02 1.135706679107536532e-01 6.776774355621070778e-02
1.115440000000000076e+01 3.456401714455805546e-02 1.142983013375541562e-01 6.804526122626475271e-02
1.116680000000000028e+01 3.494888737769651088e-02 1.149776368220964545e-01 6.830626220805413595e-02
1.117919999999999980e+01 3.532739145299362143e-02 1.156043043339002735e-01 6.854936328410476953e-02
1.119170000000000087e+01 3.569554558259092208e-02 1.161757927973646465e-01 6.877385047758857728e-02
1.120410000000000039e+01 3.605036157895091103e-02 1.166926113601320925e-01 6.898043460197766930e-02
1.121659999999999968e+01 3.639078072754151766e-02 1.171596635146805732e-01 6.917241860444783841e-02
1.122899999999999920e+01 3.671854851312231216e-02 1.175877546616412583e-01 6.935697012288292995e-02
1.124140000000000050e+01 3.703876269209081806e-02 1.179948134489260808e-01 6.954614671255622549e-02
1.125389999999999979e+01 3.736028424413752325e-02 1.184071019825611165e-01 6.975787603095413847e-02
1.126629999999999932e+01 3.769549102263411444e-02 1.188592835958174471e-01 7.001587168813259987e-02
1.127880000000000038e+01 3.805906701434717820e-02 1.193924830881713528e-01 7.034792985090616846e-02
1.129119999999999990e+01 3.846542108004287475e-02 1.200493471893616104e-01 7.078177160856032046e-02
1.130369999999999919e+01 3.892469967861560132e-02 1.208658355795990957e-01 7.133849949922574374e-02
1.131610000000000049e+01 3.943788388566388248e-02 1.218603090133979217e-01 7.202425490451025425e-02
1.132850000000000001e+01 3.999231754504355835e-02 1.230227303505621872e-01 7.282225877146801529e-02
1.134099999999999930e+01 4.055963338532894008e-02 1.243087771221400017e-01 7.368947803424463761e-02
1.135340000000000060e+01 4.109768610200646016e-02 1.256404828284435338e-01 7.455848273122260561e-02
1.136589999999999989e+01 4.155722153766820692e-02 1.269169015485837604e-01 7.534731731686686307e-02
1.137829999999999941e+01 4.189205121746855665e-02 1.280321805846678651e-01 7.597474119886880872e-02
1.139080000000000048e+01 4.206983743987671720e-02 1.288959953507721468e-01 7.637637974255842566e-02
1.140320000000000000e+01 4.207988024318640857e-02 1.294495954927169790e-01 7.651636825075228132e-02
1.141559999999999953e+01 4.193515263572333840e-02 1.296721847817558226e-01 7.639038646497359197e-02
1.142810000000000059e+01 4.166801421838794983e-02 1.295761685112422623e-01 7.601946599852081599e-02
1.144050000000000011e+01 4.132137573128782937e-02 1.291944035818086700e-01 7.543766441961347047e-02
1.145299999999999940e+01 4.093859745130189881e-02 1.285653945712438018e-01 7.467910273553704514e-02
1.146540000000000070e+01 4.055541015729391408e-02 1.277226864281727214e-01 7.376951485041960410e-02
1.147780000000000022e+01 4.019578178518434797e-02 1.266919626764310691e-01 7.272509939496799025e-02
1.149029999999999951e+01 3.987182401444598623e-02 1.254950270098005305e-01 7.155763253892852283e-02
1.150270000000000081e+01 3.958637368101568244e-02 1.241574339422893136e-01 7.028247438556373128e-02
1.151520000000000010e+01 3.933636157381890236e-02 1.227145858097358211e-01 6.892474974299914181e-02
1.152759999999999962e+01 3.911536063883529202e-02 1.212127614682210058e-01 6.752055708019641389e-02
1.154010000000000069e+01 3.891472558368573587e-02 1.197044681792110155e-01 6.611263471462987262e-02
1.155250000000000021e+01 3.872350653203483067e-02 1.182403409375700487e-01 6.474256913936730917e-02
1.156489999999999974e+01 3.852794845965277354e-02 1.168614610955374528e-01 6.344312047521315223e-02
1.157740000000000080e+01 3.831141613018251152e-02 1.155954183832787058e-01 6.223380981570572623e-02
1.158980000000000032e+01 3.805547957893090638e-02 1.144575640992230026e-01 6.112142937521172770e-02
1.160229999999999961e+01 3.774212261838603283e-02 1.134556350903051514e-01 6.010422300808002799e-02
1.161470000000000091e+01 3.735644281569029668e-02 1.125953798012710450e-01 5.917761563306345174e-02
1.162710000000000043e+01 3.688941665112875634e-02 1.118833532001682757e-01 5.833848427446444718e-02
1.163959999999999972e+01 3.633986865498033125e-02 1.113258141247371324e-01 5.758647201223958401e-02
1.165199999999999925e+01 3.571502242033521707e-02 1.109239532840699538e-01 5.692200426645360745e-02
1.166450000000000031e+01 3.502925893540356078e-02 1.106674042845150890e-01 5.634191550010014815e-02
1.167689999999999984e+01 3.430177663196778970e-02 1.105293823292385902e-01 5.583521848160617751e-02
1.168940000000000090e+01 3.355367257116873003e-02 1.104651728246440479e-01 5.538049377166791992e-02
1.170180000000000042e+01 3.280519261726417418e-02 1.104141396039080014e-01 5.494569928729091390e-02
1.171419999999999995e+01 3.207367289940479815e-02 1.103039324252550191e-01 5.449005811124278675e-02
1.172669999999999924e+01 3.137244188887333696e-02 1.100553988212711054e-01 5.396735306363168588e-02
1.173910000000000053e+01 3.071056053339316083e-02 1.095869615924860707e-01 5.332973615199418371e-02
1.175159999999999982e+01 3.009314710586612207e-02 1.088187124935706684e-01 5.253115365486551308e-02
1.176399999999999935e+01 2.952206132757712737e-02 1.076790524869869897e-01 5.153247543454256285e-02
1.177640000000000065e+01 2.899659925114797532e-02 1.061126039531573445e-01 5.030602799680801429e-02
1.178889999999999993e+01 2.851415672828958026e-02 1.040901134785994775e-01 4.884048052310430155e-02
1.180129999999999946e+01 2.807083882313769069e-02 1.016175322828099664e-01 4.714470510960171168e-02
1.181380000000000052e+01 2.766204730032370551e-02 9.874097230858665253e-02 4.524902708039169053e-02
1.182620000000000005e+01 2.728306968285879042e-02 9.554513131759945210e-02 4.320319129803927571e-02
1.183869999999999933e+01 2.692962923531559000e-02 9.214474842405065425e-02 4.107096883167034307e-02
1.185110000000000063e+01 2.659836637118865449e-02 8.867112213637104445e-02 3.892272948492298684e-02
1.186350000000000016e+01 2.628720628692650385e-02 8.525722860059434249e-02 3.682772335157734334e-02
1.187599999999999945e+01 2.599557709753033685e-02 8.202482791907082793e-02 3.484771747989644231e-02
1.188840000000000074e+01 2.572444588872406165e-02 7.907570409343314677e-02 3.303295190547553273e-02
1.190090000000000003e+01 2.547617567534391989e-02 7.648772802674075333e-02 3.142055215337085511e-02
1.191329999999999956e+01 2.525420848509991531e-02 7.431424761454059891e-02 3.003457494666449817e-02
1.192570000000000086e+01 2.506267291148829221e-02 7.258589181248131794e-02 2.888708054809310463e-02
1.193820000000000014e+01 2.490593144099277623e-02 7.131315149666356268e-02 2.797954459714525888e-02
1.195059999999999967e+01 2.478811742626984768e-02 7.048921189217363659e-02 2.730423490100404582e-02
1.196310000000000073e+01 2.471271465554023689e-02 7.009282216502414620e-02 2.684567420910178789e-02
1.197550000000000026e+01 2.468218570747702720e-02 7.009143151740467037e-02 2.658235403117005166e-02
1.198799999999999955e+01 2.469765378621693527e-02 7.044462490591496540e-02 2.648868063840358056e-02
1.200040000000000084e+01 2.475861162012566591e-02 7.110764513319652036e-02 2.653710915549299665e-02
1.201280000000000037e+01 2.486267796953776574e-02 7.203481829019205140e-02 2.670018593639725962e-02
1.202529999999999966e+01 2.500543409772823522e-02 7.318184221687991375e-02 2.695198243224737611e-02
1.203769999999999918e+01 2.518047309135680589e-02 7.450807892368205287e-02 2.726933498628846680e-02
1.205020000000000024e+01 2.537974400159024452e-02 7.597790797110909322e-02 2.763243578741858900e-02
1.206259999999999977e+01 2.559424355720555863e-02 7.756171600918529419e-02 2.802509332285578122e-02
1.207499999999999929e+01 2.581512883566024208e-02 7.923719920984312326e-02 2.843496543917907460e-02
1.208750000000000036e+01 2.603492572523388032e-02 8.099031070735247806e-02 2.885360067616531826e-02
1.209989999999999988e+01 2.624862498217212653e-02 8.281593999917769011e-02 2.927634385834134920e-02
1.211240000000000094e+01 2.645427966356802066e-02 8.471730387262030315e-02 2.970180203202129471e-02
1.212480000000000047e+01 2.665287988025141080e-02 8.670389589863319868e-02 3.013081556683335979e-02
1.213729999999999976e+01 2.684741556891593814e-02 8.878861106033206219e-02 3.056506950726833177e-02
1.214969999999999928e+01 2.704134010358277829e-02 9.098443199185324293e-02 3.100564723530793709e-02
1.216210000000000058e+01 2.723681837558225571e-02 9.330248328960409621e-02 3.145205697959742308e-02
1.217459999999999987e+01 2.743339956810321792e-02 9.575370219750306555e-02 3.190244495843431310e-02
1.218699999999999939e+01 2.762759514555008372e-02 9.835440650595764223e-02 3.235510550407847546e-02
1.219950000000000045e+01 2.781377112404732205e-02 1.011365448850523457e-01 3.281148841020873480e-02
1.221189999999999998e+01 2.798631791867860208e-02 1.041597897488789892e-01 3.327986564651132240e-02
1.222439999999999927e+01 2.814269294727919646e-02 1.075212769770491350e-01 3.377860257367682612e-02
1.223680000000000057e+01 2.828643548478805558e-02 1.113570508627255290e-01 3.433735412538881093e-02
1.224920000000000009e+01 2.842904966637863420e-02 1.158306786015001755e-01 3.499507532031202739e-02
1.226169999999999938e+01 2.859040636642352223e-02 1.211108251867439867e-01 3.579489977487450986e-02
1.227410000000000068e+01 2.879727117559161692e-02 1.273423153504084637e-01 3.677700755973961622e-02
1.228659999999999997e+01 2.908064263086360818e-02 1.346214867871845522e-01 3.797191214875290932e-02
1.229899999999999949e+01 2.947298551628258281e-02 1.429867039863979283e-01 3.939683115420884729e-02
1.231140000000000079e+01 3.000638853674728393e-02 1.524303327692123622e-01 4.105688677209971132e-02
1.232390000000000008e+01 3.071210624920549942e-02 1.629294835731558144e-01 4.295081014250763662e-02
1.233629999999999960e+01 3.162086989551513017e-02 1.744827396518024154e-01 4.507866711556485217e-02
1.234880000000000067e+01 3.276262277296428799e-02 1.871351137482559768e-01 4.744768539399906587e-02
1.236120000000000019e+01 3.416400374443784999e-02 2.009749712593585369e-01 5.007263255270263946e-02
1.237369999999999948e+01 3.584245509460226575e-02 2.160954997368391139e-01 5.296883903885288292e-02
1.238610000000000078e+01 3.779740808613567954e-02 2.325274872015348770e-01 5.613904177151865516e-02
1.239850000000000030e+01 4.000049360231454354e-02 2.501621872191759910e-01 5.955790117507606118e-02
1.241099999999999959e+01 4.238817288087096818e-02 2.686905694671502531e-01 6.315961262372084273e-02
1.242340000000000089e+01 4.486038461710595282e-02 2.875834949272536023e-01 6.683396826630574883e-02
1.243590000000000018e+01 4.728767838955846153e-02 3.061271736147171407e-01 7.043388015248536194e-02
1.244829999999999970e+01 4.952686183586117036e-02 3.235119045012443406e-01 7.379416053483758842e-02
1.246069999999999922e+01 5.144240912613939898e-02 3.389554244984208653e-01 7.675750537015840758e-02
1.247320000000000029e+01 5.292857491134977249e-02 3.518304201418377408e-01 7.920126137439967295e-02
1.248559999999999981e+01 5.392639429203336526e-02 3.617628329459651182e-01 8.105775495920315710e-02
1.249810000000000088e+01 5.443116424616505772e-02 3.686767041825776969e-01 8.232299908465640081e-02
1.251050000000000040e+01 5.448842770676438907e-02 3.727752910313818502e-01 8.305150703019584246e-02
1.252299999999999969e+01 5.417999128733706066e-02 3.744675160204035125e-01 8.333928424477854424e-02
1.253539999999999921e+01 5.360413447426690819e-02 3.742649049775851333e-01 8.330047486295548420e-02
1.254780000000000051e+01 5.285547178660604528e-02 3.726679909826767223e-01 8.304210094264410924e-02
1.256029999999999980e+01 5.200953363452939099e-02 3.700895177797315361e-01 8.264720853416335222e-02
1.257269999999999932e+01 5.111507600646303384e-02 3.668107967980943074e-01 8.216593153318524356e-02
1.258520000000000039e+01 5.019397588514347419e-02 3.629831827210384110e-01 8.161686394937199551e-02
1.259759999999999991e+01 4.924819212032351123e-02 3.586663734985740537e-01 8.099711176903878762e-02
1.260999999999999943e+01 4.826951585462530003e-02 3.538814728408665733e-01 8.029574363017286109e-02
1.262250000000000050e+01 4.724947442535953890e-02 3.486619997650439728e-01 7.950670293395889487e-02
1.263490000000000002e+01 4.618688257678686682e-02 3.430865564072140828e-01 7.863741073624297417e-02
1.264739999999999931e+01 4.509195496538610792e-02 3.372842350685066881e-01 7.771085993655479918e-02
1.265980000000000061e+01 4.398685370184989007e-02 3.314125375961668452e-01 7.676111798058511682e-02
1.267229999999999990e+01 4.290303807138785147e-02 3.256142095342448584e-01 7.582362173638267089e-02
1.268469999999999942e+01 4.187654272764747970e-02 3.199684962763401641e-01 7.492360659732569261e-02
1.269710000000000072e+01 4.094185202080816849e-02 3.144529048784019953e-01 7.406636258444362908e-02
1.270960000000000001e+01 4.012528276864626986e-02 3.089305957629441823e-01 7.323258304465868340e-02
1.272199999999999953e+01 3.943896985530837007e-02 3.031739414982949632e-01 7.238461439704266254e-02
1.273450000000000060e+01 3.887681128456126067e-02 2.969103325311129304e-01 7.146728321287795782e-02
1.274690000000000012e+01 3.841377987381714570e-02 2.898996690035147150e-01 7.043358696569715360e-02
1.275929999999999964e+01 3.800937561367682960e-02 2.819986370408152920e-01 6.925537189347835687e-02
1.277180000000000071e+01 3.761488700551814807e-02 2.732082660546767405e-01 6.793822103997462780e-02
1.278420000000000023e+01 3.718289983062882109e-02 2.636873847456648878e-01 6.652945650373869035e-02
1.279669999999999952e+01 3.667640372336085364e-02 2.537305921030154066e-01 6.511856869363405464e-02
1.280910000000000082e+01 3.607508837834746268e-02 2.437190877315601467e-01 6.382946809522382914e-02
1.282160000000000011e+01 3.537722022725626331e-02 2.340575441500596099e-01 6.280432459727387784e-02
1.283399999999999963e+01 3.459709375136821308e-02 2.251108863257031689e-01 6.217958811676194825e-02
1.284640000000000093e+01 3.375944600868047152e-02 2.171520104594615863e-01 6.205631399463816533e-02
1.285890000000000022e+01 3.289296643297982825e-02 2.103291344692451714e-01 6.247024066710020473e-02
1.287129999999999974e+01 3.202466135468817754e-02 2.046519026941581720e-01 6.336901603271968830e-02
1.288380000000000081e+01 3.117638442153505829e-02 2.000061870601326230e-01 6.460817899210838378e-02
1.289620000000000033e+01 3.036358908821774893e-02 1.961885518434965947e-01 6.597131023624223933e-02
1.290869999999999962e+01 2.959578734762042390e-02 1.929585789343157554e-01 6.721442959203871581e-02
1.292110000000000092e+01 2.887792000598537329e-02 1.900973048723086922e-01 6.812378522981282769e-02
1.293350000000000044e+01 2.821198272750467806e-02 1.874585670981707697e-01 6.856920577103681191e-02
1.294599999999999973e+01 2.759818416159067617e-02 1.849966598316289956e-01 6.853423894074039957e-02
1.295839999999999925e+01 2.703561656746025083e-02 1.827702171079458870e-01 6.811462593481391881e-02
1.297090000000000032e+01 2.652217686500559640e-02 1.809054922866726034e-01 6.748358213352673163e-02
1.298329999999999984e+01 2.605385524855474005e-02 1.795484567996515624e-01 6.684165904722214058e-02
1.299569999999999936e+01 2.562379803715691962e-02 1.788033112772808852e-01 6.636523435637343982e-02
1.300820000000000043e+01 2.522056098293341819e-02 1.786758872083686889e-01 6.616889914468429557e-02
1.302059999999999995e+01 2.482745540162938080e-02 1.790389127960836657e-01 6.628961364265999190e-02
1.303309999999999924e+01 2.442279932993580288e-02 1.796266859009657824e-01 6.669130477448131922e-02
1.304550000000000054e+01 2.398187722681438538e-02 1.800647190481420579e-01 6.728449958371973683e-02
1.305799999999999983e+01 2.348066461262204169e-02 1.799316408958369640e-01 6.795373679903600472e-02
1.307039999999999935e+01 2.290070298529148229e-02 1.788402680903455888e-01 6.858568875032296230e-02
1.308280000000000065e+01 2.223381022402448615e-02 1.765178609482883632e-01 6.909246110507120953e-02
1.309529999999999994e+01 2.148511314107800357e-02 1.728635095761877627e-01 6.942595628531417207e-02
1.310769999999999946e+01 2.067323897892393847e-02 1.679661004071615338e-01 6.958136873318893079e-02
1.312020000000000053e+01 1.982738718554323196e-02 1.620787202780740177e-01 6.959048948572862936e-02
1.313260000000000005e+01 1.898212110381282403e-02 1.555583688163411082e-01 6.950662081253930480e-02
1.314499999999999957e+01 1.817141181058378255e-02 1.487967030646544786e-01 6.939471818174283713e-02
1.315750000000000064e+01 1.742360986906238418e-02 1.421462146416819783e-01 6.930704016137981260e-02
1.316990000000000016e+01 1.675852115680195875e-02 1.358824917772318286e-01 6.928387358321612399e-02
1.318239999999999945e+01 1.618687011538633841e-02 1.301860753806728388e-01 6.934849070159582185e-02
1.319480000000000075e+01 1.571166467269633979e-02 1.251498178841362330e-01 6.950997817166888748e-02
1.320730000000000004e+01 1.533052944583795929e-02 1.207996867551810599e-01 6.976828442497261251e-02
1.321969999999999956e+01 1.503809079684284220e-02 1.171186999913808452e-01 7.011907040318525464e-02
1.323210000000000086e+01 1.482781952798894846e-02 1.140666307081920072e-01 7.055693632446846664e-02
1.324460000000000015e+01 1.469314194572159810e-02 1.115927124420459937e-01 7.107664201178204300e-02
1.325699999999999967e+01 1.462791371108942279e-02 1.096419707063192583e-01 7.167286190314456351e-02
1.326950000000000074e+01 1.462648297974247086e-02 1.081570344351503316e-01 7.233919479957719167e-02
1.328190000000000026e+01 1.468363294649473356e-02 1.070809271262035817e-01 7.306789065933363969e-02
1.329429999999999978e+01 1.479437082038078874e-02 1.063554722497785515e-01 7.384927720546413665e-02
1.330680000000000085e+01 1.495374573896343651e-02 1.059244132648379938e-01 7.467278724387037270e-02
1.331920000000000037e+01 1.515665787812674366e-02 1.057348088224841220e-01 7.552801214032361932e-02
1.333169999999999966e+01 1.539766592165467407e-02 1.057384886415481673e-01 7.640586415960383404e-02
1.334409999999999918e+01 1.567076003249216060e-02 1.058923913715096587e-01 7.729922617705888011e-02
1.335660000000000025e+01 1.596937951708504375e-02 1.061592403356380887e-01 7.820325481968770642e-02
1.336899999999999977e+01 1.628637893210627824e-02 1.065062078041644766e-01 7.911444979324486204e-02
1.338139999999999930e+01 1.661412911766008832e-02 1.069037230270107747e-01 8.002919652269874229e-02
1.339390000000000036e+01 1.694470594952532036e-02 1.073243708463483270e-01 8.094188145229960774e-02
1.340629999999999988e+01 1.727002483160195584e-02 1.077418590468283144e-01 8.184298713734813879e-02
1.341879999999999917e+01 1.758185973904850818e-02 1.081302210548430870e-01 8.271762427113789340e-02
1.343120000000000047e+01 1.787171145526720434e-02 1.084632867932479039e-01 8.354482060370424512e-02
1.344359999999999999e+01 1.813053119365181862e-02 1.087143800614829847e-01 8.429788663361087453e-02
1.345609999999999928e+01 1.834844505509807683e-02 1.088563883140381550e-01 8.494580781662990077e-02
1.346850000000000058e+01 1.851471019925238215e-02 1.088621928309774778e-01 8.545571523706632644e-02
1.348099999999999987e+01 1.861812750833450811e-02 1.087057972838553765e-01 8.579626683994125147e-02
1.349339999999999939e+01 1.864811072655726126e-02 1.083642276924567105e-01 8.594175254775997252e-02
1.350590000000000046e+01 1.859634822422737491e-02 1.078201370973283224e-01 8.587643657660899710e-02
1.351829999999999998e+01 1.845878377067940862e-02 1.070648882825289694e-01 8.559845618895897679e-02
1.353069999999999951e+01 1.823736797651159466e-02 1.061014854609594188e-01 8.512233886810363637e-02
1.354320000000000057e+01 1.794098449805173537e-02 1.049465134807070488e-01 8.447910270737227223e-02
1.355560000000000009e+01 1.758510356305522868e-02 1.036304033709231354e-01 8.371351853890693362e-02
1.356809999999999938e+01 1.719005128998303891e-02 1.021955312177453834e-01 8.287865111447464961e-02
1.358050000000000068e+01 1.677827325954784135e-02 1.006924493136364535e-01 8.202880781217264383e-02
1.359299999999999997e+01 1.637121656274568085e-02 9.917481828431394530e-02 8.121245934448528825e-02
1.360539999999999949e+01 1.598664425297536759e-02 9.769417698987943599e-02 8.046671324052673269e-02
1.361780000000000079e+01 1.563693310271113690e-02 9.629548740115692618e-02 7.981446953249274334e-02
1.363030000000000008e+01 1.532861540141425456e-02 9.501418204498904285e-02 7.926442107203365839e-02
1.364269999999999960e+01 1.506302543511549297e-02 9.387497520510747206e-02 7.881341079339602984e-02
1.365520000000000067e+01 1.483762606569878975e-02 9.289202892401721146e-02 7.844984497309280547e-02
1.366760000000000019e+01 1.464753735629878602e-02 9.207000657943859023e-02 7.815716659551139034e-02
1.367999999999999972e+01 1.448686786710620851e-02 9.140539497213950870e-02 7.791647336340849772e-02
1.369250000000000078e+01 1.434960516878791906e-02 9.088753375034076820e-02 7.770794297682646901e-02
1.370490000000000030e+01 1.423008081904222899e-02 9.049934111421131799e-02 7.751119189616290095e-02
1.371739999999999959e+01 1.412307847536749261e-02 9.021772705417151206e-02 7.730502486574525323e-02
1.372980000000000089e+01 1.402378057369550735e-02 9.001407126494018196e-02 7.706707976876087107e-02
1.374230000000000018e+01 1.392765957754246199e-02 8.985506286262451292e-02 7.677384562682984526e-02
1.375469999999999970e+01 1.383045631261383898e-02 8.970422785773993213e-02 7.640133256604367262e-02
1.376709999999999923e+01 1.372818857171330224e-02 8.952407641483131617e-02 7.592623862808883795e-02
1.377960000000000029e+01 1.361728323628856943e-02 8.927880586770742255e-02 7.532771116106856679e-02
1.379199999999999982e+01 1.349474225036811220e-02 8.893721851468103234e-02 7.458916596350660677e-02
1.380450000000000088e+01 1.335829239369876187e-02 8.847524605841128320e-02 7.369994550727376748e-02
1.381690000000000040e+01 1.320652089427568412e-02 8.787795835337391948e-02 7.265675859559533878e-02
1.382929999999999993e+01 1.303894861325008252e-02 8.714062722753013190e-02 7.146462153616381374e-02
1.384179999999999922e+01 1.285603008868276172e-02 8.626881221763860186e-02 7.013736646445768719e-02
1.385420000000000051e+01 1.265908432422901617e-02 8.527745084928484154e-02 6.869743370788713999e-02
1.386669999999999980e+01 1.245015645140044695e-02 8.418903517803238978e-02 6.717485843945911195e-02
1.387909999999999933e+01 1.223181658690414633e-02 8.303106675883854815e-02 6.560524395664155128e-02
1.389160000000000039e+01 1.200694292660560263e-02 8.183305119046639653e-02 6.402677074654342104e-02
1.390399999999999991e+01 1.177848246638423489e-02 8.062337755457069099e-02 6.247656743683573100e-02
1.391639999999999944e+01 1.154923506452349737e-02 7.942657018922873180e-02 6.098700855464308374e-02
1.392890000000000050e+01 1.132166175017715326e-02 7.826125864532387788e-02 5.958266178171511829e-02
1.394130000000000003e+01 1.109772547934578107e-02 7.713913817420929575e-02 5.827845077111865751e-02
1.395379999999999932e+01 1.087877204278933814e-02 7.606497859177811793e-02 5.707937802047050035e-02
1.396620000000000061e+01 1.066546000251071373e-02 7.503744482619308098e-02 5.598164560823706837e-02
1.397860000000000014e+01 1.045776721059628149e-02 7.405050424967053735e-02 5.497473523107816729e-02
1.399109999999999943e+01 1.025505434940147606e-02 7.309499017824694356e-02 5.404396356761287379e-02
1.400350000000000072e+01 1.005621252811018246e-02 7.216017217906767200e-02 5.317287908058480894e-02
1.401600000000000001e+01 9.859852024750752342e-03 7.123511302676377444e-02 5.234529544593469197e-02
1.402839999999999954e+01 9.664554046238475402e-03 7.030985513787929575e-02 5.154671871236143899e-02
1.404090000000000060e+01 9.469102227294613761e-03 6.937633041493340702e-02 5.076527710003111982e-02
1.405330000000000013e+01 9.272685913667907953e-03 6.842904427925525224e-02 4.999219777593111314e-02
1.406569999999999965e+01 9.075049012678092913e-03 6.746548637002036664e-02 4.922196092970634179e-02
1.407820000000000071e+01 8.876545027439583166e-03 6.648619728081359148e-02 4.845217269845990271e-02
1.409060000000000024e+01 8.678109644860362848e-03 6.549450060318169620e-02 4.768323574837415868e-02
1.410309999999999953e+01 8.481145708927427876e-03 6.449595933069851572e-02 4.691781572226214059e-02
1.411550000000000082e+01 8.287345766774121408e-03 6.349758059062809989e-02 4.616017993971613387e-02
1.412790000000000035e+01 8.098491505328190079e-03 6.250704138281522326e-02 4.541547337038030763e-02
1.414039999999999964e+01 7.916260673553065369e-03 6.153193236143546935e-02 4.468904501481496538e-02
1.415280000000000094e+01 7.742103199880197642e-03 6.057924232944920245e-02 4.398580489553621797e-02
1.416530000000000022e+01 7.577288626756674070e-03 5.965522603080121444e-02 4.331007980734676022e-02
1.417769999999999975e+01 7.422700849103645859e-03 5.876489196596174081e-02 4.266480467644691299e-02
1.419020000000000081e+01 7.279211092475741315e-03 5.791252862364060228e-02 4.205235376136848280e-02
1.420260000000000034e+01 7.147692017513448785e-03 5.710162612293634421e-02 4.147461204920641770e-02
1.421499999999999986e+01 7.029212485492519411e-03 5.633518642669556320e-02 4.093365745217954904e-02
1.422750000000000092e+01 6.925208795994884994e-03 5.561606498827835476e-02 4.043247731088811525e-02
1.423990000000000045e+01 6.837640995473807416e-03 5.494740973285015817e-02 3.997561242967522660e-02
1.425239999999999974e+01 6.769064997919796260e-03 5.433303648575320277e-02 3.956948438242204047e-02
1.426479999999999926e+01 6.722550814951683273e-03 5.377759013262195520e-02 3.922213712779470951e-02
1.427730000000000032e+01 6.701325099691184291e-03 5.328619426360983735e-02 3.894222427881043058e-02
1.428969999999999985e+01 6.708088409310599375e-03 5.286342560978965488e-02 3.873706810188971839e-02
1.430209999999999937e+01 6.744056156565423829e-03 5.251164075548698379e-02 3.861009115242975548e-02
1.431460000000000043e+01 6.807959359193860131e-03 5.222913657521068009e-02 3.855820653134819226e-02
1.432699999999999996e+01 6.895370287500759802e-03 5.200865479360103349e-02 3.857015018942334256e-02
1.433949999999999925e+01 6.998710197737068039e-03 5.183706847622338715e-02 3.862662879497313906e-02
1.435190000000000055e+01 7.108132551002410010e-03 5.169659031725250958e-02 3.870263369086675287e-02
1.436430000000000007e+01 7.213108594490113580e-03 5.156729443823825088e-02 3.877159402654633408e-02
1.437679999999999936e+01 7.304282023644224214e-03 5.143037147137979187e-02 3.881012466951953843e-02
1.438920000000000066e+01 7.374968656858242252e-03 5.127097198361633967e-02 3.880189305133244226e-02
1.440169999999999995e+01 7.421846836280747081e-03 5.107985536902090451e-02 3.873935738295779252e-02
1.441409999999999947e+01 7.444717592015719435e-03 5.085339577062729377e-02 3.862313744354397421e-02
1.442659999999999876e+01 7.445540104577349876e-03 5.059223291545349860e-02 3.845942060544851882e-02
1.443900000000000183e+01 7.427215057994226641e-03 5.029927778294288054e-02 3.825674556172450891e-02
1.445140000000000136e+01 7.392553780279891538e-03 4.997780620097816429e-02 3.802312404696476383e-02
1.446390000000000065e+01 7.343682725431321598e-03 4.963020626698837201e-02 3.776434925505352952e-02
1.447630000000000017e+01 7.281894285876540016e-03 4.925755723812065556e-02 3.748357057421623784e-02
1.448879999999999946e+01 7.207830435113124490e-03 4.885993542778134524e-02 3.718184290764438987e-02
1.450119999999999898e+01 7.121758644520413337e-03 4.843713966728614706e-02 3.685921289847678139e-02
1.451359999999999850e+01 7.023867930570901197e-03 4.798962919441990271e-02 3.651593284770990322e-02
1.452610000000000134e+01 6.914484978281882840e-03 4.751953449587052736e-02 3.615345722629371983e-02
1.453850000000000087e+01 6.794279872847116056e-03 4.703165771148511143e-02 3.577526701798199038e-02
1.455100000000000016e+01 6.664469389452776574e-03 4.653446685610178324e-02 3.538737979672393341e-02
1.456339999999999968e+01 6.527025432132208156e-03 4.604087983506687659e-02 3.499865635733699631e-02
1.457589999999999897e+01 6.384829564110505555e-03 4.556845567039974343e-02 3.462058803567673315e-02
1.458829999999999849e+01 6.241927144687496772e-03 4.513913552407975566e-02 3.426727551020038870e-02
1.460070000000000157e+01 6.103160628336885829e-03 4.477710099081101680e-02 3.395364418739800494e-02
1.461320000000000086e+01 5.974122387490021086e-03 4.450661328650822729e-02 3.369471060756355080e-02
1.462560000000000038e+01 5.860575249790518811e-03 4.434839631130185755e-02 3.350354885703436120e-02
1.463809999999999967e+01 5.767944917663095361e-03 4.431674087562721687e-02 3.338987543819794956e-02
1.465049999999999919e+01 5.700899108195467066e-03 4.441778158782991315e-02 3.335933268632625126e-02
1.466289999999999871e+01 5.663223542718302805e-03 4.465011225749044438e-02 3.341411205200628398e-02
1.467540000000000155e+01 5.658135173635973555e-03 4.500817338893031705e-02 3.355520279190030847e-02
1.468780000000000108e+01 5.689070108913776500e-03 4.548848248439440328e-02 3.378633756313063896e-02
1.470030000000000037e+01 5.760858669182965762e-03 4.609797506844658804e-02 3.411930950690377634e-02
1.471269999999999989e+01 5.881088188962395671e-03 4.686300848476468439e-02 3.457963074440788265e-02
1.472519999999999918e+01 6.061285283387641068e-03 4.783706481334092098e-02 3.521131271105405053e-02
1.473759999999999870e+01 6.317540882330652946e-03 4.910466930983806155e-02 3.607908418900690473e-02
1.475000000000000178e+01 6.670231533104311120e-03 5.078006781493919763e-02 3.726674124618371831e-02
1.476250000000000107e+01 7.142489597842131832e-03 5.299841582488317576e-02 3.887049045839604394e-02
1.477490000000000059e+01 7.757474089463731008e-03 5.589985175685824315e-02 4.098755430749710660e-02
1.478739999999999988e+01 8.534710093745172255e-03 5.960813152665928039e-02 4.370152850129185862e-02
1.479979999999999940e+01 9.486156918000795968e-03 6.420728410703317734e-02 4.706711435939792826e-02
1.481219999999999892e+01 1.061285304261301403e-02 6.972080224595908482e-02 5.109768110357475884e-02
1.482470000000000176e+01 1.190291985345000823e-02 7.609779318292299310e-02 5.575842786590424344e-02
1.483710000000000129e+01 1.333151750889407725e-02 8.320932226318511482e-02 6.096703906097247078e-02
1.484960000000000058e+01 1.486285091442169845e-02 9.085626364085774842e-02 6.660159673606901032e-02
1.486200000000000010e+01 1.645398518749920797e-02 9.878837803793527605e-02 7.251469358343431981e-02
1.487449999999999939e+01 1.805976588156127730e-02 1.067320313248244501e-01 7.855094348287874895e-02
1.488689999999999891e+01 1.963852710421414363e-02 1.144240422102078270e-01 8.456567927757599468e-02
1.489929999999999843e+01 2.115593503384146506e-02 1.216429145581632981e-01 9.044053208794511356e-02
1.491180000000000128e+01 2.258966281503167750e-02 1.282393305690370522e-01 9.609662761772930217e-02
1.492420000000000080e+01 2.393106391410260506e-02 1.341537288733780919e-01 1.015007435167131350e-01
1.493670000000000009e+01 2.518572413041918895e-02 1.394214790454579855e-01 1.066651809855802130e-01
1.494909999999999961e+01 2.637241064144647817e-02 1.441636922252859665e-01 1.116407642337903100e-01
1.496159999999999890e+01 2.752086141813278597e-02 1.485663276320337567e-01 1.165043279639488422e-01
1.497399999999999842e+01 2.866877166085548059e-02 1.528524346414623647e-01 1.213427489543594945e-01
1.498640000000000150e+01 2.985807825866897830e-02 1.572530629587150508e-01 1.262363604686294050e-01
1.499890000000000079e+01 3.113037714062610525e-02 1.619806282922271468e-01 1.312440717936206314e-01
1.501130000000000031e+01 3.252115759282383362e-02 1.672060273548873210e-01 1.363918986152093948e-01
1.502379999999999960e+01 3.405285393560330415e-02 1.730390706138009993e-01 1.416654712456439924e-01
1.503619999999999912e+01 3.572754788673142279e-02 1.795119837874849522e-01 1.470069331344094898e-01
1.504859999999999864e+01 3.752086141962223537e-02 1.865662203829394072e-01 1.523158165709637135e-01
1.506110000000000149e+01 3.937948944421600095e-02 1.940479808713267418e-01 1.574550094399340128e-01
1.507350000000000101e+01 4.122448817484288680e-02 2.017182007894168794e-01 1.622627230580525048e-01
1.508600000000000030e+01 4.296054632514643284e-02 2.092778683486647695e-01 1.665697034380725083e-01
1.509839999999999982e+01 4.448972452053811394e-02 2.164055584054039860e-01 1.702196049757108698e-01
1.511089999999999911e+01 4.572686827358945355e-02 2.228022408864339110e-01 1.730899170526048192e-01
1.512329999999999863e+01 4.661265499618053032e-02 2.282308195640964099e-01 1.751083814541973815e-01
1.513570000000000171e+01 4.712122848362495370e-02 2.325405167560113395e-01 1.762611409314140953e-01
1.514820000000000100e+01 4.726101304503584760e-02 2.356702390816447223e-01 1.765905515072043741e-01
1.516060000000000052e+01 4.706930140548351571e-02 2.376311119654672954e-01 1.761831205531896316e-01
1.517309999999999981e+01 4.660279408059997408e-02 2.384761642596907594e-01 1.751510563469058923e-01
1.518549999999999933e+01 4.592686307744880264e-02 2.382678340186243360e-01 1.736121057912757837e-01
1.519789999999999885e+01 4.510618734157320620e-02 2.370552959479525490e-01 1.716728835361550631e-01
1.521040000000000170e+01 4.419840305168577094e-02 2.348696440025440646e-01 1.694190741634849506e-01
1.522280000000000122e+01 4.325112560591329314e-02 2.317374343107189427e-01 1.669132511366916982e-01
1.523530000000000051e+01 4.230153107228810244e-02 2.277053002762848555e-01 1.641983115799113824e-01
1.524770000000000003e+01 4.137699885764842267e-02 2.228627790940506392e-01 1.613027390818145002e-01
1.526019999999999932e+01 4.049551565978096873e-02 2.173507791172088754e-01 1.582442333086681585e-01
1.527259999999999884e+01 3.966537932341280409e-02 2.113494090532904712e-01 1.550302587705315038e-01
1.528499999999999837e+01 3.888491331803806128e-02 2.050489080297306088e-01 1.516571521550855728e-01
1.529750000000000121e+01 3.814318983893820458e-02 1.986146958396127760e-01 1.481107857686851381e-01
1.530990000000000073e+01 3.742376403841776028e-02 1.921629144747993290e-01 1.443723073883058650e-01
1.532240000000000002e+01 3.670864990382933374e-02 1.857502340866739599e-01 1.404269914340353642e-01
1.533479999999999954e+01 3.598489749384273934e-02 1.793868113800848041e-01 1.362767118956876022e-01
1.534719999999999906e+01 3.524904658885782971e-02 1.730598116416623977e-01 1.319491875931959046e-01
1.535969999999999835e+01 3.450908595732454787e-02 1.667591718987389005e-01 1.275011390669866518e-01
1.537210000000000143e+01 3.378352342323748259e-02 1.604966504109629766e-01 1.230145225670308817e-01
1.538460000000000072e+01 3.309820768668604585e-02 1.543137879136683155e-01 1.185873369898258617e-01
1.539700000000000024e+01 3.248216583352184911e-02 1.482791619056347265e-01 1.143220541306171623e-01
1.540949999999999953e+01 3.196407530320503898e-02 1.424794930452150388e-01 1.103158919609401323e-01
1.542189999999999905e+01 3.156997856219554560e-02 1.370088229767867927e-01 1.066545737689476858e-01
1.543429999999999858e+01 3.132210764328999947e-02 1.319584722132232102e-01 1.034094225225418023e-01
1.544680000000000142e+01 3.123814903084728284e-02 1.274090312885788334e-01 1.006361949627556235e-01
1.545920000000000094e+01 3.133012395566585340e-02 1.234240139279914744e-01 9.837352296015133835e-02
1.547170000000000023e+01 3.160240374898790061e-02 1.200437523846339394e-01 9.663962481968957352e-02
1.548409999999999975e+01 3.204904476469831731e-02 1.172797393796071175e-01 9.542750676666776621e-02
1.549649999999999928e+01 3.265166928115616207e-02 1.151125242451703501e-01 9.470135360694131865e-02
1.550899999999999856e+01 3.337893002645953011e-02 1.134939899911935890e-01 9.439642583305957180e-02
1.552140000000000164e+01 3.418829301358328188e-02 1.123531528904057331e-01 9.442399147372371182e-02
1.553390000000000093e+01 3.503068506211189093e-02 1.116075733437647821e-01 9.468242780925387181e-02
1.554630000000000045e+01 3.585707851583178757e-02 1.111769125238193517e-01 9.507194010861197420e-02
1.555879999999999974e+01 3.662529804557009688e-02 1.109949481496962098e-01 9.550907305960093518e-02
1.557119999999999926e+01 3.730512868404959465e-02 1.110164484570933807e-01 9.593666197408121099e-02
1.558359999999999879e+01 3.788034469930376402e-02 1.112170652772779128e-01 9.632639259651366859e-02
1.559610000000000163e+01 3.834729400738962762e-02 1.115867752134896834e-01 9.667365408872094501e-02
1.560850000000000115e+01 3.871093748122063360e-02 1.121198625619669459e-01 9.698722865690040384e-02
1.562100000000000044e+01 3.897991959744834950e-02 1.128052422873179333e-01 9.727783571417582265e-02
1.563339999999999996e+01 3.916231592266260914e-02 1.136204501298082314e-01 9.754920992662785562e-02
1.564589999999999925e+01 3.926310452171027920e-02 1.145305828968214146e-01 9.779407605185430619e-02
1.565829999999999878e+01 3.928363468251030999e-02 1.154917790812317879e-01 9.799498810593122722e-02
1.567069999999999830e+01 3.922268259662200357e-02 1.164573056688236463e-01 9.812871393839907308e-02
1.568320000000000114e+01 3.907833988440102824e-02 1.173840201753697382e-01 9.817190838570701017e-02
1.569560000000000066e+01 3.885000216837729975e-02 1.182374462612461458e-01 9.810632913767171337e-02
1.570809999999999995e+01 3.853997085380963389e-02 1.189946615463230717e-01 9.792226324293024087e-02
1.572049999999999947e+01 3.815435746975711501e-02 1.196448296000861555e-01 9.761997140178302335e-02
1.573289999999999900e+01 3.770324876370211714e-02 1.201879803304781169e-01 9.720924173644747424e-02
1.574539999999999829e+01 3.720014114327978988e-02 1.206324890809136602e-01 9.670754538260559197e-02
1.575780000000000136e+01 3.666081512360251649e-02 1.209919032647739645e-01 9.613734146586175311e-02
1.577030000000000065e+01 3.610184847761385013e-02 1.212817963358051310e-01 9.552304831347292746e-02
1.578270000000000017e+01 3.553885547521164201e-02 1.215166025371787889e-01 9.488768237006958706e-02
1.579519999999999946e+01 3.498498944839301822e-02 1.217072697345113336e-01 9.425029548932931101e-02
1.580759999999999899e+01 3.444991506197414566e-02 1.218598828185054050e-01 9.362421799297848679e-02
1.581999999999999851e+01 3.393916349903231683e-02 1.219749814038599278e-01 9.301601928881722547e-02
1.583250000000000135e+01 3.345428123156663630e-02 1.220477603563161623e-01 9.242578781610258365e-02
1.584490000000000087e+01 3.299337235751686331e-02 1.220687095393069160e-01 9.184810884995700531e-02
1.585740000000000016e+01 3.255200684218572532e-02 1.220243070500753590e-01 9.127348106388823157e-02
1.586979999999999968e+01 3.212425186114781922e-02 1.218974460293085760e-01 9.068983432279376089e-02
1.588219999999999921e+01 3.170361361922394150e-02 1.216672207918570170e-01 9.008367494655192265e-02
1.589469999999999850e+01 3.128369208007193703e-02 1.213080068192503302e-01 8.944056643685820152e-02
1.590710000000000157e+01 3.085837507173545824e-02 1.207878800028629046e-01 8.874473170825716850e-02
1.591960000000000086e+01 3.042153120248612674e-02 1.200670459487910846e-01 8.797789012729163860e-02
1.593200000000000038e+01 2.996628398710109512e-02 1.190973061014396067e-01 8.711801277596048498e-02
1.594449999999999967e+01 2.948424480232214595e-02 1.178238814276738322e-01 8.613875851404097228e-02
1.595689999999999920e+01 2.896516053628589091e-02 1.161906091400100177e-01 8.501059776486531716e-02
1.596929999999999872e+01 2.839753209916762514e-02 1.141490566787578542e-01 8.370516513124995339e-02
1.598180000000000156e+01 2.777044101595940034e-02 1.116703038770049672e-01 8.220249364326528974e-02
1.599420000000000108e+01 2.707640197294604312e-02 1.087569916207720977e-01 8.050051039493413829e-02
1.600670000000000215e+01 2.631450033742985944e-02 1.054523124333516387e-01 7.862456655843015618e-02
1.601910000000000167e+01 2.549272933798741800e-02 1.018426482649288922e-01 7.663421909152756673e-02
1.603150000000000119e+01 2.462855825012618544e-02 9.805231123312038721e-02 7.462500867558556628e-02
1.604399999999999693e+01 2.374732795784515252e-02 9.423068648171636918e-02 7.272371446596578859e-02
1.605640000000000356e+01 2.287877440161627945e-02 9.053456646141724851e-02 7.107738402430925639e-02
1.606889999999999930e+01 2.205259638276924061e-02 8.710920142139322309e-02 6.983706800328584596e-02
1.608129999999999882e+01 2.129422951542609896e-02 8.407193787295551279e-02 6.913855494183414330e-02
1.609380000000000166e+01 2.062170096029605770e-02 8.149948048300398318e-02 6.908133108153605151e-02
1.610620000000000118e+01 2.004395814138952223e-02 7.942276683988770680e-02 6.971050673779559392e-02
1.611860000000000070e+01 1.956046762542566070e-02 7.782529052589214069e-02 7.100205662055986133e-02
1.613110000000000355e+01 1.916182813913878957e-02 7.664738107373844644e-02 7.285723457813478299e-02
1.614350000000000307e+01 1.883101892700411381e-02 7.579450588423841673e-02 7.510827143016987617e-02
1.615599999999999881e+01 1.854518570463043955e-02 7.514903465960255657e-02 7.753653345084418613e-02
1.616839999999999833e+01 1.827800305292474892e-02 7.458415463199871698e-02 7.990090233182944868e-02
1.618079999999999785e+01 1.800262057411844072e-02 7.397812845210534338e-02 8.197086540442581615e-02
1.619330000000000069e+01 1.769499162872482587e-02 7.322692224561626329e-02 8.355711554782829786e-02
1.620570000000000022e+01 1.733716189101993516e-02 7.225345770666713463e-02 8.453288043657566919e-02
1.621820000000000306e+01 1.691992463381545436e-02 7.101294192586490861e-02 8.484262665823696925e-02
1.623060000000000258e+01 1.644419537867120376e-02 6.949443317976684853e-02 8.449812989886282266e-02
1.624309999999999832e+01 1.592064493281880946e-02 6.771968614895591820e-02 8.356564130027788195e-02
1.625549999999999784e+01 1.536785083081791160e-02 6.574006944597407531e-02 8.214946461574736125e-02
1.626789999999999736e+01 1.480908460902221301e-02 6.363138429191741996e-02 8.037571838966063587e-02
1.628040000000000020e+01 1.426852413930137023e-02 6.148621661294265128e-02 7.837838986865772184e-02
1.629279999999999973e+01 1.376766723448343173e-02 5.940365472922795598e-02 7.628785760133564853e-02
1.630530000000000257e+01 1.332261314113649710e-02 5.747694775080178925e-02 7.422114886000180656e-02
1.631770000000000209e+01 1.294270463721344452e-02 5.578170369273588447e-02 7.227392172948066129e-02
1.633019999999999783e+01 1.263059904145683379e-02 5.436722507357878709e-02 7.051481770783984970e-02
1.634259999999999735e+01 1.238351951602910048e-02 5.325341274623510146e-02 6.898332901051508481e-02
1.635499999999999687e+01 1.219521811831684663e-02 5.243396275401301931e-02 6.769199922526381030e-02
1.636749999999999972e+01 1.205811889144008282e-02 5.188472124004579050e-02 6.663236670538699724e-02
1.637989999999999924e+01 1.196518199280920472e-02 5.157434181506216631e-02 6.578272962237227683e-02
1.639240000000000208e+01 1.191119940195293006e-02 5.147437492188329522e-02 6.511619479917676867e-02
1.640480000000000160e+01 1.189335242900183692e-02 5.156609543719364169e-02 6.460687367395609448e-02
1.641720000000000113e+01 1.191103848871307228e-02 5.184259346258046630e-02 6.423352020292133480e-02
1.642969999999999686e+01 1.196506594637119364e-02 5.230595330821993794e-02 6.398061518365916189e-02
1.644210000000000349e+01 1.205624742221725332e-02 5.295977224877200518e-02 6.383737785910226226e-02
1.645459999999999923e+01 1.218375414826794803e-02 5.379943307153208648e-02 6.379588424275597913e-02
1.646699999999999875e+01 1.234353671070260311e-02 5.480208473946861225e-02 6.384883298878957225e-02
1.647950000000000159e+01 1.252726008082805792e-02 5.591944267549927433e-02 6.398799293677599753e-02
1.649190000000000111e+01 1.272219463826257911e-02 5.707595829794355480e-02 6.420330710619429060e-02
1.650430000000000064e+01 1.291230038727462712e-02 5.817463053726829036e-02 6.448359045793011779e-02
1.651680000000000348e+01 1.308046392785534862e-02 5.910836886008484503e-02 6.481714044808419006e-02
1.652920000000000300e+01 1.321156015316485820e-02 5.977846581860629671e-02 6.519465803476902355e-02
1.654169999999999874e+01 1.329555120964969091e-02 6.011276554935852945e-02 6.561105256740644431e-02
1.655409999999999826e+01 1.332991309576339080e-02 6.008109814837862828e-02 6.606715662668549705e-02
1.656649999999999778e+01 1.332066397987439685e-02 5.970357550539095309e-02 6.657047349152395155e-02
1.657900000000000063e+01 1.328169883005584154e-02 5.904934234432578088e-02 6.713462257520781684e-02
1.659140000000000015e+01 1.323208298144679454e-02 5.822562263559068890e-02 6.777719487271467724e-02
1.660390000000000299e+01 1.319300772863301816e-02 5.735987039352079264e-02 6.851771751194776772e-02
1.661630000000000251e+01 1.318378040711404124e-02 5.657885795193397238e-02 6.937395285132585965e-02
1.662879999999999825e+01 1.321890221433185894e-02 5.598998474330943442e-02 7.035898323524950038e-02
1.664119999999999777e+01 1.330641758838401779e-02 5.566883975601076562e-02 7.147862288614292847e-02
1.665359999999999729e+01 1.344775826726525743e-02 5.565498587672051967e-02 7.272941393778481478e-02
1.666610000000000014e+01 1.363867785394414292e-02 5.595544909759958552e-02 7.409704541676725986e-02
1.667849999999999966e+01 1.387060155646697122e-02 5.655319891293465739e-02 7.555515878057003643e-02
1.669100000000000250e+01 1.413175485585052571e-02 5.741710112821732381e-02 7.706476136443729530e-02
1.670340000000000202e+01 1.440781214096186792e-02 5.851028094250662615e-02 7.857497167712022834e-02
1.671580000000000155e+01 1.468240015227523579e-02 5.979554605364332392e-02 8.002621367776095729e-02
1.672829999999999728e+01 1.493800823431851860e-02 6.123768028935550750e-02 8.135652467848622504e-02
1.674069999999999681e+01 1.515786332548992726e-02 6.280413682708523015e-02 8.251093785023493055e-02
1.675319999999999965e+01 1.532879682564720208e-02 6.446540951837999300e-02 8.345220844847095476e-02
1.676559999999999917e+01 1.544442117625450910e-02 6.619594193105678148e-02 8.416993807069861333e-02
1.677810000000000201e+01 1.550750918723873932e-02 6.797554523447882358e-02 8.468499188668857092e-02
1.679050000000000153e+01 1.553049777886361150e-02 6.979080190134769046e-02 8.504699857966924181e-02
1.680290000000000106e+01 1.553367100336806687e-02 7.163568017608881733e-02 8.532525280174939331e-02
1.681539999999999679e+01 1.554146647964271127e-02 7.351112755778416163e-02 8.559549244701528115e-02
1.682780000000000342e+01 1.557804209292162553e-02 7.542366587346482909e-02 8.592656476260625287e-02
1.684029999999999916e+01 1.566344298912880281e-02 7.738351642055517343e-02 8.637077603105060286e-02
1.685269999999999868e+01 1.581140377655284104e-02 7.940296971102157875e-02 8.695994085045506694e-02
1.686509999999999820e+01 1.602888405901395363e-02 8.149485405781016489e-02 8.770701856797596951e-02
1.687760000000000105e+01 1.631708812321222210e-02 8.367175541026709851e-02 8.861150326594666171e-02
1.689000000000000057e+01 1.667316883648955680e-02 8.594568258022504403e-02 8.966609252234458705e-02
1.690250000000000341e+01 1.709194873448931923e-02 8.832814311441770927e-02 9.086252537323169509e-02
1.691490000000000293e+01 1.756725756456566437e-02 9.083055023386493732e-02 9.219547612840066353e-02
1.692739999999999867e+01 1.809280863057758509e-02 9.346455322892477380e-02 9.366445598250196236e-02
1.693979999999999819e+01 1.866264734179589116e-02 9.624233755836750226e-02 9.527407635522458507e-02
1.695219999999999771e+01 1.927131609534548512e-02 9.917655653304088825e-02 9.703336548155860886e-02
1.696470000000000056e+01 1.991378869332661311e-02 1.022796888998006165e-01 9.895464906467213440e-02
1.697710000000000008e+01 2.058529473831407358e-02 1.055630226792963339e-01 1.010523297936993942e-01
1.698960000000000292e+01 2.128080567632933268e-02 1.090346277734275671e-01 1.033405554081001931e-01
1.700200000000000244e+01 2.199480698574200407e-02 1.126981361940172788e-01 1.058328493625547567e-01
1.701449999999999818e+01 2.272031612545354073e-02 1.165503849813083193e-01 1.085392770843842808e-01
1.702689999999999770e+01 2.344877023745052524e-02 1.205791187805744236e-01 1.114644458403457605e-01
1.703929999999999723e+01 2.416945723822455996e-02 1.247596321302929523e-01 1.146030774070764535e-01
1.705180000000000007e+01 2.486935900787231452e-02 1.290501986805949186e-01 1.179343239742733918e-01
1.706419999999999959e+01 2.553320115736297177e-02 1.333858817764150551e-01 1.214139693610479104e-01
1.707670000000000243e+01 2.614376585290527355e-02 1.376715279277505033e-01 1.249651583447297515e-01
1.708910000000000196e+01 2.668245859950904575e-02 1.417763425128623633e-01 1.284697838213136600e-01
1.710150000000000148e+01 2.713023405070983524e-02 1.455335501768633966e-01 1.317641873505271122e-01
1.711399999999999721e+01 2.746906963622780529e-02 1.487496317669260715e-01 1.346442764387150715e-01
1.712639999999999674e+01 2.768386919851444083e-02 1.512236424845865845e-01 1.368831234563366306e-01
1.713889999999999958e+01 2.776526819565485957e-02 1.527794980019626936e-01 1.382641262877206401e-01
1.715129999999999910e+01 2.771223922756515384e-02 1.533001923533244826e-01 1.386226674445570073e-01
1.716380000000000194e+01 2.753428564399988676e-02 1.527579953333551288e-01 1.378881268530227078e-01
1.717620000000000147e+01 2.725206446142877312e-02 1.512287580578390855e-01 1.361123210336356026e-01
1.718860000000000099e+01 2.689579208839740221e-02 1.488837711308599598e-01 1.334729567696362473e-01
1.720109999999999673e+01 2.650132809909109405e-02 1.459591735815705671e-01 1.302477106890918002e-01
1.721350000000000335e+01 2.610468162739536246e-02 1.427107018275605155e-01 1.267640217664271207e-01
1.722599999999999909e+01 2.573653345615418281e-02 1.393682130319104651e-01 1.233404435616422545e-01
1.723839999999999861e+01 2.541801802958633394e-02 1.361001619593894263e-01 1.202323189574820289e-01
1.725079999999999814e+01 2.515968298737013970e-02 1.330022301218706238e-01 1.176024765019028362e-01
1.726330000000000098e+01 2.496330749986819600e-02 1.301088517235936548e-01 1.155193634736185748e-01
1.727570000000000050e+01 2.482591716027847395e-02 1.274218050873605623e-01 1.139790101773128506e-01
1.728820000000000334e+01 2.474443556064231942e-02 1.249454447865642193e-01 1.129415159251972445e-01
1.730060000000000286e+01 2.471920435003638686e-02 1.227165340757189471e-01 1.123689689487120530e-01
1.731309999999999860e+01 2.475492146229481619e-02 1.208193116230904252e-01 1.122539522144021806e-01
1.732549999999999812e+01 2.485834632132620514e-02 1.193800808444085149e-01 1.126309828639344424e-01
1.733789999999999765e+01 2.503325231034741680e-02 1.185422251955218359e-01 1.135687905516062357e-01
1.735040000000000049e+01 2.527416659942994387e-02 1.184268616534568802e-01 1.151449691288233268e-01
1.736280000000000001e+01 2.556115755895502217e-02 1.190895366892718577e-01 1.174092764210769163e-01
1.737530000000000285e+01 2.585802352286656336e-02 1.204859423193672952e-01 1.203455775290314389e-01
1.738770000000000238e+01 2.611552059576654344e-02 1.224586409419530508e-01 1.238446724750031924e-01
1.740010000000000190e+01 2.627987249101451303e-02 1.247529935803314283e-01 1.276998947343430946e-01
1.741259999999999764e+01 2.630445835388547926e-02 1.270602883079552936e-01 1.316290704928508304e-01
1.742499999999999716e+01 2.616162648452676626e-02 1.290791245825039235e-01 1.353227737072823511e-01
1.743750000000000000e+01 2.585042458327319048e-02 1.305752570706049387e-01 1.385027009109485174e-01
1.744989999999999952e+01 2.539739912389854526e-02 1.314211609976612682e-01 1.409722794646675048e-01
1.746240000000000236e+01 2.484991630316505523e-02 1.316027112408927613e-01 1.426429827930895677e-01
1.747480000000000189e+01 2.426420645835496506e-02 1.311933426264297597e-01 1.435295751063891401e-01
1.748720000000000141e+01 2.369210337441656281e-02 1.303080295437895053e-01 1.437195378889496722e-01
1.749969999999999715e+01 2.317074308448732745e-02 1.290561517899683208e-01 1.433311362391016253e-01
1.751209999999999667e+01 2.271792105575804258e-02 1.275102037889397910e-01 1.424765735901613040e-01
1.752459999999999951e+01 2.233344555919741098e-02 1.256979258906990859e-01 1.412412313990687729e-01
1.753699999999999903e+01 2.200490586139396132e-02 1.236159649201548777e-01 1.396818589953899292e-01
1.754939999999999856e+01 2.171470416182419774e-02 1.212517463179133698e-01 1.378365574216040279e-01
1.756190000000000140e+01 2.144648742900480409e-02 1.186065777428808032e-01 1.357402571169974148e-01
1.757430000000000092e+01 2.118884324198529179e-02 1.157074324448164049e-01 1.334355891785008463e-01
1.758679999999999666e+01 2.093646895092499474e-02 1.126078414190613552e-01 1.309769937249212202e-01
1.759920000000000329e+01 2.068937986021738770e-02 1.093799867702323070e-01 1.284279578029199620e-01
1.761169999999999902e+01 2.045116875931856509e-02 1.061031490605681415e-01 1.258546030232692570e-01
1.762409999999999854e+01 2.022719261678107908e-02 1.028527909827341713e-01 1.233186140032775935e-01
1.763649999999999807e+01 2.002305245561183944e-02 9.969181982757312210e-02 1.208705890824963436e-01
1.764900000000000091e+01 1.984376949899413836e-02 9.666741410354626196e-02 1.185481606378621655e-01
1.766140000000000043e+01 1.969295148926109365e-02 9.380802372069380057e-02 1.163726098111884932e-01
1.767390000000000327e+01 1.957255968124254480e-02 9.112401161840257002e-02 1.143492115660963843e-01
1.768630000000000280e+01 1.948280433314499016e-02 8.861002565798280217e-02 1.124692752273538376e-01
1.769879999999999853e+01 1.942217981280985536e-02 8.624830526660424990e-02 1.107128597590572305e-01
1.771119999999999806e+01 1.938770069721212561e-02 8.401313713111696613e-02 1.090528205398075129e-01
1.772359999999999758e+01 1.937537297385321169e-02 8.187641086847030625e-02 1.074601694274926744e-01
1.773610000000000042e+01 1.938090106773526083e-02 7.981449424122027958e-02 1.059107866878984672e-01
1.774849999999999994e+01 1.940040289397966175e-02 7.781503350137886077e-02 1.043921654441346547e-01
1.776100000000000279e+01 1.943098472832096787e-02 7.588265181268724624e-02 1.029091826922533953e-01
1.777340000000000231e+01 1.947095429457878710e-02 7.404153532486240641e-02 1.014867891852663240e-01
1.778580000000000183e+01 1.951963533058762024e-02 7.233340078977809617e-02 1.001681138634954449e-01
1.779829999999999757e+01 1.957679951084953865e-02 7.081015624494421679e-02 9.900717218066572289e-02
1.781069999999999709e+01 1.964195976279156999e-02 6.952256282226938755e-02 9.805743782435652478e-02
1.782319999999999993e+01 1.971374624533967293e-02 6.850735210444325318e-02 9.735873405085893051e-02
1.783559999999999945e+01 1.978961018658945831e-02 6.777624794389730534e-02 9.692607921774439028e-02
1.784810000000000230e+01 1.986594612612226779e-02 6.731019067818312662e-02 9.674375899898429720e-02
1.786050000000000182e+01 1.993860082058305366e-02 6.706048199926904763e-02 9.676644381979353227e-02
1.787290000000000134e+01 2.000359516238525703e-02 6.695705705213400583e-02 9.692732282662047671e-02
1.788539999999999708e+01 2.005771854369037613e-02 6.692044773456923279e-02 9.715013927509419389e-02
1.789779999999999660e+01 2.009906660095215486e-02 6.687702333260511778e-02 9.736373824958838297e-02
1.791029999999999944e+01 2.012707644543744456e-02 6.677076043379764902e-02 9.751340278161901853e-02
1.792269999999999897e+01 2.014233449907978230e-02 6.657119150443643885e-02 9.756797672739710159e-02
1.793509999999999849e+01 2.014617218312513697e-02 6.627530095378823816e-02 9.752112905365203921e-02
1.794760000000000133e+01 2.014020920983194962e-02 6.590356929301885436e-02 9.738699248982100876e-02
1.796000000000000085e+01 2.012597057418713878e-02 6.549153475675900671e-02 9.719177704912272675e-02
1.797249999999999659e+01 2.010461409301321847e-02 6.507902322787140204e-02 9.696361616567002184e-02
1.798490000000000322e+01 2.007681886048024583e-02 6.469964699667414554e-02 9.672335838678722264e-02
1.799739999999999895e+01 2.004276917352818682e-02 6.437283982377020597e-02 9.647844897746586657e-02
1.800979999999999848e+01 2.000224379222538540e-02 6.410016297944856611e-02 9.622152412555427803e-02
1.802219999999999800e+01 1.995482921964250589e-02 6.386637474838224859e-02 9.593382373741993208e-02
1.803470000000000084e+01 1.990024627356161424e-02 6.364503942536119119e-02 9.559283680200288125e-02
1.804710000000000036e+01 1.983880022098078941e-02 6.340725277171524454e-02 9.518198692917495540e-02
1.805960000000000321e+01 1.977181787152870740e-02 6.313065149484628491e-02 9.469914234349258164e-02
1.807200000000000273e+01 1.970193139550929437e-02 6.280651740832637886e-02 9.416144700839232384e-02
1.808440000000000225e+01 1.963303470485752711e-02 6.244287801734509785e-02 9.360449929051944951e-02
1.809689999999999799e+01 1.956978930108780115e-02 6.206242311735948869e-02 9.307555523932634078e-02
1.810929999999999751e+01 1.951673920033276249e-02 6.169618202414587499e-02 9.262252397412368277e-02
1.812180000000000035e+01 1.947727031114370247e-02 6.137504662986843079e-02 9.228212465726673419e-02
1.813419999999999987e+01 1.945272415425397874e-02 6.112190920508148856e-02 9.207085990275892806e-02
1.814670000000000272e+01 1.944193528553636238e-02 6.094674526053676933e-02 9.198157759932891475e-02
1.815910000000000224e+01 1.944136601766606812e-02 6.084572266417780095e-02 9.198645378164822806e-02
1.817150000000000176e+01 1.944575762640834288e-02 6.080391056430038688e-02 9.204497377268087976e-02
1.818399999999999750e+01 1.944909407942344362e-02 6.080017485120776943e-02 9.211408271407686699e-02
1.819639999999999702e+01 1.944557441215359270e-02 6.081233532034057560e-02 9.215733870530225247e-02
1.820889999999999986e+01 1.943035664355797359e-02 6.082131776129767742e-02 9.215085626489465109e-02
1.822129999999999939e+01 1.939995655958239723e-02 6.081327176028341469e-02 9.208495509486036568e-02
1.823369999999999891e+01 1.935227955638795655e-02 6.077986998621238979e-02 9.196228155288389827e-02
1.824620000000000175e+01 1.928639057551866445e-02 6.071735841579454368e-02 9.179370481799400960e-02
1.825860000000000127e+01 1.920216557320018544e-02 6.062494576593272649e-02 9.159356861175987907e-02
1.827109999999999701e+01 1.909991013730065815e-02 6.050324145046395707e-02 9.137560144606692025e-02
1.828349999999999653e+01 1.898003937273480893e-02 6.035298998266816484e-02 9.114987182665626464e-02
1.829599999999999937e+01 1.884290122523580094e-02 6.017488058756873676e-02 9.092164515524660262e-02
1.830839999999999890e+01 1.868858428760654389e-02 5.996841138109242075e-02 9.069036302717982390e-02
1.832079999999999842e+01 1.851699497455607316e-02 5.973285692975247030e-02 9.045085965969200392e-02
1.833330000000000126e+01 1.832792054318128916e-02 5.946722418826631829e-02 9.019439417117086633e-02
1.834570000000000078e+01 1.812120383731473383e-02 5.917061915644232506e-02 8.991021659959901047e-02
1.835819999999999652e+01 1.789694168851311759e-02 5.884268362512411199e-02 8.958742046366791056e-02
1.837060000000000315e+01 1.765576907329671416e-02 5.848409425599737643e-02 8.921725953662856812e-02
1.838309999999999889e+01 1.739887971995402946e-02 5.809687883703207323e-02 8.879343645473244950e-02
1.839549999999999841e+01 1.712835429400840978e-02 5.768518999860043628e-02 8.831525099111128818e-02
1.840789999999999793e+01 1.684719475943719652e-02 5.725578175292887761e-02 8.778831001870870954e-02
1.842040000000000077e+01 1.655946336479330316e-02 5.681869806883854679e-02 8.722632359883267239e-02
1.843280000000000030e+01 1.627044353398048385e-02 5.638793686915111875e-02 8.665283122176645203e-02
1.844530000000000314e+01 1.598681534061616172e-02 5.598204495870708758e-02 8.610287768483755599e-02
1.845770000000000266e+01 1.571690816414386682e-02 5.562520471790181886e-02 8.562470245431379190e-02
1.847010000000000218e+01 1.547034606170639807e-02 5.534477500021133672e-02 8.527728903379458436e-02
1.848259999999999792e+01 1.525836952710171723e-02 5.517415846559059478e-02 8.513129340062684791e-02
1.849499999999999744e+01 1.509282492576139931e-02 5.514921608164823075e-02 8.526140757469392872e-02
1.850750000000000028e+01 1.498517029384155257e-02 5.530630933488909357e-02 8.573830359285024294e-02
1.851989999999999981e+01 1.494499351726678513e-02 5.567856854413898160e-02 8.661774148044217025e-02
1.853240000000000265e+01 1.497832615245318910e-02 5.629089075418374638e-02 8.792904712393817546e-02
1.854480000000000217e+01 1.508605675686701918e-02 5.715364032146952322e-02 8.966517092112566423e-02
1.855720000000000169e+01 1.526270203739810323e-02 5.825553670291488961e-02 9.177614701746984738e-02
1.856969999999999743e+01 1.549581133231957286e-02 5.955678191127278254e-02 9.416730133082870657e-02
1.858209999999999695e+01 1.576622636826598145e-02 6.098440225088834488e-02 9.670306094707528666e-02
1.859459999999999980e+01 1.604940376534732399e-02 6.243265361932331947e-02 9.921696355684996027e-02
1.860699999999999932e+01 1.631796615692571867e-02 6.377118303971679447e-02 1.015284611186571539e-01
1.861939999999999884e+01 1.654539353335139282e-02 6.486214074979021471e-02 1.034660492118509856e-01
1.863190000000000168e+01 1.671039360565067244e-02 6.558437171147918354e-02 1.048941109334148997e-01
1.864430000000000121e+01 1.680101942422910014e-02 6.585919539183762716e-02 1.057379964478971507e-01
1.865679999999999694e+01 1.681729311495899770e-02 6.566984011973631130e-02 1.059998728304012705e-01
1.866920000000000357e+01 1.677133067557650889e-02 6.506746569232278732e-02 1.057590857677672969e-01
1.868169999999999931e+01 1.668465607120045435e-02 6.416060010369456501e-02 1.051548557180087134e-01
1.869409999999999883e+01 1.658337841905625776e-02 6.309078685542199305e-02 1.043556357928434875e-01
1.870649999999999835e+01 1.649270048835612540e-02 6.200237913945540191e-02 1.035241342408976251e-01
1.871900000000000119e+01 1.643240213218639251e-02 6.101604017498751809e-02 1.027886243150440970e-01
1.873140000000000072e+01 1.641451656640213405e-02 6.021354544988067464e-02 1.022280445434195773e-01
1.874390000000000356e+01 1.644344622979148837e-02 5.963644333423401972e-02 1.018728145598597479e-01
1.875630000000000308e+01 1.651798859792309726e-02 5.929602744488604582e-02 1.017177781042834100e-01
1.876870000000000260e+01 1.663427357426675718e-02 5.918945651066422065e-02 1.017409058310962261e-01
1.878119999999999834e+01 1.678849702348565731e-02 5.931547926801839649e-02 1.019206908592250882e-01
1.879359999999999786e+01 1.697893162673954834e-02 5.968568647906806468e-02 1.022491570429125141e-01
1.880610000000000070e+01 1.720648003487168509e-02 6.032844395417176486e-02 1.027349717648693705e-01
1.881850000000000023e+01 1.747443814516898286e-02 6.128580672613481717e-02 1.034022191408896230e-01
1.883100000000000307e+01 1.778738462534677767e-02 6.260540932579661266e-02 1.042832865703146039e-01
1.884340000000000259e+01 1.814936970864374985e-02 6.432662205716659087e-02 1.054070429498877581e-01
1.885580000000000211e+01 1.856202757690225691e-02 6.646547953861400848e-02 1.067863014512663855e-01
1.886829999999999785e+01 1.902268800509096872e-02 6.899949676849956304e-02 1.084051350123802770e-01
1.888069999999999737e+01 1.952317185973890395e-02 7.185727657643534161e-02 1.102099115303867977e-01
1.889320000000000022e+01 2.004857455625889268e-02 7.490952498294956019e-02 1.121007664498608891e-01
1.890559999999999974e+01 2.057809633609565536e-02 7.797506649176187687e-02 1.139360208906602390e-01
1.891799999999999926e+01 2.108636171156416661e-02 8.083292475321686432e-02 1.155409238599594268e-01
1.893050000000000210e+01 2.154618983885876055e-02 8.324594106823274275e-02 1.167266902506907122e-01
1.894290000000000163e+01 2.193230570067836865e-02 8.499197337076594416e-02 1.173167143324173878e-01
1.895539999999999736e+01 2.222541396780275055e-02 8.589753926545271034e-02 1.171759057429491158e-01
1.896779999999999688e+01 2.241584319030034966e-02 8.586713329794200267e-02 1.162373308061673549e-01
1.898029999999999973e+01 2.250588831706272844e-02 8.490125196090796134e-02 1.145195770146915371e-01
1.899269999999999925e+01 2.251021031940556721e-02 8.309813368587547211e-02 1.121297266826261213e-01
1.900509999999999877e+01 2.245404453934316674e-02 8.063775442963151685e-02 1.092499350354055182e-01
1.901760000000000161e+01 2.236954770724407585e-02 7.775137863778661118e-02 1.061098528547793074e-01
1.903000000000000114e+01 2.229103439645642101e-02 7.468343351667715291e-02 1.029508402783789189e-01
1.904249999999999687e+01 2.225044391600463148e-02 7.165527965758167195e-02 9.999142979768922690e-02
1.905490000000000350e+01 2.227358427112387934e-02 6.883773860765791952e-02 9.739999532791784875e-02
1.906739999999999924e+01 2.237792055705238939e-02 6.633755407494384970e-02 9.528035347232066687e-02
1.907979999999999876e+01 2.257170852798866256e-02 6.419746964039825532e-02 9.366988952767835164e-02
1.909219999999999828e+01 2.285403536651901130e-02 6.240632442372194555e-02 9.254701662280828689e-02
1.910470000000000113e+01 2.321499670022586156e-02 6.091373928834997731e-02 9.184246935156396840e-02
1.911710000000000065e+01 2.363576858393424615e-02 5.964473203231637072e-02 9.145061338767676573e-02
1.912960000000000349e+01 2.408857411453209363e-02 5.851156586348865707e-02 9.123860110978337934e-02
1.914200000000000301e+01 2.453716027213563231e-02 5.742258420240659716e-02 9.105437449873057809e-02
1.915440000000000254e+01 2.493860541343984744e-02 5.628939986287416486e-02 9.073606257720517876e-02
1.916689999999999827e+01 2.524709468659777634e-02 5.503427600893047444e-02 9.012535471333149584e-02
1.917929999999999779e+01 2.541969905297480556e-02 5.359829656446668533e-02 8.908547351612458587e-02
1.919180000000000064e+01 2.542341292435024852e-02 5.195004042623398849e-02 8.752190162285168606e-02
1.920420000000000016e+01 2.524185965202611209e-02 5.009237118874899225e-02 8.540095061188945902e-02
1.921670000000000300e+01 2.487975386657557270e-02 4.806480963793943739e-02 8.276062092412769799e-02
1.922910000000000252e+01 2.436358846235708864e-02 4.593970773636572857e-02 7.970914845447032993e-02
1.924150000000000205e+01 2.373779699345420977e-02 4.381106765844017259e-02 7.640898570112339416e-02
1.925399999999999778e+01 2.305738362743851161e-02 4.178037378045980355e-02 7.305154430447662051e-02
1.926639999999999731e+01 2.237846338699017723e-02 3.994008892347781364e-02 6.982586635611248704e-02
1.927890000000000015e+01 2.174933390943565442e-02 3.836059414270465151e-02 6.689084906706313505e-02
1.929129999999999967e+01 2.120407086437721758e-02 3.708289354657885728e-02 6.435669379032807336e-02
1.930369999999999919e+01 2.075986160032513433e-02 3.611772671034883808e-02 6.227804225408432870e-02
1.931620000000000203e+01 2.041802914071517983e-02 3.544993094231908143e-02 6.065801239928092503e-02
1.932860000000000156e+01 2.016777307863610452e-02 3.504544606041885141e-02 5.945906991597522950e-02
1.934109999999999729e+01 1.999114344659168319e-02 3.485841369944792101e-02 5.861619200300894478e-02
1.935349999999999682e+01 1.986781660279613587e-02 3.483668757914092778e-02 5.804868293509993921e-02
1.936599999999999966e+01 1.977873845618388637e-02 3.492561006140798563e-02 5.766920045856725741e-02
1.937839999999999918e+01 1.970826201179551318e-02 3.507075641314862102e-02 5.739040265714176470e-02
1.939079999999999870e+01 1.964489602203567040e-02 3.522084605410925190e-02 5.713072773911903601e-02
1.940330000000000155e+01 1.958110057401760834e-02 3.533150552445851744e-02 5.682031263834123880e-02
1.941570000000000107e+01 1.951250937263854582e-02 3.536973805501768264e-02 5.640718179449748931e-02
1.942819999999999681e+01 1.943698716622281261e-02 3.531804267432102351e-02 5.586260526583904096e-02
1.944060000000000343e+01 1.935374356013873018e-02 3.517702094649217959e-02 5.518405602156104678e-02
1.945300000000000296e+01 1.926242186897066458e-02 3.496486068928213176e-02 5.439367637354849266e-02
1.946549999999999869e+01 1.916254141582640624e-02 3.471432771572273424e-02 5.353346260692914971e-02
1.947789999999999822e+01 1.905290089795469780e-02 3.446688443217350156e-02 5.265652870717442424e-02
1.949040000000000106e+01 1.893114085189986917e-02 3.426581323324534578e-02 5.181733804283571859e-02
1.950280000000000058e+01 1.879342839663378922e-02 3.414976563194047077e-02 5.106287789409649780e-02
1.951530000000000342e+01 1.863442489904221233e-02 3.414788641272505088e-02 5.042672144445824178e-02
1.952770000000000294e+01 1.844756141757820239e-02 3.427815850068187398e-02 4.992701366686941311e-02
1.954010000000000247e+01 1.822572144576175071e-02 3.454751171509223839e-02 4.956760812874601990e-02
1.955259999999999820e+01 1.796230887452732877e-02 3.495385414553536796e-02 4.934161281231647100e-02
1.956499999999999773e+01 1.765248338341285014e-02 3.548890335451505840e-02 4.923608096659175259e-02
1.957750000000000057e+01 1.729430574690302841e-02 3.613994073418988484e-02 4.923528420189196564e-02
1.958990000000000009e+01 1.688938107296227356e-02 3.689053019346502649e-02 4.932332336956499891e-02
1.960229999999999961e+01 1.644281600008877867e-02 3.771939476252668400e-02 4.948464529007085000e-02
1.961480000000000246e+01 1.596242510319008379e-02 3.859824349080127892e-02 4.970341066045215472e-02
1.962720000000000198e+01 1.545744031922397475e-02 3.948995986129120311e-02 4.996268919886207027e-02
1.963969999999999771e+01 1.493708158074892080e-02 4.034901608237993070e-02 5.024497910706605258e-02
1.965209999999999724e+01 1.440943879743389854e-02 4.112548602294142236e-02 5.053474936371563087e-02
1.966460000000000008e+01 1.388092308561650334e-02 4.177292485070520367e-02 5.082296395084698326e-02
1.967699999999999960e+01 1.335634399099606268e-02 4.225854686976759228e-02 5.111235954519896540e-02
1.968939999999999912e+01 1.283944366338418339e-02 4.257254506729959975e-02 5.142099034590839890e-02
1.970190000000000197e+01 1.233356407521558548e-02 4.273285686814816409e-02 5.178153804393677284e-02
1.971430000000000149e+01 1.184213312012952039e-02 4.278263409288396435e-02 5.223513049793496177e-02
1.972679999999999723e+01 1.136877281075003229e-02 4.278016864386174900e-02 5.282013596176438064e-02
1.973919999999999675e+01 1.091698135871532228e-02 4.278389096969650168e-02 5.355901867679284389e-02
1.975160000000000338e+01 1.048951858608054843e-02 4.283714468604316039e-02 5.444750893013487747e-02
1.976409999999999911e+01 1.008771353580539473e-02 4.295749879974712637e-02 5.545010011000443134e-02
1.977649999999999864e+01 9.710917514049514226e-03 4.313329533252907577e-02 5.650301038309669954e-02
1.978900000000000148e+01 9.356249506049114581e-03 4.332748750958122924e-02 5.752367356955472022e-02
1.980140000000000100e+01 9.018739823460263094e-03 4.348649027302346759e-02 5.842336280893486999e-02
1.981389999999999674e+01 8.691807444962826312e-03 4.355039815117892066e-02 5.911892892008286521e-02
1.982630000000000337e+01 8.368021821499415161e-03 4.346167535418155731e-02 5.954075596186056418e-02
1.983870000000000289e+01 8.039961952780599191e-03 4.317084860385007883e-02 5.963608807867441103e-02
1.985119999999999862e+01 7.701069872399627855e-03 4.263934001725446649e-02 5.936892723396000604e-02
1.986359999999999815e+01 7.346387555551166064e-03 4.184070088575253532e-02 5.871866008770702111e-02
1.987610000000000099e+01 6.973118828414451124e-03 4.076156426415915301e-02 5.767961528914650193e-02
1.988850000000000051e+01 6.580989752165514531e-03 3.940308455690198081e-02 5.626244876303170689e-02
1.990100000000000335e+01 6.172358574146404216e-03 3.778273077371431532e-02 5.449688958171196307e-02
1.991340000000000288e+01 5.752060773666415466e-03 3.593557984011711698e-02 5.243414941163457993e-02
1.992580000000000240e+01 5.326950751392729722e-03 3.391387506821566533e-02 5.014678031778736084e-02
1.993829999999999814e+01 4.905128542038876376e-03 3.178335607940591112e-02 4.772398244957114233e-02
1.995069999999999766e+01 4.495009390084131994e-03 2.961752471851124974e-02 4.526293554058573310e-02
1.996320000000000050e+01 4.104300115976520016e-03 2.748940289054064429e-02 4.285686486825336650e-02
1.997560000000000002e+01 3.739146027350173391e-03 2.546301609105489777e-02 4.058297483370022773e-02
1.998799999999999955e+01 3.403566059175227448e-03 2.358692151811493665e-02 3.849397749228756355e-02
2.000050000000000239e+01 3.099321260042784982e-03 2.189042639643354674e-02 3.661395844466152488e-02
2.001290000000000191e+01 2.826144565888336676e-03 2.038378499455964152e-02 3.494063243124958390e-02
2.002539999999999765e+01 2.582242023641565486e-03 1.906124899761182934e-02 3.345180674813051647e-02
2.003779999999999717e+01 2.364874904412782829e-03 1.790587305359401388e-02 3.211391821191977858e-02
2.005030000000000001e+01 2.170907786280803185e-03 1.689450354790617351e-02 3.089024098552803702e-02
2.006269999999999953e+01 1.997195014044419493e-03 1.600196531063815750e-02 2.974710611542055391e-02
2.007509999999999906e+01 1.840827682791566734e-03 1.520395447397230801e-02 2.865747843846584708e-02
2.008760000000000190e+01 1.699237686895752660e-03 1.447864402867896430e-02 2.760204174542074673e-02
2.010000000000000142e+01 1.570222508964452639e-03 1.380744236181503763e-02 2.656857816960253929e-02
2.011249999999999716e+01 1.451950579768656723e-03 1.317519540298423171e-02 2.555048474142135664e-02
2.012489999999999668e+01 1.342943192351394232e-03 1.257021034946785749e-02 2.454500324056850535e-02
2.013730000000000331e+01 1.242050384589466578e-03 1.198410039204772515e-02 2.355165569116066115e-02
2.014979999999999905e+01 1.148416632961604547e-03 1.141154680821685093e-02 2.257107493753070238e-02
2.016219999999999857e+01 1.061431946719050426e-03 1.084985059132042087e-02 2.160422319291002702e-02
2.017470000000000141e+01 9.806672766184531403e-04 1.029831126663721848e-02 2.065184487253375611e-02
2.018710000000000093e+01 9.058072109157852807e-04 9.757611637044912717e-03 1.971443762961812632e-02
2.019959999999999667e+01 8.366116178459006517e-04 9.229293190241984884e-03 1.879233460616615281e-02
2.021200000000000330e+01 7.728630347861719253e-04 8.715235145061287630e-03 1.788581129921148344e-02
2.022440000000000282e+01 7.143451131927985778e-04 8.217442359102340027e-03 1.699543687161746836e-02
2.023689999999999856e+01 6.608315687018342845e-04 7.737987487687897001e-03 1.612243150957893070e-02
2.024929999999999808e+01 6.120752029544290979e-04 7.279053258333831496e-03 1.526905238395080341e-02
2.026180000000000092e+01 5.678024788932684204e-04 6.843024367237134434e-03 1.443891347880867614e-02
2.027420000000000044e+01 5.277235347072854093e-04 6.432480938869713713e-03 1.363712018259106984e-02
2.028659999999999997e+01 4.915463192167816289e-04 6.050076220317560788e-03 1.287015826204526182e-02
2.029910000000000281e+01 4.589910414969999115e-04 5.698334130382379584e-03 1.214552167322359780e-02
2.031150000000000233e+01 4.298159905457422220e-04 5.379370534956638521e-03 1.147100107026460987e-02
2.032399999999999807e+01 4.038216698185981648e-04 5.094564235499502922e-03 1.085375893022906719e-02
2.033639999999999759e+01 3.808365288861921766e-04 4.844299579812702886e-03 1.029929861985357659e-02
2.034890000000000043e+01 3.606793712488395387e-04 4.627764524129189191e-03 9.810537765853173664e-03
2.036129999999999995e+01 3.431087798280195509e-04 4.442901300164635303e-03 9.387225724968594615e-03
2.037369999999999948e+01 3.277804272728820152e-04 4.286531871196573758e-03 9.025837241086595228e-03
2.038620000000000232e+01 3.142361952480968970e-04 4.154602960891928820e-03 8.719985274780458345e-03
2.039860000000000184e+01 3.019394814457077199e-04 4.042566401866318909e-03 8.461267721993251389e-03
2.041109999999999758e+01 2.903616798552555818e-04 3.945813097857649339e-03 8.240338773992097673e-03
2.042349999999999710e+01 2.790801254575273060e-04 3.860076308003445276e-03 8.047928815754666274e-03
2.043589999999999662e+01 2.678702664861714764e-04 3.781791600984939390e-03 7.875717410997223195e-03
2.044839999999999947e+01 2.567523050891515443e-04 3.708250032120879048e-03 7.716897120355698837e-03
2.046079999999999899e+01 2.459595566271702673e-04 3.637632056767354724e-03 7.566411352757494539e-03
2.047330000000000183e+01 2.358626694745013749e-04 3.568903429470290066e-03 7.420971435720956008e-03
2.048570000000000135e+01 2.268477476225907259e-04 3.501583317338939367e-03 7.278805114426077291e-03
2.049819999999999709e+01 2.192158871083926114e-04 3.435522328975368096e-03 7.139291657398954584e-03
2.051059999999999661e+01 2.131134868808639584e-04 3.370696911600134637e-03 7.002515337229855974e-03
2.052300000000000324e+01 2.085086642334426797e-04 3.307086875537933700e-03 6.868805610196293196e-03
2.053549999999999898e+01 2.052330858719592338e-04 3.244624199336949063e-03 6.738411825066731656e-03
2.054789999999999850e+01 2.030287824137785499e-04 3.183209914847150504e-03 6.611308874098928423e-03
2.056040000000000134e+01 2.016070178540756359e-04 3.122759938230643476e-03 6.487179898563484072e-03
2.057280000000000086e+01 2.006834085919893200e-04 3.063244403211532862e-03 6.365485405394961244e-03
2.058529999999999660e+01 2.000000000000000096e-04 3.004707331221611460e-03 6.245628101643885613e-03
2.059770000000000323e+01 1.993165914080106992e-04 2.947268476151242850e-03 6.127063385314606044e-03
2.061010000000000275e+01 1.983929821459243291e-04 2.891058667206087857e-03 6.009348146102348395e-03
2.062259999999999849e+01 1.969712175862214150e-04 2.836195700796422751e-03 5.892166341741589784e-03
2.063499999999999801e+01 1.947705013214815677e-04 2.782739603503985720e-03 5.775290576200454301e-03
2.064750000000000085e+01 1.915042892987336520e-04 2.730685904619974472e-03 5.658612298801817854e-03
2.065990000000000038e+01 1.869224542511766418e-04 2.679993831220109108e-03 5.542110366462564552e-03
2.067229999999999990e+01 1.808730845702320982e-04 2.630611523245393341e-03 5.425860098832314092e-03
2.068480000000000274e+01 1.733598031583759790e-04 2.582520779969068540e-03 5.310036603637863402e-03
2.069720000000000226e+01 1.645886258206500665e-04 2.535709859129098732e-03 5.194891054967646846e-03
2.070969999999999800e+01 1.549637566843855467e-04 2.490158453930730806e-03 5.080741849599088727e-03
2.072209999999999752e+01 1.450362433156143999e-04 2.445775921876502945e-03 4.967972019004006021e-03
2.073460000000000036e+01 1.354113741793498801e-04 2.402434062099200081e-03 4.856955281569642208e-03
2.074699999999999989e+01 1.266401968416239676e-04 2.360025942828268119e-03 4.747994196166557997e-03
2.075939999999999941e+01 1.191269154297678619e-04 2.318560636619724277e-03 4.641244342808934116e-03
2.077190000000000225e+01 1.130775457488233455e-04 2.278223425182569501e-03 4.536631650381516175e-03
2.078430000000000177e+01 1.084992978947071446e-04 2.239322755382321117e-03 4.433885162905364802e-03
2.079679999999999751e+01 1.052424522106947593e-04 2.202166781095222549e-03 4.332631929015384568e-03
2.080919999999999703e+01 1.030647235458191803e-04 2.166866112011655091e-03 4.232553787581483547e-03
2.082159999999999656e+01 1.016959895327004300e-04 2.133197877894107107e-03 4.133491239405808967e-03
2.083409999999999940e+01 1.008873721795152187e-04 2.100611890762577039e-03 4.035454508257914873e-03
2.084649999999999892e+01 1.004383417629750873e-04 2.068384062430691193e-03 3.938529035251946836e-03
2.085900000000000176e+01 1.002039635875258812e-04 2.035914589503333948e-03 3.842704780864973982e-03
2.087140000000000128e+01 1.000889716786247495e-04 2.002998908695936831e-03 3.747768195268094508e-03
2.088389999999999702e+01 1.000359411320406129e-04 1.969990000231580402e-03 3.653305822049309620e-03
2.089629999999999654e+01 1.000129535321763445e-04 1.937770846485388845e-03 3.558858138804449085e-03
2.090870000000000317e+01 1.000035871934408142e-04 1.907549147826974757e-03 3.464117875683779893e-03
2.092119999999999891e+01 1.000000000000000048e-04 1.880532481287449428e-03 3.369043507075923302e-03
2.093359999999999843e+01 1.000000000000000048e-04 1.857636899744854976e-03 3.273853087433110844e-03
2.094610000000000127e+01 1.000000000000000048e-04 1.839301600046062534e-03 3.178885911745988387e-03
2.095850000000000080e+01 1.000000000000000048e-04 1.825428930884528131e-03 3.084397026517582407e-03
2.097090000000000032e+01 1.000000000000000048e-04 1.815471203176531947e-03 2.990433153135033540e-03
2.098340000000000316e+01 1.000000000000000048e-04 1.808582279874879333e-03 2.896896380323131862e-03
2.099580000000000268e+01 1.000000000000000048e-04 1.803783704889497892e-03 2.803700273924227167e-03
2.100829999999999842e+01 1.000000000000000048e-04 1.800028099016206433e-03 2.710995649841109207e-03
2.102069999999999794e+01 1.000000000000000048e-04 1.796296019490416620e-03 2.619298735684581769e-03
2.103320000000000078e+01 1.000000000000000048e-04 1.791576811764872355e-03 2.529441648915617315e-03
2.104560000000000031e+01 1.000000000000000048e-04 1.784884534130493127e-03 2.442351154326789786e-03
2.105799999999999983e+01 1.000000000000000048e-04 1.775313064238347432e-03 2.358711353633411931e-03
2.107050000000000267e+01 1.000000000000000048e-04 1.762142553019356399e-03 2.278688266933854428e-03
2.108290000000000219e+01 1.000000000000000048e-04 1.745017006754044989e-03 2.201771849983952083e-03
2.109539999999999793e+01 1.000000000000000048e-04 1.724077788118362096e-03 2.126864282723179948e-03
2.110779999999999745e+01 1.000000000000000048e-04 1.700032148420702353e-03 2.052531480235543406e-03
2.112019999999999698e+01 1.000000000000000048e-04 1.674049916342615655e-03 1.977425729614794899e-03
2.113269999999999982e+01 1.000000000000000048e-04 1.647528448220265691e-03 1.900639053218061659e-03
2.114509999999999934e+01 1.000000000000000048e-04 1.621709353462014690e-03 1.821991869367128652e-03
2.115760000000000218e+01 1.000000000000000048e-04 1.597333605565809779e-03 1.742078997151007367e-03
2.117000000000000171e+01 1.000000000000000048e-04 1.574392284268901583e-03 1.662118445956248247e-03
2.118249999999999744e+01 1.000000000000000048e-04 1.552112972987304898e-03 1.583615020755219614e-03
2.119489999999999696e+01 1.000000000000000048e-04 1.529170649343735517e-03 1.507928868958587770e-03
2.120730000000000359e+01 1.000000000000000048e-04 1.504054301505482368e-03 1.435915222428624412e-03
2.121979999999999933e+01 1.000000000000000048e-04 1.475454078242463248e-03 1.367685148391116013e-03
2.123219999999999885e+01 9.999641280655916832e-05 1.442580393114167251e-03 1.302620961404861964e-03
2.124470000000000169e+01 9.998704646782363801e-05 1.405274109009749771e-03 1.239599671484141376e-03
2.125710000000000122e+01 9.996405886795936958e-05 1.363946767236471833e-03 1.177350798657608114e-03
2.126959999999999695e+01 9.991102832137523299e-05 1.319381373314758776e-03 1.114910619544058189e-03
2.128200000000000358e+01 9.979603641247410128e-05 1.272486561033155236e-03 1.051938280496692154e-03
2.129440000000000310e+01 9.956165823702489519e-05 1.224091753132500659e-03 9.888495840317404820e-04
2.130689999999999884e+01 9.911262782048479091e-05 1.174836899822414779e-03 9.266849363506302712e-04
2.131929999999999836e+01 9.830401046729957961e-05 1.125162196900905383e-03 8.668308782002521768e-04
2.133180000000000121e+01 9.693527645418080214e-05 1.075354180051218880e-03 8.106158151331234246e-04
2.134420000000000073e+01 9.475754778930522320e-05 1.025644308024980557e-03 7.589921440861882931e-04
2.135660000000000025e+01 9.150070210529283787e-05 9.762469241726675967e-04 7.123828894045637888e-04
2.136910000000000309e+01 8.692245425117663701e-05 9.274298605973879629e-04 6.707019351237628220e-04
2.138150000000000261e+01 8.087308457023212056e-05 8.795384805566059229e-04 6.334776578836992522e-04
2.139399999999999835e+01 7.335980315837601490e-05 8.330092762887427588e-04 5.999720908512528933e-04
2.140639999999999787e+01 6.458862582065008878e-05 7.883389379613102649e-04 5.692577489231469019e-04
2.141890000000000072e+01 5.496375668438557583e-05 7.460150330167006393e-04 5.402223279765909058e-04
2.143130000000000024e+01 4.503624331561442896e-05 7.063419459341715740e-04 5.115556669248888131e-04
2.144369999999999976e+01 3.541137417934991601e-05 6.693200630874179347e-04 4.818128250971677007e-04
2.145620000000000260e+01 2.664019684162398989e-05 6.345557307240501420e-04 4.495778034718449874e-04
2.146860000000000213e+01 1.912691542976787746e-05 6.013150252889253033e-04 4.137454237673063783e-04
2.148109999999999786e+01 1.307754574882336270e-05 5.687290381573954518e-04 3.738050007168235763e-04
2.149349999999999739e+01 8.499297894707165225e-06 5.360629195627640608e-04 3.300473542262259675e-04
2.150589999999999691e+01 5.242452210694771429e-06 5.030290108990005584e-04 2.836030806226257106e-04
2.151839999999999975e+01 3.064723545819183171e-06 4.699102758516651105e-04 2.362880577053001177e-04
2.153079999999999927e+01 1.695989532700429839e-06 4.375146930298370353e-04 1.902560310686949013e-04
2.154330000000000211e+01 8.873721795152086909e-07 4.069372570643973400e-04 1.476311762777820136e-04
2.155570000000000164e+01 4.383417629751031961e-07 3.792174559985243658e-04 1.101272678692511380e-04
2.156819999999999737e+01 2.039635875258954896e-07 3.549855447866322460e-04 7.880419443172215991e-05
2.158059999999999690e+01 8.897167862476073612e-08 3.342524920444906529e-04 5.398836187850171165e-05
2.159300000000000352e+01 3.594113204061525604e-08 3.163425836431929127e-04 3.534926213510427575e-05
2.160549999999999926e+01 1.295353217634705112e-08 3.000107615803224289e-04 2.208656438751561955e-05
2.161789999999999878e+01 3.587193440823243974e-09 2.836962769533360267e-04 1.314702095993516925e-05
2.163040000000000163e+01 0.000000000000000000e+00 2.658553313516312001e-04 7.444472380563675665e-06
2.164280000000000115e+01 0.000000000000000000e+00 2.452813702492419898e-04 4.003869827978545645e-06
2.165520000000000067e+01 0.000000000000000000e+00 2.213944347640533464e-04 2.041659394904699537e-06
2.166770000000000351e+01 0.000000000000000000e+00 1.943777682245279362e-04 9.845069220720521935e-07
2.168010000000000304e+01 0.000000000000000000e+00 1.651581850890310090e-04 4.467877715808320979e-07
2.169259999999999877e+01 0.000000000000000000e+00 1.352165533429651044e-04 1.887049375719911893e-07
2.170499999999999829e+01 0.000000000000000000e+00 1.062729831345787671e-04 7.188226408123051209e-08
2.171750000000000114e+01 0.000000000000000000e+00 7.993135210519443845e-05 2.590706435269410225e-08
2.172990000000000066e+01 0.000000000000000000e+00 5.738074628930363237e-05 7.174386881646487949e-09
2.174230000000000018e+01 0.000000000000000000e+00 3.923263724647008978e-05 0.000000000000000000e+00
2.175480000000000302e+01 0.000000000000000000e+00 2.549789368412149398e-05 0.000000000000000000e+00
2.176720000000000255e+01 0.000000000000000000e+00 1.572735663208431429e-05 0.000000000000000000e+00
2.177969999999999828e+01 0.000000000000000000e+00 9.194170637457550359e-06 0.000000000000000000e+00
2.179209999999999781e+01 0.000000000000000000e+00 5.087968598101289095e-06 0.000000000000000000e+00
2.180449999999999733e+01 0.000000000000000000e+00 2.662116538545625967e-06 0.000000000000000000e+00
2.181700000000000017e+01 0.000000000000000000e+00 1.315025288925309535e-06 0.000000000000000000e+00
2.182939999999999969e+01 0.000000000000000000e+00 6.118907625776864954e-07 0.000000000000000000e+00
2.184190000000000254e+01 0.000000000000000000e+00 2.669150358742822084e-07 0.000000000000000000e+00
2.185430000000000206e+01 0.000000000000000000e+00 1.078233961218457747e-07 0.000000000000000000e+00
2.186679999999999779e+01 0.000000000000000000e+00 3.886059652904115172e-08 0.000000000000000000e+00
2.187919999999999732e+01 0.000000000000000000e+00 1.076158032246973192e-08 0.000000000000000000e+00
2.189159999999999684e+01 0.000000000000000000e+00 0.000000000000000000e+00 0.000000000000000000e+00
2.190409999999999968e+01 0.000000000000000000e+00 0.000000000000000000e+00 0.000000000000000000e+00
2.191649999999999920e+01 0.000000000000000000e+00 0.000000000000000000e+00 0.000000000000000000e+00
2.192900000000000205e+01 0.000000000000000000e+00 0.000000000000000000e+00 0.000000000000000000e+00
2.194140000000000157e+01 0.000000000000000000e+00 0.000000000000000000e+00 0.000000000000000000e+00
2.195389999999999731e+01 0.000000000000000000e+00 0.000000000000000000e+00 0.000000000000000000e+00
2.196629999999999683e+01 0.000000000000000000e+00 0.000000000000000000e+00 0.000000000000000000e+00
2.197870000000000346e+01 0.000000000000000000e+00 0.000000000000000000e+00 0.000000000000000000e+00
2.199119999999999919e+01 0.000000000000000000e+00 0.000000000000000000e+00 0.000000000000000000e+00
2.200359999999999872e+01 0.000000000000000000e+00 0.000000000000000000e+00 0.000000000000000000e+00
2.201610000000000156e+01 0.000000000000000000e+00 0.000000000000000000e+00 0.000000000000000000e+00
2.202850000000000108e+01 0.000000000000000000e+00 0.000000000000000000e+00 0.000000000000000000e+00
2.204090000000000060e+01 0.000000000000000000e+00 0.000000000000000000e+00 0.000000000000000000e+00
2.205340000000000344e+01 0.000000000000000000e+00 0.000000000000000000e+00 0.000000000000000000e+00
2.206580000000000297e+01 0.000000000000000000e+00 0.000000000000000000e+00 0.000000000000000000e+00
2.207829999999999870e+01 0.000000000000000000e+00 0.000000000000000000e+00 0.000000000000000000e+00
2.209069999999999823e+01 0.000000000000000000e+00 0.000000000000000000e+00 0.000000000000000000e+00
2.210320000000000107e+01 0.000000000000000000e+00 0.000000000000000000e+00 0.000000000000000000e+00
2.211560000000000059e+01 0.000000000000000000e+00 0.000000000000000000e+00 0.000000000000000000e+00
2.212800000000000011e+01 0.000000000000000000e+00 0.000000000000000000e+00 0.000000000000000000e+00
2.214050000000000296e+01 0.000000000000000000e+00 0.000000000000000000e+00 0.000000000000000000e+00
2.215290000000000248e+01 0.000000000000000000e+00 0.000000000000000000e+00 0.000000000000000000e+00
2.216539999999999822e+01 0.000000000000000000e+00 0.000000000000000000e+00 0.000000000000000000e+00
2.217779999999999774e+01 0.000000000000000000e+00 0.000000000000000000e+00 0.000000000000000000e+00
2.219019999999999726e+01 0.000000000000000000e+00 0.000000000000000000e+00 0.000000000000000000e+00
2.220270000000000010e+01 0.000000000000000000e+00 0.000000000000000000e+00 0.000000000000000000e+00
2.221509999999999962e+01 0.000000000000000000e+00 0.000000000000000000e+00 0.000000000000000000e+00
2.222760000000000247e+01 0.000000000000000000e+00 0.000000000000000000e+00 0.000000000000000000e+00
2.224000000000000199e+01 0.000000000000000000e+00 0.000000000000000000e+00 0.000000000000000000e+00
2.225249999999999773e+01 0.000000000000000000e+00 0.000000000000000000e+00 0.000000000000000000e+00
2.226489999999999725e+01 0.000000000000000000e+00 0.000000000000000000e+00 0.000000000000000000e+00
2.227729999999999677e+01 0.000000000000000000e+00 0.000000000000000000e+00 0.000000000000000000e+00
2.228979999999999961e+01 0.000000000000000000e+00 0.000000000000000000e+00 0.000000000000000000e+00
2.230219999999999914e+01 0.000000000000000000e+00 0.000000000000000000e+00 0.000000000000000000e+00
2.231470000000000198e+01 0.000000000000000000e+00 0.000000000000000000e+00 0.000000000000000000e+00
2.232710000000000150e+01 0.000000000000000000e+00 0.000000000000000000e+00 0.000000000000000000e+00
2.233950000000000102e+01 0.000000000000000000e+00 0.000000000000000000e+00 0.000000000000000000e+00
2.235199999999999676e+01 0.000000000000000000e+00 0.000000000000000000e+00 0.000000000000000000e+00
2.236440000000000339e+01 0.000000000000000000e+00 0.000000000000000000e+00 0.000000000000000000e+00
2.237689999999999912e+01 0.000000000000000000e+00 0.000000000000000000e+00 0.000000000000000000e+00
2.238929999999999865e+01 0.000000000000000000e+00 0.000000000000000000e+00 0.000000000000000000e+00
2.240180000000000149e+01 0.000000000000000000e+00 0.000000000000000000e+00 0.000000000000000000e+00
2.241420000000000101e+01 0.000000000000000000e+00 0.000000000000000000e+00 0.000000000000000000e+00
2.242660000000000053e+01 0.000000000000000000e+00 0.000000000000000000e+00 0.000000000000000000e+00
2.243910000000000338e+01 0.000000000000000000e+00 0.000000000000000000e+00 0.000000000000000000e+00
2.245150000000000290e+01 0.000000000000000000e+00 0.000000000000000000e+00 0.000000000000000000e+00
2.246399999999999864e+01 0.000000000000000000e+00 0.000000000000000000e+00 0.000000000000000000e+00
2.247639999999999816e+01 0.000000000000000000e+00 0.000000000000000000e+00 0.000000000000000000e+00
2.248879999999999768e+01 0.000000000000000000e+00 0.000000000000000000e+00 0.000000000000000000e+00
2.250130000000000052e+01 0.000000000000000000e+00 0.000000000000000000e+00 0.000000000000000000e+00
2.251370000000000005e+01 0.000000000000000000e+00 0.000000000000000000e+00 0.000000000000000000e+00
2.252620000000000289e+01 0.000000000000000000e+00 0.000000000000000000e+00 0.000000000000000000e+00
2.253860000000000241e+01 0.000000000000000000e+00 0.000000000000000000e+00 0.000000000000000000e+00
2.255109999999999815e+01 0.000000000000000000e+00 0.000000000000000000e+00 0.000000000000000000e+00
2.256349999999999767e+01 0.000000000000000000e+00 0.000000000000000000e+00 0.000000000000000000e+00
2.257589999999999719e+01 0.000000000000000000e+00 0.000000000000000000e+00 0.000000000000000000e+00
2.258840000000000003e+01 0.000000000000000000e+00 0.000000000000000000e+00 0.000000000000000000e+00
2.260079999999999956e+01 0.000000000000000000e+00 0.000000000000000000e+00 0.000000000000000000e+00
2.261330000000000240e+01 0.000000000000000000e+00 0.000000000000000000e+00 0.000000000000000000e+00
2.262570000000000192e+01 0.000000000000000000e+00 0.000000000000000000e+00 0.000000000000000000e+00
2.263819999999999766e+01 0.000000000000000000e+00 0.000000000000000000e+00 0.000000000000000000e+00
2.265059999999999718e+01 0.000000000000000000e+00 0.000000000000000000e+00 0.000000000000000000e+00
2.266299999999999670e+01 0.000000000000000000e+00 0.000000000000000000e+00 0.000000000000000000e+00
2.267549999999999955e+01 0.000000000000000000e+00 0.000000000000000000e+00 0.000000000000000000e+00
2.268789999999999907e+01 0.000000000000000000e+00 0.000000000000000000e+00 0.000000000000000000e+00
2.270040000000000191e+01 0.000000000000000000e+00 0.000000000000000000e+00 0.000000000000000000e+00
2.271280000000000143e+01 0.000000000000000000e+00 0.000000000000000000e+00 0.000000000000000000e+00
2.272520000000000095e+01 0.000000000000000000e+00 0.000000000000000000e+00 0.000000000000000000e+00
2.273769999999999669e+01 0.000000000000000000e+00 0.000000000000000000e+00 0.000000000000000000e+00
2.275010000000000332e+01 0.000000000000000000e+00 0.000000000000000000e+00 0.000000000000000000e+00
2.276259999999999906e+01 0.000000000000000000e+00 0.000000000000000000e+00 0.000000000000000000e+00
2.277499999999999858e+01 0.000000000000000000e+00 0.000000000000000000e+00 0.000000000000000000e+00
2.278750000000000142e+01 0.000000000000000000e+00 0.000000000000000000e+00 0.000000000000000000e+00
2.279990000000000094e+01 0.000000000000000000e+00 0.000000000000000000e+00 0.000000000000000000e+00
2.281230000000000047e+01 0.000000000000000000e+00 0.000000000000000000e+00 0.000000000000000000e+00
2.282480000000000331e+01 0.000000000000000000e+00 0.000000000000000000e+00 0.000000000000000000e+00
2.283720000000000283e+01 0.000000000000000000e+00 0.000000000000000000e+00 0.000000000000000000e+00
2.284969999999999857e+01 0.000000000000000000e+00 0.000000000000000000e+00 0.000000000000000000e+00
2.286209999999999809e+01 0.000000000000000000e+00 0.000000000000000000e+00 0.000000000000000000e+00
2.287449999999999761e+01 0.000000000000000000e+00 0.000000000000000000e+00 0.000000000000000000e+00
2.288700000000000045e+01 0.000000000000000000e+00 0.000000000000000000e+00 0.000000000000000000e+00
2.289939999999999998e+01 0.000000000000000000e+00 0.000000000000000000e+00 0.000000000000000000e+00
2.291190000000000282e+01 0.000000000000000000e+00 0.000000000000000000e+00 0.000000000000000000e+00
2.292430000000000234e+01 0.000000000000000000e+00 0.000000000000000000e+00 0.000000000000000000e+00
2.293679999999999808e+01 0.000000000000000000e+00 0.000000000000000000e+00 0.000000000000000000e+00
2.294919999999999760e+01 0.000000000000000000e+00 0.000000000000000000e+00 0.000000000000000000e+00
2.296159999999999712e+01 0.000000000000000000e+00 0.000000000000000000e+00 0.000000000000000000e+00
2.297409999999999997e+01 0.000000000000000000e+00 0.000000000000000000e+00 0.000000000000000000e+00
2.298649999999999949e+01 0.000000000000000000e+00 0.000000000000000000e+00 0.000000000000000000e+00
2.299900000000000233e+01 0.000000000000000000e+00 0.000000000000000000e+00 0.000000000000000000e+00
2.301140000000000185e+01 0.000000000000000000e+00 0.000000000000000000e+00 0.000000000000000000e+00
2.302380000000000138e+01 0.000000000000000000e+00 0.000000000000000000e+00 0.000000000000000000e+00
2.303629999999999711e+01 0.000000000000000000e+00 0.000000000000000000e+00 0.000000000000000000e+00
2.304869999999999663e+01 0.000000000000000000e+00 0.000000000000000000e+00 0.000000000000000000e+00
2.306119999999999948e+01 0.000000000000000000e+00 0.000000000000000000e+00 0.000000000000000000e+00
2.307359999999999900e+01 0.000000000000000000e+00 0.000000000000000000e+00 0.000000000000000000e+00
2.308610000000000184e+01 0.000000000000000000e+00 0.000000000000000000e+00 0.000000000000000000e+00
2.309850000000000136e+01 0.000000000000000000e+00 0.000000000000000000e+00 0.000000000000000000e+00
2.311090000000000089e+01 0.000000000000000000e+00 0.000000000000000000e+00 0.000000000000000000e+00
2.312339999999999662e+01 0.000000000000000000e+00 0.000000000000000000e+00 0.000000000000000000e+00
2.313580000000000325e+01 0.000000000000000000e+00 0.000000000000000000e+00 0.000000000000000000e+00
2.314829999999999899e+01 0.000000000000000000e+00 0.000000000000000000e+00 0.000000000000000000e+00
2.316069999999999851e+01 0.000000000000000000e+00 0.000000000000000000e+00 0.000000000000000000e+00
2.317309999999999803e+01 0.000000000000000000e+00 0.000000000000000000e+00 0.000000000000000000e+00
2.318560000000000088e+01 0.000000000000000000e+00 0.000000000000000000e+00 0.000000000000000000e+00
2.319800000000000040e+01 0.000000000000000000e+00 0.000000000000000000e+00 0.000000000000000000e+00
2.321050000000000324e+01 0.000000000000000000e+00 0.000000000000000000e+00 0.000000000000000000e+00
2.322290000000000276e+01 0.000000000000000000e+00 0.000000000000000000e+00 0.000000000000000000e+00
2.323539999999999850e+01 0.000000000000000000e+00 0.000000000000000000e+00 0.000000000000000000e+00
2.324779999999999802e+01 0.000000000000000000e+00 0.000000000000000000e+00 0.000000000000000000e+00
2.326019999999999754e+01 0.000000000000000000e+00 0.000000000000000000e+00 0.000000000000000000e+00
2.327270000000000039e+01 0.000000000000000000e+00 0.000000000000000000e+00 0.000000000000000000e+00
2.328509999999999991e+01 0.000000000000000000e+00 0.000000000000000000e+00 0.000000000000000000e+00
2.329760000000000275e+01 0.000000000000000000e+00 0.000000000000000000e+00 0.000000000000000000e+00
2.331000000000000227e+01 0.000000000000000000e+00 0.000000000000000000e+00 0.000000000000000000e+00
2.332249999999999801e+01 0.000000000000000000e+00 0.000000000000000000e+00 0.000000000000000000e+00
2.333489999999999753e+01 0.000000000000000000e+00 0.000000000000000000e+00 0.000000000000000000e+00
2.334729999999999706e+01 0.000000000000000000e+00 0.000000000000000000e+00 0.000000000000000000e+00
2.335979999999999990e+01 0.000000000000000000e+00 0.000000000000000000e+00 0.000000000000000000e+00
2.337219999999999942e+01 0.000000000000000000e+00 0.000000000000000000e+00 0.000000000000000000e+00
2.338470000000000226e+01 0.000000000000000000e+00 0.000000000000000000e+00 0.000000000000000000e+00
2.339710000000000178e+01 0.000000000000000000e+00 0.000000000000000000e+00 0.000000000000000000e+00
2.340950000000000131e+01 0.000000000000000000e+00 0.000000000000000000e+00 0.000000000000000000e+00
2.342199999999999704e+01 0.000000000000000000e+00 0.000000000000000000e+00 0.000000000000000000e+00
2.343439999999999657e+01 0.000000000000000000e+00 0.000000000000000000e+00 0.000000000000000000e+00
2.344689999999999941e+01 0.000000000000000000e+00 0.000000000000000000e+00 0.000000000000000000e+00
2.345929999999999893e+01 0.000000000000000000e+00 0.000000000000000000e+00 0.000000000000000000e+00
2.347180000000000177e+01 0.000000000000000000e+00 0.000000000000000000e+00 0.000000000000000000e+00
2.348420000000000130e+01 0.000000000000000000e+00 0.000000000000000000e+00 0.000000000000000000e+00
2.349660000000000082e+01 0.000000000000000000e+00 0.000000000000000000e+00 0.000000000000000000e+00
2.350909999999999656e+01 0.000000000000000000e+00 0.000000000000000000e+00 0.000000000000000000e+00
2.352150000000000318e+01 0.000000000000000000e+00 0.000000000000000000e+00 0.000000000000000000e+00
2.353399999999999892e+01 0.000000000000000000e+00 0.000000000000000000e+00 0.000000000000000000e+00
2.354639999999999844e+01 0.000000000000000000e+00 0.000000000000000000e+00 0.000000000000000000e+00
2.355879999999999797e+01 0.000000000000000000e+00 0.000000000000000000e+00 0.000000000000000000e+00
2.357130000000000081e+01 0.000000000000000000e+00 0.000000000000000000e+00 0.000000000000000000e+00
2.358370000000000033e+01 0.000000000000000000e+00 0.000000000000000000e+00 0.000000000000000000e+00
2.359620000000000317e+01 0.000000000000000000e+00 0.000000000000000000e+00 0.000000000000000000e+00
2.360860000000000269e+01 0.000000000000000000e+00 0.000000000000000000e+00 0.000000000000000000e+00
2.362109999999999843e+01 0.000000000000000000e+00 0.000000000000000000e+00 0.000000000000000000e+00
2.363349999999999795e+01 0.000000000000000000e+00 0.000000000000000000e+00 0.000000000000000000e+00
