# energy(eV) alpha
0.000000000000000000e+00 2.555380224979260095e+00
1.359999999999999924e-02 2.555399698269360975e+00
2.709999999999999909e-02 2.555438669607897229e+00
4.070000000000000007e-02 2.555497187044422081e+00
5.430000000000000104e-02 2.555575320272482465e+00
6.790000000000000202e-02 2.555673157020296848e+00
8.140000000000000013e-02 2.555790799998395091e+00
9.500000000000000111e-02 2.555928361302080010e+00
1.086000000000000021e-01 2.556085959474684977e+00
1.222000000000000031e-01 2.556263716279689735e+00
1.356999999999999873e-01 2.556461752945269339e+00
1.492999999999999883e-01 2.556680187299181561e+00
1.628999999999999893e-01 2.556919132860365096e+00
1.764000000000000012e-01 2.557178698154529251e+00
1.900000000000000022e-01 2.557458985904499826e+00
2.036000000000000032e-01 2.557760093682527103e+00
2.172000000000000042e-01 2.558082114877881175e+00
2.306999999999999884e-01 2.558425139549155958e+00
2.442999999999999894e-01 2.558789256265826317e+00
2.579000000000000181e-01 2.559174551670322817e+00
2.715000000000000191e-01 2.559581112825574323e+00
2.849999999999999756e-01 2.560009027816802618e+00
2.985999999999999766e-01 2.560458386762697991e+00
3.121999999999999775e-01 2.560929281620412112e+00
3.256999999999999895e-01 2.561421807594240541e+00
3.392999999999999905e-01 2.561936062955345150e+00
3.528999999999999915e-01 2.562472149923124665e+00
3.664999999999999925e-01 2.563030175363372187e+00
3.800000000000000044e-01 2.563610250575651950e+00
3.936000000000000054e-01 2.564212492394918108e+00
4.072000000000000064e-01 2.564837023154424855e+00
4.208000000000000074e-01 2.565483970743343889e+00
4.343000000000000194e-01 2.566153469275470389e+00
4.479000000000000203e-01 2.566845659109433520e+00
4.615000000000000213e-01 2.567560686879096110e+00
4.751000000000000223e-01 2.568298704579194514e+00
4.885999999999999788e-01 2.569059871413916341e+00
5.021999999999999797e-01 2.569844351546450856e+00
5.158000000000000362e-01 2.570652316119503400e+00
5.292999999999999927e-01 2.571483942031663084e+00
5.429000000000000492e-01 2.572339412601568398e+00
5.564999999999999947e-01 2.573218917626268087e+00
5.701000000000000512e-01 2.574122653535147798e+00
5.836000000000000076e-01 2.575050825560309953e+00
5.971999999999999531e-01 2.576003646245511369e+00
6.108000000000000096e-01 2.576981336168032932e+00
6.243999999999999551e-01 2.577984125144836103e+00
6.379000000000000226e-01 2.579012252122713011e+00
6.514999999999999680e-01 2.580065965443389508e+00
6.651000000000000245e-01 2.581145523491643168e+00
6.785999999999999810e-01 2.582251193792427735e+00
6.922000000000000375e-01 2.583383254249825178e+00
7.057999999999999829e-01 2.584541993162809526e+00
7.194000000000000394e-01 2.585727709030199328e+00
7.328999999999999959e-01 2.586940711532917270e+00
7.465000000000000524e-01 2.588181321677105906e+00
7.600999999999999979e-01 2.589449873124792134e+00
7.737000000000000544e-01 2.590746711392363899e+00
7.872000000000000108e-01 2.592072196424413555e+00
8.007999999999999563e-01 2.593426702567617870e+00
8.144000000000000128e-01 2.594810620452737915e+00
8.278999999999999693e-01 2.596224356665257194e+00
8.415000000000000258e-01 2.597668335618320334e+00
8.550999999999999712e-01 2.599143000692856198e+00
8.687000000000000277e-01 2.600648814133840858e+00
8.821999999999999842e-01 2.602186259545860025e+00
8.958000000000000407e-01 2.603755841624391110e+00
9.093999999999999861e-01 2.605358088915692427e+00
9.230000000000000426e-01 2.606993554062483121e+00
9.364999999999999991e-01 2.608662814940345243e+00
9.500999999999999446e-01 2.610366478118669953e+00
9.637000000000000011e-01 2.612105180241003133e+00
9.771999999999999575e-01 2.613879589206354659e+00
9.908000000000000140e-01 2.615690408251434285e+00
1.004399999999999959e+00 2.617538378527719978e+00
1.018000000000000016e+00 2.619424282228774103e+00
1.031500000000000083e+00 2.621348946406013347e+00
1.045099999999999918e+00 2.623313246924566133e+00
1.058699999999999974e+00 2.625318114786069579e+00
1.072300000000000031e+00 2.627364540079351940e+00
1.085800000000000098e+00 2.629453578860871943e+00
1.099399999999999933e+00 2.631586359398576214e+00
1.112999999999999989e+00 2.633764090926075330e+00
1.126500000000000057e+00 2.635988073986461622e+00
1.140099999999999891e+00 2.638259711006635477e+00
1.153699999999999948e+00 2.640580519253007630e+00
1.167300000000000004e+00 2.642952146261442259e+00
1.180800000000000072e+00 2.645376383322451730e+00
1.194399999999999906e+00 2.647855184051965072e+00
1.207999999999999963e+00 2.650390679269233107e+00
1.221600000000000019e+00 2.652985192843401396e+00
1.235100000000000087e+00 2.655641254322556044e+00
1.248699999999999921e+00 2.658361606399852306e+00
1.262299999999999978e+00 2.661149208595444904e+00
1.275900000000000034e+00 2.664007228593868071e+00
1.289400000000000102e+00 2.666939022939700088e+00
1.302999999999999936e+00 2.669948107226566059e+00
1.316599999999999993e+00 2.673038104560004236e+00
1.330100000000000060e+00 2.676212683865879516e+00
1.343699999999999894e+00 2.679475477718435972e+00
1.357299999999999951e+00 2.682829985971233455e+00
1.370900000000000007e+00 2.686279467883090355e+00
1.384400000000000075e+00 2.689826823625702801e+00
1.397999999999999909e+00 2.693474477240368703e+00
1.411599999999999966e+00 2.697224259284960457e+00
1.425200000000000022e+00 2.701077302748104536e+00
1.438700000000000090e+00 2.705033956218676039e+00
1.452299999999999924e+00 2.709093718641342186e+00
1.465899999999999981e+00 2.713255204699739132e+00
1.479400000000000048e+00 2.717516139120319085e+00
1.493000000000000105e+00 2.721873382939577812e+00
1.506599999999999939e+00 2.726322987293048783e+00
1.520199999999999996e+00 2.730860275433313777e+00
1.533700000000000063e+00 2.735479942717868429e+00
1.547299999999999898e+00 2.740176172425719869e+00
1.560899999999999954e+00 2.744942754737883295e+00
1.574500000000000011e+00 2.749773209271028751e+00
1.588000000000000078e+00 2.754660898217667686e+00
1.601599999999999913e+00 2.759599129993215882e+00
1.615199999999999969e+00 2.764581246872227727e+00
1.628700000000000037e+00 2.769600696633994552e+00
1.642300000000000093e+00 2.774651085121631500e+00
1.655899999999999928e+00 2.779726211794672608e+00
1.669499999999999984e+00 2.784820091907237671e+00
1.683000000000000052e+00 2.789926960989446592e+00
1.696600000000000108e+00 2.795041273016407590e+00
1.710199999999999942e+00 2.800157685412964614e+00
1.723799999999999999e+00 2.805271041682447120e+00
1.737300000000000066e+00 2.810376346848517670e+00
1.750899999999999901e+00 2.815468741869351810e+00
1.764499999999999957e+00 2.820543476202870714e+00
1.778000000000000025e+00 2.825595879303649305e+00
1.791600000000000081e+00 2.830621333623899449e+00
1.805199999999999916e+00 2.835615244476778152e+00
1.818799999999999972e+00 2.840573012885734716e+00
1.832300000000000040e+00 2.845490005844462988e+00
1.845900000000000096e+00 2.850361525162682597e+00
1.859499999999999931e+00 2.855182774454438466e+00
1.873099999999999987e+00 2.859948822411624736e+00
1.886600000000000055e+00 2.864654558003595586e+00
1.900199999999999889e+00 2.869294631233462844e+00
1.913799999999999946e+00 2.873863391682876856e+00
1.927400000000000002e+00 2.878354891670579896e+00
1.940900000000000070e+00 2.882762825793403039e+00
1.954499999999999904e+00 2.887080395401680377e+00
1.968099999999999961e+00 2.891300228742923473e+00
1.981600000000000028e+00 2.895414286534732540e+00
1.995200000000000085e+00 2.899413756131989039e+00
2.008799999999999919e+00 2.903288946659903225e+00
2.022400000000000198e+00 2.907029187978006135e+00
2.035899999999999821e+00 2.910622746947327144e+00
2.049500000000000099e+00 2.914056777415835242e+00
2.063099999999999934e+00 2.917317319288841748e+00
2.076700000000000212e+00 2.920389370685857244e+00
2.090199999999999836e+00 2.923257057473636067e+00
2.103800000000000114e+00 2.925903918207387822e+00
2.117399999999999949e+00 2.928313329121249531e+00
2.130900000000000016e+00 2.930469076715717325e+00
2.144499999999999851e+00 2.932356079305697083e+00
2.158100000000000129e+00 2.933961247716051268e+00
2.171699999999999964e+00 2.935274448452491303e+00
2.185200000000000031e+00 2.936289526479554102e+00
2.198799999999999866e+00 2.937005318174565449e+00
2.212400000000000144e+00 2.937426579705405771e+00
2.225999999999999979e+00 2.937564741527156631e+00
2.239500000000000046e+00 2.937438409076217116e+00
2.253099999999999881e+00 2.937073530353496054e+00
2.266700000000000159e+00 2.936503179642958816e+00
2.280199999999999783e+00 2.935766930219236848e+00
2.293800000000000061e+00 2.934909823780587068e+00
2.307399999999999896e+00 2.933980983944986853e+00
2.321000000000000174e+00 2.933031949891906187e+00
2.334499999999999797e+00 2.932114841543141281e+00
2.348100000000000076e+00 2.931280482894795369e+00
2.361699999999999910e+00 2.930576614259822410e+00
2.375300000000000189e+00 2.930046317923065580e+00
2.388799999999999812e+00 2.929726759331530594e+00
2.402400000000000091e+00 2.929648314516807961e+00
2.415999999999999925e+00 2.929834114871312511e+00
2.429499999999999993e+00 2.930300006613129060e+00
2.443099999999999827e+00 2.931054881508200260e+00
2.456700000000000106e+00 2.932101311767873586e+00
2.470299999999999940e+00 2.933436403768455936e+00
2.483800000000000008e+00 2.935052782290702655e+00
2.497399999999999842e+00 2.936939614825555545e+00
2.511000000000000121e+00 2.939083604110924952e+00
2.524599999999999955e+00 2.941469890699981438e+00
2.538100000000000023e+00 2.944082828921145367e+00
2.551699999999999857e+00 2.946906613371721662e+00
2.565300000000000136e+00 2.949925757240576374e+00
2.578800000000000203e+00 2.953125430328731316e+00
2.592400000000000038e+00 2.956491672342091537e+00
2.605999999999999872e+00 2.960011508758503940e+00
2.619600000000000151e+00 2.963672989377262645e+00
2.633100000000000218e+00 2.967465172125732131e+00
2.646700000000000053e+00 2.971378072549054838e+00
2.660299999999999887e+00 2.975402593265795037e+00
2.673900000000000166e+00 2.979530449549632642e+00
2.687399999999999789e+00 2.983754094459007522e+00
2.701000000000000068e+00 2.988066656000159860e+00
2.714599999999999902e+00 2.992461871933635553e+00
2.728200000000000180e+00 2.996933999009049110e+00
2.741699999999999804e+00 3.001477791996637556e+00
2.755300000000000082e+00 3.006088546369551029e+00
2.768899999999999917e+00 3.010762054424283463e+00
2.782399999999999984e+00 3.015494587281774219e+00
2.795999999999999819e+00 3.020282878399302096e+00
2.809600000000000097e+00 3.025124147552966214e+00
2.823199999999999932e+00 3.030016133308941484e+00
2.836699999999999999e+00 3.034957065548693045e+00
2.850299999999999834e+00 3.039945671222609835e+00
2.863900000000000112e+00 3.044981177758837809e+00
2.877499999999999947e+00 3.050063308757279490e+00
2.891000000000000014e+00 3.055192270050957948e+00
2.904599999999999849e+00 3.060368731646608609e+00
2.918200000000000127e+00 3.065593804203925465e+00
2.931700000000000195e+00 3.070869000217242295e+00
2.945300000000000029e+00 3.076196186476430672e+00
2.958899999999999864e+00 3.081577556671235563e+00
2.972500000000000142e+00 3.087015596827335173e+00
2.986000000000000210e+00 3.092513058767842882e+00
2.999600000000000044e+00 3.098073019507005643e+00
3.013199999999999878e+00 3.103698987782043339e+00
3.026800000000000157e+00 3.109395032811683279e+00
3.040299999999999780e+00 3.115165971232417341e+00
3.053900000000000059e+00 3.121017598234873791e+00
3.067499999999999893e+00 3.126956938156484345e+00
3.080999999999999961e+00 3.132992485062664034e+00
3.094599999999999795e+00 3.139134385775204539e+00
3.108200000000000074e+00 3.145394513007835346e+00
3.121799999999999908e+00 3.151786369260880960e+00
3.135299999999999976e+00 3.158324767662338051e+00
3.148899999999999810e+00 3.165025240779931526e+00
3.162500000000000089e+00 3.171903158760781771e+00
3.176099999999999923e+00 3.178972551507831756e+00
3.189599999999999991e+00 3.186244674554706169e+00
3.203199999999999825e+00 3.193726388388683723e+00
3.216800000000000104e+00 3.201418452981057872e+00
3.230300000000000171e+00 3.209313878502564776e+00
3.243900000000000006e+00 3.217396483587400713e+00
3.257499999999999840e+00 3.225639797029719702e+00
3.271100000000000119e+00 3.234006434826439236e+00
3.284600000000000186e+00 3.242448067300474079e+00
3.298200000000000021e+00 3.250906023472812656e+00
3.311799999999999855e+00 3.259312529969529582e+00
3.325400000000000134e+00 3.267592521647590509e+00
3.338900000000000201e+00 3.275665919897856160e+00
3.352500000000000036e+00 3.283450218779820240e+00
3.366099999999999870e+00 3.290863191678054633e+00
3.379599999999999937e+00 3.297825550987374843e+00
3.393200000000000216e+00 3.304263386535006397e+00
3.406800000000000050e+00 3.310110223680635677e+00
3.420399999999999885e+00 3.315308609267634044e+00
3.433899999999999952e+00 3.319811167039814492e+00
3.447499999999999787e+00 3.323581117704188959e+00
3.461100000000000065e+00 3.326592296798550397e+00
3.474699999999999900e+00 3.328828740712037604e+00
3.488199999999999967e+00 3.330283934528293077e+00
3.501799999999999802e+00 3.330959822676811122e+00
3.515400000000000080e+00 3.330865690421979330e+00
3.528999999999999915e+00 3.330016989331540334e+00
3.542499999999999982e+00 3.328434181660933522e+00
3.556099999999999817e+00 3.326141648936547401e+00
3.569700000000000095e+00 3.323166689816720698e+00
3.583200000000000163e+00 3.319538608775795652e+00
3.596799999999999997e+00 3.315287891928671904e+00
3.610399999999999832e+00 3.310445431986505316e+00
3.624000000000000110e+00 3.305041782799309491e+00
3.637500000000000178e+00 3.299106496022214063e+00
3.651100000000000012e+00 3.292667504440727644e+00
3.664699999999999847e+00 3.285750705335568345e+00
3.678300000000000125e+00 3.278379248144043689e+00
3.691800000000000193e+00 3.270573103532787407e+00
3.705400000000000027e+00 3.262348742324971074e+00
3.718999999999999861e+00 3.253718959043821801e+00
3.732499999999999929e+00 3.244692860158824743e+00
3.746100000000000207e+00 3.235276015650226711e+00
3.759700000000000042e+00 3.225470858184899647e+00
3.773299999999999876e+00 3.215277328973518145e+00
3.786799999999999944e+00 3.204693719132785112e+00
3.800399999999999778e+00 3.193717664653468180e+00
3.814000000000000057e+00 3.182347339604901126e+00
3.827599999999999891e+00 3.170582849771954592e+00
3.841099999999999959e+00 3.158427738192362888e+00
3.854699999999999793e+00 3.145890564875149842e+00
3.868300000000000072e+00 3.132986500920377004e+00
3.881800000000000139e+00 3.119738853540458656e+00
3.895399999999999974e+00 3.106180429082008310e+00
3.908999999999999808e+00 3.092354612599717889e+00
3.922600000000000087e+00 3.078316039226085543e+00
3.936100000000000154e+00 3.064130725886166751e+00
3.949699999999999989e+00 3.049875533640787673e+00
3.963299999999999823e+00 3.035636867796909222e+00
3.976900000000000102e+00 3.021508573372332584e+00
3.990400000000000169e+00 3.007589016390803671e+00
4.003999999999999559e+00 2.993977451969741743e+00
4.017599999999999838e+00 2.980769848780794540e+00
4.031100000000000350e+00 2.968054422814985216e+00
4.044699999999999740e+00 2.955907201032607734e+00
4.058300000000000018e+00 2.944387991430521545e+00
4.071900000000000297e+00 2.933537140970682522e+00
4.085399999999999920e+00 2.923373371018380684e+00
4.099000000000000199e+00 2.913892827131979946e+00
4.112599999999999589e+00 2.905069616011846101e+00
4.126199999999999868e+00 2.896857804667675396e+00
4.139700000000000379e+00 2.889194625245883774e+00
4.153299999999999770e+00 2.882004687771871687e+00
4.166900000000000048e+00 2.875204816761506965e+00
4.180500000000000327e+00 2.868709121143607099e+00
4.193999999999999950e+00 2.862433936984775329e+00
4.207600000000000229e+00 2.856302344560423201e+00
4.221199999999999619e+00 2.850248006565360370e+00
4.234700000000000131e+00 2.844218182591010446e+00
4.248300000000000409e+00 2.838175849809100093e+00
4.261899999999999800e+00 2.832100941273357098e+00
4.275500000000000078e+00 2.825990748655606843e+00
4.288999999999999702e+00 2.819859567803978173e+00
4.302599999999999980e+00 2.813737669835200794e+00
4.316200000000000259e+00 2.807669666570288491e+00
4.329799999999999649e+00 2.801712351578061977e+00
4.343300000000000161e+00 2.795932073832974929e+00
4.356900000000000439e+00 2.790401706982079677e+00
4.370499999999999829e+00 2.785197297809307138e+00
4.384000000000000341e+00 2.780394509475578424e+00
4.397599999999999731e+00 2.776065004414221438e+00
4.411200000000000010e+00 2.772272951172503941e+00
4.424800000000000288e+00 2.769071870960814863e+00
4.438299999999999912e+00 2.766502048189743324e+00
4.451900000000000190e+00 2.764588644658859895e+00
4.465499999999999581e+00 2.763340541060483879e+00
4.479099999999999859e+00 2.762750712898146777e+00
4.492600000000000371e+00 2.762797221456195551e+00
4.506199999999999761e+00 2.763445151010704315e+00
4.519800000000000040e+00 2.764649333382270591e+00
4.533299999999999663e+00 2.766357598154291608e+00
4.546899999999999942e+00 2.768514306525097002e+00
4.560500000000000220e+00 2.771063781096030798e+00
4.574099999999999611e+00 2.773953465058584644e+00
4.587600000000000122e+00 2.777136670627898596e+00
4.601200000000000401e+00 2.780574710992158138e+00
4.614799999999999791e+00 2.784238346837438094e+00
4.628400000000000070e+00 2.788108589892384082e+00
4.641899999999999693e+00 2.792177057206524982e+00
4.655499999999999972e+00 2.796445463340476500e+00
4.669100000000000250e+00 2.800924858923894867e+00
4.682599999999999874e+00 2.805634654910922343e+00
4.696200000000000152e+00 2.810601513313994548e+00
4.709800000000000431e+00 2.815858234741212218e+00
4.723399999999999821e+00 2.821442678832730255e+00
4.736900000000000333e+00 2.827396778168066227e+00
4.750499999999999723e+00 2.833765543845080614e+00
4.764100000000000001e+00 2.840596448822232833e+00
4.777700000000000280e+00 2.847938892859041449e+00
4.791199999999999903e+00 2.855843878775160327e+00
4.804800000000000182e+00 2.864363625488400622e+00
4.818399999999999572e+00 2.873550415283482096e+00
4.831900000000000084e+00 2.883456946563855539e+00
4.845500000000000362e+00 2.894136139911636540e+00
4.859099999999999753e+00 2.905640022149373003e+00
4.872700000000000031e+00 2.918016360585105051e+00
4.886199999999999655e+00 2.931307689754754087e+00
4.899799999999999933e+00 2.945549935559187649e+00
4.913400000000000212e+00 2.960767886186321807e+00
4.926999999999999602e+00 2.976971174168995482e+00
4.940500000000000114e+00 2.994149995967909650e+00
4.954100000000000392e+00 3.012270597223063895e+00
4.967699999999999783e+00 3.031270933781215593e+00
4.981300000000000061e+00 3.051056854609339730e+00
4.994799999999999685e+00 3.071499241927933443e+00
5.008399999999999963e+00 3.092431891714618963e+00
5.022000000000000242e+00 3.113649692693334359e+00
5.035499999999999865e+00 3.134913630117339700e+00
5.049100000000000144e+00 3.155953755675537487e+00
5.062700000000000422e+00 3.176471243975933056e+00
5.076299999999999812e+00 3.196145770278658649e+00
5.089800000000000324e+00 3.214643284495198650e+00
5.103399999999999714e+00 3.231624392276425173e+00
5.116999999999999993e+00 3.246753411657730570e+00
5.130600000000000271e+00 3.259707745193562989e+00
5.144099999999999895e+00 3.270186985819615089e+00
5.157700000000000173e+00 3.277920818387841440e+00
5.171299999999999564e+00 3.282676055562466999e+00
5.184800000000000075e+00 3.284263066542779885e+00
5.198400000000000354e+00 3.282540351104644039e+00
5.211999999999999744e+00 3.277417332653391302e+00
5.225600000000000023e+00 3.268855488586462688e+00
5.239099999999999646e+00 3.256867794364558755e+00
5.252699999999999925e+00 3.241516614175441013e+00
5.266300000000000203e+00 3.222910260118442949e+00
5.279899999999999594e+00 3.201198506369616226e+00
5.293400000000000105e+00 3.176567451466814962e+00
5.307000000000000384e+00 3.149234054179192555e+00
5.320599999999999774e+00 3.119440623244071453e+00
5.334100000000000286e+00 3.087449512520189732e+00
5.347699999999999676e+00 3.053538126460610513e+00
5.361299999999999955e+00 3.017994233310867358e+00
5.374900000000000233e+00 2.981111546663419265e+00
5.388399999999999856e+00 2.943185302556577732e+00
5.402000000000000135e+00 2.904507740466780508e+00
5.415600000000000414e+00 2.865363250928660399e+00
5.429199999999999804e+00 2.826023468682504092e+00
5.442700000000000315e+00 2.786741635560051833e+00
5.456299999999999706e+00 2.747747309526940462e+00
5.469899999999999984e+00 2.709240574845473759e+00
5.483399999999999608e+00 2.671387287390413867e+00
5.496999999999999886e+00 2.634314832225424396e+00
5.510600000000000165e+00 2.598109510211330964e+00
5.524200000000000443e+00 2.562815569212786748e+00
5.537700000000000067e+00 2.528436070323319740e+00
5.551300000000000345e+00 2.494935878321048683e+00
5.564899999999999736e+00 2.462246189839674138e+00
5.578500000000000014e+00 2.430270754870556438e+00
5.591999999999999638e+00 2.398893279534716871e+00
5.605599999999999916e+00 2.367985556934853797e+00
5.619200000000000195e+00 2.337416776538572272e+00
5.632699999999999818e+00 2.307060464518397414e+00
5.646300000000000097e+00 2.276802265859992236e+00
5.659900000000000375e+00 2.246546804617278958e+00
5.673499999999999766e+00 2.216225805502974655e+00
5.687000000000000277e+00 2.185800914348907220e+00
5.700599999999999667e+00 2.155265343158167202e+00
5.714199999999999946e+00 2.124647482615639404e+00
5.727800000000000225e+00 2.094011026303548739e+00
5.741299999999999848e+00 2.063453430730796345e+00
5.754900000000000126e+00 2.033102972493889826e+00
5.768500000000000405e+00 2.003114537724113298e+00
5.782099999999999795e+00 1.973663931848683051e+00
5.795600000000000307e+00 1.944940231502226613e+00
5.809199999999999697e+00 1.917138026280308383e+00
5.822799999999999976e+00 1.890452167143691131e+00
5.836299999999999599e+00 1.865063715961887469e+00
5.849899999999999878e+00 1.841132073609105024e+00
5.863500000000000156e+00 1.818792561673618913e+00
5.877100000000000435e+00 1.798147844352573799e+00
5.890600000000000058e+00 1.779262795409209064e+00
5.904200000000000337e+00 1.762162096614190654e+00
5.917799999999999727e+00 1.746829968032190372e+00
5.931400000000000006e+00 1.733212019040420104e+00
5.944899999999999629e+00 1.721219421271064975e+00
5.958499999999999908e+00 1.710736187917308193e+00
5.972100000000000186e+00 1.701627984086375722e+00
5.985599999999999810e+00 1.693750921414200139e+00
5.999200000000000088e+00 1.686961847037590667e+00
6.012800000000000367e+00 1.681128772429816731e+00
6.026399999999999757e+00 1.676140244450844197e+00
6.039900000000000269e+00 1.671913099112048773e+00
6.053499999999999659e+00 1.668397965292490959e+00
6.067099999999999937e+00 1.665582003148212031e+00
6.080700000000000216e+00 1.663488550709904867e+00
6.094199999999999839e+00 1.662173603939941735e+00
6.107800000000000118e+00 1.661719345869862474e+00
6.121400000000000396e+00 1.662225185611404310e+00
6.134900000000000020e+00 1.663797029351039569e+00
6.148500000000000298e+00 1.666535728113405890e+00
6.162099999999999689e+00 1.670525799852894622e+00
6.175699999999999967e+00 1.675825498185406603e+00
6.189199999999999591e+00 1.682459612140601024e+00
6.202799999999999869e+00 1.690416682120835512e+00
6.216400000000000148e+00 1.699654259984792137e+00
6.230000000000000426e+00 1.710081744593738851e+00
6.243500000000000050e+00 1.721562198167528424e+00
6.257100000000000328e+00 1.733967997533576666e+00
6.270699999999999719e+00 1.747151822102724683e+00
6.284200000000000230e+00 1.760966251813539829e+00
6.297799999999999621e+00 1.775275359538565967e+00
6.311399999999999899e+00 1.789962944839562642e+00
6.325000000000000178e+00 1.804938610117900577e+00
6.338499999999999801e+00 1.820140871079506173e+00
6.352100000000000080e+00 1.835536890381654906e+00
6.365700000000000358e+00 1.851118438755866125e+00
6.379299999999999748e+00 1.866894326599091380e+00
6.392800000000000260e+00 1.882879514836656387e+00
6.406399999999999650e+00 1.899081388976944229e+00
6.419999999999999929e+00 1.915484436508746668e+00
6.433500000000000441e+00 1.932034221787628514e+00
6.447099999999999831e+00 1.948621963072141527e+00
6.460700000000000109e+00 1.965072588732927894e+00
6.474300000000000388e+00 1.981137296630778089e+00
6.487800000000000011e+00 1.996493457281979689e+00
6.501400000000000290e+00 2.010751265629349582e+00
6.514999999999999680e+00 2.023468511546059112e+00
6.528599999999999959e+00 2.034172262808432663e+00
6.542099999999999582e+00 2.042385829901939065e+00
6.555699999999999861e+00 2.047658765024038097e+00
6.569300000000000139e+00 2.049597238125481002e+00
6.582900000000000418e+00 2.047892652144260417e+00
6.596400000000000041e+00 2.042346546038690036e+00
6.610000000000000320e+00 2.032885377726294074e+00
6.623599999999999710e+00 2.019576030731233818e+00
6.637100000000000222e+00 2.002624706695539381e+00
6.650699999999999612e+00 1.982372681537495795e+00
6.664299999999999891e+00 1.959283078591315119e+00
6.677900000000000169e+00 1.933920740133129534e+00
6.691399999999999793e+00 1.906926506248615372e+00
6.705000000000000071e+00 1.878986755690296606e+00
6.718600000000000350e+00 1.850800409652625378e+00
6.732199999999999740e+00 1.823045305577924768e+00
6.745700000000000252e+00 1.796345555945536798e+00
6.759299999999999642e+00 1.771241964096620602e+00
6.772899999999999920e+00 1.748167394525308893e+00
6.786400000000000432e+00 1.727428793349180314e+00
6.799999999999999822e+00 1.709197202676614902e+00
6.813600000000000101e+00 1.693506597200335584e+00
6.827200000000000379e+00 1.680261635052632929e+00
6.840700000000000003e+00 1.669253758175045954e+00
6.854300000000000281e+00 1.660183979198361470e+00
6.867899999999999672e+00 1.652690082594461263e+00
6.881499999999999950e+00 1.646375737470526790e+00
6.894999999999999574e+00 1.640838768607916665e+00
6.908599999999999852e+00 1.635696292212828640e+00
6.922200000000000131e+00 1.630605026430470561e+00
6.935699999999999754e+00 1.625276007918047272e+00
6.949300000000000033e+00 1.619481685488866951e+00
6.962900000000000311e+00 1.613060526468205413e+00
6.976499999999999702e+00 1.605912991392290490e+00
6.990000000000000213e+00 1.597995688474595166e+00
7.003599999999999604e+00 1.589311620484957333e+00
7.017199999999999882e+00 1.579896379316339194e+00
7.030800000000000161e+00 1.569823023416526242e+00
7.044299999999999784e+00 1.559186693275145252e+00
7.057900000000000063e+00 1.548054107647092614e+00
7.071500000000000341e+00 1.536506834841161240e+00
7.084999999999999964e+00 1.524617399844909738e+00
7.098600000000000243e+00 1.512444986712170980e+00
7.112199999999999633e+00 1.500034547536416074e+00
7.125799999999999912e+00 1.487417904827572190e+00
7.139300000000000423e+00 1.474616568357721258e+00
7.152899999999999814e+00 1.461645806870616848e+00
7.166500000000000092e+00 1.448519568408018765e+00
7.180100000000000371e+00 1.435255381274016528e+00
7.193599999999999994e+00 1.421878811727748104e+00
7.207200000000000273e+00 1.408426942053520925e+00
7.220799999999999663e+00 1.394950581850367133e+00
7.234399999999999942e+00 1.381515031140551963e+00
7.247899999999999565e+00 1.368199194755339132e+00
7.261499999999999844e+00 1.355093231052920233e+00
7.275100000000000122e+00 1.342295458041430800e+00
7.288599999999999746e+00 1.329907356132859597e+00
7.302200000000000024e+00 1.318029076666436428e+00
7.315800000000000303e+00 1.306753851620575890e+00
7.329399999999999693e+00 1.296163445624772148e+00
7.342900000000000205e+00 1.286324057523874576e+00
7.356499999999999595e+00 1.277283191729102763e+00
7.370099999999999874e+00 1.269067722887706084e+00
7.383700000000000152e+00 1.261683161644046702e+00
7.397199999999999775e+00 1.255113641634147736e+00
7.410800000000000054e+00 1.249325785932135169e+00
7.424400000000000333e+00 1.244267467863431786e+00
7.437899999999999956e+00 1.239874388154954321e+00
7.451500000000000234e+00 1.236072102298346742e+00
7.465099999999999625e+00 1.232779587447192293e+00
7.478699999999999903e+00 1.229912538883705553e+00
7.492200000000000415e+00 1.227386160259241965e+00
7.505799999999999805e+00 1.225117809155979787e+00
7.519400000000000084e+00 1.223028724351256757e+00
7.533000000000000362e+00 1.221045054232731575e+00
7.546499999999999986e+00 1.219098544871326517e+00
7.560100000000000264e+00 1.217126592112177441e+00
7.573699999999999655e+00 1.215071984530233573e+00
7.587200000000000166e+00 1.212882341673133135e+00
7.600799999999999557e+00 1.210509433953227409e+00
7.614399999999999835e+00 1.207908448257209999e+00
7.628000000000000114e+00 1.205037548131400849e+00
7.641499999999999737e+00 1.201857524178378878e+00
7.655100000000000016e+00 1.198331938824749532e+00
7.668700000000000294e+00 1.194427802286698537e+00
7.682299999999999685e+00 1.190116102658796304e+00
7.695800000000000196e+00 1.185374799665109169e+00
7.709399999999999586e+00 1.180189505138091288e+00
7.722999999999999865e+00 1.174555312321978295e+00
7.736500000000000377e+00 1.168478246093729300e+00
7.750099999999999767e+00 1.161977537211923650e+00
7.763700000000000045e+00 1.155083543048553540e+00
7.777300000000000324e+00 1.147839420631540763e+00
7.790799999999999947e+00 1.140298564852318286e+00
7.804400000000000226e+00 1.132522350616715023e+00
7.817999999999999616e+00 1.124576351151900244e+00
7.831599999999999895e+00 1.116526428326594989e+00
7.845100000000000406e+00 1.108434127519492218e+00
7.858699999999999797e+00 1.100354038387923339e+00
7.872300000000000075e+00 1.092326505618036459e+00
7.885799999999999699e+00 1.084377759238833061e+00
7.899399999999999977e+00 1.076516675503455200e+00
7.913000000000000256e+00 1.068734121858570862e+00
7.926599999999999646e+00 1.061004261950805772e+00
7.940100000000000158e+00 1.053284133517158327e+00
7.953700000000000436e+00 1.045518868921925471e+00
7.967299999999999827e+00 1.037645466592875154e+00
7.980900000000000105e+00 1.029598496917516925e+00
7.994399999999999729e+00 1.021312972308110023e+00
8.007999999999999119e+00 1.012730107534474566e+00
8.021599999999999397e+00 1.003801202144715576e+00
8.035199999999999676e+00 9.944909594673575493e-01
8.048700000000000188e+00 9.847795938952488282e-01
8.062300000000000466e+00 9.746636602612565037e-01
8.075900000000000745e+00 9.641555597344437789e-01
8.089399999999999480e+00 9.532817460359962469e-01
8.102999999999999758e+00 9.420795096178369299e-01
8.116600000000000037e+00 9.305938963993775070e-01
8.130200000000000315e+00 9.188730759326746433e-01
8.143700000000000827e+00 9.069640208844914619e-01
8.157299999999999329e+00 8.949084781510141529e-01
8.170899999999999608e+00 8.827396493559180879e-01
8.184499999999999886e+00 8.704799634634590166e-01
8.198000000000000398e+00 8.581402865455185491e-01
8.211600000000000676e+00 8.457210665787263659e-01
8.225199999999999179e+00 8.332119216583621091e-01
8.238699999999999690e+00 8.205986405169007902e-01
8.252299999999999969e+00 8.078660818647201980e-01
8.265900000000000247e+00 7.950033378869070244e-01
8.279500000000000526e+00 7.820088451056164125e-01
8.292999999999999261e+00 7.688948945824846115e-01
8.306599999999999540e+00 7.556910636328192377e-01
8.320199999999999818e+00 7.424460705393182147e-01
8.333800000000000097e+00 7.292278912028362647e-01
8.347300000000000608e+00 7.161220187498337220e-01
8.360900000000000887e+00 7.032281780929745540e-01
8.374499999999999389e+00 6.906555412306458752e-01
8.387999999999999901e+00 6.785170954375333574e-01
8.401600000000000179e+00 6.669236666465209185e-01
8.415200000000000458e+00 6.559787355995172486e-01
8.428800000000000736e+00 6.457711223186297644e-01
8.442299999999999471e+00 6.363745199461231516e-01
8.455899999999999750e+00 6.278427375997035487e-01
8.469500000000000028e+00 6.202094203271674155e-01
8.483100000000000307e+00 6.134890463000870486e-01
8.496600000000000819e+00 6.076768381454618062e-01
8.510199999999999321e+00 6.027533238182863906e-01
8.523799999999999599e+00 5.986872611203162275e-01
8.537300000000000111e+00 5.954388429103287805e-01
8.550900000000000389e+00 5.929630433336110507e-01
8.564500000000000668e+00 5.912125240791723524e-01
8.578099999999999170e+00 5.901399515760459291e-01
8.591599999999999682e+00 5.896995900426653670e-01
8.605199999999999960e+00 5.898481794815426671e-01
8.618800000000000239e+00 5.905457721412857852e-01
8.632400000000000517e+00 5.917554796234619774e-01
8.645899999999999253e+00 5.934432156252295032e-01
8.659499999999999531e+00 5.955772784449694379e-01
8.673099999999999810e+00 5.981278666579152858e-01
8.686600000000000321e+00 6.010666019294970130e-01
8.700200000000000600e+00 6.043660978681506535e-01
8.713800000000000878e+00 6.079995339673818222e-01
8.727399999999999380e+00 6.119392553525080380e-01
8.740899999999999892e+00 6.161591881610204435e-01
8.754500000000000171e+00 6.206324256318869192e-01
8.768100000000000449e+00 6.253298674878788876e-01
8.781700000000000728e+00 6.302195251353653882e-01
8.795199999999999463e+00 6.352686253521686588e-01
8.808799999999999741e+00 6.404408530572307523e-01
8.822400000000000020e+00 6.456960992701161750e-01
8.836000000000000298e+00 6.509896255430613898e-01
8.849500000000000810e+00 6.562717020055248707e-01
8.863099999999999312e+00 6.614873873071236421e-01
8.876699999999999591e+00 6.665765941668180261e-01
8.890200000000000102e+00 6.714741746318982907e-01
8.903800000000000381e+00 6.761107944393432989e-01
8.917400000000000659e+00 6.804133456980588912e-01
8.930999999999999162e+00 6.843060987386320182e-01
8.944499999999999673e+00 6.877119966110468718e-01
8.958099999999999952e+00 6.905542338585722861e-01
8.971700000000000230e+00 6.927581541232459283e-01
8.985300000000000509e+00 6.942534580646504416e-01
8.998799999999999244e+00 6.949766998405207952e-01
9.012399999999999523e+00 6.948740624369268426e-01
9.025999999999999801e+00 6.939041862658039683e-01
9.039500000000000313e+00 6.920409981351953732e-01
9.053100000000000591e+00 6.892762470840742006e-01
9.066700000000000870e+00 6.856214866082163129e-01
9.080299999999999372e+00 6.811095849935211444e-01
9.093799999999999883e+00 6.757951198068249399e-01
9.107400000000000162e+00 6.697539093768070106e-01
9.121000000000000441e+00 6.630815337136406473e-01
9.134600000000000719e+00 6.558908517012629336e-01
9.148099999999999454e+00 6.483087073315394466e-01
9.161699999999999733e+00 6.404720073303288297e-01
9.175300000000000011e+00 6.325234057153406031e-01
9.188800000000000523e+00 6.246068689900645676e-01
9.202400000000000801e+00 6.168633566439800653e-01
9.215999999999999304e+00 6.094265387015191937e-01
9.229599999999999582e+00 6.024204958497740847e-01
9.243100000000000094e+00 5.959545741385328110e-01
9.256700000000000372e+00 5.901242890105240502e-01
9.270300000000000651e+00 5.850077691514428135e-01
9.283899999999999153e+00 5.806654248171054800e-01
9.297399999999999665e+00 5.771397267193338898e-01
9.310999999999999943e+00 5.744553193573256333e-01
9.324600000000000222e+00 5.726234205181490733e-01
9.338100000000000733e+00 5.716306920879226094e-01
9.351699999999999235e+00 5.714516098249042830e-01
9.365299999999999514e+00 5.720463961274921960e-01
9.378899999999999793e+00 5.733624626903439658e-01
9.392400000000000304e+00 5.753360915953431576e-01
9.406000000000000583e+00 5.778945948304660130e-01
9.419600000000000861e+00 5.809589640920449494e-01
9.433199999999999363e+00 5.844466804700757523e-01
9.446699999999999875e+00 5.882749797071631370e-01
9.460300000000000153e+00 5.923641246767550328e-01
9.473900000000000432e+00 5.966406151633039112e-01
9.487399999999999167e+00 6.010399012817277953e-01
9.500999999999999446e+00 6.055082984631698917e-01
9.514599999999999724e+00 6.100038000713896569e-01
9.528200000000000003e+00 6.144957412898720550e-01
9.541700000000000514e+00 6.189623199562934719e-01
9.555300000000000793e+00 6.233859349067489841e-01
9.568899999999999295e+00 6.277509022966303309e-01
9.582499999999999574e+00 6.320369992941723414e-01
9.596000000000000085e+00 6.362141521016765333e-01
9.609600000000000364e+00 6.402381682368428750e-01
9.623200000000000642e+00 6.440480558284745749e-01
9.636799999999999145e+00 6.475657367563952826e-01
9.650299999999999656e+00 6.506982991399754557e-01
9.663899999999999935e+00 6.533429626384970046e-01
9.677500000000000213e+00 6.553942021588174960e-01
9.691000000000000725e+00 6.567527300860873662e-01
9.704599999999999227e+00 6.573329199224172692e-01
9.718199999999999505e+00 6.570720010882437068e-01
9.731799999999999784e+00 6.559366409580758006e-01
9.745300000000000296e+00 6.539257561777118699e-01
9.758900000000000574e+00 6.510716961784888124e-01
9.772500000000000853e+00 6.474382129233184902e-01
9.786099999999999355e+00 6.431164217671814232e-01
9.799599999999999866e+00 6.382162908134443313e-01
9.813200000000000145e+00 6.328616122412655809e-01
9.826800000000000423e+00 6.271805271473130938e-01
9.840299999999999159e+00 6.212984137435768606e-01
9.853899999999999437e+00 6.153316259792178666e-01
9.867499999999999716e+00 6.093828888414721812e-01
9.881099999999999994e+00 6.035383315544502469e-01
9.894600000000000506e+00 5.978666747521700353e-01
9.908200000000000784e+00 5.924197876118231232e-01
9.921799999999999287e+00 5.872347007504181704e-01
9.935399999999999565e+00 5.823363067538813720e-01
9.948900000000000077e+00 5.777403941983765279e-01
9.962500000000000355e+00 5.734566198191408670e-01
9.976100000000000634e+00 5.694910851605199387e-01
9.989599999999999369e+00 5.658482000498312736e-01
1.000319999999999965e+01 5.625318806957633200e-01
1.001679999999999993e+01 5.595460234057091364e-01
1.003040000000000020e+01 5.568948871172146875e-01
1.004390000000000072e+01 5.545807842253368536e-01
1.005749999999999922e+01 5.526041889076747093e-01
1.007109999999999950e+01 5.509632003461588656e-01
1.008469999999999978e+01 5.496515182511318987e-01
1.009820000000000029e+01 5.486573985375030604e-01
1.011180000000000057e+01 5.479627456319875467e-01
1.012540000000000084e+01 5.475403794592406115e-01
1.013889999999999958e+01 5.473644210883961136e-01
1.015249999999999986e+01 5.473963971288269281e-01
1.016610000000000014e+01 5.475927705175238636e-01
1.017970000000000041e+01 5.479064616758951844e-01
1.019319999999999915e+01 5.482886781290887690e-01
1.020679999999999943e+01 5.486909284424577038e-01
1.022039999999999971e+01 5.490665386230817457e-01
1.023399999999999999e+01 5.493729777000380121e-01
1.024750000000000050e+01 5.495734120718275273e-01
1.026110000000000078e+01 5.496382868435505387e-01
1.027469999999999928e+01 5.495459104865467737e-01
1.028829999999999956e+01 5.492828637929886293e-01
1.030180000000000007e+01 5.488437547522238003e-01
1.031540000000000035e+01 5.482303994881966291e-01
1.032900000000000063e+01 5.474506738688875718e-01
1.034249999999999936e+01 5.465166978007924836e-01
1.035609999999999964e+01 5.454429553985009616e-01
1.036969999999999992e+01 5.442441835656663951e-01
1.038330000000000020e+01 5.429332386563588964e-01
1.039680000000000071e+01 5.415192119734590914e-01
1.041039999999999921e+01 5.400054271261278682e-01
1.042399999999999949e+01 5.383881163795816160e-01
1.043759999999999977e+01 5.366554512919391451e-01
1.045110000000000028e+01 5.347871066723828282e-01
1.046470000000000056e+01 5.327544743147749617e-01
1.047830000000000084e+01 5.305215052261780251e-01
1.049179999999999957e+01 5.280459894257982789e-01
1.050539999999999985e+01 5.252825926440831683e-01
1.051900000000000013e+01 5.221843327966968484e-01
1.053260000000000041e+01 5.187052975620228823e-01
1.054609999999999914e+01 5.148048806716587489e-01
1.055969999999999942e+01 5.104502439756980481e-01
1.057329999999999970e+01 5.056191279038813047e-01
1.058689999999999998e+01 5.003018320214410730e-01
1.060040000000000049e+01 4.945047218249206122e-01
1.061400000000000077e+01 4.882481295056256831e-01
1.062759999999999927e+01 4.815686603129497034e-01
1.064109999999999978e+01 4.745177486949512247e-01
1.065470000000000006e+01 4.671600401027485860e-01
1.066830000000000034e+01 4.595710960024605995e-01
1.068190000000000062e+01 4.518344804147645388e-01
1.069539999999999935e+01 4.440379804281436305e-01
1.070899999999999963e+01 4.362708304951420368e-01
1.072259999999999991e+01 4.286199461203823446e-01
1.073620000000000019e+01 4.211666443341749444e-01
1.074970000000000070e+01 4.139839766750076366e-01
1.076329999999999920e+01 4.071345265186397944e-01
1.077689999999999948e+01 4.006688523591151463e-01
1.079039999999999999e+01 3.946247135260530503e-01
1.080400000000000027e+01 3.890269143916189609e-01
1.081760000000000055e+01 3.838877848428319250e-01
1.083120000000000083e+01 3.792082214192654677e-01
1.084469999999999956e+01 3.749792198308369295e-01
1.085829999999999984e+01 3.711836127095560212e-01
1.087190000000000012e+01 3.677979274002013410e-01
1.088550000000000040e+01 3.647942787122714359e-01
1.089899999999999913e+01 3.621421605936566701e-01
1.091259999999999941e+01 3.598100675651677571e-01
1.092619999999999969e+01 3.577669555248471633e-01
1.093970000000000020e+01 3.559834634921907881e-01
1.095330000000000048e+01 3.544327028885280173e-01
1.096690000000000076e+01 3.530910034400396857e-01
1.098049999999999926e+01 3.519385770557973414e-01
1.099399999999999977e+01 3.509599856052506572e-01
1.100760000000000005e+01 3.501447458931924439e-01
1.102120000000000033e+01 3.494878009486541703e-01
1.103480000000000061e+01 3.489890966390381544e-01
1.104829999999999934e+01 3.486537599567435253e-01
1.106189999999999962e+01 3.484917697534514192e-01
1.107549999999999990e+01 3.485178871824697877e-01
1.108910000000000018e+01 3.487508013942829388e-01
1.110260000000000069e+01 3.492121364305632025e-01
1.111619999999999919e+01 3.499251748543075746e-01
1.112979999999999947e+01 3.509131497393648269e-01
1.114329999999999998e+01 3.521976016407016297e-01
1.115690000000000026e+01 3.537962421281089509e-01
1.117050000000000054e+01 3.557208692977212316e-01
1.118410000000000082e+01 3.579753158807000291e-01
1.119759999999999955e+01 3.605535791269006696e-01
1.121119999999999983e+01 3.634385294481183859e-01
1.122480000000000011e+01 3.666009110209017541e-01
1.123840000000000039e+01 3.699992450011096445e-01
1.125189999999999912e+01 3.735806064180645647e-01
1.126549999999999940e+01 3.772822730213183928e-01
1.127909999999999968e+01 3.810343402019471526e-01
1.129260000000000019e+01 3.847631380269541101e-01
1.130620000000000047e+01 3.883951445726466223e-01
1.131980000000000075e+01 3.918612252898145965e-01
1.133339999999999925e+01 3.951022310762040135e-01
1.134689999999999976e+01 3.980668391838449449e-01
1.136050000000000004e+01 4.007224397444302255e-01
1.137410000000000032e+01 4.030523716728374173e-01
1.138770000000000060e+01 4.050550825292523749e-01
1.140119999999999933e+01 4.067477069420136759e-01
1.141479999999999961e+01 4.081620426647536437e-01
1.142839999999999989e+01 4.093424575381663377e-01
1.144190000000000040e+01 4.103427606776143266e-01
1.145550000000000068e+01 4.112225319844645677e-01
1.146909999999999918e+01 4.120432241863574152e-01
1.148269999999999946e+01 4.128644240078090943e-01
1.149619999999999997e+01 4.137407412272257057e-01
1.150980000000000025e+01 4.147179995788325968e-01
1.152340000000000053e+01 4.158315638014736249e-01
1.153700000000000081e+01 4.171049726395021917e-01
1.155049999999999955e+01 4.185491836022233736e-01
1.156409999999999982e+01 4.201628547046484252e-01
1.157770000000000010e+01 4.219333835930841881e-01
1.159120000000000061e+01 4.238387693676649026e-01
1.160479999999999912e+01 4.258502694075057549e-01
1.161839999999999939e+01 4.279335361257826098e-01
1.163199999999999967e+01 4.300533182040736646e-01
1.164550000000000018e+01 4.321752397658281675e-01
1.165910000000000046e+01 4.342683083957031287e-01
1.167270000000000074e+01 4.363070696042045116e-01
1.168629999999999924e+01 4.382731629827565367e-01
1.169979999999999976e+01 4.401562815494149961e-01
1.171340000000000003e+01 4.419545086218590879e-01
1.172700000000000031e+01 4.436738814693138022e-01
1.174050000000000082e+01 4.453275442073268420e-01
1.175409999999999933e+01 4.469345059685103649e-01
1.176769999999999960e+01 4.485177778944833271e-01
1.178129999999999988e+01 4.501022433184173055e-01
1.179480000000000040e+01 4.517124263794332073e-01
1.180840000000000067e+01 4.533704968218895681e-01
1.182199999999999918e+01 4.550948199168721175e-01
1.183559999999999945e+01 4.568983873917432104e-01
1.184909999999999997e+01 4.587879094671410418e-01
1.186270000000000024e+01 4.607634592770623039e-01
1.187630000000000052e+01 4.628186869121999614e-01
1.188990000000000080e+01 4.649415523794664939e-01
1.190339999999999954e+01 4.671155416566801777e-01
1.191699999999999982e+01 4.693212080408851183e-01
1.193060000000000009e+01 4.715379159566437384e-01
1.194410000000000061e+01 4.737456085243538784e-01
1.195770000000000088e+01 4.759264769593191113e-01
1.197129999999999939e+01 4.780663690102538443e-01
1.198489999999999966e+01 4.801558463745996819e-01
1.199840000000000018e+01 4.821908177862904155e-01
1.201200000000000045e+01 4.841726905458350605e-01
1.202560000000000073e+01 4.861081039245522817e-01
1.203919999999999924e+01 4.880081832930701080e-01
1.205269999999999975e+01 4.898874454267188594e-01
1.206630000000000003e+01 4.917624551706574754e-01
1.207990000000000030e+01 4.936502635985852150e-01
1.209340000000000082e+01 4.955668126876693336e-01
1.210699999999999932e+01 4.975253792247219531e-01
1.212059999999999960e+01 4.995351447452778260e-01
1.213419999999999987e+01 5.015994708013572501e-01
1.214770000000000039e+01 5.037190636755481954e-01
1.216130000000000067e+01 5.058838862888006549e-01
1.217489999999999917e+01 5.080796587723016566e-01
1.218849999999999945e+01 5.102877046001279560e-01
1.220199999999999996e+01 5.124819665406818991e-01
1.221560000000000024e+01 5.146334181033913602e-01
1.222920000000000051e+01 5.167104293120161618e-01
1.224269999999999925e+01 5.186800396930157930e-01
1.225629999999999953e+01 5.205095723343202696e-01
1.226989999999999981e+01 5.221683684905717993e-01
1.228350000000000009e+01 5.236287655337622526e-01
1.229700000000000060e+01 5.248674377560911264e-01
1.231060000000000088e+01 5.258663241265453259e-01
1.232419999999999938e+01 5.266132983851383731e-01
1.233779999999999966e+01 5.271025517777119251e-01
1.235130000000000017e+01 5.273346437236583473e-01
1.236490000000000045e+01 5.273162495557355278e-01
1.237850000000000072e+01 5.270596549998540770e-01
1.239199999999999946e+01 5.265819178113848587e-01
1.240559999999999974e+01 5.259037933113039909e-01
1.241920000000000002e+01 5.250496759796041690e-01
1.243280000000000030e+01 5.240446541258829694e-01
1.244630000000000081e+01 5.229147530208713146e-01
1.245989999999999931e+01 5.216857384530647623e-01
1.247349999999999959e+01 5.203823839828310982e-01
1.248709999999999987e+01 5.190273929733929537e-01
1.250060000000000038e+01 5.176418663923008090e-01
1.251420000000000066e+01 5.162453560278592590e-01
1.252779999999999916e+01 5.148549946160609903e-01
1.254139999999999944e+01 5.134880745937034918e-01
1.255489999999999995e+01 5.121613600130816568e-01
1.256850000000000023e+01 5.108922003658671329e-01
1.258210000000000051e+01 5.096991409455235988e-01
1.259559999999999924e+01 5.086024171379361913e-01
1.260919999999999952e+01 5.076238882822965426e-01
1.262279999999999980e+01 5.067869956347400562e-01
1.263640000000000008e+01 5.061160163101245946e-01
1.264990000000000059e+01 5.056350588036526705e-01
1.266350000000000087e+01 5.053667274771569407e-01
1.267709999999999937e+01 5.053305864422465987e-01
1.269069999999999965e+01 5.055415677556445164e-01
1.270420000000000016e+01 5.060084499794024193e-01
1.271780000000000044e+01 5.067326382221117864e-01
1.273140000000000072e+01 5.077073542789191096e-01
1.274489999999999945e+01 5.089173651143045207e-01
1.275849999999999973e+01 5.103394454120515622e-01
1.277210000000000001e+01 5.119433438620697441e-01
1.278570000000000029e+01 5.136935902805468412e-01
1.279920000000000080e+01 5.155516570521945230e-01
1.281279999999999930e+01 5.174785012398983586e-01
1.282639999999999958e+01 5.194371084082939349e-01
1.283999999999999986e+01 5.213950278110435210e-01
1.285350000000000037e+01 5.233262883864543413e-01
1.286710000000000065e+01 5.252127888115506460e-01
1.288069999999999915e+01 5.270449919773561032e-01
1.289419999999999966e+01 5.288217379966592135e-01
1.290779999999999994e+01 5.305493137021942696e-01
1.292140000000000022e+01 5.322397365839443006e-01
1.293500000000000050e+01 5.339085748920916474e-01
1.294849999999999923e+01 5.355724353255169046e-01
1.296209999999999951e+01 5.372463223648336061e-01
1.297569999999999979e+01 5.389412426376902765e-01
1.298930000000000007e+01 5.406622453141967100e-01
1.300280000000000058e+01 5.424070794714375143e-01
1.301640000000000086e+01 5.441655383385897160e-01
1.302999999999999936e+01 5.459197198117521355e-01
1.304349999999999987e+01 5.476449221998314076e-01
1.305710000000000015e+01 5.493110437576709248e-01
1.307070000000000043e+01 5.508843091161328420e-01
1.308430000000000071e+01 5.523297827393540693e-01
1.309779999999999944e+01 5.536132280769001657e-01
1.311139999999999972e+01 5.547030318810270977e-01
1.312500000000000000e+01 5.555717140181017921e-01
1.313860000000000028e+01 5.561966401092208745e-01
1.315210000000000079e+01 5.565615303816981996e-01
1.316569999999999929e+01 5.566560389890446992e-01
1.317929999999999957e+01 5.564758642450906567e-01
1.319280000000000008e+01 5.560223509017168109e-01
1.320640000000000036e+01 5.553019401788643616e-01
1.322000000000000064e+01 5.543255512229479098e-01
1.323359999999999914e+01 5.531079739967357245e-01
1.324709999999999965e+01 5.516671520996809797e-01
1.326069999999999993e+01 5.500237838667259016e-01
1.327430000000000021e+01 5.482008250955459072e-01
1.328790000000000049e+01 5.462231032472334435e-01
1.330139999999999922e+01 5.441166859910986364e-01
1.331499999999999950e+01 5.419084816144731365e-01
1.332859999999999978e+01 5.396264205472984798e-01
1.334220000000000006e+01 5.372968107682207783e-01
1.335570000000000057e+01 5.349451634241944031e-01
1.336930000000000085e+01 5.325945836545507017e-01
1.338289999999999935e+01 5.302647619803118051e-01
1.339639999999999986e+01 5.279710451126585768e-01
1.341000000000000014e+01 5.257236455979639178e-01
1.342360000000000042e+01 5.235271319229730658e-01
1.343720000000000070e+01 5.213803717844670560e-01
1.345069999999999943e+01 5.192768263104778903e-01
1.346429999999999971e+01 5.172052454824261902e-01
1.347789999999999999e+01 5.151507845309410971e-01
1.349150000000000027e+01 5.130963665235190874e-01
1.350500000000000078e+01 5.110241569965279229e-01
1.351859999999999928e+01 5.089169272883544703e-01
1.353219999999999956e+01 5.067592563441986053e-01
1.354570000000000007e+01 5.045384383900783920e-01
1.355930000000000035e+01 5.022448182114694903e-01
1.357290000000000063e+01 4.998721027732039301e-01
1.358649999999999913e+01 4.974167369438884378e-01
1.359999999999999964e+01 4.948772660653695254e-01
1.361359999999999992e+01 4.922537956745032250e-01
1.362720000000000020e+01 4.895467190601934804e-01
1.364080000000000048e+01 4.867559529362498472e-01
1.365429999999999922e+01 4.838803788378920889e-01
1.366789999999999949e+01 4.809174231036802416e-01
1.368149999999999977e+01 4.778629123010789681e-01
1.369500000000000028e+01 4.747113415268001124e-01
1.370860000000000056e+01 4.714564507162167795e-01
1.372220000000000084e+01 4.680920825061994361e-01
1.373579999999999934e+01 4.646131614679545052e-01
1.374929999999999986e+01 4.610168957092800057e-01
1.376290000000000013e+01 4.573040162283326659e-01
1.377650000000000041e+01 4.534799314779778823e-01
1.379010000000000069e+01 4.495557917549500293e-01
1.380359999999999943e+01 4.455493729577076900e-01
1.381719999999999970e+01 4.414857644729459629e-01
1.383079999999999998e+01 4.373975903704401813e-01
1.384430000000000049e+01 4.333250740102559395e-01
1.385790000000000077e+01 4.293156086314458553e-01
1.387149999999999928e+01 4.254231013244276771e-01
1.388509999999999955e+01 4.217065765920995357e-01
1.389860000000000007e+01 4.182289596050455804e-01
1.391220000000000034e+01 4.150551066749640361e-01
1.392580000000000062e+01 4.122498955820880218e-01
1.393939999999999912e+01 4.098763966500493794e-01
1.395289999999999964e+01 4.079926695461336128e-01
1.396649999999999991e+01 4.066505888347761166e-01
1.398010000000000019e+01 4.058934911680712188e-01
1.399360000000000070e+01 4.057540129309048504e-01
1.400719999999999921e+01 4.062534928672767442e-01
1.402079999999999949e+01 4.074005565065560441e-01
1.403439999999999976e+01 4.091910567887047101e-01
1.404790000000000028e+01 4.116085849788098106e-01
1.406150000000000055e+01 4.146251907651442026e-01
1.407510000000000083e+01 4.182030885397663988e-01
1.408869999999999933e+01 4.222968344091728721e-01
1.410219999999999985e+01 4.268544212375356972e-01
1.411580000000000013e+01 4.318200115898485625e-01
1.412940000000000040e+01 4.371359150722805009e-01
1.414300000000000068e+01 4.427442167914732440e-01
1.415649999999999942e+01 4.485881578082168142e-01
1.417009999999999970e+01 4.546130635371580242e-01
1.418369999999999997e+01 4.607670920481754528e-01
1.419720000000000049e+01 4.670016164822666238e-01
1.421080000000000076e+01 4.732715451857165689e-01
1.422439999999999927e+01 4.795353863084624857e-01
1.423799999999999955e+01 4.857552487586278556e-01
1.425150000000000006e+01 4.918973559800435269e-01
1.426510000000000034e+01 4.979320230255475654e-01
1.427870000000000061e+01 5.038339038181930407e-01
1.429229999999999912e+01 5.095820938135028344e-01
1.430579999999999963e+01 5.151603658671014552e-01
1.431939999999999991e+01 5.205573057146863913e-01
1.433300000000000018e+01 5.257659164962125153e-01
1.434650000000000070e+01 5.307830093990806297e-01
1.436009999999999920e+01 5.356096483024870292e-01
1.437369999999999948e+01 5.402499852020901105e-01
1.438729999999999976e+01 5.447083676545637632e-01
1.440080000000000027e+01 5.489922571939903628e-01
1.441440000000000055e+01 5.531081339457046830e-01
1.442800000000000082e+01 5.570619069556880243e-01
1.444159999999999933e+01 5.608579295349391813e-01
1.445509999999999984e+01 5.644986043520234809e-01
1.446870000000000012e+01 5.679843295961403138e-01
1.448230000000000040e+01 5.713138251349647589e-01
1.449579999999999913e+01 5.744847371914488798e-01
1.450939999999999941e+01 5.774945450867152719e-01
1.452299999999999969e+01 5.803416786524813187e-01
1.453659999999999997e+01 5.830266485984110236e-01
1.455010000000000048e+01 5.855530623100736465e-01
1.456370000000000076e+01 5.879283558624593953e-01
1.457729999999999926e+01 5.901640205920176685e-01
1.459089999999999954e+01 5.922756453317929992e-01
1.460440000000000005e+01 5.942822618725618344e-01
1.461800000000000033e+01 5.962054326538381854e-01
1.463160000000000061e+01 5.980680017489199418e-01
1.464509999999999934e+01 5.998923382782574976e-01
1.465869999999999962e+01 6.016991363972223894e-01
1.467229999999999990e+01 6.035058699913851132e-01
1.468590000000000018e+01 6.053259208287117277e-01
1.469940000000000069e+01 6.071675959808389145e-01
1.471299999999999919e+01 6.090337184898391154e-01
1.472659999999999947e+01 6.109216781852595535e-01
1.474019999999999975e+01 6.128238328737996010e-01
1.475370000000000026e+01 6.147282246089995628e-01
1.476730000000000054e+01 6.166197067700254220e-01
1.478090000000000082e+01 6.184776085594769768e-01
1.479439999999999955e+01 6.202808368362167091e-01
1.480799999999999983e+01 6.220073236817721396e-01
1.482160000000000011e+01 6.236331855476562325e-01
1.483520000000000039e+01 6.251348183234208822e-01
1.484869999999999912e+01 6.264887077963974260e-01
1.486229999999999940e+01 6.276721539664478211e-01
1.487589999999999968e+01 6.286637242550617843e-01
1.488949999999999996e+01 6.294436375752636703e-01
1.490300000000000047e+01 6.299944880669974268e-01
1.491660000000000075e+01 6.303015244553196172e-01
1.493019999999999925e+01 6.303531404367107571e-01
1.494379999999999953e+01 6.301412685264942137e-01
1.495730000000000004e+01 6.296613080801916063e-01
1.497090000000000032e+01 6.289124182184023804e-01
1.498450000000000060e+01 6.278974360219768958e-01
1.499799999999999933e+01 6.266226810730107788e-01
1.501159999999999961e+01 6.250976654629503138e-01
1.502519999999999989e+01 6.233349035314189601e-01
1.503880000000000017e+01 6.213497476942189124e-01
1.505230000000000068e+01 6.191601991618917999e-01
1.506589999999999918e+01 6.167873790893745323e-01
1.507949999999999946e+01 6.142558528394133077e-01
1.509309999999999974e+01 6.115948125515713318e-01
1.510660000000000025e+01 6.088393112043958277e-01
1.512020000000000053e+01 6.060313394903198425e-01
1.513380000000000081e+01 6.032203545329615224e-01
1.514729999999999954e+01 6.004653703729743164e-01
1.516089999999999982e+01 5.978333615097015663e-01
1.517450000000000010e+01 5.953989441199583066e-01
1.518810000000000038e+01 5.932434793146643681e-01
1.520159999999999911e+01 5.914482158650520294e-01
1.521519999999999939e+01 5.900924482529894544e-01
1.522879999999999967e+01 5.892470931404384382e-01
1.524239999999999995e+01 5.889683480415999206e-01
1.525590000000000046e+01 5.892914862600784343e-01
1.526950000000000074e+01 5.902267446598272738e-01
1.528309999999999924e+01 5.917555974837365174e-01
1.529659999999999975e+01 5.938301651178572449e-01
1.531020000000000003e+01 5.963749465452992116e-01
1.532380000000000031e+01 5.992909386520028914e-01
1.533740000000000059e+01 6.024619541339976125e-01
1.535089999999999932e+01 6.057620710283782017e-01
1.536449999999999960e+01 6.090634319974905786e-01
1.537809999999999988e+01 6.122436539019426860e-01
1.539170000000000016e+01 6.151916667397029359e-01
1.540520000000000067e+01 6.178122566125724413e-01
1.541879999999999917e+01 6.200288674038733072e-01
1.543239999999999945e+01 6.217846759403828916e-01
1.544589999999999996e+01 6.230421501808046658e-01
1.545950000000000024e+01 6.237814082829681306e-01
1.547310000000000052e+01 6.239981684175326393e-01
1.548670000000000080e+01 6.237009988475035183e-01
1.550019999999999953e+01 6.229086890369435192e-01
1.551379999999999981e+01 6.216478452349183392e-01
1.552740000000000009e+01 6.199504328672651443e-01
1.554100000000000037e+01 6.178518648568769311e-01
1.555450000000000088e+01 6.153895308778731810e-01
1.556809999999999938e+01 6.126015591099651658e-01
1.558169999999999966e+01 6.095284313898163830e-01
1.559529999999999994e+01 6.062082058793347716e-01
1.560880000000000045e+01 6.026782683981051214e-01
1.562240000000000073e+01 5.989768807796276295e-01
1.563599999999999923e+01 5.951409679227515070e-01
1.564949999999999974e+01 5.912060597980436372e-01
1.566310000000000002e+01 5.872074622158455215e-01
1.567670000000000030e+01 5.831780325322518665e-01
1.569030000000000058e+01 5.791498872938642961e-01
1.570379999999999932e+01 5.751530182366488830e-01
1.571739999999999959e+01 5.712135404903461167e-01
1.573099999999999987e+01 5.673564361936180855e-01
1.574460000000000015e+01 5.636030513827527955e-01
1.575810000000000066e+01 5.599717299920708991e-01
1.577169999999999916e+01 5.564772585333475075e-01
1.578529999999999944e+01 5.531306869046158647e-01
1.579879999999999995e+01 5.499388647329606084e-01
1.581240000000000023e+01 5.469045481757401905e-01
1.582600000000000051e+01 5.440264454686871698e-01
1.583960000000000079e+01 5.412988722261082852e-01
1.585309999999999953e+01 5.387120579117457009e-01
1.586669999999999980e+01 5.362525072153367933e-01
1.588030000000000008e+01 5.339035912338033762e-01
1.589390000000000036e+01 5.316460123701194362e-01
1.590740000000000087e+01 5.294586276828170401e-01
1.592099999999999937e+01 5.273197111335061749e-01
1.593459999999999965e+01 5.252086102739667028e-01
1.594810000000000016e+01 5.231051208553532117e-01
1.596170000000000044e+01 5.209921339320899847e-01
1.597530000000000072e+01 5.188560693739883156e-01
1.598889999999999922e+01 5.166874551250624226e-01
1.600240000000000151e+01 5.144817443285171210e-01
1.601599999999999824e+01 5.122399736079710220e-01
1.602959999999999852e+01 5.099684319049668790e-01
1.604319999999999879e+01 5.076791231300543661e-01
1.605669999999999931e+01 5.053897822128987638e-01
1.607029999999999959e+01 5.031226585904351456e-01
1.608389999999999986e+01 5.009047455669761728e-01
1.609740000000000038e+01 4.987666670962796478e-01
1.611100000000000065e+01 4.967418481557872578e-01
1.612460000000000093e+01 4.948652199619806291e-01
1.613820000000000121e+01 4.931721631401433936e-01
1.615170000000000172e+01 4.916967699553063675e-01
1.616529999999999845e+01 4.904704099107154436e-01
1.617889999999999873e+01 4.895201234297231752e-01
1.619249999999999901e+01 4.888672957680915143e-01
1.620599999999999952e+01 4.885264182412960565e-01
1.621959999999999980e+01 4.885040514967867731e-01
1.623320000000000007e+01 4.887984435638915159e-01
1.624670000000000059e+01 4.893999058750352349e-01
1.626030000000000086e+01 4.902912209484583395e-01
1.627390000000000114e+01 4.914489007716352775e-01
1.628750000000000142e+01 4.928448912708376928e-01
1.630099999999999838e+01 4.944486107238955097e-01
1.631459999999999866e+01 4.962291433058679813e-01
1.632819999999999894e+01 4.981573987177939089e-01
1.634179999999999922e+01 5.002080241323156873e-01
1.635529999999999973e+01 5.023608007087176919e-01
1.636890000000000001e+01 5.046017842322734204e-01
1.638250000000000028e+01 5.069236496201010578e-01
1.639610000000000056e+01 5.093255476349451971e-01
1.640960000000000107e+01 5.118124085147883751e-01
1.642320000000000135e+01 5.143938113233812448e-01
1.643680000000000163e+01 5.170825073837821417e-01
1.645029999999999859e+01 5.198934729586375258e-01
1.646389999999999887e+01 5.228406342372322602e-01
1.647749999999999915e+01 5.259374465671315946e-01
1.649109999999999943e+01 5.291934049037088084e-01
1.650459999999999994e+01 5.326143397928955192e-01
1.651820000000000022e+01 5.362023181572161956e-01
1.653180000000000049e+01 5.399526252874167209e-01
1.654540000000000077e+01 5.438562694328477054e-01
1.655890000000000128e+01 5.478987758364757266e-01
1.657250000000000156e+01 5.520607360877400893e-01
1.658609999999999829e+01 5.563181367279091960e-01
1.659959999999999880e+01 5.606433013577111213e-01
1.661319999999999908e+01 5.650049541091137772e-01
1.662679999999999936e+01 5.693687089095404996e-01
1.664039999999999964e+01 5.736977683676310891e-01
1.665390000000000015e+01 5.779537780067605102e-01
1.666750000000000043e+01 5.820967166375692337e-01
1.668110000000000070e+01 5.860855716617738853e-01
1.669470000000000098e+01 5.898788214779304706e-01
1.670820000000000149e+01 5.934350445845721911e-01
1.672180000000000177e+01 5.967134744031059590e-01
1.673539999999999850e+01 5.996747806402016323e-01
1.674889999999999901e+01 6.022821513130873772e-01
1.676249999999999929e+01 6.045018676351202602e-01
1.677609999999999957e+01 6.063045746053230545e-01
1.678969999999999985e+01 6.076663273282261191e-01
1.680320000000000036e+01 6.085693241169924939e-01
1.681680000000000064e+01 6.090028038248421760e-01
1.683040000000000092e+01 6.089637144297770366e-01
1.684400000000000119e+01 6.084570586065335407e-01
1.685750000000000171e+01 6.074958922601652045e-01
1.687109999999999843e+01 6.061009751691807113e-01
1.688469999999999871e+01 6.043001490496566763e-01
1.689819999999999922e+01 6.021273381388148049e-01
1.691179999999999950e+01 5.996214286100004509e-01
1.692539999999999978e+01 5.968251007558134091e-01
1.693900000000000006e+01 5.937832608593207606e-01
1.695250000000000057e+01 5.905419527017452541e-01
1.696610000000000085e+01 5.871473589501328139e-01
1.697970000000000113e+01 5.836447654690342102e-01
1.699330000000000140e+01 5.800778484998386775e-01
1.700679999999999836e+01 5.764883493800734282e-01
1.702039999999999864e+01 5.729158495835011689e-01
1.703399999999999892e+01 5.693975837554303698e-01
1.704749999999999943e+01 5.659682157894621035e-01
1.706109999999999971e+01 5.626596229318956421e-01
1.707469999999999999e+01 5.595005807650710317e-01
1.708830000000000027e+01 5.565160260123540592e-01
1.710180000000000078e+01 5.537264083978243878e-01
1.711540000000000106e+01 5.511467244774675978e-01
1.712900000000000134e+01 5.487856730990223753e-01
1.714260000000000161e+01 5.466449279804115324e-01
1.715609999999999857e+01 5.447187145725032043e-01
1.716969999999999885e+01 5.429934746542877111e-01
1.718329999999999913e+01 5.414486208102988751e-01
1.719689999999999941e+01 5.400574077585972299e-01
1.721039999999999992e+01 5.387885143433925883e-01
1.722400000000000020e+01 5.376080682901416274e-01
1.723760000000000048e+01 5.364819823173905267e-01
1.725110000000000099e+01 5.353782653615369869e-01
1.726470000000000127e+01 5.342695333758157306e-01
1.727830000000000155e+01 5.331349943152372539e-01
1.729189999999999827e+01 5.319622465058860827e-01
1.730539999999999878e+01 5.307483821770274668e-01
1.731899999999999906e+01 5.295000146667563357e-01
1.733259999999999934e+01 5.282331162712294859e-01
1.734619999999999962e+01 5.269726036213355780e-01
1.735970000000000013e+01 5.257510079009517501e-01
1.737330000000000041e+01 5.246064665013216999e-01
1.738690000000000069e+01 5.235807374110963419e-01
1.740040000000000120e+01 5.227166751821070712e-01
1.741400000000000148e+01 5.220562046116926647e-01
1.742760000000000176e+01 5.216381727655035050e-01
1.744119999999999848e+01 5.214963397617476959e-01
1.745469999999999899e+01 5.216572288337709695e-01
1.746829999999999927e+01 5.221398242583680238e-01
1.748189999999999955e+01 5.229547528394087319e-01
1.749549999999999983e+01 5.241043345403293419e-01
1.750900000000000034e+01 5.255833971535316396e-01
1.752260000000000062e+01 5.273805353199479962e-01
1.753620000000000090e+01 5.294796087092910053e-01
1.754970000000000141e+01 5.318614289986333121e-01
1.756330000000000169e+01 5.345057488532904966e-01
1.757689999999999841e+01 5.373927277912267098e-01
1.759049999999999869e+01 5.405040945357790783e-01
1.760399999999999920e+01 5.438238258333509823e-01
1.761759999999999948e+01 5.473382409186402509e-01
1.763119999999999976e+01 5.510355450567556712e-01
1.764480000000000004e+01 5.549049227918696481e-01
1.765830000000000055e+01 5.589353542255193208e-01
1.767190000000000083e+01 5.631143485330701859e-01
1.768550000000000111e+01 5.674267413225606571e-01
1.769900000000000162e+01 5.718538488842364043e-01
1.771259999999999835e+01 5.763729807641306824e-01
1.772619999999999862e+01 5.809574502805745500e-01
1.773979999999999890e+01 5.855770861985498676e-01
1.775329999999999941e+01 5.901997507085710026e-01
1.776689999999999969e+01 5.947922316938418774e-01
1.778049999999999997e+01 5.993220939774726030e-01
1.779410000000000025e+01 6.037591808124795900e-01
1.780760000000000076e+01 6.080768764768125223e-01
1.782120000000000104e+01 6.122532597544647626e-01
1.783480000000000132e+01 6.162718270955679367e-01
1.784829999999999828e+01 6.201217468281418066e-01
1.786189999999999856e+01 6.237975706911541574e-01
1.787549999999999883e+01 6.272985376273012559e-01
1.788909999999999911e+01 6.306278217751193349e-01
1.790259999999999962e+01 6.337911765520707341e-01
1.791619999999999990e+01 6.367957048873467141e-01
1.792980000000000018e+01 6.396484981733212560e-01
1.794340000000000046e+01 6.423554367303878632e-01
1.795690000000000097e+01 6.449202933087222478e-01
1.797050000000000125e+01 6.473441108780011444e-01
1.798410000000000153e+01 6.496248421869457168e-01
1.799769999999999825e+01 6.517574969906811955e-01
1.801119999999999877e+01 6.537345357387851497e-01
1.802479999999999905e+01 6.555465745487396578e-01
1.803839999999999932e+01 6.571832911125954357e-01
1.805189999999999984e+01 6.586343792687007204e-01
1.806550000000000011e+01 6.598904776290939189e-01
1.807910000000000039e+01 6.609440465002953680e-01
1.809270000000000067e+01 6.617899246124221424e-01
1.810620000000000118e+01 6.624257299127973564e-01
1.811980000000000146e+01 6.628519936527295098e-01
1.813340000000000174e+01 6.630717939738499656e-01
1.814699999999999847e+01 6.630902689409851058e-01
1.816049999999999898e+01 6.629139429627681768e-01
1.817409999999999926e+01 6.625499744630350962e-01
1.818769999999999953e+01 6.620054215591101299e-01
1.820120000000000005e+01 6.612866312354712672e-01
1.821480000000000032e+01 6.603988111592369314e-01
1.822840000000000060e+01 6.593458599947330523e-01
1.824200000000000088e+01 6.581310236750086418e-01
1.825550000000000139e+01 6.567571892166486069e-01
1.826910000000000167e+01 6.552276570961441671e-01
1.828269999999999840e+01 6.535476587097744927e-01
1.829629999999999868e+01 6.517252083650140193e-01
1.830979999999999919e+01 6.497722657786242362e-01
1.832339999999999947e+01 6.477057019275813676e-01
1.833699999999999974e+01 6.455478710966927602e-01
1.835050000000000026e+01 6.433267399797144570e-01
1.836410000000000053e+01 6.410755086953814352e-01
1.837770000000000081e+01 6.388319432941874654e-01
1.839130000000000109e+01 6.366369790898424030e-01
1.840480000000000160e+01 6.345330245331651797e-01
1.841839999999999833e+01 6.325620347906415475e-01
1.843199999999999861e+01 6.307633110439319069e-01
1.844559999999999889e+01 6.291714454467749462e-01
1.845909999999999940e+01 6.278144459489725104e-01
1.847269999999999968e+01 6.267122326487306605e-01
1.848629999999999995e+01 6.258755584960231655e-01
1.849980000000000047e+01 6.253055370103590693e-01
1.851340000000000074e+01 6.249936732928873528e-01
1.852700000000000102e+01 6.249225260280897309e-01
1.854060000000000130e+01 6.250670431525582327e-01
1.855409999999999826e+01 6.253957102082188246e-01
1.856769999999999854e+01 6.258726462200958629e-01
1.858129999999999882e+01 6.264592530777918222e-01
1.859489999999999910e+01 6.271160453106953137e-01
1.860839999999999961e+01 6.278043549613390173e-01
1.862199999999999989e+01 6.284878096512388490e-01
1.863560000000000016e+01 6.291336551309432146e-01
1.864920000000000044e+01 6.297137880287386746e-01
1.866270000000000095e+01 6.302055398877799419e-01
1.867630000000000123e+01 6.305922176516676192e-01
1.868990000000000151e+01 6.308632158964087022e-01
1.870339999999999847e+01 6.310140381476689875e-01
1.871699999999999875e+01 6.310459215746370143e-01
1.873059999999999903e+01 6.309652505147368418e-01
1.874419999999999931e+01 6.307827059623623001e-01
1.875769999999999982e+01 6.305120936945948218e-01
1.877130000000000010e+01 6.301691420677772992e-01
1.878490000000000038e+01 6.297702528322883797e-01
1.879850000000000065e+01 6.293313977654022562e-01
1.881200000000000117e+01 6.288671129891676426e-01
1.882560000000000144e+01 6.283899154047679625e-01
1.883920000000000172e+01 6.279099353309056664e-01
1.885269999999999868e+01 6.274350013949290261e-01
1.886629999999999896e+01 6.269710047024079635e-01
1.887989999999999924e+01 6.265227672026925099e-01
1.889349999999999952e+01 6.260950760095590484e-01
1.890700000000000003e+01 6.256935049988563424e-01
1.892060000000000031e+01 6.253250628207158712e-01
1.893420000000000059e+01 6.249996702496649625e-01
1.894780000000000086e+01 6.247296585025324811e-01
1.896130000000000138e+01 6.245298620287789149e-01
1.897490000000000165e+01 6.244170001403233083e-01
1.898849999999999838e+01 6.244086544382994042e-01
1.900199999999999889e+01 6.245219397036054776e-01
1.901559999999999917e+01 6.247718849039509692e-01
1.902919999999999945e+01 6.251699213249957143e-01
1.904279999999999973e+01 6.257221752139049409e-01
1.905630000000000024e+01 6.264288763026915063e-01
1.906990000000000052e+01 6.272832433970282340e-01
1.908350000000000080e+01 6.282711716867011020e-01
1.909710000000000107e+01 6.293719049802725118e-01
1.911060000000000159e+01 6.305587673106363145e-01
1.912419999999999831e+01 6.318005320357894528e-01
1.913779999999999859e+01 6.330630953683098472e-01
1.915129999999999910e+01 6.343112976941169823e-01
1.916489999999999938e+01 6.355107967665964974e-01
1.917849999999999966e+01 6.366298939610539609e-01
1.919209999999999994e+01 6.376412915443125939e-01
1.920560000000000045e+01 6.385233637906205795e-01
1.921920000000000073e+01 6.392612158994821492e-01
1.923280000000000101e+01 6.398474349215544921e-01
1.924640000000000128e+01 6.402823178572274454e-01
1.925989999999999824e+01 6.405737489954308472e-01
1.927349999999999852e+01 6.407365691838424748e-01
1.928709999999999880e+01 6.407918106269876457e-01
1.930059999999999931e+01 6.407654768108961285e-01
1.931419999999999959e+01 6.406870542156466453e-01
1.932779999999999987e+01 6.405877317895625200e-01
1.934140000000000015e+01 6.404983601448914765e-01
1.935490000000000066e+01 6.404475756425856980e-01
1.936850000000000094e+01 6.404600454894833206e-01
1.938210000000000122e+01 6.405549057926593903e-01
1.939570000000000149e+01 6.407445799042850165e-01
1.940919999999999845e+01 6.410341915665396240e-01
1.942279999999999873e+01 6.414215726295237063e-01
1.943639999999999901e+01 6.418979627022938228e-01
1.944999999999999929e+01 6.424493146556963241e-01
1.946349999999999980e+01 6.430580691702298957e-01
1.947710000000000008e+01 6.437052573071835315e-01
1.949070000000000036e+01 6.443727300744548359e-01
1.950420000000000087e+01 6.450452740724959000e-01
1.951780000000000115e+01 6.457123654505634303e-01
1.953140000000000143e+01 6.463693917749955276e-01
1.954500000000000171e+01 6.470183121077985877e-01
1.955849999999999866e+01 6.476676479000478270e-01
1.957209999999999894e+01 6.483317269887756140e-01
1.958569999999999922e+01 6.490293705504949218e-01
1.959929999999999950e+01 6.497822050824957341e-01
1.961280000000000001e+01 6.506127358083216849e-01
1.962640000000000029e+01 6.515423647492359915e-01
1.964000000000000057e+01 6.525897318472276831e-01
1.965350000000000108e+01 6.537693290340869101e-01
1.966710000000000136e+01 6.550906210449702893e-01
1.968070000000000164e+01 6.565575559841072550e-01
1.969429999999999836e+01 6.581686281340031197e-01
1.970779999999999887e+01 6.599175229676375043e-01
1.972139999999999915e+01 6.617939924122484552e-01
1.973499999999999943e+01 6.637841900340226697e-01
1.974859999999999971e+01 6.658724932036315103e-01
1.976210000000000022e+01 6.680416811177576353e-01
1.977570000000000050e+01 6.702738198421243077e-01
1.978930000000000078e+01 6.725504082872404421e-01
1.980280000000000129e+01 6.748527421628642831e-01
1.981640000000000157e+01 6.771619768176804222e-01
1.982999999999999829e+01 6.794589608082544085e-01
1.984359999999999857e+01 6.817240858452719987e-01
1.985709999999999908e+01 6.839372782136015072e-01
1.987069999999999936e+01 6.860781868795486904e-01
1.988429999999999964e+01 6.881259875192983211e-01
1.989789999999999992e+01 6.900601092148292981e-01
1.991140000000000043e+01 6.918608829742263211e-01
1.992500000000000071e+01 6.935093934876666033e-01
1.993860000000000099e+01 6.949885300924876219e-01
1.995210000000000150e+01 6.962837190259213438e-01
1.996569999999999823e+01 6.973836402268605017e-01
1.997929999999999851e+01 6.982808614891526933e-01
1.999289999999999878e+01 6.989724523402816025e-01
2.000639999999999930e+01 6.994604398577781712e-01
2.001999999999999957e+01 6.997519918518789739e-01
2.003359999999999985e+01 6.998593609077259359e-01
2.004720000000000013e+01 6.997995717438497687e-01
2.006070000000000064e+01 6.995938065096117819e-01
2.007430000000000092e+01 6.992665743666097722e-01
2.008790000000000120e+01 6.988444813991705473e-01
2.010140000000000171e+01 6.983549631603260810e-01
2.011499999999999844e+01 6.978249980632968974e-01
2.012859999999999872e+01 6.972798967061956121e-01
2.014219999999999899e+01 6.967422706498732632e-01
2.015569999999999951e+01 6.962313175585530534e-01
2.016929999999999978e+01 6.957623578938263442e-01
2.018290000000000006e+01 6.953465430980403372e-01
2.019650000000000034e+01 6.949915224071203657e-01
2.021000000000000085e+01 6.947017616253857719e-01
2.022360000000000113e+01 6.944790274282104381e-01
2.023720000000000141e+01 6.943230589869765490e-01
2.025080000000000169e+01 6.942320817549860745e-01
2.026429999999999865e+01 6.942032881780129117e-01
2.027789999999999893e+01 6.942331148538852803e-01
2.029149999999999920e+01 6.943173076010389355e-01
2.030499999999999972e+01 6.944508922772361093e-01
2.031859999999999999e+01 6.946281945875091290e-01
2.033220000000000027e+01 6.948428646683668664e-01
2.034580000000000055e+01 6.950879113852523883e-01
2.035930000000000106e+01 6.953558797874312969e-01
2.037290000000000134e+01 6.956391257076142143e-01
2.038650000000000162e+01 6.959301527829098166e-01
2.040009999999999835e+01 6.962219412680517028e-01
2.041359999999999886e+01 6.965082475344110957e-01
2.042719999999999914e+01 6.967838608194008021e-01
2.044079999999999941e+01 6.970447105884345351e-01
2.045429999999999993e+01 6.972879116747879857e-01
2.046790000000000020e+01 6.975117190041891790e-01
2.048150000000000048e+01 6.977154620306952326e-01
2.049510000000000076e+01 6.978994883768170343e-01
2.050860000000000127e+01 6.980650619823889347e-01
2.052220000000000155e+01 6.982141967946047245e-01
2.053579999999999828e+01 6.983498306858725302e-01
2.054939999999999856e+01 6.984754239158764699e-01
2.056289999999999907e+01 6.985952490696899497e-01
2.057649999999999935e+01 6.987140095494434044e-01
2.059009999999999962e+01 6.988368853931855584e-01
2.060360000000000014e+01 6.989690222109843365e-01
2.061720000000000041e+01 6.991152245641224505e-01
2.063080000000000069e+01 6.992796234403459987e-01
2.064440000000000097e+01 6.994652482382154313e-01
2.065790000000000148e+01 6.996736602048356790e-01
2.067150000000000176e+01 6.999050271173932192e-01
2.068509999999999849e+01 7.001580912990508221e-01
2.069869999999999877e+01 7.004301559989087878e-01
2.071219999999999928e+01 7.007175184932772360e-01
2.072579999999999956e+01 7.010166982219583343e-01
2.073939999999999984e+01 7.013244614329865456e-01
2.075290000000000035e+01 7.016385622193080929e-01
2.076650000000000063e+01 7.019583348505120668e-01
2.078010000000000090e+01 7.022850510826185166e-01
2.079370000000000118e+01 7.026220833872965921e-01
2.080720000000000169e+01 7.029749905065021398e-01
2.082079999999999842e+01 7.033509925968866039e-01
2.083439999999999870e+01 7.037583949318606535e-01
2.084799999999999898e+01 7.042057740320190051e-01
2.086149999999999949e+01 7.047010216006986960e-01
2.087509999999999977e+01 7.052503604505906409e-01
2.088870000000000005e+01 7.058574625713236461e-01
2.090230000000000032e+01 7.065228627841496634e-01
2.091580000000000084e+01 7.072437301216627503e-01
2.092940000000000111e+01 7.080137018065721932e-01
2.094300000000000139e+01 7.088231229734880401e-01
2.095649999999999835e+01 7.096597353306762779e-01
2.097009999999999863e+01 7.105094648883115704e-01
2.098369999999999891e+01 7.113579155522580244e-01
2.099729999999999919e+01 7.121907399539140204e-01
2.101079999999999970e+01 7.129949068100647214e-01
2.102439999999999998e+01 7.137594819024478676e-01
2.103800000000000026e+01 7.144759437736905028e-01
2.105160000000000053e+01 7.151382409667546014e-01
2.106510000000000105e+01 7.157424070592046661e-01
2.107870000000000132e+01 7.162859497827819277e-01
2.109230000000000160e+01 7.167670815955672348e-01
2.110579999999999856e+01 7.171836640059574552e-01
2.111939999999999884e+01 7.175319787744756095e-01
2.113299999999999912e+01 7.178066576900008489e-01
2.114659999999999940e+01 7.179999742476184110e-01
2.116009999999999991e+01 7.181013329872860673e-01
2.117370000000000019e+01 7.180978988219288706e-01
2.118730000000000047e+01 7.179751922437072054e-01
2.120090000000000074e+01 7.177180593994872959e-01
2.121440000000000126e+01 7.173126117793278134e-01
2.122800000000000153e+01 7.167472943656134632e-01
2.124159999999999826e+01 7.160144989448105068e-01
2.125509999999999877e+01 7.151119347099970103e-01
2.126869999999999905e+01 7.140437882631940347e-01
2.128229999999999933e+01 7.128213508673026944e-01
2.129589999999999961e+01 7.114631548619146928e-01
2.130940000000000012e+01 7.099947942300532944e-01
2.132300000000000040e+01 7.084481960122396282e-01
2.133660000000000068e+01 7.068605451921815552e-01
2.135020000000000095e+01 7.052729303992795185e-01
2.136370000000000147e+01 7.037286405697897873e-01
2.137730000000000175e+01 7.022714920598052135e-01
2.139089999999999847e+01 7.009441532156313048e-01
2.140439999999999898e+01 6.997866437931161698e-01
2.141799999999999926e+01 6.988349379959908347e-01
2.143159999999999954e+01 6.981198334437674902e-01
2.144519999999999982e+01 6.976660726017500647e-01
2.145870000000000033e+01 6.974915940389202484e-01
2.147230000000000061e+01 6.976067695339855934e-01
2.148590000000000089e+01 6.980140327284051205e-01
2.149950000000000117e+01 6.987074797751231525e-01
2.151300000000000168e+01 6.996726359922884608e-01
2.152659999999999840e+01 7.008864492071961161e-01
2.154019999999999868e+01 7.023176002754776270e-01
2.155369999999999919e+01 7.039270532233012911e-01
2.156729999999999947e+01 7.056690715618125775e-01
2.158089999999999975e+01 7.074926882212914103e-01
2.159450000000000003e+01 7.093434903762725341e-01
2.160800000000000054e+01 7.111656160582789932e-01
2.162160000000000082e+01 7.129043482913053342e-01
2.163520000000000110e+01 7.145082840968026705e-01
2.164880000000000138e+01 7.159316471362595635e-01
2.166229999999999833e+01 7.171362200361859340e-01
2.167589999999999861e+01 7.180926838856314109e-01
2.168949999999999889e+01 7.187814897803215253e-01
2.170309999999999917e+01 7.191930959921650768e-01
2.171659999999999968e+01 7.193274687701795012e-01
2.173019999999999996e+01 7.191932367502593682e-01
2.174380000000000024e+01 7.188062210081899162e-01
2.175730000000000075e+01 7.181873705923745854e-01
2.177090000000000103e+01 7.173607310665449655e-01
2.178450000000000131e+01 7.163519673399125764e-01
2.179810000000000159e+01 7.151863403221232485e-01
2.181159999999999854e+01 7.138874022913355155e-01
2.182519999999999882e+01 7.124762176905770072e-01
2.183879999999999910e+01 7.109710181714852251e-01
2.185239999999999938e+01 7.093873796037215573e-01
2.186589999999999989e+01 7.077388888410847123e-01
2.187950000000000017e+01 7.060382430175869972e-01
2.189310000000000045e+01 7.042976823638676942e-01
2.190660000000000096e+01 7.025297390187207336e-01
2.192020000000000124e+01 7.007500706574401050e-01
2.193380000000000152e+01 6.989754437187986058e-01
2.194739999999999824e+01 6.972249961385625916e-01
2.196089999999999876e+01 6.955202781354513641e-01
2.197449999999999903e+01 6.938844694900350163e-01
2.198809999999999931e+01 6.923417173485441056e-01
2.200169999999999959e+01 6.909163322536372442e-01
2.201520000000000010e+01 6.896313798834224906e-01
2.202880000000000038e+01 6.885083428186040688e-01
2.204240000000000066e+01 6.875661045936790616e-01
2.205590000000000117e+01 6.868201239233743260e-01
2.206950000000000145e+01 6.862819960010356768e-01
2.208310000000000173e+01 6.859592417579143397e-01
2.209669999999999845e+01 6.858549687003603346e-01
2.211019999999999897e+01 6.859677172234266429e-01
2.212379999999999924e+01 6.862914184938411211e-01
2.213739999999999952e+01 6.868153568922155117e-01
2.215099999999999980e+01 6.875242849165226211e-01
2.216450000000000031e+01 6.883985804670393893e-01
2.217810000000000059e+01 6.894146127209733743e-01
2.219170000000000087e+01 6.905452231838730137e-01
2.220520000000000138e+01 6.917603608772184831e-01
2.221880000000000166e+01 6.930278998029113513e-01
2.223239999999999839e+01 6.943145112397811625e-01
2.224599999999999866e+01 6.955866296021888662e-01
2.225949999999999918e+01 6.968114220915776480e-01
2.227309999999999945e+01 6.979577132959265962e-01
2.228669999999999973e+01 6.989967906479823689e-01
2.230030000000000001e+01 6.999030130632506452e-01
2.231380000000000052e+01 7.006543171524344249e-01
2.232740000000000080e+01 7.012326089672079599e-01
2.234100000000000108e+01 7.016240764133290231e-01
2.235450000000000159e+01 7.018194676356520612e-01
2.236809999999999832e+01 7.018143991522898251e-01
2.238169999999999860e+01 7.016097028563383908e-01
2.239529999999999887e+01 7.012118070615114274e-01
2.240879999999999939e+01 7.006330544043880559e-01
2.242239999999999966e+01 6.998918628142242193e-01
2.243599999999999994e+01 6.990128967027091633e-01
2.244960000000000022e+01 6.980266834408037635e-01
2.246310000000000073e+01 6.969689625688593182e-01
2.247670000000000101e+01 6.958796858176283795e-01
2.249030000000000129e+01 6.948014833780052912e-01
2.250390000000000157e+01 6.937776393672139275e-01
2.251739999999999853e+01 6.928500239479019607e-01
2.253099999999999881e+01 6.920568462212597360e-01
2.254459999999999908e+01 6.914304938249804522e-01
2.255809999999999960e+01 6.909957808056454986e-01
2.257169999999999987e+01 6.907685410416495309e-01
2.258530000000000015e+01 6.907543997252518775e-01
2.259890000000000043e+01 6.909496250569520104e-01
2.261240000000000094e+01 6.913414020012444983e-01
2.262600000000000122e+01 6.919090551847785209e-01
2.263960000000000150e+01 6.926257524709594771e-01
2.265319999999999823e+01 6.934604773397281541e-01
2.266669999999999874e+01 6.943799523331707357e-01
2.268029999999999902e+01 6.953504207096107281e-01
2.269389999999999930e+01 6.963398414201047437e-01
2.270739999999999981e+01 6.973187915369196688e-01
2.272100000000000009e+01 6.982603313604567319e-01
2.273460000000000036e+01 6.991425171062901622e-01
2.274820000000000064e+01 6.999477031965236629e-01
2.276170000000000115e+01 7.006625632727578878e-01
2.277530000000000143e+01 7.012777856435220558e-01
2.278890000000000171e+01 7.017878591365485086e-01
2.280249999999999844e+01 7.021906500255010730e-01
2.281599999999999895e+01 7.024870029568359708e-01
2.282959999999999923e+01 7.026803979506381914e-01
2.284319999999999951e+01 7.027766501095357166e-01
2.285670000000000002e+01 7.027836556248090449e-01
2.287030000000000030e+01 7.027109841671199675e-01
2.288390000000000057e+01 7.025696558230745126e-01
2.289750000000000085e+01 7.023720286075173513e-01
2.291100000000000136e+01 7.021313880858184309e-01
2.292460000000000164e+01 7.018616056232943601e-01
2.293819999999999837e+01 7.015767425637001731e-01
2.295179999999999865e+01 7.012906022743778944e-01
2.296529999999999916e+01 7.010161971086793509e-01
2.297889999999999944e+01 7.007652087855456013e-01
2.299249999999999972e+01 7.005475506495408844e-01
2.300600000000000023e+01 7.003709838849214719e-01
2.301960000000000051e+01 7.002408696167388147e-01
2.303320000000000078e+01 7.001600541455383908e-01
2.304680000000000106e+01 7.001289205686123118e-01
2.306030000000000157e+01 7.001455989505181998e-01
2.307389999999999830e+01 7.002063206032814735e-01
2.308749999999999858e+01 7.003058753644696433e-01
2.310109999999999886e+01 7.004381458119761650e-01
2.311459999999999937e+01 7.005966939197085797e-01
2.312819999999999965e+01 7.007753475729645576e-01
2.314179999999999993e+01 7.009687381194151801e-01
2.315530000000000044e+01 7.011727734158752501e-01
2.316890000000000072e+01 7.013850228458476943e-01
2.318250000000000099e+01 7.016049954931025123e-01
2.319610000000000127e+01 7.018342937014170335e-01
2.320959999999999823e+01 7.020766434304415160e-01
2.322319999999999851e+01 7.023377988499583946e-01
2.323679999999999879e+01 7.026253768415522405e-01
2.325039999999999907e+01 7.029484454150521922e-01
2.326389999999999958e+01 7.033171754832674427e-01
2.327749999999999986e+01 7.037427236744517867e-01
2.329110000000000014e+01 7.042364164581247366e-01
2.330470000000000041e+01 7.048094929597723546e-01
2.331820000000000093e+01 7.054726348973956451e-01
2.333180000000000121e+01 7.062356005574170759e-01
2.334540000000000148e+01 7.071069328028809498e-01
2.335889999999999844e+01 7.080936834627047372e-01
2.337249999999999872e+01 7.092011947393103144e-01
2.338609999999999900e+01 7.104329121689045845e-01
2.339969999999999928e+01 7.117902397042913387e-01
2.341319999999999979e+01 7.132725259166430298e-01
2.342680000000000007e+01 7.148769250425079935e-01
2.344040000000000035e+01 7.165983432764240213e-01
2.345400000000000063e+01 7.184293919638112813e-01
2.346750000000000114e+01 7.203604083236845312e-01
2.348110000000000142e+01 7.223795146309829329e-01
2.349470000000000169e+01 7.244727330148958977e-01
2.350819999999999865e+01 7.266242011669824530e-01
2.352179999999999893e+01 7.288164879570936394e-01
2.353539999999999921e+01 7.310310409881781712e-01
2.354899999999999949e+01 7.332487494290452767e-01
2.356250000000000000e+01 7.354504958828661509e-01
2.357610000000000028e+01 7.376177866933725236e-01
2.358970000000000056e+01 7.397334730473077435e-01
2.360330000000000084e+01 7.417824109870944094e-01
2.361680000000000135e+01 7.437520583766561444e-01
2.363040000000000163e+01 7.456329710322268101e-01
2.364399999999999835e+01 7.474191708195873085e-01
2.365749999999999886e+01 7.491083522972707964e-01
2.367109999999999914e+01 7.507019003074921759e-01
2.368469999999999942e+01 7.522047416430794886e-01
2.369829999999999970e+01 7.536251269959280963e-01
2.371180000000000021e+01 7.549742040092619622e-01
2.372540000000000049e+01 7.562654818629571674e-01
2.373900000000000077e+01 7.575142812296774553e-01
2.375260000000000105e+01 7.587371301659484590e-01
2.376610000000000156e+01 7.599511982492035411e-01
2.377969999999999828e+01 7.611737427637543796e-01
2.379329999999999856e+01 7.624213640597938824e-01
2.380679999999999907e+01 7.637094098025454247e-01
2.382039999999999935e+01 7.650514498573551814e-01
2.383399999999999963e+01 7.664587085341129091e-01
2.384759999999999991e+01 7.679395380475473321e-01
2.386110000000000042e+01 7.694988206084107940e-01
2.387470000000000070e+01 7.711373812811507245e-01
2.388830000000000098e+01 7.728514994216629796e-01
2.390190000000000126e+01 7.746325775833398097e-01
2.391540000000000177e+01 7.764668364246346544e-01
2.392899999999999849e+01 7.783353540957584915e-01
2.394259999999999877e+01 7.802144093018578141e-01
2.395619999999999905e+01 7.820761423174197313e-01
2.396969999999999956e+01 7.838896123012154549e-01
2.398329999999999984e+01 7.856222117893798540e-01
2.399690000000000012e+01 7.872413990587538990e-01
2.401040000000000063e+01 7.887166451245168908e-01
2.402400000000000091e+01 7.900214001395524654e-01
2.403760000000000119e+01 7.911349719165318151e-01
2.405120000000000147e+01 7.920441100604291851e-01
2.406469999999999843e+01 7.927441706337499117e-01
2.407829999999999870e+01 7.932396486072459396e-01
2.409189999999999898e+01 7.935441335418575992e-01
2.410549999999999926e+01 7.936796389321081335e-01
2.411899999999999977e+01 7.936751544190503438e-01
2.413260000000000005e+01 7.935645940484958860e-01
2.414620000000000033e+01 7.933843751751623596e-01
2.415970000000000084e+01 7.931708847604835855e-01
2.417330000000000112e+01 7.929579072402666018e-01
2.418690000000000140e+01 7.927741324382285848e-01
2.420050000000000168e+01 7.926413431393459774e-01
2.421399999999999864e+01 7.925731138037771517e-01
2.422759999999999891e+01 7.925741124191516551e-01
2.424119999999999919e+01 7.926400700623050799e-01
2.425479999999999947e+01 7.927585138840027579e-01
2.426829999999999998e+01 7.929100202506957906e-01
2.428190000000000026e+01 7.930696461084112414e-01
2.429550000000000054e+01 7.932084301701520790e-01
2.430900000000000105e+01 7.932950617167278118e-01
2.432260000000000133e+01 7.932974838778994453e-01
2.433620000000000161e+01 7.931842389043599617e-01
2.434979999999999833e+01 7.929256104103755698e-01
2.436329999999999885e+01 7.924946235144014750e-01
2.437689999999999912e+01 7.918678034618802375e-01
2.439049999999999940e+01 7.910257189544955825e-01
2.440409999999999968e+01 7.899534687538234401e-01
2.441760000000000019e+01 7.886410696647959684e-01
2.443120000000000047e+01 7.870837246528022968e-01
2.444480000000000075e+01 7.852821290484492955e-01
2.445830000000000126e+01 7.832426913765602183e-01
2.447190000000000154e+01 7.809776124100891170e-01
2.448549999999999827e+01 7.785049677714150906e-01
2.449909999999999854e+01 7.758485981671512377e-01
2.451259999999999906e+01 7.730379618665091934e-01
2.452619999999999933e+01 7.701077803124678489e-01
2.453979999999999961e+01 7.670974140951175579e-01
2.455339999999999989e+01 7.640502804766755585e-01
2.456690000000000040e+01 7.610128109087890280e-01
2.458050000000000068e+01 7.580333047670620994e-01
2.459410000000000096e+01 7.551607528139682168e-01
2.460760000000000147e+01 7.524433224415592036e-01
2.462120000000000175e+01 7.499266502488437514e-01
2.463479999999999848e+01 7.476521979096665271e-01
2.464839999999999876e+01 7.456556121110966551e-01
2.466189999999999927e+01 7.439653455080003086e-01
2.467549999999999955e+01 7.426015031558944601e-01
2.468909999999999982e+01 7.415750514518780756e-01
2.470270000000000010e+01 7.408874106792011638e-01
2.471620000000000061e+01 7.405307138861606520e-01
2.472980000000000089e+01 7.404883862301769870e-01
2.474340000000000117e+01 7.407361806119510117e-01
2.475700000000000145e+01 7.412435791985331202e-01
2.477049999999999841e+01 7.419753654727628822e-01
2.478409999999999869e+01 7.428932870581276271e-01
2.479769999999999897e+01 7.439576838858850127e-01
2.481119999999999948e+01 7.451289506024286746e-01
2.482479999999999976e+01 7.463688617761252697e-01
2.483840000000000003e+01 7.476415888269800636e-01
2.485200000000000031e+01 7.489145522834693702e-01
2.486550000000000082e+01 7.501588562578380692e-01
2.487910000000000110e+01 7.513495125971374478e-01
2.489270000000000138e+01 7.524658057087029173e-01
2.490630000000000166e+01 7.534908756258513751e-01
2.491979999999999862e+01 7.544116175614703490e-01
2.493339999999999890e+01 7.552184138376981659e-01
2.494699999999999918e+01 7.559047124820879038e-01
2.496049999999999969e+01 7.564665549550009249e-01
2.497409999999999997e+01 7.569021430838829279e-01
2.498770000000000024e+01 7.572115082894657068e-01
2.500130000000000052e+01 7.573959778456937908e-01
2.501480000000000103e+01 7.574578745721686213e-01
2.502840000000000131e+01 7.574003495931479479e-01
2.504200000000000159e+01 7.572271030259707381e-01
2.505559999999999832e+01 7.569421689440358758e-01
2.506909999999999883e+01 7.565498062208351193e-01
2.508269999999999911e+01 7.560546186130931989e-01
2.509629999999999939e+01 7.554617377114187793e-01
2.510979999999999990e+01 7.547768551475885213e-01
2.512340000000000018e+01 7.540063084990396014e-01
2.513700000000000045e+01 7.531572537144223256e-01
2.515060000000000073e+01 7.522378684198074428e-01
2.516410000000000124e+01 7.512575263135417014e-01
2.517770000000000152e+01 7.502268328394716690e-01
2.519129999999999825e+01 7.491577202705115290e-01
2.520489999999999853e+01 7.480634060523799755e-01
2.521839999999999904e+01 7.469583069923060314e-01
2.523199999999999932e+01 7.458578904811521415e-01
2.524559999999999960e+01 7.447783459758332558e-01
2.525910000000000011e+01 7.437362441497882282e-01
2.527270000000000039e+01 7.427482345236138261e-01
2.528630000000000067e+01 7.418305997928194007e-01
2.529990000000000094e+01 7.409987392181452970e-01
2.531340000000000146e+01 7.402667657822005198e-01
2.532700000000000173e+01 7.396471470221440692e-01
2.534059999999999846e+01 7.391503519031401570e-01
2.535419999999999874e+01 7.387844350592419618e-01
2.536769999999999925e+01 7.385549290236390618e-01
2.538129999999999953e+01 7.384647147837091197e-01
2.539489999999999981e+01 7.385140032555105316e-01
2.540840000000000032e+01 7.387004371965482097e-01
2.542200000000000060e+01 7.390193247397187637e-01
2.543560000000000088e+01 7.394639775243752045e-01
2.544920000000000115e+01 7.400261476322200771e-01
2.546270000000000167e+01 7.406965427958465131e-01
2.547629999999999839e+01 7.414653952871701481e-01
2.548989999999999867e+01 7.423230001906573339e-01
2.550349999999999895e+01 7.432601977168791230e-01
2.551699999999999946e+01 7.442687899960139797e-01
2.553059999999999974e+01 7.453418056649692147e-01
2.554420000000000002e+01 7.464735817605341328e-01
2.555780000000000030e+01 7.476596879303439858e-01
2.557130000000000081e+01 7.488967002123474437e-01
2.558490000000000109e+01 7.501818203978434241e-01
2.559850000000000136e+01 7.515124434024802458e-01
2.561199999999999832e+01 7.528857151736080278e-01
2.562559999999999860e+01 7.542981358309811535e-01
2.563919999999999888e+01 7.557452796419786845e-01
2.565279999999999916e+01 7.572216744721199655e-01
2.566629999999999967e+01 7.587208242076564080e-01
2.567989999999999995e+01 7.602354408613504200e-01
2.569350000000000023e+01 7.617578344871296370e-01
2.570710000000000051e+01 7.632803126257190485e-01
2.572060000000000102e+01 7.647957055869745169e-01
2.573420000000000130e+01 7.662977917970096309e-01
2.574780000000000157e+01 7.677816128705875487e-01
2.576129999999999853e+01 7.692436802115741878e-01
2.577489999999999881e+01 7.706820310219861803e-01
2.578849999999999909e+01 7.720960955491287248e-01
2.580209999999999937e+01 7.734863927184159049e-01
2.581559999999999988e+01 7.748540972461950282e-01
2.582920000000000016e+01 7.762006226701615441e-01
2.584280000000000044e+01 7.775272776028367971e-01
2.585640000000000072e+01 7.788348819403921874e-01
2.586990000000000123e+01 7.801235576484925049e-01
2.588350000000000151e+01 7.813926726153611613e-01
2.589709999999999823e+01 7.826409483019501900e-01
2.591059999999999874e+01 7.838667159107901572e-01
2.592419999999999902e+01 7.850682933572414868e-01
2.593779999999999930e+01 7.862444338615516282e-01
2.595139999999999958e+01 7.873947317061219531e-01
2.596490000000000009e+01 7.885200168823690570e-01
2.597850000000000037e+01 7.896226815486128148e-01
2.599210000000000065e+01 7.907067700757606232e-01
2.600570000000000093e+01 7.917779495317889271e-01
2.601920000000000144e+01 7.928432594425236513e-01
2.603280000000000172e+01 7.939107121977905246e-01
2.604639999999999844e+01 7.949887847342944625e-01
2.605989999999999895e+01 7.960858481101276141e-01
2.607349999999999923e+01 7.972094810925872688e-01
2.608709999999999951e+01 7.983657462298321406e-01
2.610069999999999979e+01 7.995586454280592115e-01
2.611420000000000030e+01 8.007896322299532521e-01
2.612780000000000058e+01 8.020572470383410257e-01
2.614140000000000086e+01 8.033569298455369712e-01
2.615500000000000114e+01 8.046810201457266221e-01
2.616850000000000165e+01 8.060188859286978591e-01
2.618209999999999837e+01 8.073570855596058360e-01
2.619569999999999865e+01 8.086797172675161960e-01
2.620919999999999916e+01 8.099688455406761634e-01
2.622279999999999944e+01 8.112049578073953215e-01
2.623639999999999972e+01 8.123674991789490152e-01
2.625000000000000000e+01 8.134353677492498491e-01
2.626350000000000051e+01 8.143874913914563862e-01
2.627710000000000079e+01 8.152034685346178922e-01
2.629070000000000107e+01 8.158641230994694293e-01
2.630430000000000135e+01 8.163520470000947826e-01
2.631779999999999831e+01 8.166523718730112069e-01
2.633139999999999858e+01 8.167535506431959913e-01
2.634499999999999886e+01 8.166478750403826092e-01
2.635859999999999914e+01 8.163319784159212000e-01
2.637209999999999965e+01 8.158073542802189992e-01
2.638569999999999993e+01 8.150806867898279240e-01
2.639930000000000021e+01 8.141639574180197236e-01
2.641280000000000072e+01 8.130742678609200746e-01
2.642640000000000100e+01 8.118334810374039368e-01
2.644000000000000128e+01 8.104676610234445855e-01
2.645360000000000156e+01 8.090061647378441467e-01
2.646709999999999852e+01 8.074804399048565173e-01
2.648069999999999879e+01 8.059225896691220026e-01
2.649429999999999907e+01 8.043638657153411309e-01
2.650789999999999935e+01 8.028334092653365284e-01
2.652139999999999986e+01 8.013566555085120946e-01
2.653500000000000014e+01 7.999539765018327531e-01
2.654860000000000042e+01 7.986396397905457523e-01
2.656210000000000093e+01 7.974210822010500133e-01
2.657570000000000121e+01 7.962986481487015489e-01
2.658930000000000149e+01 7.952657951686573634e-01
2.660290000000000177e+01 7.943097984434701608e-01
2.661639999999999873e+01 7.934128823750851156e-01
2.662999999999999901e+01 7.925537124990247317e-01
2.664359999999999928e+01 7.917091278296490842e-01
2.665719999999999956e+01 7.908559601789879601e-01
2.667070000000000007e+01 7.899727711076414138e-01
2.668430000000000035e+01 7.890413224214715138e-01
2.669790000000000063e+01 7.880477077788694551e-01
2.671140000000000114e+01 7.869830299224066517e-01
2.672500000000000142e+01 7.858435698860015695e-01
2.673860000000000170e+01 7.846304730946160877e-01
2.675219999999999843e+01 7.833490598790218140e-01
2.676569999999999894e+01 7.820078173135810440e-01
2.677929999999999922e+01 7.806172599214509233e-01
2.679289999999999949e+01 7.791887455465539292e-01
2.680649999999999977e+01 7.777334983961827763e-01
2.682000000000000028e+01 7.762619650834745588e-01
2.683360000000000056e+01 7.747833537886221755e-01
2.684720000000000084e+01 7.733056194804343031e-01
2.686070000000000135e+01 7.718356623772937297e-01
2.687430000000000163e+01 7.703798285106030486e-01
2.688789999999999836e+01 7.689445741136202717e-01
2.690149999999999864e+01 7.675369868096374448e-01
2.691499999999999915e+01 7.661651336563674031e-01
2.692859999999999943e+01 7.648382428202169514e-01
2.694219999999999970e+01 7.635665625938112822e-01
2.695579999999999998e+01 7.623609516408992315e-01
2.696930000000000049e+01 7.612322834849798436e-01
2.698290000000000077e+01 7.601906746897579836e-01
2.699650000000000105e+01 7.592447087032848652e-01
2.701010000000000133e+01 7.584006642533982490e-01
2.702359999999999829e+01 7.576620059018561726e-01
2.703719999999999857e+01 7.570290799099442802e-01
2.705079999999999885e+01 7.564991844854503933e-01
2.706429999999999936e+01 7.560668192523676279e-01
2.707789999999999964e+01 7.557242240399704158e-01
2.709149999999999991e+01 7.554622510728888907e-01
2.710510000000000019e+01 7.552711237170885994e-01
2.711860000000000070e+01 7.551410414254667858e-01
2.713220000000000098e+01 7.550627912740148773e-01
2.714580000000000126e+01 7.550284079510158897e-01
2.715940000000000154e+01 7.550314318087620880e-01
2.717289999999999850e+01 7.550668386173615687e-01
2.718649999999999878e+01 7.551308792473513387e-01
2.720009999999999906e+01 7.552207817155489611e-01
2.721359999999999957e+01 7.553344268596389188e-01
2.722719999999999985e+01 7.554699209951049044e-01
2.724080000000000013e+01 7.556251903926766156e-01
2.725440000000000040e+01 7.557978020631446192e-01
2.726790000000000092e+01 7.559849425527052080e-01
2.728150000000000119e+01 7.561834708180152909e-01
2.729510000000000147e+01 7.563899810654157729e-01
2.730870000000000175e+01 7.566008363563876404e-01
2.732219999999999871e+01 7.568125878388027861e-01
2.733579999999999899e+01 7.570222614549084739e-01
2.734939999999999927e+01 7.572274981730827692e-01
2.736289999999999978e+01 7.574266333897770043e-01
2.737650000000000006e+01 7.576186867909382450e-01
2.739010000000000034e+01 7.578032984679233808e-01
2.740370000000000061e+01 7.579805896791373954e-01
2.741720000000000113e+01 7.581509899571604594e-01
2.743080000000000140e+01 7.583150247439178759e-01
2.744440000000000168e+01 7.584731802057641525e-01
2.745799999999999841e+01 7.586258542090336121e-01
2.747149999999999892e+01 7.587732709814767329e-01
2.748509999999999920e+01 7.589155963371616576e-01
2.749869999999999948e+01 7.590530378239958020e-01
2.751219999999999999e+01 7.591859351774179476e-01
2.752580000000000027e+01 7.593150590146479084e-01
2.753940000000000055e+01 7.594419141383369487e-01
2.755300000000000082e+01 7.595686444466128728e-01
2.756650000000000134e+01 7.596982075271940804e-01
2.758010000000000161e+01 7.598343733044888859e-01
2.759369999999999834e+01 7.599816528103959801e-01
2.760729999999999862e+01 7.601450270252675390e-01
2.762079999999999913e+01 7.603296394767424804e-01
2.763439999999999941e+01 7.605405011612380584e-01
2.764799999999999969e+01 7.607820636664321956e-01
2.766150000000000020e+01 7.610578677490795751e-01
2.767510000000000048e+01 7.613701541620008229e-01
2.768870000000000076e+01 7.617196052013609497e-01
2.770230000000000103e+01 7.621052949066641213e-01
2.771580000000000155e+01 7.625245874001065349e-01
2.772939999999999827e+01 7.629731187690881322e-01
2.774299999999999855e+01 7.634451120960790149e-01
2.775659999999999883e+01 7.639336572608241838e-01
2.777009999999999934e+01 7.644310951664350373e-01
2.778369999999999962e+01 7.649294862672771922e-01
2.779729999999999990e+01 7.654209959403222019e-01
2.781090000000000018e+01 7.658983145472163523e-01
2.782440000000000069e+01 7.663549589671749818e-01
2.783800000000000097e+01 7.667854948625834055e-01
2.785160000000000124e+01 7.671856340245488681e-01
2.786510000000000176e+01 7.675522547505326809e-01
2.787869999999999848e+01 7.678832720891970443e-01
2.789229999999999876e+01 7.681774342712648362e-01
2.790589999999999904e+01 7.684341803873816490e-01
2.791939999999999955e+01 7.686534236674591458e-01
2.793299999999999983e+01 7.688353616387015865e-01
2.794660000000000011e+01 7.689803698853581171e-01
2.796020000000000039e+01 7.690889938022331673e-01
2.797370000000000090e+01 7.691619837497026824e-01
2.798730000000000118e+01 7.692003763969413876e-01
2.800090000000000146e+01 7.692056032753193939e-01
2.801439999999999841e+01 7.691795714725302435e-01
2.802799999999999869e+01 7.691247135635920218e-01
2.804159999999999897e+01 7.690439511510352988e-01
2.805519999999999925e+01 7.689405735377941031e-01
2.806869999999999976e+01 7.688180547531937581e-01
2.808230000000000004e+01 7.686798231162850215e-01
2.809590000000000032e+01 7.685290069700553284e-01
2.810950000000000060e+01 7.683682179956410341e-01
2.812300000000000111e+01 7.681993863597804673e-01
2.813660000000000139e+01 7.680236792313200889e-01
2.815020000000000167e+01 7.678415368523945350e-01
2.816369999999999862e+01 7.676528109184090898e-01
2.817729999999999890e+01 7.674569841437632878e-01
2.819089999999999918e+01 7.672534570501767792e-01
2.820449999999999946e+01 7.670418508356300347e-01
2.821799999999999997e+01 7.668222897664755955e-01
2.823160000000000025e+01 7.665956727651555003e-01
2.824520000000000053e+01 7.663638183273434601e-01
2.825880000000000081e+01 7.661295390711251319e-01
2.827230000000000132e+01 7.658967253415860377e-01
2.828590000000000160e+01 7.656702383575325621e-01
2.829949999999999832e+01 7.654557940573694097e-01
2.831299999999999883e+01 7.652598263238538090e-01
2.832659999999999911e+01 7.650891468927414341e-01
2.834019999999999939e+01 7.649506922644637719e-01
2.835379999999999967e+01 7.648514527353067471e-01
2.836730000000000018e+01 7.647980519068913186e-01
2.838090000000000046e+01 7.647964834071880880e-01
2.839450000000000074e+01 7.648518636517078750e-01
2.840810000000000102e+01 7.649682307101406398e-01
2.842160000000000153e+01 7.651483295306944488e-01
2.843519999999999825e+01 7.653934763627987525e-01
2.844879999999999853e+01 7.657034666785380583e-01
2.846229999999999905e+01 7.660765671967715296e-01
2.847589999999999932e+01 7.665095765594895916e-01
2.848949999999999960e+01 7.669979278948677592e-01
2.850309999999999988e+01 7.675358383487169700e-01
2.851660000000000039e+01 7.681167051432058468e-01
2.853020000000000067e+01 7.687334801434839715e-01
2.854380000000000095e+01 7.693789102185852880e-01
2.855740000000000123e+01 7.700459358799636167e-01
2.857090000000000174e+01 7.707280460342925688e-01
2.858449999999999847e+01 7.714195955801981253e-01
2.859809999999999874e+01 7.721160090174149504e-01
2.861169999999999902e+01 7.728138649142423100e-01
2.862519999999999953e+01 7.735109323446615059e-01
2.863879999999999981e+01 7.742060678414374175e-01
2.865240000000000009e+01 7.748990166191913609e-01
2.866590000000000060e+01 7.755901242159157771e-01
2.867950000000000088e+01 7.762799824307058394e-01
2.869310000000000116e+01 7.769691008076471395e-01
2.870670000000000144e+01 7.776575913867687095e-01
2.872019999999999840e+01 7.783448982924989767e-01
2.873379999999999868e+01 7.790296597146305624e-01
2.874739999999999895e+01 7.797096626430224386e-01
2.876099999999999923e+01 7.803819028426233206e-01
2.877449999999999974e+01 7.810427780781596940e-01
2.878810000000000002e+01 7.816883516474479876e-01
2.880170000000000030e+01 7.823146719509926905e-01
2.881520000000000081e+01 7.829180872189130946e-01
2.882880000000000109e+01 7.834954609604429798e-01
2.884240000000000137e+01 7.840443532036776020e-01
2.885600000000000165e+01 7.845631056449335894e-01
2.886949999999999861e+01 7.850508206170736525e-01
2.888309999999999889e+01 7.855071612710778917e-01
2.889669999999999916e+01 7.859320926656293560e-01
2.891029999999999944e+01 7.863255513125492202e-01
2.892379999999999995e+01 7.866870992763161929e-01
2.893740000000000023e+01 7.870156165432677930e-01
2.895100000000000051e+01 7.873090579197696837e-01
2.896450000000000102e+01 7.875643282267452694e-01
2.897810000000000130e+01 7.877773096069178305e-01
2.899170000000000158e+01 7.879430217641700818e-01
2.900529999999999831e+01 7.880559264886090043e-01
2.901879999999999882e+01 7.881103528933997016e-01
2.903239999999999910e+01 7.881009840358743634e-01
2.904599999999999937e+01 7.880232959474657850e-01
2.905959999999999965e+01 7.878739661318752141e-01
2.907310000000000016e+01 7.876512133140202154e-01
2.908670000000000044e+01 7.873549766894154534e-01
2.910030000000000072e+01 7.869869396881299384e-01
2.911380000000000123e+01 7.865504006249202096e-01
2.912740000000000151e+01 7.860500115328151738e-01
2.914099999999999824e+01 7.854914199970602917e-01
2.915459999999999852e+01 7.848808746526874103e-01
2.916809999999999903e+01 7.842248445732181716e-01
2.918169999999999931e+01 7.835296849221151660e-01
2.919529999999999959e+01 7.828014264782231502e-01
2.920889999999999986e+01 7.820456790109019396e-01
2.922240000000000038e+01 7.812676931813952175e-01
2.923600000000000065e+01 7.804725342929517140e-01
2.924960000000000093e+01 7.796653223199353500e-01
2.926320000000000121e+01 7.788515241413841439e-01
2.927670000000000172e+01 7.780372316880349581e-01
2.929029999999999845e+01 7.772293607091982359e-01
2.930389999999999873e+01 7.764357318372498984e-01
2.931739999999999924e+01 7.756650256045337644e-01
2.933099999999999952e+01 7.749265853424096573e-01
2.934459999999999980e+01 7.742300958222504415e-01
2.935820000000000007e+01 7.735851472730331801e-01
2.937170000000000059e+01 7.730007606588699121e-01
2.938530000000000086e+01 7.724848969101546503e-01
2.939890000000000114e+01 7.720440489519342364e-01
2.941250000000000142e+01 7.716829312281606734e-01
2.942599999999999838e+01 7.714042476350677635e-01
2.943959999999999866e+01 7.712086510731041011e-01
2.945319999999999894e+01 7.710948482068675780e-01
2.946669999999999945e+01 7.710598386744091925e-01
2.948029999999999973e+01 7.710992572786047328e-01
2.949390000000000001e+01 7.712077708047948565e-01
2.950750000000000028e+01 7.713794854413627000e-01
2.952100000000000080e+01 7.716083329038589955e-01
2.953460000000000107e+01 7.718884089424680184e-01
2.954820000000000135e+01 7.722142249163013172e-01
2.956180000000000163e+01 7.725808783087282361e-01
2.957529999999999859e+01 7.729841278326634590e-01
2.958889999999999887e+01 7.734203973045454816e-01
2.960249999999999915e+01 7.738867003650030663e-01
2.961599999999999966e+01 7.743805379869386218e-01
2.962959999999999994e+01 7.748998051167645951e-01
2.964320000000000022e+01 7.754426394815248091e-01
2.965680000000000049e+01 7.760072576526442223e-01
2.967030000000000101e+01 7.765918194839080968e-01
2.968390000000000128e+01 7.771943951638485837e-01
2.969750000000000156e+01 7.778128964424786407e-01
2.971109999999999829e+01 7.784450594229508358e-01
2.972459999999999880e+01 7.790884610171773250e-01
2.973819999999999908e+01 7.797405334284134293e-01
2.975179999999999936e+01 7.803986165732581526e-01
2.976529999999999987e+01 7.810600226319711625e-01
2.977890000000000015e+01 7.817220960625462789e-01
2.979250000000000043e+01 7.823822884209304940e-01
2.980610000000000070e+01 7.830382287850086165e-01
2.981960000000000122e+01 7.836877560862574033e-01
2.983320000000000149e+01 7.843289726552205021e-01
2.984680000000000177e+01 7.849603231181492280e-01
2.986039999999999850e+01 7.855805948925593807e-01
2.987389999999999901e+01 7.861888913374294185e-01
2.988749999999999929e+01 7.867846390666520806e-01
2.990109999999999957e+01 7.873675653610529013e-01
2.991460000000000008e+01 7.879376673687370491e-01
2.992820000000000036e+01 7.884951663853835280e-01
2.994180000000000064e+01 7.890404586902843853e-01
2.995540000000000092e+01 7.895740658526444467e-01
2.996890000000000143e+01 7.900965852856739469e-01
2.998250000000000171e+01 7.906086374236865888e-01
2.999609999999999843e+01 7.911108258781005542e-01
3.000969999999999871e+01 7.916037109086128121e-01
3.002319999999999922e+01 7.920877711158095247e-01
3.003679999999999950e+01 7.925633899675306182e-01
3.005039999999999978e+01 7.930308669043797387e-01
3.006400000000000006e+01 7.934904107324198819e-01
3.007750000000000057e+01 7.939421613199618699e-01
3.009110000000000085e+01 7.943862089091997536e-01
3.010470000000000113e+01 7.948226273175246215e-01
3.011820000000000164e+01 7.952514965878304531e-01
3.013179999999999836e+01 7.956729395452104558e-01
3.014539999999999864e+01 7.960871356976830793e-01
3.015899999999999892e+01 7.964943437723596142e-01
3.017249999999999943e+01 7.968949081587410888e-01
3.018609999999999971e+01 7.972892514740317349e-01
3.019969999999999999e+01 7.976778651776945672e-01
3.021330000000000027e+01 7.980612857380334768e-01
3.022680000000000078e+01 7.984400672799181198e-01
3.024040000000000106e+01 7.988147485719707674e-01
3.025400000000000134e+01 7.991858242738502094e-01
3.026749999999999829e+01 7.995537161262160630e-01
3.028109999999999857e+01 7.999187558910019202e-01
3.029469999999999885e+01 8.002811732371900577e-01
3.030829999999999913e+01 8.006411024154800327e-01
3.032179999999999964e+01 8.009985937076804507e-01
3.033539999999999992e+01 8.013536377716825587e-01
3.034900000000000020e+01 8.017061990315449416e-01
3.036260000000000048e+01 8.020562581802774815e-01
3.037610000000000099e+01 8.024038499994274876e-01
3.038970000000000127e+01 8.027491022449974034e-01
3.040330000000000155e+01 8.030922667669757598e-01
3.041679999999999851e+01 8.034337449641040241e-01
3.043039999999999878e+01 8.037740955727898928e-01
3.044399999999999906e+01 8.041140280267127238e-01
3.045759999999999934e+01 8.044543815873030912e-01
3.047109999999999985e+01 8.047960936661834319e-01
3.048470000000000013e+01 8.051401524309638180e-01
3.049830000000000041e+01 8.054875482881712623e-01
3.051190000000000069e+01 8.058392102302940341e-01
3.052540000000000120e+01 8.061959473787468911e-01
3.053900000000000148e+01 8.065584175538812461e-01
3.055260000000000176e+01 8.069270823812831894e-01
3.056609999999999872e+01 8.073021847796693073e-01
3.057969999999999899e+01 8.076837481788514683e-01
3.059329999999999927e+01 8.080715848668715839e-01
3.060689999999999955e+01 8.084653199254392408e-01
3.062040000000000006e+01 8.088644356134887525e-01
3.063400000000000034e+01 8.092683046287505455e-01
3.064760000000000062e+01 8.096762395997842976e-01
3.066120000000000090e+01 8.100875462493380974e-01
3.067470000000000141e+01 8.105015679501728076e-01
3.068830000000000169e+01 8.109177140044085963e-01
3.070189999999999841e+01 8.113354838404460700e-01
3.071539999999999893e+01 8.117544832927278131e-01
3.072899999999999920e+01 8.121744250540189336e-01
3.074259999999999948e+01 8.125951251234673212e-01
3.075619999999999976e+01 8.130164898194636169e-01
3.076970000000000027e+01 8.134384891911046189e-01
3.078330000000000055e+01 8.138611394286645595e-01
3.079690000000000083e+01 8.142844755972706849e-01
3.081050000000000111e+01 8.147085277919179358e-01
3.082400000000000162e+01 8.151333003409276801e-01
3.083759999999999835e+01 8.155587554778783721e-01
3.085119999999999862e+01 8.159848011211684460e-01
3.086479999999999890e+01 8.164112908700223992e-01
3.087829999999999941e+01 8.168380177545233600e-01
3.089189999999999969e+01 8.172647242295664194e-01
3.090549999999999997e+01 8.176911073648134298e-01
3.091900000000000048e+01 8.181168385567036960e-01
3.093260000000000076e+01 8.185415676564927745e-01
3.094620000000000104e+01 8.189649460082892851e-01
3.095980000000000132e+01 8.193866309614513677e-01
3.097329999999999828e+01 8.198062993773143070e-01
3.098689999999999856e+01 8.202236586617941416e-01
3.100049999999999883e+01 8.206384458246973601e-01
3.101409999999999911e+01 8.210504336498336553e-01
3.102759999999999962e+01 8.214594294274167874e-01
3.104119999999999990e+01 8.218652712820594397e-01
3.105480000000000018e+01 8.222678280474525758e-01
3.106830000000000069e+01 8.226669948335925131e-01
3.108190000000000097e+01 8.230626892913406323e-01
3.109550000000000125e+01 8.234548481501732242e-01
3.110910000000000153e+01 8.238434242897993975e-01
3.112259999999999849e+01 8.242283830807398681e-01
3.113619999999999877e+01 8.246097041119877513e-01
3.114979999999999905e+01 8.249873767479566355e-01
3.116339999999999932e+01 8.253613993975350560e-01
3.117689999999999984e+01 8.257317814561324631e-01
3.119050000000000011e+01 8.260985435437989688e-01
3.120410000000000039e+01 8.264617113921272074e-01
3.121760000000000090e+01 8.268213202377794335e-01
3.123120000000000118e+01 8.271774073528583848e-01
3.124480000000000146e+01 8.275300189737141432e-01
3.125840000000000174e+01 8.278791989790317274e-01
3.127189999999999870e+01 8.282249902861140711e-01
3.128549999999999898e+01 8.285674301698763289e-01
3.129909999999999926e+01 8.289065500510549578e-01
3.131269999999999953e+01 8.292423685635157415e-01
3.132620000000000005e+01 8.295748934566807842e-01
3.133980000000000032e+01 8.299041167188941914e-01
3.135340000000000060e+01 8.302300168155817284e-01
3.136690000000000111e+01 8.305525560453680400e-01
3.138050000000000139e+01 8.308716867636989356e-01
3.139410000000000167e+01 8.311873520608697996e-01
3.140769999999999840e+01 8.314994899440644183e-01
3.142119999999999891e+01 8.318080424375572379e-01
3.143479999999999919e+01 8.321129586654163468e-01
3.144839999999999947e+01 8.324142028521386294e-01
3.146199999999999974e+01 8.327117598256428277e-01
3.147550000000000026e+01 8.330056441866915407e-01
3.148910000000000053e+01 8.332958977564338676e-01
3.150270000000000081e+01 8.335826007091955425e-01
3.151620000000000132e+01 8.338658644666577802e-01
3.152980000000000160e+01 8.341458395527890923e-01
3.154339999999999833e+01 8.344227062269886641e-01
3.155699999999999861e+01 8.346966760835906607e-01
3.157049999999999912e+01 8.349679867607666672e-01
3.158409999999999940e+01 8.352368983197504537e-01
3.159769999999999968e+01 8.355036871525969300e-01
3.161129999999999995e+01 8.357686406122852851e-01
3.162480000000000047e+01 8.360320540418453295e-01
3.163840000000000074e+01 8.362942262898145351e-01
3.165200000000000102e+01 8.365554520058486876e-01
3.166560000000000130e+01 8.368160161583548806e-01
3.167909999999999826e+01 8.370761907678809788e-01
3.169269999999999854e+01 8.373362290724203350e-01
3.170629999999999882e+01 8.375963573780916827e-01
3.171979999999999933e+01 8.378567698302117339e-01
3.173339999999999961e+01 8.381176273082562300e-01
3.174699999999999989e+01 8.383790501230971026e-01
3.176060000000000016e+01 8.386411204848688294e-01
3.177410000000000068e+01 8.389038792109781983e-01
3.178770000000000095e+01 8.391673279234022065e-01
3.180130000000000123e+01 8.394314349034358580e-01
3.181490000000000151e+01 8.396961360169215016e-01
3.182839999999999847e+01 8.399613401384045108e-01
3.184199999999999875e+01 8.402269369952201084e-01
3.185559999999999903e+01 8.404927987831949387e-01
3.186909999999999954e+01 8.407587859181090417e-01
3.188269999999999982e+01 8.410247507416951374e-01
3.189630000000000010e+01 8.412905405484001342e-01
3.190990000000000038e+01 8.415560000345366776e-01
3.192340000000000089e+01 8.418209727731764680e-01
3.193700000000000117e+01 8.420853035538358178e-01
3.195060000000000144e+01 8.423488415600594026e-01
3.196420000000000172e+01 8.426114399218459505e-01
3.197769999999999868e+01 8.428729593542176879e-01
3.199129999999999896e+01 8.431332684635750585e-01
3.200489999999999924e+01 8.433922523534108651e-01
3.201839999999999975e+01 8.436498083080388177e-01
3.203199999999999648e+01 8.439058529395314645e-01
3.204560000000000031e+01 8.441603184339450117e-01
3.205919999999999703e+01 8.444131608815462764e-01
3.207269999999999754e+01 8.446643543767763385e-01
3.208630000000000138e+01 8.449138910397038238e-01
3.209989999999999810e+01 8.451617826058270833e-01
3.211350000000000193e+01 8.454080552738754140e-01
3.212700000000000244e+01 8.456527461791801814e-01
3.214059999999999917e+01 8.458959033209533240e-01
3.215420000000000300e+01 8.461375772176102927e-01
3.216770000000000351e+01 8.463778244402361262e-01
3.218130000000000024e+01 8.466166979368058287e-01
3.219489999999999696e+01 8.468542474703230072e-01
3.220850000000000080e+01 8.470905207292070971e-01
3.222200000000000131e+01 8.473255556125731669e-01
3.223559999999999803e+01 8.475593881480183445e-01
3.224920000000000186e+01 8.477920446976084934e-01
3.226279999999999859e+01 8.480235509195253041e-01
3.227629999999999910e+01 8.482539246994283966e-01
3.228990000000000293e+01 8.484831854711109012e-01
3.230349999999999966e+01 8.487113471783850338e-01
3.231710000000000349e+01 8.489384259618649731e-01
3.233059999999999690e+01 8.491644372487728853e-01
3.234420000000000073e+01 8.493893969094390428e-01
3.235779999999999745e+01 8.496133213518476390e-01
3.237129999999999797e+01 8.498362274105011327e-01
3.238490000000000180e+01 8.500581321014597513e-01
3.239849999999999852e+01 8.502790515164388996e-01
3.241210000000000235e+01 8.504990026828749272e-01
3.242560000000000286e+01 8.507180018921284281e-01
3.243919999999999959e+01 8.509360617279106975e-01
3.245280000000000342e+01 8.511531963076680585e-01
3.246640000000000015e+01 8.513694184640319129e-01
3.247990000000000066e+01 8.515847378022157743e-01
3.249349999999999739e+01 8.517991626266742111e-01
3.250710000000000122e+01 8.520127033129016869e-01
3.252060000000000173e+01 8.522253660440789469e-01
3.253419999999999845e+01 8.524371571605047215e-01
3.254780000000000229e+01 8.526480826934662582e-01
3.256139999999999901e+01 8.528581501381200525e-01
3.257489999999999952e+01 8.530673657110533492e-01
3.258850000000000335e+01 8.532757375501370811e-01
3.260210000000000008e+01 8.534832753072900680e-01
3.261569999999999681e+01 8.536899917654434677e-01
3.262919999999999732e+01 8.538958997132534146e-01
3.264280000000000115e+01 8.541010145412919474e-01
3.265639999999999787e+01 8.543053530751869573e-01
3.266989999999999839e+01 8.545089329925552590e-01
3.268350000000000222e+01 8.547117720801088447e-01
3.269709999999999894e+01 8.549138887758629402e-01
3.271070000000000277e+01 8.551152981842347067e-01
3.272420000000000329e+01 8.553160149350645947e-01
3.273780000000000001e+01 8.555160491856620419e-01
3.275139999999999674e+01 8.557154095877124167e-01
3.276500000000000057e+01 8.559141019579579179e-01
3.277850000000000108e+01 8.561121295356907135e-01
3.279209999999999781e+01 8.563094942058853132e-01
3.280570000000000164e+01 8.565061943108580600e-01
3.281920000000000215e+01 8.567022297837965095e-01
3.283279999999999887e+01 8.568975981740487580e-01
3.284640000000000271e+01 8.570922986613571659e-01
3.285999999999999943e+01 8.572863289138853427e-01
3.287349999999999994e+01 8.574796885273322511e-01
3.288709999999999667e+01 8.576723785994877503e-01
3.290070000000000050e+01 8.578643990594537749e-01
3.291429999999999723e+01 8.580557518602091038e-01
3.292779999999999774e+01 8.582464404216898490e-01
3.294140000000000157e+01 8.584364669522586144e-01
3.295499999999999829e+01 8.586258365310609486e-01
3.296849999999999881e+01 8.588145532247761782e-01
3.298210000000000264e+01 8.590026235372529850e-01
3.299569999999999936e+01 8.591900561607067610e-01
3.300930000000000319e+01 8.593768595773931818e-01
3.302279999999999660e+01 8.595630463059108495e-01
3.303640000000000043e+01 8.597486290122147157e-01
3.304999999999999716e+01 8.599336245069186813e-01
3.306360000000000099e+01 8.601180481454338000e-01
3.307710000000000150e+01 8.603019205408091175e-01
3.309069999999999823e+01 8.604852600940976481e-01
3.310430000000000206e+01 8.606680868406706431e-01
3.311789999999999878e+01 8.608504181114964293e-01
3.313139999999999930e+01 8.610322678773713045e-01
3.314500000000000313e+01 8.612136483076622273e-01
3.315859999999999985e+01 8.613945648419588652e-01
3.317210000000000036e+01 8.615750195823285162e-01
3.318569999999999709e+01 8.617550056964493610e-01
3.319930000000000092e+01 8.619345147797493611e-01
3.321289999999999765e+01 8.621135315243431130e-01
3.322639999999999816e+01 8.622920359985619676e-01
3.324000000000000199e+01 8.624700075814513145e-01
3.325359999999999872e+01 8.626474232010551413e-01
3.326720000000000255e+01 8.628242580038389953e-01
3.328070000000000306e+01 8.630004926123462372e-01
3.329429999999999978e+01 8.631761084731999212e-01
3.330789999999999651e+01 8.633510902109604590e-01
3.332139999999999702e+01 8.635254291036675856e-01
3.333500000000000085e+01 8.636991190946240460e-01
3.334859999999999758e+01 8.638721615697257938e-01
3.336220000000000141e+01 8.640445618939450734e-01
3.337570000000000192e+01 8.642163326997096551e-01
3.338929999999999865e+01 8.643874902931680815e-01
3.340290000000000248e+01 8.645580539898288785e-01
3.341649999999999920e+01 8.647280476013756711e-01
3.342999999999999972e+01 8.648974983580224318e-01
3.344360000000000355e+01 8.650664319757555010e-01
3.345720000000000027e+01 8.652348758830750164e-01
3.347070000000000078e+01 8.654028552970498556e-01
3.348429999999999751e+01 8.655703929600422342e-01
3.349790000000000134e+01 8.657375062319149217e-01
3.351149999999999807e+01 8.659042124853059130e-01
3.352499999999999858e+01 8.660705231376485402e-01
3.353860000000000241e+01 8.662364446500874227e-01
3.355219999999999914e+01 8.664019821641067987e-01
3.356580000000000297e+01 8.665671374702755836e-01
3.357930000000000348e+01 8.667319091890616223e-01
3.359290000000000020e+01 8.668962966215276733e-01
3.360649999999999693e+01 8.670602976312395960e-01
3.361999999999999744e+01 8.672239077105127203e-01
3.363360000000000127e+01 8.673871260385871418e-01
3.364719999999999800e+01 8.675499496829628399e-01
3.366080000000000183e+01 8.677123743157917346e-01
3.367430000000000234e+01 8.678743972549096686e-01
3.368789999999999907e+01 8.680360133536312306e-01
3.370150000000000290e+01 8.681972189307347598e-01
3.371509999999999962e+01 8.683580091954627989e-01
3.372860000000000014e+01 8.685183779332867893e-01
3.374219999999999686e+01 8.686783209961996821e-01
3.375580000000000069e+01 8.688378326789516493e-01
3.376930000000000121e+01 8.689969100552252801e-01
3.378289999999999793e+01 8.691555506574794032e-01
3.379650000000000176e+01 8.693137522062948097e-01
3.381009999999999849e+01 8.694715159196274579e-01
3.382359999999999900e+01 8.696288425205992434e-01
3.383720000000000283e+01 8.697857360630900647e-01
3.385079999999999956e+01 8.699421997059278988e-01
3.386440000000000339e+01 8.700982401418247969e-01
3.387789999999999679e+01 8.702538605942790051e-01
3.389150000000000063e+01 8.704090676013089833e-01
3.390509999999999735e+01 8.705638654372973573e-01
3.391870000000000118e+01 8.707182598770560888e-01
3.393220000000000169e+01 8.708722540960055492e-01
3.394579999999999842e+01 8.710258525799094986e-01
3.395940000000000225e+01 8.711790571631692348e-01
3.397290000000000276e+01 8.713318710422639501e-01
3.398649999999999949e+01 8.714842956547890207e-01
3.400010000000000332e+01 8.716363320254664204e-01
3.401370000000000005e+01 8.717879799795321683e-01
3.402720000000000056e+01 8.719392407824155811e-01
3.404079999999999728e+01 8.720901131468208334e-01
3.405440000000000111e+01 8.722405971330849939e-01
3.406799999999999784e+01 8.723906909055196834e-01
3.408149999999999835e+01 8.725403919992708035e-01
3.409510000000000218e+01 8.726896965683386131e-01
3.410869999999999891e+01 8.728386022170868674e-01
3.412219999999999942e+01 8.729871043903472128e-01
3.413580000000000325e+01 8.731352002606111995e-01
3.414939999999999998e+01 8.732828871546558513e-01
3.416299999999999670e+01 8.734301631811024480e-01
3.417649999999999721e+01 8.735770305451444617e-01
3.419010000000000105e+01 8.737234922085019839e-01
3.420369999999999777e+01 8.738695557349759335e-01
3.421730000000000160e+01 8.740152313232874004e-01
3.423080000000000211e+01 8.741605316769966993e-01
3.424439999999999884e+01 8.743054750206344927e-01
3.425800000000000267e+01 8.744500778007266995e-01
3.427150000000000318e+01 8.745943595034870732e-01
3.428509999999999991e+01 8.747383407195461480e-01
3.429869999999999663e+01 8.748820395547777240e-01
3.431230000000000047e+01 8.750254717469149179e-01
3.432580000000000098e+01 8.751686488277018450e-01
3.433939999999999770e+01 8.753115794231447477e-01
3.435300000000000153e+01 8.754542666377901350e-01
3.436659999999999826e+01 8.755967079297186650e-01
3.438009999999999877e+01 8.757388974920179425e-01
3.439370000000000260e+01 8.758808247728417928e-01
3.440729999999999933e+01 8.760224754373854283e-01
3.442079999999999984e+01 8.761638346896849505e-01
3.443439999999999657e+01 8.763048865023913558e-01
3.444800000000000040e+01 8.764456149866061141e-01
3.446159999999999712e+01 8.765860077776067572e-01
3.447509999999999764e+01 8.767260536423104877e-01
3.448870000000000147e+01 8.768657484237656341e-01
3.450229999999999819e+01 8.770050882913373869e-01
3.451590000000000202e+01 8.771440754703487830e-01
3.452940000000000254e+01 8.772827177905313523e-01
3.454299999999999926e+01 8.774210221131798493e-01
3.455660000000000309e+01 8.775589998263841895e-01
3.457009999999999650e+01 8.776966608785793378e-01
3.458370000000000033e+01 8.778340169831124751e-01
3.459729999999999706e+01 8.779710768220201356e-01
3.461090000000000089e+01 8.781078451213215619e-01
3.462440000000000140e+01 8.782443264565238383e-01
3.463799999999999812e+01 8.783805178927327484e-01
3.465160000000000196e+01 8.785164156429275950e-01
3.466519999999999868e+01 8.786520107810391611e-01
3.467869999999999919e+01 8.787872952215833866e-01
3.469230000000000302e+01 8.789222556427707111e-01
3.470589999999999975e+01 8.790568811847239150e-01
3.471949999999999648e+01 8.791911598919095461e-01
3.473299999999999699e+01 8.793250837176037615e-01
3.474660000000000082e+01 8.794586468323807305e-01
3.476019999999999754e+01 8.795918471365530289e-01
3.477369999999999806e+01 8.797246853975160263e-01
3.478730000000000189e+01 8.798571684936465909e-01
3.480089999999999861e+01 8.799893052428597873e-01
3.481450000000000244e+01 8.801211110935921456e-01
3.482800000000000296e+01 8.802526002783725989e-01
3.484159999999999968e+01 8.803837913756767941e-01
3.485520000000000351e+01 8.805147014641296899e-01
3.486880000000000024e+01 8.806453488431496002e-01
3.488230000000000075e+01 8.807757492668129018e-01
3.489589999999999748e+01 8.809059157401486484e-01
3.490950000000000131e+01 8.810358564426929995e-01
3.492300000000000182e+01 8.811655773488040744e-01
3.493659999999999854e+01 8.812950788639654087e-01
3.495020000000000238e+01 8.814243564485289006e-01
3.496379999999999910e+01 8.815534049982926001e-01
3.497729999999999961e+01 8.816822125968990509e-01
3.499090000000000344e+01 8.818107680949422988e-01
3.500450000000000017e+01 8.819390583525109628e-01
3.501809999999999690e+01 8.820670699478082577e-01
3.503159999999999741e+01 8.821947929251012788e-01
3.504520000000000124e+01 8.823222178589033016e-01
3.505879999999999797e+01 8.824493404824054199e-01
3.507229999999999848e+01 8.825761602467864231e-01
3.508590000000000231e+01 8.827026777707805971e-01
3.509949999999999903e+01 8.828288997958093631e-01
3.511310000000000286e+01 8.829548339114301481e-01
3.512660000000000338e+01 8.830804916322667619e-01
3.514020000000000010e+01 8.832058842665200249e-01
3.515379999999999683e+01 8.833310223808013006e-01
3.516740000000000066e+01 8.834559174187017749e-01
3.518090000000000117e+01 8.835805777266141359e-01
3.519449999999999790e+01 8.837050084284805429e-01
3.520810000000000173e+01 8.838292136484146022e-01
3.522160000000000224e+01 8.839531945851490935e-01
3.523519999999999897e+01 8.840769470857591239e-01
3.524880000000000280e+01 8.842004672815552135e-01
3.526239999999999952e+01 8.843237482547150474e-01
3.527590000000000003e+01 8.844467819815201581e-01
3.528949999999999676e+01 8.845695592347002645e-01
3.530310000000000059e+01 8.846920728725101712e-01
3.531669999999999732e+01 8.848143153165646257e-01
3.533019999999999783e+01 8.849362795445326890e-01
3.534380000000000166e+01 8.850579620414885662e-01
3.535739999999999839e+01 8.851793598913705319e-01
3.537100000000000222e+01 8.853004721511236186e-01
3.538450000000000273e+01 8.854212990607834843e-01
3.539809999999999945e+01 8.855418446053844317e-01
3.541170000000000329e+01 8.856621133161450832e-01
3.542519999999999669e+01 8.857821106750349838e-01
3.543880000000000052e+01 8.859018455779197332e-01
3.545239999999999725e+01 8.860213270177111911e-01
3.546600000000000108e+01 8.861405650639790910e-01
3.547950000000000159e+01 8.862595696296868830e-01
3.549309999999999832e+01 8.863783524768283906e-01
3.550670000000000215e+01 8.864969233314942132e-01
3.552029999999999887e+01 8.866152902567450145e-01
3.553379999999999939e+01 8.867334586653977668e-01
3.554740000000000322e+01 8.868514296392633334e-01
3.556099999999999994e+01 8.869692018510099141e-01
3.557450000000000045e+01 8.870867681050113029e-01
3.558809999999999718e+01 8.872041167123907446e-01
3.560170000000000101e+01 8.873212320656819196e-01
3.561529999999999774e+01 8.874380949538258623e-01
3.562879999999999825e+01 8.875546866908419208e-01
3.564240000000000208e+01 8.876709877969635176e-01
3.565599999999999881e+01 8.877869811399535793e-01
3.566960000000000264e+01 8.879026536403161751e-01
3.568310000000000315e+01 8.880179968982538918e-01
3.569669999999999987e+01 8.881330107465876811e-01
3.571029999999999660e+01 8.882477005358164757e-01
3.572379999999999711e+01 8.883620782302126262e-01
3.573740000000000094e+01 8.884761616848557697e-01
3.575099999999999767e+01 8.885899735282447587e-01
3.576460000000000150e+01 8.887035390279175440e-01
3.577810000000000201e+01 8.888168859292561175e-01
3.579169999999999874e+01 8.889300429870965470e-01
3.580530000000000257e+01 8.890430373037517819e-01
3.581889999999999930e+01 8.891558939669265138e-01
3.583239999999999981e+01 8.892686351822606250e-01
3.584599999999999653e+01 8.893812796595794712e-01
3.585960000000000036e+01 8.894938422197109507e-01
3.587310000000000088e+01 8.896063328087403521e-01
3.588669999999999760e+01 8.897187590148525338e-01
3.590030000000000143e+01 8.898311229516615573e-01
3.591389999999999816e+01 8.899434225538069843e-01
3.592739999999999867e+01 8.900556502876162401e-01
3.594100000000000250e+01 8.901677962715346393e-01
3.595459999999999923e+01 8.902798457654337305e-01
3.596820000000000306e+01 8.903917801610030658e-01
3.598169999999999646e+01 8.905035773791374343e-01
3.599530000000000030e+01 8.906152124868406128e-01
3.600889999999999702e+01 8.907266585663333736e-01
3.602239999999999753e+01 8.908378870787473369e-01
3.603600000000000136e+01 8.909488705207803116e-01
3.604959999999999809e+01 8.910595838873527352e-01
3.606320000000000192e+01 8.911700048291378851e-01
3.607670000000000243e+01 8.912801157760663617e-01
3.609029999999999916e+01 8.913899050444686889e-01
3.610390000000000299e+01 8.914993675497001613e-01
3.611749999999999972e+01 8.916085050189246353e-01
3.613100000000000023e+01 8.917173243428001550e-01
3.614459999999999695e+01 8.918258397431504392e-01
3.615820000000000078e+01 8.919340687936735401e-01
3.617179999999999751e+01 8.920420315152496338e-01
3.618529999999999802e+01 8.921497486017770928e-01
3.619890000000000185e+01 8.922572397487433804e-01
3.621249999999999858e+01 8.923645209664883282e-01
3.622599999999999909e+01 8.924716066782700796e-01
3.623960000000000292e+01 8.925785066359694930e-01
3.625319999999999965e+01 8.926852267187845857e-01
3.626680000000000348e+01 8.927917694114732017e-01
3.628029999999999688e+01 8.928981332932908188e-01
3.629390000000000072e+01 8.930043170385399964e-01
3.630749999999999744e+01 8.931103177373891366e-01
3.632110000000000127e+01 8.932161324655560897e-01
3.633460000000000178e+01 8.933217588821202870e-01
3.634819999999999851e+01 8.934271942699827385e-01
3.636180000000000234e+01 8.935324386759422310e-01
3.637530000000000285e+01 8.936374921638057245e-01
3.638889999999999958e+01 8.937423553030474643e-01
3.640250000000000341e+01 8.938470288416470177e-01
3.641610000000000014e+01 8.939515120910428436e-01
3.642960000000000065e+01 8.940558057283036764e-01
3.644319999999999737e+01 8.941599090291837415e-01
3.645680000000000121e+01 8.942638205998705292e-01
3.647039999999999793e+01 8.943675384828507768e-01
3.648389999999999844e+01 8.944710590803774952e-01
3.649750000000000227e+01 8.945743805171166851e-01
3.651109999999999900e+01 8.946775003943270299e-01
3.652459999999999951e+01 8.947804169478026370e-01
3.653820000000000334e+01 8.948831281462357179e-01
3.655180000000000007e+01 8.949856350987063225e-01
3.656539999999999679e+01 8.950879397265982806e-01
3.657889999999999731e+01 8.951900464728852480e-01
3.659250000000000114e+01 8.952919584784748697e-01
3.660609999999999786e+01 8.953936836449651882e-01
3.661970000000000169e+01 8.954952305583543382e-01
3.663320000000000221e+01 8.955966089558390353e-01
3.664679999999999893e+01 8.956978280242930968e-01
3.666040000000000276e+01 8.957988989562252202e-01
3.667390000000000327e+01 8.958998317958061230e-01
3.668750000000000000e+01 8.960006343437803000e-01
3.670109999999999673e+01 8.961013146787669692e-01
3.671470000000000056e+01 8.962018780945874008e-01
3.672820000000000107e+01 8.963023282786167778e-01
3.674179999999999779e+01 8.964026632234133318e-01
3.675540000000000163e+01 8.965028813044645384e-01
3.676899999999999835e+01 8.966029775346560093e-01
3.678249999999999886e+01 8.967029433422514240e-01
3.679610000000000269e+01 8.968027700634758625e-01
3.680969999999999942e+01 8.969024468863815436e-01
3.682319999999999993e+01 8.970019622309260976e-01
3.683679999999999666e+01 8.971013038644415349e-01
3.685040000000000049e+01 8.972004599824062732e-01
3.686399999999999721e+01 8.972994202418065335e-01
3.687749999999999773e+01 8.973981744409966765e-01
3.689110000000000156e+01 8.974967159660320881e-01
3.690469999999999828e+01 8.975950394679755862e-01
3.691830000000000211e+01 8.976931404909503920e-01
3.693180000000000263e+01 8.977910193344160739e-01
3.694539999999999935e+01 8.978886758339059693e-01
3.695900000000000318e+01 8.979861117965529660e-01
3.697259999999999991e+01 8.980833326341601808e-01
3.698610000000000042e+01 8.981803446042301298e-01
3.699969999999999715e+01 8.982771540691834034e-01
3.701330000000000098e+01 8.983737710417522004e-01
3.702680000000000149e+01 8.984702036893553734e-01
3.704039999999999822e+01 8.985664605050829312e-01
3.705400000000000205e+01 8.986625516857539298e-01
3.706759999999999877e+01 8.987584861369424249e-01
3.708109999999999928e+01 8.988542712905638332e-01
3.709470000000000312e+01 8.989499131767481055e-01
3.710829999999999984e+01 8.990454165762824523e-01
3.712189999999999657e+01 8.991407830237723164e-01
3.713539999999999708e+01 8.992360138221122678e-01
3.714900000000000091e+01 8.993311083393693561e-01
3.716259999999999764e+01 8.994260611924134174e-01
3.717609999999999815e+01 8.995208688083284887e-01
3.718970000000000198e+01 8.996155248608546096e-01
3.720329999999999870e+01 8.997100247511653492e-01
3.721690000000000254e+01 8.998043644664438512e-01
3.723040000000000305e+01 8.998985381020150331e-01
3.724399999999999977e+01 8.999925444815813913e-01
3.725759999999999650e+01 9.000863823619156268e-01
3.727120000000000033e+01 9.001800543924167730e-01
3.728470000000000084e+01 9.002735652154593149e-01
3.729829999999999757e+01 9.003669180641448166e-01
3.731190000000000140e+01 9.004601203796067654e-01
3.732540000000000191e+01 9.005531793464707224e-01
3.733899999999999864e+01 9.006461014606564897e-01
3.735260000000000247e+01 9.007388923154018290e-01
3.736619999999999919e+01 9.008315551680221578e-01
3.737969999999999970e+01 9.009240929889914540e-01
3.739330000000000354e+01 9.010165063645906303e-01
3.740690000000000026e+01 9.011087903399319643e-01
3.742049999999999699e+01 9.012009407067904654e-01
3.743399999999999750e+01 9.012929493016910154e-01
3.744760000000000133e+01 9.013848092233974763e-01
3.746119999999999806e+01 9.014765091982248624e-01
3.747469999999999857e+01 9.015680413282588512e-01
3.748830000000000240e+01 9.016593989185138769e-01
3.750189999999999912e+01 9.017505742356402010e-01
3.751550000000000296e+01 9.018415652917755043e-01
3.752900000000000347e+01 9.019323711623452589e-01
3.754260000000000019e+01 9.020229967050374942e-01
3.755619999999999692e+01 9.021134459476304324e-01
3.756980000000000075e+01 9.022037284411099645e-01
3.758330000000000126e+01 9.022938554195438776e-01
3.759689999999999799e+01 9.023838357811119204e-01
3.761050000000000182e+01 9.024736811693079286e-01
3.762409999999999854e+01 9.025633998705600014e-01
3.763759999999999906e+01 9.026530005510863264e-01
3.765120000000000289e+01 9.027424852398190369e-01
3.766479999999999961e+01 9.028318558976196062e-01
3.767830000000000013e+01 9.029211101208840518e-01
3.769189999999999685e+01 9.030102427801927067e-01
3.770550000000000068e+01 9.030992459000010131e-01
3.771909999999999741e+01 9.031881128246468382e-01
3.773259999999999792e+01 9.032768340628340997e-01
3.774620000000000175e+01 9.033654007774600814e-01
3.775979999999999848e+01 9.034538081519050134e-01
3.777340000000000231e+01 9.035420495969678223e-01
3.778690000000000282e+01 9.036301239481281389e-01
3.780049999999999955e+01 9.037180311772947672e-01
3.781410000000000338e+01 9.038057734382165531e-01
3.782759999999999678e+01 9.038933538644987609e-01
3.784120000000000061e+01 9.039807793230685284e-01
3.785479999999999734e+01 9.040680534284694092e-01
3.786840000000000117e+01 9.041551828470787422e-01
3.788190000000000168e+01 9.042421725205899152e-01
3.789549999999999841e+01 9.043290266495547236e-01
3.790910000000000224e+01 9.044157478303335163e-01
3.792269999999999897e+01 9.045023404594305649e-01
3.793619999999999948e+01 9.045888045914216580e-01
3.794980000000000331e+01 9.046751431164047341e-01
3.796340000000000003e+01 9.047613577499780124e-01
3.797690000000000055e+01 9.048474505385655231e-01
3.799049999999999727e+01 9.049334239427772042e-01
3.800410000000000110e+01 9.050192807510391013e-01
3.801769999999999783e+01 9.051050230648316486e-01
3.803119999999999834e+01 9.051906552123223371e-01
3.804480000000000217e+01 9.052761768904856732e-01
3.805839999999999890e+01 9.053615902845779662e-01
3.807200000000000273e+01 9.054468920216983685e-01
3.808550000000000324e+01 9.055320798203935206e-01
3.809909999999999997e+01 9.056171482011090568e-01
3.811269999999999669e+01 9.057020900502271710e-01
3.812619999999999720e+01 9.057868964072641749e-01
3.813980000000000103e+01 9.058715592435510056e-01
3.815339999999999776e+01 9.059560702514941610e-01
3.816700000000000159e+01 9.060404224249818395e-01
3.818050000000000210e+01 9.061246107849427744e-01
3.819409999999999883e+01 9.062086321526759969e-01
3.820770000000000266e+01 9.062924887239669491e-01
3.822129999999999939e+01 9.063761816669748672e-01
3.823479999999999990e+01 9.064597183860372276e-01
3.824839999999999662e+01 9.065431042926634930e-01
3.826200000000000045e+01 9.066263496437658720e-01
3.827550000000000097e+01 9.067094610491640561e-01
3.828909999999999769e+01 9.067924461878332787e-01
3.830270000000000152e+01 9.068753130152293895e-01
3.831629999999999825e+01 9.069580635427195725e-01
3.832979999999999876e+01 9.070407010473513498e-01
3.834340000000000259e+01 9.071232223150913487e-01
3.835699999999999932e+01 9.072056253992617503e-01
3.837060000000000315e+01 9.072879024148730043e-01
3.838409999999999656e+01 9.073700470486493197e-01
3.839770000000000039e+01 9.074520510821161290e-01
3.841129999999999711e+01 9.075339052949492613e-01
3.842490000000000094e+01 9.076156046570839075e-01
3.843840000000000146e+01 9.076971422800215183e-01
3.845199999999999818e+01 9.077785176729371575e-01
3.846560000000000201e+01 9.078597295331241046e-01
3.847910000000000252e+01 9.079407834711521463e-01
3.849269999999999925e+01 9.080216842181783043e-01
3.850630000000000308e+01 9.081024414936582634e-01
3.851989999999999981e+01 9.081830660014166279e-01
3.853340000000000032e+01 9.082635686123845531e-01
3.854699999999999704e+01 9.083439628325298276e-01
3.856060000000000088e+01 9.084242576900450894e-01
3.857419999999999760e+01 9.085044634185079904e-01
3.858769999999999811e+01 9.085845876953758671e-01
3.860130000000000194e+01 9.086646361683672346e-01
3.861489999999999867e+01 9.087446124441754813e-01
3.862839999999999918e+01 9.088245182466098138e-01
3.864200000000000301e+01 9.089043523998492358e-01
3.865559999999999974e+01 9.089841154137349166e-01
3.866919999999999646e+01 9.090638029187205760e-01
3.868269999999999698e+01 9.091434135109499604e-01
3.869630000000000081e+01 9.092229413400483296e-01
3.870989999999999753e+01 9.093023825593672393e-01
3.872350000000000136e+01 9.093817320986874453e-01
3.873700000000000188e+01 9.094609844898832174e-01
3.875059999999999860e+01 9.095401326809464670e-01
3.876420000000000243e+01 9.096191724402202805e-01
3.877770000000000294e+01 9.096980956728435430e-01
3.879129999999999967e+01 9.097768982255516335e-01
3.880490000000000350e+01 9.098555725351517021e-01
3.881850000000000023e+01 9.099341141948238398e-01
3.883200000000000074e+01 9.100125188712191449e-01
3.884559999999999746e+01 9.100907832430407129e-01
3.885920000000000130e+01 9.101689038548222976e-01
3.887279999999999802e+01 9.102468814498305694e-01
3.888629999999999853e+01 9.103247141017412059e-01
3.889990000000000236e+01 9.104024034248482389e-01
3.891349999999999909e+01 9.104799510893923919e-01
3.892699999999999960e+01 9.105573593470255300e-01
3.894060000000000343e+01 9.106346315377389367e-01
3.895420000000000016e+01 9.107117685559227294e-01
3.896779999999999688e+01 9.107887736989580540e-01
3.898129999999999740e+01 9.108656492276528960e-01
3.899490000000000123e+01 9.109423970519345826e-01
3.900849999999999795e+01 9.110190174685383058e-01
3.902210000000000178e+01 9.110955135181528775e-01
3.903560000000000230e+01 9.111718842907877702e-01
3.904919999999999902e+01 9.112481314149462053e-01
3.906280000000000285e+01 9.113242559456067315e-01
3.907630000000000337e+01 9.114002593037389133e-01
3.908990000000000009e+01 9.114761429172012486e-01
3.910349999999999682e+01 9.115519093224897507e-01
3.911710000000000065e+01 9.116275617344498094e-01
3.913060000000000116e+01 9.117031028238689050e-01
3.914419999999999789e+01 9.117785389822909980e-01
3.915780000000000172e+01 9.118538734260034362e-01
3.917139999999999844e+01 9.119291123731749771e-01
3.918489999999999895e+01 9.120042615465167035e-01
3.919850000000000279e+01 9.120793266671223254e-01
3.921209999999999951e+01 9.121543126201063778e-01
3.922570000000000334e+01 9.122292227985644431e-01
3.923919999999999675e+01 9.123040624851570524e-01
3.925280000000000058e+01 9.123788316969272394e-01
3.926639999999999731e+01 9.124535312233730266e-01
3.927989999999999782e+01 9.125281591687378624e-01
3.929350000000000165e+01 9.126027116885089274e-01
3.930709999999999837e+01 9.126771826121374831e-01
3.932070000000000221e+01 9.127515647166013490e-01
3.933420000000000272e+01 9.128258496438480529e-01
3.934779999999999944e+01 9.129000271613648687e-01
3.936140000000000327e+01 9.129740899851463976e-01
3.937500000000000000e+01 9.130480282306724371e-01
3.938850000000000051e+01 9.131218328654966410e-01
3.940209999999999724e+01 9.131954977804506157e-01
3.941570000000000107e+01 9.132690174663979921e-01
3.942920000000000158e+01 9.133423878883937252e-01
3.944279999999999831e+01 9.134156060123254095e-01
3.945640000000000214e+01 9.134886707894582791e-01
3.946999999999999886e+01 9.135615826568047604e-01
3.948349999999999937e+01 9.136343423208274084e-01
3.949710000000000321e+01 9.137069538192059692e-01
3.951069999999999993e+01 9.137794227811323333e-01
3.952429999999999666e+01 9.138517539250019528e-01
3.953779999999999717e+01 9.139239560646903460e-01
3.955140000000000100e+01 9.139960381529335098e-01
3.956499999999999773e+01 9.140680107036996960e-01
3.957849999999999824e+01 9.141398848256425680e-01
3.959210000000000207e+01 9.142116703714988635e-01
3.960569999999999879e+01 9.142833795159497345e-01
3.961930000000000263e+01 9.143550199773861076e-01
3.963280000000000314e+01 9.144265973613189269e-01
3.964639999999999986e+01 9.144981163733352236e-01
3.965999999999999659e+01 9.145695787177674507e-01
3.967360000000000042e+01 9.146409805214422706e-01
3.968710000000000093e+01 9.147123176086162655e-01
3.970069999999999766e+01 9.147835821967948977e-01
3.971430000000000149e+01 9.148547653265497459e-01
3.972780000000000200e+01 9.149258572025469327e-01
3.974139999999999873e+01 9.149968468474301009e-01
3.975500000000000256e+01 9.150677259654917961e-01
3.976859999999999928e+01 9.151384878900522546e-01
3.978209999999999980e+01 9.152091256224341720e-01
3.979569999999999652e+01 9.152796372284826010e-01
3.980930000000000035e+01 9.153500221748371857e-01
3.982289999999999708e+01 9.154202829636644001e-01
3.983639999999999759e+01 9.154904243432921973e-01
3.985000000000000142e+01 9.155604523592473232e-01
3.986359999999999815e+01 9.156303734990696164e-01
3.987709999999999866e+01 9.157001978024356115e-01
3.989070000000000249e+01 9.157699321790763181e-01
3.990429999999999922e+01 9.158395828208019118e-01
3.991790000000000305e+01 9.159091564416012021e-01
3.993139999999999645e+01 9.159786568622770853e-01
3.994500000000000028e+01 9.160480865438987985e-01
3.995859999999999701e+01 9.161174460877816728e-01
3.997220000000000084e+01 9.161867339233293883e-01
3.998570000000000135e+01 9.162559463640547186e-01
3.999929999999999808e+01 9.163250818023414013e-01
4.001290000000000191e+01 9.163941351797737500e-01
4.002649999999999864e+01 9.164631022276689132e-01
4.003999999999999915e+01 9.165319783383536478e-01
4.005360000000000298e+01 9.166007613450262159e-01
4.006719999999999970e+01 9.166694498889706999e-01
4.008070000000000022e+01 9.167380408999569186e-01
4.009429999999999694e+01 9.168065345029680069e-01
4.010790000000000077e+01 9.168749300178768991e-01
4.012149999999999750e+01 9.169432261584714583e-01
4.013499999999999801e+01 9.170114245311860035e-01
4.014860000000000184e+01 9.170795234287854036e-01
4.016219999999999857e+01 9.171475207556376574e-01
4.017580000000000240e+01 9.172154157954104381e-01
4.018930000000000291e+01 9.172832062925136976e-01
4.020289999999999964e+01 9.173508911233192453e-01
4.021650000000000347e+01 9.174184667701761331e-01
4.022999999999999687e+01 9.174859326170405893e-01
4.024360000000000070e+01 9.175532873889787888e-01
4.025719999999999743e+01 9.176205297492742163e-01
4.027080000000000126e+01 9.176876620844109933e-01
4.028430000000000177e+01 9.177546844350953359e-01
4.029789999999999850e+01 9.178215981210411378e-01
4.031150000000000233e+01 9.178884040340250516e-01
4.032509999999999906e+01 9.179551036741260273e-01
4.033859999999999957e+01 9.180216963557468191e-01
4.035220000000000340e+01 9.180881810414055488e-01
4.036580000000000013e+01 9.181545542779467883e-01
4.037930000000000064e+01 9.182208107235229066e-01
4.039289999999999736e+01 9.182869421090613660e-01
4.040650000000000119e+01 9.183529337637053036e-01
4.042009999999999792e+01 9.184187658865743398e-01
4.043359999999999843e+01 9.184844078687289803e-01
4.044720000000000226e+01 9.185498147710250416e-01
4.046079999999999899e+01 9.186149251443210817e-01
4.047440000000000282e+01 9.186796557302134847e-01
4.048790000000000333e+01 9.187438931563527422e-01
4.050150000000000006e+01 9.188074886114443451e-01
4.051509999999999678e+01 9.188702491274647333e-01
4.052859999999999729e+01 9.189319367921482407e-01
4.054220000000000113e+01 9.189922580128300211e-01
4.055579999999999785e+01 9.190508621587363258e-01
4.056940000000000168e+01 9.191073401372517049e-01
4.058290000000000219e+01 9.191612284069462513e-01
4.059649999999999892e+01 9.192120157085554855e-01
4.061010000000000275e+01 9.192591528401671264e-01
4.062369999999999948e+01 9.193020680120175259e-01
4.063719999999999999e+01 9.193401885952650066e-01
4.065079999999999671e+01 9.193729590337096358e-01
4.066440000000000055e+01 9.193998688433984157e-01
4.067799999999999727e+01 9.194204730929185221e-01
4.069149999999999778e+01 9.194344176476537678e-01
4.070510000000000161e+01 9.194414533170981452e-01
