# energy dos
-1.367949999999999910e+01 0.000000000000000000e+00
-1.366709999999999958e+01 0.000000000000000000e+00
-1.365460000000000029e+01 0.000000000000000000e+00
-1.364220000000000077e+01 0.000000000000000000e+00
-1.362969999999999970e+01 0.000000000000000000e+00
-1.361730000000000018e+01 0.000000000000000000e+00
-1.360490000000000066e+01 0.000000000000000000e+00
-1.359239999999999959e+01 0.000000000000000000e+00
-1.358000000000000007e+01 0.000000000000000000e+00
-1.356750000000000078e+01 0.000000000000000000e+00
-1.355509999999999948e+01 0.000000000000000000e+00
-1.354260000000000019e+01 0.000000000000000000e+00
-1.353020000000000067e+01 0.000000000000000000e+00
-1.351779999999999937e+01 0.000000000000000000e+00
-1.350530000000000008e+01 0.000000000000000000e+00
-1.349290000000000056e+01 0.000000000000000000e+00
-1.348039999999999949e+01 0.000000000000000000e+00
-1.346799999999999997e+01 0.000000000000000000e+00
-1.345560000000000045e+01 0.000000000000000000e+00
-1.344309999999999938e+01 0.000000000000000000e+00
-1.343069999999999986e+01 0.000000000000000000e+00
-1.341820000000000057e+01 0.000000000000000000e+00
-1.340579999999999927e+01 0.000000000000000000e+00
-1.339329999999999998e+01 0.000000000000000000e+00
-1.338090000000000046e+01 0.000000000000000000e+00
-1.336849999999999916e+01 0.000000000000000000e+00
-1.335599999999999987e+01 0.000000000000000000e+00
-1.334360000000000035e+01 0.000000000000000000e+00
-1.333109999999999928e+01 0.000000000000000000e+00
-1.331869999999999976e+01 0.000000000000000000e+00
-1.330630000000000024e+01 0.000000000000000000e+00
-1.329379999999999917e+01 0.000000000000000000e+00
-1.328139999999999965e+01 0.000000000000000000e+00
-1.326890000000000036e+01 0.000000000000000000e+00
-1.325649999999999906e+01 0.000000000000000000e+00
-1.324399999999999977e+01 0.000000000000000000e+00
-1.323160000000000025e+01 0.000000000000000000e+00
-1.321920000000000073e+01 0.000000000000000000e+00
-1.320669999999999966e+01 0.000000000000000000e+00
-1.319430000000000014e+01 0.000000000000000000e+00
-1.318179999999999907e+01 0.000000000000000000e+00
-1.316939999999999955e+01 0.000000000000000000e+00
-1.315700000000000003e+01 0.000000000000000000e+00
-1.314450000000000074e+01 0.000000000000000000e+00
-1.313209999999999944e+01 0.000000000000000000e+00
-1.311960000000000015e+01 0.000000000000000000e+00
-1.310720000000000063e+01 0.000000000000000000e+00
-1.309469999999999956e+01 0.000000000000000000e+00
-1.308230000000000004e+01 0.000000000000000000e+00
-1.306990000000000052e+01 0.000000000000000000e+00
-1.305739999999999945e+01 0.000000000000000000e+00
-1.304499999999999993e+01 0.000000000000000000e+00
-1.303250000000000064e+01 0.000000000000000000e+00
-1.302009999999999934e+01 0.000000000000000000e+00
-1.300760000000000005e+01 0.000000000000000000e+00
-1.299520000000000053e+01 0.000000000000000000e+00
-1.298279999999999923e+01 0.000000000000000000e+00
-1.297029999999999994e+01 0.000000000000000000e+00
-1.295790000000000042e+01 0.000000000000000000e+00
-1.294539999999999935e+01 0.000000000000000000e+00
-1.293299999999999983e+01 0.000000000000000000e+00
-1.292060000000000031e+01 0.000000000000000000e+00
-1.290809999999999924e+01 0.000000000000000000e+00
-1.289569999999999972e+01 0.000000000000000000e+00
-1.288320000000000043e+01 0.000000000000000000e+00
-1.287079999999999913e+01 0.000000000000000000e+00
-1.285829999999999984e+01 0.000000000000000000e+00
-1.284590000000000032e+01 0.000000000000000000e+00
-1.283350000000000080e+01 0.000000000000000000e+00
-1.282099999999999973e+01 0.000000000000000000e+00
-1.280860000000000021e+01 0.000000000000000000e+00
-1.279609999999999914e+01 0.000000000000000000e+00
-1.278369999999999962e+01 0.000000000000000000e+00
-1.277130000000000010e+01 0.000000000000000000e+00
-1.275880000000000081e+01 0.000000000000000000e+00
-1.274639999999999951e+01 0.000000000000000000e+00
-1.273390000000000022e+01 0.000000000000000000e+00
-1.272150000000000070e+01 0.000000000000000000e+00
-1.270899999999999963e+01 0.000000000000000000e+00
-1.269660000000000011e+01 0.000000000000000000e+00
-1.268420000000000059e+01 0.000000000000000000e+00
-1.267169999999999952e+01 0.000000000000000000e+00
-1.265930000000000000e+01 0.000000000000000000e+00
-1.264680000000000071e+01 0.000000000000000000e+00
-1.263439999999999941e+01 0.000000000000000000e+00
-1.262199999999999989e+01 0.000000000000000000e+00
-1.260950000000000060e+01 0.000000000000000000e+00
-1.259709999999999930e+01 0.000000000000000000e+00
-1.258460000000000001e+01 0.000000000000000000e+00
-1.257220000000000049e+01 0.000000000000000000e+00
-1.255969999999999942e+01 0.000000000000000000e+00
-1.254729999999999990e+01 0.000000000000000000e+00
-1.253490000000000038e+01 0.000000000000000000e+00
-1.252239999999999931e+01 0.000000000000000000e+00
-1.250999999999999979e+01 0.000000000000000000e+00
-1.249750000000000050e+01 0.000000000000000000e+00
-1.248509999999999920e+01 0.000000000000000000e+00
-1.247269999999999968e+01 0.000000000000000000e+00
-1.246020000000000039e+01 0.000000000000000000e+00
-1.244779999999999909e+01 0.000000000000000000e+00
-1.243529999999999980e+01 0.000000000000000000e+00
-1.242290000000000028e+01 0.000000000000000000e+00
-1.241039999999999921e+01 0.000000000000000000e+00
-1.239799999999999969e+01 0.000000000000000000e+00
-1.238560000000000016e+01 0.000000000000000000e+00
-1.237309999999999910e+01 0.000000000000000000e+00
-1.236069999999999958e+01 0.000000000000000000e+00
-1.234820000000000029e+01 0.000000000000000000e+00
-1.233580000000000076e+01 0.000000000000000000e+00
-1.232329999999999970e+01 0.000000000000000000e+00
-1.231090000000000018e+01 0.000000000000000000e+00
-1.229850000000000065e+01 0.000000000000000000e+00
-1.228599999999999959e+01 0.000000000000000000e+00
-1.227360000000000007e+01 0.000000000000000000e+00
-1.226110000000000078e+01 0.000000000000000000e+00
-1.224869999999999948e+01 0.000000000000000000e+00
-1.223629999999999995e+01 0.000000000000000000e+00
-1.222380000000000067e+01 0.000000000000000000e+00
-1.221139999999999937e+01 0.000000000000000000e+00
-1.219890000000000008e+01 0.000000000000000000e+00
-1.218650000000000055e+01 0.000000000000000000e+00
-1.217399999999999949e+01 6.923283340788860821e-07
-1.216159999999999997e+01 6.011894088600936559e-06
-1.214920000000000044e+01 2.610737941893175127e-05
-1.213669999999999938e+01 8.457229149248825782e-05
-1.212429999999999986e+01 2.226507469923040224e-04
-1.211180000000000057e+01 5.342367527485066469e-04
-1.209939999999999927e+01 1.195733709181579603e-03
-1.208699999999999974e+01 2.519799833708773109e-03
-1.207450000000000045e+01 5.021453353210978202e-03
-1.206209999999999916e+01 9.486374517741747586e-03
-1.204959999999999987e+01 1.701935845045686110e-02
-1.203720000000000034e+01 2.904253029249489679e-02
-1.202469999999999928e+01 4.721355797307504043e-02
-1.201229999999999976e+01 7.324954316987890290e-02
-1.199990000000000023e+01 1.086729315421389452e-01
-1.198739999999999917e+01 1.545325854725828063e-01
-1.197499999999999964e+01 2.111793626150417491e-01
-1.196250000000000036e+01 2.781746274788836626e-01
-1.195009999999999906e+01 3.543769992920039469e-01
-1.193769999999999953e+01 4.381903035123680956e-01
-1.192520000000000024e+01 5.279020278322228421e-01
-1.191280000000000072e+01 6.220160998092582050e-01
-1.190029999999999966e+01 7.194908774588932854e-01
-1.188790000000000013e+01 8.198426908204242691e-01
-1.187539999999999907e+01 9.231300295901323505e-01
-1.186299999999999955e+01 1.029872184483060060e+00
-1.185060000000000002e+01 1.140974314204625584e+00
-1.183810000000000073e+01 1.257692722893177795e+00
-1.182569999999999943e+01 1.381663912015443918e+00
-1.181320000000000014e+01 1.514940888694575438e+00
-1.180080000000000062e+01 1.660054447757068008e+00
-1.178839999999999932e+01 1.820203215213188397e+00
-1.177590000000000003e+01 1.999315103538159777e+00
-1.176350000000000051e+01 2.202220842687902636e+00
-1.175099999999999945e+01 2.434883327836918632e+00
-1.173859999999999992e+01 2.704627597534375649e+00
-1.172610000000000063e+01 3.020096820952611338e+00
-1.171369999999999933e+01 3.390310732922381831e+00
-1.170129999999999981e+01 3.824679904688297327e+00
-1.168880000000000052e+01 4.330549832000814447e+00
-1.167639999999999922e+01 4.910989874407609257e+00
-1.166389999999999993e+01 5.562173533137256598e+00
-1.165150000000000041e+01 6.270895951205129215e+00
-1.163899999999999935e+01 7.012694164406222619e+00
-1.162659999999999982e+01 7.750944817631447492e+00
-1.161420000000000030e+01 8.437303134670198546e+00
-1.160169999999999924e+01 9.013967911000664301e+00
-1.158929999999999971e+01 9.418389225041947199e+00
-1.157680000000000042e+01 9.590862635875900821e+00
-1.156439999999999912e+01 9.484675144099750099e+00
-1.155199999999999960e+01 9.077124873877052025e+00
-1.153950000000000031e+01 8.378393042028658755e+00
-1.152710000000000079e+01 7.434798435457389054e+00
-1.151459999999999972e+01 6.324063081290300481e+00
-1.150220000000000020e+01 5.142747076515393978e+00
-1.148969999999999914e+01 3.988937238439005384e+00
-1.147729999999999961e+01 2.945155534247656526e+00
-1.146490000000000009e+01 2.066329887271422638e+00
-1.145240000000000080e+01 1.375609122808465701e+00
-1.143999999999999950e+01 8.678665281220072636e-01
-1.142750000000000021e+01 5.183302399659995841e-01
-1.141510000000000069e+01 2.927733375770203428e-01
-1.140269999999999939e+01 1.562533048888667397e-01
-1.139020000000000010e+01 7.872890276891161832e-02
-1.137780000000000058e+01 3.738513588514338903e-02
-1.136529999999999951e+01 1.667731108024666717e-02
-1.135289999999999999e+01 6.936534240912240086e-03
-1.134040000000000070e+01 2.624101928849250330e-03
-1.132799999999999940e+01 7.975462604158650845e-04
-1.131559999999999988e+01 5.536833075910677196e-05
-1.130310000000000059e+01 0.000000000000000000e+00
-1.129069999999999929e+01 0.000000000000000000e+00
-1.127820000000000000e+01 0.000000000000000000e+00
-1.126580000000000048e+01 0.000000000000000000e+00
-1.125339999999999918e+01 0.000000000000000000e+00
-1.124089999999999989e+01 0.000000000000000000e+00
-1.122850000000000037e+01 0.000000000000000000e+00
-1.121599999999999930e+01 0.000000000000000000e+00
-1.120359999999999978e+01 0.000000000000000000e+00
-1.119110000000000049e+01 0.000000000000000000e+00
-1.117869999999999919e+01 0.000000000000000000e+00
-1.116629999999999967e+01 0.000000000000000000e+00
-1.115380000000000038e+01 0.000000000000000000e+00
-1.114139999999999908e+01 0.000000000000000000e+00
-1.112889999999999979e+01 0.000000000000000000e+00
-1.111650000000000027e+01 0.000000000000000000e+00
-1.110410000000000075e+01 0.000000000000000000e+00
-1.109159999999999968e+01 0.000000000000000000e+00
-1.107920000000000016e+01 0.000000000000000000e+00
-1.106669999999999909e+01 0.000000000000000000e+00
-1.105429999999999957e+01 0.000000000000000000e+00
-1.104180000000000028e+01 0.000000000000000000e+00
-1.102940000000000076e+01 0.000000000000000000e+00
-1.101699999999999946e+01 0.000000000000000000e+00
-1.100450000000000017e+01 0.000000000000000000e+00
-1.099210000000000065e+01 0.000000000000000000e+00
-1.097959999999999958e+01 0.000000000000000000e+00
-1.096720000000000006e+01 0.000000000000000000e+00
-1.095470000000000077e+01 0.000000000000000000e+00
-1.094229999999999947e+01 0.000000000000000000e+00
-1.092989999999999995e+01 0.000000000000000000e+00
-1.091740000000000066e+01 0.000000000000000000e+00
-1.090499999999999936e+01 0.000000000000000000e+00
-1.089250000000000007e+01 0.000000000000000000e+00
-1.088010000000000055e+01 0.000000000000000000e+00
-1.086769999999999925e+01 0.000000000000000000e+00
-1.085519999999999996e+01 0.000000000000000000e+00
-1.084280000000000044e+01 0.000000000000000000e+00
-1.083029999999999937e+01 0.000000000000000000e+00
-1.081789999999999985e+01 0.000000000000000000e+00
-1.080540000000000056e+01 0.000000000000000000e+00
-1.079299999999999926e+01 0.000000000000000000e+00
-1.078059999999999974e+01 0.000000000000000000e+00
-1.076810000000000045e+01 0.000000000000000000e+00
-1.075569999999999915e+01 0.000000000000000000e+00
-1.074319999999999986e+01 0.000000000000000000e+00
-1.073080000000000034e+01 0.000000000000000000e+00
-1.071840000000000082e+01 0.000000000000000000e+00
-1.070589999999999975e+01 0.000000000000000000e+00
-1.069350000000000023e+01 0.000000000000000000e+00
-1.068099999999999916e+01 0.000000000000000000e+00
-1.066859999999999964e+01 0.000000000000000000e+00
-1.065610000000000035e+01 0.000000000000000000e+00
-1.064370000000000083e+01 0.000000000000000000e+00
-1.063129999999999953e+01 0.000000000000000000e+00
-1.061880000000000024e+01 0.000000000000000000e+00
-1.060640000000000072e+01 0.000000000000000000e+00
-1.059389999999999965e+01 0.000000000000000000e+00
-1.058150000000000013e+01 0.000000000000000000e+00
-1.056910000000000061e+01 0.000000000000000000e+00
-1.055659999999999954e+01 0.000000000000000000e+00
-1.054420000000000002e+01 0.000000000000000000e+00
-1.053170000000000073e+01 0.000000000000000000e+00
-1.051929999999999943e+01 0.000000000000000000e+00
-1.050680000000000014e+01 0.000000000000000000e+00
-1.049440000000000062e+01 0.000000000000000000e+00
-1.048199999999999932e+01 0.000000000000000000e+00
-1.046950000000000003e+01 0.000000000000000000e+00
-1.045710000000000051e+01 0.000000000000000000e+00
-1.044459999999999944e+01 0.000000000000000000e+00
-1.043219999999999992e+01 0.000000000000000000e+00
-1.041980000000000040e+01 0.000000000000000000e+00
-1.040729999999999933e+01 0.000000000000000000e+00
-1.039489999999999981e+01 0.000000000000000000e+00
-1.038240000000000052e+01 0.000000000000000000e+00
-1.036999999999999922e+01 0.000000000000000000e+00
-1.035749999999999993e+01 0.000000000000000000e+00
-1.034510000000000041e+01 0.000000000000000000e+00
-1.033269999999999911e+01 0.000000000000000000e+00
-1.032019999999999982e+01 0.000000000000000000e+00
-1.030780000000000030e+01 0.000000000000000000e+00
-1.029529999999999923e+01 0.000000000000000000e+00
-1.028289999999999971e+01 0.000000000000000000e+00
-1.027040000000000042e+01 0.000000000000000000e+00
-1.025799999999999912e+01 0.000000000000000000e+00
-1.024559999999999960e+01 0.000000000000000000e+00
-1.023310000000000031e+01 0.000000000000000000e+00
-1.022070000000000078e+01 0.000000000000000000e+00
-1.020819999999999972e+01 0.000000000000000000e+00
-1.019580000000000020e+01 0.000000000000000000e+00
-1.018340000000000067e+01 0.000000000000000000e+00
-1.017089999999999961e+01 0.000000000000000000e+00
-1.015850000000000009e+01 0.000000000000000000e+00
-1.014600000000000080e+01 0.000000000000000000e+00
-1.013359999999999950e+01 0.000000000000000000e+00
-1.012110000000000021e+01 0.000000000000000000e+00
-1.010870000000000068e+01 0.000000000000000000e+00
-1.009629999999999939e+01 0.000000000000000000e+00
-1.008380000000000010e+01 0.000000000000000000e+00
-1.007140000000000057e+01 0.000000000000000000e+00
-1.005889999999999951e+01 0.000000000000000000e+00
-1.004649999999999999e+01 0.000000000000000000e+00
-1.003410000000000046e+01 0.000000000000000000e+00
-1.002159999999999940e+01 0.000000000000000000e+00
-1.000919999999999987e+01 0.000000000000000000e+00
-9.996700000000000585e+00 0.000000000000000000e+00
-9.984299999999999287e+00 0.000000000000000000e+00
-9.971799999999999997e+00 0.000000000000000000e+00
-9.959400000000000475e+00 0.000000000000000000e+00
-9.946999999999999176e+00 0.000000000000000000e+00
-9.934499999999999886e+00 0.000000000000000000e+00
-9.922100000000000364e+00 0.000000000000000000e+00
-9.909599999999999298e+00 0.000000000000000000e+00
-9.897199999999999775e+00 0.000000000000000000e+00
-9.884800000000000253e+00 0.000000000000000000e+00
-9.872299999999999187e+00 0.000000000000000000e+00
-9.859899999999999665e+00 0.000000000000000000e+00
-9.847400000000000375e+00 0.000000000000000000e+00
-9.834999999999999076e+00 0.000000000000000000e+00
-9.822499999999999787e+00 0.000000000000000000e+00
-9.810100000000000264e+00 0.000000000000000000e+00
-9.797700000000000742e+00 0.000000000000000000e+00
-9.785199999999999676e+00 0.000000000000000000e+00
-9.772800000000000153e+00 0.000000000000000000e+00
-9.760299999999999088e+00 0.000000000000000000e+00
-9.747899999999999565e+00 0.000000000000000000e+00
-9.735500000000000043e+00 0.000000000000000000e+00
-9.723000000000000753e+00 0.000000000000000000e+00
-9.710599999999999454e+00 0.000000000000000000e+00
-9.698100000000000165e+00 1.806869336142668126e-05
-9.685700000000000642e+00 2.784625453079120436e-04
-9.673199999999999577e+00 1.133336854924307758e-03
-9.660800000000000054e+00 3.470158870350857020e-03
-9.648400000000000531e+00 9.346122442253222001e-03
-9.635899999999999466e+00 2.329162841381729812e-02
-9.623499999999999943e+00 5.323109474333212465e-02
-9.611000000000000654e+00 1.139559313229059206e-01
-9.598599999999999355e+00 2.305118862946139713e-01
-9.586199999999999832e+00 4.423606736179765964e-01
-9.573699999999998766e+00 8.069326243134810062e-01
-9.561299999999999244e+00 1.401401620923737878e+00
-9.548799999999999955e+00 2.319976402981443364e+00
-9.536400000000000432e+00 3.663626221804019423e+00
-9.523900000000001143e+00 5.522263734149673198e+00
-9.511499999999999844e+00 7.949097551787136950e+00
-9.499100000000000321e+00 1.093203198747103855e+01
-9.486599999999999255e+00 1.436944362753017401e+01
-9.474199999999999733e+00 1.805858482113857377e+01
-9.461700000000000443e+00 2.170676664489641539e+01
-9.449300000000000921e+00 2.497331057574317015e+01
-9.436799999999999855e+00 2.752008818873295581e+01
-9.424400000000000333e+00 2.909463169327209542e+01
-9.411999999999999034e+00 2.959214818941090286e+01
-9.399499999999999744e+00 2.909537402396024319e+01
-9.387100000000000222e+00 2.787496983518308724e+01
-9.374600000000000932e+00 2.634463536542827811e+01
-9.362199999999999633e+00 2.497869418035746136e+01
-9.349800000000000111e+00 2.420972981612204578e+01
-9.337299999999999045e+00 2.432927366058297025e+01
-9.324899999999999523e+00 2.541449044701428761e+01
-9.312400000000000233e+00 2.729887317047817064e+01
-9.300000000000000711e+00 2.959647230999237166e+01
-9.287499999999999645e+00 3.177816518113144895e+01
-9.275100000000000122e+00 3.328594558100429168e+01
-9.262699999999998823e+00 3.365981978525125129e+01
-9.250199999999999534e+00 3.264410522653577829e+01
-9.237800000000000011e+00 3.024356499095117812e+01
-9.225300000000000722e+00 2.671249959712715949e+01
-9.212900000000001199e+00 2.248200091725187377e+01
-9.200499999999999901e+00 1.804848432487802867e+01
-9.187999999999998835e+00 1.386237276821449349e+01
-9.175599999999999312e+00 1.024721234865794806e+01
-9.163100000000000023e+00 7.366875654667281559e+00
-9.150700000000000500e+00 5.238436865469108916e+00
-9.138200000000001211e+00 3.775061195274674208e+00
-9.125799999999999912e+00 2.838137166689680857e+00
-9.113399999999998613e+00 2.280762251362403514e+00
-9.100899999999999324e+00 1.975742531181468919e+00
-9.088499999999999801e+00 1.826968991210374149e+00
-9.076000000000000512e+00 1.769215525486144802e+00
-9.063600000000000989e+00 1.762554207796160455e+00
-9.051199999999999690e+00 1.784351801243429847e+00
-9.038699999999998624e+00 1.821030433353145073e+00
-9.026299999999999102e+00 1.870672867271699680e+00
-9.013799999999999812e+00 1.928582756049601166e+00
-9.001400000000000290e+00 1.993705107683100719e+00
-8.988900000000001000e+00 2.066653127280573266e+00
-8.976499999999999702e+00 2.148279177869782064e+00
-8.964100000000000179e+00 2.239547643227801643e+00
-8.951599999999999113e+00 2.341415939949395231e+00
-8.939199999999999591e+00 2.454646846141407046e+00
-8.926700000000000301e+00 2.579584847613722864e+00
-8.914300000000000779e+00 2.715912731663370216e+00
-8.901900000000001256e+00 2.862456572186792947e+00
-8.889400000000000190e+00 3.017102501245336743e+00
-8.876999999999998892e+00 3.176883302252085706e+00
-8.864499999999999602e+00 3.338258970202749421e+00
-8.852100000000000080e+00 3.497504852276849263e+00
-8.839600000000000790e+00 3.651019435291245507e+00
-8.827200000000001268e+00 3.795839766145783223e+00
-8.814799999999999969e+00 3.930147321808280303e+00
-8.802299999999998903e+00 4.052731367912131510e+00
-8.789899999999999380e+00 4.164043924730736812e+00
-8.777400000000000091e+00 4.265607033641127366e+00
-8.765000000000000568e+00 4.359786244803484756e+00
-8.752499999999999503e+00 4.449000792974931784e+00
-8.740099999999999980e+00 4.534456296179582679e+00
-8.727699999999998681e+00 4.614553414908909801e+00
-8.715199999999999392e+00 4.683354551401708754e+00
-8.702799999999999869e+00 4.729662587802297757e+00
-8.690300000000000580e+00 4.737287212975443751e+00
-8.677900000000001057e+00 4.686885893641191458e+00
-8.665499999999999758e+00 4.559368789248686937e+00
-8.652999999999998693e+00 4.340327998670776566e+00
-8.640599999999999170e+00 4.024456159616632611e+00
-8.628099999999999881e+00 3.618636021049549178e+00
-8.615700000000000358e+00 3.142558454475737673e+00
-8.603200000000001069e+00 2.626332405072259846e+00
-8.590799999999999770e+00 2.105472102474928775e+00
-8.578400000000000247e+00 1.614577541615774159e+00
-8.565899999999999181e+00 1.181445120395620441e+00
-8.553499999999999659e+00 8.231650508587642356e-01
-8.541000000000000369e+00 5.450997889927601259e-01
-8.528600000000000847e+00 3.425192025185873623e-01
-8.516199999999999548e+00 2.039417058183036202e-01
-8.503700000000000259e+00 1.149209314980408625e-01
-8.491299999999998960e+00 6.121330283034936981e-02
-8.478799999999999670e+00 3.078017105498516079e-02
-8.466400000000000148e+00 1.458325373814973493e-02
-8.453900000000000858e+00 6.479265338401063792e-03
-8.441499999999999559e+00 2.661138294879130187e-03
-8.429100000000000037e+00 1.010398075249172153e-03
-8.416599999999998971e+00 3.467094204424481674e-04
-8.404199999999999449e+00 0.000000000000000000e+00
-8.391700000000000159e+00 0.000000000000000000e+00
-8.379300000000000637e+00 0.000000000000000000e+00
-8.366900000000001114e+00 0.000000000000000000e+00
-8.354400000000000048e+00 0.000000000000000000e+00
-8.341999999999998749e+00 0.000000000000000000e+00
-8.329499999999999460e+00 0.000000000000000000e+00
-8.317099999999999937e+00 0.000000000000000000e+00
-8.304600000000000648e+00 0.000000000000000000e+00
-8.292200000000001125e+00 0.000000000000000000e+00
-8.279799999999999827e+00 0.000000000000000000e+00
-8.267299999999998761e+00 0.000000000000000000e+00
-8.254899999999999238e+00 0.000000000000000000e+00
-8.242399999999999949e+00 0.000000000000000000e+00
-8.230000000000000426e+00 0.000000000000000000e+00
-8.217600000000000904e+00 0.000000000000000000e+00
-8.205099999999999838e+00 0.000000000000000000e+00
-8.192700000000000315e+00 0.000000000000000000e+00
-8.180199999999999250e+00 0.000000000000000000e+00
-8.167799999999999727e+00 0.000000000000000000e+00
-8.155300000000000438e+00 0.000000000000000000e+00
-8.142900000000000915e+00 0.000000000000000000e+00
-8.130499999999999616e+00 0.000000000000000000e+00
-8.118000000000000327e+00 0.000000000000000000e+00
-8.105599999999999028e+00 0.000000000000000000e+00
-8.093099999999999739e+00 0.000000000000000000e+00
-8.080700000000000216e+00 0.000000000000000000e+00
-8.068200000000000927e+00 0.000000000000000000e+00
-8.055799999999999628e+00 0.000000000000000000e+00
-8.043400000000000105e+00 0.000000000000000000e+00
-8.030899999999999039e+00 0.000000000000000000e+00
-8.018499999999999517e+00 0.000000000000000000e+00
-8.006000000000000227e+00 0.000000000000000000e+00
-7.993599999999999817e+00 0.000000000000000000e+00
-7.981200000000000294e+00 0.000000000000000000e+00
-7.968700000000000117e+00 0.000000000000000000e+00
-7.956299999999999706e+00 0.000000000000000000e+00
-7.943799999999999528e+00 0.000000000000000000e+00
-7.931400000000000006e+00 0.000000000000000000e+00
-7.918899999999999828e+00 0.000000000000000000e+00
-7.906500000000000306e+00 0.000000000000000000e+00
-7.894099999999999895e+00 0.000000000000000000e+00
-7.881599999999999717e+00 0.000000000000000000e+00
-7.869200000000000195e+00 0.000000000000000000e+00
-7.856700000000000017e+00 0.000000000000000000e+00
-7.844299999999999606e+00 0.000000000000000000e+00
-7.831900000000000084e+00 0.000000000000000000e+00
-7.819399999999999906e+00 0.000000000000000000e+00
-7.807000000000000384e+00 0.000000000000000000e+00
-7.794500000000000206e+00 0.000000000000000000e+00
-7.782099999999999795e+00 0.000000000000000000e+00
-7.769599999999999618e+00 0.000000000000000000e+00
-7.757200000000000095e+00 0.000000000000000000e+00
-7.744799999999999685e+00 0.000000000000000000e+00
-7.732299999999999507e+00 0.000000000000000000e+00
-7.719899999999999984e+00 0.000000000000000000e+00
-7.707399999999999807e+00 0.000000000000000000e+00
-7.695000000000000284e+00 0.000000000000000000e+00
-7.682599999999999874e+00 0.000000000000000000e+00
-7.670099999999999696e+00 0.000000000000000000e+00
-7.657700000000000173e+00 0.000000000000000000e+00
-7.645199999999999996e+00 0.000000000000000000e+00
-7.632799999999999585e+00 0.000000000000000000e+00
-7.620300000000000296e+00 0.000000000000000000e+00
-7.607899999999999885e+00 0.000000000000000000e+00
-7.595500000000000362e+00 0.000000000000000000e+00
-7.583000000000000185e+00 0.000000000000000000e+00
-7.570599999999999774e+00 0.000000000000000000e+00
-7.558099999999999596e+00 0.000000000000000000e+00
-7.545700000000000074e+00 0.000000000000000000e+00
-7.533299999999999663e+00 0.000000000000000000e+00
-7.520800000000000374e+00 0.000000000000000000e+00
-7.508399999999999963e+00 0.000000000000000000e+00
-7.495899999999999785e+00 0.000000000000000000e+00
-7.483500000000000263e+00 0.000000000000000000e+00
-7.471000000000000085e+00 0.000000000000000000e+00
-7.458599999999999675e+00 0.000000000000000000e+00
-7.446200000000000152e+00 0.000000000000000000e+00
-7.433699999999999974e+00 0.000000000000000000e+00
-7.421299999999999564e+00 0.000000000000000000e+00
-7.408800000000000274e+00 0.000000000000000000e+00
-7.396399999999999864e+00 0.000000000000000000e+00
-7.383899999999999686e+00 0.000000000000000000e+00
-7.371500000000000163e+00 0.000000000000000000e+00
-7.359099999999999753e+00 0.000000000000000000e+00
-7.346599999999999575e+00 0.000000000000000000e+00
-7.334200000000000053e+00 0.000000000000000000e+00
-7.321699999999999875e+00 0.000000000000000000e+00
-7.309300000000000352e+00 0.000000000000000000e+00
-7.296899999999999942e+00 0.000000000000000000e+00
-7.284399999999999764e+00 0.000000000000000000e+00
-7.272000000000000242e+00 0.000000000000000000e+00
-7.259500000000000064e+00 0.000000000000000000e+00
-7.247099999999999653e+00 0.000000000000000000e+00
-7.234600000000000364e+00 0.000000000000000000e+00
-7.222199999999999953e+00 0.000000000000000000e+00
-7.209799999999999542e+00 0.000000000000000000e+00
-7.197300000000000253e+00 0.000000000000000000e+00
-7.184899999999999842e+00 0.000000000000000000e+00
-7.172399999999999665e+00 0.000000000000000000e+00
-7.160000000000000142e+00 0.000000000000000000e+00
-7.147599999999999731e+00 0.000000000000000000e+00
-7.135099999999999554e+00 0.000000000000000000e+00
-7.122700000000000031e+00 0.000000000000000000e+00
-7.110199999999999854e+00 0.000000000000000000e+00
-7.097800000000000331e+00 0.000000000000000000e+00
-7.085300000000000153e+00 0.000000000000000000e+00
-7.072899999999999743e+00 0.000000000000000000e+00
-7.060500000000000220e+00 0.000000000000000000e+00
-7.048000000000000043e+00 0.000000000000000000e+00
-7.035599999999999632e+00 0.000000000000000000e+00
-7.023100000000000342e+00 0.000000000000000000e+00
-7.010699999999999932e+00 0.000000000000000000e+00
-6.998299999999999521e+00 0.000000000000000000e+00
-6.985800000000000232e+00 0.000000000000000000e+00
-6.973399999999999821e+00 0.000000000000000000e+00
-6.960899999999999643e+00 0.000000000000000000e+00
-6.948500000000000121e+00 0.000000000000000000e+00
-6.935999999999999943e+00 0.000000000000000000e+00
-6.923599999999999532e+00 0.000000000000000000e+00
-6.911200000000000010e+00 0.000000000000000000e+00
-6.898699999999999832e+00 0.000000000000000000e+00
-6.886300000000000310e+00 0.000000000000000000e+00
-6.873800000000000132e+00 0.000000000000000000e+00
-6.861399999999999721e+00 0.000000000000000000e+00
-6.849000000000000199e+00 0.000000000000000000e+00
-6.836500000000000021e+00 0.000000000000000000e+00
-6.824099999999999611e+00 0.000000000000000000e+00
-6.811600000000000321e+00 0.000000000000000000e+00
-6.799199999999999910e+00 0.000000000000000000e+00
-6.786699999999999733e+00 0.000000000000000000e+00
-6.774300000000000210e+00 0.000000000000000000e+00
-6.761899999999999800e+00 0.000000000000000000e+00
-6.749399999999999622e+00 0.000000000000000000e+00
-6.737000000000000099e+00 0.000000000000000000e+00
-6.724499999999999922e+00 0.000000000000000000e+00
-6.712099999999999511e+00 0.000000000000000000e+00
-6.699600000000000222e+00 0.000000000000000000e+00
-6.687199999999999811e+00 0.000000000000000000e+00
-6.674800000000000288e+00 0.000000000000000000e+00
-6.662300000000000111e+00 0.000000000000000000e+00
-6.649899999999999700e+00 0.000000000000000000e+00
-6.637399999999999523e+00 0.000000000000000000e+00
-6.625000000000000000e+00 0.000000000000000000e+00
-6.612599999999999589e+00 0.000000000000000000e+00
-6.600100000000000300e+00 0.000000000000000000e+00
-6.587699999999999889e+00 0.000000000000000000e+00
-6.575199999999999712e+00 0.000000000000000000e+00
-6.562800000000000189e+00 0.000000000000000000e+00
-6.550300000000000011e+00 0.000000000000000000e+00
-6.537899999999999601e+00 0.000000000000000000e+00
-6.525500000000000078e+00 0.000000000000000000e+00
-6.512999999999999901e+00 0.000000000000000000e+00
-6.500600000000000378e+00 0.000000000000000000e+00
-6.488100000000000200e+00 0.000000000000000000e+00
-6.475699999999999790e+00 0.000000000000000000e+00
-6.463300000000000267e+00 0.000000000000000000e+00
-6.450800000000000090e+00 0.000000000000000000e+00
-6.438399999999999679e+00 0.000000000000000000e+00
-6.425899999999999501e+00 0.000000000000000000e+00
-6.413499999999999979e+00 0.000000000000000000e+00
-6.400999999999999801e+00 0.000000000000000000e+00
-6.388600000000000279e+00 0.000000000000000000e+00
-6.376199999999999868e+00 0.000000000000000000e+00
-6.363699999999999690e+00 0.000000000000000000e+00
-6.351300000000000168e+00 0.000000000000000000e+00
-6.338799999999999990e+00 0.000000000000000000e+00
-6.326399999999999579e+00 0.000000000000000000e+00
-6.314000000000000057e+00 0.000000000000000000e+00
-6.301499999999999879e+00 0.000000000000000000e+00
-6.289100000000000357e+00 0.000000000000000000e+00
-6.276600000000000179e+00 0.000000000000000000e+00
-6.264199999999999768e+00 0.000000000000000000e+00
-6.251699999999999591e+00 0.000000000000000000e+00
-6.239300000000000068e+00 0.000000000000000000e+00
-6.226899999999999658e+00 0.000000000000000000e+00
-6.214400000000000368e+00 0.000000000000000000e+00
-6.201999999999999957e+00 0.000000000000000000e+00
-6.189499999999999780e+00 0.000000000000000000e+00
-6.177100000000000257e+00 0.000000000000000000e+00
-6.164699999999999847e+00 0.000000000000000000e+00
-6.152199999999999669e+00 0.000000000000000000e+00
-6.139800000000000146e+00 0.000000000000000000e+00
-6.127299999999999969e+00 0.000000000000000000e+00
-6.114899999999999558e+00 0.000000000000000000e+00
-6.102400000000000269e+00 0.000000000000000000e+00
-6.089999999999999858e+00 0.000000000000000000e+00
-6.077600000000000335e+00 0.000000000000000000e+00
-6.065100000000000158e+00 0.000000000000000000e+00
-6.052699999999999747e+00 0.000000000000000000e+00
-6.040199999999999569e+00 0.000000000000000000e+00
-6.027800000000000047e+00 0.000000000000000000e+00
-6.015299999999999869e+00 0.000000000000000000e+00
-6.002900000000000347e+00 0.000000000000000000e+00
-5.990499999999999936e+00 0.000000000000000000e+00
-5.977999999999999758e+00 0.000000000000000000e+00
-5.965600000000000236e+00 0.000000000000000000e+00
-5.953100000000000058e+00 0.000000000000000000e+00
-5.940699999999999648e+00 0.000000000000000000e+00
-5.928300000000000125e+00 0.000000000000000000e+00
-5.915799999999999947e+00 0.000000000000000000e+00
-5.903399999999999537e+00 0.000000000000000000e+00
-5.890900000000000247e+00 0.000000000000000000e+00
-5.878499999999999837e+00 0.000000000000000000e+00
-5.865999999999999659e+00 0.000000000000000000e+00
-5.853600000000000136e+00 0.000000000000000000e+00
-5.841199999999999726e+00 0.000000000000000000e+00
-5.828699999999999548e+00 0.000000000000000000e+00
-5.816300000000000026e+00 0.000000000000000000e+00
-5.803799999999999848e+00 0.000000000000000000e+00
-5.791400000000000325e+00 0.000000000000000000e+00
-5.778999999999999915e+00 0.000000000000000000e+00
-5.766499999999999737e+00 0.000000000000000000e+00
-5.754100000000000215e+00 0.000000000000000000e+00
-5.741600000000000037e+00 0.000000000000000000e+00
-5.729199999999999626e+00 0.000000000000000000e+00
-5.716700000000000337e+00 0.000000000000000000e+00
-5.704299999999999926e+00 0.000000000000000000e+00
-5.691899999999999515e+00 0.000000000000000000e+00
-5.679400000000000226e+00 0.000000000000000000e+00
-5.666999999999999815e+00 0.000000000000000000e+00
-5.654499999999999638e+00 0.000000000000000000e+00
-5.642100000000000115e+00 0.000000000000000000e+00
-5.629699999999999704e+00 0.000000000000000000e+00
-5.617199999999999527e+00 0.000000000000000000e+00
-5.604800000000000004e+00 0.000000000000000000e+00
-5.592299999999999827e+00 0.000000000000000000e+00
-5.579900000000000304e+00 0.000000000000000000e+00
-5.567400000000000126e+00 0.000000000000000000e+00
-5.554999999999999716e+00 0.000000000000000000e+00
-5.542600000000000193e+00 0.000000000000000000e+00
-5.530100000000000016e+00 0.000000000000000000e+00
-5.517699999999999605e+00 0.000000000000000000e+00
-5.505200000000000315e+00 0.000000000000000000e+00
-5.492799999999999905e+00 0.000000000000000000e+00
-5.480399999999999494e+00 0.000000000000000000e+00
-5.467900000000000205e+00 0.000000000000000000e+00
-5.455499999999999794e+00 0.000000000000000000e+00
-5.442999999999999616e+00 0.000000000000000000e+00
-5.430600000000000094e+00 0.000000000000000000e+00
-5.418099999999999916e+00 0.000000000000000000e+00
-5.405699999999999505e+00 0.000000000000000000e+00
-5.393299999999999983e+00 0.000000000000000000e+00
-5.380799999999999805e+00 0.000000000000000000e+00
-5.368399999999999395e+00 0.000000000000000000e+00
-5.355900000000000105e+00 0.000000000000000000e+00
-5.343500000000000583e+00 0.000000000000000000e+00
-5.330999999999999517e+00 0.000000000000000000e+00
-5.318599999999999994e+00 0.000000000000000000e+00
-5.306200000000000472e+00 0.000000000000000000e+00
-5.293699999999999406e+00 0.000000000000000000e+00
-5.281299999999999883e+00 0.000000000000000000e+00
-5.268800000000000594e+00 0.000000000000000000e+00
-5.256399999999999295e+00 0.000000000000000000e+00
-5.243999999999999773e+00 0.000000000000000000e+00
-5.231500000000000483e+00 0.000000000000000000e+00
-5.219100000000000072e+00 0.000000000000000000e+00
-5.206599999999999895e+00 0.000000000000000000e+00
-5.194200000000000372e+00 0.000000000000000000e+00
-5.181699999999999307e+00 0.000000000000000000e+00
-5.169299999999999784e+00 0.000000000000000000e+00
-5.156900000000000261e+00 0.000000000000000000e+00
-5.144400000000000084e+00 0.000000000000000000e+00
-5.131999999999999673e+00 0.000000000000000000e+00
-5.119500000000000384e+00 0.000000000000000000e+00
-5.107099999999999973e+00 0.000000000000000000e+00
-5.094699999999999562e+00 0.000000000000000000e+00
-5.082200000000000273e+00 0.000000000000000000e+00
-5.069799999999999862e+00 0.000000000000000000e+00
-5.057299999999999685e+00 0.000000000000000000e+00
-5.044900000000000162e+00 0.000000000000000000e+00
-5.032399999999999984e+00 0.000000000000000000e+00
-5.019999999999999574e+00 0.000000000000000000e+00
-5.007600000000000051e+00 0.000000000000000000e+00
-4.995099999999999874e+00 0.000000000000000000e+00
-4.982699999999999463e+00 0.000000000000000000e+00
-4.970200000000000173e+00 0.000000000000000000e+00
-4.957799999999999763e+00 0.000000000000000000e+00
-4.945399999999999352e+00 0.000000000000000000e+00
-4.932900000000000063e+00 0.000000000000000000e+00
-4.920500000000000540e+00 0.000000000000000000e+00
-4.907999999999999474e+00 0.000000000000000000e+00
-4.895599999999999952e+00 0.000000000000000000e+00
-4.883099999999999774e+00 0.000000000000000000e+00
-4.870699999999999363e+00 0.000000000000000000e+00
-4.858299999999999841e+00 0.000000000000000000e+00
-4.845800000000000551e+00 0.000000000000000000e+00
-4.833400000000000141e+00 0.000000000000000000e+00
-4.820899999999999963e+00 0.000000000000000000e+00
-4.808500000000000441e+00 0.000000000000000000e+00
-4.796100000000000030e+00 0.000000000000000000e+00
-4.783599999999999852e+00 0.000000000000000000e+00
-4.771200000000000330e+00 0.000000000000000000e+00
-4.758700000000000152e+00 0.000000000000000000e+00
-4.746299999999999741e+00 0.000000000000000000e+00
-4.733800000000000452e+00 0.000000000000000000e+00
-4.721400000000000041e+00 0.000000000000000000e+00
-4.708999999999999631e+00 0.000000000000000000e+00
-4.696500000000000341e+00 2.141554484171476760e-06
-4.684099999999999930e+00 3.404532259771768051e-05
-4.671599999999999753e+00 1.103082160104185925e-04
-4.659200000000000230e+00 2.876421750993992353e-04
-4.646700000000000053e+00 6.901116650481439220e-04
-4.634299999999999642e+00 1.546661446272896848e-03
-4.621900000000000119e+00 3.262955319097105185e-03
-4.609399999999999942e+00 6.494082539278299079e-03
-4.596999999999999531e+00 1.221150331236124827e-02
-4.584500000000000242e+00 2.172997974472542712e-02
-4.572099999999999831e+00 3.665628998762218010e-02
-4.559699999999999420e+00 5.873845491347123859e-02
-4.547200000000000131e+00 8.963515273453072363e-02
-4.534799999999999720e+00 1.306865933552878722e-01
-4.522299999999999542e+00 1.827365272494205772e-01
-4.509900000000000020e+00 2.462094579685430440e-01
-4.497399999999999842e+00 3.213917166452281426e-01
-4.484999999999999432e+00 4.091015024840892744e-01
-4.472599999999999909e+00 5.109322131649014498e-01
-4.460099999999999731e+00 6.303174850382052830e-01
-4.447699999999999321e+00 7.725523655962199809e-01
-4.435200000000000031e+00 9.448010672331759174e-01
-4.422800000000000509e+00 1.155621347496214257e+00
-4.410400000000000098e+00 1.413938633026868175e+00
-4.397899999999999920e+00 1.727347514680441565e+00
-4.385500000000000398e+00 2.099689612425502450e+00
-4.372999999999999332e+00 2.528118493836598812e+00
-4.360599999999999810e+00 3.000292285222586841e+00
-4.348100000000000520e+00 3.492746513823343779e+00
-4.335700000000000109e+00 3.971606562801891727e+00
-4.323299999999999699e+00 4.396365896416880581e+00
-4.310800000000000409e+00 4.726482450762985010e+00
-4.298399999999999999e+00 4.929351457463162056e+00
-4.285899999999999821e+00 4.987376599784933973e+00
-4.273500000000000298e+00 4.901848144031317744e+00
-4.261099999999999888e+00 4.692346039626162479e+00
-4.248599999999999710e+00 4.391771137381147661e+00
-4.236200000000000188e+00 4.038839999838137906e+00
-4.223700000000000010e+00 3.670356537321356694e+00
-4.211299999999999599e+00 3.315395254533827440e+00
-4.198800000000000310e+00 2.992557458712577390e+00
-4.186399999999999899e+00 2.710213395584279983e+00
-4.173999999999999488e+00 2.468797584366118514e+00
-4.161500000000000199e+00 2.263917536362549665e+00
-4.149099999999999788e+00 2.089234105042760969e+00
-4.136599999999999611e+00 1.938524285361269861e+00
-4.124200000000000088e+00 1.806785457008978746e+00
-4.111800000000000566e+00 1.690573309851926886e+00
-4.099299999999999500e+00 1.587774684026269867e+00
-4.086899999999999977e+00 1.497195850321692889e+00
-4.074399999999999800e+00 1.418025143838840041e+00
-4.061999999999999389e+00 1.349706474478772789e+00
-4.049500000000000099e+00 1.291238407021425560e+00
-4.037100000000000577e+00 1.241550639129243905e+00
-4.024699999999999278e+00 1.199392088299445325e+00
-4.012199999999999989e+00 1.163426109364997130e+00
-3.999800000000000022e+00 1.132348738521967046e+00
-3.987299999999999844e+00 1.104984154071256608e+00
-3.974899999999999878e+00 1.080342282366788753e+00
-3.962400000000000144e+00 1.057638518659974602e+00
-3.949999999999999734e+00 1.036283276871474923e+00
-3.937599999999999767e+00 1.015853697612414397e+00
-3.925100000000000033e+00 9.960592635419260876e-01
-3.912700000000000067e+00 9.767075856517524191e-01
-3.900199999999999889e+00 9.576741295787170039e-01
-3.887799999999999923e+00 9.388783880740692034e-01
-3.875399999999999956e+00 9.202644947784802687e-01
-3.862899999999999778e+00 9.017855828576200050e-01
-3.850499999999999812e+00 8.833910886323897982e-01
-3.838000000000000078e+00 8.650170004748009012e-01
-3.825600000000000112e+00 8.465802025248924112e-01
-3.813099999999999934e+00 8.279786757952410925e-01
-3.800699999999999967e+00 8.091006061030954211e-01
-3.788300000000000001e+00 7.898434114837018516e-01
-3.775799999999999823e+00 7.701408771004369935e-01
-3.763399999999999856e+00 7.499928139292166840e-01
-3.750900000000000123e+00 7.294884587798247111e-01
-3.738500000000000156e+00 7.088144570825287705e-01
-3.726099999999999746e+00 6.882415766986736960e-01
-3.713600000000000012e+00 6.680908535959887429e-01
-3.701200000000000045e+00 6.486870001111201267e-01
-3.688699999999999868e+00 6.303115871280825511e-01
-3.676299999999999901e+00 6.131683855112951553e-01
-3.663799999999999724e+00 5.973684875977781639e-01
-3.651399999999999757e+00 5.829356526903769486e-01
-3.638999999999999790e+00 5.698261109152293891e-01
-3.626500000000000057e+00 5.579539236010848668e-01
-3.614100000000000090e+00 5.472138270389517167e-01
-3.601599999999999913e+00 5.374967226391603736e-01
-3.589199999999999946e+00 5.286969424916077021e-01
-3.576799999999999979e+00 5.207133117332224392e-01
-3.564300000000000246e+00 5.134472573101394044e-01
-3.551899999999999835e+00 5.068008723032211282e-01
-3.539399999999999658e+00 5.006766743406917408e-01
-3.527000000000000135e+00 4.949794916366994091e-01
-3.514499999999999957e+00 4.896196441122576681e-01
-3.502099999999999991e+00 4.845165373025028255e-01
-3.489700000000000024e+00 4.796011638152830603e-01
-3.477199999999999847e+00 4.748184920396205100e-01
-3.464799999999999880e+00 4.701267210472792613e-01
-3.452300000000000146e+00 4.654958478812493139e-01
-3.439899999999999736e+00 4.609053933855669083e-01
-3.427500000000000213e+00 4.563418020224293548e-01
-3.415000000000000036e+00 4.517960095921716435e-01
-3.402599999999999625e+00 4.472613810246011679e-01
-3.390099999999999891e+00 4.427321510972420660e-01
-3.377699999999999925e+00 4.382023484921365730e-01
-3.365199999999999747e+00 4.336651465489345103e-01
-3.352800000000000225e+00 4.291126224696809599e-01
-3.340399999999999814e+00 4.245358730950791193e-01
-3.327899999999999636e+00 4.199254501114972338e-01
-3.315500000000000114e+00 4.152720430825746489e-01
-3.302999999999999936e+00 4.105672901927420737e-01
-3.290599999999999969e+00 4.058046339201236141e-01
-3.278100000000000236e+00 4.009800821072180832e-01
-3.265699999999999825e+00 3.960927999803510180e-01
-3.253299999999999859e+00 3.911454491533249977e-01
-3.240800000000000125e+00 3.861442413936469475e-01
-3.228399999999999714e+00 3.810986649566625584e-01
-3.215899999999999981e+00 3.760208980087684782e-01
-3.203500000000000014e+00 3.709249349252392580e-01
-3.191100000000000048e+00 3.658255658885467554e-01
-3.178599999999999870e+00 3.607373209006891068e-01
-3.166199999999999903e+00 3.556735628351782030e-01
-3.153699999999999726e+00 3.506458356628039397e-01
-3.141300000000000203e+00 3.456633180627801671e-01
-3.128800000000000026e+00 3.407328988310032170e-01
-3.116399999999999615e+00 3.358590714798987964e-01
-3.104000000000000092e+00 3.310438232570893646e-01
-3.091499999999999915e+00 3.262862772931851008e-01
-3.079099999999999948e+00 3.215818456945057635e-01
-3.066600000000000215e+00 3.169208510863343875e-01
-3.054199999999999804e+00 3.122867293663448285e-01
-3.041799999999999837e+00 3.076542662905829006e-01
-3.029300000000000104e+00 3.029887143490667123e-01
-3.016899999999999693e+00 2.982469529021405386e-01
-3.004399999999999959e+00 2.933816726791648177e-01
-2.991999999999999993e+00 2.883490595047820126e-01
-2.979499999999999815e+00 2.831192359195808250e-01
-2.967099999999999849e+00 2.776874400040074131e-01
-2.954699999999999882e+00 2.720828786246825559e-01
-2.942199999999999704e+00 2.663721403499764717e-01
-2.929800000000000182e+00 2.606551432411116642e-01
-2.917300000000000004e+00 2.550536078827834729e-01
-2.904900000000000038e+00 2.496942895165326082e-01
-2.892500000000000071e+00 2.446907947238933234e-01
-2.879999999999999893e+00 2.401281386245497362e-01
-2.867599999999999927e+00 2.360532942107926024e-01
-2.855100000000000193e+00 2.324733307156917061e-01
-2.842699999999999783e+00 2.293603704380237918e-01
-2.830200000000000049e+00 2.266617620511796882e-01
-2.817800000000000082e+00 2.243131967180316821e-01
-2.805399999999999672e+00 2.222528252428988549e-01
-2.792899999999999938e+00 2.204355581064751934e-01
-2.780499999999999972e+00 2.188478158791376804e-01
-2.767999999999999794e+00 2.175239005691096961e-01
-2.755600000000000271e+00 2.165651485484655359e-01
-2.743199999999999861e+00 2.161620543891484281e-01
-2.730699999999999683e+00 2.166177375524102056e-01
-2.718300000000000161e+00 2.183683795030958996e-01
-2.705799999999999983e+00 2.219965813242630870e-01
-2.693400000000000016e+00 2.282672440156829352e-01
-2.680899999999999839e+00 2.380862332327223774e-01
-2.668499999999999872e+00 2.525007458725477827e-01
-2.656099999999999905e+00 2.726703054279235872e-01
-2.643600000000000172e+00 3.000001661961067545e-01
-2.631199999999999761e+00 3.361532715362067214e-01
-2.618700000000000028e+00 3.831690151715826387e-01
-2.606300000000000061e+00 4.435500702513620053e-01
-2.593799999999999883e+00 5.202196627501156634e-01
-2.581399999999999917e+00 6.162208957431984935e-01
-2.568999999999999950e+00 7.340528759087165955e-01
-2.556499999999999773e+00 8.746493994272439565e-01
-2.544099999999999806e+00 1.036194762981700102e+00
-2.531600000000000072e+00 1.213171570934952426e+00
-2.519200000000000106e+00 1.396132799935735802e+00
-2.506800000000000139e+00 1.572576334833002853e+00
-2.494299999999999962e+00 1.728951747296584518e+00
-2.481899999999999995e+00 1.853359836707406227e+00
-2.469399999999999817e+00 1.938135356061766235e+00
-2.456999999999999851e+00 1.981444713739305197e+00
-2.444499999999999673e+00 1.987353086030544169e+00
-2.432100000000000151e+00 1.964385346701991164e+00
-2.419699999999999740e+00 1.923151308440954388e+00
-2.407200000000000006e+00 1.873875757726279900e+00
-2.394800000000000040e+00 1.824572007587776490e+00
-2.382299999999999862e+00 1.780228100949442949e+00
-2.369899999999999896e+00 1.742948465477013320e+00
-2.357499999999999929e+00 1.712704086100746759e+00
-2.344999999999999751e+00 1.688270017465963946e+00
-2.332599999999999785e+00 1.668035406330493853e+00
-2.320100000000000051e+00 1.650518790052242002e+00
-2.307700000000000085e+00 1.634611576587327475e+00
-2.295199999999999907e+00 1.619621494045691446e+00
-2.282799999999999940e+00 1.605207621516450578e+00
-2.270399999999999974e+00 1.591328007781390941e+00
-2.257899999999999796e+00 1.578142853826268066e+00
-2.245499999999999829e+00 1.565971935260142001e+00
-2.233000000000000096e+00 1.555185373010831595e+00
-2.220600000000000129e+00 1.546244416771106911e+00
-2.208199999999999719e+00 1.539579090588313992e+00
-2.195699999999999985e+00 1.535485585143864462e+00
-2.183300000000000018e+00 1.533969056045198176e+00
-2.170799999999999841e+00 1.534691886066561262e+00
-2.158399999999999874e+00 1.536956014821700967e+00
-2.145900000000000141e+00 1.539829622485688887e+00
-2.133499999999999730e+00 1.542394611281407979e+00
-2.121100000000000207e+00 1.544050675570501463e+00
-2.108600000000000030e+00 1.544799673346327396e+00
-2.096200000000000063e+00 1.545405525340783681e+00
-2.083699999999999886e+00 1.547363334168676108e+00
-2.071299999999999919e+00 1.552684000321075786e+00
-2.058899999999999952e+00 1.563550803117767618e+00
-2.046399999999999775e+00 1.581942489027215792e+00
-2.033999999999999808e+00 1.609289474082119309e+00
-2.021500000000000075e+00 1.646325599588382316e+00
-2.009100000000000108e+00 1.692998542666809936e+00
-1.996599999999999930e+00 1.748515618406447203e+00
-1.984199999999999964e+00 1.811427981182518909e+00
-1.971799999999999997e+00 1.879718252823344482e+00
-1.959299999999999820e+00 1.950884855990929534e+00
-1.946899999999999853e+00 2.022050650641365799e+00
-1.934399999999999897e+00 2.090133903946145288e+00
-1.921999999999999931e+00 2.152095804082385655e+00
-1.909599999999999964e+00 2.205252552287434664e+00
-1.897100000000000009e+00 2.247574729169645291e+00
-1.884700000000000042e+00 2.277928086811640718e+00
-1.872199999999999864e+00 2.296204002520032095e+00
-1.859799999999999898e+00 2.303328484103400520e+00
-1.847299999999999942e+00 2.301127654602514117e+00
-1.834899999999999975e+00 2.292079093509717946e+00
-1.822500000000000009e+00 2.278971094870986036e+00
-1.810000000000000053e+00 2.264519630125450878e+00
-1.797599999999999865e+00 2.251013681664574051e+00
-1.785099999999999909e+00 2.240057107917532431e+00
-1.772699999999999942e+00 2.232495243558202613e+00
-1.760199999999999987e+00 2.228434883548450873e+00
-1.747800000000000020e+00 2.227450339778047184e+00
-1.735399999999999832e+00 2.228805091945402328e+00
-1.722899999999999876e+00 2.231667418627450328e+00
-1.710499999999999909e+00 2.235275429440088502e+00
-1.697999999999999954e+00 2.239021628744531256e+00
-1.685599999999999987e+00 2.242480020169236532e+00
-1.673200000000000021e+00 2.245395071220992023e+00
-1.660699999999999843e+00 2.247646446843603485e+00
-1.648299999999999876e+00 2.249211106236518987e+00
-1.635799999999999921e+00 2.250130694302764134e+00
-1.623399999999999954e+00 2.250495986147115435e+00
-1.610899999999999999e+00 2.250387877892677135e+00
-1.598500000000000032e+00 2.249904769282681016e+00
-1.586099999999999843e+00 2.249134482016020620e+00
-1.573599999999999888e+00 2.248146969899756265e+00
-1.561199999999999921e+00 2.246988683921665952e+00
-1.548699999999999966e+00 2.245679356610192023e+00
-1.536299999999999999e+00 2.244211836793282178e+00
-1.523900000000000032e+00 2.242555247778052152e+00
-1.511399999999999855e+00 2.240660919368467674e+00
-1.498999999999999888e+00 2.238469797065036015e+00
-1.486499999999999932e+00 2.235919727198588891e+00
-1.474099999999999966e+00 2.232952679439968779e+00
-1.461600000000000010e+00 2.229520785542324912e+00
-1.449199999999999822e+00 2.225592153142147200e+00
-1.436799999999999855e+00 2.221157147930551190e+00
-1.424299999999999899e+00 2.216236058512052409e+00
-1.411899999999999933e+00 2.210887739907691607e+00
-1.399399999999999977e+00 2.205217572360212319e+00
-1.387000000000000011e+00 2.199381726425194028e+00
-1.374600000000000044e+00 2.193584251964262322e+00
-1.362099999999999866e+00 2.188064698057894830e+00
-1.349699999999999900e+00 2.183075943714715805e+00
-1.337199999999999944e+00 2.178855520904051435e+00
-1.324799999999999978e+00 2.175596973285822244e+00
-1.312300000000000022e+00 2.173427934167868170e+00
-1.299900000000000055e+00 2.172400669421609809e+00
-1.287499999999999867e+00 2.172496563838531181e+00
-1.274999999999999911e+00 2.173641347872242058e+00
-1.262599999999999945e+00 2.175724598302735568e+00
-1.250099999999999989e+00 2.178616751145640240e+00
-1.237700000000000022e+00 2.182178750132022227e+00
-1.225299999999999834e+00 2.186263875177416161e+00
-1.212799999999999878e+00 2.190714626441154333e+00
-1.200399999999999912e+00 2.195359350481374872e+00
-1.187899999999999956e+00 2.200013007255912534e+00
-1.175499999999999989e+00 2.204483303300549313e+00
-1.162999999999999812e+00 2.208581155502560733e+00
-1.150599999999999845e+00 2.212132378204985539e+00
-1.138199999999999878e+00 2.214987085114338505e+00
-1.125699999999999923e+00 2.217023999264857714e+00
-1.113299999999999956e+00 2.218149982366646178e+00
-1.100800000000000001e+00 2.218297255542888813e+00
-1.088400000000000034e+00 2.217421262011298744e+00
-1.075899999999999856e+00 2.215501804715398038e+00
-1.063499999999999890e+00 2.212551262539232955e+00
-1.051099999999999923e+00 2.208626421816544116e+00
-1.038599999999999968e+00 2.203842161198621419e+00
-1.026199999999999779e+00 2.198381067873071082e+00
-1.013700000000000045e+00 2.192491525468709845e+00
-1.001300000000000079e+00 2.186466660705011389e+00
-9.888999999999998902e-01 2.180598623407519199e+00
-9.763999999999999346e-01 2.175108018588707282e+00
-9.639999999999999680e-01 2.170056790720238826e+00
-9.514999999999999014e-01 2.165261935994623244e+00
-9.390999999999999348e-01 2.160231332337748444e+00
-9.265999999999999792e-01 2.154149357231680995e+00
-9.141999999999999016e-01 2.145925532702935179e+00
-9.017999999999999350e-01 2.134307626641973155e+00
-8.892999999999999794e-01 2.118041556038368523e+00
-8.768999999999999018e-01 2.096047746611794160e+00
-8.643999999999999462e-01 2.067579226050376473e+00
-8.519999999999999796e-01 2.032332188171315224e+00
-8.395999999999999019e-01 1.990491996175065781e+00
-8.270999999999999464e-01 1.942711667095043282e+00
-8.146999999999999797e-01 1.890030004649608575e+00
-8.021999999999999131e-01 1.833744592818091546e+00
-7.897999999999999465e-01 1.775256375910404971e+00
-7.772999999999999909e-01 1.715912662828757540e+00
-7.648999999999999133e-01 1.656874296558616289e+00
-7.524999999999999467e-01 1.599029597938658842e+00
-7.399999999999999911e-01 1.542972252877029327e+00
-7.275999999999999135e-01 1.489043365806495212e+00
-7.150999999999999579e-01 1.437420548493376637e+00
-7.026999999999999913e-01 1.388222250390061419e+00
-6.902999999999999137e-01 1.341592070147345606e+00
-6.777999999999999581e-01 1.297735859308250861e+00
-6.653999999999999915e-01 1.256900762052318044e+00
-6.528999999999999249e-01 1.219304935937293610e+00
-6.404999999999999583e-01 1.185047680141574578e+00
-6.279999999999998916e-01 1.154031644805001200e+00
-6.155999999999999250e-01 1.125928018451948009e+00
-6.031999999999999584e-01 1.100199681531895735e+00
-5.907000000000000028e-01 1.076177266728065574e+00
-5.783000000000000362e-01 1.053165489084863182e+00
-5.657999999999998586e-01 1.030548485166976391e+00
-5.533999999999998920e-01 1.007866104604509205e+00
-5.409999999999999254e-01 9.848458354384699298e-01
-5.284999999999999698e-01 9.613917437798527033e-01
-5.161000000000000032e-01 9.375401604186638371e-01
-5.036000000000000476e-01 9.134036773891617278e-01
-4.911999999999998590e-01 8.891183606787247395e-01
-4.786999999999999034e-01 8.648040600120729948e-01
-4.662999999999999368e-01 8.405407320862521292e-01
-4.538999999999999702e-01 8.163590502690487583e-01
-4.414000000000000146e-01 7.922420127603416740e-01
-4.290000000000000480e-01 7.681344965898304622e-01
-4.164999999999998703e-01 7.439586991018229956e-01
-4.040999999999999037e-01 7.196339549425179172e-01
-3.915999999999999481e-01 6.950987499347551779e-01
-3.791999999999999815e-01 6.703332287812456824e-01
-3.668000000000000149e-01 6.453750417162660291e-01
-3.542999999999998373e-01 6.203276170568915449e-01
-3.418999999999998707e-01 5.953593106962098425e-01
-3.293999999999999151e-01 5.706912511942119348e-01
-3.169999999999999485e-01 5.465781120419950234e-01
-3.045999999999999819e-01 5.232848618152348141e-01
-2.921000000000000263e-01 5.010626024908603204e-01
-2.796999999999998376e-01 4.801232731777346219e-01
-2.671999999999998820e-01 4.606157769855702133e-01
-2.547999999999999154e-01 4.426008465321782381e-01
-2.422999999999999599e-01 4.260239544277067414e-01
-2.298999999999999932e-01 4.106877042689313084e-01
-2.175000000000000266e-01 3.962293518670766401e-01
-2.049999999999998490e-01 3.821136793312428503e-01
-1.925999999999998824e-01 3.676540777750892941e-01
-1.800999999999999268e-01 3.520724015779393978e-01
-1.676999999999999602e-01 3.345999032011198748e-01
-1.552999999999999936e-01 3.146073591068382358e-01
-1.428000000000000380e-01 2.917382288108929522e-01
-1.303999999999998494e-01 2.660105320614379321e-01
-1.178999999999998938e-01 2.378559366732952429e-01
-1.054999999999999272e-01 2.080796591539871565e-01
-9.299999999999997158e-02 1.777474965684571750e-01
-8.060000000000000497e-02 1.480271416135121032e-01
-6.820000000000003837e-02 1.200220866578485257e-01
-5.569999999999986073e-02 9.463427761376495828e-02
-4.329999999999989413e-02 7.247874748433208447e-02
-3.079999999999993854e-02 5.385641551712160718e-02
-1.839999999999997193e-02 3.877681024370993601e-02
-6.000000000000005329e-03 2.701447238577434420e-02
6.499999999999950262e-03 1.818148357014452710e-02
1.890000000000013891e-02 1.180140033799963531e-02
3.140000000000009450e-02 7.374425521533663035e-03
4.380000000000006111e-02 4.427877987412931135e-03
5.630000000000001670e-02 2.549598671577488641e-03
6.869999999999998330e-02 1.404780267471536026e-03
8.109999999999994991e-02 7.389674399670804420e-04
9.360000000000012754e-02 3.703120988124520641e-04
1.060000000000000941e-01 1.763677948150082434e-04
1.185000000000000497e-01 7.936039013645813196e-05
1.309000000000000163e-01 3.345754365332141185e-05
1.432999999999999829e-01 1.301380446568043874e-05
1.558000000000001606e-01 4.530954984557237225e-06
1.682000000000001272e-01 1.322682340433336286e-06
1.807000000000000828e-01 2.750168323033607535e-07
1.931000000000000494e-01 2.152316064493946054e-08
2.056000000000000050e-01 0.000000000000000000e+00
2.179999999999999716e-01 0.000000000000000000e+00
2.304000000000001602e-01 0.000000000000000000e+00
2.429000000000001158e-01 0.000000000000000000e+00
2.553000000000000824e-01 0.000000000000000000e+00
2.678000000000000380e-01 0.000000000000000000e+00
2.802000000000000046e-01 0.000000000000000000e+00
2.926999999999999602e-01 0.000000000000000000e+00
3.051000000000001489e-01 0.000000000000000000e+00
3.175000000000001155e-01 0.000000000000000000e+00
3.300000000000000711e-01 0.000000000000000000e+00
3.424000000000000377e-01 0.000000000000000000e+00
3.548999999999999932e-01 0.000000000000000000e+00
3.672999999999999599e-01 0.000000000000000000e+00
3.797000000000001485e-01 0.000000000000000000e+00
3.922000000000001041e-01 0.000000000000000000e+00
4.046000000000000707e-01 0.000000000000000000e+00
4.171000000000000263e-01 0.000000000000000000e+00
4.294999999999999929e-01 0.000000000000000000e+00
4.420000000000001705e-01 0.000000000000000000e+00
4.544000000000001371e-01 0.000000000000000000e+00
4.668000000000001037e-01 0.000000000000000000e+00
4.793000000000002814e-01 0.000000000000000000e+00
4.917000000000002480e-01 0.000000000000000000e+00
5.041999999999999815e-01 0.000000000000000000e+00
5.165999999999999481e-01 0.000000000000000000e+00
5.289999999999999147e-01 0.000000000000000000e+00
5.415000000000000924e-01 0.000000000000000000e+00
5.539000000000000590e-01 0.000000000000000000e+00
5.664000000000002366e-01 0.000000000000000000e+00
5.788000000000002032e-01 0.000000000000000000e+00
5.912999999999999368e-01 0.000000000000000000e+00
6.036999999999999034e-01 0.000000000000000000e+00
6.160999999999998700e-01 0.000000000000000000e+00
6.286000000000000476e-01 0.000000000000000000e+00
6.410000000000000142e-01 0.000000000000000000e+00
6.535000000000001918e-01 0.000000000000000000e+00
6.659000000000001585e-01 0.000000000000000000e+00
6.783000000000001251e-01 0.000000000000000000e+00
6.907999999999998586e-01 0.000000000000000000e+00
7.032000000000002693e-01 0.000000000000000000e+00
7.157000000000000028e-01 0.000000000000000000e+00
7.280999999999999694e-01 0.000000000000000000e+00
7.406000000000001471e-01 0.000000000000000000e+00
7.530000000000001137e-01 0.000000000000000000e+00
7.654000000000000803e-01 0.000000000000000000e+00
7.779000000000002579e-01 0.000000000000000000e+00
7.903000000000002245e-01 0.000000000000000000e+00
8.027999999999999581e-01 0.000000000000000000e+00
8.151999999999999247e-01 0.000000000000000000e+00
8.275999999999998913e-01 0.000000000000000000e+00
8.401000000000000689e-01 0.000000000000000000e+00
8.525000000000000355e-01 0.000000000000000000e+00
8.650000000000002132e-01 0.000000000000000000e+00
8.774000000000001798e-01 0.000000000000000000e+00
8.898999999999999133e-01 0.000000000000000000e+00
9.022999999999998799e-01 0.000000000000000000e+00
9.146999999999998465e-01 0.000000000000000000e+00
9.272000000000000242e-01 0.000000000000000000e+00
9.395999999999999908e-01 0.000000000000000000e+00
9.521000000000001684e-01 0.000000000000000000e+00
9.645000000000001350e-01 0.000000000000000000e+00
9.769999999999998685e-01 0.000000000000000000e+00
9.894000000000002792e-01 0.000000000000000000e+00
1.001800000000000246e+00 0.000000000000000000e+00
1.014299999999999979e+00 0.000000000000000000e+00
1.026699999999999946e+00 0.000000000000000000e+00
1.039200000000000124e+00 0.000000000000000000e+00
1.051600000000000090e+00 0.000000000000000000e+00
1.064000000000000057e+00 0.000000000000000000e+00
1.076500000000000234e+00 0.000000000000000000e+00
1.088900000000000201e+00 0.000000000000000000e+00
1.101399999999999935e+00 0.000000000000000000e+00
1.113799999999999901e+00 0.000000000000000000e+00
1.126300000000000079e+00 0.000000000000000000e+00
1.138700000000000045e+00 0.000000000000000000e+00
1.151100000000000012e+00 0.000000000000000000e+00
1.163600000000000190e+00 0.000000000000000000e+00
1.176000000000000156e+00 0.000000000000000000e+00
1.188499999999999890e+00 0.000000000000000000e+00
1.200899999999999856e+00 0.000000000000000000e+00
1.213300000000000267e+00 0.000000000000000000e+00
1.225800000000000001e+00 0.000000000000000000e+00
1.238199999999999967e+00 0.000000000000000000e+00
1.250700000000000145e+00 0.000000000000000000e+00
1.263100000000000112e+00 0.000000000000000000e+00
1.275599999999999845e+00 0.000000000000000000e+00
1.288000000000000256e+00 3.587193440823243974e-09
1.300400000000000222e+00 1.295353217634705112e-08
1.312899999999999956e+00 3.952832548143850167e-08
1.325299999999999923e+00 1.055124042419310147e-07
1.337800000000000100e+00 2.564454451836809912e-07
1.350200000000000067e+00 5.797952992576494602e-07
1.362600000000000033e+00 1.236376496764473710e-06
1.375100000000000211e+00 2.496289145101145094e-06
1.387500000000000178e+00 4.784749276334898756e-06
1.399999999999999911e+00 8.738072813800153683e-06
1.412399999999999878e+00 1.524420522473418104e-05
1.424900000000000055e+00 2.545958284467162615e-05
1.437300000000000022e+00 4.080361829080164995e-05
1.449699999999999989e+00 6.291267454875731555e-05
1.462200000000000166e+00 9.355440588660768211e-05
1.474600000000000133e+00 1.345236260294955491e-04
1.487099999999999866e+00 1.875310795543698775e-04
1.499500000000000277e+00 2.541081772243484918e-04
1.511900000000000244e+00 3.355296231070448490e-04
1.524399999999999977e+00 4.327851549647547167e-04
1.536799999999999944e+00 5.465751515979539073e-04
1.549300000000000122e+00 6.773433503669376750e-04
1.561700000000000088e+00 8.253304013944996569e-04
1.574200000000000266e+00 9.906417493531236105e-04
1.586600000000000232e+00 1.173305369486597706e-03
1.599000000000000199e+00 1.373331944279902739e-03
1.611499999999999932e+00 1.590743674563924832e-03
1.623899999999999899e+00 1.825586846839683365e-03
1.636400000000000077e+00 2.077926732859635729e-03
1.648800000000000043e+00 2.347820894433453980e-03
1.661300000000000221e+00 2.635304431709719827e-03
1.673700000000000188e+00 2.940370990123404582e-03
1.686100000000000154e+00 3.262974195479226205e-03
1.698599999999999888e+00 3.603042016893152552e-03
1.710999999999999854e+00 3.960508257437154664e-03
1.723500000000000032e+00 4.335338251179520104e-03
1.735899999999999999e+00 4.727552819533718982e-03
1.748299999999999965e+00 5.137242149034137659e-03
1.760800000000000143e+00 5.564550732874488231e-03
1.773200000000000109e+00 6.009649463101865603e-03
1.785699999999999843e+00 6.472685826911271818e-03
1.798100000000000254e+00 6.953737833353968931e-03
1.810599999999999987e+00 7.452758729224214299e-03
1.822999999999999954e+00 7.969570728287926967e-03
1.835399999999999920e+00 8.503882034708115656e-03
1.847900000000000098e+00 9.055329996267158163e-03
1.860300000000000065e+00 9.623568082890431377e-03
1.872800000000000242e+00 1.020835730117946108e-02
1.885200000000000209e+00 1.080962725341563617e-02
1.897600000000000176e+00 1.142750362433671979e-02
1.910099999999999909e+00 1.206228137719914627e-02
1.922499999999999876e+00 1.271435886551484928e-02
1.935000000000000053e+00 1.338413997117441148e-02
1.947400000000000020e+00 1.407195071421507397e-02
1.959900000000000198e+00 1.477798356018381401e-02
1.972300000000000164e+00 1.550228792189515571e-02
1.984700000000000131e+00 1.624479803786530591e-02
1.997199999999999864e+00 1.700539097790838144e-02
2.009600000000000275e+00 1.778394839042240702e-02
2.022100000000000009e+00 1.858039383755841559e-02
2.034499999999999975e+00 1.939474557234075261e-02
2.046899999999999942e+00 2.022717753374006500e-02
2.059400000000000119e+00 2.107812602985484340e-02
2.071800000000000086e+00 2.194843567408368348e-02
2.084300000000000264e+00 2.283959286383929060e-02
2.096700000000000230e+00 2.375401365944769874e-02
2.109199999999999964e+00 2.469535437167611619e-02
2.121599999999999930e+00 2.566877775841567774e-02
2.133999999999999897e+00 2.668105707754275802e-02
2.146500000000000075e+00 2.774040723648806689e-02
2.158900000000000041e+00 2.885592390088271772e-02
2.171400000000000219e+00 3.003668551881642779e-02
2.183800000000000185e+00 3.129058414424030349e-02
2.196200000000000152e+00 3.262319116249743495e-02
2.208699999999999886e+00 3.403689401460589098e-02
2.221099999999999852e+00 3.553058466558380035e-02
2.233600000000000030e+00 3.709995104172483099e-02
2.245999999999999996e+00 3.873829330296653384e-02
2.258500000000000174e+00 4.043763800725552054e-02
2.270900000000000141e+00 4.218984305078372909e-02
2.283300000000000107e+00 4.398748540641116145e-02
2.295799999999999841e+00 4.582442213717899393e-02
2.308200000000000252e+00 4.769599104684467406e-02
2.320699999999999985e+00 4.959893940891382802e-02
2.333099999999999952e+00 5.153119795108655754e-02
2.345600000000000129e+00 5.349157260518415391e-02
2.358000000000000096e+00 5.547945677356309890e-02
2.370400000000000063e+00 5.749458169286895265e-02
2.382900000000000240e+00 5.953686588062209045e-02
2.395300000000000207e+00 6.160634832748090872e-02
2.407799999999999940e+00 6.370325798470005685e-02
2.420200000000000351e+00 6.582805308403971711e-02
2.432599999999999874e+00 6.798167120976106315e-02
2.445100000000000051e+00 7.016588979809496029e-02
2.457500000000000462e+00 7.238398057777439831e-02
2.469999999999999751e+00 7.464179486616213943e-02
2.482400000000000162e+00 7.694942565816600966e-02
2.494900000000000340e+00 7.932349526171546261e-02
2.507299999999999862e+00 8.178998173058818488e-02
2.519700000000000273e+00 8.438707216715558845e-02
2.532200000000000450e+00 8.716736012005059375e-02
2.544599999999999973e+00 9.019869561288199056e-02
2.557100000000000151e+00 9.356289653782967619e-02
2.569499999999999673e+00 9.735218498110251306e-02
2.581900000000000084e+00 1.016637683743597254e-01
2.594400000000000261e+00 1.065937355654880958e-01
2.606799999999999784e+00 1.122315583563436303e-01
2.619299999999999962e+00 1.186562916403831880e-01
2.631700000000000372e+00 1.259346622617815437e-01
2.644199999999999662e+00 1.341203483809958463e-01
2.656600000000000072e+00 1.432531753241221284e-01
2.669000000000000483e+00 1.533570638907960637e-01
2.681499999999999773e+00 1.644364500243126748e-01
2.693900000000000183e+00 1.764720446951681398e-01
2.706400000000000361e+00 1.894176587762643749e-01
2.718799999999999883e+00 2.031999493219065478e-01
2.731200000000000294e+00 2.177221354815227494e-01
2.743700000000000472e+00 2.328713779944265316e-01
2.756099999999999994e+00 2.485283176745329836e-01
2.768600000000000172e+00 2.645765746243424754e-01
2.780999999999999694e+00 2.809102453727122528e-01
2.793499999999999872e+00 2.974382430594519344e-01
2.805900000000000283e+00 3.140854541794633747e-01
2.818299999999999805e+00 3.307914808293133113e-01
2.830799999999999983e+00 3.475082331040725836e-01
2.843200000000000394e+00 3.641972219487645268e-01
2.855699999999999683e+00 3.808273874273201409e-01
2.868100000000000094e+00 3.973736014907510716e-01
2.880499999999999616e+00 4.138157419755775779e-01
2.892999999999999794e+00 4.301380934684385648e-01
2.905400000000000205e+00 4.463288350266146343e-01
2.917900000000000382e+00 4.623794695612405969e-01
2.930299999999999905e+00 4.782842436018060472e-01
2.942800000000000082e+00 4.940393977096969591e-01
2.955200000000000493e+00 5.096420825745027194e-01
2.967600000000000016e+00 5.250899353002602687e-01
2.980100000000000193e+00 5.403797086877485389e-01
2.992499999999999716e+00 5.555055891257539846e-01
3.004999999999999893e+00 5.704566322857478333e-01
3.017400000000000304e+00 5.852128574680471873e-01
3.029900000000000482e+00 5.997399465626445103e-01
3.042300000000000004e+00 6.139828809470102566e-01
3.054700000000000415e+00 6.278597937887973046e-01
3.067199999999999704e+00 6.412577944427230170e-01
3.079600000000000115e+00 6.540336404330286957e-01
3.092100000000000293e+00 6.660217873865431626e-01
3.104499999999999815e+00 6.770506079001917810e-01
3.116900000000000226e+00 6.869652652337111531e-01
3.129400000000000404e+00 6.956531833277836974e-01
3.141799999999999926e+00 7.030672659931102020e-01
3.154300000000000104e+00 7.092393710988162958e-01
3.166699999999999626e+00 7.142843719799454316e-01
3.179199999999999804e+00 7.183937985604429421e-01
3.191600000000000215e+00 7.218228931823305050e-01
3.203999999999999737e+00 7.248754471390428389e-01
3.216499999999999915e+00 7.278898011428838188e-01
3.228900000000000325e+00 7.312272781724901138e-01
3.241400000000000503e+00 7.352622579465950547e-01
3.253800000000000026e+00 7.403721038007450295e-01
3.266200000000000436e+00 7.469232559005249961e-01
3.278699999999999726e+00 7.552515758497767573e-01
3.291100000000000136e+00 7.656357308441035237e-01
3.303600000000000314e+00 7.782651610457935742e-01
3.315999999999999837e+00 7.932085702901354729e-01
3.328500000000000014e+00 8.103926521495768975e-01
3.340900000000000425e+00 8.296015615501304286e-01
3.353299999999999947e+00 8.505048578273085580e-01
3.365800000000000125e+00 8.727129222114274887e-01
3.378199999999999648e+00 8.958500235802373535e-01
3.390699999999999825e+00 9.196255391307965876e-01
3.403100000000000236e+00 9.438846819481394590e-01
3.415499999999999758e+00 9.686236590109353894e-01
3.427999999999999936e+00 9.939648567737847662e-01
3.440400000000000347e+00 1.020099949577114140e+00
3.452899999999999636e+00 1.047218769538575955e+00
3.465300000000000047e+00 1.075446079362695428e+00
3.477800000000000225e+00 1.104806111536450919e+00
3.490199999999999747e+00 1.135225919008919560e+00
3.502600000000000158e+00 1.166576636122329980e+00
3.515100000000000335e+00 1.198740100278602672e+00
3.527499999999999858e+00 1.231679423065755508e+00
3.540000000000000036e+00 1.265491341520970758e+00
3.552400000000000446e+00 1.300423660436935691e+00
3.564799999999999969e+00 1.336854390673978044e+00
3.577300000000000146e+00 1.375238537258838711e+00
3.589699999999999669e+00 1.416042293696241350e+00
3.602199999999999847e+00 1.459681622828347125e+00
3.614600000000000257e+00 1.506477835728243342e+00
3.627100000000000435e+00 1.556627467659067676e+00
3.639499999999999957e+00 1.610183224810596059e+00
3.651900000000000368e+00 1.667033519547203024e+00
3.664399999999999658e+00 1.726876031101307829e+00
3.676800000000000068e+00 1.789193166248440825e+00
3.689300000000000246e+00 1.853241746422500835e+00
3.701699999999999768e+00 1.918076038808014028e+00
3.714199999999999946e+00 1.982620208651901583e+00
3.726600000000000357e+00 2.045779573792791961e+00
3.738999999999999879e+00 2.106572360171179881e+00
3.751500000000000057e+00 2.164243253193965710e+00
3.763900000000000468e+00 2.218317537805103878e+00
3.776399999999999757e+00 2.268568450890048993e+00
3.788800000000000168e+00 2.314896621324662007e+00
3.801199999999999690e+00 2.357155222425112218e+00
3.813699999999999868e+00 2.394974978368691776e+00
3.826100000000000279e+00 2.427654651555383403e+00
3.838600000000000456e+00 2.454164434045777110e+00
3.850999999999999979e+00 2.473274438138572062e+00
3.863500000000000156e+00 2.483779116148246757e+00
3.875899999999999679e+00 2.484757829035067367e+00
3.888300000000000090e+00 2.475788263074774065e+00
3.900800000000000267e+00 2.457067600757631975e+00
3.913199999999999790e+00 2.429401648224799981e+00
3.925699999999999967e+00 2.394080578638729584e+00
3.938100000000000378e+00 2.352684702745816203e+00
3.950499999999999901e+00 2.306877984844845741e+00
3.963000000000000078e+00 2.258238338225432962e+00
3.975400000000000489e+00 2.208150590281828141e+00
3.987899999999999778e+00 2.157760265409639278e+00
4.000300000000000189e+00 2.107968224293343518e+00
4.012800000000000367e+00 2.059439774606762974e+00
4.025199999999999889e+00 2.012608723437480762e+00
4.037600000000000300e+00 1.967674934798694597e+00
4.050100000000000477e+00 1.924600957685870695e+00
4.062500000000000000e+00 1.883127314765595584e+00
4.075000000000000178e+00 1.842815951232529947e+00
4.087399999999999700e+00 1.803119311897696253e+00
4.099800000000000111e+00 1.763462891235616503e+00
4.112300000000000288e+00 1.723319027914844037e+00
4.124699999999999811e+00 1.682254332283173559e+00
4.137199999999999989e+00 1.639951661489883916e+00
4.149600000000000399e+00 1.596206640713254465e+00
4.162099999999999689e+00 1.550914612039390406e+00
4.174500000000000099e+00 1.504061000597288533e+00
4.186899999999999622e+00 1.455721443897421086e+00
4.199399999999999800e+00 1.406071289612747410e+00
4.211800000000000210e+00 1.355398684125235675e+00
4.224300000000000388e+00 1.304114068829682616e+00
4.236699999999999910e+00 1.252749969010372499e+00
4.249100000000000321e+00 1.201947082337415207e+00
4.261600000000000499e+00 1.152424780235079105e+00
4.274000000000000021e+00 1.104936370852238170e+00
4.286500000000000199e+00 1.060211336489963241e+00
4.298899999999999721e+00 1.018896218627876493e+00
4.311399999999999899e+00 9.814902693911153886e-01
4.323800000000000310e+00 9.483013466822661774e-01
4.336199999999999832e+00 9.194210690085511395e-01
4.348700000000000010e+00 8.947269105961147551e-01
4.361100000000000421e+00 8.739099195614078441e-01
4.373599999999999710e+00 8.565227537769752875e-01
4.386000000000000121e+00 8.420384861288846556e-01
4.398500000000000298e+00 8.299097886876640739e-01
4.410899999999999821e+00 8.196190877213640480e-01
4.423300000000000232e+00 8.107140811221591470e-01
4.435800000000000409e+00 8.028266109161573683e-01
4.448199999999999932e+00 7.956761776360692373e-01
4.460700000000000109e+00 7.890622131661891858e-01
4.473099999999999632e+00 7.828499069145653522e-01
4.485500000000000043e+00 7.769540339727379896e-01
4.498000000000000220e+00 7.713239123432538147e-01
4.510399999999999743e+00 7.659311068509927489e-01
4.522899999999999920e+00 7.607607510748193302e-01
4.535300000000000331e+00 7.558057013298395965e-01
4.547799999999999621e+00 7.510627967632442781e-01
4.560200000000000031e+00 7.465308239092628417e-01
4.572600000000000442e+00 7.422095184396643175e-01
4.585099999999999731e+00 7.380989406096912786e-01
4.597500000000000142e+00 7.341993155577721808e-01
4.610000000000000320e+00 7.305109228983517333e-01
4.622399999999999842e+00 7.270342216783146627e-01
4.634800000000000253e+00 7.237701767994964008e-01
4.647300000000000431e+00 7.207208849381007143e-01
4.659699999999999953e+00 7.178905976443437087e-01
4.672200000000000131e+00 7.152872726686185789e-01
4.684599999999999653e+00 7.129247512515951568e-01
4.697099999999999831e+00 7.108255377144185871e-01
4.709500000000000242e+00 7.090237885318324551e-01
4.721899999999999764e+00 7.075679376670468423e-01
4.734399999999999942e+00 7.065219952269620185e-01
4.746800000000000352e+00 7.059644834859284401e-01
4.759299999999999642e+00 7.059840990619804524e-01
4.771700000000000053e+00 7.066717325224619595e-01
4.784100000000000463e+00 7.081158626099330888e-01
4.796599999999999753e+00 7.103724852943292811e-01
4.809000000000000163e+00 7.134763596875756120e-01
4.821500000000000341e+00 7.174213300664477044e-01
4.833899999999999864e+00 7.221625915152162234e-01
4.846400000000000041e+00 7.276230683064885962e-01
4.858800000000000452e+00 7.337048225590393491e-01
4.871199999999999974e+00 7.403007038682254404e-01
4.883700000000000152e+00 7.473003252813366082e-01
4.896099999999999675e+00 7.545847932442082406e-01
4.908599999999999852e+00 7.620104186854014250e-01
4.921000000000000263e+00 7.693898407979011811e-01
4.933399999999999785e+00 7.764856554813626133e-01
4.945899999999999963e+00 7.830328474987284793e-01
4.958300000000000374e+00 7.887979434698851877e-01
4.970799999999999663e+00 7.936670521506432596e-01
4.983200000000000074e+00 7.977375312753615111e-01
4.995700000000000252e+00 8.013790856764119175e-01
5.008099999999999774e+00 8.052365570512043380e-01
5.020500000000000185e+00 8.101663296887474663e-01
5.033000000000000362e+00 8.171221116650833061e-01
5.045399999999999885e+00 8.270221510795079389e-01
5.057900000000000063e+00 8.406320243971932005e-01
5.070300000000000473e+00 8.584863979567660675e-01
5.082699999999999996e+00 8.808569975272035890e-01
5.095200000000000173e+00 9.077607136722600778e-01
5.107599999999999696e+00 9.389952197883828511e-01
5.120099999999999874e+00 9.741891832801214957e-01
5.132500000000000284e+00 1.012858915823963146e+00
5.145000000000000462e+00 1.054449129940394636e+00
5.157399999999999984e+00 1.098393518122236179e+00
5.169800000000000395e+00 1.144135452892481197e+00
5.182299999999999685e+00 1.191148563684172546e+00
5.194700000000000095e+00 1.238935570476789927e+00
5.207200000000000273e+00 1.287023583934046922e+00
5.219599999999999795e+00 1.334910228390898013e+00
5.232099999999999973e+00 1.382039976149385119e+00
5.244500000000000384e+00 1.427756701106007720e+00
5.256899999999999906e+00 1.471283751565029885e+00
5.269400000000000084e+00 1.511743443937025644e+00
5.281800000000000495e+00 1.548229337589711374e+00
5.294299999999999784e+00 1.579934890322547636e+00
5.306700000000000195e+00 1.606314069812518008e+00
5.319099999999999717e+00 1.627233471809747867e+00
5.331599999999999895e+00 1.643068839987367635e+00
5.344000000000000306e+00 1.654712994829153461e+00
5.356500000000000483e+00 1.663491113720514392e+00
5.368900000000000006e+00 1.671010500447257519e+00
5.381400000000000183e+00 1.678988827890952162e+00
5.393799999999999706e+00 1.689099745849869327e+00
5.406200000000000117e+00 1.702851948823798756e+00
5.418700000000000294e+00 1.721492998510158356e+00
5.431099999999999817e+00 1.745919127411577954e+00
5.443599999999999994e+00 1.776582130318668851e+00
5.456000000000000405e+00 1.813405957961050419e+00
5.468399999999999928e+00 1.855743035555825315e+00
5.480900000000000105e+00 1.902402185991296957e+00
5.493299999999999628e+00 1.951757616855368527e+00
5.505799999999999805e+00 2.001923465793927992e+00
5.518200000000000216e+00 2.050956566348436816e+00
5.530700000000000394e+00 2.097040528277907434e+00
5.543099999999999916e+00 2.138616164844789669e+00
5.555500000000000327e+00 2.174452584040316605e+00
5.567999999999999616e+00 2.203638516114044599e+00
5.580400000000000027e+00 2.225568100544255579e+00
5.592900000000000205e+00 2.239892185356257670e+00
5.605299999999999727e+00 2.246483885983910689e+00
5.617700000000000138e+00 2.245418678362037124e+00
5.630200000000000315e+00 2.236966147551553874e+00
5.642599999999999838e+00 2.221583719010457703e+00
5.655100000000000016e+00 2.199898375693694508e+00
5.667500000000000426e+00 2.172675171293358964e+00
5.679999999999999716e+00 2.140764853279755187e+00
5.692400000000000126e+00 2.105038796182103766e+00
5.704799999999999649e+00 2.066315520938912353e+00
5.717299999999999827e+00 2.025290774713440989e+00
5.729700000000000237e+00 1.982475442560542422e+00
5.742200000000000415e+00 1.938146536796267805e+00
5.754599999999999937e+00 1.892317164650616723e+00
5.767000000000000348e+00 1.844733447971627527e+00
5.779499999999999638e+00 1.794907656128182705e+00
5.791900000000000048e+00 1.742194283749030070e+00
5.804400000000000226e+00 1.685908477756713708e+00
5.816799999999999748e+00 1.625474388308732587e+00
5.829299999999999926e+00 1.560579023444954583e+00
5.841700000000000337e+00 1.491299267368700665e+00
5.854099999999999859e+00 1.418170737559594663e+00
5.866600000000000037e+00 1.342179516916630178e+00
5.879000000000000448e+00 1.264677714896092597e+00
5.891499999999999737e+00 1.187241418035899887e+00
5.903900000000000148e+00 1.111507944137346771e+00
5.916400000000000325e+00 1.039027871902628464e+00
5.928799999999999848e+00 9.711587133324816046e-01
5.941200000000000259e+00 9.090161933382321369e-01
5.953700000000000436e+00 8.534806712638818293e-01
5.966099999999999959e+00 8.052472272739942261e-01
5.978600000000000136e+00 7.649037822758956162e-01
5.990999999999999659e+00 7.330177226270915281e-01
6.003400000000000070e+00 7.102145541559971020e-01
6.015900000000000247e+00 6.972294962453101652e-01
6.028299999999999770e+00 6.949150940175983227e-01
6.040799999999999947e+00 7.041925498983951925e-01
6.053200000000000358e+00 7.259438851565030992e-01
6.065699999999999648e+00 7.608573526069875026e-01
6.078100000000000058e+00 8.092448045821665215e-01
6.090500000000000469e+00 8.708717865283948090e-01
6.102999999999999758e+00 9.448313688676744926e-01
6.115400000000000169e+00 1.029490583357175248e+00
6.127900000000000347e+00 1.122526010226672755e+00
6.140299999999999869e+00 1.221059407012711429e+00
6.152700000000000280e+00 1.321845129961721987e+00
6.165200000000000458e+00 1.421565119240927100e+00
6.177599999999999980e+00 1.517116374194086958e+00
6.190100000000000158e+00 1.605907651500037669e+00
6.202499999999999680e+00 1.686102755662347352e+00
6.214999999999999858e+00 1.756770682747713197e+00
6.227400000000000269e+00 1.817910580224393557e+00
6.239799999999999791e+00 1.870340104077172327e+00
6.252299999999999969e+00 1.915462913922222565e+00
6.264700000000000379e+00 1.954960486560807897e+00
6.277199999999999669e+00 1.990471620195861213e+00
6.289600000000000080e+00 2.023328786666040102e+00
6.302000000000000490e+00 2.054407803577467106e+00
6.314499999999999780e+00 2.084114153293801230e+00
6.326900000000000190e+00 2.112490424552539992e+00
6.339400000000000368e+00 2.139394613365205977e+00
6.351799999999999891e+00 2.164679023429543658e+00
6.364300000000000068e+00 2.188308363533876033e+00
6.376700000000000479e+00 2.210385203441543656e+00
6.389100000000000001e+00 2.231091017409481125e+00
6.401600000000000179e+00 2.250582180832705337e+00
6.413999999999999702e+00 2.268891841542736820e+00
6.426500000000000767e+00 2.285878415697728983e+00
6.438900000000000290e+00 2.301235772761287990e+00
6.451299999999999812e+00 2.314555556018451643e+00
6.463800000000000878e+00 2.325416178897540931e+00
6.476200000000000401e+00 2.333469286765010864e+00
6.488699999999999690e+00 2.338503252445276459e+00
6.501099999999999213e+00 2.340471368805090435e+00
6.513600000000000279e+00 2.339484786897487290e+00
6.525999999999999801e+00 2.335780427566842121e+00
6.538399999999999324e+00 2.329675091948904431e+00
6.550900000000000389e+00 2.321514753265469189e+00
6.563299999999999912e+00 2.311648901535426681e+00
6.575799999999999201e+00 2.300485650105922097e+00
6.588200000000000500e+00 2.288233513967037780e+00
6.600699999999999790e+00 2.275261246736899778e+00
6.613099999999999312e+00 2.261964887910136834e+00
6.625500000000000611e+00 2.248888165043785303e+00
6.637999999999999901e+00 2.236808345445107093e+00
6.650399999999999423e+00 2.226790660168477043e+00
6.662900000000000489e+00 2.220150036273572880e+00
6.675300000000000011e+00 2.218247723071908872e+00
6.687699999999999534e+00 2.222078600013890348e+00
6.700200000000000600e+00 2.231682569478447675e+00
6.712600000000000122e+00 2.245533639108193480e+00
6.725099999999999412e+00 2.260169114682284430e+00
6.737500000000000711e+00 2.270341532964805342e+00
6.750000000000000000e+00 2.269847937129203519e+00
6.762399999999999523e+00 2.252927967294195533e+00
6.774800000000000821e+00 2.215831469412571586e+00
6.787300000000000111e+00 2.157997269143998142e+00
6.799699999999999633e+00 2.082372252529559820e+00
6.812200000000000699e+00 1.994720575520104511e+00
6.824600000000000222e+00 1.902175058705065203e+00
6.836999999999999744e+00 1.811564491045308589e+00
6.849500000000000810e+00 1.728079071145775858e+00
6.861900000000000333e+00 1.654625124889836041e+00
6.874399999999999622e+00 1.591904475282754028e+00
6.886800000000000921e+00 1.538996644963326332e+00
6.899300000000000210e+00 1.494120555369485626e+00
6.911699999999999733e+00 1.455303462216796406e+00
6.924099999999999255e+00 1.420816085834293085e+00
6.936600000000000321e+00 1.389361950533519519e+00
6.948999999999999844e+00 1.360086573243519892e+00
6.961500000000000909e+00 1.332492196220756320e+00
6.973900000000000432e+00 1.306326489325675411e+00
6.986299999999999955e+00 1.281445132670619991e+00
6.998799999999999244e+00 1.257923950892340326e+00
7.011200000000000543e+00 1.235678024257596652e+00
7.023699999999999832e+00 1.214724178440062419e+00
7.036099999999999355e+00 1.195065205277121789e+00
7.048600000000000421e+00 1.176690979425900174e+00
7.060999999999999943e+00 1.159580434783715974e+00
7.073399999999999466e+00 1.143705986690519705e+00
7.085900000000000531e+00 1.129039240109245501e+00
7.098300000000000054e+00 1.115557741247951151e+00
7.110799999999999343e+00 1.103252540536791892e+00
7.123200000000000642e+00 1.092136261657166152e+00
7.135600000000000165e+00 1.082250691514281105e+00
7.148099999999999454e+00 1.073672147802938737e+00
7.160500000000000753e+00 1.066511796445484439e+00
7.173000000000000043e+00 1.060907741320957776e+00
7.185399999999999565e+00 1.057006611391653861e+00
7.197900000000000631e+00 1.054934961451721387e+00
7.210300000000000153e+00 1.054764929624944836e+00
7.222699999999999676e+00 1.056482499175468215e+00
7.235200000000000742e+00 1.059968535681738544e+00
7.247600000000000264e+00 1.065000675336540192e+00
7.260099999999999554e+00 1.071278358637520078e+00
7.272500000000000853e+00 1.078466401033146616e+00
7.285000000000000142e+00 1.086248003783873095e+00
7.297399999999999665e+00 1.094365345854953375e+00
7.309799999999999187e+00 1.102648995752835592e+00
7.322300000000000253e+00 1.111035254150762430e+00
7.334699999999999775e+00 1.119566311937164382e+00
7.347200000000000841e+00 1.128388072600115422e+00
7.359600000000000364e+00 1.137750615157241851e+00
7.371999999999999886e+00 1.148010747094531547e+00
7.384499999999999176e+00 1.159626994411403045e+00
7.396900000000000475e+00 1.173130276774432712e+00
7.409399999999999764e+00 1.189053264572678792e+00
7.421799999999999287e+00 1.207811817929385301e+00
7.434300000000000352e+00 1.229552643388682087e+00
7.446699999999999875e+00 1.254005316053977692e+00
7.459099999999999397e+00 1.280393387512557268e+00
7.471600000000000463e+00 1.307456352767976782e+00
7.483999999999999986e+00 1.333602752624653442e+00
7.496499999999999275e+00 1.357172802980622706e+00
7.508900000000000574e+00 1.376743695955225499e+00
7.521300000000000097e+00 1.391404482938004339e+00
7.533799999999999386e+00 1.400871477325910552e+00
7.546200000000000685e+00 1.405520750538360675e+00
7.558699999999999974e+00 1.406247582245318650e+00
7.571099999999999497e+00 1.404276614293922920e+00
7.583600000000000563e+00 1.400968000421745963e+00
7.596000000000000085e+00 1.397670284647910321e+00
7.608399999999999608e+00 1.395634358732537716e+00
7.620900000000000674e+00 1.395969639938162699e+00
7.633300000000000196e+00 1.399607490360395445e+00
7.645799999999999486e+00 1.407240430901248285e+00
7.658200000000000784e+00 1.419225579856112862e+00
7.670600000000000307e+00 1.435469047717153002e+00
7.683099999999999596e+00 1.455343575140139789e+00
7.695500000000000895e+00 1.477687442975607279e+00
7.708000000000000185e+00 1.500921665772758651e+00
7.720399999999999707e+00 1.523263129087823575e+00
7.732900000000000773e+00 1.542989619916328659e+00
7.745300000000000296e+00 1.558690312269044309e+00
7.757699999999999818e+00 1.569432605501357436e+00
7.770200000000000884e+00 1.574825999923491482e+00
7.782600000000000406e+00 1.575000070852557776e+00
7.795099999999999696e+00 1.570534277811515889e+00
7.807499999999999218e+00 1.562372198384982536e+00
7.819900000000000517e+00 1.551729489182689603e+00
7.832399999999999807e+00 1.539986613011403715e+00
7.844799999999999329e+00 1.528553723520926555e+00
7.857300000000000395e+00 1.518710258890751952e+00
7.869699999999999918e+00 1.511442227395376481e+00
7.882199999999999207e+00 1.507312947086463240e+00
7.894600000000000506e+00 1.506399151388543078e+00
7.907000000000000028e+00 1.508308521015219394e+00
7.919499999999999318e+00 1.512266859564957322e+00
7.931900000000000617e+00 1.517249600583028046e+00
7.944399999999999906e+00 1.522154945140950399e+00
7.956799999999999429e+00 1.525908561765027427e+00
7.969300000000000495e+00 1.527598469719861463e+00
7.981700000000000017e+00 1.526540609851223085e+00
7.994099999999999540e+00 1.522316636252097233e+00
8.006600000000000605e+00 1.514790303388386050e+00
8.019000000000000128e+00 1.504103222524479033e+00
8.031499999999999417e+00 1.490647998317555345e+00
8.043900000000000716e+00 1.475021221777245595e+00
8.056300000000000239e+00 1.457945575017003614e+00
8.068799999999999528e+00 1.440161954383071485e+00
8.081200000000000827e+00 1.422301877525434133e+00
8.093700000000000117e+00 1.404757565323764279e+00
8.106099999999999639e+00 1.387588462815511292e+00
8.118600000000000705e+00 1.370495457544632867e+00
8.131000000000000227e+00 1.352883843326818880e+00
8.143399999999999750e+00 1.334009468547278754e+00
8.155900000000000816e+00 1.313177477817526473e+00
8.168300000000000338e+00 1.289939635550108710e+00
8.180799999999999628e+00 1.264232776796731406e+00
8.193200000000000927e+00 1.236416700629671128e+00
8.205600000000000449e+00 1.207202205006258078e+00
8.218099999999999739e+00 1.177495898546108144e+00
8.230499999999999261e+00 1.148214616423317125e+00
8.243000000000000327e+00 1.120125635231421501e+00
8.255399999999999849e+00 1.093753536976291629e+00
8.267900000000000915e+00 1.069365421618751144e+00
8.280300000000000438e+00 1.047018867452293556e+00
8.292699999999999960e+00 1.026641306642366525e+00
8.305199999999999250e+00 1.008109082573253268e+00
8.317600000000000549e+00 9.913044313452646916e-01
8.330099999999999838e+00 9.761462701849118462e-01
8.342499999999999361e+00 9.625946504599220965e-01
8.354900000000000659e+00 9.506427110591911811e-01
8.367399999999999949e+00 9.403049306053561374e-01
8.379799999999999471e+00 9.316073395632380461e-01
8.392300000000000537e+00 9.245827272563482691e-01
8.404700000000000060e+00 9.192710984112872907e-01
8.417199999999999349e+00 9.157187627549345788e-01
8.429600000000000648e+00 9.139813033051749080e-01
8.442000000000000171e+00 9.141276485221107029e-01
8.454499999999999460e+00 9.162383647315341939e-01
8.466900000000000759e+00 9.204053864185683942e-01
8.479400000000000048e+00 9.267305876640099527e-01
8.491799999999999571e+00 9.353224824112413849e-01
8.504200000000000870e+00 9.462902973926003991e-01
8.516700000000000159e+00 9.597335161854374519e-01
8.529099999999999682e+00 9.757262800316228724e-01
8.541600000000000747e+00 9.942984717640340753e-01
8.554000000000000270e+00 1.015415993187252619e+00
8.566499999999999559e+00 1.038964218221574365e+00
8.578900000000000858e+00 1.064735137973284562e+00
8.591300000000000381e+00 1.092421907302795425e+00
8.603799999999999670e+00 1.121617369668078679e+00
8.616199999999999193e+00 1.151814289754965248e+00
8.628700000000000259e+00 1.182406073739924679e+00
8.641099999999999781e+00 1.212691213373252586e+00
8.653600000000000847e+00 1.241888818112137693e+00
8.666000000000000369e+00 1.269174835314834215e+00
8.678399999999999892e+00 1.293745657682307204e+00
8.690899999999999181e+00 1.314907491254521998e+00
8.703300000000000480e+00 1.332178290797446429e+00
8.715799999999999770e+00 1.345378949531367496e+00
8.728199999999999292e+00 1.354687301603197946e+00
8.740600000000000591e+00 1.360635046925763536e+00
8.753099999999999881e+00 1.364042941342349380e+00
8.765499999999999403e+00 1.365907924898209114e+00
8.778000000000000469e+00 1.367269509188823839e+00
8.790399999999999991e+00 1.369086814678457609e+00
8.802899999999999281e+00 1.372149356415802046e+00
8.815300000000000580e+00 1.377031976441905670e+00
8.827700000000000102e+00 1.384089015824187419e+00
8.840199999999999392e+00 1.393474023194210654e+00
8.852600000000000691e+00 1.405169461712505674e+00
8.865099999999999980e+00 1.419015143791287681e+00
8.877499999999999503e+00 1.434731111550822114e+00
8.889900000000000801e+00 1.451937088010497590e+00
8.902400000000000091e+00 1.470174692916910386e+00
8.914799999999999613e+00 1.488936191829444367e+00
8.927300000000000679e+00 1.507704764595985569e+00
8.939700000000000202e+00 1.526007884532916581e+00
8.952199999999999491e+00 1.543470379999251962e+00
8.964600000000000790e+00 1.559861121984191579e+00
8.977000000000000313e+00 1.575119461650321462e+00
8.989499999999999602e+00 1.589351427358064894e+00
9.001900000000000901e+00 1.602787337036649884e+00
9.014400000000000190e+00 1.615707107458544511e+00
9.026799999999999713e+00 1.628345453967993794e+00
9.039199999999999235e+00 1.640799263695243315e+00
9.051700000000000301e+00 1.652963496689508371e+00
9.064099999999999824e+00 1.664519450903599207e+00
9.076600000000000890e+00 1.674988065758947320e+00
9.089000000000000412e+00 1.683842321485265359e+00
9.101499999999999702e+00 1.690652305923930676e+00
9.113899999999999224e+00 1.695221490208672410e+00
9.126300000000000523e+00 1.697670813445530946e+00
9.138799999999999812e+00 1.698441513796667968e+00
9.151199999999999335e+00 1.698214014618504297e+00
9.163700000000000401e+00 1.697768185408161878e+00
9.176099999999999923e+00 1.697828360208568865e+00
9.188499999999999446e+00 1.698937712767173203e+00
9.201000000000000512e+00 1.701391908348276472e+00
9.213400000000000034e+00 1.705239099204612696e+00
9.225899999999999324e+00 1.710331270513942847e+00
9.238300000000000622e+00 1.716403406194037196e+00
9.250799999999999912e+00 1.723155966258608895e+00
9.263199999999999434e+00 1.730324652329719548e+00
9.275600000000000733e+00 1.737729726805700814e+00
9.288100000000000023e+00 1.745318988805969251e+00
9.300499999999999545e+00 1.753199892216217082e+00
9.313000000000000611e+00 1.761684366299175020e+00
9.325400000000000134e+00 1.771341843758239554e+00
9.337899999999999423e+00 1.783059717469442695e+00
9.350300000000000722e+00 1.798084251319942428e+00
9.362700000000000244e+00 1.818022844824635165e+00
9.375199999999999534e+00 1.844762407454842545e+00
9.387600000000000833e+00 1.880270881122528381e+00
9.400100000000000122e+00 1.926265789296815800e+00
9.412499999999999645e+00 1.983771079453855002e+00
9.424900000000000944e+00 2.052632937742423724e+00
9.437400000000000233e+00 2.131112391299640141e+00
9.449799999999999756e+00 2.215693140173562004e+00
9.462300000000000821e+00 2.301219250071862898e+00
9.474700000000000344e+00 2.381406797198224012e+00
9.487199999999999633e+00 2.449664671835896090e+00
9.499600000000000932e+00 2.500057647365713454e+00
9.512000000000000455e+00 2.528186752517726177e+00
9.524499999999999744e+00 2.531775176290269602e+00
9.536899999999999267e+00 2.510840061388096789e+00
9.549400000000000333e+00 2.467449757519430076e+00
9.561799999999999855e+00 2.405183484624898504e+00
9.574199999999999378e+00 2.328471522260584514e+00
9.586700000000000443e+00 2.241987667334745193e+00
9.599099999999999966e+00 2.150205349076529160e+00
9.611599999999999255e+00 2.057147549561932021e+00
9.624000000000000554e+00 1.966291297936273663e+00
9.636499999999999844e+00 1.880555071734503425e+00
9.648899999999999366e+00 1.802297545894245401e+00
9.661300000000000665e+00 1.733287471815154301e+00
9.673799999999999955e+00 1.674643144633705338e+00
9.686199999999999477e+00 1.626771874759735059e+00
9.698700000000000543e+00 1.589346243451602136e+00
9.711100000000000065e+00 1.561368675842748299e+00
9.723499999999999588e+00 1.541310710414357077e+00
9.736000000000000654e+00 1.527335856937467540e+00
9.748400000000000176e+00 1.517552639383422886e+00
9.760899999999999466e+00 1.510257929104783958e+00
9.773300000000000765e+00 1.504125729297711267e+00
9.785800000000000054e+00 1.498330713020907812e+00
9.798199999999999577e+00 1.492595900019683786e+00
9.810600000000000875e+00 1.487181324461727572e+00
9.823100000000000165e+00 1.482820368029891700e+00
9.835499999999999687e+00 1.480604466211842052e+00
9.848000000000000753e+00 1.481802503818373751e+00
9.860400000000000276e+00 1.487613829939837595e+00
9.872799999999999798e+00 1.498872488159809224e+00
9.885300000000000864e+00 1.515750211707033390e+00
9.897700000000000387e+00 1.537540818774541407e+00
9.910199999999999676e+00 1.562613073612103776e+00
9.922599999999999199e+00 1.588588919043656844e+00
9.935100000000000264e+00 1.612739752489910305e+00
9.947499999999999787e+00 1.632512415570511966e+00
9.959899999999999309e+00 1.646040129359310100e+00
9.972400000000000375e+00 1.652477865491644993e+00
9.984799999999999898e+00 1.652052150650837214e+00
9.997299999999999187e+00 1.645832442231160764e+00
1.000970000000000049e+01 1.635266333852126275e+00
1.002219999999999978e+01 1.621668538241252566e+00
1.003459999999999930e+01 1.605813709158901981e+00
1.004700000000000060e+01 1.587753874979849655e+00
1.005949999999999989e+01 1.566895789084684854e+00
1.007189999999999941e+01 1.542286306255662875e+00
1.008440000000000047e+01 1.512995302292255984e+00
1.009680000000000000e+01 1.478472390481781140e+00
1.010919999999999952e+01 1.438782346557491376e+00
1.012170000000000059e+01 1.394675645024826771e+00
1.013410000000000011e+01 1.347512337189339826e+00
1.014659999999999940e+01 1.299072360218373579e+00
1.015900000000000070e+01 1.251319175386802041e+00
1.017149999999999999e+01 1.206161072148020486e+00
1.018389999999999951e+01 1.165240756379383624e+00
1.019630000000000081e+01 1.129773182763201822e+00
1.020880000000000010e+01 1.100455247848384666e+00
1.022119999999999962e+01 1.077447765608407604e+00
1.023370000000000068e+01 1.060434443124209425e+00
1.024610000000000021e+01 1.048742727626478022e+00
1.025849999999999973e+01 1.041501022347237848e+00
1.027100000000000080e+01 1.037792253153898780e+00
1.028340000000000032e+01 1.036774953395675603e+00
1.029589999999999961e+01 1.037756681919365320e+00
1.030830000000000091e+01 1.040217828666297084e+00
1.032080000000000020e+01 1.043797693403398119e+00
1.033319999999999972e+01 1.048259825178029514e+00
1.034559999999999924e+01 1.053451884899081925e+00
1.035810000000000031e+01 1.059269596418555892e+00
1.037049999999999983e+01 1.065631420619631342e+00
1.038300000000000090e+01 1.072464286758527674e+00
1.039540000000000042e+01 1.079697533973827284e+00
1.040779999999999994e+01 1.087252643171480404e+00
1.042029999999999923e+01 1.095060803444976250e+00
1.043270000000000053e+01 1.103063609979136217e+00
1.044519999999999982e+01 1.111222770910622604e+00
1.045759999999999934e+01 1.119530404877875585e+00
1.047010000000000041e+01 1.128019101634949006e+00
1.048249999999999993e+01 1.136770359140659048e+00
1.049489999999999945e+01 1.145919758498517460e+00
1.050740000000000052e+01 1.155657329230402208e+00
1.051980000000000004e+01 1.166221866922326766e+00
1.053229999999999933e+01 1.177889227743915246e+00
1.054470000000000063e+01 1.190956099273429825e+00
1.055710000000000015e+01 1.205722001350199912e+00
1.056959999999999944e+01 1.222472816181563005e+00
1.058200000000000074e+01 1.241469026253570140e+00
1.059450000000000003e+01 1.262939094130034468e+00
1.060689999999999955e+01 1.287077670597410739e+00
1.061940000000000062e+01 1.314048210289727292e+00
1.063180000000000014e+01 1.343987758581800751e+00
1.064419999999999966e+01 1.377012134459795867e+00
1.065670000000000073e+01 1.413217029689153748e+00
1.066910000000000025e+01 1.452688662459509006e+00
1.068159999999999954e+01 1.495468510641746462e+00
1.069400000000000084e+01 1.541604122769068663e+00
1.070650000000000013e+01 1.591081638644729068e+00
1.071889999999999965e+01 1.643786797292158264e+00
1.073129999999999917e+01 1.699418640798769697e+00
1.074380000000000024e+01 1.757364618583862281e+00
1.075619999999999976e+01 1.816548535620248650e+00
1.076870000000000083e+01 1.875285352949240592e+00
1.078110000000000035e+01 1.931193919114470914e+00
1.079349999999999987e+01 1.981240564458398135e+00
1.080600000000000094e+01 2.021975987984609979e+00
1.081840000000000046e+01 2.049986939464827351e+00
1.083089999999999975e+01 2.062513534371267276e+00
1.084329999999999927e+01 2.058098741718479729e+00
1.085580000000000034e+01 2.037079556378182943e+00
1.086819999999999986e+01 2.001737955629720123e+00
1.088059999999999938e+01 1.956018215151721362e+00
1.089310000000000045e+01 1.904859453624702992e+00
1.090549999999999997e+01 1.853326976886426891e+00
1.091799999999999926e+01 1.805791283487742094e+00
1.093040000000000056e+01 1.765368525567999836e+00
1.094280000000000008e+01 1.733723378441529350e+00
1.095529999999999937e+01 1.711203079357109358e+00
1.096770000000000067e+01 1.697179195320538625e+00
1.098019999999999996e+01 1.690450154111522219e+00
1.099259999999999948e+01 1.689592244550233158e+00
1.100510000000000055e+01 1.693206984241006907e+00
1.101750000000000007e+01 1.700062194429403206e+00
1.102989999999999959e+01 1.709151334942463185e+00
1.104240000000000066e+01 1.719701352737419864e+00
1.105480000000000018e+01 1.731151709677203332e+00
1.106729999999999947e+01 1.743120049683133832e+00
1.107970000000000077e+01 1.755355053074293625e+00
1.109210000000000029e+01 1.767713114964185372e+00
1.110459999999999958e+01 1.780073134104823929e+00
1.111700000000000088e+01 1.792365658724381472e+00
1.112950000000000017e+01 1.804526723454466630e+00
1.114189999999999969e+01 1.816490058933690754e+00
1.115440000000000076e+01 1.828186431344062335e+00
1.116680000000000028e+01 1.839552272542754441e+00
1.117919999999999980e+01 1.850539204629311207e+00
1.119170000000000087e+01 1.861125037344442124e+00
1.120410000000000039e+01 1.871335756752956936e+00
1.121659999999999968e+01 1.881272577322308903e+00
1.122899999999999920e+01 1.891140120493479237e+00
1.124140000000000050e+01 1.901267474618761000e+00
1.125389999999999979e+01 1.912127994752836457e+00
1.126629999999999932e+01 1.924334745222358700e+00
1.127880000000000038e+01 1.938592243328554288e+00
1.129119999999999990e+01 1.955584810016371522e+00
1.130369999999999919e+01 1.975797728683593046e+00
1.131610000000000049e+01 1.999291860280962396e+00
1.132850000000000001e+01 2.025491911904465425e+00
1.134099999999999930e+01 2.053099002672136741e+00
1.135340000000000060e+01 2.080161944674581598e+00
1.136589999999999989e+01 2.104371571193977442e+00
1.137829999999999941e+01 2.123506175205290614e+00
1.139080000000000048e+01 2.135899556643026109e+00
1.140320000000000000e+01 2.140772796607060435e+00
1.141559999999999953e+01 2.138311841369705313e+00
1.142810000000000059e+01 2.129473129727502467e+00
1.144050000000000011e+01 2.115606193602971530e+00
1.145299999999999940e+01 2.098049222961507532e+00
1.146540000000000070e+01 2.077846913037426191e+00
1.147780000000000022e+01 2.055672166294678860e+00
1.149029999999999951e+01 2.031927604269572640e+00
1.150270000000000081e+01 2.006944158067981210e+00
1.151520000000000010e+01 1.981155523334076296e+00
1.152759999999999962e+01 1.955165003961064185e+00
1.154010000000000069e+01 1.929686849291328832e+00
1.155250000000000021e+01 1.905408019699439848e+00
1.156489999999999974e+01 1.882848629368698790e+00
1.157740000000000080e+01 1.862291626532228239e+00
1.158980000000000032e+01 1.843815277137715647e+00
1.160229999999999961e+01 1.827393478443934960e+00
1.161470000000000091e+01 1.813011673276915925e+00
1.162710000000000043e+01 1.800727890650487550e+00
1.163959999999999972e+01 1.790651679283449482e+00
1.165199999999999925e+01 1.782844064972990861e+00
1.166450000000000031e+01 1.777175253640375541e+00
1.167689999999999984e+01 1.773213218074570108e+00
1.168940000000000090e+01 1.770182693391764817e+00
1.170180000000000042e+01 1.767003291712892166e+00
1.171419999999999995e+01 1.762381718306164524e+00
1.172669999999999924e+01 1.754922801040980307e+00
1.173910000000000053e+01 1.743230354830810125e+00
1.175159999999999982e+01 1.725987063898643648e+00
1.176399999999999935e+01 1.702068297788880580e+00
1.177640000000000065e+01 1.670662402339714525e+00
1.178889999999999993e+01 1.631420273788479314e+00
1.180129999999999946e+01 1.584590295277660044e+00
1.181380000000000052e+01 1.531086707747670639e+00
1.182620000000000005e+01 1.472451513012778213e+00
1.183869999999999933e+01 1.410702425372754476e+00
1.185110000000000063e+01 1.348100728474937116e+00
1.186350000000000016e+01 1.286896964908675001e+00
1.187599999999999945e+01 1.229112800448155740e+00
1.188840000000000074e+01 1.176394998545972514e+00
1.190090000000000003e+01 1.129953656761830239e+00
1.191329999999999956e+01 1.090559084129683276e+00
1.192570000000000086e+01 1.058582061552530540e+00
1.193820000000000014e+01 1.034050130736599460e+00
1.195059999999999967e+01 1.016706733721817413e+00
1.196310000000000073e+01 1.006070302647099846e+00
1.197550000000000026e+01 1.001494189800044010e+00
1.198799999999999955e+01 1.002226380447714282e+00
1.200040000000000084e+01 1.007465776670072755e+00
1.201280000000000037e+01 1.016412483043596993e+00
1.202529999999999966e+01 1.028297523621668930e+00
1.203769999999999918e+01 1.042411602755777267e+00
1.205020000000000024e+01 1.058119992580604851e+00
1.206259999999999977e+01 1.074874467792573896e+00
1.207499999999999929e+01 1.092231574207126465e+00
1.208750000000000036e+01 1.109867279779460425e+00
1.209989999999999988e+01 1.127588546813029113e+00
1.211240000000000094e+01 1.145327182935749200e+00
1.212480000000000047e+01 1.163112153031207407e+00
1.213729999999999976e+01 1.181025363695703101e+00
1.214969999999999928e+01 1.199148986289978014e+00
1.216210000000000058e+01 1.217526667640748128e+00
1.217459999999999987e+01 1.236166570682571519e+00
1.218699999999999939e+01 1.255094211267979709e+00
1.219950000000000045e+01 1.274464329239558769e+00
1.221189999999999998e+01 1.294701789608672993e+00
1.222439999999999927e+01 1.316624953397382836e+00
1.223680000000000057e+01 1.341486546233975563e+00
1.224920000000000009e+01 1.370880540140868131e+00
1.226169999999999938e+01 1.406524197789468467e+00
1.227410000000000068e+01 1.449959547745210742e+00
1.228659999999999997e+01 1.502280287456898122e+00
1.229899999999999949e+01 1.563997226441496302e+00
1.231140000000000079e+01 1.635111409248263481e+00
1.232390000000000008e+01 1.715379930833994315e+00
1.233629999999999960e+01 1.804661553854211675e+00
1.234880000000000067e+01 1.903179708492877653e+00
1.236120000000000019e+01 2.011550747088939328e+00
1.237369999999999948e+01 2.130501192450929615e+00
1.238610000000000078e+01 2.260327978572573837e+00
1.239850000000000030e+01 2.400258685398934944e+00
1.241099999999999959e+01 2.547935828488552712e+00
1.242340000000000089e+01 2.699235642445056094e+00
1.243590000000000018e+01 2.848542596646371550e+00
1.244829999999999970e+01 2.989465063034833392e+00
1.246069999999999922e+01 3.115835969742727585e+00
1.247320000000000029e+01 3.222744346099480683e+00
1.248559999999999981e+01 3.307319881436798781e+00
1.249810000000000088e+01 3.369070561321480195e+00
1.251050000000000040e+01 3.409687933680626948e+00
1.252299999999999969e+01 3.432401991654357332e+00
1.253539999999999921e+01 3.441099775375050740e+00
1.254780000000000051e+01 3.439385306545919896e+00
1.256029999999999980e+01 3.429963109206464189e+00
1.257269999999999932e+01 3.414338683755516968e+00
1.258520000000000039e+01 3.392907812368103571e+00
1.259759999999999991e+01 3.365378058667818806e+00
1.260999999999999943e+01 3.331303048666530486e+00
1.262250000000000050e+01 3.290585214010948611e+00
1.263490000000000002e+01 3.243799459061833090e+00
1.264739999999999931e+01 3.192260758107122065e+00
1.265980000000000061e+01 3.137833280145039705e+00
1.267229999999999990e+01 3.082534514297704309e+00
1.268469999999999942e+01 3.028060478336782602e+00
1.269710000000000072e+01 2.975362857708531816e+00
1.270960000000000001e+01 2.924404635496292926e+00
1.272199999999999953e+01 2.874269429676177268e+00
1.273450000000000060e+01 2.823225089674084920e+00
1.274690000000000012e+01 2.769500702539299475e+00
1.275929999999999964e+01 2.711734495471226136e+00
1.277180000000000071e+01 2.649538293495851349e+00
1.278420000000000023e+01 2.583850198955003563e+00
1.279669999999999952e+01 2.517018531223630617e+00
1.280910000000000082e+01 2.452587628065636238e+00
1.282160000000000011e+01 2.394790943931979665e+00
1.283399999999999963e+01 2.347799246100795045e+00
1.284640000000000093e+01 2.314824997649348237e+00
1.285890000000000022e+01 2.297272928664606528e+00
1.287129999999999974e+01 2.294102608296122003e+00
1.288380000000000081e+01 2.301775287163808414e+00
1.289620000000000033e+01 2.314824657032411359e+00
1.290869999999999962e+01 2.327068503829094581e+00
1.292110000000000092e+01 2.333145089855055421e+00
1.293350000000000044e+01 2.329913180561244523e+00
1.294599999999999973e+01 2.317220106280728942e+00
1.295839999999999925e+01 2.297840317411425470e+00
1.297090000000000032e+01 2.276507881617449325e+00
1.298329999999999984e+01 2.258527235221372553e+00
1.299569999999999936e+01 2.248302038068362929e+00
1.300820000000000043e+01 2.248185254499770025e+00
1.302059999999999995e+01 2.257932899239734059e+00
1.303309999999999924e+01 2.274778056951018090e+00
1.304550000000000054e+01 2.294053538535324233e+00
1.305799999999999983e+01 2.310194521077899577e+00
1.307039999999999935e+01 2.317892638113795645e+00
1.308280000000000065e+01 2.313148205207411490e+00
1.309529999999999994e+01 2.293989249855898027e+00
1.310769999999999946e+01 2.260702560170089193e+00
1.312020000000000053e+01 2.215558619809509189e+00
1.313260000000000005e+01 2.162121331681810865e+00
1.314499999999999957e+01 2.104588001491743743e+00
1.315750000000000064e+01 2.046776305203270141e+00
1.316990000000000016e+01 1.991851402934393223e+00
1.318239999999999945e+01 1.942047409927136092e+00
1.319480000000000075e+01 1.898719589024114418e+00
1.320730000000000004e+01 1.862539188893281406e+00
1.321969999999999956e+01 1.833720676399813510e+00
1.323210000000000086e+01 1.812203688850150929e+00
1.324460000000000015e+01 1.797761377396074778e+00
1.325699999999999967e+01 1.790044064630106124e+00
1.326950000000000074e+01 1.788580899962379345e+00
1.328190000000000026e+01 1.792811412186718467e+00
1.329429999999999978e+01 1.802065387812290753e+00
1.330680000000000085e+01 1.815623934106929571e+00
1.331920000000000037e+01 1.832758636559533416e+00
1.333169999999999966e+01 1.852774995147975279e+00
1.334409999999999918e+01 1.875037072162411667e+00
1.335660000000000025e+01 1.898986077332505129e+00
1.336899999999999977e+01 1.924125360383512895e+00
1.338139999999999930e+01 1.949995168024466041e+00
1.339390000000000036e+01 1.976141641885418299e+00
1.340629999999999988e+01 2.002083436330641675e+00
1.341879999999999917e+01 2.027282810455414364e+00
1.343120000000000047e+01 2.051125518436997641e+00
1.344359999999999999e+01 2.072912533124424250e+00
1.345609999999999928e+01 2.091867803091318034e+00
1.346850000000000058e+01 2.107167317008348917e+00
1.348099999999999987e+01 2.117994486640225382e+00
1.349339999999999939e+01 2.123624890119774289e+00
1.350590000000000046e+01 2.123531660617478778e+00
1.351829999999999998e+01 2.117495868401238823e+00
1.353069999999999951e+01 2.105694270798588619e+00
1.354320000000000057e+01 2.088735048503457037e+00
1.355560000000000009e+01 2.067621375707829667e+00
1.356809999999999938e+01 2.043641121748195122e+00
1.358050000000000068e+01 2.018204290390068323e+00
1.359299999999999997e+01 1.992665079556197316e+00
1.360539999999999949e+01 1.968169892314675984e+00
1.361780000000000079e+01 1.945561831157287536e+00
1.363030000000000008e+01 1.925353363799287454e+00
1.364269999999999960e+01 1.907758179588939784e+00
1.365520000000000067e+01 1.892757826663355125e+00
1.366760000000000019e+01 1.880177063050151753e+00
1.367999999999999972e+01 1.869745613554911978e+00
1.369250000000000078e+01 1.861135207635288946e+00
1.370490000000000030e+01 1.853972131022662673e+00
1.371739999999999959e+01 1.847834001166318130e+00
1.372980000000000089e+01 1.842242455206482887e+00
1.374230000000000018e+01 1.836663296339148488e+00
1.375469999999999970e+01 1.830521964944014535e+00
1.376709999999999923e+01 1.823232659511646592e+00
1.377960000000000029e+01 1.814241841253246390e+00
1.379199999999999982e+01 1.803077011472785429e+00
1.380450000000000088e+01 1.789390377950710986e+00
1.381690000000000040e+01 1.772994744608769713e+00
1.382929999999999993e+01 1.753884592972144052e+00
1.384179999999999922e+01 1.732240275777982452e+00
1.385420000000000051e+01 1.708415064270826900e+00
1.386669999999999980e+01 1.682905067527991072e+00
1.387909999999999933e+01 1.656303953343385427e+00
1.389160000000000039e+01 1.629246457160422157e+00
1.390399999999999991e+01 1.602347261723011007e+00
1.391639999999999944e+01 1.576143757735777529e+00
1.392890000000000050e+01 1.551051221164388316e+00
1.394130000000000003e+01 1.527336786883821018e+00
1.395379999999999932e+01 1.505114653317126461e+00
1.396620000000000061e+01 1.484360494487267257e+00
1.397860000000000014e+01 1.464939804093907672e+00
1.399109999999999943e+01 1.446642726579601135e+00
1.400350000000000072e+01 1.429219791246094884e+00
1.401600000000000001e+01 1.412413802451838674e+00
1.402839999999999954e+01 1.395985722759137460e+00
1.404090000000000060e+01 1.379733948617469563e+00
1.405330000000000013e+01 1.363507321094204361e+00
1.406569999999999965e+01 1.347212335209012402e+00
1.407820000000000071e+01 1.330814861507643387e+00
1.409060000000000024e+01 1.314336587310946047e+00
1.410309999999999953e+01 1.297846537791475852e+00
1.411550000000000082e+01 1.281448549004425619e+00
1.412790000000000035e+01 1.265266244204982904e+00
1.414039999999999964e+01 1.249428027968743748e+00
1.415280000000000094e+01 1.234053913392282764e+00
1.416530000000000022e+01 1.219258296053034485e+00
1.417769999999999975e+01 1.205120592994673556e+00
1.419020000000000081e+01 1.191719721149554934e+00
1.420260000000000034e+01 1.179131574880156519e+00
1.421499999999999986e+01 1.167450715372254866e+00
1.422750000000000092e+01 1.156813972974616300e+00
1.423990000000000045e+01 1.147424553766990707e+00
1.425239999999999974e+01 1.139568572843463468e+00
1.426479999999999926e+01 1.133612057133904560e+00
1.427730000000000032e+01 1.129965631858175001e+00
1.428969999999999985e+01 1.129009555427400668e+00
1.430209999999999937e+01 1.130985297648715582e+00
1.431460000000000043e+01 1.135878317026286055e+00
1.432699999999999996e+01 1.143331585436015319e+00
1.433949999999999925e+01 1.152630701205745289e+00
1.435190000000000055e+01 1.162782715458905436e+00
1.436430000000000007e+01 1.172676984898747943e+00
1.437679999999999936e+01 1.181282261335516726e+00
1.438920000000000066e+01 1.187817351947133782e+00
1.440169999999999995e+01 1.191843062401983122e+00
1.441409999999999947e+01 1.193255707319426540e+00
1.442659999999999876e+01 1.192200610611245493e+00
1.443900000000000183e+01 1.188949441989995970e+00
1.445140000000000136e+01 1.183787317856363597e+00
1.446390000000000065e+01 1.176940217453863680e+00
1.447630000000000017e+01 1.168549527141131694e+00
1.448879999999999946e+01 1.158684474327617675e+00
1.450119999999999898e+01 1.147374373190481966e+00
1.451359999999999850e+01 1.134646254309619628e+00
1.452610000000000134e+01 1.120560009554861125e+00
1.453850000000000087e+01 1.105238843950744343e+00
1.455100000000000016e+01 1.088894725263907848e+00
1.456339999999999968e+01 1.071846887203721455e+00
1.457589999999999897e+01 1.054523828569749799e+00
1.458829999999999849e+01 1.037469525369243417e+00
1.460070000000000157e+01 1.021275780555632284e+00
1.461320000000000086e+01 1.006547220882838767e+00
1.462560000000000038e+01 9.938140042030751964e-01
1.463809999999999967e+01 9.834602564036630801e-01
1.465049999999999919e+01 9.756767187018600129e-01
1.466289999999999871e+01 9.704614729166327614e-01
1.467540000000000155e+01 9.676802328105520434e-01
1.468780000000000108e+01 9.671865724760421168e-01
1.470030000000000037e+01 9.689859685864465888e-01
1.471269999999999989e+01 9.734120476654576359e-01
1.472519999999999918e+01 9.812750185856908836e-01
1.473759999999999870e+01 9.939359155183287164e-01
1.475000000000000178e+01 1.013278053281380764e+00
1.476250000000000107e+01 1.041545203209800707e+00
1.477490000000000059e+01 1.081058712592224635e+00
1.478739999999999988e+01 1.133851285005704534e+00
1.479979999999999940e+01 1.201282401292689705e+00
1.481219999999999892e+01 1.283715384417867034e+00
1.482470000000000176e+01 1.380325082376448576e+00
1.483710000000000129e+01 1.489080450592983773e+00
1.484960000000000058e+01 1.606909851377065435e+00
1.486200000000000010e+01 1.730029002135371918e+00
1.487449999999999939e+01 1.854379584353758492e+00
1.488689999999999891e+01 1.976133225171832208e+00
1.489929999999999843e+01 2.092127094021473788e+00
1.491180000000000128e+01 2.200275130663956968e+00
1.492420000000000080e+01 2.299775358657520030e+00
1.493670000000000009e+01 2.391140295773094504e+00
1.494909999999999961e+01 2.476027446865577186e+00
1.496159999999999890e+01 2.556913090921726806e+00
1.497399999999999842e+01 2.636680241378969392e+00
1.498640000000000150e+01 2.718198657384394146e+00
1.499890000000000079e+01 2.803952544487071208e+00
1.501130000000000031e+01 2.895736401172324559e+00
1.502379999999999960e+01 2.994415659537797314e+00
1.503619999999999912e+01 3.099750552447571472e+00
1.504859999999999864e+01 3.210284496349737893e+00
1.506110000000000149e+01 3.323363631827513931e+00
1.507350000000000101e+01 3.435355871180505005e+00
1.508600000000000030e+01 3.542066167083144368e+00
1.509839999999999982e+01 3.639293935317689410e+00
1.511089999999999911e+01 3.723451046843607948e+00
1.512329999999999863e+01 3.792068625385112135e+00
1.513570000000000171e+01 3.844061894191284079e+00
1.514820000000000100e+01 3.879683917891725287e+00
1.516060000000000052e+01 3.900186156430565099e+00
1.517309999999999981e+01 3.907304511507127653e+00
1.518549999999999933e+01 3.902727369129695312e+00
1.519789999999999885e+01 3.887712920465815625e+00
1.521040000000000170e+01 3.862965123497400732e+00
1.522280000000000122e+01 3.828776007903176737e+00
1.523530000000000051e+01 3.785339618919040916e+00
1.524770000000000003e+01 3.733070836733802356e+00
1.526019999999999932e+01 3.672771699267170398e+00
1.527259999999999884e+01 3.605569872715995050e+00
1.528499999999999837e+01 3.532681177727761579e+00
1.529750000000000121e+01 3.455128695704559938e+00
1.530990000000000073e+01 3.373609122400702098e+00
1.532240000000000002e+01 3.288499973268450560e+00
1.533479999999999954e+01 3.200109588750972289e+00
1.534719999999999906e+01 3.108959714654240258e+00
1.535969999999999835e+01 3.016005253040511036e+00
1.537210000000000143e+01 2.922715223802621054e+00
1.538460000000000072e+01 2.831003928235925393e+00
1.539700000000000024e+01 2.743054919491351384e+00
1.540949999999999953e+01 2.661132396977582637e+00
1.542189999999999905e+01 2.587426153319805078e+00
1.543429999999999858e+01 2.523938380848306906e+00
1.544680000000000142e+01 2.472389846036090688e+00
1.545920000000000094e+01 2.434107812761873380e+00
1.547170000000000023e+01 2.409867157785738012e+00
1.548409999999999975e+01 2.399702191343753732e+00
1.549649999999999928e+01 2.402772621172557521e+00
1.550899999999999856e+01 2.417344964842408128e+00
1.552140000000000164e+01 2.440924194728676611e+00
1.553390000000000093e+01 2.470573628120305898e+00
1.554630000000000045e+01 2.503349327740446384e+00
1.555879999999999974e+01 2.536735307989351984e+00
1.557119999999999926e+01 2.568952279333673872e+00
1.558359999999999879e+01 2.599054711134469731e+00
1.559610000000000163e+01 2.626803114867093392e+00
1.560850000000000115e+01 2.652380803668787035e+00
1.562100000000000044e+01 2.676067500260112642e+00
1.563339999999999996e+01 2.697980375722332180e+00
1.564589999999999925e+01 2.717947577608163634e+00
1.565829999999999878e+01 2.735522623222973237e+00
1.567069999999999830e+01 2.750099999528138994e+00
1.568320000000000114e+01 2.761072790660645815e+00
1.569560000000000066e+01 2.767978846524397074e+00
1.570809999999999995e+01 2.770601892925278253e+00
1.572049999999999947e+01 2.769015654725581754e+00
1.573289999999999900e+01 2.763575046218225140e+00
1.574539999999999829e+01 2.754863047613631988e+00
1.575780000000000136e+01 2.743609980371991774e+00
1.577030000000000065e+01 2.730599435947810516e+00
1.578270000000000017e+01 2.716565110319283605e+00
1.579519999999999946e+01 2.702107866607578401e+00
1.580759999999999899e+01 2.687644268740792874e+00
1.581999999999999851e+01 2.673377361545212327e+00
1.583250000000000135e+01 2.659308496060440064e+00
1.584490000000000087e+01 2.645268008071018251e+00
1.585740000000000016e+01 2.630958378996153257e+00
1.586979999999999968e+01 2.615994401876050368e+00
1.588219999999999921e+01 2.599928906279528107e+00
1.589469999999999850e+01 2.582256629904072565e+00
1.590710000000000157e+01 2.562393533308539695e+00
1.591960000000000086e+01 2.539639683525677150e+00
1.593200000000000038e+01 2.513145901477946254e+00
1.594449999999999967e+01 2.481912695432915150e+00
1.595689999999999920e+01 2.444850323926311297e+00
1.596929999999999872e+01 2.400929528050424810e+00
1.598180000000000156e+01 2.349411060847216959e+00
1.599420000000000108e+01 2.290119751318961061e+00
1.600670000000000215e+01 2.223690981748975393e+00
1.601910000000000167e+01 2.151709106634469126e+00
1.603150000000000119e+01 2.076679029896639328e+00
1.604399999999999693e+01 2.001812449936736460e+00
1.605640000000000356e+01 1.930667241846346638e+00
1.606889999999999930e+01 1.866706609064992195e+00
1.608129999999999882e+01 1.812865528897867451e+00
1.609380000000000166e+01 1.771169959768833735e+00
1.610620000000000118e+01 1.742498856023154685e+00
1.611860000000000070e+01 1.726447013911682760e+00
1.613110000000000355e+01 1.721353020598565875e+00
1.614350000000000307e+01 1.724478284792959393e+00
1.615599999999999881e+01 1.732331994380732043e+00
1.616839999999999833e+01 1.741105949824200083e+00
1.618079999999999785e+01 1.747152693027654191e+00
1.619330000000000069e+01 1.747422377286341311e+00
1.620570000000000022e+01 1.739780847174337230e+00
1.621820000000000306e+01 1.723167520662990171e+00
1.623060000000000258e+01 1.697589134024571234e+00
1.624309999999999832e+01 1.663985367539656313e+00
1.625549999999999784e+01 1.624026499033053739e+00
1.626789999999999736e+01 1.579872558273618388e+00
1.628040000000000020e+01 1.533922509510559751e+00
1.629279999999999973e+01 1.488561435003998845e+00
1.630530000000000257e+01 1.445916531150199580e+00
1.631770000000000209e+01 1.407652952709022021e+00
1.633019999999999783e+01 1.374842851096433449e+00
1.634259999999999735e+01 1.347936034811370032e+00
1.635499999999999687e+01 1.326838684348809361e+00
1.636749999999999972e+01 1.311076185824207929e+00
1.637989999999999924e+01 1.299987816654837758e+00
1.639240000000000208e+01 1.292910273954486433e+00
1.640480000000000160e+01 1.289304068875456899e+00
1.641720000000000113e+01 1.288807582820020281e+00
1.642969999999999686e+01 1.291219916356370900e+00
1.644210000000000349e+01 1.296423618548054657e+00
1.645459999999999923e+01 1.304280144100102401e+00
1.646699999999999875e+01 1.314522136676633091e+00
1.647950000000000159e+01 1.326677503702838878e+00
1.649190000000000111e+01 1.340046005778853910e+00
1.650430000000000064e+01 1.353754700976048442e+00
1.651680000000000348e+01 1.366856736395486216e+00
1.652920000000000300e+01 1.378511234050582956e+00
1.654169999999999874e+01 1.388145498866479866e+00
1.655409999999999826e+01 1.395592090132331542e+00
1.656649999999999778e+01 1.401155601069021595e+00
1.657900000000000063e+01 1.405589188515610655e+00
1.659140000000000015e+01 1.409970375309857360e+00
1.660390000000000299e+01 1.415538335923938185e+00
1.661630000000000251e+01 1.423481398858933877e+00
1.662879999999999825e+01 1.434761939835548894e+00
1.664119999999999777e+01 1.449996913800873477e+00
1.665359999999999729e+01 1.469410511872764280e+00
1.666610000000000014e+01 1.492848782847988609e+00
1.667849999999999966e+01 1.519830571596904267e+00
1.669100000000000250e+01 1.549609163750081287e+00
1.670340000000000202e+01 1.581231439052887877e+00
1.671580000000000155e+01 1.613604344442893579e+00
1.672829999999999728e+01 1.645584151466714884e+00
1.674069999999999681e+01 1.676104645461747422e+00
1.675319999999999965e+01 1.704335973249539782e+00
1.676559999999999917e+01 1.729839142187413970e+00
1.677810000000000201e+01 1.752666168108017564e+00
1.679050000000000153e+01 1.773363861347765580e+00
1.680290000000000106e+01 1.792870398280649313e+00
1.681539999999999679e+01 1.812332813898063888e+00
1.682780000000000342e+01 1.832901914404705401e+00
1.684029999999999916e+01 1.855564277860451750e+00
1.685269999999999868e+01 1.881051655798926525e+00
1.686509999999999820e+01 1.909829169243424607e+00
1.687760000000000105e+01 1.942145015324660662e+00
1.689000000000000057e+01 1.978106723783568555e+00
1.690250000000000341e+01 2.017754721844771559e+00
1.691490000000000293e+01 2.061117731126532071e+00
1.692739999999999867e+01 2.108244207225459910e+00
1.693979999999999819e+01 2.159213080201642487e+00
1.695219999999999771e+01 2.214126394691973143e+00
1.696470000000000056e+01 2.273086193226394158e+00
1.697710000000000008e+01 2.336159074829632143e+00
1.698960000000000292e+01 2.403312972902274858e+00
1.700200000000000244e+01 2.474387564566495001e+00
1.701449999999999818e+01 2.549025231379232537e+00
1.702689999999999770e+01 2.626640158330693087e+00
1.703929999999999723e+01 2.706366066194046738e+00
1.705180000000000007e+01 2.787007464403552071e+00
1.706419999999999959e+01 2.866973368145180334e+00
1.707670000000000243e+01 2.944197033306285238e+00
1.708910000000000196e+01 3.016067752252369782e+00
1.710150000000000148e+01 3.079428481309495869e+00
1.711399999999999721e+01 3.130719626213965157e+00
1.712639999999999674e+01 3.166303950748658558e+00
1.713889999999999958e+01 3.183034324331242892e+00
1.715129999999999910e+01 3.178914120249941355e+00
1.716380000000000194e+01 3.153726671886059485e+00
1.717620000000000147e+01 3.109399286057676903e+00
1.718860000000000099e+01 3.049929842479468967e+00
1.720109999999999673e+01 2.980825853448164864e+00
1.721350000000000335e+01 2.908167931235448478e+00
1.722599999999999909e+01 2.837590972687801916e+00
1.723839999999999861e+01 2.773382703191787257e+00
1.725079999999999814e+01 2.718073202013213674e+00
1.726330000000000098e+01 2.672524792999487531e+00
1.727570000000000050e+01 2.636439424103820262e+00
1.728820000000000334e+01 2.609105023908602661e+00
1.730060000000000286e+01 2.590133589738479625e+00
1.731309999999999860e+01 2.579981899334993667e+00
1.732549999999999812e+01 2.580101774815936722e+00
1.733789999999999765e+01 2.592676932717475680e+00
1.735040000000000049e+01 2.619981365091483827e+00
1.736280000000000001e+01 2.663504992983269481e+00
1.737530000000000285e+01 2.723079289391526103e+00
1.738770000000000238e+01 2.796283067003082934e+00
1.740010000000000190e+01 2.878387760760687364e+00
1.741259999999999764e+01 2.962921113319354482e+00
1.742499999999999716e+01 3.042803014706619624e+00
1.743750000000000000e+01 3.111688068876163893e+00
1.744989999999999952e+01 3.165098689626171691e+00
1.746240000000000236e+01 3.200983948118793165e+00
1.747480000000000189e+01 3.219570675240773117e+00
1.748720000000000141e+01 3.222647296178521081e+00
1.749969999999999715e+01 3.212622686988932941e+00
1.751209999999999667e+01 3.191732860552974671e+00
1.752459999999999951e+01 3.161628963376002410e+00
1.753699999999999903e+01 3.123393315840367279e+00
1.754939999999999856e+01 3.077799507680361479e+00
1.756190000000000140e+01 3.025672048601208530e+00
1.757430000000000092e+01 2.968114551096038944e+00
1.758679999999999666e+01 2.906569944859861643e+00
1.759920000000000329e+01 2.842725367854527008e+00
1.761169999999999902e+01 2.778342053360425279e+00
1.762409999999999854e+01 2.715081704324021850e+00
1.763649999999999807e+01 2.654350976196914846e+00
1.764900000000000091e+01 2.597252405134787168e+00
1.766140000000000043e+01 2.544500395229023937e+00
1.767390000000000327e+01 2.496408957816823815e+00
1.768630000000000280e+01 2.452913352684052750e+00
1.769879999999999853e+01 2.413608694693177625e+00
1.771119999999999806e+01 2.377826982322301497e+00
1.772359999999999758e+01 2.344757418215630995e+00
1.773610000000000042e+01 2.313613871192097715e+00
1.774849999999999994e+01 2.283816840196421172e+00
1.776100000000000279e+01 2.255158738500694149e+00
1.777340000000000231e+01 2.227898348518188243e+00
1.778580000000000183e+01 2.202744302790125452e+00
1.779829999999999757e+01 2.180704832021978401e+00
1.781069999999999709e+01 2.162832749476740091e+00
1.782319999999999993e+01 2.149922419610282631e+00
1.783559999999999945e+01 2.142242582983771904e+00
1.784810000000000230e+01 2.139383982616894997e+00
1.786050000000000182e+01 2.140268904938710914e+00
1.787290000000000134e+01 2.143329759995153516e+00
1.788539999999999708e+01 2.146781380338126599e+00
1.789779999999999660e+01 2.148973554807709352e+00
1.791029999999999944e+01 2.148668256177991065e+00
1.792269999999999897e+01 2.145226419691600217e+00
1.793509999999999849e+01 2.138652164494600161e+00
1.794760000000000133e+01 2.129495960265342269e+00
1.796000000000000085e+01 2.118650696455748772e+00
1.797249999999999659e+01 2.107094813195204086e+00
1.798490000000000322e+01 2.095646662426454920e+00
1.799739999999999895e+01 2.084785990854656212e+00
1.800979999999999848e+01 2.074582362465851926e+00
1.802219999999999800e+01 2.064739844537649915e+00
1.803470000000000084e+01 2.054748448419639217e+00
1.804710000000000036e+01 2.044099608379903010e+00
1.805960000000000321e+01 2.032496286181959100e+00
1.807200000000000273e+01 2.020002329282960751e+00
1.808440000000000225e+01 2.007080965696105945e+00
1.809689999999999799e+01 1.994503619537114414e+00
1.810929999999999751e+01 1.983156984368299902e+00
1.812180000000000035e+01 1.973811733630518539e+00
1.813419999999999987e+01 1.966926231062420038e+00
1.814670000000000272e+01 1.962545762574764430e+00
1.815910000000000224e+01 1.960320715636212574e+00
1.817150000000000176e+01 1.959624457442862289e+00
1.818399999999999750e+01 1.959721801666440832e+00
1.819639999999999702e+01 1.959930636378354851e+00
1.820889999999999986e+01 1.959738087654683270e+00
1.822129999999999939e+01 1.958845996393548727e+00
1.823369999999999891e+01 1.957158279997571304e+00
1.824620000000000175e+01 1.954728824726850611e+00
1.825860000000000127e+01 1.951693747331617601e+00
1.827109999999999701e+01 1.948206708849480107e+00
1.828349999999999653e+01 1.944384701339841426e+00
1.829599999999999937e+01 1.940284679290426917e+00
1.830839999999999890e+01 1.935865018031450724e+00
1.832079999999999842e+01 1.931003717267175235e+00
1.833330000000000126e+01 1.925505832347669033e+00
1.834570000000000078e+01 1.919131304847197184e+00
1.835819999999999652e+01 1.911632213646802025e+00
1.837060000000000315e+01 1.902803237195161756e+00
1.838309999999999889e+01 1.892497865954466896e+00
1.839549999999999841e+01 1.880691895402959668e+00
1.840789999999999793e+01 1.867502538364625098e+00
1.842040000000000077e+01 1.853223217435109982e+00
1.843280000000000030e+01 1.838356279383240421e+00
1.844530000000000314e+01 1.823645048291136828e+00
1.845770000000000266e+01 1.810112255641377121e+00
1.847010000000000218e+01 1.799003446503320447e+00
1.848259999999999792e+01 1.791825802952849767e+00
1.849499999999999744e+01 1.790196102016942348e+00
1.850750000000000028e+01 1.795688281450604995e+00
1.851989999999999981e+01 1.809617962110066536e+00
1.853240000000000265e+01 1.832805390941690593e+00
1.854480000000000217e+01 1.865355423019078085e+00
1.855720000000000169e+01 1.906490353655024172e+00
1.856969999999999743e+01 1.954465495822558019e+00
1.858209999999999695e+01 2.006592974182362710e+00
1.859459999999999980e+01 2.059401675142193966e+00
1.860699999999999932e+01 2.108960032432794396e+00
1.861939999999999884e+01 2.151365580845445269e+00
1.863190000000000168e+01 2.183350623214374231e+00
1.864430000000000121e+01 2.202881537140475299e+00
1.865679999999999694e+01 2.209578642423162265e+00
1.866920000000000357e+01 2.204799396297942415e+00
1.868169999999999931e+01 2.191321324211761290e+00
1.869409999999999883e+01 2.172701070375345989e+00
1.870649999999999835e+01 2.152506003553909864e+00
1.871900000000000119e+01 2.133654943028209239e+00
1.873140000000000072e+01 2.118047137176811923e+00
1.874390000000000356e+01 2.106536294364875772e+00
1.875630000000000308e+01 2.099181500645131759e+00
1.876870000000000260e+01 2.095641618115567706e+00
1.878119999999999834e+01 2.095554858241412965e+00
1.879359999999999786e+01 2.098825350460153505e+00
1.880610000000000070e+01 2.105707230495904358e+00
1.881850000000000023e+01 2.116776680501477603e+00
1.883100000000000307e+01 2.132775819419094887e+00
1.884340000000000259e+01 2.154348226642977870e+00
1.885580000000000211e+01 2.181754695151747914e+00
1.886829999999999785e+01 2.214586370543705218e+00
1.888069999999999737e+01 2.251574467395327073e+00
1.889320000000000022e+01 2.290407948901385993e+00
1.890559999999999974e+01 2.327863712800547269e+00
1.891799999999999926e+01 2.360032129725129657e+00
1.893050000000000210e+01 2.382770221979453318e+00
1.894290000000000163e+01 2.392298402110343503e+00
1.895539999999999736e+01 2.385841472017427911e+00
1.896779999999999688e+01 2.362179359190077932e+00
1.898029999999999973e+01 2.321970409785468537e+00
1.899269999999999925e+01 2.267749122811811624e+00
1.900509999999999877e+01 2.203575221124322248e+00
1.901760000000000161e+01 2.134402369925902043e+00
1.903000000000000114e+01 2.065307056405189634e+00
1.904249999999999687e+01 2.000775014678805253e+00
1.905490000000000350e+01 1.944172899937814503e+00
1.906739999999999924e+01 1.897504126922624490e+00
1.907979999999999876e+01 1.861429854068287426e+00
1.909219999999999828e+01 1.835472731286050152e+00
1.910470000000000113e+01 1.818287488962834875e+00
1.911710000000000065e+01 1.807912845875109253e+00
1.912960000000000349e+01 1.801962873687353861e+00
1.914200000000000301e+01 1.797774702965689864e+00
1.915440000000000254e+01 1.792562316101939057e+00
1.916689999999999827e+01 1.783625883350825170e+00
1.917929999999999779e+01 1.768630065123192319e+00
1.919180000000000064e+01 1.745927167757822307e+00
1.920420000000000016e+01 1.714846835894447086e+00
1.921670000000000300e+01 1.675864068734310264e+00
1.922910000000000252e+01 1.630576806284206093e+00
1.924150000000000205e+01 1.581454973092605298e+00
1.925399999999999778e+01 1.531453485878169429e+00
1.926639999999999731e+01 1.483526617295239269e+00
1.927890000000000015e+01 1.440198407273594494e+00
1.929129999999999967e+01 1.403271815409252943e+00
1.930369999999999919e+01 1.373711192637790290e+00
1.931620000000000203e+01 1.351684875659558083e+00
1.932860000000000156e+01 1.336706364970960959e+00
1.934109999999999729e+01 1.327806511631405062e+00
1.935349999999999682e+01 1.323689018592100863e+00
1.936599999999999966e+01 1.322854761092990605e+00
1.937839999999999918e+01 1.323710812664338654e+00
1.939079999999999870e+01 1.324689269728590357e+00
1.940330000000000155e+01 1.324391483323182017e+00
1.941570000000000107e+01 1.321747049996923495e+00
1.942819999999999681e+01 1.316156479041558525e+00
1.944060000000000343e+01 1.307577220014212394e+00
1.945300000000000296e+01 1.296509241418641212e+00
1.946549999999999869e+01 1.283895543689754115e+00
1.947789999999999822e+01 1.270934497281050346e+00
1.949040000000000106e+01 1.258861177176620494e+00
1.950280000000000058e+01 1.248746852121874973e+00
1.951530000000000342e+01 1.241356828028038484e+00
1.952770000000000294e+01 1.237100383546277715e+00
1.954010000000000247e+01 1.236050584976897682e+00
1.955259999999999820e+01 1.238024234001111168e+00
1.956499999999999773e+01 1.242690825784227959e+00
1.957750000000000057e+01 1.249654063687920313e+00
1.958990000000000009e+01 1.258514683302561776e+00
1.960229999999999961e+01 1.268881238259309541e+00
1.961480000000000246e+01 1.280348017207228128e+00
1.962720000000000198e+01 1.292466619211270373e+00
1.963969999999999771e+01 1.304745855818873368e+00
1.965209999999999724e+01 1.316705856451372503e+00
1.966460000000000008e+01 1.327989595293557423e+00
1.967699999999999960e+01 1.338501945452545527e+00
1.968939999999999912e+01 1.348518334479951841e+00
1.970190000000000197e+01 1.358697447533250058e+00
1.971430000000000149e+01 1.369961191911158283e+00
1.972679999999999723e+01 1.383246156994254239e+00
1.973919999999999675e+01 1.399195743256860469e+00
1.975160000000000338e+01 1.417890594323229170e+00
1.976409999999999911e+01 1.438713245296898258e+00
1.977649999999999864e+01 1.460382125025340816e+00
1.978900000000000148e+01 1.481137170094568134e+00
1.980140000000000100e+01 1.499010318166176470e+00
1.981389999999999674e+01 1.512088875238889241e+00
1.982630000000000337e+01 1.518708869521890215e+00
1.983870000000000289e+01 1.517555062297406554e+00
1.985119999999999862e+01 1.507688458624760308e+00
1.986359999999999815e+01 1.488545368866030616e+00
1.987610000000000099e+01 1.459949534478709232e+00
1.988850000000000051e+01 1.422156583489129211e+00
1.990100000000000335e+01 1.375918269971400765e+00
1.991340000000000288e+01 1.322528478095055693e+00
1.992580000000000240e+01 1.263805214456601655e+00
1.993829999999999814e+01 1.201963985071853980e+00
1.995069999999999766e+01 1.139402433276141213e+00
1.996320000000000050e+01 1.078412326246616981e+00
1.997560000000000002e+01 1.020892541585670221e+00
1.998799999999999955e+01 9.681479572544159362e-01
2.000050000000000239e+01 9.207943129687947703e-01
2.001290000000000191e+01 8.788107373412252787e-01
2.002539999999999765e+01 8.416905099076953389e-01
2.003779999999999717e+01 8.086403061221523192e-01
2.005030000000000001e+01 7.787718930496174696e-01
2.006269999999999953e+01 7.512473813148994317e-01
2.007509999999999906e+01 7.253633043874850861e-01
2.008760000000000190e+01 7.005797353695550900e-01
2.010000000000000142e+01 6.765117839672620814e-01
2.011249999999999716e+01 6.529024340024145445e-01
2.012489999999999668e+01 6.295911864519584400e-01
2.013730000000000331e+01 6.064865362698647067e-01
2.014979999999999905e+01 5.835454870876533029e-01
2.016219999999999857e+01 5.607589447593337439e-01
2.017470000000000141e+01 5.381391223537337343e-01
2.018710000000000093e+01 5.157153802318810154e-01
2.019959999999999667e+01 4.935302299058359488e-01
2.021200000000000330e+01 4.716344411362027311e-01
2.022440000000000282e+01 4.500867190291036324e-01
2.023689999999999856e+01 4.289556919034515081e-01
2.024929999999999808e+01 4.083241507734633458e-01
2.026180000000000092e+01 3.882946040785744679e-01
2.027420000000000044e+01 3.689938430999843977e-01
2.028659999999999997e+01 3.505738052578049602e-01
2.029910000000000281e+01 3.332057920495536951e-01
2.031150000000000233e+01 3.170665031102106179e-01
2.032399999999999807e+01 3.023167268032043165e-01
2.033639999999999759e+01 2.890764974050476499e-01
2.034890000000000043e+01 2.774026077297593873e-01
2.036129999999999995e+01 2.672747682000163327e-01
2.037369999999999948e+01 2.585947184488021633e-01
2.038620000000000232e+01 2.511989346398814660e-01
2.039860000000000184e+01 2.448816402447127338e-01
2.041109999999999758e+01 2.394221225261327635e-01
2.042349999999999710e+01 2.346098974996997932e-01
2.043589999999999662e+01 2.302629208419430529e-01
2.044839999999999947e+01 2.262368230736467312e-01
2.046079999999999899e+01 2.224259115837731171e-01
2.047330000000000183e+01 2.187584281742131487e-01
2.048570000000000135e+01 2.151890168248384305e-01
2.049819999999999709e+01 2.116908713425452448e-01
2.051059999999999661e+01 2.082490747656790264e-01
2.052300000000000324e+01 2.048556981140842448e-01
2.053549999999999898e+01 2.015065944043372692e-01
2.054789999999999850e+01 1.981994907665940719e-01
2.056040000000000134e+01 1.949328953331473935e-01
2.057280000000000086e+01 1.917055625094326032e-01
2.058529999999999660e+01 1.885163961027736257e-01
2.059770000000000323e+01 1.853640826519916129e-01
2.061010000000000275e+01 1.822470545657947083e-01
2.062259999999999849e+01 1.791635295961858942e-01
2.063499999999999801e+01 1.761116081039738601e-01
2.064750000000000085e+01 1.730893896420487854e-01
2.065990000000000038e+01 1.700951227559383550e-01
2.067229999999999990e+01 1.671273179298675693e-01
2.068480000000000274e+01 1.641848119220390423e-01
2.069720000000000226e+01 1.612667987060334707e-01
2.070969999999999800e+01 1.583728060680635596e-01
2.072209999999999752e+01 1.555026489619549257e-01
2.073460000000000036e+01 1.526563457236893018e-01
2.074699999999999989e+01 1.498340359763385699e-01
2.075939999999999941e+01 1.470358935487241225e-01
2.077190000000000225e+01 1.442620667405701551e-01
2.078430000000000177e+01 1.415126394035220725e-01
2.079679999999999751e+01 1.387876212446358115e-01
2.080919999999999703e+01 1.360869633445215554e-01
2.082159999999999656e+01 1.334105671143346883e-01
2.083409999999999940e+01 1.307583042467296008e-01
2.084649999999999892e+01 1.281300123456295126e-01
2.085900000000000176e+01 1.255254994076583364e-01
2.087140000000000128e+01 1.229445504607910161e-01
2.088389999999999702e+01 1.203869491720456902e-01
2.089629999999999654e+01 1.178525102038972816e-01
2.090870000000000317e+01 1.153411241140965549e-01
2.092119999999999891e+01 1.128527835558351955e-01
2.093359999999999843e+01 1.103876002266991063e-01
2.094610000000000127e+01 1.079457951550285566e-01
2.095850000000000080e+01 1.055276731718312044e-01
2.097090000000000032e+01 1.031335552211140733e-01
2.098340000000000316e+01 1.007637258675462971e-01
2.099580000000000268e+01 9.841836267954733042e-02
2.100829999999999842e+01 9.609746392649172464e-02
2.102069999999999794e+01 9.380082820592972048e-02
2.103320000000000078e+01 9.152802200143955735e-02
2.104560000000000031e+01 8.927835178226534163e-02
2.105799999999999983e+01 8.705080884427060517e-02
2.107050000000000267e+01 8.484393247922805692e-02
2.108290000000000219e+01 8.265559555856996643e-02
2.109539999999999793e+01 8.048268655401891181e-02
2.110779999999999745e+01 7.832073670791467324e-02
2.112019999999999698e+01 7.616363624924850362e-02
2.113269999999999982e+01 7.400355584725211433e-02
2.114509999999999934e+01 7.183127926710594635e-02
2.115760000000000218e+01 6.963700210175607919e-02
2.117000000000000171e+01 6.741161730134898056e-02
2.118249999999999744e+01 6.514824851665694527e-02
2.119489999999999696e+01 6.284372700315909999e-02
2.120730000000000359e+01 6.049961965863158431e-02
2.121979999999999933e+01 5.812248995231253379e-02
2.123219999999999885e+01 5.572331304108602001e-02
2.124470000000000169e+01 5.331616762787717151e-02
2.125710000000000122e+01 5.091653496715378008e-02
2.126959999999999695e+01 4.853961112590268051e-02
2.128200000000000358e+01 4.619896643120027790e-02
2.129440000000000310e+01 4.390572931786839578e-02
2.130689999999999884e+01 4.166831680147327355e-02
2.131929999999999836e+01 3.949257884851653522e-02
2.133180000000000121e+01 3.738220861390725153e-02
2.134420000000000073e+01 3.533923678134478358e-02
2.135660000000000025e+01 3.336450806471170927e-02
2.136910000000000309e+01 3.145807666715318140e-02
2.138150000000000261e+01 2.961950718818513739e-02
2.139399999999999835e+01 2.784804605946931619e-02
2.140639999999999787e+01 2.614274838476018242e-02
2.141890000000000072e+01 2.450252478076496779e-02
2.143130000000000024e+01 2.292616418650912646e-02
2.144369999999999976e+01 2.141238428948911282e-02
2.145620000000000260e+01 1.995988737307605176e-02
2.146860000000000213e+01 1.856743389645510584e-02
2.148109999999999786e+01 1.723392550273886506e-02
2.149349999999999739e+01 1.595846031566538342e-02
2.150589999999999691e+01 1.474037052694525049e-02
2.151839999999999975e+01 1.357921360419933263e-02
2.153079999999999927e+01 1.247473620643112409e-02
2.154330000000000211e+01 1.142682001232186995e-02
2.155570000000000164e+01 1.043542285347616103e-02
2.156819999999999737e+01 9.500534698693741467e-03
2.158059999999999690e+01 8.622128116718861743e-03
2.159300000000000352e+01 7.800113263423485294e-03
2.160549999999999926e+01 7.034293677465569376e-03
2.161789999999999878e+01 6.324299686978954865e-03
2.163040000000000163e+01 5.669500432178446736e-03
2.164280000000000115e+01 5.068911228069808428e-03
2.165520000000000067e+01 4.521079141383229673e-03
2.166770000000000351e+01 4.023995953651228995e-03
2.168010000000000304e+01 3.575051664310663867e-03
2.169259999999999877e+01 3.171037408341447709e-03
2.170499999999999829e+01 2.808246323556508328e-03
2.171750000000000114e+01 2.482625126181093374e-03
2.172990000000000066e+01 2.190003191272403994e-03
2.174230000000000018e+01 1.926324396689183980e-03
2.175480000000000302e+01 1.687877258377512048e-03
2.176720000000000255e+01 1.471475139228851838e-03
2.177969999999999828e+01 1.274563417724130067e-03
2.179209999999999781e+01 1.095246282723994196e-03
2.180449999999999733e+01 9.322444119182748132e-04
2.181700000000000017e+01 7.847653450987508847e-04
2.182939999999999969e+01 6.523500767584204749e-04
2.184190000000000254e+01 5.346886473539171764e-04
2.185430000000000206e+01 4.314582441969183981e-04
2.186679999999999779e+01 3.422087327318660004e-04
2.187919999999999732e+01 2.663034496782567769e-04
2.189159999999999684e+01 2.029073955798534068e-04
2.190409999999999968e+01 1.510169762113314630e-04
2.191649999999999920e+01 1.094954123129147482e-04
2.192900000000000205e+01 7.711561413237365411e-05
2.194140000000000157e+01 5.259247431068435032e-05
2.195389999999999731e+01 3.462489923637470670e-05
2.196629999999999683e+01 2.193997681026017162e-05
2.197870000000000346e+01 1.334066491106703112e-05
2.199119999999999919e+01 7.761728955660184944e-06
2.200359999999999872e+01 4.310466381319180205e-06
2.201610000000000156e+01 2.279372025398902750e-06
2.202850000000000108e+01 1.143817624698889788e-06
2.204090000000000060e+01 5.438541672170341579e-07
2.205340000000000344e+01 2.434919130073340046e-07
2.206580000000000297e+01 1.019252108011077757e-07
2.207829999999999870e+01 3.952832548143850167e-08
2.209069999999999823e+01 1.295353217634705112e-08
2.210320000000000107e+01 3.587193440823243974e-09
2.211560000000000059e+01 0.000000000000000000e+00
2.212800000000000011e+01 0.000000000000000000e+00
2.214050000000000296e+01 0.000000000000000000e+00
2.215290000000000248e+01 0.000000000000000000e+00
2.216539999999999822e+01 0.000000000000000000e+00
2.217779999999999774e+01 0.000000000000000000e+00
2.219019999999999726e+01 0.000000000000000000e+00
2.220270000000000010e+01 0.000000000000000000e+00
2.221509999999999962e+01 0.000000000000000000e+00
2.222760000000000247e+01 0.000000000000000000e+00
2.224000000000000199e+01 0.000000000000000000e+00
2.225249999999999773e+01 0.000000000000000000e+00
2.226489999999999725e+01 0.000000000000000000e+00
2.227729999999999677e+01 0.000000000000000000e+00
2.228979999999999961e+01 0.000000000000000000e+00
2.230219999999999914e+01 0.000000000000000000e+00
2.231470000000000198e+01 0.000000000000000000e+00
2.232710000000000150e+01 0.000000000000000000e+00
2.233950000000000102e+01 0.000000000000000000e+00
2.235199999999999676e+01 0.000000000000000000e+00
2.236440000000000339e+01 0.000000000000000000e+00
2.237689999999999912e+01 0.000000000000000000e+00
2.238929999999999865e+01 0.000000000000000000e+00
2.240180000000000149e+01 0.000000000000000000e+00
2.241420000000000101e+01 0.000000000000000000e+00
2.242660000000000053e+01 0.000000000000000000e+00
2.243910000000000338e+01 0.000000000000000000e+00
2.245150000000000290e+01 0.000000000000000000e+00
2.246399999999999864e+01 0.000000000000000000e+00
2.247639999999999816e+01 0.000000000000000000e+00
2.248879999999999768e+01 0.000000000000000000e+00
2.250130000000000052e+01 0.000000000000000000e+00
2.251370000000000005e+01 0.000000000000000000e+00
2.252620000000000289e+01 0.000000000000000000e+00
2.253860000000000241e+01 0.000000000000000000e+00
2.255109999999999815e+01 0.000000000000000000e+00
2.256349999999999767e+01 0.000000000000000000e+00
2.257589999999999719e+01 0.000000000000000000e+00
2.258840000000000003e+01 0.000000000000000000e+00
2.260079999999999956e+01 0.000000000000000000e+00
2.261330000000000240e+01 0.000000000000000000e+00
2.262570000000000192e+01 0.000000000000000000e+00
2.263819999999999766e+01 0.000000000000000000e+00
2.265059999999999718e+01 0.000000000000000000e+00
2.266299999999999670e+01 0.000000000000000000e+00
2.267549999999999955e+01 0.000000000000000000e+00
2.268789999999999907e+01 0.000000000000000000e+00
2.270040000000000191e+01 0.000000000000000000e+00
2.271280000000000143e+01 0.000000000000000000e+00
2.272520000000000095e+01 0.000000000000000000e+00
2.273769999999999669e+01 0.000000000000000000e+00
2.275010000000000332e+01 0.000000000000000000e+00
2.276259999999999906e+01 0.000000000000000000e+00
2.277499999999999858e+01 0.000000000000000000e+00
2.278750000000000142e+01 0.000000000000000000e+00
2.279990000000000094e+01 0.000000000000000000e+00
2.281230000000000047e+01 0.000000000000000000e+00
2.282480000000000331e+01 0.000000000000000000e+00
2.283720000000000283e+01 0.000000000000000000e+00
2.284969999999999857e+01 0.000000000000000000e+00
2.286209999999999809e+01 0.000000000000000000e+00
2.287449999999999761e+01 0.000000000000000000e+00
2.288700000000000045e+01 0.000000000000000000e+00
2.289939999999999998e+01 0.000000000000000000e+00
2.291190000000000282e+01 0.000000000000000000e+00
2.292430000000000234e+01 0.000000000000000000e+00
2.293679999999999808e+01 0.000000000000000000e+00
2.294919999999999760e+01 0.000000000000000000e+00
2.296159999999999712e+01 0.000000000000000000e+00
2.297409999999999997e+01 0.000000000000000000e+00
2.298649999999999949e+01 0.000000000000000000e+00
2.299900000000000233e+01 0.000000000000000000e+00
2.301140000000000185e+01 0.000000000000000000e+00
2.302380000000000138e+01 0.000000000000000000e+00
2.303629999999999711e+01 0.000000000000000000e+00
2.304869999999999663e+01 0.000000000000000000e+00
2.306119999999999948e+01 0.000000000000000000e+00
2.307359999999999900e+01 0.000000000000000000e+00
2.308610000000000184e+01 0.000000000000000000e+00
2.309850000000000136e+01 0.000000000000000000e+00
2.311090000000000089e+01 0.000000000000000000e+00
2.312339999999999662e+01 0.000000000000000000e+00
2.313580000000000325e+01 0.000000000000000000e+00
2.314829999999999899e+01 0.000000000000000000e+00
2.316069999999999851e+01 0.000000000000000000e+00
2.317309999999999803e+01 0.000000000000000000e+00
2.318560000000000088e+01 0.000000000000000000e+00
2.319800000000000040e+01 0.000000000000000000e+00
2.321050000000000324e+01 0.000000000000000000e+00
2.322290000000000276e+01 0.000000000000000000e+00
2.323539999999999850e+01 0.000000000000000000e+00
2.324779999999999802e+01 0.000000000000000000e+00
2.326019999999999754e+01 0.000000000000000000e+00
2.327270000000000039e+01 0.000000000000000000e+00
2.328509999999999991e+01 0.000000000000000000e+00
2.329760000000000275e+01 0.000000000000000000e+00
2.331000000000000227e+01 0.000000000000000000e+00
2.332249999999999801e+01 0.000000000000000000e+00
2.333489999999999753e+01 0.000000000000000000e+00
2.334729999999999706e+01 0.000000000000000000e+00
2.335979999999999990e+01 0.000000000000000000e+00
2.337219999999999942e+01 0.000000000000000000e+00
2.338470000000000226e+01 0.000000000000000000e+00
2.339710000000000178e+01 0.000000000000000000e+00
2.340950000000000131e+01 0.000000000000000000e+00
2.342199999999999704e+01 0.000000000000000000e+00
2.343439999999999657e+01 0.000000000000000000e+00
2.344689999999999941e+01 0.000000000000000000e+00
2.345929999999999893e+01 0.000000000000000000e+00
2.347180000000000177e+01 0.000000000000000000e+00
2.348420000000000130e+01 0.000000000000000000e+00
2.349660000000000082e+01 0.000000000000000000e+00
2.350909999999999656e+01 0.000000000000000000e+00
2.352150000000000318e+01 0.000000000000000000e+00
2.353399999999999892e+01 0.000000000000000000e+00
2.354639999999999844e+01 0.000000000000000000e+00
2.355879999999999797e+01 0.000000000000000000e+00
2.357130000000000081e+01 0.000000000000000000e+00
2.358370000000000033e+01 0.000000000000000000e+00
2.359620000000000317e+01 0.000000000000000000e+00
2.360860000000000269e+01 0.000000000000000000e+00
2.362109999999999843e+01 0.000000000000000000e+00
2.363349999999999795e+01 0.000000000000000000e+00
