# energy(eV) alpha
0.000000000000000000e+00 0.000000000000000000e+00
1.909999999999999892e-02 0.000000000000000000e+00
3.819999999999999785e-02 0.000000000000000000e+00
5.729999999999999677e-02 0.000000000000000000e+00
7.639999999999999569e-02 0.000000000000000000e+00
9.550000000000000155e-02 0.000000000000000000e+00
1.145999999999999935e-01 0.000000000000000000e+00
1.337000000000000133e-01 0.000000000000000000e+00
1.527999999999999914e-01 0.000000000000000000e+00
1.718999999999999972e-01 0.000000000000000000e+00
1.910999999999999921e-01 0.000000000000000000e+00
2.101999999999999980e-01 0.000000000000000000e+00
2.293000000000000038e-01 0.000000000000000000e+00
2.484000000000000097e-01 0.000000000000000000e+00
2.675000000000000155e-01 0.000000000000000000e+00
2.866000000000000214e-01 0.000000000000000000e+00
3.057000000000000273e-01 0.000000000000000000e+00
3.247999999999999776e-01 0.000000000000000000e+00
3.438999999999999835e-01 0.000000000000000000e+00
3.629999999999999893e-01 0.000000000000000000e+00
3.820999999999999952e-01 0.000000000000000000e+00
4.012000000000000011e-01 0.000000000000000000e+00
4.203000000000000069e-01 0.000000000000000000e+00
4.394000000000000128e-01 0.000000000000000000e+00
4.585000000000000187e-01 0.000000000000000000e+00
4.776000000000000245e-01 0.000000000000000000e+00
4.966999999999999749e-01 0.000000000000000000e+00
5.158000000000000362e-01 0.000000000000000000e+00
5.350000000000000311e-01 0.000000000000000000e+00
5.541000000000000369e-01 0.000000000000000000e+00
5.732000000000000428e-01 0.000000000000000000e+00
5.923000000000000487e-01 0.000000000000000000e+00
6.114000000000000545e-01 3.678373942319095757e+00
6.304999999999999494e-01 3.690783978849417224e+01
6.495999999999999552e-01 1.061621704302159515e+02
6.686999999999999611e-01 2.136399409222229622e+02
6.877999999999999670e-01 3.620714267591633870e+02
7.068999999999999728e-01 5.534942951338624653e+02
7.259999999999999787e-01 7.906025935217261349e+02
7.450999999999999845e-01 1.076056761076177963e+03
7.641999999999999904e-01 1.413820667863964673e+03
7.832999999999999963e-01 1.821222254052961262e+03
8.024000000000000021e-01 2.307480289751057171e+03
8.215000000000000080e-01 2.876349675908432346e+03
8.406000000000000139e-01 3.531378885632508627e+03
8.597000000000000197e-01 4.277055033282121258e+03
8.788000000000000256e-01 5.116633508811140928e+03
8.980000000000000204e-01 6.054393409311331197e+03
9.171000000000000263e-01 7.092668959241863377e+03
9.362000000000000322e-01 8.235839143378665540e+03
9.553000000000000380e-01 9.487079707271743246e+03
9.744000000000000439e-01 1.085062717387853809e+04
9.935000000000000497e-01 1.233134557208835577e+04
1.012599999999999945e+00 1.393119707432542600e+04
1.031700000000000061e+00 1.565471472211623950e+04
1.050799999999999956e+00 1.750710078637364859e+04
1.069900000000000073e+00 1.949224163528093413e+04
1.088999999999999968e+00 2.161469579272996634e+04
1.108100000000000085e+00 2.387877542798198920e+04
1.127199999999999980e+00 2.629059595682581494e+04
1.146300000000000097e+00 2.885517674581975734e+04
1.165399999999999991e+00 3.157843373554832942e+04
1.184500000000000108e+00 3.446637559155090275e+04
1.203600000000000003e+00 3.752690869759256020e+04
1.222699999999999898e+00 4.076810298601137038e+04
1.241800000000000015e+00 4.420003065099479863e+04
1.260999999999999899e+00 4.788775749304587953e+04
1.280100000000000016e+00 5.196677223931128538e+04
1.299199999999999910e+00 5.653054726741294871e+04
1.318300000000000027e+00 6.158477377888176125e+04
1.337399999999999922e+00 6.665625969771422388e+04
1.356500000000000039e+00 7.173579711153368407e+04
1.375599999999999934e+00 7.683288171350293851e+04
1.394700000000000051e+00 8.201167542013636557e+04
1.413799999999999946e+00 8.556783335627258930e+04
1.432900000000000063e+00 8.870361224375518213e+04
1.451999999999999957e+00 9.195482755338049901e+04
1.471100000000000074e+00 9.541674148322698602e+04
1.490199999999999969e+00 9.915936550935776904e+04
1.509300000000000086e+00 1.030884574853073573e+05
1.528399999999999981e+00 1.070448796335905645e+05
1.547500000000000098e+00 1.106669691113543377e+05
1.566599999999999993e+00 1.143288032541032881e+05
1.585700000000000109e+00 1.182270123469600949e+05
1.604899999999999993e+00 1.223707180678663281e+05
1.624000000000000110e+00 1.268920041030807624e+05
1.643100000000000005e+00 1.343540706276197452e+05
1.662199999999999900e+00 1.414773914424730465e+05
1.681300000000000017e+00 1.469757200184236572e+05
1.700399999999999912e+00 1.504942332676727965e+05
1.719500000000000028e+00 1.524551716968757391e+05
1.738599999999999923e+00 1.531640530318940582e+05
1.757700000000000040e+00 1.552784325283940707e+05
1.776799999999999935e+00 1.579271589366953995e+05
1.795900000000000052e+00 1.606575177987107891e+05
1.814999999999999947e+00 1.631190134792031895e+05
1.834100000000000064e+00 1.667862256887246913e+05
1.853199999999999958e+00 1.716494360911107797e+05
1.872300000000000075e+00 1.770809753472568409e+05
1.891399999999999970e+00 1.790276607229416259e+05
1.910500000000000087e+00 1.813308388247347903e+05
1.929599999999999982e+00 1.847344787650271610e+05
1.948700000000000099e+00 1.895001563167464919e+05
1.967899999999999983e+00 1.949376907210193167e+05
1.987000000000000099e+00 1.992468524292921647e+05
2.006099999999999994e+00 2.028316053713592410e+05
2.025199999999999889e+00 2.072253999943318486e+05
2.044299999999999784e+00 2.118511167970447277e+05
2.063400000000000123e+00 2.161604398252792889e+05
2.082500000000000018e+00 2.206989318285516056e+05
2.101599999999999913e+00 2.255783789797034406e+05
2.120699999999999807e+00 2.371047264373386279e+05
2.139800000000000146e+00 2.426596872830510547e+05
2.158900000000000041e+00 2.468836063970404211e+05
2.177999999999999936e+00 2.504939985412273963e+05
2.197099999999999831e+00 2.519606200998720014e+05
2.216200000000000170e+00 2.508774011072408466e+05
2.235300000000000065e+00 2.481904240394629014e+05
2.254399999999999959e+00 2.441272851367825642e+05
2.273499999999999854e+00 2.389219748430383333e+05
2.292600000000000193e+00 2.330235979497833177e+05
2.311700000000000088e+00 2.290725313550432038e+05
2.330900000000000194e+00 2.277863876287796593e+05
2.350000000000000089e+00 2.300736842341507145e+05
2.369099999999999984e+00 2.346750892279418476e+05
2.388199999999999878e+00 2.396675590301805350e+05
2.407300000000000217e+00 2.471057496759505302e+05
2.426400000000000112e+00 2.524931032925168693e+05
2.445500000000000007e+00 2.545507491425994376e+05
2.464599999999999902e+00 2.533461177000769239e+05
2.483699999999999797e+00 2.525870240281004226e+05
2.502800000000000136e+00 2.462803597205691913e+05
2.521900000000000031e+00 2.352143688845521538e+05
2.540999999999999925e+00 2.341228535445728339e+05
2.560099999999999820e+00 2.322555228789443208e+05
2.579200000000000159e+00 2.335299324719683791e+05
2.598300000000000054e+00 2.401729262521351629e+05
2.617399999999999949e+00 2.461381284136723261e+05
2.636499999999999844e+00 2.497413051140054886e+05
2.655600000000000183e+00 2.569794816069214139e+05
2.674799999999999844e+00 2.558551596297187207e+05
2.693900000000000183e+00 2.643959686314163846e+05
2.713000000000000078e+00 2.745162730907421210e+05
2.732099999999999973e+00 2.755387890702211298e+05
2.751199999999999868e+00 2.895188847456675139e+05
2.770300000000000207e+00 2.863518944889951963e+05
2.789400000000000102e+00 2.779490629251545179e+05
2.808499999999999996e+00 2.738336828881202382e+05
2.827599999999999891e+00 2.675141113922257791e+05
2.846699999999999786e+00 2.619505898956158198e+05
2.865800000000000125e+00 2.595260911387388187e+05
2.884900000000000020e+00 2.594356144447328988e+05
2.903999999999999915e+00 2.613099257041201636e+05
2.923099999999999810e+00 2.637577264108745148e+05
2.942200000000000149e+00 2.656084215360825765e+05
2.961300000000000043e+00 2.717018492105414043e+05
2.980399999999999938e+00 2.819343868890500744e+05
2.999499999999999833e+00 2.942825772767251474e+05
3.018600000000000172e+00 2.891463697253385908e+05
3.037799999999999834e+00 2.810227906592307263e+05
3.056900000000000173e+00 2.761739398188980995e+05
3.076000000000000068e+00 2.750148298231156659e+05
3.095099999999999962e+00 2.817524473592151771e+05
3.114199999999999857e+00 2.903345465814810595e+05
3.133300000000000196e+00 2.871821817991004209e+05
3.152400000000000091e+00 2.845130202890976798e+05
3.171499999999999986e+00 2.832965458846049733e+05
3.190599999999999881e+00 2.849106214580292581e+05
3.209700000000000220e+00 2.866803992420938448e+05
3.228800000000000114e+00 2.877482507427089731e+05
3.247900000000000009e+00 2.871965887324530049e+05
3.266999999999999904e+00 2.903911390440358664e+05
3.286099999999999799e+00 2.972084831947479979e+05
3.305200000000000138e+00 3.055300698646491510e+05
3.324300000000000033e+00 3.139839704444727395e+05
3.343399999999999928e+00 3.177382263547246694e+05
3.362499999999999822e+00 3.218148575402586139e+05
3.381600000000000161e+00 3.225833741124364897e+05
3.400799999999999823e+00 3.284931393283864018e+05
3.419900000000000162e+00 3.284575828212747583e+05
3.439000000000000057e+00 3.267484641685593524e+05
3.458099999999999952e+00 3.237887979214970837e+05
3.477199999999999847e+00 3.180169850420180592e+05
3.496300000000000185e+00 3.142283782911273302e+05
3.515400000000000080e+00 3.143062422278754530e+05
3.534499999999999975e+00 3.143233039318812080e+05
3.553599999999999870e+00 3.190041743532589753e+05
3.572700000000000209e+00 3.232083716180511401e+05
3.591800000000000104e+00 3.465112831495296559e+05
3.610899999999999999e+00 3.332662369866282097e+05
3.629999999999999893e+00 3.445794247199935489e+05
3.649099999999999788e+00 3.502230930108366883e+05
3.668200000000000127e+00 3.527164014134954778e+05
3.687300000000000022e+00 3.555889837759158108e+05
3.706399999999999917e+00 3.600864806527918554e+05
3.725499999999999812e+00 3.688329814212892670e+05
3.744699999999999918e+00 3.742438505060795578e+05
3.763799999999999812e+00 3.738360145847334643e+05
3.782900000000000151e+00 3.795182483529746532e+05
3.802000000000000046e+00 3.975276828195447451e+05
3.821099999999999941e+00 4.171709862790573388e+05
3.840199999999999836e+00 3.934338610948293353e+05
3.859300000000000175e+00 3.853960146737468895e+05
3.878400000000000070e+00 3.898678519433455658e+05
3.897499999999999964e+00 3.971787979957439820e+05
3.916599999999999859e+00 4.107911856765779085e+05
3.935700000000000198e+00 4.288202433424866176e+05
3.954800000000000093e+00 4.502784403560617357e+05
3.973899999999999988e+00 4.808593980769386399e+05
3.992999999999999883e+00 5.012146002818478155e+05
4.012100000000000222e+00 5.164584458900380414e+05
4.031200000000000117e+00 5.103000875061177067e+05
4.050300000000000011e+00 5.019876006948686554e+05
4.069399999999999906e+00 4.792854292828156613e+05
4.088499999999999801e+00 4.612863148944174754e+05
4.107700000000000351e+00 4.566770827386776800e+05
4.126800000000000246e+00 4.508465565686970367e+05
4.145900000000000141e+00 4.524720700164167210e+05
4.165000000000000036e+00 4.676014607027822058e+05
4.184099999999999930e+00 4.756930169259573449e+05
4.203199999999999825e+00 4.829579626447844203e+05
4.222299999999999720e+00 4.754355402896013111e+05
4.241399999999999615e+00 4.741793486529951915e+05
4.260500000000000398e+00 4.784907775826930883e+05
4.279600000000000293e+00 4.874699662753653247e+05
4.298700000000000188e+00 4.996612014109760057e+05
4.317800000000000082e+00 5.108649782218866167e+05
4.336899999999999977e+00 5.170095844201895525e+05
4.355999999999999872e+00 5.098784109130605939e+05
4.375099999999999767e+00 5.033425758728447254e+05
4.394199999999999662e+00 5.104422386639637989e+05
4.413299999999999557e+00 5.088409840233323048e+05
4.432400000000000340e+00 5.055355270016777213e+05
4.451500000000000234e+00 5.111498112361430540e+05
4.470699999999999896e+00 5.108313367763159913e+05
4.489799999999999791e+00 5.218936582494937466e+05
4.508899999999999686e+00 5.257975613793891389e+05
4.527999999999999581e+00 5.431415729805034352e+05
4.547100000000000364e+00 5.298245033041838324e+05
4.566200000000000259e+00 5.231348711247192114e+05
4.585300000000000153e+00 5.262479733868517214e+05
4.604400000000000048e+00 5.183357701218258590e+05
4.623499999999999943e+00 5.179291121104869526e+05
4.642599999999999838e+00 5.080429278661631979e+05
4.661699999999999733e+00 5.123422380218333565e+05
4.680799999999999628e+00 5.198097278190313955e+05
4.699900000000000411e+00 5.236975261970616411e+05
4.719000000000000306e+00 5.270200711088756798e+05
4.738100000000000200e+00 5.364964896457818104e+05
4.757200000000000095e+00 5.445475141017098213e+05
4.776299999999999990e+00 5.423221360652265139e+05
4.795399999999999885e+00 5.554845157786179334e+05
4.814600000000000435e+00 5.767189182300729444e+05
4.833700000000000330e+00 5.883654940904635005e+05
4.852800000000000225e+00 5.937827193465750897e+05
4.871900000000000119e+00 6.028800153281637467e+05
4.891000000000000014e+00 6.128137666229062015e+05
4.910099999999999909e+00 6.222015412154441001e+05
4.929199999999999804e+00 6.250766044485649327e+05
4.948299999999999699e+00 6.405260160272755893e+05
4.967399999999999594e+00 6.344274662172048120e+05
4.986500000000000377e+00 6.427796182492269436e+05
5.005600000000000271e+00 6.527755350997532951e+05
5.024700000000000166e+00 6.670043615302862599e+05
5.043800000000000061e+00 6.768371676352127688e+05
5.062899999999999956e+00 6.902083472650517942e+05
5.081999999999999851e+00 6.988713309669018490e+05
5.101099999999999746e+00 7.034472335155765759e+05
5.120199999999999640e+00 7.115094307840656256e+05
5.139300000000000423e+00 7.372582952237632126e+05
5.158400000000000318e+00 7.565530268585995072e+05
5.177599999999999980e+00 7.665324520152056357e+05
5.196699999999999875e+00 7.839484557276138803e+05
5.215799999999999770e+00 7.947917257859701058e+05
5.234899999999999665e+00 8.079373799050728558e+05
5.253999999999999559e+00 7.976013523397450335e+05
5.273100000000000342e+00 8.018856017819464905e+05
5.292200000000000237e+00 8.181768476435212651e+05
5.311300000000000132e+00 8.265428293113437248e+05
5.330400000000000027e+00 8.340301008336558007e+05
5.349499999999999922e+00 8.553145273820701987e+05
5.368599999999999817e+00 8.471699145912042586e+05
5.387699999999999712e+00 8.420215074249301106e+05
5.406799999999999606e+00 8.370898881318968488e+05
5.425900000000000389e+00 8.316187907152185217e+05
5.445000000000000284e+00 8.416520123424421763e+05
5.464100000000000179e+00 8.660610922993343556e+05
5.483200000000000074e+00 8.675333146103663603e+05
5.502299999999999969e+00 8.619523466102717211e+05
5.521499999999999631e+00 8.706648584255698370e+05
5.540600000000000414e+00 8.814523299907781184e+05
5.559700000000000308e+00 8.892210046240835218e+05
5.578800000000000203e+00 8.886586674316577846e+05
5.597900000000000098e+00 8.972005674508921802e+05
5.616999999999999993e+00 8.972336002277206862e+05
5.636099999999999888e+00 8.975716661583801033e+05
5.655199999999999783e+00 9.153295808144944021e+05
5.674299999999999677e+00 9.319200785148981959e+05
5.693399999999999572e+00 9.501484700236259960e+05
5.712500000000000355e+00 9.605980002936677774e+05
5.731600000000000250e+00 9.479409249539246084e+05
5.750700000000000145e+00 9.479420923317169072e+05
5.769800000000000040e+00 9.655404354943943908e+05
5.788899999999999935e+00 9.684332329070043052e+05
5.807999999999999829e+00 9.767738710324711865e+05
5.827099999999999724e+00 9.795711571279751370e+05
5.846199999999999619e+00 9.796927538552783662e+05
5.865300000000000402e+00 9.686037087367610075e+05
5.884500000000000064e+00 9.646510160982428351e+05
5.903599999999999959e+00 9.582053636175190331e+05
5.922699999999999854e+00 9.831682823667869670e+05
5.941799999999999748e+00 9.887804573933187639e+05
5.960899999999999643e+00 9.911294721670910949e+05
5.980000000000000426e+00 9.813690209338228451e+05
5.999100000000000321e+00 9.705018786660246551e+05
6.018200000000000216e+00 9.635515439671991626e+05
6.037300000000000111e+00 9.588011602543867193e+05
6.056400000000000006e+00 9.584749545832859585e+05
6.075499999999999901e+00 9.701084105449169874e+05
6.094599999999999795e+00 9.838716703972261166e+05
6.113699999999999690e+00 9.833752432174073765e+05
6.132799999999999585e+00 9.903249942712760530e+05
6.151900000000000368e+00 9.865423255319814198e+05
6.171000000000000263e+00 9.805740980585716898e+05
6.190100000000000158e+00 9.815071663990202360e+05
6.209200000000000053e+00 9.968806626254474977e+05
6.228299999999999947e+00 1.018208621115200571e+06
6.247499999999999609e+00 1.025613190374157391e+06
6.266600000000000392e+00 1.026965099293195643e+06
6.285700000000000287e+00 1.025355573221268482e+06
6.304800000000000182e+00 1.030243151086218306e+06
6.323900000000000077e+00 1.026536543544359156e+06
6.342999999999999972e+00 1.018823542698833044e+06
6.362099999999999866e+00 1.018851939442270901e+06
6.381199999999999761e+00 1.047266293609209941e+06
6.400299999999999656e+00 1.039625702944756486e+06
6.419400000000000439e+00 1.018480631005796138e+06
6.438500000000000334e+00 1.001071097366414848e+06
6.457600000000000229e+00 1.006403319166536443e+06
6.476700000000000124e+00 1.019966111651326646e+06
6.495800000000000018e+00 1.043439053967702785e+06
6.514899999999999913e+00 1.044361468900772161e+06
6.533999999999999808e+00 1.130902611334133893e+06
6.553099999999999703e+00 1.119620725405736128e+06
6.572199999999999598e+00 1.102828046807338251e+06
6.591400000000000148e+00 1.103652819334228756e+06
6.610500000000000043e+00 1.105799658136840211e+06
6.629599999999999937e+00 1.069387500794340856e+06
6.648699999999999832e+00 1.063380309424056439e+06
6.667799999999999727e+00 1.070688749698119937e+06
6.686899999999999622e+00 1.058844036594577366e+06
6.706000000000000405e+00 1.056787863395002903e+06
6.725100000000000300e+00 1.075916612243032083e+06
6.744200000000000195e+00 1.066259726824242389e+06
6.763300000000000090e+00 1.077886262958047446e+06
6.782399999999999984e+00 1.078104861131797312e+06
6.801499999999999879e+00 1.068513192828336963e+06
6.820599999999999774e+00 1.067816589198878733e+06
6.839699999999999669e+00 1.075931770891309949e+06
6.858799999999999564e+00 1.083780057256190805e+06
6.877900000000000347e+00 1.098248212570263771e+06
6.897000000000000242e+00 1.101816123048448702e+06
6.916100000000000136e+00 1.087228974560474046e+06
6.935200000000000031e+00 1.071847254101657309e+06
6.954399999999999693e+00 1.058694322332756594e+06
6.973499999999999588e+00 1.046783492867615190e+06
6.992600000000000371e+00 1.043699188817099785e+06
7.011700000000000266e+00 1.049619781562903663e+06
7.030800000000000161e+00 1.071493897570765810e+06
7.049900000000000055e+00 1.091025032596201403e+06
7.068999999999999950e+00 1.135847518287112704e+06
7.088099999999999845e+00 1.161625965301722521e+06
7.107199999999999740e+00 1.163212400768142426e+06
7.126299999999999635e+00 1.163002201014378108e+06
7.145400000000000418e+00 1.175127111377696972e+06
7.164500000000000313e+00 1.189855119176623411e+06
7.183600000000000207e+00 1.228825477172578685e+06
7.202700000000000102e+00 1.261345895171963843e+06
7.221799999999999997e+00 1.296040559629894793e+06
7.240899999999999892e+00 1.341332685230336152e+06
7.259999999999999787e+00 1.356220375053589931e+06
7.279099999999999682e+00 1.376001186744118109e+06
7.298199999999999577e+00 1.372372365473352140e+06
7.317400000000000126e+00 1.368783411671307636e+06
7.336500000000000021e+00 1.370472020332531305e+06
7.355599999999999916e+00 1.369082280553564662e+06
7.374699999999999811e+00 1.384268106937044999e+06
7.393799999999999706e+00 1.409982116764153121e+06
7.412899999999999601e+00 1.435444616204502061e+06
7.432000000000000384e+00 1.452187216839121655e+06
7.451100000000000279e+00 1.456095400702985702e+06
7.470200000000000173e+00 1.445588189642625628e+06
7.489300000000000068e+00 1.431461770850905916e+06
7.508399999999999963e+00 1.428933184687673347e+06
7.527499999999999858e+00 1.420324418680130271e+06
7.546599999999999753e+00 1.430267985976442695e+06
7.565699999999999648e+00 1.427940511042668251e+06
7.584800000000000431e+00 1.454031429863761179e+06
7.603900000000000325e+00 1.459509762341752648e+06
7.623000000000000220e+00 1.438653258963342523e+06
7.642100000000000115e+00 1.429708117806913564e+06
7.661299999999999777e+00 1.432294870477945544e+06
7.680399999999999672e+00 1.463966264226232423e+06
7.699499999999999567e+00 1.474075105366543168e+06
7.718600000000000350e+00 1.475325549321379280e+06
7.737700000000000244e+00 1.485542840918862959e+06
7.756800000000000139e+00 1.491006254895862192e+06
7.775900000000000034e+00 1.486935553667164175e+06
7.794999999999999929e+00 1.461195005251701688e+06
7.814099999999999824e+00 1.450139696722770110e+06
7.833199999999999719e+00 1.440821017413429683e+06
7.852299999999999613e+00 1.447097727445842000e+06
7.871400000000000396e+00 1.464777154607353965e+06
7.890500000000000291e+00 1.480657440066070063e+06
7.909600000000000186e+00 1.497495014645818388e+06
7.928700000000000081e+00 1.509143246777482098e+06
7.947799999999999976e+00 1.536470290523261530e+06
7.966899999999999871e+00 1.550798554770699935e+06
7.985999999999999766e+00 1.555797667106938316e+06
8.005100000000000549e+00 1.558300110147725092e+06
8.024300000000000210e+00 1.568897199122174410e+06
8.043400000000000105e+00 1.584881778869647533e+06
8.062500000000000000e+00 1.598048345235802466e+06
8.081599999999999895e+00 1.617715934212100459e+06
8.100699999999999790e+00 1.617577383819572860e+06
8.119799999999999685e+00 1.622123742909180932e+06
8.138899999999999579e+00 1.617654507736538770e+06
8.157999999999999474e+00 1.616028669739668490e+06
8.177099999999999369e+00 1.635563588010068983e+06
8.196199999999999264e+00 1.624173652683841065e+06
8.215299999999999159e+00 1.613325956833197735e+06
8.234400000000000830e+00 1.603276417122175684e+06
8.253500000000000725e+00 1.601353000565430848e+06
8.272600000000000620e+00 1.628584970462085679e+06
8.291700000000000514e+00 1.626785930768379243e+06
8.310800000000000409e+00 1.625117634169580415e+06
8.329900000000000304e+00 1.619905477551406948e+06
8.349000000000000199e+00 1.613442625099803554e+06
8.368100000000000094e+00 1.615078573816339718e+06
8.387299999999999756e+00 1.626639229788971134e+06
8.406399999999999650e+00 1.622907430426614359e+06
8.425499999999999545e+00 1.603188580615438754e+06
8.444599999999999440e+00 1.594012615752856247e+06
8.463699999999999335e+00 1.597125820255069295e+06
8.482799999999999230e+00 1.606235399732942693e+06
8.501899999999999125e+00 1.633186446588031715e+06
8.521000000000000796e+00 1.652317357832036912e+06
8.540100000000000691e+00 1.660140863087567734e+06
8.559200000000000585e+00 1.681767624441133812e+06
8.578300000000000480e+00 1.686112032927392283e+06
8.597400000000000375e+00 1.692455404006861849e+06
8.616500000000000270e+00 1.711679107129707234e+06
8.635600000000000165e+00 1.708645052017713897e+06
8.654700000000000060e+00 1.718349884498097003e+06
8.673799999999999955e+00 1.722228534419740317e+06
8.692899999999999849e+00 1.734990307057030266e+06
8.711999999999999744e+00 1.738939014804370701e+06
8.731199999999999406e+00 1.757187201455693692e+06
8.750299999999999301e+00 1.754925910787484609e+06
8.769399999999999196e+00 1.750302805104966043e+06
8.788500000000000867e+00 1.732820497112062527e+06
8.807600000000000762e+00 1.730807620352306636e+06
8.826700000000000657e+00 1.733405809774289606e+06
8.845800000000000551e+00 1.728154179887998151e+06
8.864900000000000446e+00 1.724669151482929243e+06
8.884000000000000341e+00 1.716778488522616448e+06
8.903100000000000236e+00 1.709933685427223565e+06
8.922200000000000131e+00 1.703834869574505836e+06
8.941300000000000026e+00 1.695034174007306574e+06
8.960399999999999920e+00 1.693160005948152626e+06
8.979499999999999815e+00 1.689411254673843039e+06
8.998599999999999710e+00 1.685349521320677595e+06
9.017699999999999605e+00 1.685244918796588900e+06
9.036799999999999500e+00 1.684781866856457898e+06
9.055899999999999395e+00 1.688189608132971684e+06
9.074999999999999289e+00 1.701561534985356731e+06
9.094200000000000728e+00 1.687276269077877747e+06
9.113300000000000622e+00 1.679156519756180467e+06
9.132400000000000517e+00 1.671883830271614483e+06
9.151500000000000412e+00 1.663506234882662306e+06
9.170600000000000307e+00 1.684146192746076733e+06
9.189700000000000202e+00 1.664291637244421756e+06
9.208800000000000097e+00 1.659673334124176996e+06
9.227899999999999991e+00 1.671842241207919316e+06
9.246999999999999886e+00 1.693146485869832337e+06
9.266099999999999781e+00 1.695646747033730149e+06
9.285199999999999676e+00 1.680874627353871008e+06
9.304299999999999571e+00 1.671159743885825621e+06
9.323399999999999466e+00 1.674382685268487781e+06
9.342499999999999361e+00 1.686861978989451425e+06
9.361599999999999255e+00 1.691333559383581392e+06
9.380699999999999150e+00 1.685135413480787771e+06
9.399800000000000821e+00 1.706050361723615089e+06
9.418900000000000716e+00 1.706919102024508640e+06
9.438000000000000611e+00 1.707761289704531664e+06
9.457200000000000273e+00 1.719306264300467446e+06
9.476300000000000168e+00 1.754257051943135215e+06
9.495400000000000063e+00 1.761237721388381673e+06
9.514499999999999957e+00 1.755079984826106811e+06
9.533599999999999852e+00 1.755866696854904993e+06
9.552699999999999747e+00 1.744367828728263266e+06
9.571799999999999642e+00 1.732153063641174929e+06
9.590899999999999537e+00 1.734244141825905070e+06
9.609999999999999432e+00 1.745589185367672937e+06
9.629099999999999326e+00 1.745678275090023177e+06
9.648199999999999221e+00 1.765564478242648533e+06
9.667299999999999116e+00 1.764910967156122439e+06
9.686400000000000787e+00 1.767834078591124387e+06
9.705500000000000682e+00 1.765836775926972507e+06
9.724600000000000577e+00 1.764501970679111080e+06
9.743700000000000472e+00 1.758767602702390635e+06
9.762800000000000367e+00 1.751176037131175399e+06
9.781900000000000261e+00 1.747502161419378361e+06
9.801099999999999923e+00 1.748723053203306394e+06
9.820199999999999818e+00 1.747349268801807659e+06
9.839299999999999713e+00 1.743304081571987597e+06
9.858399999999999608e+00 1.739408866532487562e+06
9.877499999999999503e+00 1.731232455401893938e+06
9.896599999999999397e+00 1.716032404759882018e+06
9.915699999999999292e+00 1.716622722614417085e+06
9.934799999999999187e+00 1.725088387616416672e+06
9.953900000000000858e+00 1.743175833832289325e+06
9.973000000000000753e+00 1.751204516099718167e+06
9.992100000000000648e+00 1.736108223684240831e+06
1.001120000000000054e+01 1.722061205210770713e+06
1.003030000000000044e+01 1.708142222238065442e+06
1.004940000000000033e+01 1.727805856956469826e+06
1.006850000000000023e+01 1.745954930897152983e+06
1.008760000000000012e+01 1.740465451917157741e+06
1.010670000000000002e+01 1.742067518403814407e+06
1.012579999999999991e+01 1.730366174431429012e+06
1.014489999999999981e+01 1.723074746090727160e+06
1.016409999999999947e+01 1.733356450084013166e+06
1.018319999999999936e+01 1.754714930497182300e+06
1.020229999999999926e+01 1.769244976112108678e+06
1.022139999999999915e+01 1.771082516202288913e+06
1.024050000000000082e+01 1.768739607434683247e+06
1.025960000000000072e+01 1.774829615616756724e+06
1.027870000000000061e+01 1.772466447372347116e+06
1.029780000000000051e+01 1.767504092751074350e+06
1.031690000000000040e+01 1.774606069366515847e+06
1.033600000000000030e+01 1.775303325224109692e+06
1.035510000000000019e+01 1.764333958913160488e+06
1.037420000000000009e+01 1.761460798072949983e+06
1.039329999999999998e+01 1.756093034709260566e+06
1.041239999999999988e+01 1.746670228027728153e+06
1.043149999999999977e+01 1.746621013317671837e+06
1.045059999999999967e+01 1.744549507226347923e+06
1.046969999999999956e+01 1.730703551055994816e+06
1.048879999999999946e+01 1.724407619073055917e+06
1.050799999999999912e+01 1.753330819924319396e+06
1.052710000000000079e+01 1.775253932923875982e+06
1.054620000000000068e+01 1.792073037971428363e+06
1.056530000000000058e+01 1.792415246898155427e+06
1.058440000000000047e+01 1.807192224812153727e+06
1.060350000000000037e+01 1.780182278562372318e+06
1.062260000000000026e+01 1.746878637771953130e+06
1.064170000000000016e+01 1.764977772812069161e+06
1.066080000000000005e+01 1.758829483691079309e+06
1.067989999999999995e+01 1.743644801298626699e+06
1.069899999999999984e+01 1.754730805066684494e+06
1.071809999999999974e+01 1.756015029677317478e+06
1.073719999999999963e+01 1.782627444040529197e+06
1.075629999999999953e+01 1.781500912606997415e+06
1.077539999999999942e+01 1.773407838970487006e+06
1.079449999999999932e+01 1.757233914854749804e+06
1.081359999999999921e+01 1.748196422511319397e+06
1.083270000000000088e+01 1.761739897275986848e+06
1.085180000000000078e+01 1.785042349087477662e+06
1.087100000000000044e+01 1.804634153202558635e+06
1.089010000000000034e+01 1.813102475281974999e+06
1.090920000000000023e+01 1.808039078637459083e+06
1.092830000000000013e+01 1.805270762061548186e+06
1.094740000000000002e+01 1.778815009829642251e+06
1.096649999999999991e+01 1.777264860059142113e+06
1.098559999999999981e+01 1.778898253897122806e+06
1.100469999999999970e+01 1.785488914252404822e+06
1.102379999999999960e+01 1.775826967519191327e+06
1.104289999999999949e+01 1.781398241559396731e+06
1.106199999999999939e+01 1.781938245722143212e+06
1.108109999999999928e+01 1.781615675804516533e+06
1.110019999999999918e+01 1.775271422585206805e+06
1.111930000000000085e+01 1.769060925035155378e+06
1.113840000000000074e+01 1.763687768159757368e+06
1.115750000000000064e+01 1.763455217209431110e+06
1.117660000000000053e+01 1.763707580088960007e+06
1.119570000000000043e+01 1.758782142507197568e+06
1.121480000000000032e+01 1.755789181216840865e+06
1.123399999999999999e+01 1.759076901973039843e+06
1.125309999999999988e+01 1.755465386565100169e+06
1.127219999999999978e+01 1.750824722433160292e+06
1.129129999999999967e+01 1.752959899171669735e+06
1.131039999999999957e+01 1.758042640089332359e+06
1.132949999999999946e+01 1.765135418524455978e+06
1.134859999999999935e+01 1.771255333642710233e+06
1.136769999999999925e+01 1.776063093119601952e+06
1.138679999999999914e+01 1.778709915082756430e+06
1.140590000000000082e+01 1.767941526440211339e+06
1.142500000000000071e+01 1.751907940003386000e+06
1.144410000000000061e+01 1.741783957536878763e+06
1.146320000000000050e+01 1.738840087661815109e+06
1.148230000000000040e+01 1.737202514056814834e+06
1.150140000000000029e+01 1.748835038544479990e+06
1.152050000000000018e+01 1.758877080573694780e+06
1.153960000000000008e+01 1.762570972213273169e+06
1.155869999999999997e+01 1.770652337911704322e+06
1.157789999999999964e+01 1.761344167046332033e+06
1.159699999999999953e+01 1.741167563209078507e+06
1.161609999999999943e+01 1.730599596830488415e+06
1.163519999999999932e+01 1.723406481762994081e+06
1.165429999999999922e+01 1.706599082515401999e+06
1.167340000000000089e+01 1.704347350252598291e+06
1.169250000000000078e+01 1.705887639600925846e+06
1.171160000000000068e+01 1.702033241768180626e+06
1.173070000000000057e+01 1.691253045327965170e+06
1.174980000000000047e+01 1.684570369206811534e+06
1.176890000000000036e+01 1.690645748425516998e+06
1.178800000000000026e+01 1.713106922928988235e+06
1.180710000000000015e+01 1.746267282683043042e+06
1.182620000000000005e+01 1.766094571338685229e+06
1.184529999999999994e+01 1.764963285680631874e+06
1.186439999999999984e+01 1.758796557973457268e+06
1.188349999999999973e+01 1.748746800057038665e+06
1.190259999999999962e+01 1.737427619159930618e+06
1.192169999999999952e+01 1.743375546436628327e+06
1.194089999999999918e+01 1.743049726536837639e+06
1.196000000000000085e+01 1.738170386523399269e+06
1.197910000000000075e+01 1.733456888149965554e+06
1.199820000000000064e+01 1.725496012369158911e+06
1.201730000000000054e+01 1.731643506528303260e+06
1.203640000000000043e+01 1.722990613830727292e+06
1.205550000000000033e+01 1.711175100304003805e+06
1.207460000000000022e+01 1.703112612198838731e+06
1.209370000000000012e+01 1.697590916224760935e+06
1.211280000000000001e+01 1.702043780367134139e+06
1.213189999999999991e+01 1.704752692719810409e+06
1.215099999999999980e+01 1.704125316470774589e+06
1.217009999999999970e+01 1.707338338147475617e+06
1.218919999999999959e+01 1.705257873050228460e+06
1.220829999999999949e+01 1.690777231340200873e+06
1.222739999999999938e+01 1.680360647434495157e+06
1.224649999999999928e+01 1.684029548582229996e+06
1.226559999999999917e+01 1.681499545969137922e+06
1.228470000000000084e+01 1.677770486769719748e+06
1.230390000000000050e+01 1.674328540140624391e+06
1.232300000000000040e+01 1.674192531504551182e+06
1.234210000000000029e+01 1.677495361978079425e+06
1.236120000000000019e+01 1.675526711921642302e+06
1.238030000000000008e+01 1.687452712746984325e+06
1.239939999999999998e+01 1.692794320618008031e+06
1.241849999999999987e+01 1.688972436938873259e+06
1.243759999999999977e+01 1.683933921851191670e+06
1.245669999999999966e+01 1.682525208343640668e+06
1.247579999999999956e+01 1.692919002208840102e+06
1.249489999999999945e+01 1.704238853725994937e+06
1.251399999999999935e+01 1.707497616700920509e+06
1.253309999999999924e+01 1.705355263099880191e+06
1.255219999999999914e+01 1.685313232484362321e+06
1.257130000000000081e+01 1.664934215959258145e+06
1.259040000000000070e+01 1.652083276626324980e+06
1.260950000000000060e+01 1.646131754926400259e+06
1.262860000000000049e+01 1.644206876827999949e+06
1.264780000000000015e+01 1.643561271791790845e+06
1.266690000000000005e+01 1.642801499930642312e+06
1.268599999999999994e+01 1.643377453029513359e+06
1.270509999999999984e+01 1.631227520142541500e+06
1.272419999999999973e+01 1.626581824041822227e+06
1.274329999999999963e+01 1.622837668851933209e+06
1.276239999999999952e+01 1.616409173772238195e+06
1.278149999999999942e+01 1.610697434706966160e+06
1.280059999999999931e+01 1.610303704641513759e+06
1.281969999999999921e+01 1.608399680657179328e+06
1.283880000000000088e+01 1.596832319868712919e+06
1.285790000000000077e+01 1.589811417900661705e+06
1.287700000000000067e+01 1.585030826898245141e+06
1.289610000000000056e+01 1.584506696000615135e+06
1.291520000000000046e+01 1.594385641574802110e+06
1.293430000000000035e+01 1.593858552291193046e+06
1.295340000000000025e+01 1.587480531043642899e+06
1.297250000000000014e+01 1.594814603909537196e+06
1.299160000000000004e+01 1.597271193663907470e+06
1.301079999999999970e+01 1.601118101787264226e+06
1.302989999999999959e+01 1.601637547580835642e+06
1.304899999999999949e+01 1.594688629034220008e+06
1.306809999999999938e+01 1.584983692367617041e+06
1.308719999999999928e+01 1.574187062338648597e+06
1.310629999999999917e+01 1.565373557459361618e+06
1.312540000000000084e+01 1.564498118943360401e+06
1.314450000000000074e+01 1.571064922287400113e+06
1.316360000000000063e+01 1.575222986371380044e+06
1.318270000000000053e+01 1.582678028248113813e+06
1.320180000000000042e+01 1.589151589657593286e+06
1.322090000000000032e+01 1.595938124834452989e+06
1.324000000000000021e+01 1.588672681542590261e+06
1.325910000000000011e+01 1.581270052129194373e+06
1.327820000000000000e+01 1.578082948754151119e+06
1.329729999999999990e+01 1.576654858291544719e+06
1.331639999999999979e+01 1.573402252231255174e+06
1.333549999999999969e+01 1.566673378876915434e+06
1.335459999999999958e+01 1.563773717015883187e+06
1.337379999999999924e+01 1.558879982028516708e+06
1.339289999999999914e+01 1.559452191894234391e+06
1.341200000000000081e+01 1.556776236305802129e+06
1.343110000000000070e+01 1.551477094653432956e+06
1.345020000000000060e+01 1.544915341996531235e+06
1.346930000000000049e+01 1.541132680149523541e+06
1.348840000000000039e+01 1.538883746142028132e+06
1.350750000000000028e+01 1.535036394513607025e+06
1.352660000000000018e+01 1.529805891954811988e+06
1.354570000000000007e+01 1.525580011708901031e+06
1.356479999999999997e+01 1.515079054452229291e+06
1.358389999999999986e+01 1.511766151689260500e+06
1.360299999999999976e+01 1.511855430020674365e+06
1.362209999999999965e+01 1.513057563925129129e+06
1.364119999999999955e+01 1.513344916468922282e+06
1.366029999999999944e+01 1.509370645195169142e+06
1.367939999999999934e+01 1.502173085387536557e+06
1.369849999999999923e+01 1.497800091104586376e+06
1.371770000000000067e+01 1.492880517849976430e+06
1.373680000000000057e+01 1.494065351326565025e+06
1.375590000000000046e+01 1.491507967165425420e+06
1.377500000000000036e+01 1.488935199197342386e+06
1.379410000000000025e+01 1.486175660657639382e+06
1.381320000000000014e+01 1.489952972439651610e+06
1.383230000000000004e+01 1.487206310250928858e+06
1.385139999999999993e+01 1.487396295971209183e+06
1.387049999999999983e+01 1.488343750264997361e+06
1.388959999999999972e+01 1.493856162519593723e+06
1.390869999999999962e+01 1.489874072747830302e+06
1.392779999999999951e+01 1.486851504933654564e+06
1.394689999999999941e+01 1.493475320740385214e+06
1.396599999999999930e+01 1.493458470366575522e+06
1.398509999999999920e+01 1.489432231210625032e+06
1.400420000000000087e+01 1.480802713603989221e+06
1.402330000000000076e+01 1.472917098701206967e+06
1.404240000000000066e+01 1.468151895371000050e+06
1.406150000000000055e+01 1.465482381784541532e+06
1.408070000000000022e+01 1.459575511715803295e+06
1.409980000000000011e+01 1.456494195350229740e+06
1.411890000000000001e+01 1.449231771120005054e+06
1.413799999999999990e+01 1.438974809118196135e+06
1.415709999999999980e+01 1.433171113361311378e+06
1.417619999999999969e+01 1.433533283057218185e+06
1.419529999999999959e+01 1.429344221231225180e+06
1.421439999999999948e+01 1.427330004254967673e+06
1.423349999999999937e+01 1.445057300450987881e+06
1.425259999999999927e+01 1.445296406415822683e+06
1.427169999999999916e+01 1.454597236810311908e+06
1.429080000000000084e+01 1.449907595646966947e+06
1.430990000000000073e+01 1.450983383489901433e+06
1.432900000000000063e+01 1.450436741791611537e+06
1.434810000000000052e+01 1.448757699405340478e+06
1.436720000000000041e+01 1.448849548336589709e+06
1.438630000000000031e+01 1.454452191085782601e+06
1.440540000000000020e+01 1.455080802624138771e+06
1.442450000000000010e+01 1.451604393006193219e+06
1.444369999999999976e+01 1.454202635337162996e+06
1.446279999999999966e+01 1.453728842176870676e+06
1.448189999999999955e+01 1.449090031526899897e+06
1.450099999999999945e+01 1.450980265202328796e+06
1.452009999999999934e+01 1.452703146310126642e+06
1.453919999999999924e+01 1.450078634958891897e+06
1.455829999999999913e+01 1.448926033901138231e+06
1.457740000000000080e+01 1.447195789990346180e+06
1.459650000000000070e+01 1.447628891187199159e+06
1.461560000000000059e+01 1.442153630443525733e+06
1.463470000000000049e+01 1.431932556941780495e+06
1.465380000000000038e+01 1.423592000950097805e+06
1.467290000000000028e+01 1.416350554139413638e+06
1.469200000000000017e+01 1.412189959262461169e+06
1.471110000000000007e+01 1.405722160997421248e+06
1.473019999999999996e+01 1.395684171367590548e+06
1.474929999999999986e+01 1.386039485482896212e+06
1.476839999999999975e+01 1.380118127567722695e+06
1.478759999999999941e+01 1.379930462948159548e+06
1.480669999999999931e+01 1.380519075028997147e+06
1.482579999999999920e+01 1.383724404157857411e+06
1.484490000000000087e+01 1.384911716851125704e+06
1.486400000000000077e+01 1.387535850351941772e+06
1.488310000000000066e+01 1.390152318920378573e+06
1.490220000000000056e+01 1.388807260126002133e+06
1.492130000000000045e+01 1.389083154826259008e+06
1.494040000000000035e+01 1.387767005537633086e+06
1.495950000000000024e+01 1.373832564245844493e+06
1.497860000000000014e+01 1.360961491521732882e+06
1.499770000000000003e+01 1.350045871163186384e+06
1.501679999999999993e+01 1.347429292991239578e+06
1.503589999999999982e+01 1.351988858982951613e+06
1.505499999999999972e+01 1.361606854077129858e+06
1.507409999999999961e+01 1.370217869256665232e+06
1.509319999999999951e+01 1.368801645595498383e+06
1.511229999999999940e+01 1.365963371467720484e+06
1.513139999999999930e+01 1.361101800066600321e+06
1.515060000000000073e+01 1.358756482901288895e+06
1.516970000000000063e+01 1.355075920674623223e+06
1.518880000000000052e+01 1.350981468758064788e+06
1.520790000000000042e+01 1.343880543801052729e+06
1.522700000000000031e+01 1.334065174253462115e+06
1.524610000000000021e+01 1.329719741203989601e+06
1.526520000000000010e+01 1.327270505205274327e+06
1.528430000000000000e+01 1.325999508823005715e+06
1.530339999999999989e+01 1.323097699518274050e+06
1.532249999999999979e+01 1.327070782507881522e+06
1.534159999999999968e+01 1.328344224919609493e+06
1.536069999999999958e+01 1.335114458769827383e+06
1.537979999999999947e+01 1.344313070803753333e+06
1.539889999999999937e+01 1.351587033306449885e+06
1.541799999999999926e+01 1.345062308708527125e+06
1.543709999999999916e+01 1.335318402031782083e+06
1.545620000000000083e+01 1.325667419879492139e+06
1.547530000000000072e+01 1.316232585445940727e+06
1.549450000000000038e+01 1.309742305510103935e+06
1.551360000000000028e+01 1.308761253704718547e+06
1.553270000000000017e+01 1.303353525165101746e+06
1.555180000000000007e+01 1.291880391981267603e+06
1.557089999999999996e+01 1.283761331019086530e+06
1.558999999999999986e+01 1.283703781122171553e+06
1.560909999999999975e+01 1.280355645290926564e+06
1.562819999999999965e+01 1.271769066153381253e+06
1.564729999999999954e+01 1.266223423663551686e+06
1.566639999999999944e+01 1.267431460381706012e+06
1.568549999999999933e+01 1.266154517560325330e+06
1.570459999999999923e+01 1.263670660241701407e+06
1.572369999999999912e+01 1.252736642906155204e+06
1.574280000000000079e+01 1.243077879235394299e+06
1.576190000000000069e+01 1.238184419152159477e+06
1.578100000000000058e+01 1.232240011669483269e+06
1.580010000000000048e+01 1.224512995133731514e+06
1.581920000000000037e+01 1.223347696008049650e+06
1.583830000000000027e+01 1.229077488548094640e+06
1.585749999999999993e+01 1.230069149395621615e+06
1.587659999999999982e+01 1.239775236148936208e+06
1.589569999999999972e+01 1.238076085615178104e+06
1.591479999999999961e+01 1.237094001213229261e+06
1.593389999999999951e+01 1.236716303961438360e+06
1.595299999999999940e+01 1.234175736716969870e+06
1.597209999999999930e+01 1.230747162770817755e+06
1.599119999999999919e+01 1.235123886916826712e+06
1.601030000000000086e+01 1.236953340707810363e+06
1.602939999999999898e+01 1.232245541481394321e+06
1.604850000000000065e+01 1.230445596538470127e+06
1.606759999999999877e+01 1.237804191939716460e+06
1.608670000000000044e+01 1.242064470375072677e+06
1.610579999999999856e+01 1.245118461019396549e+06
1.612490000000000023e+01 1.240906875818852568e+06
1.614399999999999835e+01 1.240593533531133318e+06
1.616310000000000002e+01 1.239483577941111987e+06
1.618220000000000169e+01 1.228913305805831216e+06
1.620129999999999981e+01 1.224947969663775759e+06
1.622050000000000125e+01 1.224824300320303300e+06
1.623959999999999937e+01 1.225824849243044620e+06
1.625870000000000104e+01 1.225063879975483054e+06
1.627779999999999916e+01 1.225549423122427659e+06
1.629690000000000083e+01 1.222444779376560589e+06
1.631599999999999895e+01 1.221529749864666956e+06
1.633510000000000062e+01 1.226795636956468923e+06
1.635419999999999874e+01 1.229540520945921773e+06
1.637330000000000041e+01 1.231238927583514946e+06
1.639239999999999853e+01 1.238467423798713135e+06
1.641150000000000020e+01 1.234403738955864450e+06
1.643059999999999832e+01 1.242054378279620782e+06
1.644969999999999999e+01 1.249362943003238179e+06
1.646880000000000166e+01 1.249934991686747409e+06
1.648789999999999978e+01 1.245002664894694695e+06
1.650700000000000145e+01 1.243835428051915718e+06
1.652609999999999957e+01 1.243922214804343879e+06
1.654520000000000124e+01 1.246960424648286076e+06
1.656439999999999912e+01 1.252154240443592425e+06
1.658350000000000080e+01 1.257703021803823067e+06
1.660259999999999891e+01 1.250617862829237944e+06
1.662170000000000059e+01 1.240617890862799948e+06
1.664079999999999870e+01 1.227498225177633343e+06
1.665990000000000038e+01 1.216493462584386813e+06
1.667899999999999849e+01 1.210438369341878453e+06
1.669810000000000016e+01 1.209566275855859974e+06
1.671719999999999828e+01 1.207242735786877107e+06
1.673629999999999995e+01 1.205349270061789313e+06
1.675540000000000163e+01 1.198828703944806941e+06
1.677449999999999974e+01 1.191770791081366129e+06
1.679360000000000142e+01 1.188610499431562377e+06
1.681269999999999953e+01 1.181705481758965412e+06
1.683180000000000121e+01 1.185321800757976249e+06
1.685089999999999932e+01 1.181166686845674878e+06
1.687000000000000099e+01 1.174466444943884620e+06
1.688909999999999911e+01 1.172640806187991286e+06
1.690820000000000078e+01 1.162396729530078126e+06
1.692739999999999867e+01 1.150222235885970527e+06
1.694650000000000034e+01 1.142532938140855171e+06
1.696559999999999846e+01 1.132759219446023228e+06
1.698470000000000013e+01 1.128979026760028675e+06
1.700379999999999825e+01 1.125079601077748463e+06
1.702289999999999992e+01 1.127225725860762410e+06
1.704200000000000159e+01 1.134118568500631256e+06
1.706109999999999971e+01 1.135889979213332990e+06
1.708020000000000138e+01 1.136590795458248118e+06
1.709929999999999950e+01 1.131658536467028083e+06
1.711840000000000117e+01 1.126889737326987786e+06
1.713749999999999929e+01 1.127803549385468243e+06
1.715660000000000096e+01 1.132077476681662723e+06
1.717569999999999908e+01 1.133102011111665284e+06
1.719480000000000075e+01 1.135927177788546076e+06
1.721389999999999887e+01 1.138431340368540259e+06
1.723300000000000054e+01 1.142796856926550856e+06
1.725209999999999866e+01 1.144914270607447019e+06
1.727120000000000033e+01 1.147011524160304340e+06
1.729040000000000177e+01 1.141948345834926469e+06
1.730949999999999989e+01 1.143137900192713598e+06
1.732860000000000156e+01 1.141771718102843268e+06
1.734769999999999968e+01 1.148511107232119422e+06
1.736680000000000135e+01 1.145209043748453958e+06
1.738589999999999947e+01 1.146291164813489886e+06
1.740500000000000114e+01 1.141815037216067547e+06
1.742409999999999926e+01 1.133107765525970841e+06
1.744320000000000093e+01 1.129563313697099220e+06
1.746229999999999905e+01 1.129277877105022548e+06
1.748140000000000072e+01 1.128052864820267539e+06
1.750049999999999883e+01 1.130117314653874608e+06
1.751960000000000051e+01 1.125330008984287037e+06
1.753869999999999862e+01 1.126990206983491546e+06
1.755780000000000030e+01 1.129982584052707767e+06
1.757689999999999841e+01 1.130487093089526286e+06
1.759600000000000009e+01 1.127818709394344361e+06
1.761510000000000176e+01 1.124507195007487433e+06
1.763429999999999964e+01 1.128902256356205093e+06
1.765340000000000131e+01 1.133249875584393507e+06
1.767249999999999943e+01 1.137849098446465563e+06
1.769160000000000110e+01 1.133432586213970324e+06
1.771069999999999922e+01 1.125499303870763164e+06
1.772980000000000089e+01 1.123808099849666469e+06
1.774889999999999901e+01 1.116878643785575638e+06
1.776800000000000068e+01 1.114547424601016566e+06
1.778709999999999880e+01 1.108151574266941287e+06
1.780620000000000047e+01 1.104642311031589983e+06
1.782529999999999859e+01 1.103241470021881862e+06
1.784440000000000026e+01 1.108368068816124927e+06
1.786349999999999838e+01 1.110816309624014422e+06
1.788260000000000005e+01 1.113414620916094864e+06
1.790170000000000172e+01 1.115436795182850445e+06
1.792079999999999984e+01 1.115364848965352634e+06
1.793990000000000151e+01 1.113481298718428472e+06
1.795899999999999963e+01 1.114586200557618635e+06
1.797810000000000130e+01 1.115138498325270601e+06
1.799729999999999919e+01 1.118517155637997668e+06
1.801640000000000086e+01 1.126037166239055805e+06
1.803549999999999898e+01 1.115757751549297245e+06
1.805460000000000065e+01 1.118841810819829116e+06
1.807369999999999877e+01 1.118524493044026894e+06
1.809280000000000044e+01 1.122917001800792757e+06
1.811189999999999856e+01 1.117731197303856956e+06
1.813100000000000023e+01 1.119789345623445930e+06
1.815009999999999835e+01 1.114845407228636555e+06
1.816920000000000002e+01 1.108828508851481369e+06
1.818830000000000169e+01 1.117194176589938113e+06
1.820739999999999981e+01 1.122353246650258079e+06
1.822650000000000148e+01 1.123027325032860739e+06
1.824559999999999960e+01 1.120784886052504880e+06
1.826470000000000127e+01 1.102381909007174196e+06
1.828379999999999939e+01 1.097199995673342841e+06
1.830290000000000106e+01 1.094670429331400665e+06
1.832199999999999918e+01 1.090887812729645753e+06
1.834110000000000085e+01 1.087761108543270500e+06
1.836029999999999873e+01 1.080768464784638956e+06
1.837940000000000040e+01 1.073396874123215443e+06
1.839849999999999852e+01 1.068550073292981135e+06
1.841760000000000019e+01 1.069712806723532500e+06
1.843669999999999831e+01 1.070687033430920681e+06
1.845579999999999998e+01 1.073309287692857673e+06
1.847490000000000165e+01 1.074993855914192041e+06
1.849399999999999977e+01 1.075600323344490724e+06
1.851310000000000144e+01 1.068247529129247880e+06
1.853219999999999956e+01 1.065389386773609789e+06
1.855130000000000123e+01 1.059655752054532291e+06
1.857039999999999935e+01 1.057461244606694207e+06
1.858950000000000102e+01 1.062130630029918393e+06
1.860859999999999914e+01 1.062232842773391865e+06
1.862770000000000081e+01 1.058573435057724593e+06
1.864679999999999893e+01 1.051077212187951198e+06
1.866590000000000060e+01 1.047636558678716770e+06
1.868499999999999872e+01 1.037836888689212385e+06
1.870420000000000016e+01 1.031813676158704911e+06
1.872329999999999828e+01 1.031685442349894904e+06
1.874239999999999995e+01 1.035137407374490984e+06
1.876150000000000162e+01 1.037705349345198949e+06
1.878059999999999974e+01 1.033976794380152132e+06
1.879970000000000141e+01 1.033532452319512144e+06
1.881879999999999953e+01 1.041004999256435200e+06
1.883790000000000120e+01 1.035040919055739418e+06
1.885699999999999932e+01 1.027939103972934303e+06
1.887610000000000099e+01 1.023814927946429350e+06
1.889519999999999911e+01 1.031212516926424927e+06
1.891430000000000078e+01 1.038975013026495813e+06
1.893339999999999890e+01 1.038103866228367784e+06
1.895250000000000057e+01 1.045307517147077248e+06
1.897159999999999869e+01 1.041414252634354867e+06
1.899070000000000036e+01 1.043555574051565141e+06
1.900979999999999848e+01 1.043893379074615077e+06
1.902890000000000015e+01 1.041992835150858387e+06
1.904799999999999827e+01 1.041690704720018082e+06
1.906719999999999970e+01 1.036832563912421465e+06
1.908630000000000138e+01 1.035973154269426595e+06
1.910539999999999949e+01 1.035026667927353294e+06
1.912450000000000117e+01 1.025642972456490970e+06
1.914359999999999928e+01 1.023160807934835902e+06
1.916270000000000095e+01 1.025757435303528793e+06
1.918179999999999907e+01 1.027179248930905131e+06
1.920090000000000074e+01 1.030945384275637218e+06
1.921999999999999886e+01 1.037497181986915763e+06
1.923910000000000053e+01 1.040760530684905243e+06
1.925819999999999865e+01 1.035443688934340607e+06
1.927730000000000032e+01 1.026426548834654386e+06
1.929639999999999844e+01 1.022606772805137560e+06
1.931550000000000011e+01 1.018762617716205423e+06
1.933459999999999823e+01 1.016131461826643092e+06
1.935369999999999990e+01 1.015504657295697252e+06
1.937280000000000157e+01 1.025983673818017007e+06
1.939189999999999969e+01 1.027903864199496224e+06
1.941100000000000136e+01 1.028189155701875337e+06
1.943019999999999925e+01 1.028703398394369520e+06
1.944930000000000092e+01 1.026785026165361865e+06
1.946839999999999904e+01 1.022895272996314452e+06
1.948750000000000071e+01 1.023889338754013181e+06
1.950659999999999883e+01 1.017893557610756834e+06
1.952570000000000050e+01 1.011071055248921155e+06
1.954479999999999862e+01 1.003950223546356894e+06
1.956390000000000029e+01 9.966128365144500276e+05
1.958299999999999841e+01 9.871967689663168276e+05
1.960210000000000008e+01 9.812721913271020167e+05
1.962120000000000175e+01 9.794709762199419783e+05
1.964029999999999987e+01 9.778314933180647204e+05
1.965940000000000154e+01 9.874402680683922954e+05
1.967849999999999966e+01 9.785756446635173634e+05
1.969760000000000133e+01 9.754923295128504978e+05
1.971669999999999945e+01 9.757273366488283500e+05
1.973580000000000112e+01 9.707231424176149303e+05
1.975489999999999924e+01 9.668814182568552205e+05
1.977410000000000068e+01 9.633546076310803182e+05
1.979319999999999879e+01 9.642273450386853656e+05
1.981230000000000047e+01 9.638513035920521943e+05
1.983139999999999858e+01 9.648515510849993443e+05
1.985050000000000026e+01 9.842473159417323768e+05
1.986959999999999837e+01 9.832074908952437108e+05
1.988870000000000005e+01 9.830167796416535275e+05
1.990780000000000172e+01 9.751967335651620524e+05
1.992689999999999984e+01 9.727863595744632185e+05
1.994600000000000151e+01 9.664513989444087492e+05
1.996509999999999962e+01 9.577881250267225550e+05
1.998420000000000130e+01 9.562304841201001545e+05
2.000329999999999941e+01 9.541172432384394342e+05
2.002240000000000109e+01 9.531470620005860692e+05
2.004149999999999920e+01 9.444114849303067895e+05
2.006060000000000088e+01 9.457867971601545578e+05
2.007969999999999899e+01 9.471173217278538505e+05
2.009880000000000067e+01 9.468174483153106412e+05
2.011789999999999878e+01 9.457752093794044340e+05
2.013710000000000022e+01 9.441876356530416524e+05
2.015619999999999834e+01 9.404886727411790052e+05
2.017530000000000001e+01 9.323182041130829602e+05
2.019440000000000168e+01 9.214014922808139818e+05
2.021349999999999980e+01 9.107928508160520578e+05
2.023260000000000147e+01 9.031090561591467122e+05
2.025169999999999959e+01 8.941373513793842867e+05
2.027080000000000126e+01 8.928185556708074873e+05
2.028989999999999938e+01 8.969398081339607015e+05
2.030900000000000105e+01 9.001802077458677813e+05
2.032809999999999917e+01 8.945062625149032101e+05
2.034720000000000084e+01 8.900986158548545791e+05
2.036629999999999896e+01 8.919427821029070765e+05
2.038540000000000063e+01 8.914150752927704016e+05
2.040449999999999875e+01 8.900712138530655066e+05
2.042360000000000042e+01 8.816455325880413875e+05
2.044269999999999854e+01 8.729923282692078501e+05
2.046180000000000021e+01 8.689228835702319629e+05
2.048100000000000165e+01 8.670311113306049956e+05
2.050009999999999977e+01 8.741459405708927661e+05
2.051920000000000144e+01 8.766821539238084806e+05
2.053829999999999956e+01 9.082601168444240466e+05
2.055740000000000123e+01 9.076278241256019101e+05
2.057649999999999935e+01 9.024505012295447523e+05
2.059560000000000102e+01 8.952633465857669944e+05
2.061469999999999914e+01 8.929692184857229004e+05
2.063380000000000081e+01 8.849716997813187772e+05
2.065289999999999893e+01 8.817095261563217500e+05
2.067200000000000060e+01 8.704313446966983611e+05
2.069109999999999872e+01 8.658718076148949331e+05
2.071020000000000039e+01 8.522362972751954803e+05
2.072929999999999851e+01 8.447606018691781210e+05
2.074840000000000018e+01 8.516886673054377316e+05
2.076749999999999829e+01 8.552537904679571511e+05
2.078659999999999997e+01 8.589608270427066600e+05
2.080570000000000164e+01 8.600400094182890607e+05
2.082479999999999976e+01 8.614797821108509088e+05
2.084400000000000119e+01 8.590820836359555833e+05
2.086309999999999931e+01 8.625715418710267404e+05
2.088220000000000098e+01 8.650414626465979964e+05
2.090129999999999910e+01 8.720815610651085153e+05
2.092040000000000077e+01 8.758329505678029964e+05
2.093949999999999889e+01 8.797878993587970035e+05
2.095860000000000056e+01 8.824598993169210153e+05
2.097769999999999868e+01 8.732495751796662807e+05
2.099680000000000035e+01 8.676406342161349021e+05
2.101589999999999847e+01 8.645619279986437177e+05
2.103500000000000014e+01 8.629044053091771202e+05
2.105409999999999826e+01 8.539867510425643995e+05
2.107319999999999993e+01 8.451895815511081601e+05
2.109230000000000160e+01 8.393649505597380921e+05
2.111139999999999972e+01 8.399624541835635900e+05
2.113050000000000139e+01 8.361780149140261346e+05
2.114959999999999951e+01 8.311849532048370456e+05
2.116870000000000118e+01 8.295911099139349535e+05
2.118779999999999930e+01 8.291934922613023082e+05
2.120700000000000074e+01 8.317379098219837761e+05
2.122609999999999886e+01 8.274776248835837469e+05
2.124520000000000053e+01 8.253355556381527567e+05
2.126429999999999865e+01 8.240697497394277016e+05
2.128340000000000032e+01 8.203111127950865775e+05
2.130249999999999844e+01 8.189502096204669215e+05
2.132160000000000011e+01 8.109023560649995925e+05
2.134069999999999823e+01 8.025838905371179571e+05
2.135979999999999990e+01 7.893662726720048813e+05
2.137890000000000157e+01 7.786837006899086991e+05
2.139799999999999969e+01 7.693540747943167808e+05
2.141710000000000136e+01 7.620046910938067595e+05
2.143619999999999948e+01 7.544126177585548721e+05
2.145530000000000115e+01 7.421332224428794580e+05
2.147439999999999927e+01 7.303560187808113405e+05
2.149350000000000094e+01 7.178818852273822995e+05
2.151259999999999906e+01 7.088911814780115383e+05
2.153170000000000073e+01 7.031742284837983316e+05
2.155089999999999861e+01 6.892393074230625061e+05
2.157000000000000028e+01 6.699076915203412063e+05
2.158909999999999840e+01 6.509381490371181862e+05
2.160820000000000007e+01 6.381959305031656986e+05
2.162730000000000175e+01 6.283064355683963513e+05
2.164639999999999986e+01 6.225437268065479584e+05
2.166550000000000153e+01 6.141080096172802150e+05
2.168459999999999965e+01 6.032743737922795117e+05
2.170370000000000132e+01 5.926431204299315577e+05
2.172279999999999944e+01 5.856338876755848760e+05
2.174190000000000111e+01 5.788342812439848203e+05
2.176099999999999923e+01 5.736121225339452503e+05
2.178010000000000090e+01 5.727946554726297036e+05
2.179919999999999902e+01 5.633020418276140699e+05
2.181830000000000069e+01 5.643302425330948317e+05
2.183739999999999881e+01 5.640206391430823132e+05
2.185650000000000048e+01 5.627685828905340750e+05
2.187559999999999860e+01 5.616363385488883359e+05
2.189470000000000027e+01 5.612455602485187119e+05
2.191390000000000171e+01 5.570573086096836487e+05
2.193299999999999983e+01 5.542675964284461224e+05
2.195210000000000150e+01 5.515702224709376460e+05
2.197119999999999962e+01 5.466200003950771643e+05
2.199030000000000129e+01 5.422129746217535576e+05
2.200939999999999941e+01 5.382221468923689099e+05
2.202850000000000108e+01 5.343509020627684658e+05
2.204759999999999920e+01 5.312196093016341329e+05
2.206670000000000087e+01 5.367170955762726953e+05
2.208579999999999899e+01 5.381429005523730302e+05
2.210490000000000066e+01 5.394105965866908664e+05
2.212399999999999878e+01 5.363315599382753717e+05
2.214310000000000045e+01 5.402037235844848910e+05
2.216219999999999857e+01 5.355279023401531158e+05
2.218130000000000024e+01 5.344437404818036593e+05
2.220039999999999836e+01 5.273197862784872996e+05
2.221950000000000003e+01 5.215247909600581625e+05
2.223860000000000170e+01 5.201886077955505461e+05
2.225769999999999982e+01 5.111624736984293559e+05
2.227690000000000126e+01 5.064967195695478003e+05
2.229599999999999937e+01 5.009194412414223771e+05
2.231510000000000105e+01 4.953908212289225776e+05
2.233419999999999916e+01 4.828310472554906155e+05
2.235330000000000084e+01 4.803201652527799015e+05
2.237239999999999895e+01 4.855081320030353381e+05
2.239150000000000063e+01 4.759200938073688303e+05
2.241059999999999874e+01 4.677926748983655707e+05
2.242970000000000041e+01 4.627962979188561440e+05
2.244879999999999853e+01 4.603412464671328198e+05
2.246790000000000020e+01 4.537664906162506086e+05
2.248699999999999832e+01 4.467936721942687291e+05
2.250609999999999999e+01 4.378354859210263821e+05
2.252520000000000167e+01 4.316848187873729621e+05
2.254429999999999978e+01 4.280311025726804510e+05
2.256340000000000146e+01 4.318686210118019371e+05
2.258249999999999957e+01 4.294194748243726790e+05
2.260160000000000124e+01 4.206843263567544636e+05
2.262079999999999913e+01 4.107254353528798092e+05
2.263990000000000080e+01 3.969562198255633120e+05
2.265899999999999892e+01 3.846152362764840946e+05
2.267810000000000059e+01 3.707767845338399638e+05
2.269719999999999871e+01 3.617055042058783583e+05
2.271630000000000038e+01 3.561289820844269707e+05
2.273539999999999850e+01 3.538651654505635961e+05
2.275450000000000017e+01 3.439268722762340331e+05
2.277359999999999829e+01 3.396475492935634102e+05
2.279269999999999996e+01 3.349367079877981450e+05
2.281180000000000163e+01 3.227933317627103534e+05
2.283089999999999975e+01 3.142461658769129426e+05
2.285000000000000142e+01 3.084049132901758421e+05
2.286909999999999954e+01 3.112429670784280752e+05
2.288820000000000121e+01 3.125694448617080343e+05
2.290729999999999933e+01 3.022472116128472844e+05
2.292640000000000100e+01 2.896072793449303717e+05
2.294549999999999912e+01 2.786154919195031398e+05
2.296460000000000079e+01 2.687542384364076424e+05
2.298379999999999868e+01 2.618978202669158054e+05
2.300290000000000035e+01 2.605122517331553099e+05
2.302199999999999847e+01 2.546076907443863165e+05
2.304110000000000014e+01 2.510751457700101018e+05
2.306019999999999825e+01 2.494281926077089447e+05
2.307929999999999993e+01 2.501752948218268284e+05
2.309840000000000160e+01 2.438484322150261141e+05
2.311749999999999972e+01 2.363739434224577562e+05
2.313660000000000139e+01 2.300246104222821014e+05
2.315569999999999951e+01 2.253088543908652791e+05
2.317480000000000118e+01 2.195371663171338441e+05
2.319389999999999930e+01 2.188985619282987900e+05
2.321300000000000097e+01 2.183047715751680080e+05
2.323209999999999908e+01 2.208103984215389937e+05
2.325120000000000076e+01 2.250289680976011732e+05
2.327029999999999887e+01 2.229860400969469629e+05
2.328940000000000055e+01 2.176922127689565823e+05
2.330849999999999866e+01 2.107911821662826405e+05
2.332760000000000034e+01 2.094702396580639761e+05
2.334680000000000177e+01 2.068144269892742450e+05
2.336589999999999989e+01 2.032682601261209929e+05
2.338500000000000156e+01 2.002483881135489792e+05
2.340409999999999968e+01 1.997978714271137433e+05
2.342320000000000135e+01 2.001577936132283357e+05
2.344229999999999947e+01 2.023230998770358565e+05
2.346140000000000114e+01 1.986567856282962020e+05
2.348049999999999926e+01 1.953715641172661271e+05
2.349960000000000093e+01 1.853554907857497747e+05
2.351869999999999905e+01 1.800806920935280796e+05
2.353780000000000072e+01 1.769513948443352419e+05
2.355689999999999884e+01 1.819387379640780564e+05
2.357600000000000051e+01 1.819014503582851903e+05
2.359509999999999863e+01 1.756711884586774686e+05
2.361420000000000030e+01 1.732395768924174772e+05
2.363329999999999842e+01 1.772739112983800878e+05
2.365240000000000009e+01 1.768098114766440412e+05
2.367150000000000176e+01 1.761211653861964878e+05
2.369069999999999965e+01 1.738598772614958289e+05
2.370980000000000132e+01 1.699329806649392995e+05
2.372889999999999944e+01 1.683628746275146259e+05
2.374800000000000111e+01 1.632201157524261216e+05
2.376709999999999923e+01 1.566838556225137145e+05
2.378620000000000090e+01 1.495999767675112817e+05
2.380529999999999902e+01 1.487784753769236559e+05
2.382440000000000069e+01 1.447640068409571541e+05
2.384349999999999881e+01 1.443611835254095495e+05
2.386260000000000048e+01 1.444529467326336016e+05
2.388169999999999860e+01 1.401226427511376969e+05
2.390080000000000027e+01 1.377678982720668137e+05
2.391989999999999839e+01 1.369358872681288922e+05
2.393900000000000006e+01 1.396943431704215473e+05
2.395810000000000173e+01 1.368493965305889433e+05
2.397719999999999985e+01 1.340402077440562716e+05
2.399630000000000152e+01 1.373181691304332635e+05
2.401539999999999964e+01 1.337551004048481991e+05
2.403450000000000131e+01 1.318946475144170690e+05
2.405369999999999919e+01 1.271106480632951279e+05
2.407280000000000086e+01 1.264141682011409430e+05
2.409189999999999898e+01 1.219768942770073190e+05
2.411100000000000065e+01 1.191823075007669395e+05
2.413009999999999877e+01 1.157879172978694405e+05
2.414920000000000044e+01 1.152320838333296124e+05
2.416829999999999856e+01 1.155464825782520493e+05
2.418740000000000023e+01 1.128013044479294913e+05
2.420649999999999835e+01 1.092651405726408702e+05
2.422560000000000002e+01 1.066084389970200573e+05
2.424470000000000169e+01 1.053788735969676636e+05
2.426379999999999981e+01 1.055011612385391345e+05
2.428290000000000148e+01 1.029875953269575402e+05
2.430199999999999960e+01 9.919972600307775429e+04
2.432110000000000127e+01 9.569940593011253804e+04
2.434019999999999939e+01 9.014716798621950147e+04
2.435930000000000106e+01 8.530342208215258142e+04
2.437839999999999918e+01 8.001856191013423086e+04
2.439750000000000085e+01 7.709896515828627162e+04
2.441669999999999874e+01 7.616666364865005016e+04
2.443580000000000041e+01 7.437935921828806750e+04
2.445489999999999853e+01 7.222627971421154507e+04
2.447400000000000020e+01 7.015952064926039020e+04
2.449309999999999832e+01 6.763341914712471771e+04
2.451219999999999999e+01 6.610619582362618530e+04
2.453130000000000166e+01 6.445997623742569704e+04
2.455039999999999978e+01 6.098871014240323711e+04
2.456950000000000145e+01 5.945734699258784531e+04
2.458859999999999957e+01 6.195249173463352054e+04
2.460770000000000124e+01 5.713651656605126482e+04
2.462679999999999936e+01 5.244696563168539433e+04
2.464590000000000103e+01 4.915734067745987704e+04
2.466499999999999915e+01 4.700634668955509551e+04
2.468410000000000082e+01 4.487313794970314484e+04
2.470319999999999894e+01 4.238040646616940649e+04
2.472230000000000061e+01 4.042210053553034959e+04
2.474139999999999873e+01 3.765070546072714205e+04
2.476060000000000016e+01 3.465545634922183672e+04
2.477969999999999828e+01 3.343428048416173988e+04
2.479879999999999995e+01 3.260317666203497720e+04
2.481790000000000163e+01 3.156088962052214265e+04
2.483699999999999974e+01 3.074264534909506619e+04
2.485610000000000142e+01 3.030572742408547128e+04
2.487519999999999953e+01 2.958159773434944873e+04
2.489430000000000121e+01 2.857188200980465626e+04
2.491339999999999932e+01 2.784989406249367676e+04
2.493250000000000099e+01 2.742133505486826834e+04
2.495159999999999911e+01 2.742671782786024050e+04
2.497070000000000078e+01 2.823363592721924579e+04
2.498979999999999890e+01 2.775843987141731486e+04
2.500890000000000057e+01 2.685222383121646635e+04
2.502799999999999869e+01 2.687521252759777053e+04
2.504710000000000036e+01 2.604679654935004146e+04
2.506619999999999848e+01 2.564301124645740128e+04
2.508530000000000015e+01 2.531309970158303258e+04
2.510439999999999827e+01 2.498610459268201885e+04
2.512359999999999971e+01 2.487222301682202669e+04
2.514270000000000138e+01 2.483410229644779974e+04
2.516179999999999950e+01 2.480234545232282471e+04
2.518090000000000117e+01 2.363917324858052598e+04
2.519999999999999929e+01 2.282406694320206225e+04
2.521910000000000096e+01 2.313491458414009321e+04
2.523819999999999908e+01 2.352319228160539569e+04
2.525730000000000075e+01 2.286286023650051720e+04
2.527639999999999887e+01 2.269038559448570231e+04
2.529550000000000054e+01 2.258986427016560629e+04
2.531459999999999866e+01 2.228439780312952644e+04
2.533370000000000033e+01 2.163018765585039728e+04
2.535279999999999845e+01 2.111317554720297267e+04
2.537190000000000012e+01 2.073525679332553773e+04
2.539099999999999824e+01 2.070571923933735525e+04
2.541009999999999991e+01 2.081473741992783107e+04
2.542920000000000158e+01 2.106652383750237277e+04
2.544829999999999970e+01 2.076526005829198039e+04
2.546750000000000114e+01 2.074066147232738876e+04
2.548659999999999926e+01 2.064912984001621953e+04
2.550570000000000093e+01 2.055917351394300567e+04
2.552479999999999905e+01 2.033121514937873872e+04
2.554390000000000072e+01 2.017303493169337162e+04
2.556299999999999883e+01 1.974140473450960781e+04
2.558210000000000051e+01 1.958336626209325550e+04
2.560119999999999862e+01 1.915267636555985882e+04
2.562030000000000030e+01 1.913298025812955166e+04
2.563939999999999841e+01 1.849913698538155222e+04
2.565850000000000009e+01 1.806953503784595523e+04
2.567760000000000176e+01 1.791198518497641271e+04
2.569669999999999987e+01 1.768727512601294438e+04
2.571580000000000155e+01 1.766725359568393833e+04
2.573489999999999966e+01 1.785078399142972557e+04
2.575400000000000134e+01 1.830858033814170631e+04
2.577309999999999945e+01 1.856411768010222659e+04
2.579220000000000113e+01 1.875420970812438463e+04
2.581129999999999924e+01 1.867339600411468928e+04
2.583050000000000068e+01 1.852346674909042849e+04
2.584959999999999880e+01 1.830716443289414747e+04
2.586870000000000047e+01 1.836190080029215096e+04
2.588779999999999859e+01 1.787697333512520709e+04
2.590690000000000026e+01 1.772990858927447334e+04
2.592599999999999838e+01 1.717766120028234945e+04
2.594510000000000005e+01 1.669264105726060734e+04
2.596420000000000172e+01 1.634181079108243830e+04
2.598329999999999984e+01 1.619407801432810083e+04
2.600240000000000151e+01 1.631563027101281659e+04
2.602149999999999963e+01 1.570064967750876349e+04
2.604060000000000130e+01 1.548686642678407952e+04
2.605969999999999942e+01 1.527210335325548476e+04
2.607880000000000109e+01 1.539492095817013615e+04
2.609789999999999921e+01 1.531740316749838712e+04
2.611700000000000088e+01 1.524063533858022129e+04
2.613609999999999900e+01 1.503042547310100599e+04
2.615520000000000067e+01 1.448630858578750485e+04
2.617429999999999879e+01 1.414187956243840563e+04
2.619350000000000023e+01 1.386428391923169511e+04
2.621259999999999835e+01 1.371964837049168455e+04
2.623170000000000002e+01 1.364252849020735630e+04
2.625080000000000169e+01 1.349992281785063096e+04
2.626989999999999981e+01 1.349003976589223748e+04
2.628900000000000148e+01 1.341470390744403994e+04
2.630809999999999960e+01 1.333813186330647113e+04
2.632720000000000127e+01 1.339527986861062709e+04
2.634629999999999939e+01 1.351805970823057578e+04
2.636540000000000106e+01 1.370887745695420017e+04
2.638449999999999918e+01 1.396756902871636157e+04
2.640360000000000085e+01 1.309901337658974626e+04
2.642269999999999897e+01 1.328713087105546037e+04
2.644180000000000064e+01 1.341018984940425253e+04
2.646089999999999876e+01 1.366635792937422411e+04
2.648000000000000043e+01 1.392250277425140121e+04
2.649909999999999854e+01 1.411440273907143273e+04
2.651820000000000022e+01 1.417487460112010558e+04
2.653740000000000165e+01 1.390531281503244281e+04
2.655649999999999977e+01 1.383256694479018188e+04
2.657560000000000144e+01 1.356330690904016228e+04
2.659469999999999956e+01 1.342344431353457003e+04
2.661380000000000123e+01 1.341584373782376679e+04
2.663289999999999935e+01 1.340832173255711859e+04
2.665200000000000102e+01 1.353267994903584622e+04
2.667109999999999914e+01 1.378864008182496764e+04
2.669020000000000081e+01 1.384812936577282198e+04
2.670929999999999893e+01 1.397324596209571428e+04
2.672840000000000060e+01 1.409817986327903600e+04
2.674749999999999872e+01 1.422344873361677310e+04
2.676660000000000039e+01 1.448031145997629756e+04
2.678569999999999851e+01 1.441002984595852467e+04
2.680480000000000018e+01 1.394514516881808413e+04
2.682389999999999830e+01 1.406805018050082981e+04
2.684299999999999997e+01 1.445370426956436859e+04
2.686210000000000164e+01 1.516633015326538589e+04
2.688119999999999976e+01 1.594827095302830276e+04
2.690040000000000120e+01 1.634003371960130062e+04
2.691949999999999932e+01 1.575106170203479087e+04
2.693860000000000099e+01 1.542040685623744503e+04
2.695769999999999911e+01 1.508825604444810779e+04
2.697680000000000078e+01 1.514778029974795027e+04
2.699589999999999890e+01 1.546933313405201625e+04
2.701500000000000057e+01 1.540075182119388046e+04
2.703409999999999869e+01 1.526680228880248069e+04
2.705320000000000036e+01 1.519743493875436252e+04
2.707229999999999848e+01 1.545411375757312089e+04
2.709140000000000015e+01 1.577887755646239566e+04
2.711049999999999827e+01 1.551681412669591919e+04
2.712959999999999994e+01 1.499146945349227462e+04
2.714870000000000161e+01 1.479189142383037506e+04
2.716779999999999973e+01 1.472154644201288465e+04
2.718690000000000140e+01 1.510932078282225666e+04
2.720599999999999952e+01 1.510913617412849817e+04
2.722510000000000119e+01 1.425992909451581909e+04
2.724419999999999931e+01 1.445081938875666856e+04
2.726340000000000074e+01 1.444859800704743793e+04
2.728249999999999886e+01 1.405681517872110999e+04
2.730160000000000053e+01 1.385837783441211832e+04
2.732069999999999865e+01 1.353000202609776898e+04
2.733980000000000032e+01 1.326681183630455598e+04
2.735889999999999844e+01 1.300372466038002858e+04
2.737800000000000011e+01 1.280485221210401505e+04
2.739709999999999823e+01 1.247614484608016028e+04
2.741619999999999990e+01 1.247214572581146240e+04
2.743530000000000157e+01 1.246902146058287508e+04
2.745439999999999969e+01 1.240091341806137643e+04
2.747350000000000136e+01 1.265798839188808961e+04
2.749259999999999948e+01 1.246054569239264856e+04
2.751170000000000115e+01 1.252271185736188454e+04
2.753079999999999927e+01 1.265061249287078499e+04
2.754990000000000094e+01 1.284359111222321189e+04
2.756899999999999906e+01 1.303800072188889135e+04
2.758810000000000073e+01 1.271352521193541725e+04
2.760729999999999862e+01 1.238786663804294403e+04
2.762640000000000029e+01 1.219234630392672989e+04
2.764549999999999841e+01 1.219143617882889521e+04
2.766460000000000008e+01 1.167171575328889594e+04
2.768370000000000175e+01 1.134698209889954887e+04
2.770279999999999987e+01 1.089233412953378865e+04
2.772190000000000154e+01 1.017713927875411719e+04
2.774099999999999966e+01 9.720787314424780561e+03
2.776010000000000133e+01 9.264393902793861344e+03
2.777919999999999945e+01 9.002337207188975299e+03
2.779830000000000112e+01 8.935226861132927297e+03
2.781739999999999924e+01 8.932922023390170580e+03
2.783650000000000091e+01 9.060902892325173525e+03
2.785559999999999903e+01 8.800349617559599210e+03
2.787470000000000070e+01 8.863296283253272122e+03
2.789379999999999882e+01 8.926536307197951828e+03
2.791290000000000049e+01 8.796039061049661541e+03
2.793199999999999861e+01 8.730479873233771286e+03
2.795110000000000028e+01 8.406035715688429264e+03
2.797030000000000172e+01 8.080956125755521498e+03
2.798939999999999984e+01 8.015007042018582979e+03
2.800850000000000151e+01 8.012974423836126334e+03
2.802759999999999962e+01 8.140672481348905421e+03
2.804670000000000130e+01 8.333428308664726501e+03
2.806579999999999941e+01 8.527492271618479208e+03
2.808490000000000109e+01 8.074835391757344951e+03
2.810399999999999920e+01 8.138327397783587912e+03
2.812310000000000088e+01 7.879514763923608371e+03
2.814219999999999899e+01 7.684845262092138000e+03
2.816130000000000067e+01 7.490716547437387817e+03
2.818039999999999878e+01 7.296151951308616844e+03
2.819950000000000045e+01 7.037049127198333736e+03
2.821859999999999857e+01 6.842390983260101166e+03
2.823770000000000024e+01 6.711888469370332132e+03
2.825679999999999836e+01 6.904486567999391809e+03
2.827590000000000003e+01 7.097752818566647875e+03
2.829500000000000171e+01 7.420620812420577749e+03
2.831409999999999982e+01 7.550979100369834669e+03
2.833330000000000126e+01 6.648158619536839069e+03
2.835239999999999938e+01 6.002433363188597468e+03
2.837150000000000105e+01 5.485140669519992116e+03
2.839059999999999917e+01 5.161753330379714498e+03
2.840970000000000084e+01 4.967507643921268937e+03
2.842879999999999896e+01 4.708987359521756844e+03
2.844790000000000063e+01 4.321503541109320395e+03
2.846699999999999875e+01 3.933619848768918018e+03
2.848610000000000042e+01 3.739552463534083017e+03
2.850519999999999854e+01 3.609892876742761018e+03
2.852430000000000021e+01 3.480445721663869335e+03
2.854339999999999833e+01 3.286305185565078773e+03
2.856250000000000000e+01 3.221308583131480191e+03
2.858160000000000167e+01 3.091980892919669259e+03
2.860069999999999979e+01 3.155703390905766810e+03
2.861980000000000146e+01 3.284010480701964752e+03
2.863889999999999958e+01 3.476721916609928940e+03
2.865800000000000125e+01 3.605272423835642712e+03
2.867719999999999914e+01 3.540748282744952576e+03
2.869630000000000081e+01 3.540436238232827236e+03
2.871539999999999893e+01 3.604590702348617924e+03
2.873450000000000060e+01 3.604292019124258786e+03
2.875359999999999872e+01 3.732829195149950920e+03
2.877270000000000039e+01 3.603984384698430858e+03
2.879179999999999851e+01 3.539486487568973189e+03
2.881090000000000018e+01 3.410454114821101030e+03
2.882999999999999829e+01 3.410140575175562390e+03
2.884909999999999997e+01 3.860527768563104928e+03
2.886820000000000164e+01 3.410142164225515899e+03
2.888729999999999976e+01 3.216906410588700965e+03
2.890640000000000143e+01 3.152240595721634236e+03
2.892549999999999955e+01 3.152085689868803001e+03
2.894460000000000122e+01 3.151709829962282583e+03
2.896369999999999933e+01 3.087003983548418546e+03
2.898280000000000101e+01 3.215434943301302610e+03
2.900189999999999912e+01 3.343898579066270486e+03
2.902100000000000080e+01 3.343880060395374585e+03
2.904019999999999868e+01 3.215076437756428732e+03
2.905930000000000035e+01 3.279150779708504615e+03
2.907839999999999847e+01 3.343239673580460931e+03
2.909750000000000014e+01 3.600378222494617603e+03
2.911659999999999826e+01 3.407326647193429380e+03
2.913569999999999993e+01 3.471423524409676247e+03
2.915480000000000160e+01 3.471232759356372753e+03
2.917389999999999972e+01 3.471142235566787804e+03
2.919300000000000139e+01 3.792392198702435053e+03
2.921209999999999951e+01 3.792515304741148157e+03
2.923120000000000118e+01 3.728250919268601137e+03
2.925029999999999930e+01 3.792650764909681584e+03
2.926940000000000097e+01 3.728229472803267981e+03
2.928849999999999909e+01 3.663905410570515869e+03
2.930760000000000076e+01 3.599493837946816257e+03
2.932669999999999888e+01 3.663740085490696856e+03
2.934580000000000055e+01 3.727925590192216532e+03
2.936489999999999867e+01 3.663722326531682029e+03
2.938400000000000034e+01 3.535146830872519786e+03
2.940319999999999823e+01 3.599117206945660655e+03
2.942229999999999990e+01 3.727529201070393810e+03
2.944140000000000157e+01 3.920428223683089072e+03
2.946049999999999969e+01 4.049164630501645661e+03
2.947960000000000136e+01 3.984875873500930084e+03
2.949869999999999948e+01 3.985022717651937910e+03
2.951780000000000115e+01 3.856501557532277275e+03
2.953689999999999927e+01 3.920576424774704265e+03
2.955600000000000094e+01 3.856172615149946068e+03
2.957509999999999906e+01 3.791847522668199872e+03
2.959420000000000073e+01 3.856170417490255204e+03
2.961329999999999885e+01 3.856110714932584870e+03
2.963240000000000052e+01 3.855952413728894044e+03
2.965149999999999864e+01 3.855876043172588197e+03
2.967060000000000031e+01 3.920158279995199791e+03
2.968969999999999843e+01 3.984087381899146294e+03
2.970880000000000010e+01 4.048381143987632186e+03
2.972790000000000177e+01 4.241099484926872719e+03
2.974709999999999965e+01 4.305369609390553705e+03
2.976620000000000132e+01 4.240971869816905382e+03
2.978529999999999944e+01 4.304930665809821221e+03
2.980440000000000111e+01 4.304775248434643800e+03
2.982349999999999923e+01 4.368978140298314429e+03
2.984260000000000090e+01 4.433051923861529758e+03
2.986169999999999902e+01 4.432443874670109835e+03
2.988080000000000069e+01 4.560629462822468668e+03
2.989989999999999881e+01 4.688343959413197808e+03
2.991900000000000048e+01 4.687910926770705373e+03
2.993809999999999860e+01 4.687361268684874631e+03
2.995720000000000027e+01 4.814403306343187978e+03
2.997629999999999839e+01 4.877153815209059758e+03
2.999540000000000006e+01 5.387878750547114578e+03
3.001450000000000173e+01 6.410712259489267126e+03
3.003359999999999985e+01 7.497830825043379264e+03
3.005270000000000152e+01 9.163119876844970349e+03
3.007179999999999964e+01 1.006046525801967437e+04
3.009090000000000131e+01 1.108694562327210770e+04
3.011009999999999920e+01 1.205034618444408079e+04
3.012920000000000087e+01 1.275764723564126507e+04
3.014829999999999899e+01 1.340134708430733735e+04
3.016740000000000066e+01 1.436671175429524919e+04
3.018649999999999878e+01 1.468989603729308328e+04
3.020560000000000045e+01 1.526917102818111925e+04
3.022469999999999857e+01 1.610578889582635566e+04
3.024380000000000024e+01 1.681488056585858430e+04
3.026289999999999836e+01 1.758886937352836685e+04
3.028200000000000003e+01 1.836412210504366158e+04
3.030110000000000170e+01 1.920347246922940758e+04
3.032019999999999982e+01 2.036609574278979926e+04
3.033930000000000149e+01 2.101708611177606508e+04
3.035839999999999961e+01 2.205541455035134641e+04
3.037750000000000128e+01 2.271046424676296374e+04
3.039659999999999940e+01 2.323626906711334595e+04
3.041570000000000107e+01 2.395624446985822215e+04
3.043479999999999919e+01 2.455030434078880353e+04
3.045400000000000063e+01 2.514633179079295587e+04
3.047309999999999874e+01 2.529220491739339195e+04
3.049220000000000041e+01 2.550079618304980613e+04
3.051129999999999853e+01 2.564427089656504904e+04
3.053040000000000020e+01 2.591827433807348643e+04
3.054949999999999832e+01 2.619499270652394625e+04
3.056859999999999999e+01 2.595542090702258793e+04
3.058770000000000167e+01 2.538813714679617624e+04
3.060679999999999978e+01 2.462209172656951705e+04
3.062590000000000146e+01 2.397797674838899911e+04
3.064499999999999957e+01 2.404642989304880030e+04
3.066410000000000124e+01 2.444405660510236703e+04
3.068319999999999936e+01 2.484559929349386948e+04
3.070230000000000103e+01 2.512063747233114555e+04
3.072139999999999915e+01 2.481595087573933415e+04
3.074050000000000082e+01 2.366449600239391657e+04
3.075959999999999894e+01 2.152202667257868234e+04
3.077870000000000061e+01 2.080964032478370427e+04
3.079779999999999873e+01 1.931984133645420661e+04
3.081700000000000017e+01 1.781923464960906858e+04
3.083609999999999829e+01 1.827172318386544430e+04
3.085519999999999996e+01 1.736381879828478850e+04
3.087430000000000163e+01 1.703888458268937757e+04
3.089339999999999975e+01 1.684433496432902393e+04
3.091250000000000142e+01 1.645561750973358357e+04
3.093159999999999954e+01 1.613156866251960491e+04
3.095070000000000121e+01 1.580707976754704760e+04
3.096979999999999933e+01 1.580883160078295623e+04
3.098890000000000100e+01 1.607398191951378794e+04
3.100799999999999912e+01 1.568965644904036344e+04
3.102710000000000079e+01 1.484440296737468634e+04
3.104619999999999891e+01 1.341249068875164630e+04
3.106530000000000058e+01 1.191787558169704607e+04
3.108439999999999870e+01 1.042149681924601646e+04
3.110350000000000037e+01 9.248299737773128072e+03
3.112259999999999849e+01 8.529462784331597504e+03
3.114170000000000016e+01 7.616866174587336900e+03
3.116079999999999828e+01 6.508717793883824015e+03
3.117999999999999972e+01 5.595976213563561942e+03
3.119910000000000139e+01 4.748536595414215299e+03
3.121819999999999951e+01 4.161965570401164769e+03
3.123730000000000118e+01 3.770683443060565423e+03
3.125639999999999930e+01 3.639302282868361999e+03
3.127550000000000097e+01 3.573110247031635026e+03
3.129459999999999908e+01 3.571876705603210667e+03
3.131370000000000076e+01 3.765373679817193533e+03
3.133279999999999887e+01 3.829301478952645539e+03
3.135190000000000055e+01 3.893045193559044037e+03
3.137099999999999866e+01 3.957004381949095205e+03
3.139010000000000034e+01 3.955760688474410927e+03
3.140919999999999845e+01 3.889373941954880593e+03
3.142830000000000013e+01 3.887582185537754867e+03
3.144739999999999824e+01 3.950532982556209390e+03
3.146649999999999991e+01 4.595969890978783042e+03
3.148560000000000159e+01 4.981700160216682889e+03
3.150469999999999970e+01 5.753487342581324810e+03
3.152390000000000114e+01 8.076117351181702361e+03
3.154299999999999926e+01 9.687693270364832642e+03
3.156210000000000093e+01 1.155532122588058155e+04
3.158119999999999905e+01 1.477544131675336939e+04
3.160030000000000072e+01 1.793597658762678111e+04
3.161939999999999884e+01 2.039213380125075128e+04
3.163850000000000051e+01 2.174879489343126261e+04
3.165759999999999863e+01 2.362248906452542360e+04
3.167670000000000030e+01 2.517862950405613446e+04
3.169579999999999842e+01 2.570118039852864240e+04
3.171490000000000009e+01 2.666843853642290924e+04
3.173400000000000176e+01 2.795887440905525000e+04
3.175309999999999988e+01 2.931375221183085159e+04
3.177220000000000155e+01 3.053937833203391710e+04
3.179129999999999967e+01 3.169824338876123147e+04
3.181040000000000134e+01 3.291829847944145149e+04
3.182949999999999946e+01 3.432747252646804554e+04
3.184860000000000113e+01 3.631323098229400784e+04
3.186769999999999925e+01 3.900590325360753195e+04
3.188690000000000069e+01 4.338553668175530038e+04
3.190599999999999881e+01 4.635135205765462160e+04
3.192510000000000048e+01 4.956474812491348712e+04
3.194419999999999860e+01 5.550104542420461075e+04
3.196330000000000027e+01 5.902415946973559767e+04
3.198239999999999839e+01 6.183396873510858131e+04
3.200150000000000006e+01 6.495256661114995222e+04
3.202060000000000173e+01 6.963082388614519732e+04
3.203970000000000340e+01 7.440166777911981626e+04
3.205879999999999797e+01 7.790232454444255563e+04
3.207789999999999964e+01 8.270081571595151036e+04
3.209700000000000131e+01 8.765779985797153495e+04
3.211610000000000298e+01 9.330647295635163027e+04
3.213519999999999754e+01 9.862378490039434109e+04
3.215429999999999922e+01 1.044841391743637942e+05
3.217340000000000089e+01 1.076267689880039688e+05
3.219250000000000256e+01 1.073060741937364946e+05
3.221159999999999712e+01 1.064195980730734300e+05
3.223069999999999879e+01 1.043558309832179948e+05
3.224989999999999668e+01 9.851997965827015287e+04
3.226899999999999835e+01 9.409086046575143700e+04
3.228810000000000002e+01 9.107194122268597130e+04
3.230720000000000169e+01 8.917192899712089275e+04
3.232630000000000337e+01 8.754027907365653664e+04
3.234539999999999793e+01 8.552276638696280133e+04
3.236449999999999960e+01 8.297257020420288609e+04
3.238360000000000127e+01 7.960577974673623976e+04
3.240270000000000294e+01 7.635952240255306242e+04
3.242179999999999751e+01 7.013121103090194811e+04
3.244089999999999918e+01 6.282525788225340511e+04
3.246000000000000085e+01 6.173992668697618501e+04
3.247910000000000252e+01 5.726949197055253899e+04
3.249819999999999709e+01 5.045961542854566505e+04
3.251729999999999876e+01 5.029873327219872590e+04
3.253640000000000043e+01 5.223741444510153815e+04
3.255550000000000210e+01 5.353753747269263840e+04
3.257459999999999667e+01 5.417458412880970718e+04
3.259380000000000166e+01 5.593852976274814137e+04
3.261290000000000333e+01 6.019274703880463494e+04
3.263199999999999790e+01 5.935248746200801543e+04
3.265109999999999957e+01 5.931898754322598688e+04
3.267020000000000124e+01 6.354614871958550066e+04
3.268930000000000291e+01 6.633470635041104106e+04
3.270839999999999748e+01 7.106735247962335416e+04
3.272749999999999915e+01 7.706585766454871919e+04
3.274660000000000082e+01 7.925809330003318610e+04
3.276570000000000249e+01 8.145996363914223912e+04
3.278479999999999706e+01 8.291242052190580580e+04
3.280389999999999873e+01 7.858809528223655070e+04
3.282300000000000040e+01 7.518550750533757673e+04
3.284210000000000207e+01 7.329435071464801149e+04
3.286119999999999663e+01 7.091349088377786393e+04
3.288029999999999831e+01 6.951116316351860587e+04
3.289939999999999998e+01 6.999500281281395291e+04
3.291850000000000165e+01 7.049913513824029360e+04
3.293760000000000332e+01 7.094609337603005406e+04
3.295680000000000121e+01 7.106894623192973086e+04
3.297590000000000288e+01 7.092440655463062285e+04
3.299499999999999744e+01 7.106283026228660310e+04
3.301409999999999911e+01 6.896414133064863563e+04
3.303320000000000078e+01 6.792352046069769131e+04
3.305230000000000246e+01 6.695518738683358242e+04
3.307139999999999702e+01 6.578073898906674003e+04
3.309049999999999869e+01 6.474447177318458125e+04
3.310960000000000036e+01 6.220872233693101589e+04
3.312870000000000203e+01 5.903681995336856926e+04
3.314779999999999660e+01 5.753789906391550176e+04
3.316689999999999827e+01 5.672217307581989007e+04
3.318599999999999994e+01 5.338020055460641743e+04
3.320510000000000161e+01 5.400912084566531848e+04
3.322420000000000329e+01 5.621913943874739925e+04
3.324329999999999785e+01 5.682060236270065070e+04
3.326239999999999952e+01 5.877642846782379638e+04
3.328150000000000119e+01 6.061212431687258504e+04
3.330060000000000286e+01 6.198263152892168728e+04
3.331980000000000075e+01 6.342825273009249941e+04
3.333890000000000242e+01 6.459714936007859797e+04
3.335799999999999699e+01 6.897426205818470044e+04
3.337709999999999866e+01 7.249448520466977789e+04
3.339620000000000033e+01 6.585213783772579336e+04
3.341530000000000200e+01 6.709931244173723098e+04
3.343439999999999657e+01 6.682351764813020418e+04
3.345349999999999824e+01 6.296933932018603809e+04
3.347259999999999991e+01 6.212528923844225938e+04
3.349170000000000158e+01 6.386375077962138312e+04
3.351080000000000325e+01 6.705508493194285256e+04
3.352989999999999782e+01 7.130197703282602015e+04
3.354899999999999949e+01 7.649680643194958975e+04
3.356810000000000116e+01 7.930498505278298398e+04
3.358720000000000283e+01 8.009445372441021027e+04
3.360629999999999740e+01 7.876567779182342929e+04
3.362539999999999907e+01 7.499809037682847702e+04
3.364450000000000074e+01 7.159637370703411580e+04
3.366369999999999862e+01 6.725661899768553849e+04
3.368280000000000030e+01 6.453703881844817079e+04
3.370190000000000197e+01 6.236047644770707120e+04
3.372099999999999653e+01 6.080135853477793717e+04
3.374009999999999820e+01 5.980124336015642621e+04
3.375919999999999987e+01 5.727777449941510713e+04
3.377830000000000155e+01 5.646135982000244985e+04
3.379740000000000322e+01 6.066776299553312128e+04
3.381649999999999778e+01 5.641919818373487942e+04
3.383559999999999945e+01 5.141922767057413148e+04
3.385470000000000113e+01 4.674229329255279299e+04
3.387380000000000280e+01 4.281849647380472015e+04
3.389289999999999736e+01 3.546318468436544936e+04
3.391199999999999903e+01 3.189652440706596462e+04
3.393110000000000070e+01 3.034061450920364587e+04
3.395020000000000238e+01 3.003259318723889373e+04
3.396929999999999694e+01 3.221842099581655930e+04
3.398839999999999861e+01 3.483349247425395151e+04
3.400750000000000028e+01 3.837996142411053734e+04
3.402669999999999817e+01 3.773998750011635275e+04
3.404579999999999984e+01 3.306198102132121130e+04
3.406490000000000151e+01 3.008643621638822879e+04
3.408400000000000318e+01 2.932185102257749531e+04
3.410309999999999775e+01 2.738519416110441671e+04
3.412219999999999942e+01 2.565271720331112738e+04
3.414130000000000109e+01 2.475195623497459383e+04
3.416040000000000276e+01 2.371322158536268034e+04
3.417949999999999733e+01 2.225820896092297335e+04
3.419859999999999900e+01 2.114562372517597760e+04
3.421770000000000067e+01 2.072519682045305308e+04
3.423680000000000234e+01 2.016727777959790183e+04
3.425589999999999691e+01 1.974652940525816666e+04
3.427499999999999858e+01 1.953270708815561375e+04
3.429410000000000025e+01 1.973198231255720020e+04
3.431320000000000192e+01 2.034521046355393264e+04
3.433229999999999649e+01 2.164842630427628683e+04
3.435139999999999816e+01 2.378301012423493739e+04
3.437049999999999983e+01 2.564788448209568742e+04
3.438969999999999771e+01 2.765853449431924673e+04
3.440879999999999939e+01 2.843448458202231632e+04
3.442790000000000106e+01 2.879671719174964164e+04
3.444700000000000273e+01 2.735774840002263591e+04
3.446609999999999729e+01 2.715406676403033271e+04
3.448519999999999897e+01 2.576899584740282808e+04
3.450430000000000064e+01 2.631059496429843421e+04
3.452340000000000231e+01 2.906864760993203890e+04
3.454249999999999687e+01 3.149461889694188358e+04
3.456159999999999854e+01 3.358374930515782034e+04
3.458070000000000022e+01 3.665549765279977146e+04
3.459980000000000189e+01 3.809197914981249050e+04
3.461889999999999645e+01 3.543253534501186368e+04
3.463799999999999812e+01 3.434776989800415322e+04
3.465709999999999980e+01 3.235634481661514656e+04
3.467620000000000147e+01 2.902958725111166132e+04
3.469530000000000314e+01 2.805204148733180409e+04
3.471439999999999770e+01 2.846969126900630363e+04
3.473360000000000269e+01 2.805757495404505971e+04
3.475269999999999726e+01 2.750558920469952500e+04
3.477179999999999893e+01 2.715942117088499435e+04
3.479090000000000060e+01 2.702131573715415652e+04
3.481000000000000227e+01 2.660067670671173255e+04
3.482909999999999684e+01 2.861248353225447136e+04
3.484819999999999851e+01 3.133574356646321758e+04
3.486730000000000018e+01 3.219500519074939075e+04
3.488640000000000185e+01 3.208201829299320161e+04
3.490550000000000352e+01 3.246006789736760038e+04
3.492459999999999809e+01 2.976791105801317099e+04
3.494369999999999976e+01 2.573312662498877398e+04
3.496280000000000143e+01 2.307689606718653522e+04
3.498190000000000310e+01 2.188168813203749596e+04
3.500099999999999767e+01 2.054499109746344402e+04
3.502009999999999934e+01 2.073640807059539657e+04
3.503920000000000101e+01 2.245592087168934449e+04
3.505830000000000268e+01 2.800497003511149160e+04
3.507739999999999725e+01 3.392818800890396960e+04
3.509660000000000224e+01 3.737646127986303327e+04
3.511569999999999681e+01 3.937529889086768526e+04
3.513479999999999848e+01 4.124525380886180210e+04
3.515390000000000015e+01 4.047321044747760607e+04
3.517300000000000182e+01 3.723697064356334158e+04
3.519210000000000349e+01 3.312570707305921678e+04
3.521119999999999806e+01 3.110022888287779642e+04
3.523029999999999973e+01 2.970322892410655550e+04
3.524940000000000140e+01 2.830330266327727077e+04
3.526850000000000307e+01 2.725027860007192430e+04
3.528759999999999764e+01 2.795110054802843297e+04
3.530669999999999931e+01 2.830952751386473028e+04
3.532580000000000098e+01 2.733642331442312206e+04
3.534490000000000265e+01 2.663819703493582711e+04
3.536399999999999721e+01 2.671225957703226959e+04
3.538309999999999889e+01 2.573401707706178422e+04
3.540220000000000056e+01 2.517286667601883164e+04
3.542130000000000223e+01 2.467948965329937710e+04
3.544050000000000011e+01 2.446388769049702023e+04
3.545960000000000178e+01 2.459483746178539877e+04
3.547870000000000346e+01 2.521065945079231824e+04
3.549779999999999802e+01 2.975039325404647025e+04
3.551689999999999969e+01 3.529670436216207600e+04
3.553600000000000136e+01 3.792320912502310966e+04
3.555510000000000304e+01 4.013491295713346335e+04
3.557419999999999760e+01 4.356048376410436322e+04
3.559329999999999927e+01 4.157883283860195661e+04
3.561240000000000094e+01 4.189253627786431753e+04
3.563150000000000261e+01 4.768887054390232515e+04
3.565059999999999718e+01 3.426066326089025097e+04
3.566969999999999885e+01 3.566438103515841067e+04
3.568880000000000052e+01 3.426854718802462594e+04
3.570790000000000219e+01 3.173453798810070657e+04
3.572699999999999676e+01 3.046483037350418817e+04
3.574609999999999843e+01 2.898022555056502461e+04
3.576520000000000010e+01 2.784529794054053127e+04
3.578430000000000177e+01 2.734036332678406325e+04
3.580349999999999966e+01 2.937869093795912340e+04
3.582260000000000133e+01 3.462226211281216820e+04
3.584170000000000300e+01 3.373895199775469518e+04
3.586079999999999757e+01 3.390315456846169400e+04
3.587989999999999924e+01 3.371549827383871161e+04
3.589900000000000091e+01 3.239295746980262629e+04
3.591810000000000258e+01 2.963898778091387067e+04
3.593719999999999715e+01 2.850539921883294301e+04
3.595629999999999882e+01 2.793847412349299339e+04
3.597540000000000049e+01 2.743914612813874191e+04
3.599450000000000216e+01 2.785981287332778811e+04
3.601359999999999673e+01 3.041293265657675875e+04
3.603269999999999840e+01 3.298375470360700274e+04
3.605180000000000007e+01 3.378913815807857463e+04
3.607090000000000174e+01 3.431290123073339782e+04
3.609000000000000341e+01 3.398129704692470114e+04
3.610909999999999798e+01 3.400556421354375925e+04
3.612819999999999965e+01 3.353184444242416794e+04
3.614730000000000132e+01 3.212599932974343028e+04
3.616649999999999920e+01 3.221513024489488816e+04
3.618560000000000088e+01 3.087860173207046682e+04
3.620470000000000255e+01 3.018075213308440289e+04
3.622379999999999711e+01 2.905199568544737122e+04
3.624289999999999878e+01 2.813572658493687049e+04
3.626200000000000045e+01 2.707643752771037180e+04
3.628110000000000213e+01 2.586862213703119414e+04
3.630019999999999669e+01 2.623780468298328924e+04
3.631929999999999836e+01 2.511071038996642164e+04
3.633840000000000003e+01 2.175688170974925742e+04
3.635750000000000171e+01 1.939407886679164221e+04
3.637660000000000338e+01 1.875054966238847192e+04
3.639569999999999794e+01 1.609944253241410479e+04
3.641479999999999961e+01 1.566267387599167705e+04
3.643390000000000128e+01 1.651683512750053706e+04
3.645300000000000296e+01 1.694373131692973766e+04
3.647209999999999752e+01 1.758643469411810293e+04
3.649119999999999919e+01 1.808581630716933068e+04
3.651039999999999708e+01 1.951522741656157814e+04
3.652949999999999875e+01 2.137740527921877583e+04
3.654860000000000042e+01 2.209843631494549845e+04
3.656770000000000209e+01 2.310137318532563586e+04
3.658679999999999666e+01 2.711552433814970209e+04
3.660589999999999833e+01 3.036769841836673368e+04
3.662500000000000000e+01 3.069472976881146315e+04
3.664410000000000167e+01 2.986735084462244413e+04
3.666320000000000334e+01 2.896165659439030787e+04
3.668229999999999791e+01 2.690221795853402000e+04
3.670139999999999958e+01 2.418406543303861690e+04
3.672050000000000125e+01 2.181785272356455607e+04
3.673960000000000292e+01 1.958929755258999285e+04
3.675869999999999749e+01 1.807860925873814631e+04
3.677779999999999916e+01 1.678333890060342310e+04
3.679690000000000083e+01 1.563127580313081853e+04
3.681600000000000250e+01 1.469425305918613594e+04
3.683509999999999707e+01 1.411748320325538043e+04
3.685419999999999874e+01 1.404550374837955496e+04
3.687339999999999662e+01 1.397394370238463853e+04
3.689249999999999829e+01 1.347046586637908331e+04
3.691159999999999997e+01 1.361432356949541099e+04
3.693070000000000164e+01 1.411920967620525516e+04
3.694980000000000331e+01 1.440870238074266672e+04
3.696889999999999787e+01 1.513128470846692471e+04
3.698799999999999955e+01 1.549553155351138957e+04
3.700710000000000122e+01 1.585915198053772656e+04
3.702620000000000289e+01 1.629610488985942175e+04
3.704529999999999745e+01 1.666184889245994054e+04
3.706439999999999912e+01 1.673852649561769067e+04
3.708350000000000080e+01 1.674338216971172733e+04
3.710260000000000247e+01 1.696404651131938954e+04
3.712169999999999703e+01 1.696863060818617669e+04
3.714079999999999870e+01 1.689913193227508236e+04
3.715990000000000038e+01 1.726303522916870497e+04
3.717900000000000205e+01 1.806046104818633466e+04
3.719809999999999661e+01 1.900520948871639484e+04
3.721719999999999828e+01 2.053096124310899540e+04
3.723640000000000327e+01 2.148332542622915571e+04
3.725549999999999784e+01 2.186016282179178961e+04
3.727459999999999951e+01 2.173064588526860098e+04
3.729370000000000118e+01 2.043884878852530892e+04
3.731280000000000285e+01 1.914197917009290904e+04
3.733189999999999742e+01 1.784172994851941985e+04
3.735099999999999909e+01 1.690087203328540272e+04
3.737010000000000076e+01 1.646726013457296358e+04
3.738920000000000243e+01 1.610431523607456802e+04
3.740829999999999700e+01 1.646748126977206266e+04
3.742739999999999867e+01 1.719376724482017016e+04
3.744650000000000034e+01 1.792091725909677189e+04
3.746560000000000201e+01 1.944717113602129757e+04
3.748469999999999658e+01 2.192357034968886001e+04
3.750379999999999825e+01 2.346523673341682297e+04
3.752289999999999992e+01 2.399243414477107217e+04
3.754200000000000159e+01 2.452130966489266211e+04
3.756110000000000326e+01 2.417984547253379424e+04
3.758030000000000115e+01 2.201301946747335023e+04
3.759940000000000282e+01 1.976304121240129462e+04
3.761849999999999739e+01 1.757967771832093058e+04
3.763759999999999906e+01 1.604913846253909287e+04
3.765670000000000073e+01 1.429714010008031073e+04
3.767580000000000240e+01 1.422139085436966525e+04
3.769489999999999696e+01 1.465773427175424877e+04
3.771399999999999864e+01 1.545938270167052724e+04
3.773310000000000031e+01 1.662803139816471594e+04
3.775220000000000198e+01 1.765218014352248792e+04
3.777129999999999654e+01 1.919071764796356365e+04
3.779039999999999822e+01 2.029462824560421359e+04
3.780949999999999989e+01 2.132792826133776180e+04
3.782860000000000156e+01 2.207188522787749753e+04
3.784770000000000323e+01 2.259988230173339252e+04
3.786679999999999779e+01 2.225024886754215186e+04
3.788589999999999947e+01 2.145962749840308243e+04
3.790500000000000114e+01 2.037388756519184972e+04
3.792410000000000281e+01 1.869638777854090949e+04
3.794330000000000069e+01 1.738196662671449667e+04
3.796240000000000236e+01 1.591900194491700131e+04
3.798149999999999693e+01 1.489360352816276099e+04
3.800059999999999860e+01 1.408779741105627727e+04
3.801970000000000027e+01 1.372155834868679995e+04
3.803880000000000194e+01 1.364902538486957928e+04
3.805789999999999651e+01 1.357719944118725289e+04
3.807699999999999818e+01 1.372523686478089621e+04
3.809609999999999985e+01 1.394728362144929451e+04
3.811520000000000152e+01 1.424282388937332325e+04
3.813430000000000319e+01 1.490589055649468173e+04
3.815339999999999776e+01 1.571740150861421898e+04
3.817249999999999943e+01 1.645691638288395188e+04
3.819160000000000110e+01 1.712477079838700593e+04
3.821070000000000277e+01 1.757292665773964836e+04
3.822979999999999734e+01 1.816942583382187877e+04
3.824889999999999901e+01 1.832640593510718099e+04
3.826800000000000068e+01 1.759833652541731499e+04
3.828710000000000235e+01 1.738338308916087772e+04
3.830630000000000024e+01 1.709551186025983407e+04
3.832540000000000191e+01 1.643851379910227479e+04
3.834449999999999648e+01 1.577930421760212630e+04
3.836359999999999815e+01 1.504485413055177742e+04
3.838269999999999982e+01 1.475145772507501715e+04
3.840180000000000149e+01 1.504849821231257920e+04
3.842090000000000316e+01 1.512502134124463919e+04
3.843999999999999773e+01 1.527486726455285680e+04
3.845909999999999940e+01 1.623665118676315433e+04
3.847820000000000107e+01 1.757114470317461382e+04
3.849730000000000274e+01 1.831863476546586389e+04
3.851639999999999731e+01 1.803102151990776110e+04
3.853549999999999898e+01 1.788997120840317439e+04
3.855460000000000065e+01 1.782209615072337328e+04
3.857370000000000232e+01 1.760571243492334906e+04
3.859279999999999688e+01 1.812910834519341734e+04
3.861189999999999856e+01 1.843258381455268318e+04
3.863100000000000023e+01 1.829251442744058295e+04
3.865019999999999811e+01 1.785481711304440614e+04
3.866929999999999978e+01 1.756360565935332852e+04
3.868840000000000146e+01 1.808891365404057069e+04
3.870750000000000313e+01 1.579328192199360637e+04
3.872659999999999769e+01 1.735106242538102742e+04
3.874569999999999936e+01 1.839625427768233203e+04
3.876480000000000103e+01 1.803227599886665485e+04
3.878390000000000271e+01 1.833557337280010688e+04
3.880299999999999727e+01 1.841555550544303333e+04
3.882209999999999894e+01 1.827340656308163307e+04
3.884120000000000061e+01 1.775815184379566199e+04
3.886030000000000229e+01 1.783523512324882540e+04
3.887939999999999685e+01 1.902880797047308442e+04
3.889849999999999852e+01 1.948268652436368211e+04
3.891760000000000019e+01 1.941494322243397983e+04
3.893670000000000186e+01 2.001725732396723834e+04
3.895580000000000354e+01 2.009844488408262259e+04
3.897489999999999810e+01 2.047627057423798396e+04
3.899399999999999977e+01 2.167590220053401208e+04
3.901319999999999766e+01 2.273172724245798963e+04
3.903229999999999933e+01 2.312044716041984429e+04
3.905140000000000100e+01 2.216414655191854035e+04
3.907050000000000267e+01 2.157817368821959826e+04
3.908959999999999724e+01 2.076826591120161902e+04
3.910869999999999891e+01 1.898255018743434266e+04
3.912780000000000058e+01 1.749012652860059097e+04
3.914690000000000225e+01 1.726624309299551896e+04
3.916599999999999682e+01 1.704310019020665277e+04
3.918509999999999849e+01 1.741827937530135750e+04
3.920420000000000016e+01 1.809372126685056355e+04
3.922330000000000183e+01 1.892051456319454883e+04
3.924240000000000350e+01 1.952369075394147876e+04
3.926149999999999807e+01 2.050261030941953140e+04
3.928059999999999974e+01 2.133608642887601673e+04
3.929970000000000141e+01 2.119531644614076868e+04
3.931880000000000308e+01 2.127737599322783353e+04
3.933789999999999765e+01 2.188406437148738769e+04
3.935699999999999932e+01 2.241808763854680001e+04
3.937619999999999720e+01 2.280462948159663574e+04
3.939529999999999887e+01 2.296519896098906975e+04
3.941440000000000055e+01 2.305165469899834716e+04
3.943350000000000222e+01 2.291294578723816085e+04
3.945259999999999678e+01 2.239810810289725850e+04
3.947169999999999845e+01 2.157962645691937723e+04
3.949080000000000013e+01 2.113530583495178507e+04
3.950990000000000180e+01 2.076578198132711623e+04
3.952900000000000347e+01 2.031947276668324776e+04
3.954809999999999803e+01 1.987287701614929756e+04
3.956719999999999970e+01 1.965035661873367280e+04
3.958630000000000138e+01 1.980429377894687059e+04
3.960540000000000305e+01 2.010833063077977204e+04
3.962449999999999761e+01 2.078958511681704476e+04
3.964359999999999928e+01 2.192576517208693622e+04
3.966270000000000095e+01 2.291429566621006234e+04
3.968180000000000263e+01 2.382972550143605986e+04
3.970089999999999719e+01 2.437178808556664080e+04
3.972010000000000218e+01 2.430955122550636224e+04
3.973919999999999675e+01 2.371593834600029004e+04
3.975829999999999842e+01 2.365027768438544808e+04
3.977740000000000009e+01 2.328119604844916103e+04
3.979650000000000176e+01 2.298600814467191594e+04
3.981560000000000343e+01 2.314389641311157902e+04
3.983469999999999800e+01 2.345414086825087725e+04
3.985379999999999967e+01 2.384186683359860399e+04
3.987290000000000134e+01 2.422937901773222256e+04
3.989200000000000301e+01 2.446762033201004670e+04
3.991109999999999758e+01 2.462979011891501068e+04
3.993019999999999925e+01 2.471788247763265463e+04
3.994930000000000092e+01 2.450158538314606994e+04
3.996840000000000259e+01 2.405677739755503717e+04
3.998749999999999716e+01 2.383944869092063163e+04
4.000659999999999883e+01 2.331716251533364994e+04
4.002570000000000050e+01 2.279361048662595567e+04
4.004480000000000217e+01 2.234379355921078240e+04
4.006389999999999674e+01 2.250241543244903369e+04
4.008310000000000173e+01 2.235684479223878952e+04
4.010220000000000340e+01 2.289767637833391564e+04
4.012129999999999797e+01 2.260215619774352308e+04
4.014039999999999964e+01 2.261003963624731114e+04
4.015950000000000131e+01 2.246714824015189151e+04
4.017860000000000298e+01 2.194192220415048359e+04
4.019769999999999754e+01 2.133904525910008306e+04
4.021679999999999922e+01 2.103853902981281499e+04
4.023590000000000089e+01 2.104241450620002070e+04
4.025500000000000256e+01 2.127547246813306992e+04
4.027409999999999712e+01 2.173777370396595870e+04
4.029319999999999879e+01 2.242964979062920975e+04
4.031230000000000047e+01 2.319915998929856505e+04
4.033140000000000214e+01 2.435375184688437730e+04
4.035049999999999670e+01 2.520585254641082793e+04
4.036959999999999837e+01 2.590704461295935835e+04
4.038870000000000005e+01 2.684122232580276614e+04
4.040780000000000172e+01 2.724390782960660363e+04
4.042699999999999960e+01 2.665327134171484431e+04
4.044610000000000127e+01 2.544517583691953405e+04
4.046520000000000294e+01 2.377202660606796780e+04
4.048429999999999751e+01 2.240231566320656566e+04
4.050339999999999918e+01 2.087493169844519434e+04
4.052250000000000085e+01 1.919001859112794409e+04
4.054160000000000252e+01 1.827099131789648527e+04
4.056069999999999709e+01 1.765771949934280929e+04
4.057979999999999876e+01 1.765967345299390945e+04
4.059890000000000043e+01 1.789273620979640327e+04
4.061800000000000210e+01 1.797415728379151915e+04
4.063709999999999667e+01 1.782444353592527477e+04
4.065619999999999834e+01 1.775222212711695101e+04
4.067530000000000001e+01 1.760237865390855586e+04
4.069440000000000168e+01 1.760620920355655835e+04
4.071350000000000335e+01 1.784038708203862188e+04
4.073259999999999792e+01 1.799884053971614776e+04
4.075169999999999959e+01 1.815736855338496753e+04
4.077080000000000126e+01 1.831606337584944777e+04
4.078999999999999915e+01 1.847476957739964200e+04
4.080910000000000082e+01 1.855655503547680564e+04
4.082820000000000249e+01 1.871546987472312685e+04
4.084729999999999706e+01 1.895065738579990648e+04
4.086639999999999873e+01 1.926257945630862741e+04
4.088550000000000040e+01 2.057894759853228243e+04
4.090460000000000207e+01 2.050849319973626189e+04
4.092369999999999663e+01 2.066535019080114944e+04
4.094279999999999831e+01 2.562000181651419916e+04
4.096189999999999998e+01 2.123698523928666327e+04
4.098100000000000165e+01 2.147137489333088524e+04
4.100010000000000332e+01 2.147691422886925648e+04
4.101919999999999789e+01 2.202384207898417662e+04
4.103829999999999956e+01 2.280481158689310178e+04
4.105740000000000123e+01 2.296909032395788745e+04
4.107650000000000290e+01 2.344217029195302166e+04
4.109559999999999746e+01 2.391806760345574003e+04
4.111469999999999914e+01 2.392985112990499692e+04
4.113380000000000081e+01 2.370869996265367445e+04
4.115299999999999869e+01 2.340949279090597338e+04
4.117210000000000036e+01 2.287631687632836110e+04
4.119120000000000203e+01 2.234120072011881348e+04
4.121029999999999660e+01 2.203649616281367707e+04
4.122939999999999827e+01 2.188729120275426249e+04
4.124849999999999994e+01 2.189231269678919853e+04
4.126760000000000161e+01 2.205352965772179232e+04
4.128670000000000329e+01 2.252505511410387044e+04
4.130579999999999785e+01 2.292020226662444475e+04
4.132489999999999952e+01 2.331693094646768077e+04
4.134400000000000119e+01 2.394721507581265541e+04
4.136310000000000286e+01 2.450173973400810428e+04
4.138219999999999743e+01 2.497938886766119322e+04
4.140129999999999910e+01 2.538019947359871003e+04
4.142040000000000077e+01 2.562768924837153827e+04
4.143950000000000244e+01 2.564167005569828325e+04
4.145859999999999701e+01 2.534468409074804003e+04
4.147769999999999868e+01 2.434330077477298619e+04
4.149689999999999657e+01 2.372823400256066816e+04
4.151599999999999824e+01 2.303447334619115645e+04
4.153509999999999991e+01 2.226117132414770822e+04
4.155420000000000158e+01 2.172029266241460573e+04
4.157330000000000325e+01 2.125588878749534706e+04
4.159239999999999782e+01 2.102721351416846665e+04
4.161149999999999949e+01 2.079746102386280836e+04
4.163060000000000116e+01 2.072403542972252762e+04
4.164970000000000283e+01 2.080700319601735464e+04
4.166879999999999740e+01 2.081221251369619858e+04
4.168789999999999907e+01 2.128643258927820716e+04
4.170700000000000074e+01 2.176371809571131234e+04
4.172610000000000241e+01 2.169315652142526233e+04
4.174519999999999698e+01 2.193507232983978975e+04
4.176429999999999865e+01 2.225777309841979877e+04
4.178340000000000032e+01 2.163893561386484362e+04
4.180250000000000199e+01 2.148805864716881842e+04
4.182159999999999656e+01 2.133751595294588333e+04
4.184069999999999823e+01 2.142127817823086298e+04
4.185990000000000322e+01 2.095614690405496003e+04
4.187899999999999778e+01 2.119522456172022430e+04
4.189809999999999945e+01 2.167156691146958838e+04
4.191720000000000113e+01 2.167643986511742332e+04
4.193630000000000280e+01 2.230976845758290801e+04
4.195539999999999736e+01 2.286583650609557299e+04
4.197449999999999903e+01 2.350071686578939625e+04
4.199360000000000070e+01 2.437181160003887271e+04
4.201270000000000238e+01 2.524438123727657876e+04
4.203179999999999694e+01 2.666980821464572000e+04
4.205089999999999861e+01 2.833639606127656953e+04
4.207000000000000028e+01 2.937792599303459065e+04
4.208910000000000196e+01 3.034377030780033601e+04
4.210819999999999652e+01 3.155265338880056515e+04
4.212729999999999819e+01 3.087270340520927493e+04
4.214639999999999986e+01 2.868432557404597173e+04
4.216550000000000153e+01 2.608914810939791278e+04
4.218460000000000321e+01 2.459308602421828618e+04
4.220369999999999777e+01 2.301532866774841023e+04
4.222290000000000276e+01 2.277950311812774089e+04
4.224199999999999733e+01 2.270365924801558504e+04
4.226109999999999900e+01 2.286611589430738240e+04
4.228020000000000067e+01 2.302782227728801081e+04
4.229930000000000234e+01 2.477775176272129102e+04
4.231839999999999691e+01 2.494951792561816910e+04
4.233749999999999858e+01 2.416756162009569744e+04
4.235660000000000025e+01 2.433550367721915609e+04
4.237570000000000192e+01 2.426684503758742721e+04
4.239479999999999649e+01 2.244886706016872995e+04
4.241389999999999816e+01 2.284850133109583476e+04
4.243299999999999983e+01 2.285218295664002289e+04
4.245210000000000150e+01 2.404837279232889705e+04
4.247120000000000317e+01 2.501045404571207109e+04
4.249029999999999774e+01 2.573708124346291879e+04
4.250939999999999941e+01 2.638663781455655771e+04
4.252850000000000108e+01 2.680169360285294533e+04
4.254760000000000275e+01 2.618319199604157984e+04
4.256680000000000064e+01 2.516261225113246837e+04
4.258590000000000231e+01 2.421994804893443143e+04
4.260499999999999687e+01 2.231788289725350842e+04
4.262409999999999854e+01 2.016995121823669979e+04
4.264320000000000022e+01 1.881542200479410531e+04
4.266230000000000189e+01 1.793833750775024600e+04
4.268139999999999645e+01 1.753856474813523164e+04
4.270049999999999812e+01 1.793637302654063387e+04
4.271959999999999980e+01 1.881402081516039834e+04
4.273870000000000147e+01 2.001231197842009351e+04
4.275780000000000314e+01 2.145364840511935472e+04
4.277689999999999770e+01 2.241944049950005501e+04
4.279599999999999937e+01 2.298688175054449312e+04
4.281510000000000105e+01 2.355610868052289516e+04
4.283420000000000272e+01 2.396605048049835023e+04
4.285329999999999728e+01 2.357712793535018500e+04
4.287239999999999895e+01 2.318454510296778972e+04
4.289150000000000063e+01 2.319251573012958397e+04
4.291060000000000230e+01 2.263828377405293941e+04
4.292980000000000018e+01 2.248165899047224957e+04
4.294890000000000185e+01 2.240100687300409481e+04
4.296800000000000352e+01 2.512376228616952358e+04
4.298709999999999809e+01 2.777634097355150152e+04
4.300619999999999976e+01 3.124802179433183846e+04
4.302530000000000143e+01 2.766300696180741579e+04
4.304440000000000310e+01 2.936164565038006913e+04
4.306349999999999767e+01 2.882482843889719152e+04
4.308259999999999934e+01 2.522608188347997566e+04
4.310170000000000101e+01 2.184908310649927080e+04
4.312080000000000268e+01 2.264664784353124924e+04
4.313989999999999725e+01 2.393065352771680409e+04
4.315899999999999892e+01 2.602317896324696267e+04
4.317810000000000059e+01 2.787968700423905102e+04
4.319720000000000226e+01 3.030663364714950512e+04
4.321629999999999683e+01 3.169722197563462760e+04
4.323539999999999850e+01 3.188583959913179933e+04
4.325450000000000017e+01 3.078108951691219045e+04
4.327360000000000184e+01 2.983402537550031047e+04
4.329279999999999973e+01 2.831652958289432354e+04
4.331190000000000140e+01 2.630862416521332125e+04
4.333100000000000307e+01 2.558541532504461429e+04
4.335009999999999764e+01 2.583108496933131028e+04
4.336919999999999931e+01 2.656375540903280489e+04
4.338830000000000098e+01 2.770726686478035481e+04
4.340740000000000265e+01 2.739950488124793264e+04
4.342649999999999721e+01 2.644187365759182649e+04
4.344559999999999889e+01 2.572411998734520239e+04
4.346470000000000056e+01 2.460018213886914236e+04
4.348380000000000223e+01 2.314730679137389598e+04
4.350289999999999679e+01 2.274338866599781613e+04
4.352199999999999847e+01 2.306857366668853865e+04
4.354110000000000014e+01 2.355667074786073135e+04
4.356020000000000181e+01 2.428844913124402592e+04
4.357930000000000348e+01 2.542620012141932602e+04
4.359839999999999804e+01 2.713448903068406798e+04
4.361749999999999972e+01 2.876878723400371746e+04
4.363669999999999760e+01 2.992190806060942487e+04
4.365579999999999927e+01 3.002222350497334628e+04
4.367490000000000094e+01 2.987904621262986984e+04
4.369400000000000261e+01 2.875800451891266857e+04
4.371309999999999718e+01 2.763069507977686226e+04
4.373219999999999885e+01 2.698750547912194816e+04
4.375130000000000052e+01 2.650603695289107782e+04
4.377040000000000219e+01 2.626670800996114849e+04
4.378949999999999676e+01 2.675814087922929320e+04
4.380859999999999843e+01 2.773920953532239582e+04
4.382770000000000010e+01 2.888751444090469158e+04
4.384680000000000177e+01 3.020313439919216398e+04
4.386590000000000344e+01 3.070622797317255754e+04
4.388499999999999801e+01 3.153694850111732012e+04
4.390409999999999968e+01 3.179843063127658752e+04
4.392320000000000135e+01 3.246870166726024399e+04
4.394230000000000302e+01 3.273427098576104981e+04
4.396139999999999759e+01 3.202012193997398936e+04
4.398049999999999926e+01 3.170977352528005213e+04
4.399969999999999715e+01 3.090984554313824628e+04
4.401879999999999882e+01 2.986038868940253815e+04
4.403790000000000049e+01 2.872586902124113112e+04
4.405700000000000216e+01 2.775139168128769961e+04
4.407609999999999673e+01 2.710334490781429849e+04
4.409519999999999840e+01 2.669959584296896355e+04
4.411430000000000007e+01 2.670416055101267193e+04
4.413340000000000174e+01 2.703751339481299874e+04
4.415250000000000341e+01 2.753653653424019649e+04
4.417159999999999798e+01 2.844856553762211115e+04
4.419069999999999965e+01 2.903501015767213539e+04
4.420980000000000132e+01 2.937817487591140161e+04
4.422890000000000299e+01 2.939268874980618784e+04
4.424799999999999756e+01 2.891502749752144155e+04
4.426709999999999923e+01 2.818790990834690092e+04
4.428620000000000090e+01 2.745800083321479542e+04
4.430530000000000257e+01 2.697253360307576440e+04
4.432439999999999714e+01 2.681472818006015223e+04
4.434349999999999881e+01 2.706931067806107967e+04
4.436269999999999669e+01 2.732466222459624987e+04
4.438179999999999836e+01 2.758119552441661290e+04
4.440090000000000003e+01 2.800482345746604915e+04
4.442000000000000171e+01 2.793448797692729931e+04
4.443910000000000338e+01 2.786514958899216799e+04
4.445819999999999794e+01 2.738290930873577599e+04
4.447729999999999961e+01 2.698102683781861560e+04
4.449640000000000128e+01 2.633022488547474859e+04
4.451550000000000296e+01 2.592560215152690580e+04
4.453459999999999752e+01 2.535402434121623810e+04
4.455369999999999919e+01 2.552598037182632470e+04
4.457280000000000086e+01 2.561545956825023677e+04
4.459190000000000254e+01 2.611972434095822973e+04
4.461099999999999710e+01 2.604674688125672765e+04
4.463009999999999877e+01 2.588981060952754706e+04
4.464920000000000044e+01 2.631297297837804581e+04
4.466830000000000211e+01 2.574268271399211881e+04
4.468739999999999668e+01 2.574997877010382581e+04
4.470660000000000167e+01 2.600693983374419622e+04
4.472570000000000334e+01 2.626451785505054795e+04
4.474479999999999791e+01 2.652223699935968034e+04
4.476389999999999958e+01 2.694704886862783678e+04
4.478300000000000125e+01 2.695800785909876868e+04
4.480210000000000292e+01 2.688493302824823695e+04
4.482119999999999749e+01 2.722736304023697085e+04
4.484029999999999916e+01 2.715646796207317311e+04
4.485940000000000083e+01 2.700075700924831835e+04
4.487850000000000250e+01 2.684496342858638309e+04
4.489759999999999707e+01 2.718793659353148905e+04
4.491669999999999874e+01 2.694884449574014798e+04
4.493580000000000041e+01 2.687542939632309935e+04
4.495490000000000208e+01 2.705171032099148215e+04
4.497399999999999665e+01 2.739685610445292332e+04
4.499309999999999832e+01 2.732635794596052074e+04
4.501219999999999999e+01 2.700516836355171472e+04
4.503130000000000166e+01 2.676649518644843556e+04
4.505040000000000333e+01 2.661156345947617592e+04
4.506960000000000122e+01 2.578831124118466687e+04
4.508870000000000289e+01 2.504530831969981591e+04
4.510779999999999745e+01 2.496943534608611662e+04
4.512689999999999912e+01 2.464290036479443370e+04
4.514600000000000080e+01 2.439922255554351432e+04
4.516510000000000247e+01 2.482500818223576061e+04
4.518419999999999703e+01 2.533768012134699893e+04
4.520329999999999870e+01 2.509836568367552536e+04
4.522240000000000038e+01 2.452263715644151671e+04
4.524150000000000205e+01 2.444931335414770001e+04
4.526059999999999661e+01 2.328560218177736897e+04
4.527969999999999828e+01 2.253764792843922987e+04
4.529879999999999995e+01 2.287828747504405328e+04
4.531790000000000163e+01 2.255015748118018382e+04
4.533700000000000330e+01 2.238833012516321105e+04
4.535609999999999786e+01 2.281485415855534302e+04
4.537519999999999953e+01 2.274011072019202766e+04
4.539430000000000121e+01 2.266393733251565209e+04
4.541349999999999909e+01 2.250511665993422866e+04
4.543260000000000076e+01 2.209284318422888828e+04
4.545170000000000243e+01 2.176383821865229402e+04
4.547079999999999700e+01 2.151781422655969072e+04
4.548989999999999867e+01 2.169193781364045935e+04
4.550900000000000034e+01 2.186744945267864750e+04
4.552810000000000201e+01 2.204306500485896322e+04
4.554719999999999658e+01 2.255733267718749630e+04
4.556629999999999825e+01 2.256822276546420107e+04
4.558539999999999992e+01 2.198887360047299808e+04
4.560450000000000159e+01 2.149288312865607804e+04
4.562360000000000326e+01 2.057315001779342492e+04
4.564269999999999783e+01 1.965153097497269482e+04
4.566179999999999950e+01 1.906646922628740504e+04
4.568090000000000117e+01 1.864874031836158611e+04
4.570000000000000284e+01 1.839960682452076435e+04
4.571909999999999741e+01 1.806635579949524254e+04
4.573819999999999908e+01 1.807031738998552464e+04
4.575730000000000075e+01 1.824316075833923242e+04
4.577649999999999864e+01 1.833204776567696172e+04
4.579560000000000031e+01 1.859029683388570629e+04
4.581470000000000198e+01 1.910260797611202725e+04
4.583379999999999654e+01 1.944690572621394676e+04
4.585289999999999822e+01 1.987636175534297581e+04
4.587199999999999989e+01 2.056033608798656132e+04
4.589110000000000156e+01 2.141747230971591853e+04
4.591020000000000323e+01 2.058115463433368859e+04
4.592929999999999779e+01 2.075877934839119916e+04
4.594839999999999947e+01 2.051474212191226252e+04
4.596750000000000114e+01 1.933594400770822904e+04
4.598660000000000281e+01 1.823888092872754714e+04
4.600569999999999737e+01 1.790343010984010471e+04
4.602479999999999905e+01 1.748368902670649186e+04
4.604390000000000072e+01 1.723247422998016918e+04
4.606300000000000239e+01 1.723654320238791115e+04
4.608209999999999695e+01 1.766491541057075665e+04
4.610119999999999862e+01 1.784002919322508023e+04
4.612030000000000030e+01 1.810024012306027362e+04
4.613949999999999818e+01 1.844669911220486756e+04
4.615859999999999985e+01 1.853823016272427412e+04
4.617770000000000152e+01 1.837427824424965002e+04
4.619680000000000319e+01 1.829567196922018411e+04
4.621589999999999776e+01 1.830213840112267280e+04
4.623499999999999943e+01 1.805271863781865977e+04
4.625410000000000110e+01 1.771836840623532771e+04
4.627320000000000277e+01 1.755311010153721509e+04
4.629229999999999734e+01 1.730254711431066607e+04
4.631139999999999901e+01 1.688030260516534690e+04
4.633050000000000068e+01 1.671336465522379513e+04
4.634960000000000235e+01 1.671699497677488762e+04
4.636869999999999692e+01 1.680555319403945396e+04
4.638779999999999859e+01 1.723541514779800491e+04
4.640690000000000026e+01 1.792184914388072502e+04
4.642600000000000193e+01 1.860968252845914321e+04
4.644509999999999650e+01 1.929901609651566469e+04
4.646419999999999817e+01 1.998913134475849802e+04
4.648340000000000316e+01 2.042427621166375684e+04
4.650249999999999773e+01 2.068878689927067899e+04
4.652159999999999940e+01 2.078202670909800872e+04
4.654070000000000107e+01 2.096090490179497647e+04
4.655980000000000274e+01 2.105353878568438813e+04
4.657889999999999731e+01 2.106062482213577096e+04
4.659799999999999898e+01 2.140979118928853131e+04
4.661710000000000065e+01 2.167357930633852084e+04
4.663620000000000232e+01 2.202351291161472909e+04
4.665529999999999688e+01 2.245982580974958182e+04
4.667439999999999856e+01 2.281024095018033040e+04
4.669350000000000023e+01 2.333333871354242729e+04
4.671260000000000190e+01 2.377007425045434866e+04
4.673169999999999646e+01 2.429393437495117178e+04
4.675079999999999814e+01 2.490496406696182385e+04
4.676989999999999981e+01 2.534415744877843463e+04
4.678900000000000148e+01 2.569869899281295147e+04
4.680810000000000315e+01 2.613901903481942645e+04
4.682719999999999771e+01 2.657967362613206205e+04
4.684640000000000271e+01 2.702073159277260129e+04
4.686549999999999727e+01 2.746144954947309452e+04
4.688459999999999894e+01 2.816148134561135157e+04
4.690370000000000061e+01 2.842915505776173086e+04
4.692280000000000229e+01 3.197996753656567307e+04
4.694189999999999685e+01 3.218135693683167847e+04
4.696099999999999852e+01 3.064886166185008551e+04
4.698010000000000019e+01 3.040539199852640377e+04
4.699920000000000186e+01 3.059716603977598788e+04
4.701830000000000354e+01 2.888333879566998803e+04
4.703739999999999810e+01 2.872085558564482562e+04
4.705649999999999977e+01 2.899204556023796977e+04
4.707560000000000144e+01 2.935348331780363151e+04
4.709470000000000312e+01 2.919725539962007315e+04
4.711379999999999768e+01 2.852023662260688798e+04
4.713289999999999935e+01 2.731985305438789874e+04
4.715200000000000102e+01 2.646239688053151258e+04
4.717110000000000269e+01 2.586425471153738545e+04
4.719019999999999726e+01 2.543719515677860181e+04
4.720940000000000225e+01 2.561727994633697017e+04
4.722849999999999682e+01 2.710380640211953141e+04
4.724759999999999849e+01 2.824896217548481582e+04
4.726670000000000016e+01 2.870245641233993229e+04
4.728580000000000183e+01 2.872319997503920240e+04
4.730490000000000350e+01 2.839501749626930177e+04
4.732399999999999807e+01 2.754358776979031609e+04
4.734309999999999974e+01 2.546612628830616086e+04
4.736220000000000141e+01 2.469073469389703314e+04
4.738130000000000308e+01 2.583915113629126063e+04
4.740039999999999765e+01 2.612378391657961402e+04
4.741949999999999932e+01 2.369709557753698391e+04
4.743860000000000099e+01 2.117452005771226686e+04
4.745770000000000266e+01 1.996373860285168485e+04
4.747679999999999723e+01 1.612165576201351178e+04
4.749589999999999890e+01 1.191968160359610010e+04
4.751500000000000057e+01 9.028536836124787442e+03
4.753410000000000224e+01 6.749780607870982749e+03
4.755330000000000013e+01 4.646114756468266023e+03
4.757240000000000180e+01 2.980542568116205530e+03
4.759150000000000347e+01 1.840813419677793945e+03
4.761059999999999803e+01 1.051828156460863966e+03
4.762969999999999970e+01 6.135346144119165501e+02
4.764880000000000138e+01 3.506270360845381333e+02
4.766790000000000305e+01 1.753499752098818192e+02
4.768699999999999761e+01 8.768932706908107377e+01
4.770609999999999928e+01 0.000000000000000000e+00
4.772520000000000095e+01 0.000000000000000000e+00
4.774430000000000263e+01 0.000000000000000000e+00
4.776339999999999719e+01 0.000000000000000000e+00
4.778249999999999886e+01 0.000000000000000000e+00
4.780160000000000053e+01 0.000000000000000000e+00
4.782070000000000221e+01 0.000000000000000000e+00
4.783979999999999677e+01 0.000000000000000000e+00
4.785889999999999844e+01 0.000000000000000000e+00
4.787800000000000011e+01 0.000000000000000000e+00
4.789710000000000178e+01 0.000000000000000000e+00
4.791629999999999967e+01 0.000000000000000000e+00
4.793540000000000134e+01 0.000000000000000000e+00
4.795450000000000301e+01 0.000000000000000000e+00
4.797359999999999758e+01 0.000000000000000000e+00
4.799269999999999925e+01 0.000000000000000000e+00
4.801180000000000092e+01 0.000000000000000000e+00
4.803090000000000259e+01 0.000000000000000000e+00
4.804999999999999716e+01 0.000000000000000000e+00
4.806909999999999883e+01 0.000000000000000000e+00
4.808820000000000050e+01 0.000000000000000000e+00
4.810730000000000217e+01 0.000000000000000000e+00
4.812639999999999674e+01 0.000000000000000000e+00
4.814549999999999841e+01 0.000000000000000000e+00
4.816460000000000008e+01 0.000000000000000000e+00
4.818370000000000175e+01 0.000000000000000000e+00
4.820280000000000342e+01 0.000000000000000000e+00
4.822189999999999799e+01 0.000000000000000000e+00
4.824099999999999966e+01 0.000000000000000000e+00
4.826010000000000133e+01 0.000000000000000000e+00
4.827929999999999922e+01 0.000000000000000000e+00
4.829840000000000089e+01 0.000000000000000000e+00
4.831750000000000256e+01 0.000000000000000000e+00
4.833659999999999712e+01 0.000000000000000000e+00
4.835569999999999879e+01 0.000000000000000000e+00
4.837480000000000047e+01 0.000000000000000000e+00
4.839390000000000214e+01 0.000000000000000000e+00
4.841299999999999670e+01 0.000000000000000000e+00
4.843209999999999837e+01 0.000000000000000000e+00
4.845120000000000005e+01 0.000000000000000000e+00
4.847030000000000172e+01 0.000000000000000000e+00
4.848940000000000339e+01 0.000000000000000000e+00
4.850849999999999795e+01 0.000000000000000000e+00
4.852759999999999962e+01 0.000000000000000000e+00
4.854670000000000130e+01 0.000000000000000000e+00
4.856580000000000297e+01 0.000000000000000000e+00
4.858489999999999753e+01 0.000000000000000000e+00
4.860399999999999920e+01 0.000000000000000000e+00
4.862319999999999709e+01 0.000000000000000000e+00
4.864229999999999876e+01 0.000000000000000000e+00
4.866140000000000043e+01 0.000000000000000000e+00
4.868050000000000210e+01 0.000000000000000000e+00
4.869959999999999667e+01 0.000000000000000000e+00
4.871869999999999834e+01 0.000000000000000000e+00
4.873780000000000001e+01 0.000000000000000000e+00
4.875690000000000168e+01 0.000000000000000000e+00
4.877600000000000335e+01 0.000000000000000000e+00
4.879509999999999792e+01 0.000000000000000000e+00
4.881419999999999959e+01 0.000000000000000000e+00
4.883330000000000126e+01 0.000000000000000000e+00
4.885240000000000293e+01 0.000000000000000000e+00
4.887149999999999750e+01 0.000000000000000000e+00
4.889059999999999917e+01 0.000000000000000000e+00
4.890970000000000084e+01 0.000000000000000000e+00
4.892880000000000251e+01 0.000000000000000000e+00
4.894789999999999708e+01 0.000000000000000000e+00
4.896699999999999875e+01 0.000000000000000000e+00
4.898619999999999663e+01 0.000000000000000000e+00
4.900529999999999831e+01 0.000000000000000000e+00
4.902439999999999998e+01 0.000000000000000000e+00
4.904350000000000165e+01 0.000000000000000000e+00
4.906260000000000332e+01 0.000000000000000000e+00
4.908169999999999789e+01 0.000000000000000000e+00
4.910079999999999956e+01 0.000000000000000000e+00
4.911990000000000123e+01 0.000000000000000000e+00
4.913900000000000290e+01 0.000000000000000000e+00
4.915809999999999746e+01 0.000000000000000000e+00
4.917719999999999914e+01 0.000000000000000000e+00
4.919630000000000081e+01 0.000000000000000000e+00
4.921540000000000248e+01 0.000000000000000000e+00
4.923449999999999704e+01 0.000000000000000000e+00
4.925359999999999872e+01 0.000000000000000000e+00
4.927270000000000039e+01 0.000000000000000000e+00
4.929180000000000206e+01 0.000000000000000000e+00
4.931089999999999662e+01 0.000000000000000000e+00
4.932999999999999829e+01 0.000000000000000000e+00
4.934920000000000329e+01 0.000000000000000000e+00
4.936829999999999785e+01 0.000000000000000000e+00
4.938739999999999952e+01 0.000000000000000000e+00
4.940650000000000119e+01 0.000000000000000000e+00
4.942560000000000286e+01 0.000000000000000000e+00
4.944469999999999743e+01 0.000000000000000000e+00
4.946379999999999910e+01 0.000000000000000000e+00
4.948290000000000077e+01 0.000000000000000000e+00
4.950200000000000244e+01 0.000000000000000000e+00
4.952109999999999701e+01 0.000000000000000000e+00
4.954019999999999868e+01 0.000000000000000000e+00
4.955930000000000035e+01 0.000000000000000000e+00
4.957840000000000202e+01 0.000000000000000000e+00
4.959749999999999659e+01 0.000000000000000000e+00
4.961659999999999826e+01 0.000000000000000000e+00
4.963569999999999993e+01 0.000000000000000000e+00
4.965480000000000160e+01 0.000000000000000000e+00
4.967390000000000327e+01 0.000000000000000000e+00
4.969310000000000116e+01 0.000000000000000000e+00
4.971220000000000283e+01 0.000000000000000000e+00
4.973129999999999740e+01 0.000000000000000000e+00
4.975039999999999907e+01 0.000000000000000000e+00
4.976950000000000074e+01 0.000000000000000000e+00
4.978860000000000241e+01 0.000000000000000000e+00
4.980769999999999698e+01 0.000000000000000000e+00
4.982679999999999865e+01 0.000000000000000000e+00
4.984590000000000032e+01 0.000000000000000000e+00
4.986500000000000199e+01 0.000000000000000000e+00
4.988409999999999656e+01 0.000000000000000000e+00
4.990319999999999823e+01 0.000000000000000000e+00
4.992229999999999990e+01 0.000000000000000000e+00
4.994140000000000157e+01 0.000000000000000000e+00
4.996050000000000324e+01 0.000000000000000000e+00
4.997959999999999781e+01 0.000000000000000000e+00
4.999869999999999948e+01 0.000000000000000000e+00
5.001780000000000115e+01 0.000000000000000000e+00
5.003690000000000282e+01 0.000000000000000000e+00
5.005610000000000070e+01 0.000000000000000000e+00
5.007520000000000238e+01 0.000000000000000000e+00
5.009429999999999694e+01 0.000000000000000000e+00
5.011339999999999861e+01 0.000000000000000000e+00
5.013250000000000028e+01 0.000000000000000000e+00
5.015160000000000196e+01 0.000000000000000000e+00
5.017069999999999652e+01 0.000000000000000000e+00
5.018979999999999819e+01 0.000000000000000000e+00
5.020889999999999986e+01 0.000000000000000000e+00
5.022800000000000153e+01 0.000000000000000000e+00
5.024710000000000321e+01 0.000000000000000000e+00
5.026619999999999777e+01 0.000000000000000000e+00
5.028529999999999944e+01 0.000000000000000000e+00
5.030440000000000111e+01 0.000000000000000000e+00
5.032350000000000279e+01 0.000000000000000000e+00
5.034259999999999735e+01 0.000000000000000000e+00
5.036169999999999902e+01 0.000000000000000000e+00
5.038080000000000069e+01 0.000000000000000000e+00
5.039999999999999858e+01 0.000000000000000000e+00
5.041910000000000025e+01 0.000000000000000000e+00
5.043820000000000192e+01 0.000000000000000000e+00
5.045729999999999649e+01 0.000000000000000000e+00
5.047639999999999816e+01 0.000000000000000000e+00
5.049549999999999983e+01 0.000000000000000000e+00
5.051460000000000150e+01 0.000000000000000000e+00
5.053370000000000317e+01 0.000000000000000000e+00
5.055279999999999774e+01 0.000000000000000000e+00
5.057189999999999941e+01 0.000000000000000000e+00
5.059100000000000108e+01 0.000000000000000000e+00
5.061010000000000275e+01 0.000000000000000000e+00
5.062919999999999732e+01 0.000000000000000000e+00
5.064829999999999899e+01 0.000000000000000000e+00
5.066740000000000066e+01 0.000000000000000000e+00
5.068650000000000233e+01 0.000000000000000000e+00
5.070559999999999690e+01 0.000000000000000000e+00
5.072469999999999857e+01 0.000000000000000000e+00
5.074380000000000024e+01 0.000000000000000000e+00
5.076299999999999812e+01 0.000000000000000000e+00
5.078209999999999980e+01 0.000000000000000000e+00
5.080120000000000147e+01 0.000000000000000000e+00
5.082030000000000314e+01 0.000000000000000000e+00
5.083939999999999770e+01 0.000000000000000000e+00
5.085849999999999937e+01 0.000000000000000000e+00
5.087760000000000105e+01 0.000000000000000000e+00
5.089670000000000272e+01 0.000000000000000000e+00
5.091579999999999728e+01 0.000000000000000000e+00
5.093489999999999895e+01 0.000000000000000000e+00
5.095400000000000063e+01 0.000000000000000000e+00
5.097310000000000230e+01 0.000000000000000000e+00
5.099219999999999686e+01 0.000000000000000000e+00
5.101129999999999853e+01 0.000000000000000000e+00
5.103040000000000020e+01 0.000000000000000000e+00
5.104950000000000188e+01 0.000000000000000000e+00
5.106860000000000355e+01 0.000000000000000000e+00
5.108769999999999811e+01 0.000000000000000000e+00
5.110679999999999978e+01 0.000000000000000000e+00
5.112599999999999767e+01 0.000000000000000000e+00
5.114509999999999934e+01 0.000000000000000000e+00
5.116420000000000101e+01 0.000000000000000000e+00
5.118330000000000268e+01 0.000000000000000000e+00
5.120239999999999725e+01 0.000000000000000000e+00
5.122149999999999892e+01 0.000000000000000000e+00
5.124060000000000059e+01 0.000000000000000000e+00
5.125970000000000226e+01 0.000000000000000000e+00
5.127879999999999683e+01 0.000000000000000000e+00
5.129789999999999850e+01 0.000000000000000000e+00
5.131700000000000017e+01 0.000000000000000000e+00
5.133610000000000184e+01 0.000000000000000000e+00
5.135520000000000351e+01 0.000000000000000000e+00
5.137429999999999808e+01 0.000000000000000000e+00
5.139339999999999975e+01 0.000000000000000000e+00
5.141250000000000142e+01 0.000000000000000000e+00
5.143160000000000309e+01 0.000000000000000000e+00
5.145069999999999766e+01 0.000000000000000000e+00
5.146990000000000265e+01 0.000000000000000000e+00
5.148899999999999721e+01 0.000000000000000000e+00
5.150809999999999889e+01 0.000000000000000000e+00
5.152720000000000056e+01 0.000000000000000000e+00
5.154630000000000223e+01 0.000000000000000000e+00
5.156539999999999679e+01 0.000000000000000000e+00
5.158449999999999847e+01 0.000000000000000000e+00
5.160360000000000014e+01 0.000000000000000000e+00
5.162270000000000181e+01 0.000000000000000000e+00
5.164180000000000348e+01 0.000000000000000000e+00
5.166089999999999804e+01 0.000000000000000000e+00
5.167999999999999972e+01 0.000000000000000000e+00
5.169910000000000139e+01 0.000000000000000000e+00
5.171820000000000306e+01 0.000000000000000000e+00
5.173729999999999762e+01 0.000000000000000000e+00
5.175639999999999930e+01 0.000000000000000000e+00
5.177550000000000097e+01 0.000000000000000000e+00
5.179460000000000264e+01 0.000000000000000000e+00
5.181369999999999720e+01 0.000000000000000000e+00
5.183290000000000219e+01 0.000000000000000000e+00
5.185199999999999676e+01 0.000000000000000000e+00
5.187109999999999843e+01 0.000000000000000000e+00
5.189020000000000010e+01 0.000000000000000000e+00
5.190930000000000177e+01 0.000000000000000000e+00
5.192840000000000344e+01 0.000000000000000000e+00
5.194749999999999801e+01 0.000000000000000000e+00
5.196659999999999968e+01 0.000000000000000000e+00
5.198570000000000135e+01 0.000000000000000000e+00
5.200480000000000302e+01 0.000000000000000000e+00
5.202389999999999759e+01 0.000000000000000000e+00
5.204299999999999926e+01 0.000000000000000000e+00
5.206210000000000093e+01 0.000000000000000000e+00
5.208120000000000260e+01 0.000000000000000000e+00
5.210029999999999717e+01 0.000000000000000000e+00
5.211939999999999884e+01 0.000000000000000000e+00
5.213850000000000051e+01 0.000000000000000000e+00
5.215760000000000218e+01 0.000000000000000000e+00
5.217669999999999675e+01 0.000000000000000000e+00
5.219590000000000174e+01 0.000000000000000000e+00
5.221500000000000341e+01 0.000000000000000000e+00
5.223409999999999798e+01 0.000000000000000000e+00
5.225319999999999965e+01 0.000000000000000000e+00
5.227230000000000132e+01 0.000000000000000000e+00
5.229140000000000299e+01 0.000000000000000000e+00
5.231049999999999756e+01 0.000000000000000000e+00
5.232959999999999923e+01 0.000000000000000000e+00
5.234870000000000090e+01 0.000000000000000000e+00
5.236780000000000257e+01 0.000000000000000000e+00
5.238689999999999714e+01 0.000000000000000000e+00
5.240599999999999881e+01 0.000000000000000000e+00
5.242510000000000048e+01 0.000000000000000000e+00
5.244420000000000215e+01 0.000000000000000000e+00
5.246329999999999671e+01 0.000000000000000000e+00
5.248239999999999839e+01 0.000000000000000000e+00
5.250150000000000006e+01 0.000000000000000000e+00
5.252060000000000173e+01 0.000000000000000000e+00
5.253979999999999961e+01 0.000000000000000000e+00
5.255890000000000128e+01 0.000000000000000000e+00
5.257800000000000296e+01 0.000000000000000000e+00
5.259709999999999752e+01 0.000000000000000000e+00
5.261619999999999919e+01 0.000000000000000000e+00
5.263530000000000086e+01 0.000000000000000000e+00
5.265440000000000254e+01 0.000000000000000000e+00
5.267349999999999710e+01 0.000000000000000000e+00
5.269259999999999877e+01 0.000000000000000000e+00
5.271170000000000044e+01 0.000000000000000000e+00
5.273080000000000211e+01 0.000000000000000000e+00
5.274989999999999668e+01 0.000000000000000000e+00
5.276899999999999835e+01 0.000000000000000000e+00
5.278810000000000002e+01 0.000000000000000000e+00
5.280720000000000169e+01 0.000000000000000000e+00
5.282630000000000337e+01 0.000000000000000000e+00
5.284539999999999793e+01 0.000000000000000000e+00
5.286449999999999960e+01 0.000000000000000000e+00
5.288360000000000127e+01 0.000000000000000000e+00
5.290279999999999916e+01 0.000000000000000000e+00
5.292190000000000083e+01 0.000000000000000000e+00
5.294100000000000250e+01 0.000000000000000000e+00
5.296009999999999707e+01 0.000000000000000000e+00
5.297919999999999874e+01 0.000000000000000000e+00
5.299830000000000041e+01 0.000000000000000000e+00
5.301740000000000208e+01 0.000000000000000000e+00
5.303649999999999665e+01 0.000000000000000000e+00
5.305559999999999832e+01 0.000000000000000000e+00
5.307469999999999999e+01 0.000000000000000000e+00
5.309380000000000166e+01 0.000000000000000000e+00
5.311290000000000333e+01 0.000000000000000000e+00
5.313199999999999790e+01 0.000000000000000000e+00
5.315109999999999957e+01 0.000000000000000000e+00
5.317020000000000124e+01 0.000000000000000000e+00
5.318930000000000291e+01 0.000000000000000000e+00
5.320839999999999748e+01 0.000000000000000000e+00
5.322749999999999915e+01 0.000000000000000000e+00
5.324660000000000082e+01 0.000000000000000000e+00
5.326579999999999870e+01 0.000000000000000000e+00
5.328490000000000038e+01 0.000000000000000000e+00
5.330400000000000205e+01 0.000000000000000000e+00
5.332309999999999661e+01 0.000000000000000000e+00
5.334219999999999828e+01 0.000000000000000000e+00
5.336129999999999995e+01 0.000000000000000000e+00
5.338040000000000163e+01 0.000000000000000000e+00
5.339950000000000330e+01 0.000000000000000000e+00
5.341859999999999786e+01 0.000000000000000000e+00
5.343769999999999953e+01 0.000000000000000000e+00
5.345680000000000121e+01 0.000000000000000000e+00
5.347590000000000288e+01 0.000000000000000000e+00
5.349499999999999744e+01 0.000000000000000000e+00
5.351409999999999911e+01 0.000000000000000000e+00
5.353320000000000078e+01 0.000000000000000000e+00
5.355230000000000246e+01 0.000000000000000000e+00
5.357139999999999702e+01 0.000000000000000000e+00
5.359049999999999869e+01 0.000000000000000000e+00
5.360969999999999658e+01 0.000000000000000000e+00
5.362879999999999825e+01 0.000000000000000000e+00
5.364789999999999992e+01 0.000000000000000000e+00
5.366700000000000159e+01 0.000000000000000000e+00
5.368610000000000326e+01 0.000000000000000000e+00
5.370519999999999783e+01 0.000000000000000000e+00
5.372429999999999950e+01 0.000000000000000000e+00
5.374340000000000117e+01 0.000000000000000000e+00
5.376250000000000284e+01 0.000000000000000000e+00
5.378159999999999741e+01 0.000000000000000000e+00
5.380069999999999908e+01 0.000000000000000000e+00
5.381980000000000075e+01 0.000000000000000000e+00
5.383890000000000242e+01 0.000000000000000000e+00
5.385799999999999699e+01 0.000000000000000000e+00
5.387709999999999866e+01 0.000000000000000000e+00
5.389620000000000033e+01 0.000000000000000000e+00
5.391530000000000200e+01 0.000000000000000000e+00
5.393439999999999657e+01 0.000000000000000000e+00
5.395349999999999824e+01 0.000000000000000000e+00
5.397270000000000323e+01 0.000000000000000000e+00
5.399179999999999779e+01 0.000000000000000000e+00
5.401089999999999947e+01 0.000000000000000000e+00
5.403000000000000114e+01 0.000000000000000000e+00
5.404910000000000281e+01 0.000000000000000000e+00
5.406819999999999737e+01 0.000000000000000000e+00
5.408729999999999905e+01 0.000000000000000000e+00
5.410640000000000072e+01 0.000000000000000000e+00
5.412550000000000239e+01 0.000000000000000000e+00
5.414459999999999695e+01 0.000000000000000000e+00
5.416369999999999862e+01 0.000000000000000000e+00
5.418280000000000030e+01 0.000000000000000000e+00
5.420190000000000197e+01 0.000000000000000000e+00
5.422099999999999653e+01 0.000000000000000000e+00
5.424009999999999820e+01 0.000000000000000000e+00
5.425919999999999987e+01 0.000000000000000000e+00
5.427830000000000155e+01 0.000000000000000000e+00
5.429740000000000322e+01 0.000000000000000000e+00
5.431649999999999778e+01 0.000000000000000000e+00
5.433570000000000277e+01 0.000000000000000000e+00
5.435479999999999734e+01 0.000000000000000000e+00
5.437389999999999901e+01 0.000000000000000000e+00
5.439300000000000068e+01 0.000000000000000000e+00
5.441210000000000235e+01 0.000000000000000000e+00
5.443119999999999692e+01 0.000000000000000000e+00
5.445029999999999859e+01 0.000000000000000000e+00
5.446940000000000026e+01 0.000000000000000000e+00
5.448850000000000193e+01 0.000000000000000000e+00
5.450759999999999650e+01 0.000000000000000000e+00
5.452669999999999817e+01 0.000000000000000000e+00
5.454579999999999984e+01 0.000000000000000000e+00
5.456490000000000151e+01 0.000000000000000000e+00
5.458400000000000318e+01 0.000000000000000000e+00
5.460309999999999775e+01 0.000000000000000000e+00
5.462219999999999942e+01 0.000000000000000000e+00
5.464130000000000109e+01 0.000000000000000000e+00
5.466040000000000276e+01 0.000000000000000000e+00
5.467960000000000065e+01 0.000000000000000000e+00
5.469870000000000232e+01 0.000000000000000000e+00
5.471779999999999688e+01 0.000000000000000000e+00
5.473689999999999856e+01 0.000000000000000000e+00
5.475600000000000023e+01 0.000000000000000000e+00
5.477510000000000190e+01 0.000000000000000000e+00
5.479419999999999646e+01 0.000000000000000000e+00
5.481329999999999814e+01 0.000000000000000000e+00
5.483239999999999981e+01 0.000000000000000000e+00
5.485150000000000148e+01 0.000000000000000000e+00
5.487060000000000315e+01 0.000000000000000000e+00
5.488969999999999771e+01 0.000000000000000000e+00
5.490879999999999939e+01 0.000000000000000000e+00
5.492790000000000106e+01 0.000000000000000000e+00
5.494700000000000273e+01 0.000000000000000000e+00
5.496609999999999729e+01 0.000000000000000000e+00
5.498519999999999897e+01 0.000000000000000000e+00
5.500430000000000064e+01 0.000000000000000000e+00
5.502340000000000231e+01 0.000000000000000000e+00
5.504260000000000019e+01 0.000000000000000000e+00
5.506170000000000186e+01 0.000000000000000000e+00
5.508080000000000354e+01 0.000000000000000000e+00
5.509989999999999810e+01 0.000000000000000000e+00
5.511899999999999977e+01 0.000000000000000000e+00
5.513810000000000144e+01 0.000000000000000000e+00
5.515720000000000312e+01 0.000000000000000000e+00
5.517629999999999768e+01 0.000000000000000000e+00
5.519539999999999935e+01 0.000000000000000000e+00
5.521450000000000102e+01 0.000000000000000000e+00
5.523360000000000269e+01 0.000000000000000000e+00
5.525269999999999726e+01 0.000000000000000000e+00
5.527179999999999893e+01 0.000000000000000000e+00
5.529090000000000060e+01 0.000000000000000000e+00
5.531000000000000227e+01 0.000000000000000000e+00
5.532909999999999684e+01 0.000000000000000000e+00
5.534819999999999851e+01 0.000000000000000000e+00
5.536730000000000018e+01 0.000000000000000000e+00
5.538649999999999807e+01 0.000000000000000000e+00
5.540559999999999974e+01 0.000000000000000000e+00
5.542470000000000141e+01 0.000000000000000000e+00
5.544380000000000308e+01 0.000000000000000000e+00
5.546289999999999765e+01 0.000000000000000000e+00
5.548199999999999932e+01 0.000000000000000000e+00
5.550110000000000099e+01 0.000000000000000000e+00
5.552020000000000266e+01 0.000000000000000000e+00
5.553929999999999723e+01 0.000000000000000000e+00
5.555839999999999890e+01 0.000000000000000000e+00
5.557750000000000057e+01 0.000000000000000000e+00
5.559660000000000224e+01 0.000000000000000000e+00
5.561569999999999681e+01 0.000000000000000000e+00
5.563479999999999848e+01 0.000000000000000000e+00
5.565390000000000015e+01 0.000000000000000000e+00
5.567300000000000182e+01 0.000000000000000000e+00
5.569210000000000349e+01 0.000000000000000000e+00
5.571119999999999806e+01 0.000000000000000000e+00
5.573029999999999973e+01 0.000000000000000000e+00
5.574949999999999761e+01 0.000000000000000000e+00
5.576859999999999928e+01 0.000000000000000000e+00
5.578770000000000095e+01 0.000000000000000000e+00
5.580680000000000263e+01 0.000000000000000000e+00
5.582589999999999719e+01 0.000000000000000000e+00
5.584499999999999886e+01 0.000000000000000000e+00
5.586410000000000053e+01 0.000000000000000000e+00
5.588320000000000221e+01 0.000000000000000000e+00
5.590229999999999677e+01 0.000000000000000000e+00
5.592139999999999844e+01 0.000000000000000000e+00
5.594050000000000011e+01 0.000000000000000000e+00
5.595960000000000178e+01 0.000000000000000000e+00
5.597870000000000346e+01 0.000000000000000000e+00
5.599779999999999802e+01 0.000000000000000000e+00
5.601689999999999969e+01 0.000000000000000000e+00
5.603600000000000136e+01 0.000000000000000000e+00
5.605510000000000304e+01 0.000000000000000000e+00
5.607419999999999760e+01 0.000000000000000000e+00
5.609329999999999927e+01 0.000000000000000000e+00
5.611249999999999716e+01 0.000000000000000000e+00
5.613159999999999883e+01 0.000000000000000000e+00
5.615070000000000050e+01 0.000000000000000000e+00
5.616980000000000217e+01 0.000000000000000000e+00
5.618889999999999674e+01 0.000000000000000000e+00
5.620799999999999841e+01 0.000000000000000000e+00
5.622710000000000008e+01 0.000000000000000000e+00
5.624620000000000175e+01 0.000000000000000000e+00
5.626530000000000342e+01 0.000000000000000000e+00
5.628439999999999799e+01 0.000000000000000000e+00
5.630349999999999966e+01 0.000000000000000000e+00
5.632260000000000133e+01 0.000000000000000000e+00
5.634170000000000300e+01 0.000000000000000000e+00
5.636079999999999757e+01 0.000000000000000000e+00
5.637989999999999924e+01 0.000000000000000000e+00
5.639900000000000091e+01 0.000000000000000000e+00
5.641810000000000258e+01 0.000000000000000000e+00
5.643719999999999715e+01 0.000000000000000000e+00
5.645640000000000214e+01 0.000000000000000000e+00
5.647549999999999670e+01 0.000000000000000000e+00
5.649459999999999837e+01 0.000000000000000000e+00
5.651370000000000005e+01 0.000000000000000000e+00
5.653280000000000172e+01 0.000000000000000000e+00
5.655190000000000339e+01 0.000000000000000000e+00
5.657099999999999795e+01 0.000000000000000000e+00
5.659009999999999962e+01 0.000000000000000000e+00
5.660920000000000130e+01 0.000000000000000000e+00
5.662830000000000297e+01 0.000000000000000000e+00
5.664739999999999753e+01 0.000000000000000000e+00
5.666649999999999920e+01 0.000000000000000000e+00
5.668560000000000088e+01 0.000000000000000000e+00
5.670470000000000255e+01 0.000000000000000000e+00
5.672379999999999711e+01 0.000000000000000000e+00
5.674289999999999878e+01 0.000000000000000000e+00
5.676200000000000045e+01 0.000000000000000000e+00
5.678110000000000213e+01 0.000000000000000000e+00
5.680019999999999669e+01 0.000000000000000000e+00
5.681940000000000168e+01 0.000000000000000000e+00
5.683850000000000335e+01 0.000000000000000000e+00
5.685759999999999792e+01 0.000000000000000000e+00
5.687669999999999959e+01 0.000000000000000000e+00
5.689580000000000126e+01 0.000000000000000000e+00
5.691490000000000293e+01 0.000000000000000000e+00
5.693399999999999750e+01 0.000000000000000000e+00
5.695309999999999917e+01 0.000000000000000000e+00
5.697220000000000084e+01 0.000000000000000000e+00
5.699130000000000251e+01 0.000000000000000000e+00
5.701039999999999708e+01 0.000000000000000000e+00
5.702949999999999875e+01 0.000000000000000000e+00
5.704860000000000042e+01 0.000000000000000000e+00
5.706770000000000209e+01 0.000000000000000000e+00
5.708679999999999666e+01 0.000000000000000000e+00
5.710589999999999833e+01 0.000000000000000000e+00
5.712500000000000000e+01 0.000000000000000000e+00
5.714410000000000167e+01 0.000000000000000000e+00
5.716320000000000334e+01 0.000000000000000000e+00
5.718240000000000123e+01 0.000000000000000000e+00
5.720150000000000290e+01 0.000000000000000000e+00
5.722059999999999746e+01 0.000000000000000000e+00
5.723969999999999914e+01 0.000000000000000000e+00
5.725880000000000081e+01 0.000000000000000000e+00
5.727790000000000248e+01 0.000000000000000000e+00
5.729699999999999704e+01 0.000000000000000000e+00
