# energy(eV) alpha
0.000000000000000000e+00 3.110091102631346693e+00
1.909999999999999892e-02 3.110166126324015234e+00
3.819999999999999785e-02 3.110396544922635176e+00
5.729999999999999677e-02 3.110782323896461143e+00
7.639999999999999569e-02 3.111328762227911326e+00
9.550000000000000155e-02 3.112019708592261846e+00
1.145999999999999935e-01 3.112881837354790182e+00
1.337000000000000133e-01 3.113898949334526378e+00
1.527999999999999914e-01 3.115070892719243645e+00
1.718999999999999972e-01 3.116413536957721053e+00
1.910999999999999921e-01 3.117915970644494106e+00
2.101999999999999980e-01 3.119593990676778006e+00
2.293000000000000038e-01 3.121441974472695335e+00
2.484000000000000097e-01 3.123459620356888955e+00
2.675000000000000155e-01 3.125662596421224126e+00
2.866000000000000214e-01 3.128050511101123643e+00
3.057000000000000273e-01 3.130628264954709028e+00
3.247999999999999776e-01 3.133406027525531545e+00
3.438999999999999835e-01 3.136383267395743690e+00
3.629999999999999893e-01 3.139575342834335370e+00
3.820999999999999952e-01 3.142986902083218403e+00
4.012000000000000011e-01 3.146622527939017644e+00
4.203000000000000069e-01 3.150507895562237426e+00
4.394000000000000128e-01 3.154636798956946819e+00
4.585000000000000187e-01 3.159039938546730930e+00
4.776000000000000245e-01 3.163726705432482245e+00
4.966999999999999749e-01 3.168722139916972935e+00
5.158000000000000362e-01 3.174040537443297172e+00
5.350000000000000311e-01 3.179727451632712754e+00
5.541000000000000369e-01 3.185812298300073842e+00
5.732000000000000428e-01 3.192355452222282342e+00
5.923000000000000487e-01 3.199442659797692379e+00
6.114000000000000545e-01 3.207210626679936283e+00
6.304999999999999494e-01 3.215670023659295218e+00
6.495999999999999552e-01 3.224660634434225681e+00
6.686999999999999611e-01 3.234085808158889019e+00
6.877999999999999670e-01 3.243901457131889376e+00
7.068999999999999728e-01 3.254058988905982108e+00
7.259999999999999787e-01 3.264546290931853889e+00
7.450999999999999845e-01 3.275356639667149850e+00
7.641999999999999904e-01 3.286534347547525936e+00
7.832999999999999963e-01 3.298033567554577328e+00
8.024000000000000021e-01 3.309774156013673529e+00
8.215000000000000080e-01 3.321677198636468376e+00
8.406000000000000139e-01 3.333665344962769339e+00
8.597000000000000197e-01 3.345702794976242789e+00
8.788000000000000256e-01 3.357734676613939317e+00
8.980000000000000204e-01 3.369727165718805928e+00
9.171000000000000263e-01 3.381642409661180793e+00
9.362000000000000322e-01 3.393443497280618004e+00
9.553000000000000380e-01 3.405089391720621972e+00
9.744000000000000439e-01 3.416564636020106960e+00
9.935000000000000497e-01 3.427830321671960778e+00
1.012599999999999945e+00 3.438861899457389626e+00
1.031700000000000061e+00 3.449617008909839910e+00
1.050799999999999956e+00 3.460073736604406758e+00
1.069900000000000073e+00 3.470200602953148028e+00
1.088999999999999968e+00 3.479967073316367898e+00
1.108100000000000085e+00 3.489333522874692672e+00
1.127199999999999980e+00 3.498285756975709759e+00
1.146300000000000097e+00 3.506771418390560946e+00
1.165399999999999991e+00 3.514762978301795737e+00
1.184500000000000108e+00 3.522228489392458695e+00
1.203600000000000003e+00 3.529132797696509893e+00
1.222699999999999898e+00 3.535478550382049168e+00
1.241800000000000015e+00 3.541320464857852013e+00
1.260999999999999899e+00 3.546757871763785097e+00
1.280100000000000016e+00 3.551459270383454658e+00
1.299199999999999910e+00 3.554442364965824108e+00
1.318300000000000027e+00 3.554179694750485119e+00
1.337399999999999922e+00 3.550052217287652745e+00
1.356500000000000039e+00 3.542971011578127882e+00
1.375599999999999934e+00 3.532970259086867237e+00
1.394700000000000051e+00 3.518767329962676271e+00
1.413799999999999946e+00 3.502592285559163798e+00
1.432900000000000063e+00 3.491004144786380881e+00
1.451999999999999957e+00 3.482831463307741959e+00
1.471100000000000074e+00 3.476304020761534996e+00
1.490199999999999969e+00 3.470252289568265258e+00
1.509300000000000086e+00 3.463726167350489327e+00
1.528399999999999981e+00 3.456428386053956192e+00
1.547500000000000098e+00 3.449254550291807053e+00
1.566599999999999993e+00 3.443783904739975643e+00
1.585700000000000109e+00 3.439744829661165682e+00
1.604899999999999993e+00 3.436886049494588313e+00
1.624000000000000110e+00 3.436070678563061254e+00
1.643100000000000005e+00 3.432810217971451916e+00
1.662199999999999900e+00 3.416747298147009726e+00
1.681300000000000017e+00 3.392205915017279860e+00
1.700399999999999912e+00 3.365409490897401490e+00
1.719500000000000028e+00 3.341663247061907871e+00
1.738599999999999923e+00 3.324689105755636476e+00
1.757700000000000040e+00 3.315087587864408381e+00
1.776799999999999935e+00 3.305566586177591137e+00
1.795900000000000052e+00 3.295161259262298969e+00
1.814999999999999947e+00 3.285695298963179578e+00
1.834100000000000064e+00 3.279039332720358857e+00
1.853199999999999958e+00 3.270325832521201459e+00
1.872300000000000075e+00 3.254997316252781214e+00
1.891399999999999970e+00 3.235848459410494371e+00
1.910500000000000087e+00 3.225904561095259471e+00
1.929599999999999982e+00 3.220181593747829307e+00
1.948700000000000099e+00 3.214217344220931860e+00
1.967899999999999983e+00 3.203928838117945599e+00
1.987000000000000099e+00 3.189561370673363871e+00
2.006099999999999994e+00 3.176700590790823231e+00
2.025199999999999889e+00 3.166352767431711790e+00
2.044299999999999784e+00 3.154847941715122062e+00
2.063400000000000123e+00 3.142194548136549859e+00
2.082500000000000018e+00 3.129938873914856146e+00
2.101599999999999913e+00 3.119063585655111215e+00
2.120699999999999807e+00 3.104375880637728180e+00
2.139800000000000146e+00 3.067231401920410327e+00
2.158900000000000041e+00 3.030861597458339052e+00
2.177999999999999936e+00 2.993146848213447342e+00
2.197099999999999831e+00 2.952498107892783885e+00
2.216200000000000170e+00 2.913625317776956436e+00
2.235300000000000065e+00 2.881030829890796063e+00
2.254399999999999959e+00 2.855670464223934335e+00
2.273499999999999854e+00 2.839014011252421810e+00
2.292600000000000193e+00 2.833747491234010152e+00
2.311700000000000088e+00 2.841346760736237709e+00
2.330900000000000194e+00 2.856023624702345831e+00
2.350000000000000089e+00 2.871691512173209837e+00
2.369099999999999984e+00 2.880769741178115240e+00
2.388199999999999878e+00 2.881734000168424181e+00
2.407300000000000217e+00 2.875163180549967556e+00
2.426400000000000112e+00 2.854868030981545957e+00
2.445500000000000007e+00 2.828140136255091974e+00
2.464599999999999902e+00 2.802881453063012174e+00
2.483699999999999797e+00 2.782006867180172538e+00
2.502800000000000136e+00 2.760526624598609313e+00
2.521900000000000031e+00 2.756759594996575302e+00
2.540999999999999925e+00 2.775352228336134264e+00
2.560099999999999820e+00 2.789388228548420834e+00
2.579200000000000159e+00 2.808794023774793924e+00
2.598300000000000054e+00 2.825131726972273771e+00
2.617399999999999949e+00 2.828921796055504423e+00
2.636499999999999844e+00 2.828895095954328642e+00
2.655600000000000183e+00 2.827838920410681744e+00
2.674799999999999844e+00 2.821564011514162917e+00
2.693900000000000183e+00 2.830018045466336840e+00
2.713000000000000078e+00 2.820967327714691830e+00
2.732099999999999973e+00 2.801534384039713110e+00
2.751199999999999868e+00 2.786384492960571002e+00
2.770300000000000207e+00 2.738007072705221923e+00
2.789400000000000102e+00 2.709817116610772292e+00
2.808499999999999996e+00 2.700713592821300413e+00
2.827599999999999891e+00 2.694789201708729376e+00
2.846699999999999786e+00 2.699963225028834124e+00
2.865800000000000125e+00 2.712903754497534514e+00
2.884900000000000020e+00 2.726880998185461369e+00
2.903999999999999915e+00 2.739256145129590259e+00
2.923099999999999810e+00 2.748554788662573856e+00
2.942200000000000149e+00 2.757767895080343035e+00
2.961300000000000043e+00 2.769138754764356225e+00
2.980399999999999938e+00 2.771695139637287753e+00
2.999499999999999833e+00 2.753334186446946941e+00
3.018600000000000172e+00 2.715753488942751925e+00
3.037799999999999834e+00 2.702331673578429960e+00
3.056900000000000173e+00 2.708245642749276261e+00
3.076000000000000068e+00 2.723090994661062414e+00
3.095099999999999962e+00 2.737584958828443327e+00
3.114199999999999857e+00 2.734348702714861634e+00
3.133300000000000196e+00 2.718750534755401294e+00
3.152400000000000091e+00 2.718180598309287710e+00
3.171499999999999986e+00 2.724698693893332635e+00
3.190599999999999881e+00 2.733412973207650865e+00
3.209700000000000220e+00 2.739228220894224908e+00
3.228800000000000114e+00 2.744214134335085209e+00
3.247900000000000009e+00 2.752418627371793658e+00
3.266999999999999904e+00 2.767086909717061616e+00
3.286099999999999799e+00 2.779318281508866839e+00
3.305200000000000138e+00 2.783823309473627106e+00
3.324300000000000033e+00 2.779175831059922164e+00
3.343399999999999928e+00 2.767672769919529596e+00
3.362499999999999822e+00 2.758346992820499111e+00
3.381600000000000161e+00 2.749164811910479678e+00
3.400799999999999823e+00 2.742726062479893923e+00
3.419900000000000162e+00 2.727079911499440623e+00
3.439000000000000057e+00 2.716243119096342085e+00
3.458099999999999952e+00 2.709491493112784255e+00
3.477199999999999847e+00 2.709083154887578893e+00
3.496300000000000185e+00 2.719845457247151099e+00
3.515400000000000080e+00 2.736082888151243786e+00
3.534499999999999975e+00 2.753437864608453634e+00
3.553599999999999870e+00 2.773872267996449370e+00
3.572700000000000209e+00 2.793390356526941343e+00
3.591800000000000104e+00 2.802581568296546699e+00
3.610899999999999999e+00 2.782262402466499474e+00
3.629999999999999893e+00 2.803576361001639761e+00
3.649099999999999788e+00 2.802140836493089093e+00
3.668200000000000127e+00 2.800743172116634483e+00
3.687300000000000022e+00 2.804943946609267158e+00
3.706399999999999917e+00 2.812873796456433872e+00
3.725499999999999812e+00 2.819102080216535633e+00
3.744699999999999918e+00 2.815546394265604047e+00
3.763799999999999812e+00 2.814901161944056707e+00
3.782900000000000151e+00 2.827592575734565017e+00
3.802000000000000046e+00 2.835246153417428250e+00
3.821099999999999941e+00 2.809434151173597627e+00
3.840199999999999836e+00 2.764089613805913004e+00
3.859300000000000175e+00 2.782009323788411592e+00
3.878400000000000070e+00 2.810764953399810029e+00
3.897499999999999964e+00 2.834528943092799569e+00
3.916599999999999859e+00 2.856937029232741843e+00
3.935700000000000198e+00 2.871657388288048285e+00
3.954800000000000093e+00 2.877143529338830330e+00
3.973899999999999988e+00 2.867795222308575198e+00
3.992999999999999883e+00 2.826429293555309474e+00
4.012100000000000222e+00 2.769831202867228281e+00
4.031200000000000117e+00 2.701768700951592717e+00
4.050300000000000011e+00 2.654907241332610468e+00
4.069399999999999906e+00 2.617757170384532817e+00
4.088499999999999801e+00 2.618148177417042977e+00
4.107700000000000351e+00 2.637221956273244849e+00
4.126800000000000246e+00 2.653590656375633738e+00
4.145900000000000141e+00 2.679164918941341345e+00
4.165000000000000036e+00 2.698850212692592621e+00
4.184099999999999930e+00 2.693859881145856505e+00
4.203199999999999825e+00 2.683049758786279604e+00
4.222299999999999720e+00 2.668737406490799380e+00
4.241399999999999615e+00 2.677318308101434674e+00
4.260500000000000398e+00 2.690233777704996943e+00
4.279600000000000293e+00 2.700218216513642577e+00
4.298700000000000188e+00 2.701905488331835858e+00
4.317800000000000082e+00 2.691091081569912724e+00
4.336899999999999977e+00 2.669317976576244700e+00
4.355999999999999872e+00 2.645872338452996075e+00
4.375099999999999767e+00 2.643079818713003348e+00
4.394199999999999662e+00 2.649699137520673542e+00
4.413299999999999557e+00 2.642493791502166012e+00
4.432400000000000340e+00 2.643944888571766239e+00
4.451500000000000234e+00 2.652107940320405977e+00
4.470699999999999896e+00 2.653844938806639409e+00
4.489799999999999791e+00 2.661931834477893055e+00
4.508899999999999686e+00 2.656634617670718512e+00
4.527999999999999581e+00 2.648762109450132574e+00
4.547100000000000364e+00 2.615205196618910044e+00
4.566200000000000259e+00 2.614893480715428709e+00
4.585300000000000153e+00 2.618892457976115917e+00
4.604400000000000048e+00 2.614946601563704398e+00
4.623499999999999943e+00 2.623804734306561581e+00
4.642599999999999838e+00 2.632054495798555660e+00
4.661699999999999733e+00 2.657734893900051798e+00
4.680799999999999628e+00 2.674100570267919696e+00
4.699900000000000411e+00 2.683316490586940883e+00
4.719000000000000306e+00 2.695508387433934505e+00
4.738100000000000200e+00 2.710060385378636916e+00
4.757200000000000095e+00 2.716497441317119677e+00
4.776299999999999990e+00 2.724192687982227135e+00
4.795399999999999885e+00 2.749189035548283755e+00
4.814600000000000435e+00 2.761212086172958102e+00
4.833700000000000330e+00 2.754073656529313574e+00
4.852800000000000225e+00 2.747825120987154257e+00
4.871900000000000119e+00 2.749214825591858702e+00
4.891000000000000014e+00 2.749328808946948310e+00
4.910099999999999909e+00 2.745438445073532741e+00
4.929199999999999804e+00 2.741563671960256965e+00
4.948299999999999699e+00 2.744144122566836597e+00
4.967399999999999594e+00 2.732289731192617310e+00
4.986500000000000377e+00 2.746868568482565554e+00
5.005600000000000271e+00 2.755880582263420919e+00
5.024700000000000166e+00 2.762424961740621576e+00
5.043800000000000061e+00 2.761637481926483506e+00
5.062899999999999956e+00 2.761182403994179690e+00
5.081999999999999851e+00 2.754316446821044373e+00
5.101099999999999746e+00 2.750916978326232165e+00
5.120199999999999640e+00 2.758893097831025099e+00
5.139300000000000423e+00 2.770037397399830237e+00
5.158400000000000318e+00 2.756009931677931846e+00
5.177599999999999980e+00 2.736277310223344195e+00
5.196699999999999875e+00 2.724225140293730529e+00
5.215799999999999770e+00 2.701244090033302570e+00
5.234899999999999665e+00 2.677568699951505593e+00
5.253999999999999559e+00 2.644977325152632730e+00
5.273100000000000342e+00 2.648507469074447673e+00
5.292200000000000237e+00 2.649737878612401065e+00
5.311300000000000132e+00 2.633148656342819027e+00
5.330400000000000027e+00 2.619821071885458430e+00
5.349499999999999922e+00 2.605746264986896765e+00
5.368599999999999817e+00 2.561977835279764637e+00
5.387699999999999712e+00 2.546110995926809561e+00
5.406799999999999606e+00 2.538670724659198186e+00
5.425900000000000389e+00 2.541374635533176995e+00
5.445000000000000284e+00 2.558442779372109843e+00
5.464100000000000179e+00 2.562418317326416783e+00
5.483200000000000074e+00 2.533212462625896944e+00
5.502299999999999969e+00 2.519615603794607139e+00
5.521499999999999631e+00 2.525135311592665577e+00
5.540600000000000414e+00 2.520668021705383399e+00
5.559700000000000308e+00 2.508075856332213860e+00
5.578800000000000203e+00 2.493877536977277654e+00
5.597900000000000098e+00 2.491595617816204644e+00
5.616999999999999993e+00 2.480009526880951665e+00
5.636099999999999888e+00 2.480982722042052391e+00
5.655199999999999783e+00 2.492891493725068575e+00
5.674299999999999677e+00 2.486306766126276546e+00
5.693399999999999572e+00 2.470949867444476311e+00
5.712500000000000355e+00 2.440146246511518680e+00
5.731600000000000250e+00 2.404584567047460819e+00
5.750700000000000145e+00 2.404633694368448094e+00
5.769800000000000040e+00 2.406926178975586250e+00
5.788899999999999935e+00 2.383483532478995137e+00
5.807999999999999829e+00 2.370019458347427221e+00
5.827099999999999724e+00 2.347501094619058204e+00
5.846199999999999619e+00 2.325755888212884592e+00
5.865300000000000402e+00 2.304172326181260999e+00
5.884500000000000064e+00 2.302230579740791594e+00
5.903599999999999959e+00 2.303851016052233636e+00
5.922699999999999854e+00 2.321269559121033055e+00
5.941799999999999748e+00 2.294675326201123244e+00
5.960899999999999643e+00 2.271824456970862549e+00
5.980000000000000426e+00 2.246107250679351353e+00
5.999100000000000321e+00 2.236103777183267471e+00
6.018200000000000216e+00 2.237377988905465021e+00
6.037300000000000111e+00 2.243073610266150375e+00
6.056400000000000006e+00 2.254302255716315262e+00
6.075499999999999901e+00 2.268188841417923651e+00
6.094599999999999795e+00 2.266730670064930120e+00
6.113699999999999690e+00 2.251061174771700646e+00
6.132799999999999585e+00 2.247488640765548329e+00
6.151900000000000368e+00 2.233879747998780640e+00
6.171000000000000263e+00 2.232076714927196281e+00
6.190100000000000158e+00 2.243662535141894843e+00
6.209200000000000053e+00 2.259630111971085320e+00
6.228299999999999947e+00 2.259687121026710432e+00
6.247499999999999609e+00 2.237510513267809031e+00
6.266600000000000392e+00 2.218922493650487660e+00
6.285700000000000287e+00 2.205981332332090261e+00
6.304800000000000182e+00 2.199531070310883241e+00
6.323900000000000077e+00 2.184499793980554383e+00
6.342999999999999972e+00 2.178423931935529634e+00
6.362099999999999866e+00 2.187622077893776495e+00
6.381199999999999761e+00 2.198817772770337964e+00
6.400299999999999656e+00 2.159447473116212546e+00
6.419400000000000439e+00 2.142064018974454420e+00
6.438500000000000334e+00 2.154913288449710418e+00
6.457600000000000229e+00 2.189119995545649289e+00
6.476700000000000124e+00 2.213653111389206618e+00
6.495800000000000018e+00 2.229705413244556844e+00
6.514899999999999913e+00 2.230853456036264060e+00
6.533999999999999808e+00 2.267242124721094321e+00
6.553099999999999703e+00 2.164045356314185931e+00
6.572199999999999598e+00 2.129012776174006305e+00
6.591400000000000148e+00 2.120669316945664740e+00
6.610500000000000043e+00 2.098920096561862625e+00
6.629599999999999937e+00 2.062106251568617932e+00
6.648699999999999832e+00 2.083826295071039780e+00
6.667799999999999727e+00 2.094924611596980402e+00
6.686899999999999622e+00 2.085692296070388085e+00
6.706000000000000405e+00 2.100088446108637541e+00
6.725100000000000300e+00 2.115924706387067644e+00
6.744200000000000195e+00 2.099533381819830957e+00
6.763300000000000090e+00 2.111109136787855167e+00
6.782399999999999984e+00 2.100673154746516502e+00
6.801499999999999879e+00 2.094447199721695352e+00
6.820599999999999774e+00 2.105960816395734181e+00
6.839699999999999669e+00 2.118225258492657748e+00
6.858799999999999564e+00 2.122093262292586324e+00
6.877900000000000347e+00 2.122438617042519127e+00
6.897000000000000242e+00 2.104805358578223373e+00
6.916100000000000136e+00 2.084384543634989928e+00
6.935200000000000031e+00 2.083681536033784809e+00
6.954399999999999693e+00 2.094715058310691269e+00
6.973499999999999588e+00 2.115017445074750313e+00
6.992600000000000371e+00 2.147345097090436195e+00
7.011700000000000266e+00 2.184347892592903406e+00
7.030800000000000161e+00 2.222321125105387818e+00
7.049900000000000055e+00 2.246890539305814283e+00
7.068999999999999950e+00 2.272508266342745831e+00
7.088099999999999845e+00 2.257623638342031391e+00
7.107199999999999740e+00 2.236197148973184667e+00
7.126299999999999635e+00 2.237765277851408552e+00
7.145400000000000418e+00 2.255959298307625094e+00
7.164500000000000313e+00 2.274301401433498793e+00
7.183600000000000207e+00 2.299624939980315919e+00
7.202700000000000102e+00 2.298930742650032943e+00
7.221799999999999997e+00 2.294082442159528501e+00
7.240899999999999892e+00 2.279981324085663452e+00
7.259999999999999787e+00 2.232798107252992548e+00
7.279099999999999682e+00 2.202096624718131945e+00
7.298199999999999577e+00 2.156800031121866468e+00
7.317400000000000126e+00 2.134892462845207284e+00
7.336500000000000021e+00 2.123770938488945603e+00
7.355599999999999916e+00 2.115433674379844309e+00
7.374699999999999811e+00 2.124092459052308257e+00
7.393799999999999706e+00 2.124042637080011175e+00
7.412899999999999601e+00 2.106083532305436101e+00
7.432000000000000384e+00 2.072189855373403944e+00
7.451100000000000279e+00 2.030797825603796181e+00
7.470200000000000173e+00 1.991844091461436150e+00
7.489300000000000068e+00 1.970498480806665009e+00
7.508399999999999963e+00 1.966736988984238765e+00
7.527499999999999858e+00 1.957871756863390322e+00
7.546599999999999753e+00 1.966267343046432803e+00
7.565699999999999648e+00 1.956005576283261105e+00
7.584800000000000431e+00 1.966237743727172971e+00
7.603900000000000325e+00 1.933446356070180450e+00
7.623000000000000220e+00 1.900677717586235049e+00
7.642100000000000115e+00 1.906880547384968372e+00
7.661299999999999777e+00 1.921549071730341840e+00
7.680399999999999672e+00 1.940057303799903821e+00
7.699499999999999567e+00 1.914338037577893781e+00
7.718600000000000350e+00 1.894467419338115688e+00
7.737700000000000244e+00 1.886560409070509481e+00
7.756800000000000139e+00 1.865662643695514378e+00
7.775900000000000034e+00 1.839060488473605037e+00
7.794999999999999929e+00 1.812926443666024623e+00
7.814099999999999824e+00 1.823570372826325947e+00
7.833199999999999719e+00 1.834650543276510337e+00
7.852299999999999613e+00 1.858355495603891239e+00
7.871400000000000396e+00 1.876428530879664436e+00
7.890500000000000291e+00 1.880031421777074385e+00
7.909600000000000186e+00 1.880780913142687139e+00
7.928700000000000081e+00 1.876082265826539253e+00
7.947799999999999976e+00 1.879563530870816290e+00
7.966899999999999871e+00 1.857496017242298958e+00
7.985999999999999766e+00 1.836563731013045597e+00
8.005100000000000549e+00 1.824214365206619393e+00
8.024300000000000210e+00 1.822084997604149104e+00
8.043400000000000105e+00 1.816376348559031628e+00
8.062500000000000000e+00 1.801549747586199679e+00
8.081599999999999895e+00 1.787140200883444718e+00
8.100699999999999790e+00 1.752018633205975062e+00
8.119799999999999685e+00 1.734838544490873602e+00
8.138899999999999579e+00 1.711126575998620503e+00
8.157999999999999474e+00 1.702281210384546384e+00
8.177099999999999369e+00 1.701590326633931838e+00
8.196199999999999264e+00 1.661340376338104274e+00
8.215299999999999159e+00 1.648802987303315648e+00
8.234400000000000830e+00 1.644099051322275296e+00
8.253500000000000725e+00 1.651256320882604101e+00
8.272600000000000620e+00 1.666121126825222065e+00
8.291700000000000514e+00 1.631722054035027014e+00
8.310800000000000409e+00 1.618316122371110888e+00
8.329900000000000304e+00 1.604892813013039987e+00
8.349000000000000199e+00 1.597927542786681032e+00
8.368100000000000094e+00 1.601028565726376973e+00
8.387299999999999756e+00 1.600728626422775580e+00
8.406399999999999650e+00 1.577812491129552797e+00
8.425499999999999545e+00 1.560497500353943190e+00
8.444599999999999440e+00 1.572860515710318374e+00
8.463699999999999335e+00 1.591354454897448534e+00
8.482799999999999230e+00 1.606564878751359560e+00
8.501899999999999125e+00 1.623963452654696438e+00
8.521000000000000796e+00 1.613707525400738474e+00
8.540100000000000691e+00 1.598856322281936082e+00
8.559200000000000585e+00 1.598120517672013463e+00
8.578300000000000480e+00 1.572797640398310826e+00
8.597400000000000375e+00 1.563949538756928659e+00
8.616500000000000270e+00 1.559566822267231201e+00
8.635600000000000165e+00 1.528980135306378996e+00
8.654700000000000060e+00 1.526114739520020080e+00
8.673799999999999955e+00 1.509792309904211649e+00
8.692899999999999849e+00 1.503167792499293665e+00
8.711999999999999744e+00 1.481850970980166604e+00
8.731199999999999406e+00 1.473400672931049815e+00
8.750299999999999301e+00 1.434361717121476421e+00
8.769399999999999196e+00 1.410701315944122403e+00
8.788500000000000867e+00 1.384810020205490488e+00
8.807600000000000762e+00 1.386586413979411292e+00
8.826700000000000657e+00 1.378268480814741626e+00
8.845800000000000551e+00 1.360134766761599501e+00
8.864900000000000446e+00 1.349802263849797512e+00
8.884000000000000341e+00 1.335129949508558012e+00
8.903100000000000236e+00 1.327056427410559625e+00
8.922200000000000131e+00 1.319827624129964905e+00
8.941300000000000026e+00 1.312772060891072456e+00
8.960399999999999920e+00 1.314415028626387150e+00
8.979499999999999815e+00 1.308116245944764389e+00
8.998599999999999710e+00 1.304329913704854071e+00
9.017699999999999605e+00 1.304153478779126685e+00
9.036799999999999500e+00 1.301106118853460725e+00
9.055899999999999395e+00 1.302093275079446943e+00
9.074999999999999289e+00 1.300647937269613585e+00
9.094200000000000728e+00 1.269393766710154914e+00
9.113300000000000622e+00 1.269689920562737440e+00
9.132400000000000517e+00 1.268146496991050975e+00
9.151500000000000412e+00 1.269948998090168812e+00
9.170600000000000307e+00 1.288851311566848956e+00
9.189700000000000202e+00 1.254680496009071389e+00
9.208800000000000097e+00 1.271421070065266390e+00
9.227899999999999991e+00 1.287783970207968309e+00
9.246999999999999886e+00 1.291104409417964227e+00
9.266099999999999781e+00 1.265957677524519376e+00
9.285199999999999676e+00 1.245655699968356567e+00
9.304299999999999571e+00 1.249997754420079321e+00
9.323399999999999466e+00 1.263411511212517935e+00
9.342499999999999361e+00 1.271281012872763183e+00
9.361599999999999255e+00 1.263327510223722028e+00
9.380699999999999150e+00 1.257039455521764770e+00
9.399800000000000821e+00 1.276290087190005806e+00
9.418900000000000716e+00 1.257100194567973173e+00
9.438000000000000611e+00 1.256794563348917482e+00
9.457200000000000273e+00 1.265734341856590506e+00
9.476300000000000168e+00 1.274754821439196828e+00
9.495400000000000063e+00 1.236490613253779403e+00
9.514499999999999957e+00 1.210879022589234078e+00
9.533599999999999852e+00 1.202014217518359240e+00
9.552699999999999747e+00 1.181363625650402538e+00
9.571799999999999642e+00 1.177146242839164358e+00
9.590899999999999537e+00 1.187883410982520038e+00
9.609999999999999432e+00 1.192111732322178597e+00
9.629099999999999326e+00 1.180713820769254685e+00
9.648199999999999221e+00 1.188222945588179202e+00
9.667299999999999116e+00 1.160124613103976854e+00
9.686400000000000787e+00 1.152113523927046801e+00
9.705500000000000682e+00 1.136308237276714816e+00
9.724600000000000577e+00 1.126251643840846306e+00
9.743700000000000472e+00 1.113203172120153406e+00
9.762800000000000367e+00 1.104826178298694339e+00
9.781900000000000261e+00 1.102957574616615144e+00
9.801099999999999923e+00 1.101119355861177818e+00
9.820199999999999818e+00 1.092112705906004733e+00
9.839299999999999713e+00 1.083988110137948935e+00
9.858399999999999608e+00 1.078890043432852774e+00
9.877499999999999503e+00 1.071285120581579209e+00
9.896599999999999397e+00 1.067237203422857661e+00
9.915699999999999292e+00 1.084249850920761427e+00
9.934799999999999187e+00 1.093089643628109231e+00
9.953900000000000858e+00 1.096980200122232629e+00
9.973000000000000753e+00 1.078084791768468831e+00
9.992100000000000648e+00 1.050665328620691508e+00
1.001120000000000054e+01 1.048836806714546155e+00
1.003030000000000044e+01 1.054088052715379975e+00
1.004940000000000033e+01 1.084146641555513435e+00
1.006850000000000023e+01 1.077252391540569842e+00
1.008760000000000012e+01 1.052801542894931108e+00
1.010670000000000002e+01 1.052654978935590790e+00
1.012579999999999991e+01 1.038484207726891650e+00
1.014489999999999981e+01 1.045732827894940264e+00
1.016409999999999947e+01 1.063250779920454692e+00
1.018319999999999936e+01 1.070097077180775846e+00
1.020229999999999926e+01 1.057105995295043677e+00
1.022139999999999915e+01 1.037559983761997096e+00
1.024050000000000082e+01 1.026167735866749808e+00
1.025960000000000072e+01 1.023585262034016896e+00
1.027870000000000061e+01 1.007859538547270617e+00
1.029780000000000051e+01 1.000261819471068625e+00
1.031690000000000040e+01 1.002534781484285986e+00
1.033600000000000030e+01 9.870297748770943125e-01
1.035510000000000019e+01 9.707412761447544725e-01
1.037420000000000009e+01 9.720550262025232646e-01
1.039329999999999998e+01 9.646461982631425736e-01
1.041239999999999988e+01 9.597713267862268971e-01
1.043149999999999977e+01 9.661716104659071602e-01
1.045059999999999967e+01 9.623546528142644663e-01
1.046969999999999956e+01 9.558846172822830223e-01
1.048879999999999946e+01 9.718031143409111561e-01
1.050799999999999912e+01 1.003359724377832274e+00
1.052710000000000079e+01 9.937971146546468182e-01
1.054620000000000068e+01 9.798926112302702718e-01
1.056530000000000058e+01 9.541896468211876758e-01
1.058440000000000047e+01 9.480662354172330053e-01
1.060350000000000037e+01 8.982376823676883060e-01
1.062260000000000026e+01 8.961107923238221806e-01
1.064170000000000016e+01 9.352592046134796666e-01
1.066080000000000005e+01 9.101167864490747883e-01
1.067989999999999995e+01 9.079314206475780358e-01
1.069899999999999984e+01 9.304049947597344827e-01
1.071809999999999974e+01 9.233373670584470450e-01
1.073719999999999963e+01 9.384385574643823169e-01
1.075629999999999953e+01 9.052504188329321133e-01
1.077539999999999942e+01 8.932996265205288555e-01
1.079449999999999932e+01 8.840877507559984361e-01
1.081359999999999921e+01 8.945594971366388481e-01
1.083270000000000088e+01 9.164402851867867739e-01
1.085180000000000078e+01 9.216401447776920719e-01
1.087100000000000044e+01 9.104462328334749222e-01
1.089010000000000034e+01 8.882745339008162322e-01
1.090920000000000023e+01 8.639508531989764650e-01
1.092830000000000013e+01 8.524123019662734890e-01
1.094740000000000002e+01 8.263647955094620690e-01
1.096649999999999991e+01 8.465349087084650392e-01
1.098559999999999981e+01 8.443072429664910672e-01
1.100469999999999970e+01 8.432203924650892857e-01
1.102379999999999960e+01 8.262300727257791966e-01
1.104289999999999949e+01 8.353928207956453633e-01
1.106199999999999939e+01 8.240405858788727445e-01
1.108109999999999928e+01 8.173288202354908050e-01
1.110019999999999918e+01 8.061821166334435240e-01
1.111930000000000085e+01 8.023535768632699128e-01
1.113840000000000074e+01 8.002365944825330368e-01
1.115750000000000064e+01 8.019069448453769455e-01
1.117660000000000053e+01 7.985580484911790622e-01
1.119570000000000043e+01 7.916015205157324042e-01
1.121480000000000032e+01 7.917625017766372064e-01
1.123399999999999999e+01 7.936669377819991489e-01
1.125309999999999988e+01 7.850520681226622610e-01
1.127219999999999978e+01 7.841555181310864153e-01
1.129129999999999967e+01 7.892221232480204351e-01
1.131039999999999957e+01 7.896880917441960746e-01
1.132949999999999946e+01 7.879553234160865394e-01
1.134859999999999935e+01 7.814510210264884460e-01
1.136769999999999925e+01 7.727460085223679664e-01
1.138679999999999914e+01 7.605229052082518315e-01
1.140590000000000082e+01 7.403742064910117104e-01
1.142500000000000071e+01 7.323223198784437615e-01
1.144410000000000061e+01 7.364706059297941865e-01
1.146320000000000050e+01 7.424126778706384711e-01
1.148230000000000040e+01 7.451810607020447064e-01
1.150140000000000029e+01 7.555497008967750894e-01
1.152050000000000018e+01 7.488057514079267118e-01
1.153960000000000008e+01 7.374457933982951907e-01
1.155869999999999997e+01 7.302355270521799779e-01
1.157789999999999964e+01 7.036124592168376823e-01
1.159699999999999953e+01 6.896696186333131084e-01
1.161609999999999943e+01 6.947723416242524985e-01
1.163519999999999932e+01 6.934941533219513010e-01
1.165429999999999922e+01 6.873036145213798909e-01
1.167340000000000089e+01 7.028495182353827753e-01
1.169250000000000078e+01 7.054981092061552994e-01
1.171160000000000068e+01 7.022507158590106657e-01
1.173070000000000057e+01 7.006268230596032209e-01
1.174980000000000047e+01 7.121725355212299435e-01
1.176890000000000036e+01 7.312688653502402714e-01
1.178800000000000026e+01 7.493879947467524394e-01
1.180710000000000015e+01 7.540140392886739429e-01
1.182620000000000005e+01 7.318174495171105853e-01
1.184529999999999994e+01 7.029314840987465063e-01
1.186439999999999984e+01 6.880916126171865432e-01
1.188349999999999973e+01 6.760511164963715069e-01
1.190259999999999962e+01 6.713861120382245140e-01
1.192169999999999952e+01 6.804703901934359145e-01
1.194089999999999918e+01 6.676322436814802197e-01
1.196000000000000085e+01 6.593923008246340700e-01
1.197910000000000075e+01 6.544289281249320300e-01
1.199820000000000064e+01 6.485441374341991416e-01
1.201730000000000054e+01 6.546076079880307486e-01
1.203640000000000043e+01 6.352445186589880111e-01
1.205550000000000033e+01 6.317605023099196471e-01
1.207460000000000022e+01 6.334886637442477264e-01
1.209370000000000012e+01 6.360922452581012632e-01
1.211280000000000001e+01 6.437881166825393242e-01
1.213189999999999991e+01 6.395074772280179287e-01
1.215099999999999980e+01 6.346902771456588432e-01
1.217009999999999970e+01 6.332407381070230823e-01
1.218919999999999959e+01 6.223775413339447393e-01
1.220829999999999949e+01 6.097023558737388882e-01
1.222739999999999938e+01 6.143875628286389334e-01
1.224649999999999928e+01 6.241663389852721844e-01
1.226559999999999917e+01 6.171392442689465074e-01
1.228470000000000084e+01 6.165983806263086731e-01
1.230390000000000050e+01 6.168317954363584654e-01
1.232300000000000040e+01 6.200438871911273520e-01
1.234210000000000029e+01 6.220293405228749517e-01
1.236120000000000019e+01 6.183322524475414195e-01
1.238030000000000008e+01 6.275689806354890488e-01
1.239939999999999998e+01 6.160287404605251371e-01
1.241849999999999987e+01 6.051552755657351179e-01
1.243759999999999977e+01 6.018348748506017198e-01
1.245669999999999966e+01 6.033905282634224321e-01
1.247579999999999956e+01 6.091137643961427317e-01
1.249489999999999945e+01 6.014235948494198736e-01
1.251399999999999935e+01 5.850392543651405930e-01
1.253309999999999924e+01 5.688481778114893306e-01
1.255219999999999914e+01 5.450071479754020620e-01
1.257130000000000081e+01 5.430604950736173109e-01
1.259040000000000070e+01 5.478927045291853704e-01
1.260950000000000060e+01 5.535111493956768047e-01
1.262860000000000049e+01 5.569166105200633599e-01
1.264780000000000015e+01 5.571518260622222440e-01
1.266690000000000005e+01 5.554509253353767662e-01
1.268599999999999994e+01 5.527715343219785638e-01
1.270509999999999984e+01 5.405418599394825607e-01
1.272419999999999973e+01 5.467396474677937990e-01
1.274329999999999963e+01 5.446250902327147703e-01
1.276239999999999952e+01 5.421176241553734565e-01
1.278149999999999942e+01 5.430044290268191132e-01
1.280059999999999931e+01 5.462459095100229423e-01
1.281969999999999921e+01 5.425738693668320511e-01
1.283880000000000088e+01 5.352857997793025735e-01
1.285790000000000077e+01 5.412719090959164925e-01
1.287700000000000067e+01 5.449948473781333069e-01
1.289610000000000056e+01 5.516830688562984752e-01
1.291520000000000046e+01 5.594322550102128755e-01
1.293430000000000035e+01 5.496033181217954144e-01
1.295340000000000025e+01 5.472795131356560372e-01
1.297250000000000014e+01 5.570438829246152634e-01
1.299160000000000004e+01 5.503752384800468800e-01
1.301079999999999970e+01 5.488340712957362477e-01
1.302989999999999959e+01 5.408930827912092898e-01
1.304899999999999949e+01 5.311547255467270467e-01
1.306809999999999938e+01 5.267989689420997657e-01
1.308719999999999928e+01 5.258764078834201605e-01
1.310629999999999917e+01 5.300139286755712886e-01
1.312540000000000084e+01 5.394398280868573092e-01
1.314450000000000074e+01 5.465361054379147543e-01
1.316360000000000063e+01 5.453514030838734206e-01
1.318270000000000053e+01 5.471883046233239067e-01
1.320180000000000042e+01 5.429868569173390558e-01
1.322090000000000032e+01 5.373994342451305917e-01
1.324000000000000021e+01 5.214001819769830126e-01
1.325910000000000011e+01 5.190086944009543179e-01
1.327820000000000000e+01 5.189239093359604427e-01
1.329729999999999990e+01 5.169232591781051100e-01
1.331639999999999979e+01 5.124971630503232234e-01
1.333549999999999969e+01 5.080931936640008528e-01
1.335459999999999958e+01 5.094281639634337111e-01
1.337379999999999924e+01 5.062297822879321396e-01
1.339289999999999914e+01 5.087308442497567862e-01
1.341200000000000081e+01 5.029703462726494712e-01
1.343110000000000070e+01 4.991750538923358516e-01
1.345020000000000060e+01 4.969501505549482889e-01
1.346930000000000049e+01 4.979723704894701286e-01
1.348840000000000039e+01 4.974232249704107489e-01
1.350750000000000028e+01 4.947464772688125456e-01
1.352660000000000018e+01 4.926524465722862955e-01
1.354570000000000007e+01 4.921097620535448969e-01
1.356479999999999997e+01 4.878180762154304406e-01
1.358389999999999986e+01 4.951281161935922603e-01
1.360299999999999976e+01 4.976583690705933538e-01
1.362209999999999965e+01 4.983832537764185666e-01
1.364119999999999955e+01 4.962419457724451810e-01
1.366029999999999944e+01 4.917072803682584481e-01
1.367939999999999934e+01 4.891726712288075318e-01
1.369849999999999923e+01 4.916752130896589468e-01
1.371770000000000067e+01 4.920397542541881664e-01
1.373680000000000057e+01 4.971251386000178352e-01
1.375590000000000046e+01 4.942144699542719843e-01
1.377500000000000036e+01 4.951384504421442734e-01
1.379410000000000025e+01 4.960874909722269854e-01
1.381320000000000014e+01 5.007522216407201965e-01
1.383230000000000004e+01 4.958760355054256941e-01
1.385139999999999993e+01 4.987387614407886027e-01
1.387049999999999983e+01 4.988163017654274611e-01
1.388959999999999972e+01 5.001670537308513520e-01
1.390869999999999962e+01 4.914499626988519942e-01
1.392779999999999951e+01 4.923064555093026873e-01
1.394689999999999941e+01 4.960432702541237027e-01
1.396599999999999930e+01 4.870849146204778157e-01
1.398509999999999920e+01 4.810106015809567648e-01
1.400420000000000087e+01 4.750877454013214263e-01
1.402330000000000076e+01 4.746657221917428560e-01
1.404240000000000066e+01 4.760764455512892512e-01
1.406150000000000055e+01 4.765087048470105779e-01
1.408070000000000022e+01 4.738898279754730214e-01
1.409980000000000011e+01 4.754711070293630715e-01
1.411890000000000001e+01 4.720489449269378301e-01
1.413799999999999990e+01 4.720879562758745207e-01
1.415709999999999980e+01 4.783851233700550654e-01
1.417619999999999969e+01 4.849735892784780011e-01
1.419529999999999959e+01 4.853478900885229708e-01
1.421439999999999948e+01 4.924225685874786262e-01
1.423349999999999937e+01 5.062913667641579796e-01
1.425259999999999927e+01 4.942355544020990976e-01
1.427169999999999916e+01 4.995282937263502698e-01
1.429080000000000084e+01 4.874850725583027566e-01
1.430990000000000073e+01 4.911402065273424156e-01
1.432900000000000063e+01 4.878308319900920287e-01
1.434810000000000052e+01 4.866661661966534824e-01
1.436720000000000041e+01 4.874891993495585885e-01
1.438630000000000031e+01 4.893229991942521506e-01
1.440540000000000020e+01 4.832594924837710360e-01
1.442450000000000010e+01 4.793800311369864620e-01
1.444369999999999976e+01 4.812648431223311984e-01
1.446279999999999966e+01 4.761276521366202830e-01
1.448189999999999955e+01 4.720912579495856187e-01
1.450099999999999945e+01 4.746987962121562155e-01
1.452009999999999934e+01 4.712176494434089924e-01
1.453919999999999924e+01 4.656365518038918516e-01
1.455829999999999913e+01 4.639042548312127812e-01
1.457740000000000080e+01 4.601536834154271172e-01
1.459650000000000070e+01 4.574872850499717702e-01
1.461560000000000059e+01 4.490011641952708632e-01
1.463470000000000049e+01 4.432097343248919685e-01
1.465380000000000038e+01 4.427784900205872232e-01
1.467290000000000028e+01 4.422912905418531215e-01
1.469200000000000017e+01 4.432757833066536812e-01
1.471110000000000007e+01 4.404705222213551319e-01
1.473019999999999996e+01 4.384877037295862867e-01
1.474929999999999986e+01 4.406969152101560261e-01
1.476839999999999975e+01 4.459836059722075419e-01
1.478759999999999941e+01 4.522310666753135977e-01
1.480669999999999931e+01 4.548634284445552955e-01
1.482579999999999920e+01 4.578486003555086170e-01
1.484490000000000087e+01 4.568251730604258043e-01
1.486400000000000077e+01 4.574575347635245759e-01
1.488310000000000066e+01 4.555745146402193080e-01
1.490220000000000056e+01 4.511158679357196166e-01
1.492130000000000045e+01 4.495928535536811710e-01
1.494040000000000035e+01 4.443493522807743235e-01
1.495950000000000024e+01 4.341488882011521611e-01
1.497860000000000014e+01 4.358693498025519308e-01
1.499770000000000003e+01 4.396991040656720307e-01
1.501679999999999993e+01 4.491176349151405622e-01
1.503589999999999982e+01 4.567023351905745154e-01
1.505499999999999972e+01 4.608967481571446534e-01
1.507409999999999961e+01 4.583280189173105645e-01
1.509319999999999951e+01 4.495444677888820184e-01
1.511229999999999940e+01 4.464603826184642688e-01
1.513139999999999930e+01 4.430655964603421038e-01
1.515060000000000073e+01 4.429147277172066355e-01
1.516970000000000063e+01 4.401291763297150439e-01
1.518880000000000052e+01 4.382089444140139234e-01
1.520790000000000042e+01 4.351406113592231617e-01
1.522700000000000031e+01 4.341305621796877623e-01
1.524610000000000021e+01 4.389688007834663397e-01
1.526520000000000010e+01 4.415741375974173155e-01
1.528430000000000000e+01 4.439024362157743542e-01
1.530339999999999989e+01 4.451722309230163876e-01
1.532249999999999979e+01 4.507647005347799052e-01
1.534159999999999968e+01 4.500905691527739561e-01
1.536069999999999958e+01 4.536233679348551928e-01
1.537979999999999947e+01 4.524619022784447386e-01
1.539889999999999937e+01 4.460447649674175175e-01
1.541799999999999926e+01 4.321370949101735470e-01
1.543709999999999916e+01 4.265364742283894173e-01
1.545620000000000083e+01 4.237140692199675152e-01
1.547530000000000072e+01 4.226671732605607468e-01
1.549450000000000038e+01 4.242904727114388264e-01
1.551360000000000028e+01 4.265353530144300187e-01
1.553270000000000017e+01 4.223220589420072502e-01
1.555180000000000007e+01 4.190483265811435487e-01
1.557089999999999996e+01 4.226696950599701519e-01
1.558999999999999986e+01 4.278484297390148239e-01
1.560909999999999975e+01 4.257900914202409903e-01
1.562819999999999965e+01 4.239879700706358223e-01
1.564729999999999954e+01 4.277340210134931708e-01
1.566639999999999944e+01 4.323857651655881318e-01
1.568549999999999933e+01 4.308234917009230447e-01
1.570459999999999923e+01 4.293873615635278029e-01
1.572369999999999912e+01 4.245891477397502611e-01
1.574280000000000079e+01 4.273537637042424953e-01
1.576190000000000069e+01 4.320422342903912916e-01
1.578100000000000058e+01 4.341671961790395939e-01
1.580010000000000048e+01 4.375436417528077437e-01
1.581920000000000037e+01 4.459995513794131616e-01
1.583830000000000027e+01 4.531732406993556617e-01
1.585749999999999993e+01 4.538399738839403730e-01
1.587659999999999982e+01 4.594687963387539265e-01
1.589569999999999972e+01 4.533115487086639139e-01
1.591479999999999961e+01 4.543817957691774767e-01
1.593389999999999951e+01 4.547738277992331990e-01
1.595299999999999940e+01 4.542817603458423892e-01
1.597209999999999930e+01 4.555349374141772767e-01
1.599119999999999919e+01 4.606031128006970454e-01
1.601030000000000086e+01 4.591577005559826508e-01
1.602939999999999898e+01 4.566779415358065974e-01
1.604850000000000065e+01 4.601688598253459439e-01
1.606759999999999877e+01 4.656264309498323595e-01
1.608670000000000044e+01 4.633888005172084879e-01
1.610579999999999856e+01 4.612490740497212638e-01
1.612490000000000023e+01 4.561575256325371974e-01
1.614399999999999835e+01 4.570369918547698695e-01
1.616310000000000002e+01 4.547143383207684075e-01
1.618220000000000169e+01 4.498039405324062434e-01
1.620129999999999981e+01 4.546938974865622485e-01
1.622050000000000125e+01 4.579498342717215342e-01
1.623959999999999937e+01 4.596062564244098314e-01
1.625870000000000104e+01 4.596821987085826788e-01
1.627779999999999916e+01 4.609129037545016683e-01
1.629690000000000083e+01 4.601848143137920455e-01
1.631599999999999895e+01 4.631247866038842309e-01
1.633510000000000062e+01 4.672985610726259620e-01
1.635419999999999874e+01 4.664532092382966399e-01
1.637330000000000041e+01 4.664568774412594099e-01
1.639239999999999853e+01 4.682665971762823842e-01
1.641150000000000020e+01 4.625358595459209687e-01
1.643059999999999832e+01 4.679467526693522061e-01
1.644969999999999999e+01 4.650925437920634953e-01
1.646880000000000166e+01 4.586289594448583751e-01
1.648789999999999978e+01 4.536391036258178855e-01
1.650700000000000145e+01 4.539357833883507776e-01
1.652609999999999957e+01 4.532556336427365218e-01
1.654520000000000124e+01 4.531566355975155669e-01
1.656439999999999912e+01 4.512713155389826980e-01
1.658350000000000080e+01 4.462552935219410988e-01
1.660259999999999891e+01 4.342519532399176097e-01
1.662170000000000059e+01 4.285299317519005169e-01
1.664079999999999870e+01 4.242574742872721183e-01
1.665990000000000038e+01 4.248633530235284561e-01
1.667899999999999849e+01 4.279457526607626794e-01
1.669810000000000016e+01 4.306965633993133369e-01
1.671719999999999828e+01 4.296721270961573746e-01
1.673629999999999995e+01 4.289925950597509585e-01
1.675540000000000163e+01 4.258221680213775118e-01
1.677449999999999974e+01 4.256539100368647022e-01
1.679360000000000142e+01 4.276688809365505883e-01
1.681269999999999953e+01 4.267104813640159588e-01
1.683180000000000121e+01 4.317787568255608277e-01
1.685089999999999932e+01 4.267897674158726562e-01
1.687000000000000099e+01 4.253630968415984537e-01
1.688909999999999911e+01 4.264280634880818766e-01
1.690820000000000078e+01 4.215431541189114673e-01
1.692739999999999867e+01 4.216513271850840239e-01
1.694650000000000034e+01 4.255850912633887817e-01
1.696559999999999846e+01 4.277636851379280625e-01
1.698470000000000013e+01 4.344110482025800302e-01
1.700379999999999825e+01 4.387025311430896024e-01
1.702289999999999992e+01 4.456276025370816130e-01
1.704200000000000159e+01 4.502614508739203880e-01
1.706109999999999971e+01 4.491834249728840489e-01
1.708020000000000138e+01 4.491524513307308952e-01
1.709929999999999950e+01 4.474549327806489618e-01
1.711840000000000117e+01 4.496131687434382074e-01
1.713749999999999929e+01 4.546432499296459429e-01
1.715660000000000096e+01 4.580019766499586753e-01
1.717569999999999908e+01 4.581155302095721860e-01
1.719480000000000075e+01 4.600883610525714484e-01
1.721389999999999887e+01 4.606722944411250076e-01
1.723300000000000054e+01 4.615157596689803965e-01
1.725209999999999866e+01 4.599891215516628828e-01
1.727120000000000033e+01 4.587118582991238092e-01
1.729040000000000177e+01 4.551102995601363221e-01
1.730949999999999989e+01 4.575943741011939681e-01
1.732860000000000156e+01 4.567591510649951503e-01
1.734769999999999968e+01 4.593055884374832587e-01
1.736680000000000135e+01 4.537556068642153995e-01
1.738589999999999947e+01 4.539724188974537666e-01
1.740500000000000114e+01 4.497580320759766992e-01
1.742409999999999926e+01 4.477883277908321635e-01
1.744320000000000093e+01 4.507556260880591359e-01
1.746229999999999905e+01 4.530728607226905402e-01
1.748140000000000072e+01 4.536472805193590974e-01
1.750049999999999883e+01 4.552645275754658716e-01
1.751960000000000051e+01 4.531373947963010518e-01
1.753869999999999862e+01 4.567575611702024974e-01
1.755780000000000030e+01 4.574200949443275599e-01
1.757689999999999841e+01 4.560216459738982708e-01
1.759600000000000009e+01 4.544856214911583980e-01
1.761510000000000176e+01 4.549519534040140645e-01
1.763429999999999964e+01 4.585999067136704022e-01
1.765340000000000131e+01 4.580147323825127237e-01
1.767249999999999943e+01 4.559278008790880743e-01
1.769160000000000110e+01 4.496221759503396531e-01
1.771069999999999922e+01 4.468944410238429588e-01
1.772980000000000089e+01 4.485032748337917652e-01
1.774889999999999901e+01 4.462132313087698310e-01
1.776800000000000068e+01 4.483618360753493515e-01
1.778709999999999880e+01 4.477115994035549273e-01
1.780620000000000047e+01 4.507737314037024712e-01
1.782529999999999859e+01 4.540208640010249819e-01
1.784440000000000026e+01 4.581547816744623858e-01
1.786349999999999838e+01 4.579473277003649478e-01
1.788260000000000005e+01 4.581887820236617004e-01
1.790170000000000172e+01 4.574861402810843636e-01
1.792079999999999984e+01 4.559113647578532103e-01
1.793990000000000151e+01 4.549732627680164176e-01
1.795899999999999963e+01 4.560511218546095535e-01
1.797810000000000130e+01 4.560497239818628312e-01
1.799729999999999919e+01 4.570305958871632712e-01
1.801640000000000086e+01 4.566718292547833902e-01
1.803549999999999898e+01 4.486217576114094885e-01
1.805460000000000065e+01 4.532747616579781424e-01
1.807369999999999877e+01 4.512047858117322896e-01
1.809280000000000044e+01 4.513763835254179790e-01
1.811189999999999856e+01 4.462490549623082114e-01
1.813100000000000023e+01 4.475072521498814626e-01
1.815009999999999835e+01 4.434232558771509791e-01
1.816920000000000002e+01 4.434006812720863722e-01
1.818830000000000169e+01 4.486460211190637648e-01
1.820739999999999981e+01 4.451690842225297096e-01
1.822650000000000148e+01 4.398682552101723653e-01
1.824559999999999960e+01 4.341668818479447189e-01
1.826470000000000127e+01 4.254780078558822454e-01
1.828379999999999939e+01 4.304031439965839700e-01
1.830290000000000106e+01 4.312782245503869460e-01
1.832199999999999918e+01 4.306533821290435826e-01
1.834110000000000085e+01 4.304381818270194837e-01
1.836029999999999873e+01 4.287582191918858920e-01
1.837940000000000040e+01 4.294237452063459637e-01
1.839849999999999852e+01 4.322173792093627620e-01
1.841760000000000019e+01 4.362091637140873557e-01
1.843669999999999831e+01 4.373937361151048475e-01
1.845579999999999998e+01 4.384164674712021093e-01
1.847490000000000165e+01 4.373888944046695482e-01
1.849399999999999977e+01 4.354214620146644177e-01
1.851310000000000144e+01 4.313978946384450786e-01
1.853219999999999956e+01 4.325371248812325820e-01
1.855130000000000123e+01 4.317932769425923967e-01
1.857039999999999935e+01 4.341209725741926317e-01
1.858950000000000102e+01 4.367635199890182451e-01
1.860859999999999914e+01 4.341073288769603522e-01
1.862770000000000081e+01 4.313188421507156423e-01
1.864679999999999893e+01 4.292499048457861233e-01
1.866590000000000060e+01 4.303553116392592748e-01
1.868499999999999872e+01 4.287974967452770070e-01
1.870420000000000016e+01 4.323344320370902105e-01
1.872329999999999828e+01 4.369023309827095858e-01
1.874239999999999995e+01 4.399257708982529103e-01
1.876150000000000162e+01 4.402157822473073412e-01
1.878059999999999974e+01 4.385746772990210540e-01
1.879970000000000141e+01 4.407479386320504178e-01
1.881879999999999953e+01 4.430921962143555826e-01
1.883790000000000120e+01 4.377250746454645070e-01
1.885699999999999932e+01 4.379625193934633676e-01
1.887610000000000099e+01 4.412593992381205754e-01
1.889519999999999911e+01 4.472912454138632810e-01
1.891430000000000078e+01 4.478547090430659572e-01
1.893339999999999890e+01 4.448569186775108153e-01
1.895250000000000057e+01 4.464057189696745143e-01
1.897159999999999869e+01 4.414520050364977855e-01
1.899070000000000036e+01 4.424105435768102557e-01
1.900979999999999848e+01 4.404251318836790441e-01
1.902890000000000015e+01 4.383113334810203043e-01
1.904799999999999827e+01 4.373651111605657005e-01
1.906719999999999970e+01 4.348517981823911138e-01
1.908630000000000138e+01 4.355224476892557983e-01
1.910539999999999949e+01 4.344358792453799634e-01
1.912450000000000117e+01 4.315555392175075555e-01
1.914359999999999928e+01 4.350714123284691870e-01
1.916270000000000095e+01 4.378633259376822906e-01
1.918179999999999907e+01 4.381934660803247783e-01
1.920090000000000074e+01 4.391533203704664490e-01
1.921999999999999886e+01 4.388551586091636314e-01
1.923910000000000053e+01 4.350504972095251555e-01
1.925819999999999865e+01 4.291772232592228620e-01
1.927730000000000032e+01 4.264091101516934157e-01
1.929639999999999844e+01 4.277363889107249073e-01
1.931550000000000011e+01 4.280400990015471585e-01
1.933459999999999823e+01 4.292699540868020747e-01
1.935369999999999990e+01 4.313563679858684052e-01
1.937280000000000157e+01 4.349457379200948326e-01
1.939189999999999969e+01 4.306999075059861348e-01
1.941100000000000136e+01 4.281772902521383539e-01
1.943019999999999925e+01 4.259235288804431585e-01
1.944930000000000092e+01 4.226336998379909837e-01
1.946839999999999904e+01 4.199106481375285971e-01
1.948750000000000071e+01 4.190754427630787871e-01
1.950659999999999883e+01 4.141950644995813779e-01
1.952570000000000050e+01 4.118241563726814380e-01
1.954479999999999862e+01 4.103393739940434659e-01
1.956390000000000029e+01 4.094690744729566068e-01
1.958299999999999841e+01 4.091522476159961674e-01
1.960210000000000008e+01 4.115876426902673191e-01
1.962120000000000175e+01 4.145022481626949862e-01
1.964029999999999987e+01 4.161541917129766288e-01
1.965940000000000154e+01 4.194240781470600088e-01
1.967849999999999966e+01 4.127709647675854021e-01
1.969760000000000133e+01 4.145917583803329087e-01
1.971669999999999945e+01 4.154473668596737057e-01
1.973580000000000112e+01 4.137471459452109479e-01
1.975489999999999924e+01 4.145588035942820437e-01
1.977410000000000068e+01 4.157640313706648660e-01
1.979319999999999879e+01 4.184146253999978526e-01
1.981230000000000047e+01 4.192942145395048836e-01
1.983139999999999858e+01 4.215719991090480789e-01
1.985050000000000026e+01 4.262727312286795911e-01
1.986959999999999837e+01 4.172385122211184072e-01
1.988870000000000005e+01 4.138380516925852515e-01
1.990780000000000172e+01 4.086644310324676899e-01
1.992689999999999984e+01 4.081336076033232896e-01
1.994600000000000151e+01 4.051877545929745139e-01
1.996509999999999962e+01 4.038779276194535695e-01
1.998420000000000130e+01 4.059305708131785151e-01
2.000329999999999941e+01 4.054946620931564327e-01
2.002240000000000109e+01 4.050808629837521213e-01
2.004149999999999920e+01 4.027266935636750755e-01
2.006060000000000088e+01 4.060421863610835791e-01
2.007969999999999899e+01 4.056185511577425351e-01
2.009880000000000067e+01 4.040280304648340981e-01
2.011789999999999878e+01 4.021527328611263497e-01
2.013710000000000022e+01 3.998222928642090057e-01
2.015619999999999834e+01 3.967875013906773662e-01
2.017530000000000001e+01 3.931180969456590790e-01
2.019440000000000168e+01 3.910059717749945207e-01
2.021349999999999980e+01 3.911667499613644128e-01
2.023260000000000147e+01 3.930727316616272615e-01
2.025169999999999959e+01 3.948604604152322617e-01
2.027080000000000126e+01 3.998365510776958343e-01
2.028989999999999938e+01 4.032649654157007824e-01
2.030900000000000105e+01 4.032710536234904164e-01
2.032809999999999917e+01 4.005778727065699152e-01
2.034720000000000084e+01 4.015005201758053976e-01
2.036629999999999896e+01 4.037749066529569553e-01
2.038540000000000063e+01 4.030343028358619462e-01
2.040449999999999875e+01 4.019988271088887899e-01
2.042360000000000042e+01 3.996399855399912493e-01
2.044269999999999854e+01 4.007446657519125877e-01
2.046180000000000021e+01 4.043619100131923827e-01
2.048100000000000165e+01 4.082430621388487002e-01
2.050009999999999977e+01 4.135541219956908043e-01
2.051920000000000144e+01 4.152759863162318599e-01
2.053829999999999956e+01 4.217911368641720227e-01
2.055740000000000123e+01 4.086754359623570032e-01
2.057649999999999935e+01 4.026403697906479895e-01
2.059560000000000102e+01 3.989538847923636000e-01
2.061469999999999914e+01 3.978307441775402742e-01
2.063380000000000081e+01 3.943741579256069274e-01
2.065289999999999893e+01 3.938792937697164209e-01
2.067200000000000060e+01 3.908156883791290559e-01
2.069109999999999872e+01 3.921714827919426383e-01
2.071020000000000039e+01 3.906839114879787078e-01
2.072929999999999851e+01 3.953551577739547462e-01
2.074840000000000018e+01 4.020209538788565573e-01
2.076749999999999829e+01 4.027687378222129522e-01
2.078659999999999997e+01 4.031664557597032239e-01
2.080570000000000164e+01 4.023034747164289660e-01
2.082479999999999976e+01 4.018324434116447574e-01
2.084400000000000119e+01 4.007288542571350032e-01
2.086309999999999931e+01 4.021601575042879628e-01
2.088220000000000098e+01 4.016314094350772468e-01
2.090129999999999910e+01 4.016414647097421020e-01
2.092040000000000077e+01 3.986462238004288006e-01
2.093949999999999889e+01 3.955935670738687238e-01
2.095860000000000056e+01 3.910609847264036043e-01
2.097769999999999868e+01 3.838105256839801638e-01
2.099680000000000035e+01 3.819852099897899644e-01
2.101589999999999847e+01 3.804459037460043991e-01
2.103500000000000014e+01 3.781353108490464465e-01
2.105409999999999826e+01 3.736766288001947545e-01
2.107319999999999993e+01 3.722128532605995521e-01
2.109230000000000160e+01 3.726256459418701428e-01
2.111139999999999972e+01 3.736686217306697255e-01
2.113050000000000139e+01 3.713470851736504486e-01
2.114959999999999951e+01 3.701200682698048139e-01
2.116870000000000118e+01 3.702722772249597005e-01
2.118779999999999930e+01 3.695333987886690319e-01
2.120700000000000074e+01 3.683828413212443809e-01
2.122609999999999886e+01 3.641777320927953032e-01
2.124520000000000053e+01 3.623334834206864974e-01
2.126429999999999865e+01 3.598191867922592713e-01
2.128340000000000032e+01 3.561007763990180486e-01
2.130249999999999844e+01 3.530945996418434207e-01
2.132160000000000011e+01 3.473540735796166179e-01
2.134069999999999823e+01 3.433648965700429878e-01
2.135979999999999990e+01 3.389618843802079673e-01
2.137890000000000157e+01 3.376177454042906256e-01
2.139799999999999969e+01 3.364278966732184295e-01
2.141710000000000136e+01 3.354173924079172364e-01
2.143619999999999948e+01 3.333357762700984162e-01
2.145530000000000115e+01 3.302182042538669426e-01
2.147439999999999927e+01 3.289451734919906500e-01
2.149350000000000094e+01 3.281781044892240762e-01
2.151259999999999906e+01 3.286175934146334243e-01
2.153170000000000073e+01 3.282807944784550402e-01
2.155089999999999861e+01 3.246134613580368145e-01
2.157000000000000028e+01 3.225351328079056890e-01
2.158909999999999840e+01 3.238521700288738980e-01
2.160820000000000007e+01 3.278677194073278955e-01
2.162730000000000175e+01 3.316285188656838967e-01
2.164639999999999986e+01 3.351128243011095575e-01
2.166550000000000153e+01 3.365793064129092294e-01
2.168459999999999965e+01 3.382001576880180327e-01
2.170370000000000132e+01 3.411053410563860688e-01
2.172279999999999944e+01 3.450468632664549506e-01
2.174190000000000111e+01 3.484382248949330352e-01
2.176099999999999923e+01 3.522194036215685609e-01
2.178010000000000090e+01 3.558388047633133100e-01
2.179919999999999902e+01 3.573861011047404501e-01
2.181830000000000069e+01 3.623832219150154854e-01
2.183739999999999881e+01 3.646334997226785002e-01
2.185650000000000048e+01 3.663402629797486432e-01
2.187559999999999860e+01 3.679542706397673779e-01
2.189470000000000027e+01 3.690757955014691283e-01
2.191390000000000171e+01 3.693429560471259698e-01
2.193299999999999983e+01 3.705448448262959604e-01
2.195210000000000150e+01 3.713903816829604576e-01
2.197119999999999962e+01 3.720174223489610132e-01
2.199030000000000129e+01 3.733619718807913435e-01
2.200939999999999941e+01 3.749753696483043575e-01
2.202850000000000108e+01 3.768881726385831521e-01
2.204759999999999920e+01 3.793591838591597876e-01
2.206670000000000087e+01 3.825254024083848958e-01
2.208579999999999899e+01 3.826670669208816489e-01
2.210490000000000066e+01 3.824530491325232595e-01
2.212399999999999878e+01 3.817173453733389010e-01
2.214310000000000045e+01 3.820656762476909996e-01
2.216219999999999857e+01 3.797112809072756279e-01
2.218130000000000024e+01 3.789447416857365525e-01
2.220039999999999836e+01 3.769276022643537893e-01
2.221950000000000003e+01 3.766775825739316907e-01
2.223860000000000170e+01 3.766562709158300382e-01
2.225769999999999982e+01 3.749796406404799498e-01
2.227690000000000126e+01 3.753829972095252820e-01
2.229599999999999937e+01 3.751195165809241838e-01
2.231510000000000105e+01 3.748548160549410868e-01
2.233419999999999916e+01 3.746170730042013286e-01
2.235330000000000084e+01 3.777472546922249208e-01
2.237239999999999895e+01 3.789858699914717133e-01
2.239150000000000063e+01 3.761741519658091670e-01
2.241059999999999874e+01 3.763151563435442326e-01
2.242970000000000041e+01 3.773300331371153282e-01
2.244879999999999853e+01 3.779023462177970027e-01
2.246790000000000020e+01 3.772156558575208707e-01
2.248699999999999832e+01 3.771718528080593713e-01
2.250609999999999999e+01 3.774591091345896876e-01
2.252520000000000167e+01 3.790515917609000307e-01
2.254429999999999978e+01 3.807982967967740162e-01
2.256340000000000146e+01 3.820694111674353688e-01
2.258249999999999957e+01 3.798827226494155274e-01
2.260160000000000124e+01 3.772976017745153787e-01
2.262079999999999913e+01 3.756877039791123307e-01
2.263990000000000080e+01 3.748352554838481066e-01
2.265899999999999892e+01 3.755699160612522847e-01
2.267810000000000059e+01 3.772177983266800094e-01
2.269719999999999871e+01 3.804316229349752332e-01
2.271630000000000038e+01 3.835796564244633999e-01
2.273539999999999850e+01 3.856930840139731753e-01
2.275450000000000017e+01 3.865455760387868644e-01
2.277359999999999829e+01 3.888884833338780989e-01
2.279269999999999996e+01 3.900142026998749678e-01
2.281180000000000163e+01 3.908809711871133463e-01
2.283089999999999975e+01 3.938380318800392410e-01
2.285000000000000142e+01 3.974926472937375665e-01
2.286909999999999954e+01 4.006625400370004697e-01
2.288820000000000121e+01 4.008130892862181160e-01
2.290729999999999933e+01 3.994721799597355516e-01
2.292640000000000100e+01 4.001235416766008579e-01
2.294549999999999912e+01 4.024742513157578139e-01
2.296460000000000079e+01 4.057490277444563698e-01
2.298379999999999868e+01 4.097627912921850135e-01
2.300290000000000035e+01 4.135012971382073244e-01
2.302199999999999847e+01 4.161360862497222590e-01
2.304110000000000014e+01 4.193538849454406248e-01
2.306019999999999825e+01 4.222828614383848933e-01
2.307929999999999993e+01 4.241910168938713976e-01
2.309840000000000160e+01 4.250632395034780187e-01
2.311749999999999972e+01 4.270112513763946738e-01
2.313660000000000139e+01 4.297883485810067294e-01
2.315569999999999951e+01 4.328741632412303475e-01
2.317480000000000118e+01 4.364241297481912252e-01
2.319389999999999930e+01 4.403437666685479646e-01
2.321300000000000097e+01 4.436696032666123113e-01
2.323209999999999908e+01 4.466110367962972671e-01
2.325120000000000076e+01 4.479814587464727715e-01
2.327029999999999887e+01 4.480774851833412842e-01
2.328940000000000055e+01 4.487084529090610285e-01
2.330849999999999866e+01 4.505133384641936134e-01
2.332760000000000034e+01 4.529716449919824472e-01
2.334680000000000177e+01 4.548309978759944028e-01
2.336589999999999989e+01 4.567977422341348848e-01
2.338500000000000156e+01 4.592020305289141735e-01
2.340409999999999968e+01 4.616507292874194590e-01
2.342320000000000135e+01 4.635402895124450251e-01
2.344229999999999947e+01 4.645584647007180989e-01
2.346140000000000114e+01 4.647673308881131171e-01
2.348049999999999926e+01 4.652618290036092952e-01
2.349960000000000093e+01 4.663892397911671983e-01
2.351869999999999905e+01 4.694005577743515234e-01
2.353780000000000072e+01 4.728974209094271020e-01
2.355689999999999884e+01 4.755747637784722981e-01
2.357600000000000051e+01 4.763313842035518109e-01
2.359509999999999863e+01 4.775206931973140501e-01
2.361420000000000030e+01 4.802116251231771105e-01
2.363329999999999842e+01 4.822938583713181071e-01
2.365240000000000009e+01 4.830155074452199271e-01
2.367150000000000176e+01 4.836536360298819837e-01
2.369069999999999965e+01 4.840891871933532542e-01
2.370980000000000132e+01 4.848031398248960899e-01
2.372889999999999944e+01 4.855949027887668246e-01
2.374800000000000111e+01 4.860389530658337232e-01
2.376709999999999923e+01 4.872366697551106518e-01
2.378620000000000090e+01 4.895091670223361557e-01
2.380529999999999902e+01 4.920746526566261991e-01
2.382440000000000069e+01 4.941951763927148744e-01
2.384349999999999881e+01 4.965575748742841466e-01
2.386260000000000048e+01 4.980640768529271400e-01
2.388169999999999860e+01 4.994846674039570278e-01
2.390080000000000027e+01 5.016983751043450068e-01
2.391989999999999839e+01 5.039746802236841905e-01
2.393900000000000006e+01 5.054189634345724880e-01
2.395810000000000173e+01 5.062704490015889069e-01
2.397719999999999985e+01 5.079133732940238621e-01
2.399630000000000152e+01 5.091707867108132834e-01
2.401539999999999964e+01 5.095289986715255681e-01
2.403450000000000131e+01 5.103577346184451358e-01
2.405369999999999919e+01 5.114216903225742294e-01
2.407280000000000086e+01 5.127550841375946300e-01
2.409189999999999898e+01 5.138048401108782359e-01
2.411100000000000065e+01 5.153110564619078904e-01
2.413009999999999877e+01 5.171153723806599656e-01
2.414920000000000044e+01 5.189572967727104080e-01
2.416829999999999856e+01 5.200564909641495204e-01
2.418740000000000023e+01 5.208175629008855445e-01
2.420649999999999835e+01 5.219998403179259006e-01
2.422560000000000002e+01 5.235318126205069644e-01
2.424470000000000169e+01 5.250136769203941345e-01
2.426379999999999981e+01 5.259980641629908860e-01
2.428290000000000148e+01 5.265148435384326975e-01
2.430199999999999960e+01 5.271833005509958259e-01
2.432110000000000127e+01 5.280220766234712260e-01
2.434019999999999939e+01 5.290890563076126041e-01
2.435930000000000106e+01 5.306539394948464050e-01
2.437839999999999918e+01 5.326806578809007986e-01
2.439750000000000085e+01 5.351062604005665246e-01
2.441669999999999874e+01 5.371969468327023600e-01
2.443580000000000041e+01 5.388894642696053783e-01
2.445489999999999853e+01 5.405389276510429442e-01
2.447400000000000020e+01 5.421560778013350124e-01
2.449309999999999832e+01 5.438525201930074493e-01
2.451219999999999999e+01 5.455346835913942316e-01
2.453130000000000166e+01 5.470273563658291094e-01
2.455039999999999978e+01 5.486659000685224497e-01
2.456950000000000145e+01 5.506997302201473987e-01
2.458859999999999957e+01 5.518615023555992760e-01
2.460770000000000124e+01 5.524409491002881811e-01
2.462679999999999936e+01 5.539624018387376836e-01
2.464590000000000103e+01 5.559257624960589617e-01
2.466499999999999915e+01 5.578707683670862671e-01
2.468410000000000082e+01 5.597213532689169213e-01
2.470319999999999894e+01 5.615628673837429474e-01
2.472230000000000061e+01 5.633766813577335553e-01
2.474139999999999873e+01 5.652656285906313416e-01
2.476060000000000016e+01 5.674421274799293924e-01
2.477969999999999828e+01 5.697752234452970743e-01
2.479879999999999995e+01 5.718404930500526895e-01
2.481790000000000163e+01 5.738676502438689875e-01
2.483699999999999974e+01 5.759188096453552452e-01
2.485610000000000142e+01 5.777352748132549287e-01
2.487519999999999953e+01 5.795437906103246828e-01
2.489430000000000121e+01 5.813732830785498518e-01
2.491339999999999932e+01 5.832852213571464439e-01
2.493250000000000099e+01 5.851647274087412587e-01
2.495159999999999911e+01 5.870130318393597113e-01
2.497070000000000078e+01 5.885783505892688838e-01
2.498979999999999890e+01 5.899888157659005650e-01
2.500890000000000057e+01 5.915056286073893110e-01
2.502799999999999869e+01 5.930252346611585290e-01
2.504710000000000036e+01 5.945070338395079812e-01
2.506619999999999848e+01 5.960720476346451635e-01
2.508530000000000015e+01 5.976056084227366894e-01
2.510439999999999827e+01 5.991074769547142242e-01
2.512359999999999971e+01 6.006069805873595069e-01
2.514270000000000138e+01 6.019925025366738014e-01
2.516179999999999950e+01 6.032367542900786139e-01
2.518090000000000117e+01 6.046093405070992466e-01
2.519999999999999929e+01 6.061461784812606224e-01
2.521910000000000096e+01 6.076582837385330338e-01
2.523819999999999908e+01 6.089481941383646513e-01
2.525730000000000075e+01 6.102292716687344187e-01
2.527639999999999887e+01 6.115650258172566911e-01
2.529550000000000054e+01 6.128710850165154378e-01
2.531459999999999866e+01 6.140918180760088774e-01
2.533370000000000033e+01 6.153353748540203449e-01
2.535279999999999845e+01 6.166853617926549846e-01
2.537190000000000012e+01 6.180601451869264240e-01
2.539099999999999824e+01 6.194067543836726530e-01
2.541009999999999991e+01 6.207511409862861429e-01
2.542920000000000158e+01 6.219325836275966246e-01
2.544829999999999970e+01 6.231357370495487213e-01
2.546750000000000114e+01 6.243379673045530431e-01
2.548659999999999926e+01 6.254842664720213774e-01
2.550570000000000093e+01 6.266018800467489935e-01
2.552479999999999905e+01 6.277433881198697385e-01
2.554390000000000072e+01 6.288566720608717020e-01
2.556299999999999883e+01 6.299667102489789894e-01
2.558210000000000051e+01 6.311025114283196347e-01
2.560119999999999862e+01 6.322350426006895230e-01
2.562030000000000030e+01 6.333411079051494141e-01
2.563939999999999841e+01 6.344688152614684773e-01
2.565850000000000009e+01 6.356479204296606733e-01
2.567760000000000176e+01 6.368783524846165500e-01
2.569669999999999987e+01 6.380800267114096203e-01
2.571580000000000155e+01 6.392802834440906024e-01
2.573489999999999966e+01 6.404791212382949794e-01
2.575400000000000134e+01 6.415469847734367459e-01
2.577309999999999945e+01 6.425603804795835261e-01
2.579220000000000113e+01 6.434942151582905279e-01
2.581129999999999924e+01 6.444255475855263926e-01
2.583050000000000068e+01 6.454068985353387244e-01
2.584959999999999880e+01 6.463607067828949226e-01
2.586870000000000047e+01 6.472884854479434846e-01
2.588779999999999859e+01 6.482127417517420387e-01
2.590690000000000026e+01 6.491370658989520370e-01
2.592599999999999838e+01 6.501097884519539960e-01
2.594510000000000005e+01 6.511069798238431350e-01
2.596420000000000172e+01 6.521543015928707998e-01
2.598329999999999984e+01 6.531751799541363201e-01
2.600240000000000151e+01 6.541699543092803770e-01
2.602149999999999963e+01 6.551097419028463209e-01
2.604060000000000130e+01 6.561258244218108882e-01
2.605969999999999942e+01 6.571910683538698672e-01
2.607880000000000109e+01 6.581544321745227411e-01
2.609789999999999921e+01 6.590904339564513936e-01
2.611700000000000088e+01 6.599998608782021714e-01
2.613609999999999900e+01 6.609076040709017663e-01
2.615520000000000067e+01 6.618382442953967271e-01
2.617429999999999879e+01 6.628185401081607697e-01
2.619350000000000023e+01 6.638227214541821963e-01
2.621259999999999835e+01 6.648508611497279119e-01
2.623170000000000002e+01 6.658525837024409366e-01
2.625080000000000169e+01 6.668026283113178687e-01
2.626989999999999981e+01 6.677766618210521088e-01
2.628900000000000148e+01 6.686992455761449072e-01
2.630809999999999960e+01 6.696952212961319040e-01
2.632720000000000127e+01 6.706403913502029246e-01
2.634629999999999939e+01 6.716092330453798942e-01
2.636540000000000106e+01 6.724777466846673102e-01
2.638449999999999918e+01 6.732463276797856500e-01
2.640360000000000085e+01 6.741344791514977119e-01
2.642269999999999897e+01 6.751478506332272422e-01
2.644180000000000064e+01 6.760855786507926624e-01
2.646089999999999876e+01 6.769731442705595459e-01
2.648000000000000043e+01 6.778349722298901980e-01
2.649909999999999854e+01 6.786218556057008744e-01
2.651820000000000022e+01 6.793829204266790267e-01
2.653740000000000165e+01 6.801666942848363373e-01
2.655649999999999977e+01 6.809990806693119181e-01
2.657560000000000144e+01 6.817810202580122381e-01
2.659469999999999956e+01 6.826845077382549531e-01
2.661380000000000123e+01 6.835627794202980834e-01
2.663289999999999935e+01 6.844399243455047133e-01
2.665200000000000102e+01 6.852919818586844514e-01
2.667109999999999914e+01 6.861190531686466310e-01
2.669020000000000081e+01 6.869203318333756414e-01
2.670929999999999893e+01 6.877208585982200750e-01
2.672840000000000060e+01 6.885204565402798238e-01
2.674749999999999872e+01 6.892949514072468364e-01
2.676660000000000039e+01 6.900447997274807843e-01
2.678569999999999851e+01 6.907687812946384787e-01
2.680480000000000018e+01 6.915632177035359041e-01
2.682389999999999830e+01 6.924546523099288642e-01
2.684299999999999997e+01 6.932735589384634300e-01
2.686210000000000164e+01 6.940684665228874506e-01
2.688119999999999976e+01 6.946708599896559422e-01
2.690040000000000120e+01 6.951757027083602658e-01
2.691949999999999932e+01 6.957010856494917350e-01
2.693860000000000099e+01 6.963705218327355118e-01
2.695769999999999911e+01 6.971110632992851830e-01
2.697680000000000078e+01 6.978758474817600144e-01
2.699589999999999890e+01 6.985928501220189935e-01
2.701500000000000057e+01 6.992364712222627343e-01
2.703409999999999869e+01 6.999031238272924726e-01
2.705320000000000036e+01 7.005931229958131112e-01
2.707229999999999848e+01 7.012833892694363414e-01
2.709140000000000015e+01 7.018307202624941565e-01
2.711049999999999827e+01 7.023758924088885358e-01
2.712959999999999994e+01 7.030384508265241639e-01
2.714870000000000161e+01 7.037250194645983115e-01
2.716779999999999973e+01 7.044586024933413571e-01
2.718690000000000140e+01 7.050981535675510115e-01
2.720599999999999952e+01 7.056179527245856065e-01
2.722510000000000119e+01 7.062530538859302931e-01
2.724419999999999931e+01 7.069847165642391129e-01
2.726340000000000074e+01 7.075973492851894697e-01
2.728249999999999886e+01 7.081613583959813774e-01
2.730160000000000053e+01 7.088194998316652562e-01
2.732069999999999865e+01 7.094767146147358261e-01
2.733980000000000032e+01 7.101335015356167180e-01
2.735889999999999844e+01 7.107896964169786447e-01
2.737800000000000011e+01 7.114923018440315605e-01
2.739709999999999823e+01 7.121939261681967670e-01
2.741619999999999990e+01 7.129189861130982298e-01
2.743530000000000157e+01 7.135966011566250433e-01
2.745439999999999969e+01 7.142734274966208163e-01
2.747350000000000136e+01 7.149270350004740537e-01
2.749259999999999948e+01 7.155790181736033650e-01
2.751170000000000115e+01 7.162309939304266626e-01
2.753079999999999927e+01 7.168360264296044226e-01
2.754990000000000094e+01 7.174174692069090753e-01
2.756899999999999906e+01 7.179288080514568682e-01
2.758810000000000073e+01 7.184385900066115882e-01
2.760729999999999862e+01 7.190175714003672613e-01
2.762640000000000029e+01 7.195732261226721604e-01
2.764549999999999841e+01 7.201288763153418371e-01
2.766460000000000008e+01 7.206830058260154104e-01
2.768370000000000175e+01 7.212140376711743128e-01
2.770279999999999987e+01 7.217675407005912369e-01
2.772190000000000154e+01 7.224124766640478423e-01
2.774099999999999966e+01 7.231034640544846681e-01
2.776010000000000133e+01 7.238168567182799995e-01
2.777919999999999945e+01 7.245528896278087272e-01
2.779830000000000112e+01 7.252425278111711560e-01
2.781739999999999924e+01 7.259316118347907132e-01
2.783650000000000091e+01 7.265514300567560424e-01
2.785559999999999903e+01 7.271930388419106661e-01
2.787470000000000070e+01 7.278345794921458056e-01
2.789379999999999882e+01 7.284526768193090307e-01
2.791290000000000049e+01 7.290470947657209377e-01
2.793199999999999861e+01 7.296182859428828049e-01
2.795110000000000028e+01 7.302114790518096088e-01
2.797030000000000172e+01 7.308726235590491394e-01
2.798939999999999984e+01 7.314879691000727435e-01
2.800850000000000151e+01 7.321711781053297230e-01
2.802759999999999962e+01 7.328084416577888005e-01
2.804670000000000130e+01 7.333997959276269407e-01
2.806579999999999941e+01 7.338771377646072791e-01
2.808490000000000109e+01 7.343986524360376356e-01
2.810399999999999920e+01 7.349885465228201964e-01
2.812310000000000088e+01 7.355322169139688615e-01
2.814219999999999899e+01 7.361208636768248326e-01
2.816130000000000067e+01 7.366638000988872115e-01
2.818039999999999878e+01 7.372515574561318008e-01
2.819950000000000045e+01 7.378387778926128737e-01
2.821859999999999857e+01 7.384481861299841965e-01
2.823770000000000024e+01 7.391022707113086287e-01
2.825679999999999836e+01 7.397110779690486693e-01
2.827590000000000003e+01 7.402518492955934004e-01
2.829500000000000171e+01 7.407248896246603209e-01
2.831409999999999982e+01 7.411074527577434790e-01
2.833330000000000126e+01 7.415335636331528146e-01
2.835239999999999938e+01 7.420721188170074090e-01
2.837150000000000105e+01 7.427002345370895542e-01
2.839059999999999917e+01 7.433056018076252824e-01
2.840970000000000084e+01 7.439105967998159707e-01
2.842879999999999896e+01 7.444926711189391311e-01
2.844790000000000063e+01 7.450742107544470194e-01
2.846699999999999875e+01 7.457447230079553568e-01
2.848610000000000042e+01 7.463701120081014384e-01
2.850519999999999854e+01 7.470173320390484095e-01
2.852430000000000021e+01 7.476417027998241149e-01
2.854339999999999833e+01 7.483100673645023404e-01
2.856250000000000000e+01 7.489334003012853014e-01
2.858160000000000167e+01 7.495561836572884884e-01
2.860069999999999979e+01 7.502229790586545377e-01
2.861980000000000146e+01 7.508448229976136812e-01
2.863889999999999958e+01 7.514440106472595193e-01
2.865800000000000125e+01 7.519983646406231959e-01
2.867719999999999914e+01 7.525300550804315813e-01
2.869630000000000081e+01 7.531056686804955547e-01
2.871539999999999893e+01 7.536587647219272768e-01
2.873450000000000060e+01 7.542114191185130823e-01
2.875359999999999872e+01 7.547637425031904490e-01
2.877270000000000039e+01 7.552934487187736856e-01
2.879179999999999851e+01 7.558228215433471231e-01
2.881090000000000018e+01 7.563958600720713799e-01
2.882999999999999829e+01 7.569685341796488220e-01
2.884909999999999997e+01 7.574970249197164884e-01
2.886820000000000164e+01 7.579806669283759568e-01
2.888729999999999976e+01 7.585300743042083793e-01
2.890640000000000143e+01 7.591011070679626327e-01
2.892549999999999955e+01 7.596498024838390650e-01
2.894460000000000122e+01 7.602419487334495241e-01
2.896369999999999933e+01 7.608116974676130129e-01
2.898280000000000101e+01 7.613592218333653516e-01
2.900189999999999912e+01 7.618844798536109630e-01
2.902100000000000080e+01 7.624093118928385593e-01
2.904019999999999868e+01 7.629555642343041066e-01
2.905930000000000035e+01 7.635015211196475304e-01
2.907839999999999847e+01 7.640470884226124859e-01
2.909750000000000014e+01 7.645487712351475285e-01
2.911659999999999826e+01 7.650716740142015082e-01
2.913569999999999993e+01 7.656161234737343113e-01
2.915480000000000160e+01 7.661601529018208234e-01
2.917389999999999972e+01 7.666820579722104512e-01
2.919300000000000139e+01 7.672037817831990347e-01
2.921209999999999951e+01 7.676815577253376377e-01
2.923120000000000118e+01 7.681806971875156931e-01
2.925029999999999930e+01 7.686579017392191071e-01
2.926940000000000097e+01 7.691780761051513204e-01
2.928849999999999909e+01 7.696978996382761729e-01
2.930760000000000076e+01 7.702173730460627477e-01
2.932669999999999888e+01 7.707365649847295330e-01
2.934580000000000055e+01 7.712554079318257871e-01
2.936489999999999867e+01 7.717522369743126109e-01
2.938400000000000034e+01 7.722702952419789879e-01
2.940319999999999823e+01 7.728312397666239342e-01
2.942229999999999990e+01 7.733702621324297644e-01
2.944140000000000157e+01 7.738658750759050964e-01
2.946049999999999969e+01 7.743180906378653861e-01
2.947960000000000136e+01 7.748129528922184095e-01
2.949869999999999948e+01 7.752860395575779107e-01
2.951780000000000115e+01 7.757802491159033753e-01
2.953689999999999927e+01 7.762957223159233644e-01
2.955600000000000094e+01 7.768107816660851928e-01
2.957509999999999906e+01 7.773255004258396994e-01
2.959420000000000073e+01 7.778399489164314895e-01
2.961329999999999885e+01 7.783540222468297021e-01
2.963240000000000052e+01 7.788891545103425740e-01
2.965149999999999864e+01 7.794239193699887824e-01
2.967060000000000031e+01 7.799369841052016250e-01
2.968969999999999843e+01 7.804924211749912910e-01
2.970880000000000010e+01 7.810047849642977047e-01
2.972790000000000177e+01 7.815168889901676907e-01
2.974709999999999965e+01 7.820072713039722956e-01
2.976620000000000132e+01 7.825398664608925747e-01
2.978529999999999944e+01 7.830934597605297975e-01
2.980440000000000111e+01 7.836253551880606461e-01
2.982349999999999923e+01 7.841569287203353777e-01
2.984260000000000090e+01 7.846881426217862110e-01
2.986169999999999902e+01 7.852614074538480926e-01
2.988080000000000069e+01 7.857919154821301211e-01
2.989989999999999881e+01 7.863856520263353689e-01
2.991900000000000048e+01 7.869576800783124604e-01
2.993809999999999860e+01 7.875504555079325675e-01
2.995720000000000027e+01 7.882274512334356276e-01
2.997629999999999839e+01 7.889460761164295288e-01
2.999540000000000006e+01 7.896854709468632549e-01
3.001450000000000173e+01 7.904246407718764633e-01
3.003359999999999985e+01 7.910579897540789274e-01
3.005270000000000152e+01 7.915653682768130084e-01
3.007179999999999964e+01 7.920085744490824586e-01
3.009090000000000131e+01 7.924097677738487500e-01
3.011009999999999920e+01 7.927687481693048710e-01
3.012920000000000087e+01 7.931482540138067305e-01
3.014829999999999899e+01 7.935275269156504274e-01
3.016740000000000066e+01 7.938653007025767705e-01
3.018649999999999878e+01 7.942227394449163924e-01
3.020560000000000045e+01 7.946225009069161072e-01
3.022469999999999857e+01 7.950226543772015431e-01
3.024380000000000024e+01 7.953805004415543944e-01
3.026289999999999836e+01 7.957384002869565265e-01
3.028200000000000003e+01 7.960752807694752020e-01
3.030110000000000170e+01 7.964122589711045697e-01
3.032019999999999982e+01 7.966872944570794202e-01
3.033930000000000149e+01 7.969191320479462881e-01
3.035839999999999961e+01 7.971311672539592719e-01
3.037750000000000128e+01 7.972794074238265249e-01
3.039659999999999940e+01 7.974690730876153877e-01
3.041570000000000107e+01 7.976384427455855963e-01
3.043479999999999919e+01 7.977447549000040716e-01
3.045400000000000063e+01 7.978510962029000675e-01
3.047309999999999874e+01 7.979141830988628614e-01
3.049220000000000041e+01 7.980401319538847904e-01
3.051129999999999853e+01 7.981867270099411993e-01
3.053040000000000020e+01 7.982919835955722965e-01
3.054949999999999832e+01 7.983346136827744743e-01
3.056859999999999999e+01 7.983546079764576309e-01
3.058770000000000167e+01 7.984570239700786720e-01
3.060679999999999978e+01 7.986214519410902435e-01
3.062590000000000146e+01 7.989532156958882858e-01
3.064499999999999957e+01 7.993079361827529761e-01
3.066410000000000124e+01 7.995384663500024747e-01
3.068319999999999936e+01 7.996855947850476376e-01
3.070230000000000103e+01 7.997072702998733185e-01
3.072139999999999915e+01 7.996228662060118619e-01
3.074050000000000082e+01 7.995566922138683807e-01
3.075959999999999894e+01 7.997588685741529035e-01
3.077870000000000061e+01 8.000902664178211054e-01
3.079779999999999873e+01 8.004196264194827215e-01
3.081700000000000017e+01 8.009780514308532107e-01
3.083609999999999829e+01 8.014991015926785645e-01
3.085519999999999996e+01 8.018920099179134287e-01
3.087430000000000163e+01 8.023483985067544344e-01
3.089339999999999975e+01 8.027840598559232710e-01
3.091250000000000142e+01 8.031775824574461931e-01
3.093159999999999954e+01 8.035710657506797139e-01
3.095070000000000121e+01 8.039851006914048304e-01
3.096979999999999933e+01 8.043581407571399611e-01
3.098890000000000100e+01 8.046279735825687673e-01
3.100799999999999912e+01 8.047928777459629757e-01
3.102710000000000079e+01 8.049776090036619980e-01
3.104619999999999891e+01 8.052441737034174984e-01
3.106530000000000058e+01 8.056142583604053442e-01
3.108439999999999870e+01 8.061291931978987746e-01
3.110350000000000037e+01 8.067064357590526535e-01
3.112259999999999849e+01 8.073458449919918012e-01
3.114170000000000016e+01 8.079227430790372200e-01
3.116079999999999828e+01 8.085610153362559060e-01
3.117999999999999972e+01 8.092608584506689740e-01
3.119910000000000139e+01 8.100219684601335235e-01
3.121819999999999951e+01 8.108031393126015063e-01
3.123730000000000118e+01 8.116042253562448794e-01
3.125639999999999930e+01 8.124046527825160569e-01
3.127550000000000097e+01 8.132043228137195712e-01
3.129459999999999908e+01 8.139827608005192339e-01
3.131370000000000076e+01 8.147400859887015123e-01
3.133279999999999887e+01 8.154557748818579421e-01
3.135190000000000055e+01 8.161708366089240885e-01
3.137099999999999866e+01 8.169056752144260303e-01
3.139010000000000034e+01 8.176602061208728678e-01
3.140919999999999845e+01 8.184751020995001403e-01
3.142830000000000013e+01 8.193502443418303471e-01
3.144739999999999824e+01 8.202651214921795608e-01
3.146649999999999991e+01 8.212198708779712142e-01
3.148560000000000159e+01 8.222139438812603451e-01
3.150469999999999970e+01 8.233487995440572638e-01
3.152390000000000114e+01 8.243824273104063405e-01
3.154299999999999926e+01 8.252328020360073513e-01
3.156210000000000093e+01 8.261636479217484563e-01
3.158119999999999905e+01 8.269953440939545874e-01
3.160030000000000072e+01 8.274849558254557813e-01
3.161939999999999884e+01 8.277724008030765690e-01
3.163850000000000051e+01 8.281380718381007311e-01
3.165759999999999863e+01 8.284850902038036757e-01
3.167670000000000030e+01 8.287509766652937371e-01
3.169579999999999842e+01 8.290942916866913537e-01
3.171490000000000009e+01 8.296397831487848373e-01
3.173400000000000176e+01 8.301659887970112006e-01
3.175309999999999988e+01 8.306922644117183951e-01
3.177220000000000155e+01 8.312179503660961366e-01
3.179129999999999967e+01 8.318033346152549079e-01
3.181040000000000134e+01 8.324687719151655507e-01
3.182949999999999946e+01 8.332346026761335844e-01
3.184860000000000113e+01 8.341022443030142730e-01
3.186769999999999925e+01 8.349925121785974902e-01
3.188690000000000069e+01 8.356515428926813982e-01
3.190599999999999881e+01 8.361252332999167258e-01
3.192510000000000048e+01 8.367205625389345647e-01
3.194419999999999860e+01 8.370148897208194994e-01
3.196330000000000027e+01 8.369380770177803353e-01
3.198239999999999839e+01 8.369770503965779929e-01
3.200150000000000006e+01 8.371983548027172040e-01
3.202060000000000173e+01 8.373134170417783073e-01
3.203970000000000340e+01 8.371728639450553011e-01
3.205879999999999797e+01 8.369238606259931101e-01
3.207789999999999964e+01 8.366881564660415549e-01
3.209700000000000131e+01 8.362372623843459252e-01
3.211610000000000298e+01 8.354968872555565973e-01
3.213519999999999754e+01 8.343762175640179191e-01
3.215429999999999922e+01 8.327232831270727775e-01
3.217340000000000089e+01 8.305558349131894058e-01
3.219250000000000256e+01 8.284013079189062045e-01
3.221159999999999712e+01 8.264965719334677052e-01
3.223069999999999879e+01 8.245935145347329520e-01
3.224989999999999668e+01 8.232306776961879624e-01
3.226899999999999835e+01 8.225941226175959020e-01
3.228810000000000002e+01 8.222577670306969733e-01
3.230720000000000169e+01 8.219134061804321822e-01
3.232630000000000337e+01 8.214908863460418376e-01
3.234539999999999793e+01 8.209428997089364133e-01
3.236449999999999960e+01 8.203696889395674097e-01
3.238360000000000127e+01 8.198911229104943743e-01
3.240270000000000294e+01 8.193943964750044495e-01
3.242179999999999751e+01 8.191594417524997729e-01
3.244089999999999918e+01 8.197958338940020129e-01
3.246000000000000085e+01 8.206007091494555983e-01
3.247910000000000252e+01 8.210984105807256350e-01
3.249819999999999709e+01 8.224565041062416038e-01
3.251729999999999876e+01 8.243783458989242252e-01
3.253640000000000043e+01 8.257427217544557330e-01
3.255550000000000210e+01 8.266982848553834362e-01
3.257459999999999667e+01 8.276086303445170378e-01
3.259380000000000166e+01 8.285450336874687904e-01
3.261290000000000333e+01 8.289341521560196213e-01
3.263199999999999790e+01 8.292097603495629521e-01
3.265109999999999957e+01 8.300731836012307241e-01
3.267020000000000124e+01 8.308440716375355972e-01
3.268930000000000291e+01 8.313048884735138033e-01
3.270839999999999748e+01 8.315407005467391199e-01
3.272749999999999915e+01 8.310677344799582977e-01
3.274660000000000082e+01 8.301631011493926238e-01
3.276570000000000249e+01 8.292178666720143587e-01
3.278479999999999706e+01 8.278827404258590761e-01
3.280389999999999873e+01 8.267964937396838909e-01
3.282300000000000040e+01 8.265254408406950137e-01
3.284210000000000207e+01 8.264895146025685868e-01
3.286119999999999663e+01 8.266115602910573124e-01
3.288029999999999831e+01 8.270238124357127685e-01
3.289939999999999998e+01 8.273696810277787472e-01
3.291850000000000165e+01 8.274940449231704687e-01
3.293760000000000332e+01 8.274971372313805196e-01
3.295680000000000121e+01 8.273768790526333516e-01
3.297590000000000288e+01 8.272344010543462023e-01
3.299499999999999744e+01 8.269529913215392103e-01
3.301409999999999911e+01 8.267553859903172819e-01
3.303320000000000078e+01 8.267877092807176531e-01
3.305230000000000246e+01 8.267400577471717416e-01
3.307139999999999702e+01 8.267313734951026172e-01
3.309049999999999869e+01 8.266633384433184073e-01
3.310960000000000036e+01 8.266861228177302401e-01
3.312870000000000203e+01 8.270079548407274217e-01
3.314779999999999660e+01 8.276027727289130276e-01
3.316689999999999827e+01 8.281009148811062648e-01
3.318599999999999994e+01 8.289059107564379358e-01
3.320510000000000161e+01 8.300145018479596626e-01
3.322420000000000329e+01 8.307498306419538459e-01
3.324329999999999785e+01 8.312747131436026837e-01
3.326239999999999952e+01 8.317675362105789727e-01
3.328150000000000119e+01 8.320593908403671746e-01
3.330060000000000286e+01 8.322683163036741494e-01
3.331980000000000075e+01 8.323977789988652454e-01
3.333890000000000242e+01 8.326256244078310553e-01
3.335799999999999699e+01 8.325159620358106860e-01
3.337709999999999866e+01 8.314600610320418417e-01
3.339620000000000033e+01 8.309102788954694230e-01
3.341530000000000200e+01 8.311593326105310986e-01
3.343439999999999657e+01 8.309164222364201491e-01
3.345349999999999824e+01 8.311105988076881168e-01
3.347259999999999991e+01 8.319066286953267220e-01
3.349170000000000158e+01 8.326988124075117570e-01
3.351080000000000325e+01 8.331805389787571015e-01
3.352989999999999782e+01 8.332508111336152101e-01
3.354899999999999949e+01 8.326900972834337944e-01
3.356810000000000116e+01 8.315707968309475895e-01
3.358720000000000283e+01 8.302330263559579704e-01
3.360629999999999740e+01 8.288755668487076678e-01
3.362539999999999907e+01 8.278793248702935870e-01
3.364450000000000074e+01 8.272690189083905521e-01
3.366369999999999862e+01 8.270359376932454598e-01
3.368280000000000030e+01 8.270976953049180569e-01
3.370190000000000197e+01 8.272241948484987395e-01
3.372099999999999653e+01 8.273550622081937700e-01
3.374009999999999820e+01 8.273687592577113614e-01
3.375919999999999987e+01 8.274741587258730435e-01
3.377830000000000155e+01 8.277913841145843055e-01
3.379740000000000322e+01 8.273130628975415846e-01
3.381649999999999778e+01 8.262793571347430976e-01
3.383559999999999945e+01 8.259286471019028353e-01
3.385470000000000113e+01 8.259654044302768838e-01
3.387380000000000280e+01 8.261086208059152947e-01
3.389289999999999736e+01 8.267848522297757130e-01
3.391199999999999903e+01 8.281018974258798071e-01
3.393110000000000070e+01 8.294442796177586841e-01
3.395020000000000238e+01 8.307483544597511482e-01
3.396929999999999694e+01 8.317777520863530727e-01
3.398839999999999861e+01 8.323474345492413162e-01
3.400750000000000028e+01 8.321802673144773621e-01
3.402669999999999817e+01 8.315566265598388629e-01
3.404579999999999984e+01 8.313995144256577374e-01
3.406490000000000151e+01 8.318909900694824167e-01
3.408400000000000318e+01 8.324294164211896163e-01
3.410309999999999775e+01 8.328442031777885113e-01
3.412219999999999942e+01 8.334396852901247987e-01
3.414130000000000109e+01 8.340170950936595107e-01
3.416040000000000276e+01 8.345738951501521230e-01
3.417949999999999733e+01 8.351494637195505666e-01
3.419859999999999900e+01 8.358651572946754760e-01
3.421770000000000067e+01 8.365817678512965649e-01
3.423680000000000234e+01 8.372776033226381198e-01
3.425589999999999691e+01 8.380129398424528420e-01
3.427499999999999858e+01 8.387679189213568254e-01
3.429410000000000025e+01 8.395627242835153048e-01
3.431320000000000192e+01 8.403377686685777892e-01
3.433229999999999649e+01 8.410739459074305646e-01
3.435139999999999816e+01 8.416333379752733990e-01
3.437049999999999983e+01 8.419941927996303921e-01
3.438969999999999771e+01 8.421379434603837311e-01
3.440879999999999939e+01 8.421202337374485980e-01
3.442790000000000106e+01 8.421014080041596683e-01
3.444700000000000273e+01 8.422557436979601908e-01
3.446609999999999729e+01 8.426112745037008800e-01
3.448519999999999897e+01 8.431415644355839678e-01
3.450430000000000064e+01 8.439332210767954701e-01
3.452340000000000231e+01 8.445130934974212078e-01
3.454249999999999687e+01 8.447372040259497616e-01
3.456159999999999854e+01 8.448028944206579238e-01
3.458070000000000022e+01 8.445764550395155057e-01
3.459980000000000189e+01 8.438905881676015408e-01
3.461889999999999645e+01 8.433674433282440930e-01
3.463799999999999812e+01 8.432253893647725373e-01
3.465709999999999980e+01 8.431596426039213998e-01
3.467620000000000147e+01 8.434462383759711024e-01
3.469530000000000314e+01 8.440558659593699886e-01
3.471439999999999770e+01 8.444715179540667194e-01
3.473360000000000269e+01 8.448058111733826037e-01
3.475269999999999726e+01 8.451593439103051164e-01
3.477179999999999893e+01 8.455921350331727648e-01
3.479090000000000060e+01 8.460252513666139951e-01
3.481000000000000227e+01 8.465952506117012666e-01
3.482909999999999684e+01 8.471318494658309772e-01
3.484819999999999851e+01 8.472182218616670646e-01
3.486730000000000018e+01 8.470436790532983595e-01
3.488640000000000185e+01 8.468464936148956124e-01
3.490550000000000352e+01 8.465129524591891164e-01
3.492459999999999809e+01 8.462490112561962263e-01
3.494369999999999976e+01 8.464353438603272606e-01
3.496280000000000143e+01 8.471377737804733909e-01
3.498190000000000310e+01 8.479807904870384494e-01
3.500099999999999767e+01 8.489602701474494584e-01
3.502009999999999934e+01 8.501377130750801259e-01
3.503920000000000101e+01 8.513557717703978955e-01
3.505830000000000268e+01 8.522101369574761609e-01
3.507739999999999725e+01 8.522662371720364227e-01
3.509660000000000224e+01 8.518081151302900889e-01
3.511569999999999681e+01 8.512083862131309964e-01
3.513479999999999848e+01 8.504317438119650685e-01
3.515390000000000015e+01 8.495071348773045594e-01
3.517300000000000182e+01 8.488673458062447885e-01
3.519210000000000349e+01 8.488538835591152854e-01
3.521119999999999806e+01 8.491619056872842242e-01
3.523029999999999973e+01 8.495111521350469097e-01
3.524940000000000140e+01 8.499388763956654547e-01
3.526850000000000307e+01 8.504654300332439298e-01
3.528759999999999764e+01 8.509177843063610025e-01
3.530669999999999931e+01 8.511340968386347239e-01
3.532580000000000098e+01 8.513469480472858342e-01
3.534490000000000265e+01 8.517170657886218299e-01
3.536399999999999721e+01 8.520498077096531064e-01
3.538309999999999889e+01 8.523994519903611566e-01
3.540220000000000056e+01 8.528672530253303963e-01
3.542130000000000223e+01 8.534131024633828666e-01
3.544050000000000011e+01 8.540568197574863740e-01
3.545960000000000178e+01 8.548373133087436848e-01
3.547870000000000346e+01 8.557934844205661307e-01
3.549779999999999802e+01 8.566028122740769746e-01
3.551689999999999969e+01 8.566968386548249326e-01
3.553600000000000136e+01 8.563940987052703901e-01
3.555510000000000304e+01 8.560708774164532686e-01
3.557419999999999760e+01 8.553825276197157823e-01
3.559329999999999927e+01 8.547316174528105659e-01
3.561240000000000094e+01 8.545181930368199730e-01
3.563150000000000261e+01 8.532141414779726984e-01
3.565059999999999718e+01 8.525783777461363178e-01
3.566969999999999885e+01 8.532471138610676631e-01
3.568880000000000052e+01 8.532622181024049901e-01
3.570790000000000219e+01 8.534499889601162570e-01
3.572699999999999676e+01 8.538173781364565285e-01
3.574609999999999843e+01 8.542817545110533706e-01
3.576520000000000010e+01 8.548639302858038747e-01
3.578430000000000177e+01 8.556226740510971540e-01
3.580349999999999966e+01 8.563676480552044890e-01
3.582260000000000133e+01 8.563630133451747284e-01
3.584170000000000300e+01 8.559709465523758221e-01
3.586079999999999757e+01 8.558545494918178287e-01
3.587989999999999924e+01 8.556786538961967947e-01
3.589900000000000091e+01 8.555189047383687795e-01
3.591810000000000258e+01 8.556671600727616678e-01
3.593719999999999715e+01 8.560926256051027972e-01
3.595629999999999882e+01 8.565388347480312747e-01
3.597540000000000049e+01 8.570822404928517546e-01
3.599450000000000216e+01 8.576858328217344951e-01
3.601359999999999673e+01 8.581002825315381388e-01
3.603269999999999840e+01 8.580685144257733654e-01
3.605180000000000007e+01 8.578959814383224636e-01
3.607090000000000174e+01 8.576837561246517527e-01
3.609000000000000341e+01 8.575466782381113706e-01
3.610909999999999798e+01 8.573912000915224763e-01
3.612819999999999965e+01 8.572342292843104783e-01
3.614730000000000132e+01 8.572107234004222587e-01
3.616649999999999920e+01 8.571914814116730064e-01
3.618560000000000088e+01 8.571488898553549785e-01
3.620470000000000255e+01 8.571664444951881956e-01
3.622379999999999711e+01 8.572412818200321194e-01
3.624289999999999878e+01 8.573361842492339679e-01
3.626200000000000045e+01 8.574113800854802347e-01
3.628110000000000213e+01 8.576418181989567957e-01
3.630019999999999669e+01 8.577009139767688417e-01
3.631929999999999836e+01 8.575817937400636026e-01
3.633840000000000003e+01 8.576916092267582448e-01
3.635750000000000171e+01 8.581924992855975987e-01
3.637660000000000338e+01 8.586379891385563790e-01
3.639569999999999794e+01 8.592355405652979394e-01
3.641479999999999961e+01 8.600879854778228362e-01
3.643390000000000128e+01 8.607477406884235238e-01
3.645300000000000296e+01 8.613096801321469265e-01
3.647209999999999752e+01 8.617942333450431258e-01
3.649119999999999919e+01 8.622976549814150848e-01
3.651039999999999708e+01 8.627636673931797784e-01
3.652949999999999875e+01 8.630758975012351453e-01
3.654860000000000042e+01 8.632895928704389377e-01
3.656770000000000209e+01 8.636775154778080221e-01
3.658679999999999666e+01 8.638403420281677292e-01
3.660589999999999833e+01 8.633850000119467349e-01
3.662500000000000000e+01 8.627292151544773136e-01
3.664410000000000167e+01 8.622053104477408469e-01
3.666320000000000334e+01 8.617970042465492586e-01
3.668229999999999791e+01 8.614439574150886125e-01
3.670139999999999958e+01 8.613607069280747597e-01
3.672050000000000125e+01 8.614528611209826270e-01
3.673960000000000292e+01 8.617391376828950067e-01
3.675869999999999749e+01 8.621041389833891122e-01
3.677779999999999916e+01 8.624888051087269414e-01
3.679690000000000083e+01 8.629122588289491746e-01
3.681600000000000250e+01 8.633937924082377702e-01
3.683509999999999707e+01 8.638755499027079843e-01
3.685419999999999874e+01 8.643190801594605732e-01
3.687339999999999662e+01 8.647431105805493123e-01
3.689249999999999829e+01 8.651471808056437895e-01
3.691159999999999997e+01 8.656095594326996823e-01
3.693070000000000164e+01 8.660143735396422793e-01
3.694980000000000331e+01 8.663802875645955082e-01
3.696889999999999787e+01 8.667081251944165343e-01
3.698799999999999955e+01 8.669393006206841390e-01
3.700710000000000122e+01 8.672088620202850207e-01
3.702620000000000289e+01 8.674208068884714518e-01
3.704529999999999745e+01 8.675941977245887893e-01
3.706439999999999912e+01 8.678055771765837978e-01
3.708350000000000080e+01 8.679976061768802653e-01
3.710260000000000247e+01 8.682282822188212013e-01
3.712169999999999703e+01 8.684394088351249374e-01
3.714079999999999870e+01 8.687463111664400772e-01
3.715990000000000038e+01 8.690537049437329076e-01
3.717900000000000205e+01 8.693616264197268073e-01
3.719809999999999661e+01 8.695547197354632774e-01
3.721719999999999828e+01 8.696529713426097707e-01
3.723640000000000327e+01 8.695970727002568790e-01
3.725549999999999784e+01 8.694443709158599098e-01
3.727459999999999951e+01 8.692715829016744999e-01
3.729370000000000118e+01 8.691926746928710923e-01
3.731280000000000285e+01 8.692864621956585269e-01
3.733189999999999742e+01 8.694953908996789771e-01
3.735099999999999909e+01 8.698390259775493627e-01
3.737010000000000076e+01 8.702024105758973116e-01
3.738920000000000243e+01 8.706614685369441498e-01
3.740829999999999700e+01 8.710829641943740320e-01
3.742739999999999867e+01 8.714856339223782111e-01
3.744650000000000034e+01 8.718499268931083623e-01
3.746560000000000201e+01 8.721771002594145283e-01
3.748469999999999658e+01 8.722575871183804175e-01
3.750379999999999825e+01 8.720692479967525612e-01
3.752289999999999992e+01 8.718408477029055970e-01
3.754200000000000159e+01 8.715550454299119121e-01
3.756110000000000326e+01 8.711909517210982834e-01
3.758030000000000115e+01 8.709190934762485181e-01
3.759940000000000282e+01 8.709344950112334338e-01
3.761849999999999739e+01 8.711608683877338777e-01
3.763759999999999906e+01 8.715413738916190090e-01
3.765670000000000073e+01 8.720554447551398525e-01
3.767580000000000240e+01 8.726667193858255178e-01
3.769489999999999696e+01 8.731827141949725091e-01
3.771399999999999864e+01 8.736607023965782259e-01
3.773310000000000031e+01 8.740054748235409621e-01
3.775220000000000198e+01 8.742928278115746910e-01
3.777129999999999654e+01 8.744284579912908750e-01
3.779039999999999822e+01 8.744682614729781811e-01
3.780949999999999989e+01 8.744508602449392320e-01
3.782860000000000156e+01 8.743567951672549521e-01
3.784770000000000323e+01 8.741670555526277475e-01
3.786679999999999779e+01 8.739757480904849496e-01
3.788589999999999947e+01 8.738218150236928272e-01
3.790500000000000114e+01 8.737055888705217432e-01
3.792410000000000281e+01 8.737602601196705621e-01
3.794330000000000069e+01 8.739300670179188657e-01
3.796240000000000236e+01 8.741569943350665506e-01
3.798149999999999693e+01 8.744988859822644400e-01
3.800059999999999860e+01 8.748600148829631662e-01
3.801970000000000027e+01 8.752595879553082270e-01
3.803880000000000194e+01 8.756402610782442197e-01
3.805789999999999651e+01 8.759827182781959598e-01
3.807699999999999818e+01 8.763442901842090071e-01
3.809609999999999985e+01 8.766677711956000207e-01
3.811520000000000152e+01 8.769912159470965030e-01
3.813430000000000319e+01 8.772959627685691375e-01
3.815339999999999776e+01 8.775248447692441944e-01
3.817249999999999943e+01 8.776966594934419996e-01
3.819160000000000110e+01 8.777924421923787301e-01
3.821070000000000277e+01 8.778689664577179474e-01
3.822979999999999734e+01 8.779077334215676931e-01
3.824889999999999901e+01 8.778699682677914007e-01
3.826800000000000068e+01 8.779069353612209969e-01
3.828710000000000235e+01 8.780395212279366035e-01
3.830630000000000024e+01 8.781340380835126469e-01
3.832540000000000191e+01 8.782470660935925988e-01
3.834449999999999648e+01 8.784549798115356412e-01
3.836359999999999815e+01 8.787196962345625861e-01
3.838269999999999982e+01 8.790606987222050472e-01
3.840180000000000149e+01 8.793832774343851577e-01
3.842090000000000316e+01 8.796675996016918297e-01
3.843999999999999773e+01 8.799708542419680812e-01
3.845909999999999940e+01 8.802749666629635650e-01
3.847820000000000107e+01 8.804091658757269290e-01
3.849730000000000274e+01 8.804101549696047302e-01
3.851639999999999731e+01 8.804476137508476796e-01
3.853549999999999898e+01 8.805420571569564370e-01
3.855460000000000065e+01 8.806744395411593151e-01
3.857370000000000232e+01 8.808444504945550646e-01
3.859279999999999688e+01 8.810154073968097244e-01
3.861189999999999856e+01 8.810914735329682390e-01
3.863100000000000023e+01 8.811480164994828224e-01
3.865019999999999811e+01 8.812609001410233178e-01
3.866929999999999978e+01 8.814496100032651604e-01
3.868840000000000146e+01 8.815448263245558858e-01
3.870750000000000313e+01 8.818443962625240884e-01
3.872659999999999769e+01 8.822242017209421805e-01
3.874569999999999936e+01 8.823200169576539409e-01
3.876480000000000103e+01 8.824328478424255939e-01
3.878390000000000271e+01 8.825465565768033649e-01
3.880299999999999727e+01 8.826977173495136331e-01
3.882209999999999894e+01 8.828296748891960588e-01
3.884120000000000061e+01 8.830366255120745134e-01
3.886030000000000229e+01 8.833386507663814058e-01
3.887939999999999685e+01 8.835666274088406213e-01
3.889849999999999852e+01 8.836426993181093481e-01
3.891760000000000019e+01 8.837746093325744567e-01
3.893670000000000186e+01 8.838886023648454549e-01
3.895580000000000354e+01 8.840206890231632197e-01
3.897489999999999810e+01 8.842097426792965287e-01
3.899399999999999977e+01 8.843057993223156776e-01
3.901319999999999766e+01 8.842320865100068428e-01
3.903229999999999933e+01 8.840442050403870544e-01
3.905140000000000100e+01 8.839294994139261785e-01
3.907050000000000267e+01 8.839097019832248270e-01
3.908959999999999724e+01 8.838707368997379410e-01
3.910869999999999891e+01 8.839812972827356674e-01
3.912780000000000058e+01 8.842997891777701902e-01
3.914690000000000225e+01 8.847140426112488631e-01
3.916599999999999682e+01 8.850904470680364122e-01
3.918509999999999849e+01 8.854486064003301848e-01
3.920420000000000016e+01 8.857505678214410150e-01
3.922330000000000183e+01 8.859774176799256606e-01
3.924240000000000350e+01 8.861851359324512956e-01
3.926149999999999807e+01 8.863369634498122762e-01
3.928059999999999974e+01 8.863381899263236274e-01
3.929970000000000141e+01 8.863943714031926602e-01
3.931880000000000308e+01 8.865260892806164916e-01
3.933789999999999765e+01 8.866585926663346218e-01
3.935699999999999932e+01 8.867158043099703235e-01
3.937619999999999720e+01 8.866976095503423805e-01
3.939529999999999887e+01 8.867166479342933894e-01
3.941440000000000055e+01 8.866979747117506028e-01
3.943350000000000222e+01 8.866789351250193851e-01
3.945259999999999678e+01 8.866780941820251449e-01
3.947169999999999845e+01 8.867707875685703067e-01
3.949080000000000013e+01 8.869204491292936865e-01
3.950990000000000180e+01 8.870702098571308092e-01
3.952900000000000347e+01 8.872762002268691495e-01
3.954809999999999803e+01 8.874821577014723184e-01
3.956719999999999970e+01 8.877634873920138281e-01
3.958630000000000138e+01 8.880452485380995187e-01
3.960540000000000305e+01 8.883458935124155520e-01
3.962449999999999761e+01 8.886282291665411615e-01
3.964359999999999928e+01 8.887986892655989069e-01
3.966270000000000095e+01 8.888752205264141004e-01
3.968180000000000263e+01 8.888954410432456932e-01
3.970089999999999719e+01 8.888025757284357953e-01
3.972010000000000218e+01 8.887461934915164008e-01
3.973919999999999675e+01 8.887826905044057257e-01
3.975829999999999842e+01 8.888388189694795827e-01
3.977740000000000009e+01 8.889319513104162462e-01
3.979650000000000176e+01 8.890814412987390059e-01
3.981560000000000343e+01 8.892503727756795318e-01
3.983469999999999800e+01 8.893820407262358341e-01
3.985379999999999967e+01 8.894576095541705252e-01
3.987290000000000134e+01 8.895519169904696488e-01
3.989200000000000301e+01 8.895710325400104646e-01
3.991109999999999758e+01 8.896087569167706599e-01
3.993019999999999925e+01 8.895901511971523457e-01
3.994930000000000092e+01 8.896085012611620879e-01
3.996840000000000259e+01 8.896452109999956059e-01
3.998749999999999716e+01 8.896823033307077466e-01
4.000659999999999883e+01 8.897563729296360524e-01
4.002570000000000050e+01 8.898679140047348612e-01
4.004480000000000217e+01 8.900544785491703026e-01
4.006389999999999674e+01 8.902232174561629519e-01
4.008310000000000173e+01 8.903914598920507073e-01
4.010220000000000340e+01 8.904858623836193754e-01
4.012129999999999797e+01 8.905602513881407667e-01
4.014039999999999964e+01 8.906725288027494969e-01
4.015950000000000131e+01 8.907284295197336332e-01
4.017860000000000298e+01 8.908398840880847880e-01
4.019769999999999754e+01 8.909886453123759820e-01
4.021679999999999922e+01 8.912313429743087267e-01
4.023590000000000089e+01 8.914931058199511149e-01
4.025500000000000256e+01 8.917364286319808819e-01
4.027409999999999712e+01 8.919613365746398292e-01
4.029319999999999879e+01 8.921678642683623650e-01
4.031230000000000047e+01 8.923371407247171483e-01
4.033140000000000214e+01 8.923949955728649464e-01
4.035049999999999670e+01 8.923777150866756269e-01
4.036959999999999837e+01 8.923228628420881714e-01
4.038870000000000005e+01 8.921750544049066312e-01
4.040780000000000172e+01 8.919328741701340046e-01
4.042699999999999960e+01 8.916327610928609371e-01
4.044610000000000127e+01 8.914436954537329205e-01
4.046520000000000294e+01 8.913848380762195989e-01
4.048429999999999751e+01 8.914014098878663139e-01
4.050339999999999918e+01 8.915300646181159028e-01
4.052250000000000085e+01 8.917894912031828492e-01
4.054160000000000252e+01 8.921059936307181859e-01
4.056069999999999709e+01 8.924788223490927042e-01
4.057979999999999876e+01 8.927962264107250911e-01
4.059890000000000043e+01 8.930764659742558287e-01
4.061800000000000210e+01 8.932631538823070372e-01
4.063709999999999667e+01 8.934868371990611902e-01
4.065619999999999834e+01 8.936732583743406400e-01
4.067530000000000001e+01 8.938968417142609812e-01
4.069440000000000168e+01 8.941205480837237651e-01
4.071350000000000335e+01 8.943631020084059635e-01
4.073259999999999792e+01 8.945496114227422524e-01
4.075169999999999959e+01 8.947360833629569576e-01
4.077080000000000126e+01 8.949225178507191902e-01
4.078999999999999915e+01 8.951089149076778551e-01
4.080910000000000082e+01 8.952951810784388620e-01
4.082820000000000249e+01 8.954815026233791109e-01
4.084729999999999706e+01 8.957050961406014533e-01
4.086639999999999873e+01 8.959473353999810596e-01
4.088550000000000040e+01 8.960792349290126468e-01
4.090460000000000207e+01 8.962093154567972730e-01
4.092369999999999663e+01 8.965070124158709408e-01
4.094279999999999831e+01 8.962541211542033315e-01
4.096189999999999998e+01 8.960242733820646954e-01
4.098100000000000165e+01 8.963221452379086518e-01
4.100010000000000332e+01 8.965080648244647676e-01
4.101919999999999789e+01 8.966761186914199433e-01
4.103829999999999956e+01 8.967701634154177093e-01
4.105740000000000123e+01 8.968075596712686837e-01
4.107650000000000290e+01 8.968825845590054913e-01
4.109559999999999746e+01 8.968647091365969937e-01
4.111469999999999914e+01 8.968461264496624397e-01
4.113380000000000081e+01 8.968457712335231591e-01
4.115299999999999869e+01 8.968638857398586461e-01
4.117210000000000036e+01 8.969188272608460410e-01
4.119120000000000203e+01 8.970295237476304528e-01
4.121029999999999660e+01 8.972148563554219747e-01
4.122939999999999827e+01 8.973818014863351733e-01
4.124849999999999994e+01 8.975860693113282274e-01
4.126760000000000161e+01 8.977533802505833771e-01
4.128670000000000329e+01 8.979396639240746492e-01
4.130579999999999785e+01 8.980886952078753760e-01
4.132489999999999952e+01 8.981820468393317825e-01
4.134400000000000119e+01 8.982757504877847410e-01
4.136310000000000286e+01 8.983136918607161903e-01
4.138219999999999743e+01 8.983329752128496049e-01
4.140129999999999910e+01 8.983335949534201337e-01
4.142040000000000077e+01 8.982597603057131952e-01
4.143950000000000244e+01 8.981855430865059997e-01
4.145859999999999701e+01 8.980737041695304734e-01
4.147769999999999868e+01 8.980350005981535544e-01
4.149689999999999657e+01 8.981082858140556624e-01
4.151599999999999824e+01 8.981814766154916363e-01
4.153509999999999991e+01 8.982916903680231435e-01
4.155420000000000158e+01 8.984578980051034502e-01
4.157330000000000325e+01 8.986798352802127798e-01
4.159239999999999782e+01 8.988464156319700971e-01
4.161149999999999949e+01 8.990500446122440259e-01
4.163060000000000116e+01 8.992538328876517051e-01
4.164970000000000283e+01 8.994577777806984642e-01
4.166879999999999740e+01 8.996430499583464302e-01
4.168789999999999907e+01 8.998474205925018898e-01
4.170700000000000074e+01 8.999406500385862540e-01
4.172610000000000241e+01 9.000331352211669023e-01
4.174519999999999698e+01 9.001630647122178530e-01
4.176429999999999865e+01 9.002005225615232753e-01
4.178340000000000032e+01 9.002737218427337984e-01
4.180250000000000199e+01 9.004401077987235213e-01
4.182159999999999656e+01 9.005879590344312291e-01
4.184069999999999823e+01 9.007731020935790811e-01
4.185990000000000322e+01 9.009389897567778860e-01
4.187899999999999778e+01 9.011982395106963306e-01
4.189809999999999945e+01 9.013837750798818771e-01
4.191720000000000113e+01 9.015871366077820026e-01
4.193630000000000280e+01 9.017913007072556608e-01
4.195539999999999736e+01 9.019583771735935063e-01
4.197449999999999903e+01 9.021255536095149630e-01
4.199360000000000070e+01 9.022930725706120869e-01
4.201270000000000238e+01 9.024236700128824840e-01
4.203179999999999694e+01 9.024997834576060640e-01
4.205089999999999861e+01 9.024471565686530417e-01
4.207000000000000028e+01 9.023012075902999696e-01
4.208910000000000196e+01 9.020997331755359339e-01
4.210819999999999652e+01 9.017508840117565150e-01
4.212729999999999819e+01 9.012873822065901042e-01
4.214639999999999986e+01 9.009874708383424080e-01
4.216550000000000153e+01 9.009646306889356193e-01
4.218460000000000321e+01 9.011472787492397218e-01
4.220369999999999777e+01 9.014038771481619472e-01
4.222290000000000276e+01 9.017547710893842883e-01
4.224199999999999733e+01 9.020318472637178786e-01
4.226109999999999900e+01 9.022722232811356546e-01
4.228020000000000067e+01 9.025494684282897584e-01
4.229930000000000234e+01 9.026258371330304620e-01
4.231839999999999691e+01 9.025522158139388518e-01
4.233749999999999858e+01 9.025695098971231456e-01
4.235660000000000025e+01 9.026435983378666705e-01
4.237570000000000192e+01 9.026434825769197312e-01
4.239479999999999649e+01 9.028070824751039947e-01
4.241389999999999816e+01 9.030844832050411997e-01
4.243299999999999983e+01 9.033428110729533334e-01
4.245210000000000150e+01 9.035289549538810805e-01
4.247120000000000317e+01 9.035856858002427883e-01
4.249029999999999774e+01 9.035683240479772671e-01
4.250939999999999941e+01 9.034955309638467158e-01
4.252850000000000108e+01 9.033116821625452042e-01
4.254760000000000275e+01 9.031077074876970867e-01
4.256680000000000064e+01 9.030138514820642559e-01
4.258590000000000231e+01 9.029386210831962245e-01
4.260499999999999687e+01 9.029359768283333754e-01
4.262409999999999854e+01 9.031547290164848585e-01
4.264320000000000022e+01 9.035221551498028303e-01
4.266230000000000189e+01 9.039269203105098072e-01
4.268139999999999645e+01 9.043873271062105035e-01
4.270049999999999812e+01 9.048299156532770837e-01
4.271959999999999980e+01 9.051991758854719405e-01
4.273870000000000147e+01 9.054950821785371362e-01
4.275780000000000314e+01 9.056440655616648794e-01
4.277689999999999770e+01 9.057005053578540688e-01
4.279599999999999937e+01 9.057564522032907073e-01
4.281510000000000105e+01 9.057572149564375730e-01
4.283420000000000272e+01 9.057577709922994824e-01
4.285329999999999728e+01 9.057572149564375730e-01
4.287239999999999895e+01 9.058854603877078970e-01
4.289150000000000063e+01 9.059774435537987225e-01
4.291060000000000230e+01 9.061606332104548134e-01
4.292980000000000018e+01 9.064362610513068130e-01
4.294890000000000185e+01 9.068589458390021729e-01
4.296800000000000352e+01 9.071750727746508147e-01
4.298709999999999809e+01 9.071791305421579299e-01
4.300619999999999976e+01 9.067256418356295367e-01
4.302530000000000143e+01 9.064069594996234658e-01
4.304440000000000310e+01 9.063361949122552552e-01
4.306349999999999767e+01 9.059674115998868071e-01
4.308259999999999934e+01 9.058881685675750361e-01
4.310170000000000101e+01 9.063801717860126006e-01
4.312080000000000268e+01 9.070061660466648412e-01
4.313989999999999725e+01 9.074487806310123084e-01
4.315899999999999892e+01 9.076905085010783525e-01
4.317810000000000059e+01 9.077851731793490364e-01
4.319720000000000226e+01 9.076790474598069869e-01
4.321629999999999683e+01 9.073876639056023263e-01
4.323539999999999850e+01 9.070021778583088334e-01
4.325450000000000017e+01 9.067428711358573867e-01
4.327360000000000184e+01 9.065573733398902823e-01
4.329279999999999973e+01 9.065180516378050779e-01
4.331190000000000140e+01 9.066251973320710311e-01
4.333100000000000307e+01 9.069181904465505317e-01
4.335009999999999764e+01 9.071941515000961909e-01
4.336919999999999931e+01 9.073789276893822198e-01
4.338830000000000098e+01 9.073439418907690568e-01
4.340740000000000265e+01 9.072332213414334712e-01
4.342649999999999721e+01 9.072133646171454124e-01
4.344559999999999889e+01 9.072673947991858334e-01
4.346470000000000056e+01 9.073576183058951194e-01
4.348380000000000223e+01 9.076127563560898448e-01
4.350289999999999679e+01 9.079794076333439490e-01
4.352199999999999847e+01 9.083101604508864169e-01
4.354110000000000014e+01 9.086043286552009102e-01
4.356020000000000181e+01 9.088804087155804012e-01
4.357930000000000348e+01 9.091203461213142045e-01
4.359839999999999804e+01 9.092511791430826218e-01
4.361749999999999972e+01 9.091987397461512854e-01
4.363669999999999760e+01 9.090356267999191164e-01
4.365579999999999927e+01 9.088524106973920880e-01
4.367490000000000094e+01 9.086687477560361215e-01
4.369400000000000261e+01 9.085751672801644085e-01
4.371309999999999718e+01 9.086467368785465792e-01
4.373219999999999885e+01 9.088108000853744040e-01
4.375130000000000052e+01 9.089934331661447819e-01
4.377040000000000219e+01 9.092313907734156375e-01
4.378949999999999676e+01 9.095070172284257515e-01
4.380859999999999843e+01 9.097283634414834452e-01
4.382770000000000010e+01 9.098217538132614690e-01
4.384680000000000177e+01 9.098055781416330978e-01
4.386590000000000344e+01 9.097697693391691987e-01
4.388499999999999801e+01 9.096979014323268720e-01
4.390409999999999968e+01 9.096067270358576540e-01
4.392320000000000135e+01 9.094979532864839733e-01
4.394230000000000302e+01 9.093151380852775301e-01
4.396139999999999759e+01 9.091305243711780282e-01
4.398049999999999926e+01 9.090566190627454857e-01
4.399969999999999715e+01 9.089451983657046430e-01
4.401879999999999882e+01 9.089250765293180878e-01
4.403790000000000049e+01 9.089782282828141602e-01
4.405700000000000216e+01 9.091233635397948376e-01
4.407609999999999673e+01 9.092873448075535769e-01
4.409519999999999840e+01 9.094883301432918898e-01
4.411430000000000007e+01 9.097265178689722953e-01
4.413340000000000174e+01 9.099284963552349836e-01
4.415250000000000341e+01 9.100757460337579596e-01
4.417159999999999798e+01 9.101320663846255155e-01
4.419069999999999965e+01 9.101329703422361694e-01
4.420980000000000132e+01 9.100602465186411472e-01
4.422890000000000299e+01 9.100053062944818416e-01
4.424799999999999756e+01 9.099312622158953756e-01
4.426709999999999923e+01 9.099301091645908279e-01
4.428620000000000090e+01 9.100022454999858734e-01
4.430530000000000257e+01 9.101297037678780510e-01
4.432439999999999714e+01 9.102942525177739608e-01
4.434349999999999881e+01 9.104227633197057301e-01
4.436269999999999669e+01 9.105329557957687614e-01
4.438179999999999836e+01 9.106065348310575791e-01
4.440090000000000003e+01 9.106071555979736720e-01
4.442000000000000171e+01 9.106070307090368132e-01
4.443910000000000338e+01 9.105703015184557492e-01
4.445819999999999794e+01 9.105512590946389651e-01
4.447729999999999961e+01 9.105872584966085981e-01
4.449640000000000128e+01 9.106595148253689986e-01
4.451550000000000296e+01 9.107687323858674189e-01
4.453459999999999752e+01 9.109326082868296481e-01
4.455369999999999919e+01 9.110791873593233614e-01
4.457280000000000086e+01 9.112256301903695066e-01
4.459190000000000254e+01 9.113177632163154129e-01
4.461099999999999710e+01 9.113725091945904522e-01
4.463009999999999877e+01 9.114637077698907186e-01
4.464920000000000044e+01 9.115191393415226218e-01
4.466830000000000211e+01 9.115914641797649987e-01
4.468739999999999668e+01 9.117194315268054572e-01
4.470660000000000167e+01 9.118111692891206488e-01
4.472570000000000334e+01 9.118846247374308156e-01
4.474479999999999791e+01 9.119580774544568946e-01
4.476389999999999958e+01 9.119952170822950288e-01
4.478300000000000125e+01 9.120134910738336709e-01
4.480210000000000292e+01 9.120681920532833775e-01
4.482119999999999749e+01 9.121052140899109650e-01
4.484029999999999916e+01 9.120868220605397036e-01
4.485940000000000083e+01 9.121231273360290714e-01
4.487850000000000250e+01 9.121594326687074705e-01
4.489759999999999707e+01 9.121964494532699419e-01
4.491669999999999874e+01 9.122326316893666354e-01
4.493580000000000041e+01 9.122873199684344847e-01
4.495490000000000208e+01 9.123423603421216832e-01
4.497399999999999665e+01 9.123245713892914610e-01
4.499309999999999832e+01 9.122879153627752036e-01
4.501219999999999999e+01 9.122691698061018428e-01
4.503130000000000166e+01 9.122688158400465985e-01
4.505040000000000333e+01 9.122503127807821688e-01
4.506960000000000122e+01 9.122491639165032362e-01
4.508870000000000289e+01 9.123395027580281091e-01
4.510779999999999745e+01 9.124489910311734953e-01
4.512689999999999912e+01 9.125581414659679202e-01
4.514600000000000080e+01 9.126856520951507346e-01
4.516510000000000247e+01 9.127774878652681334e-01
4.518419999999999703e+01 9.127598865235728720e-01
4.520329999999999870e+01 9.127230374303769711e-01
4.522240000000000038e+01 9.127405388042146850e-01
4.524150000000000205e+01 9.127404319561757129e-01
4.526059999999999661e+01 9.127937512694161981e-01
4.527969999999999828e+01 9.129389081831909003e-01
4.529879999999999995e+01 9.131035886880055630e-01
4.531790000000000163e+01 9.131944498549946498e-01
4.533700000000000330e+01 9.133402461579457343e-01
4.535609999999999786e+01 9.134319703083435549e-01
4.537519999999999953e+01 9.134501168457681564e-01
4.539430000000000121e+01 9.135229966027029747e-01
4.541349999999999909e+01 9.135410442645132134e-01
4.543260000000000076e+01 9.136135318251205062e-01
4.545170000000000243e+01 9.137043574886039021e-01
4.547079999999999700e+01 9.138317493318711682e-01
4.548989999999999867e+01 9.139595916521869867e-01
4.550900000000000034e+01 9.140327179158943549e-01
4.552810000000000201e+01 9.141058397246578648e-01
4.554719999999999658e+01 9.141064179440147042e-01
4.556629999999999825e+01 9.140517196440021142e-01
4.558539999999999992e+01 9.140145787742316452e-01
4.560450000000000159e+01 9.139957813626744532e-01
4.562360000000000326e+01 9.140494849058783400e-01
4.564269999999999783e+01 9.141579251322345945e-01
4.566179999999999950e+01 9.142849515942466088e-01
4.568090000000000117e+01 9.144668156323852992e-01
4.570000000000000284e+01 9.146488104598062829e-01
4.571909999999999741e+01 9.148124765612690723e-01
4.573819999999999908e+01 9.149946418168553031e-01
4.575730000000000075e+01 9.151769266422943305e-01
4.577649999999999864e+01 9.153408900900322775e-01
4.579560000000000031e+01 9.154867783144061688e-01
4.581470000000000198e+01 9.156146879459117205e-01
4.583379999999999654e+01 9.157060250506514620e-01
4.585289999999999822e+01 9.157792446493907557e-01
4.587199999999999989e+01 9.158345315354230465e-01
4.589110000000000156e+01 9.157444344946630288e-01
4.591020000000000323e+01 9.156707356630181538e-01
4.592929999999999779e+01 9.156891131992552779e-01
4.594839999999999947e+01 9.156160427756269149e-01
4.596750000000000114e+01 9.156148522340232798e-01
4.598660000000000281e+01 9.157230180765837391e-01
4.600569999999999737e+01 9.159046941964522626e-01
4.602479999999999905e+01 9.160498789151587662e-01
4.604390000000000072e+01 9.162497668265345840e-01
4.606300000000000239e+01 9.164134603654399136e-01
4.608209999999999695e+01 9.165956784196165330e-01
4.610119999999999862e+01 9.167049201510004686e-01
4.612030000000000030e+01 9.168142268324727118e-01
4.613949999999999818e+01 9.168690708453537397e-01
4.615859999999999985e+01 9.169236799977118491e-01
4.617770000000000152e+01 9.169962263028339500e-01
4.619680000000000319e+01 9.170506719170836707e-01
4.621589999999999776e+01 9.171051919209176617e-01
4.623499999999999943e+01 9.171776496242529664e-01
4.625410000000000110e+01 9.172318597434264698e-01
4.627320000000000277e+01 9.173407261324564299e-01
4.629229999999999734e+01 9.174495079140299048e-01
4.631139999999999901e+01 9.176126270344303615e-01
4.633050000000000068e+01 9.177940954572524346e-01
4.634960000000000235e+01 9.179756696004945926e-01
4.636869999999999692e+01 9.181754302018531044e-01
4.638779999999999859e+01 9.183754345452604939e-01
4.640690000000000026e+01 9.185574842593221545e-01
4.642600000000000193e+01 9.186850973654958619e-01
4.644509999999999650e+01 9.187582967446195070e-01
4.646419999999999817e+01 9.188133742349763322e-01
4.648340000000000316e+01 9.188319364368011666e-01
4.650249999999999773e+01 9.188503331648425476e-01
4.652159999999999940e+01 9.188866956571247746e-01
4.654070000000000107e+01 9.189231445791978814e-01
4.655980000000000274e+01 9.189957765669941603e-01
4.657889999999999731e+01 9.190683149470130209e-01
4.659799999999999898e+01 9.191593347077166021e-01
4.661710000000000065e+01 9.192502603888154100e-01
4.663620000000000232e+01 9.193231432475421627e-01
4.665529999999999688e+01 9.193779918615574420e-01
4.667439999999999856e+01 9.194508772285016063e-01
4.669350000000000023e+01 9.194877057417153443e-01
4.671260000000000190e+01 9.195606952344644869e-01
4.673169999999999646e+01 9.195975427010376624e-01
4.675079999999999814e+01 9.195982590298230619e-01
4.676989999999999981e+01 9.196169044617485966e-01
4.678900000000000148e+01 9.195992057368099770e-01
4.680810000000000315e+01 9.195997441842804765e-01
4.682719999999999771e+01 9.196002915596123151e-01
4.684640000000000271e+01 9.196008478627260008e-01
4.686549999999999727e+01 9.196195359927648028e-01
4.688459999999999894e+01 9.196204588769181232e-01
4.690370000000000061e+01 9.196932985751545830e-01
4.692280000000000229e+01 9.195353270545538749e-01
4.694189999999999685e+01 9.190823783896593380e-01
4.696099999999999852e+01 9.188442725812993039e-01
4.698010000000000019e+01 9.187350592583758413e-01
4.699920000000000186e+01 9.185538942946217533e-01
4.701830000000000354e+01 9.184607054317280861e-01
4.703739999999999810e+01 9.184967570043869323e-01
4.705649999999999977e+01 9.184971156475894016e-01
4.707560000000000144e+01 9.183887238398923403e-01
4.709470000000000312e+01 9.182251445785264421e-01
4.711379999999999768e+01 9.180789756209560837e-01
4.713289999999999935e+01 9.180047418721819508e-01
4.715200000000000102e+01 9.180399374750788377e-01
4.717110000000000269e+01 9.180936401995293261e-01
4.719019999999999726e+01 9.182201717922630069e-01
4.720940000000000225e+01 9.183655747689112303e-01
4.722849999999999682e+01 9.183855723431262330e-01
4.724759999999999849e+01 9.182418695491588734e-01
4.726670000000000016e+01 9.180064787321084996e-01
4.728580000000000183e+01 9.177159606276295012e-01
4.730490000000000350e+01 9.174430444406844742e-01
4.732399999999999807e+01 9.171693631707138472e-01
4.734309999999999974e+01 9.170213545204096706e-01
4.736220000000000141e+01 9.170385965510332582e-01
4.738130000000000308e+01 9.168945502281482529e-01
4.740039999999999765e+01 9.164585283262473014e-01
4.741949999999999932e+01 9.160554807198755256e-01
4.743860000000000099e+01 9.158526415843007973e-01
4.745770000000000266e+01 9.155966497224969913e-01
4.747679999999999723e+01 9.153749088086373664e-01
4.749589999999999890e+01 9.154631598998658193e-01
4.751500000000000057e+01 9.157165760878527294e-01
4.753410000000000224e+01 9.160614767892184540e-01
4.755330000000000013e+01 9.164065304886845897e-01
4.757240000000000180e+01 9.168062583587284209e-01
4.759150000000000347e+01 9.172241523248076955e-01
4.761059999999999803e+01 9.176419313484105444e-01
4.762969999999999970e+01 9.180232474274144794e-01
4.764880000000000138e+01 9.183318237997772915e-01
4.766790000000000305e+01 9.186221573548926100e-01
4.768699999999999761e+01 9.189124007918081372e-01
4.770609999999999928e+01 9.191662889089582400e-01
4.772520000000000095e+01 9.194019795497505587e-01
4.774430000000000263e+01 9.196194865269003982e-01
4.776339999999999719e+01 9.198369420718000011e-01
4.778249999999999886e+01 9.200181157636697638e-01
4.780160000000000053e+01 9.201992537851063636e-01
4.782070000000000221e+01 9.203622475235859746e-01
4.783979999999999677e+01 9.205252124014130510e-01
4.785889999999999844e+01 9.206881484339127786e-01
4.787800000000000011e+01 9.208510556363969091e-01
4.789710000000000178e+01 9.209958378479966568e-01
4.791629999999999967e+01 9.211405973031479011e-01
4.793540000000000134e+01 9.213034245024817048e-01
4.795450000000000301e+01 9.214119599831553931e-01
4.797359999999999758e+01 9.215566540732406109e-01
4.799269999999999925e+01 9.216832427683601114e-01
4.801180000000000092e+01 9.218278942767281769e-01
4.803090000000000259e+01 9.219363680139028849e-01
4.804999999999999716e+01 9.220448289897116290e-01
4.806909999999999883e+01 9.221894237808918593e-01
4.808820000000000050e+01 9.223159256278006257e-01
4.810730000000000217e+01 9.224243419742709227e-01
4.812639999999999674e+01 9.225327455796171749e-01
4.814549999999999841e+01 9.226411364483303457e-01
4.816460000000000008e+01 9.227675763701279621e-01
4.818370000000000175e+01 9.228759396581969199e-01
4.820280000000000342e+01 9.229842902238368785e-01
4.822189999999999799e+01 9.230926280715279209e-01
4.824099999999999966e+01 9.232009532057471324e-01
4.826010000000000133e+01 9.233092656309693780e-01
4.827929999999999922e+01 9.233995162802862700e-01
4.829840000000000089e+01 9.234897581096030983e-01
4.831750000000000256e+01 9.235980366660234697e-01
4.833659999999999712e+01 9.236882591004390575e-01
4.835569999999999879e+01 9.237965143904798282e-01
4.837480000000000047e+01 9.238867174424939543e-01
4.839390000000000214e+01 9.239949494811465769e-01
4.841299999999999670e+01 9.241031688435370484e-01
4.843209999999999837e+01 9.241753080449617297e-01
4.845120000000000005e+01 9.242654741288709452e-01
4.847030000000000172e+01 9.243736618200815158e-01
4.848940000000000339e+01 9.244818368506039219e-01
4.850849999999999795e+01 9.245359196194957718e-01
4.852759999999999962e+01 9.246440756673167671e-01
4.854670000000000130e+01 9.247522190655541596e-01
4.856580000000000297e+01 9.248243076390239015e-01
4.858489999999999753e+01 9.249144104546466183e-01
4.860399999999999920e+01 9.250225222483324794e-01
4.862319999999999709e+01 9.250945897582582012e-01
4.864229999999999876e+01 9.251846662513741881e-01
4.866140000000000043e+01 9.252747339754464617e-01
4.868050000000000210e+01 9.253467818427135727e-01
4.869959999999999667e+01 9.254548431267008990e-01
4.871869999999999834e+01 9.255268769733269174e-01
4.873780000000000001e+01 9.256169113983747643e-01
4.875690000000000168e+01 9.256889326334197809e-01
4.877600000000000335e+01 9.257789512981307034e-01
4.879509999999999792e+01 9.258689612106744127e-01
4.881419999999999959e+01 9.259589623736032005e-01
4.883330000000000126e+01 9.260309570059379602e-01
4.885240000000000293e+01 9.261209424259878586e-01
4.887149999999999750e+01 9.261929244673235972e-01
4.889059999999999917e+01 9.262828941527527782e-01
4.890970000000000084e+01 9.263548636096932132e-01
4.892880000000000251e+01 9.264448175687529652e-01
4.894789999999999708e+01 9.265167744478959300e-01
4.896699999999999875e+01 9.266067126888299921e-01
4.898619999999999663e+01 9.266786569967678799e-01
4.900529999999999831e+01 9.267685795278127747e-01
4.902439999999999998e+01 9.268405112711318727e-01
4.904350000000000165e+01 9.269304181005174614e-01
4.906260000000000332e+01 9.270023372857985056e-01
4.908169999999999789e+01 9.270742508918401459e-01
4.910079999999999956e+01 9.271461589199407882e-01
4.911990000000000123e+01 9.272180613713978392e-01
4.913900000000000290e+01 9.273079315955405910e-01
4.915809999999999746e+01 9.273798215042924342e-01
4.917719999999999914e+01 9.274696760541554230e-01
4.919630000000000081e+01 9.275415534267633655e-01
4.921540000000000248e+01 9.276134252298565697e-01
4.923449999999999704e+01 9.276852914647294446e-01
4.925359999999999872e+01 9.277571521326760662e-01
4.927270000000000039e+01 9.278290072349897333e-01
4.929180000000000206e+01 9.279008567729636336e-01
4.931089999999999662e+01 9.279906608725470019e-01
4.932999999999999829e+01 9.280624978954811199e-01
4.934920000000000329e+01 9.281343293582741127e-01
4.936829999999999785e+01 9.282061552622169476e-01
4.938739999999999952e+01 9.282779756085997036e-01
4.940650000000000119e+01 9.283497903987124600e-01
4.942560000000000286e+01 9.284215996338445187e-01
4.944469999999999743e+01 9.284934033152847377e-01
4.946379999999999910e+01 9.285831501091685869e-01
4.948290000000000077e+01 9.286369940222425345e-01
4.950200000000000244e+01 9.287087810503354968e-01
4.952109999999999701e+01 9.287985070329660697e-01
4.954019999999999868e+01 9.288523384621835133e-01
4.955930000000000035e+01 9.289241088485108433e-01
4.957840000000000202e+01 9.290138140343590090e-01
4.959749999999999659e+01 9.290676329883991169e-01
4.961659999999999826e+01 9.291214488249996961e-01
4.963569999999999993e+01 9.292290711480494236e-01
4.965480000000000160e+01 9.292828776355812614e-01
4.967390000000000327e+01 9.293366810078393936e-01
4.969310000000000116e+01 9.294263463735753517e-01
4.971220000000000283e+01 9.294980724383814508e-01
4.973129999999999740e+01 9.295518633549537668e-01
4.975039999999999907e+01 9.296056511589559923e-01
4.976950000000000074e+01 9.297132174314113318e-01
4.978860000000000241e+01 9.297669959009443597e-01
4.980769999999999698e+01 9.298207712600674579e-01
4.982679999999999865e+01 9.299283126492421392e-01
4.984590000000000032e+01 9.299820786803725259e-01
4.986500000000000199e+01 9.300358416032505904e-01
4.988409999999999656e+01 9.300896014184153460e-01
4.990319999999999823e+01 9.301971117277598733e-01
4.992229999999999990e+01 9.302508622230170054e-01
4.994140000000000157e+01 9.303046096127153275e-01
4.996050000000000324e+01 9.303583538973929645e-01
4.997959999999999781e+01 9.304658331538384619e-01
4.999869999999999948e+01 9.305195681266819063e-01
5.001780000000000115e+01 9.305732999966561669e-01
5.003690000000000282e+01 9.306270287642985917e-01
5.005610000000000070e+01 9.307165698177578550e-01
5.007520000000000238e+01 9.307881964586071089e-01
5.009429999999999694e+01 9.308419128222937822e-01
5.011339999999999861e+01 9.308956260863334720e-01
5.013250000000000028e+01 9.309851413064191838e-01
5.015160000000000196e+01 9.310567472859356819e-01
5.017069999999999652e+01 9.311104481567514801e-01
5.018979999999999819e+01 9.311641459306015944e-01
5.020889999999999986e+01 9.312178406080214854e-01
5.022800000000000153e+01 9.313073248575538532e-01
5.024710000000000321e+01 9.313789060670564224e-01
5.026619999999999777e+01 9.314325883641105808e-01
5.028529999999999944e+01 9.314862675674111525e-01
5.030440000000000111e+01 9.315399436774928210e-01
5.032350000000000279e+01 9.316293969885951487e-01
5.034259999999999735e+01 9.317009534537713522e-01
5.036169999999999902e+01 9.317546171963230206e-01
5.038080000000000069e+01 9.318082778483278705e-01
5.039999999999999858e+01 9.318619354103195862e-01
5.041910000000000025e+01 9.319513578150595556e-01
5.043820000000000192e+01 9.320050071396255298e-01
5.045729999999999649e+01 9.320765347688282354e-01
5.047639999999999816e+01 9.321301768887576555e-01
5.049549999999999983e+01 9.321838159218741593e-01
5.051460000000000150e+01 9.322553298319081749e-01
5.053370000000000317e+01 9.323268382564846579e-01
5.055279999999999774e+01 9.323804659758446745e-01
5.057189999999999941e+01 9.324519648039069075e-01
5.059100000000000108e+01 9.325055853273301887e-01
5.061010000000000275e+01 9.325592027676670170e-01
5.062919999999999732e+01 9.326306878931230893e-01
5.064829999999999899e+01 9.327021675397421108e-01
5.066740000000000066e+01 9.327557736799774180e-01
5.068650000000000233e+01 9.328093767396065106e-01
5.070559999999999690e+01 9.328808426946427756e-01
5.072469999999999857e+01 9.329344385682557528e-01
5.074380000000000024e+01 9.329880313630324329e-01
5.076299999999999812e+01 9.330594836343500953e-01
5.078209999999999980e+01 9.331309304343808897e-01
5.080120000000000147e+01 9.331845119446278147e-01
5.082030000000000314e+01 9.332380903785129078e-01
5.083939999999999770e+01 9.333095235058231909e-01
5.085849999999999937e+01 9.333630947635901398e-01
5.087760000000000105e+01 9.334166629467607335e-01
5.089670000000000272e+01 9.334880824091971174e-01
5.091579999999999728e+01 9.335416434203671621e-01
5.093489999999999895e+01 9.336130533220565741e-01
5.095400000000000063e+01 9.336666071641062103e-01
5.097310000000000230e+01 9.337201579345565383e-01
5.099219999999999686e+01 9.337737056339364683e-01
5.101129999999999853e+01 9.338450977901349148e-01
5.103040000000000020e+01 9.338986383257373847e-01
5.104950000000000188e+01 9.339521757920298262e-01
5.106860000000000355e+01 9.340235543068493573e-01
5.108769999999999811e+01 9.340770846134702765e-01
5.110679999999999978e+01 9.341484535839758019e-01
5.112599999999999767e+01 9.342019767337966796e-01
5.114509999999999934e+01 9.342554968172963603e-01
5.116420000000000101e+01 9.343090138350016449e-01
5.118330000000000268e+01 9.343625277874393342e-01
5.120239999999999725e+01 9.344160386751360070e-01
5.122149999999999892e+01 9.344873817589334219e-01
5.124060000000000059e+01 9.345408854976151591e-01
5.125970000000000226e+01 9.346122190513025396e-01
5.127879999999999683e+01 9.346657156438338276e-01
5.129789999999999850e+01 9.347370396712292306e-01
5.131700000000000017e+01 9.347905291204726685e-01
5.133610000000000184e+01 9.348440155091828352e-01
5.135520000000000351e+01 9.348974988378850881e-01
5.137429999999999808e+01 9.349509791071044518e-01
5.139339999999999975e+01 9.350044563173660617e-01
5.141250000000000142e+01 9.350579304691946092e-01
5.143160000000000309e+01 9.351114015631150078e-01
5.145069999999999766e+01 9.351648695996515048e-01
5.146990000000000265e+01 9.352183345793286806e-01
5.148899999999999721e+01 9.353074360871937998e-01
5.150809999999999889e+01 9.353608929178084397e-01
5.152720000000000056e+01 9.354143466934853324e-01
5.154630000000000223e+01 9.354677974147479480e-01
5.156539999999999679e+01 9.355212450821199788e-01
5.158449999999999847e+01 9.355925038890239298e-01
5.160360000000000014e+01 9.356459444326862274e-01
5.162270000000000181e+01 9.356993819242017674e-01
5.164180000000000348e+01 9.357528163640936869e-01
5.166089999999999804e+01 9.358062477528846790e-01
5.167999999999999972e+01 9.358596760910971035e-01
5.169910000000000139e+01 9.359131013792537646e-01
5.171820000000000306e+01 9.359665236178766889e-01
5.173729999999999762e+01 9.360199428074881256e-01
5.175639999999999930e+01 9.360733589486099904e-01
5.177550000000000097e+01 9.361267720417643101e-01
5.179460000000000264e+01 9.361801820874725566e-01
5.181369999999999720e+01 9.362335890862564236e-01
5.183290000000000219e+01 9.362869930386373829e-01
5.185199999999999676e+01 9.363403939451364622e-01
5.187109999999999843e+01 9.363937918062749111e-01
5.189020000000000010e+01 9.364471866225736463e-01
5.190930000000000177e+01 9.365183749754547593e-01
5.192840000000000344e+01 9.365717626891527647e-01
5.194749999999999801e+01 9.366251473597463351e-01
5.196659999999999968e+01 9.366785289877560539e-01
5.198570000000000135e+01 9.367319075737020606e-01
5.200480000000000302e+01 9.367852831181042728e-01
5.202389999999999759e+01 9.368386556214824967e-01
5.204299999999999926e+01 9.368920250843566500e-01
5.206210000000000093e+01 9.369453915072460948e-01
5.208120000000000260e+01 9.369987548906704156e-01
5.210029999999999717e+01 9.370699013414101053e-01
5.211939999999999884e+01 9.371232576347680032e-01
5.213850000000000051e+01 9.371766108903912817e-01
5.215760000000000218e+01 9.372299611087985260e-01
5.217669999999999675e+01 9.372833082905082103e-01
5.219590000000000174e+01 9.373366524360391416e-01
5.221500000000000341e+01 9.373722135132163125e-01
5.223409999999999798e+01 9.374255525996006977e-01
5.225319999999999965e+01 9.374788886511881136e-01
5.227230000000000132e+01 9.375322216684963683e-01
5.229140000000000299e+01 9.375855516520434918e-01
5.231049999999999756e+01 9.376388786023469590e-01
5.232959999999999923e+01 9.376922025199242450e-01
5.234870000000000090e+01 9.377455234052928246e-01
5.236780000000000257e+01 9.377988412589699507e-01
5.238689999999999714e+01 9.378521560814724323e-01
5.240599999999999881e+01 9.379054678733175221e-01
5.242510000000000048e+01 9.379587766350216960e-01
5.244420000000000215e+01 9.380120823671018737e-01
5.246329999999999671e+01 9.380653850700741980e-01
5.248239999999999839e+01 9.381186847444552557e-01
5.250150000000000006e+01 9.381719813907610783e-01
5.252060000000000173e+01 9.382252750095078087e-01
5.253979999999999961e+01 9.382785656012112563e-01
5.255890000000000128e+01 9.383318531663873419e-01
5.257800000000000296e+01 9.383673765286884016e-01
5.259709999999999752e+01 9.384206590507975232e-01
5.261619999999999919e+01 9.384739385477538498e-01
5.263530000000000086e+01 9.385272150200725250e-01
5.265440000000000254e+01 9.385804884682684701e-01
5.267349999999999710e+01 9.386337588928566067e-01
5.269259999999999877e+01 9.386870262943518561e-01
5.271170000000000044e+01 9.387402906732688068e-01
5.273080000000000211e+01 9.387935520301219361e-01
5.274989999999999668e+01 9.388468103654256103e-01
5.276899999999999835e+01 9.389000656796937516e-01
5.278810000000000002e+01 9.389533179734407264e-01
5.280720000000000169e+01 9.390065672471802349e-01
5.282630000000000337e+01 9.390598135014261993e-01
5.284539999999999793e+01 9.391130567366919868e-01
5.286449999999999960e+01 9.391485505499116426e-01
5.288360000000000127e+01 9.391840430217426317e-01
5.290279999999999916e+01 9.392372792147182237e-01
5.292190000000000083e+01 9.392905123904247144e-01
5.294100000000000250e+01 9.393437425493750270e-01
5.296009999999999707e+01 9.393969696920820844e-01
5.297919999999999874e+01 9.394501938190584767e-01
5.299830000000000041e+01 9.395034149308167937e-01
5.301740000000000208e+01 9.395388939971209830e-01
5.303649999999999665e+01 9.395921100846543750e-01
5.305559999999999832e+01 9.396453231583358212e-01
5.307469999999999999e+01 9.396985332186771345e-01
5.309380000000000166e+01 9.397517402661903496e-01
5.311290000000000333e+01 9.398049443013870574e-01
5.313199999999999790e+01 9.398581453247789597e-01
5.315109999999999957e+01 9.399113433368773141e-01
5.317020000000000124e+01 9.399468070055879698e-01
5.318930000000000291e+01 9.399822693363245607e-01
5.320839999999999748e+01 9.400354603240596019e-01
5.322749999999999915e+01 9.400886483022048434e-01
5.324660000000000082e+01 9.401418332712712100e-01
5.326579999999999870e+01 9.401950152317690712e-01
5.328490000000000038e+01 9.402481941842093516e-01
5.330400000000000205e+01 9.402836451482783353e-01
5.332309999999999661e+01 9.403368190884228150e-01
5.334219999999999828e+01 9.403899900218702923e-01
5.336129999999999995e+01 9.404431579491304705e-01
5.338040000000000163e+01 9.404963228707134970e-01
5.339950000000000330e+01 9.405317644821997725e-01
5.341859999999999786e+01 9.405849243954530481e-01
5.343769999999999953e+01 9.406203626685245567e-01
5.345680000000000121e+01 9.406735175748632827e-01
5.347590000000000288e+01 9.407266694777323135e-01
5.349499999999999744e+01 9.407798183776406864e-01
5.351409999999999911e+01 9.408152493095195412e-01
5.353320000000000078e+01 9.408683932056243204e-01
5.355230000000000246e+01 9.409215341001252453e-01
5.357139999999999702e+01 9.409746719935310200e-01
5.359049999999999869e+01 9.410100955887773511e-01
5.360969999999999658e+01 9.410632284814872683e-01
5.362879999999999825e+01 9.410986487434069847e-01
5.364789999999999992e+01 9.411517766368326932e-01
5.366700000000000159e+01 9.412049015313650457e-01
5.368610000000000326e+01 9.412580234275119695e-01
5.370519999999999783e+01 9.412934363594241960e-01
5.372429999999999950e+01 9.413465532593897622e-01
5.374340000000000117e+01 9.413996671623233725e-01
5.376250000000000284e+01 9.414350747661783814e-01
5.378159999999999741e+01 9.414881836751854971e-01
5.380069999999999908e+01 9.415235879502257266e-01
5.381980000000000075e+01 9.415766918667148877e-01
5.383890000000000242e+01 9.416297927883690022e-01
5.385799999999999699e+01 9.416828907156945538e-01
5.387709999999999866e+01 9.417182876706458039e-01
5.389620000000000033e+01 9.417713806085494799e-01
5.391530000000000200e+01 9.418244705534749572e-01
5.393439999999999657e+01 9.418598621875761134e-01
5.395349999999999824e+01 9.419129471453293601e-01
5.397270000000000323e+01 9.419483354551175802e-01
5.399179999999999779e+01 9.420014154271035833e-01
5.401089999999999947e+01 9.420544924083036342e-01
5.403000000000000114e+01 9.421075663992231064e-01
5.404910000000000281e+01 9.421429473988186531e-01
5.406819999999999737e+01 9.421960164070602994e-01
5.408729999999999905e+01 9.422313940853382919e-01
5.410640000000000072e+01 9.422844581123047680e-01
5.412550000000000239e+01 9.423198324702004580e-01
5.414459999999999695e+01 9.423728915172945308e-01
5.416369999999999862e+01 9.424259475771380457e-01
5.418280000000000030e+01 9.424613166243658302e-01
5.420190000000000197e+01 9.425143677065794812e-01
5.422099999999999653e+01 9.425497334358542423e-01
5.424009999999999820e+01 9.426027795418385757e-01
5.425919999999999987e+01 9.426381419540939000e-01
5.427830000000000155e+01 9.426911830852491292e-01
5.429740000000000322e+01 9.427442212321783810e-01
5.431649999999999778e+01 9.427795783391436091e-01
5.433570000000000277e+01 9.428326115134825214e-01
5.435479999999999734e+01 9.428679653058533727e-01
5.437389999999999901e+01 9.429209935090001604e-01
5.439300000000000068e+01 9.429563439877090003e-01
5.441210000000000235e+01 9.430093672210613231e-01
5.443119999999999692e+01 9.430623874732078082e-01
5.445029999999999859e+01 9.430977326519947024e-01
5.446940000000000026e+01 9.431330765061736177e-01
5.448850000000000193e+01 9.431860898041276586e-01
5.450759999999999650e+01 9.432391001225510774e-01
5.452669999999999817e+01 9.432744386797866643e-01
5.454579999999999984e+01 9.433274440334419308e-01
5.456490000000000151e+01 9.433804464089059483e-01
5.458400000000000318e+01 9.434157796715790800e-01
5.460309999999999775e+01 9.434511116109832729e-01
5.462219999999999942e+01 9.435041070392856666e-01
5.464130000000000109e+01 9.435394356711681585e-01
5.466040000000000276e+01 9.435924261388847212e-01
5.467960000000000065e+01 9.436454136309181395e-01
5.469870000000000232e+01 9.436807369726973871e-01
5.471779999999999688e+01 9.437160589923221377e-01
5.473689999999999856e+01 9.437690395430441415e-01
5.475600000000000023e+01 9.438043582579318524e-01
5.477510000000000190e+01 9.438573338522441292e-01
5.479419999999999646e+01 9.439103064733781467e-01
5.481329999999999814e+01 9.439279633531364455e-01
5.483239999999999981e+01 9.439809320108113466e-01
5.485150000000000148e+01 9.440338976964757212e-01
5.487060000000000315e+01 9.440692065027154189e-01
5.488969999999999771e+01 9.441221672361403972e-01
5.490879999999999939e+01 9.441751249988884487e-01
5.492790000000000106e+01 9.441927769264071291e-01
5.494700000000000273e+01 9.442457307290300639e-01
5.496609999999999729e+01 9.442810316143529503e-01
5.498519999999999897e+01 9.443339804680686012e-01
5.500430000000000064e+01 9.443869263531059488e-01
5.502340000000000231e+01 9.444045743218315581e-01
5.504260000000000019e+01 9.444575162494075471e-01
5.506170000000000186e+01 9.445104552094698569e-01
5.508080000000000354e+01 9.445457462011390692e-01
5.509989999999999810e+01 9.445986802164539897e-01
5.511899999999999977e+01 9.446339679120867583e-01
5.513810000000000144e+01 9.446692542895634981e-01
5.515720000000000312e+01 9.447221813845591010e-01
5.517629999999999768e+01 9.447574644672920297e-01
5.519539999999999935e+01 9.448103866208640289e-01
5.521450000000000102e+01 9.448633058102461346e-01
5.523360000000000269e+01 9.448809448814172729e-01
5.525269999999999726e+01 9.449338601193207898e-01
5.527179999999999893e+01 9.449691352984321835e-01
5.529090000000000060e+01 9.450220455982318857e-01
5.531000000000000227e+01 9.450749529358328793e-01
5.532909999999999684e+01 9.450925880568527004e-01
5.534819999999999851e+01 9.451454914456292045e-01
5.536730000000000018e+01 9.451807587264282606e-01
5.538649999999999807e+01 9.452336571804171861e-01
5.540559999999999974e+01 9.452865526741965896e-01
5.542470000000000141e+01 9.453041838477177494e-01
5.544380000000000308e+01 9.453570753953237649e-01
5.546289999999999765e+01 9.453923347831135748e-01
5.548199999999999932e+01 9.454452213992445841e-01
5.550110000000000099e+01 9.454981050571528156e-01
5.552020000000000266e+01 9.455157322858249724e-01
5.553929999999999723e+01 9.455686120002080308e-01
5.555839999999999890e+01 9.456038635002855797e-01
5.557750000000000057e+01 9.456567382865024296e-01
5.559660000000000224e+01 9.456743625582750834e-01
5.561569999999999681e+01 9.457272334029510619e-01
5.563479999999999848e+01 9.457801012920498129e-01
5.565390000000000015e+01 9.458153449097063126e-01
5.567300000000000182e+01 9.458682078739441002e-01
5.569210000000000349e+01 9.458858282054974920e-01
5.571119999999999806e+01 9.459386872308374050e-01
5.573029999999999973e+01 9.459739249401468708e-01
5.574949999999999761e+01 9.460267790431022839e-01
5.576859999999999928e+01 9.460620134712804941e-01
5.578770000000000095e+01 9.460972465872627968e-01
5.580680000000000263e+01 9.461500938011896400e-01
5.582589999999999719e+01 9.461853236373235498e-01
5.584499999999999886e+01 9.462381659321644767e-01
5.586410000000000053e+01 9.462557793746889656e-01
5.588320000000000221e+01 9.463086177352502126e-01
5.590229999999999677e+01 9.463438416699644362e-01
5.592139999999999844e+01 9.463966751139115674e-01
5.594050000000000011e+01 9.464142856064673426e-01
5.595960000000000178e+01 9.464671151181112130e-01
5.597870000000000346e+01 9.465199416811036492e-01
5.599779999999999802e+01 9.465551577518694915e-01
5.601689999999999969e+01 9.465903725124893420e-01
5.603600000000000136e+01 9.466255859631091951e-01
5.605510000000000304e+01 9.466784036831092930e-01
5.607419999999999760e+01 9.467136138593691408e-01
5.609329999999999927e+01 9.467664266685139607e-01
5.611249999999999716e+01 9.467840302835699440e-01
5.613159999999999883e+01 9.468368391650168192e-01
5.615070000000000050e+01 9.468720434497295280e-01
5.616980000000000217e+01 9.469248474227860424e-01
5.618889999999999674e+01 9.469424480928078092e-01
5.620799999999999841e+01 9.469952481401372468e-01
5.622710000000000008e+01 9.470304465362592294e-01
5.624620000000000175e+01 9.470832416776608920e-01
5.626530000000000342e+01 9.471008394041259271e-01
5.628439999999999799e+01 9.471536306217698264e-01
5.630349999999999966e+01 9.471888231322552754e-01
5.632260000000000133e+01 9.472416094464318759e-01
5.634170000000000300e+01 9.472592042308166649e-01
5.636079999999999757e+01 9.473119866232031505e-01
5.637989999999999924e+01 9.473471732510033716e-01
5.639900000000000091e+01 9.473999507423813693e-01
5.641810000000000258e+01 9.474175425861608435e-01
5.643719999999999715e+01 9.474703161577147092e-01
5.645640000000000214e+01 9.475054969057787879e-01
5.647549999999999670e+01 9.475582655787804232e-01
5.649459999999999837e+01 9.475758544834287367e-01
5.651370000000000005e+01 9.476286192385706686e-01
5.653280000000000172e+01 9.476637941098449147e-01
5.655190000000000339e+01 9.476989676755658287e-01
5.657099999999999795e+01 9.477341399358787388e-01
5.659009999999999962e+01 9.477868958790262033e-01
5.660920000000000130e+01 9.478220648764549283e-01
5.662830000000000297e+01 9.478572325689841316e-01
5.664739999999999753e+01 9.478923989567592523e-01
5.666649999999999920e+01 9.479451460923253858e-01
5.668560000000000088e+01 9.479803092188500147e-01
5.670470000000000255e+01 9.480154710411288210e-01
5.672379999999999711e+01 9.480506315593065780e-01
5.674289999999999878e+01 9.481033698917011865e-01
5.676200000000000045e+01 9.481385271502612566e-01
5.678110000000000213e+01 9.481561052906847253e-01
5.680019999999999669e+01 9.482088377567464699e-01
5.681940000000000168e+01 9.482439911049616033e-01
5.683850000000000335e+01 9.482791431500184887e-01
5.685759999999999792e+01 9.483142938920618992e-01
5.687669999999999959e+01 9.483670175622938014e-01
5.689580000000000126e+01 9.484021650474373510e-01
5.691490000000000293e+01 9.484373112300745756e-01
5.693399999999999750e+01 9.484724561103500262e-01
5.695309999999999917e+01 9.485251709891519001e-01
5.697220000000000084e+01 9.485603126141566310e-01
5.699130000000000251e+01 9.485778829384543531e-01
5.701039999999999708e+01 9.486305919587455504e-01
5.702949999999999875e+01 9.486657296786189519e-01
5.704860000000000042e+01 9.487008660970712715e-01
5.706770000000000209e+01 9.487360012142470600e-01
5.708679999999999666e+01 9.487887014504335914e-01
5.710589999999999833e+01 9.488238333150504911e-01
5.712500000000000000e+01 9.488413987595608612e-01
5.714410000000000167e+01 9.488940931421167013e-01
5.716320000000000334e+01 9.489292211048548920e-01
5.718240000000000123e+01 9.489643477672558003e-01
5.720150000000000290e+01 9.489994731294638663e-01
5.722059999999999746e+01 9.490521587352299671e-01
5.723969999999999914e+01 9.490872808475870892e-01
5.725880000000000081e+01 9.491048414163737457e-01
5.727790000000000248e+01 9.491575211733824791e-01
5.729699999999999704e+01 9.491926393871091827e-01
