# energy(eV) alpha
0.000000000000000000e+00 3.943531944745785722e+00
2.239999999999999977e-02 3.944333841691992859e+00
4.490000000000000241e-02 3.946749091587047786e+00
6.729999999999999871e-02 3.950851002100796094e+00
8.970000000000000195e-02 3.956739676044924270e+00
1.121999999999999942e-01 3.964626782123282567e+00
1.345999999999999974e-01 3.974876983638951700e+00
1.570000000000000007e-01 3.988175294450405417e+00
1.794999999999999929e-01 4.004512028831594961e+00
2.018999999999999961e-01 4.022973567479589008e+00
2.242999999999999994e-01 4.042840866104280728e+00
2.467999999999999916e-01 4.063654414924631197e+00
2.691999999999999948e-01 4.085067204250439232e+00
2.916000000000000258e-01 4.106800346054253481e+00
3.140000000000000013e-01 4.128635375341827896e+00
3.365000000000000213e-01 4.150362018091065863e+00
3.588999999999999968e-01 4.171818500539775876e+00
3.812999999999999723e-01 4.192837279942898121e+00
4.037999999999999923e-01 4.213268029493897338e+00
4.262000000000000233e-01 4.232957626183461386e+00
4.485999999999999988e-01 4.251746035694756287e+00
4.711000000000000187e-01 4.269459813701295126e+00
4.934999999999999942e-01 4.285885942389329628e+00
5.159000000000000252e-01 4.300754974320901702e+00
5.383999999999999897e-01 4.313566973057243459e+00
5.607999999999999652e-01 4.323757399847638183e+00
5.832000000000000517e-01 4.330981754696937358e+00
6.057000000000000162e-01 4.334260426954551271e+00
6.280999999999999917e-01 4.332760240613351854e+00
6.504999999999999671e-01 4.327549255448902343e+00
6.730000000000000426e-01 4.319539436736722138e+00
6.954000000000000181e-01 4.309433618888466988e+00
7.177999999999999936e-01 4.297688122081700257e+00
7.402999999999999581e-01 4.284453491048457074e+00
7.627000000000000446e-01 4.269777803913575198e+00
7.851000000000000201e-01 4.253598673354612281e+00
8.075999999999999845e-01 4.235849862711395630e+00
8.299999999999999600e-01 4.216455528238340023e+00
8.524000000000000465e-01 4.195317121591505938e+00
8.749000000000000110e-01 4.172281233190976657e+00
8.972999999999999865e-01 4.147081263500480119e+00
9.196999999999999620e-01 4.119235858401087746e+00
9.421000000000000485e-01 4.087604652619624801e+00
9.646000000000000130e-01 4.048685322445352952e+00
9.869999999999999885e-01 3.996031842388594768e+00
1.009400000000000075e+00 3.948134300394984031e+00
1.031900000000000039e+00 3.905597934598342924e+00
1.054300000000000015e+00 3.866336784648464864e+00
1.076699999999999990e+00 3.829345306058314691e+00
1.099199999999999955e+00 3.794004785871474272e+00
1.121599999999999930e+00 3.759865424314752236e+00
1.143999999999999906e+00 3.726494206444262325e+00
1.166500000000000092e+00 3.693528170279234857e+00
1.188900000000000068e+00 3.660634955108970079e+00
1.211300000000000043e+00 3.627468660294610459e+00
1.233800000000000008e+00 3.593707014482522943e+00
1.256199999999999983e+00 3.558725035163836203e+00
1.278599999999999959e+00 3.520685961264437225e+00
1.301099999999999923e+00 3.477441971649341212e+00
1.323499999999999899e+00 3.431376381856243718e+00
1.345900000000000096e+00 3.388134302307062917e+00
1.368400000000000061e+00 3.348098298082617053e+00
1.390800000000000036e+00 3.309240942722383672e+00
1.413200000000000012e+00 3.268081851137650151e+00
1.435699999999999976e+00 3.226653376325366196e+00
1.458099999999999952e+00 3.184872102771724833e+00
1.480499999999999927e+00 3.141815460431957696e+00
1.502999999999999892e+00 3.095129977358610507e+00
1.525400000000000089e+00 3.033178329543597673e+00
1.547800000000000065e+00 2.924733916875947859e+00
1.570200000000000040e+00 2.785467194849697847e+00
1.592700000000000005e+00 2.694663363870728467e+00
1.615099999999999980e+00 2.656436743480007578e+00
1.637499999999999956e+00 2.628551315299088031e+00
1.659999999999999920e+00 2.605297781597255558e+00
1.682399999999999896e+00 2.587645814403936928e+00
1.704800000000000093e+00 2.576068198179071622e+00
1.727300000000000058e+00 2.569367143611779092e+00
1.749700000000000033e+00 2.559689529001148767e+00
1.772100000000000009e+00 2.547970756571232620e+00
1.794599999999999973e+00 2.537657070120812541e+00
1.816999999999999948e+00 2.531993808758481901e+00
1.839399999999999924e+00 2.532581582395579289e+00
1.861900000000000110e+00 2.536370415653559363e+00
1.884300000000000086e+00 2.538376523304200383e+00
1.906700000000000061e+00 2.537364509990512662e+00
1.929200000000000026e+00 2.533123229732777926e+00
1.951600000000000001e+00 2.525632579600233463e+00
1.973999999999999977e+00 2.513645787925135711e+00
1.996499999999999941e+00 2.496933431005562198e+00
2.018899999999999917e+00 2.493411999704475690e+00
2.041300000000000114e+00 2.488767437320649201e+00
2.063800000000000079e+00 2.484448341645216107e+00
2.086199999999999832e+00 2.480008997845816854e+00
2.108600000000000030e+00 2.475429924059394882e+00
2.130999999999999783e+00 2.471090369061459846e+00
2.153500000000000192e+00 2.468362949720954269e+00
2.175899999999999945e+00 2.469543352331224462e+00
2.198300000000000143e+00 2.475354545931715666e+00
2.220800000000000107e+00 2.484159693480673781e+00
2.243199999999999861e+00 2.494984960502466542e+00
2.265600000000000058e+00 2.507763370562097194e+00
2.288100000000000023e+00 2.523366769679694421e+00
2.310500000000000220e+00 2.543745488702532143e+00
2.332899999999999974e+00 2.575020936859876652e+00
2.355399999999999938e+00 2.608869146087613444e+00
2.377800000000000136e+00 2.611259164093504115e+00
2.400199999999999889e+00 2.606567580025668907e+00
2.422699999999999854e+00 2.622224219716143168e+00
2.445100000000000051e+00 2.629592229298419070e+00
2.467499999999999805e+00 2.637587405479424607e+00
2.490000000000000213e+00 2.651992435766708844e+00
2.512399999999999967e+00 2.671213628204994084e+00
2.534800000000000164e+00 2.691048208207343695e+00
2.557300000000000129e+00 2.709640978897232433e+00
2.579699999999999882e+00 2.726433090703443973e+00
2.602100000000000080e+00 2.742269057684551647e+00
2.624600000000000044e+00 2.756996142222954749e+00
2.646999999999999797e+00 2.769743060563778503e+00
2.669399999999999995e+00 2.781030832848970125e+00
2.691899999999999959e+00 2.780076782919808309e+00
2.714300000000000157e+00 2.759873254734946713e+00
2.736699999999999910e+00 2.751798593464134690e+00
2.759100000000000108e+00 2.736229573510694735e+00
2.781600000000000072e+00 2.709831429501960987e+00
2.803999999999999826e+00 2.665519397899836385e+00
2.826400000000000023e+00 2.626586313647281568e+00
2.848899999999999988e+00 2.614738545806547521e+00
2.871300000000000185e+00 2.606615917615168421e+00
2.893699999999999939e+00 2.603518102339390072e+00
2.916199999999999903e+00 2.602065443495205965e+00
2.938600000000000101e+00 2.602052264887793953e+00
2.960999999999999854e+00 2.603193110099500274e+00
2.983499999999999819e+00 2.603976658369585806e+00
3.005900000000000016e+00 2.605561574075546893e+00
3.028300000000000214e+00 2.608435271251159815e+00
3.050800000000000178e+00 2.611338185078377450e+00
3.073199999999999932e+00 2.614344013081705942e+00
3.095600000000000129e+00 2.618285788959686222e+00
3.118100000000000094e+00 2.624582046182878603e+00
3.140499999999999847e+00 2.634493798484865312e+00
3.162900000000000045e+00 2.648787583299990089e+00
3.185400000000000009e+00 2.656002356090997107e+00
3.207800000000000207e+00 2.637709660058806804e+00
3.230199999999999960e+00 2.616068500335601676e+00
3.252699999999999925e+00 2.607242263928208459e+00
3.275100000000000122e+00 2.615125706003960104e+00
3.297499999999999876e+00 2.629278953123939111e+00
3.319900000000000073e+00 2.656308422041828710e+00
3.342400000000000038e+00 2.691066475521930901e+00
3.364799999999999791e+00 2.725265128079202626e+00
3.387199999999999989e+00 2.760608511063826320e+00
3.409699999999999953e+00 2.800293147262633120e+00
3.432100000000000151e+00 2.836178851867576789e+00
3.454499999999999904e+00 2.858984376251969994e+00
3.476999999999999869e+00 2.872432908068459856e+00
3.499400000000000066e+00 2.884565428012809463e+00
3.521799999999999820e+00 2.892638358376901753e+00
3.544299999999999784e+00 2.900354261772176478e+00
3.566699999999999982e+00 2.914397966048120736e+00
3.589100000000000179e+00 2.926669255018359284e+00
3.611600000000000144e+00 2.936611512359626808e+00
3.633999999999999897e+00 2.936644441091414315e+00
3.656400000000000095e+00 2.930690620417113479e+00
3.678900000000000059e+00 2.921691716291273444e+00
3.701299999999999812e+00 2.916203768262338958e+00
3.723700000000000010e+00 2.916561726904263629e+00
3.746199999999999974e+00 2.918183809838080123e+00
3.768600000000000172e+00 2.912079585785202429e+00
3.790999999999999925e+00 2.896060155572510730e+00
3.813499999999999890e+00 2.883741198834925079e+00
3.835900000000000087e+00 2.881496219000129422e+00
3.858299999999999841e+00 2.888497337615574256e+00
3.880799999999999805e+00 2.891798308410040708e+00
3.903200000000000003e+00 2.895583375365139212e+00
3.925600000000000200e+00 2.901492947061451222e+00
3.947999999999999954e+00 2.908713445133219722e+00
3.970499999999999918e+00 2.915106029146282474e+00
3.992900000000000116e+00 2.920270874639757430e+00
4.015299999999999869e+00 2.929891004779163755e+00
4.037799999999999834e+00 2.934165014211093769e+00
4.060200000000000031e+00 2.936267099038996520e+00
4.082600000000000229e+00 2.922751660695918297e+00
4.105100000000000193e+00 2.902975753959013083e+00
4.127500000000000391e+00 2.871136051924505495e+00
4.149899999999999700e+00 2.810211999384142345e+00
4.172399999999999665e+00 2.766039868471511287e+00
4.194799999999999862e+00 2.744516542606370013e+00
4.217200000000000060e+00 2.735928044474148724e+00
4.239700000000000024e+00 2.739995912918136600e+00
4.262100000000000222e+00 2.749365268815875396e+00
4.284500000000000419e+00 2.765745159602087000e+00
4.307000000000000384e+00 2.793281157018526972e+00
4.329399999999999693e+00 2.825170347166852558e+00
4.351799999999999891e+00 2.847831950818023650e+00
4.374299999999999855e+00 2.871249780706599530e+00
4.396700000000000053e+00 2.891528630600827654e+00
4.419100000000000250e+00 2.896840640906936049e+00
4.441600000000000215e+00 2.875182999708288722e+00
4.464000000000000412e+00 2.861890007972553995e+00
4.486399999999999721e+00 2.842113352141325766e+00
4.508899999999999686e+00 2.821897433378037334e+00
4.531299999999999883e+00 2.800840169136593616e+00
4.553700000000000081e+00 2.771698281897496674e+00
4.576100000000000279e+00 2.722009997934327075e+00
4.598600000000000243e+00 2.686969681701137702e+00
4.621000000000000441e+00 2.644333432288282992e+00
4.643399999999999750e+00 2.619398189833741064e+00
4.665899999999999714e+00 2.623858851711196927e+00
4.688299999999999912e+00 2.640951083276677380e+00
4.710700000000000109e+00 2.663985400537869808e+00
4.733200000000000074e+00 2.675550472425345383e+00
4.755600000000000271e+00 2.685173072362586399e+00
4.777999999999999581e+00 2.708628685862244367e+00
4.800500000000000433e+00 2.729564060535992986e+00
4.822899999999999743e+00 2.740289215221658026e+00
4.845299999999999940e+00 2.742033948810745692e+00
4.867799999999999905e+00 2.751490494412289323e+00
4.890200000000000102e+00 2.759837518779940879e+00
4.912600000000000300e+00 2.715745126678263066e+00
4.935100000000000264e+00 2.681838212765671248e+00
4.957499999999999574e+00 2.662075696534627056e+00
4.979899999999999771e+00 2.652320972297094404e+00
5.002399999999999736e+00 2.651221036483808025e+00
5.024799999999999933e+00 2.655169918652585892e+00
5.047200000000000131e+00 2.641622972755776289e+00
5.069700000000000095e+00 2.643186759495324445e+00
5.092100000000000293e+00 2.648819673633985516e+00
5.114499999999999602e+00 2.651450279212865802e+00
5.136899999999999800e+00 2.625817081344611559e+00
5.159399999999999764e+00 2.609849880674180334e+00
5.181799999999999962e+00 2.594257098705818887e+00
5.204200000000000159e+00 2.582438919141338829e+00
5.226700000000000124e+00 2.568813150064093165e+00
5.249100000000000321e+00 2.538489045471175931e+00
5.271499999999999631e+00 2.495792941822390532e+00
5.293999999999999595e+00 2.464322401442613497e+00
5.316399999999999793e+00 2.442081681000587867e+00
5.338799999999999990e+00 2.407808719614898507e+00
5.361299999999999955e+00 2.397691514513722755e+00
5.383700000000000152e+00 2.386909320191595629e+00
5.406100000000000350e+00 2.382498788918135713e+00
5.428600000000000314e+00 2.389581728281659601e+00
5.450999999999999623e+00 2.391686669119574393e+00
5.473399999999999821e+00 2.393410651938157940e+00
5.495899999999999785e+00 2.393931000904413242e+00
5.518299999999999983e+00 2.387651447045576969e+00
5.540700000000000180e+00 2.392345329936072851e+00
5.563200000000000145e+00 2.400537822886625872e+00
5.585600000000000342e+00 2.407512771065649204e+00
5.607999999999999652e+00 2.400223341198334026e+00
5.630499999999999616e+00 2.384972291174838777e+00
5.652899999999999814e+00 2.377392039840259930e+00
5.675300000000000011e+00 2.352535616091439685e+00
5.697799999999999976e+00 2.347862138564891232e+00
5.720200000000000173e+00 2.347053859294685019e+00
5.742600000000000371e+00 2.351280586925491800e+00
5.764999999999999680e+00 2.352389233349639230e+00
5.787499999999999645e+00 2.351705351793015986e+00
5.809899999999999842e+00 2.356232771949080984e+00
5.832300000000000040e+00 2.366989705790945919e+00
5.854800000000000004e+00 2.380710638651541533e+00
5.877200000000000202e+00 2.379975464906562976e+00
5.899600000000000399e+00 2.349650846630296552e+00
5.922100000000000364e+00 2.317933790843956565e+00
5.944499999999999673e+00 2.289328936826582783e+00
5.966899999999999871e+00 2.261035089120208674e+00
5.989399999999999835e+00 2.222523002177573925e+00
6.011800000000000033e+00 2.190432461128366537e+00
6.034200000000000230e+00 2.156792658477343583e+00
6.056700000000000195e+00 2.124014498677153640e+00
6.079100000000000392e+00 2.074195494474057710e+00
6.101499999999999702e+00 2.032552201963941929e+00
6.123999999999999666e+00 2.025196766820640537e+00
6.146399999999999864e+00 1.981824002436196830e+00
6.168800000000000061e+00 1.964953355998417805e+00
6.191300000000000026e+00 1.935553826336576577e+00
6.213700000000000223e+00 1.890862357575519681e+00
6.236100000000000421e+00 1.866895851442001764e+00
6.258600000000000385e+00 1.875112246959857565e+00
6.280999999999999694e+00 1.903128114406231974e+00
6.303399999999999892e+00 1.938617928231251897e+00
6.325800000000000090e+00 1.968260044989752711e+00
6.348300000000000054e+00 1.994907880923857402e+00
6.370700000000000252e+00 2.020918414262053986e+00
6.393099999999999561e+00 2.039266628810402437e+00
6.415600000000000414e+00 2.049013973774878483e+00
6.437999999999999723e+00 2.066258519902674173e+00
6.460399999999999920e+00 2.093514746852662700e+00
6.482899999999999885e+00 2.113710451915648658e+00
6.505300000000000082e+00 2.157367830131545539e+00
6.527700000000000280e+00 2.196898318077747270e+00
6.550200000000000244e+00 2.226722077511490205e+00
6.572600000000000442e+00 2.273768248630098743e+00
6.594999999999999751e+00 2.319939530137378636e+00
6.617499999999999716e+00 2.300173141822629219e+00
6.639899999999999913e+00 2.277624440235280545e+00
6.662300000000000111e+00 2.244585843120052715e+00
6.684800000000000075e+00 2.223689180132344845e+00
6.707200000000000273e+00 2.203965029804000331e+00
6.729599999999999582e+00 2.180337596158536950e+00
6.752100000000000435e+00 2.107926845080269729e+00
6.774499999999999744e+00 2.131147777177183400e+00
6.796899999999999942e+00 2.156260139077700089e+00
6.819399999999999906e+00 2.173210281899233820e+00
6.841800000000000104e+00 2.173659668558622471e+00
6.864200000000000301e+00 2.164967534061575716e+00
6.886700000000000266e+00 2.174868969352119041e+00
6.909099999999999575e+00 2.179568895418140251e+00
6.931499999999999773e+00 2.180616892779693838e+00
6.953899999999999970e+00 2.148241220329722090e+00
6.976399999999999935e+00 2.114508947377695236e+00
6.998800000000000132e+00 2.120703982931843257e+00
7.021200000000000330e+00 2.133201751882995101e+00
7.043700000000000294e+00 2.131082515653709653e+00
7.066099999999999604e+00 2.106150504746924668e+00
7.088499999999999801e+00 2.080114585661979820e+00
7.110999999999999766e+00 2.044718033038913862e+00
7.133399999999999963e+00 2.056826274293759305e+00
7.155800000000000161e+00 2.071871735276683779e+00
7.178300000000000125e+00 2.081021634044593505e+00
7.200700000000000323e+00 2.083056169824450077e+00
7.223099999999999632e+00 2.081506059268554587e+00
7.245599999999999596e+00 2.095882976144511467e+00
7.267999999999999794e+00 2.114681201812623534e+00
7.290399999999999991e+00 2.127971895774913413e+00
7.312899999999999956e+00 2.126750396354709860e+00
7.335300000000000153e+00 2.108865699319594000e+00
7.357700000000000351e+00 2.085019828678125187e+00
7.380200000000000315e+00 2.079119603857502163e+00
7.402599999999999625e+00 2.093180809980966117e+00
7.424999999999999822e+00 2.097442829471136250e+00
7.447499999999999787e+00 2.099794125197080419e+00
7.469899999999999984e+00 2.112213028699089445e+00
7.492300000000000182e+00 2.137661115299240855e+00
7.514800000000000146e+00 2.165811956298074215e+00
7.537200000000000344e+00 2.150532986821455328e+00
7.559599999999999653e+00 2.093939570340086043e+00
7.581999999999999851e+00 2.053733042476187265e+00
7.604499999999999815e+00 2.034190173141558144e+00
7.626900000000000013e+00 2.022634661488209140e+00
7.649300000000000210e+00 1.996535616724137485e+00
7.671800000000000175e+00 1.958377816925880310e+00
7.694200000000000372e+00 1.921071231953916270e+00
7.716599999999999682e+00 1.865630390209069844e+00
7.739099999999999646e+00 1.806817866827254537e+00
7.761499999999999844e+00 1.747105838123468091e+00
7.783900000000000041e+00 1.715973388305774616e+00
7.806400000000000006e+00 1.713548251441026737e+00
7.828800000000000203e+00 1.731445275233983505e+00
7.851200000000000401e+00 1.755819409240431783e+00
7.873700000000000365e+00 1.785419462820337255e+00
7.896099999999999675e+00 1.815639711577047510e+00
7.918499999999999872e+00 1.842473571153807388e+00
7.940999999999999837e+00 1.864811500803543964e+00
7.963400000000000034e+00 1.881447407224235757e+00
7.985800000000000232e+00 1.886826144113422199e+00
8.008300000000000196e+00 1.895211794514232162e+00
8.030699999999999505e+00 1.915552645154906530e+00
8.053100000000000591e+00 1.898085820954789504e+00
8.075599999999999667e+00 1.875637362388078211e+00
8.098000000000000753e+00 1.865213339875507526e+00
8.120400000000000063e+00 1.850356851684558990e+00
8.142799999999999372e+00 1.824963009822717641e+00
8.165300000000000225e+00 1.784332801670198920e+00
8.187699999999999534e+00 1.736700791989238102e+00
8.210100000000000620e+00 1.671416226251206449e+00
8.232599999999999696e+00 1.623126380008834690e+00
8.255000000000000782e+00 1.615512480785472160e+00
8.277400000000000091e+00 1.629768497168502250e+00
8.299899999999999167e+00 1.648688059327677369e+00
8.322300000000000253e+00 1.653268825644319096e+00
8.344699999999999562e+00 1.678786130606585214e+00
8.367200000000000415e+00 1.707403870500984855e+00
8.389599999999999724e+00 1.719702965414546592e+00
8.412000000000000810e+00 1.718900888737172838e+00
8.434499999999999886e+00 1.699884622513272214e+00
8.456899999999999196e+00 1.687527578850946064e+00
8.479300000000000281e+00 1.671125643311829778e+00
8.501799999999999358e+00 1.647874551234969731e+00
8.524200000000000443e+00 1.627333673126425850e+00
8.546599999999999753e+00 1.623294831334965993e+00
8.569100000000000605e+00 1.611925129942006096e+00
8.591499999999999915e+00 1.604193748397643837e+00
8.613899999999999224e+00 1.601427165759166993e+00
8.636400000000000077e+00 1.610999181513521394e+00
8.658799999999999386e+00 1.608852094675391697e+00
8.681200000000000472e+00 1.584952437705529515e+00
8.703699999999999548e+00 1.559818172033422101e+00
8.726100000000000634e+00 1.536147694937870511e+00
8.748499999999999943e+00 1.492466803940696529e+00
8.770899999999999253e+00 1.448976077565124143e+00
8.793400000000000105e+00 1.413065329062651365e+00
8.815799999999999415e+00 1.378035872702074727e+00
8.838200000000000500e+00 1.342817137371606240e+00
8.860699999999999577e+00 1.308360366351315918e+00
8.883100000000000662e+00 1.291320392670297856e+00
8.905499999999999972e+00 1.289276117597250915e+00
8.928000000000000824e+00 1.281759622066984239e+00
8.950400000000000134e+00 1.280156694578714838e+00
8.972799999999999443e+00 1.272872504193613752e+00
8.995300000000000296e+00 1.276697355674883294e+00
9.017699999999999605e+00 1.286159775462237143e+00
9.040100000000000691e+00 1.286885660796326825e+00
9.062599999999999767e+00 1.301692967412211743e+00
9.085000000000000853e+00 1.312740122025471745e+00
9.107400000000000162e+00 1.318540490746633598e+00
9.129899999999999238e+00 1.322541815579041824e+00
9.152300000000000324e+00 1.324332731523007123e+00
9.174699999999999633e+00 1.321004599435330107e+00
9.197200000000000486e+00 1.305781730922391137e+00
9.219599999999999795e+00 1.292955993998267994e+00
9.242000000000000881e+00 1.274323249966288651e+00
9.264499999999999957e+00 1.246739954653929061e+00
9.286899999999999267e+00 1.214159404142022058e+00
9.309300000000000352e+00 1.182151978862129305e+00
9.331699999999999662e+00 1.165447987482760350e+00
9.354200000000000514e+00 1.143398070930020660e+00
9.376599999999999824e+00 1.127083668927062465e+00
9.398999999999999133e+00 1.111211425453929813e+00
9.421499999999999986e+00 1.115001512977979115e+00
9.443899999999999295e+00 1.104856561712340923e+00
9.466300000000000381e+00 1.106466108173478347e+00
9.488799999999999457e+00 1.111247999033705414e+00
9.511200000000000543e+00 1.112880913436550934e+00
9.533599999999999852e+00 1.123601883088200637e+00
9.556100000000000705e+00 1.131902935394847098e+00
9.578500000000000014e+00 1.134436525605842849e+00
9.600899999999999324e+00 1.137480812624020565e+00
9.623400000000000176e+00 1.135549946787183462e+00
9.645799999999999486e+00 1.133137925455428796e+00
9.668200000000000571e+00 1.125713888619044312e+00
9.690699999999999648e+00 1.117336551315333715e+00
9.713100000000000733e+00 1.100765443620554951e+00
9.735500000000000043e+00 1.091699004045345811e+00
9.757999999999999119e+00 1.084104857708617420e+00
9.780400000000000205e+00 1.075689650355609039e+00
9.802799999999999514e+00 1.056398762919011247e+00
9.825300000000000367e+00 1.063645641302276346e+00
9.847699999999999676e+00 1.068553898206727748e+00
9.870100000000000762e+00 1.077438430179212148e+00
9.892599999999999838e+00 1.073071682235999802e+00
9.914999999999999147e+00 1.072485535219283914e+00
9.937400000000000233e+00 1.081353246947234004e+00
9.959799999999999542e+00 1.090597475020140816e+00
9.982300000000000395e+00 1.092667233061971777e+00
1.000469999999999970e+01 1.087864776604528405e+00
1.002710000000000079e+01 1.086349215453901174e+00
1.004959999999999987e+01 1.081560102354807817e+00
1.007199999999999918e+01 1.079440778999796180e+00
1.009440000000000026e+01 1.074157251545762692e+00
1.011689999999999934e+01 1.057809513391998912e+00
1.013930000000000042e+01 1.051017016295274775e+00
1.016169999999999973e+01 1.050745170221098812e+00
1.018420000000000059e+01 1.038221310412755116e+00
1.020659999999999989e+01 1.039914010691811885e+00
1.022899999999999920e+01 1.043196128384966892e+00
1.025150000000000006e+01 1.050008828253849780e+00
1.027389999999999937e+01 1.047067007750412060e+00
1.029630000000000045e+01 1.052724948251583914e+00
1.031879999999999953e+01 1.066353971587189697e+00
1.034120000000000061e+01 1.064865653455655314e+00
1.036359999999999992e+01 1.068575920894563325e+00
1.038610000000000078e+01 1.055914765953082091e+00
1.040850000000000009e+01 1.036723878796949716e+00
1.043089999999999939e+01 1.020425024479722609e+00
1.045340000000000025e+01 1.005377554724292022e+00
1.047579999999999956e+01 1.005511205724930246e+00
1.049820000000000064e+01 1.006302325019713173e+00
1.052069999999999972e+01 9.745277892389224705e-01
1.054310000000000080e+01 9.582763456945456726e-01
1.056550000000000011e+01 9.383430484305158581e-01
1.058789999999999942e+01 9.149374853340952463e-01
1.061040000000000028e+01 9.036078211910881786e-01
1.063279999999999959e+01 8.896523446678391567e-01
1.065520000000000067e+01 8.776244587397711294e-01
1.067769999999999975e+01 8.704503284300093569e-01
1.070010000000000083e+01 8.534161337853067852e-01
1.072250000000000014e+01 8.452719538513986386e-01
1.074499999999999922e+01 8.448241039647298445e-01
1.076740000000000030e+01 8.423839455950428157e-01
1.078979999999999961e+01 8.345732364437999928e-01
1.081230000000000047e+01 8.389481908699414348e-01
1.083469999999999978e+01 8.489451456212877556e-01
1.085710000000000086e+01 8.712877214014165261e-01
1.087959999999999994e+01 8.671778481614614842e-01
1.090199999999999925e+01 8.643619392278615310e-01
1.092440000000000033e+01 8.683102583307059641e-01
1.094689999999999941e+01 8.677317626262295303e-01
1.096930000000000049e+01 8.563683106290250757e-01
1.099169999999999980e+01 8.582871911294289724e-01
1.101420000000000066e+01 8.587473823466492684e-01
1.103659999999999997e+01 8.492999902710578475e-01
1.105899999999999928e+01 8.466717167561677027e-01
1.108150000000000013e+01 8.441751992581951747e-01
1.110389999999999944e+01 8.398808815585234733e-01
1.112630000000000052e+01 8.321813762243424062e-01
1.114869999999999983e+01 8.210422771066654413e-01
1.117120000000000068e+01 8.113490210723783846e-01
1.119359999999999999e+01 8.092495532640225919e-01
1.121599999999999930e+01 8.081473194484185552e-01
1.123850000000000016e+01 8.157609561168743806e-01
1.126089999999999947e+01 8.112041998622987471e-01
1.128330000000000055e+01 8.048136922031720042e-01
1.130579999999999963e+01 8.003869654938340350e-01
1.132820000000000071e+01 7.948586174058897003e-01
1.135060000000000002e+01 7.929313369474533246e-01
1.137310000000000088e+01 7.815990544215871694e-01
1.139550000000000018e+01 7.667297946372012563e-01
1.141789999999999949e+01 7.542499147226611189e-01
1.144040000000000035e+01 7.523791008456328644e-01
1.146279999999999966e+01 7.563194925043259520e-01
1.148520000000000074e+01 7.653117914456464277e-01
1.150769999999999982e+01 7.664978752353995839e-01
1.153009999999999913e+01 7.692651280561180194e-01
1.155250000000000021e+01 7.637642530865549340e-01
1.157499999999999929e+01 7.547424123757739967e-01
1.159740000000000038e+01 7.378012012547948695e-01
1.161979999999999968e+01 7.221533971065634550e-01
1.164230000000000054e+01 7.119240159579410809e-01
1.166469999999999985e+01 7.065704663173071332e-01
1.168709999999999916e+01 7.038409579910058778e-01
1.170960000000000001e+01 6.872122310872850193e-01
1.173199999999999932e+01 6.703130134513207716e-01
1.175440000000000040e+01 6.614634957341235522e-01
1.177679999999999971e+01 6.616293733307143654e-01
1.179930000000000057e+01 6.626139230003955660e-01
1.182169999999999987e+01 6.665244248804200744e-01
1.184409999999999918e+01 6.750578294618929664e-01
1.186660000000000004e+01 6.807218929383684891e-01
1.188899999999999935e+01 6.901945253313113149e-01
1.191140000000000043e+01 6.964388272214777631e-01
1.193389999999999951e+01 6.902635734705585557e-01
1.195630000000000059e+01 6.868798665987180252e-01
1.197869999999999990e+01 6.819508596472926287e-01
1.200120000000000076e+01 6.782811654346049268e-01
1.202360000000000007e+01 6.753200722573806658e-01
1.204599999999999937e+01 6.761098884918341767e-01
1.206850000000000023e+01 6.773357783779767605e-01
1.209089999999999954e+01 6.818391589905612449e-01
1.211330000000000062e+01 6.867517724382141697e-01
1.213579999999999970e+01 6.887830094728746300e-01
1.215820000000000078e+01 6.863773980538294683e-01
1.218060000000000009e+01 6.858553431466019035e-01
1.220309999999999917e+01 6.894458428540966022e-01
1.222550000000000026e+01 6.930581256619232633e-01
1.224789999999999957e+01 6.829139208757601942e-01
1.227040000000000042e+01 6.778037070877160897e-01
1.229279999999999973e+01 6.689606457250845128e-01
1.231520000000000081e+01 6.647559987056710362e-01
1.233760000000000012e+01 6.641220357483896830e-01
1.236009999999999920e+01 6.594175906085243399e-01
1.238250000000000028e+01 6.497931417642542895e-01
1.240489999999999959e+01 6.395137125807899281e-01
1.242740000000000045e+01 6.314471210722834016e-01
1.244979999999999976e+01 6.258722559469487301e-01
1.247220000000000084e+01 6.195984881080394135e-01
1.249469999999999992e+01 6.107560078294138606e-01
1.251709999999999923e+01 6.021336916999227018e-01
1.253950000000000031e+01 5.878815072734651093e-01
1.256199999999999939e+01 5.802101945874116318e-01
1.258440000000000047e+01 5.697621831722966546e-01
1.260679999999999978e+01 5.609650006517189480e-01
1.262930000000000064e+01 5.576168191880361835e-01
1.265169999999999995e+01 5.562262244058004956e-01
1.267409999999999926e+01 5.566379269169547950e-01
1.269660000000000011e+01 5.563778118456043087e-01
1.271899999999999942e+01 5.548764921733235767e-01
1.274140000000000050e+01 5.556152806174106118e-01
1.276389999999999958e+01 5.544447802695244842e-01
1.278630000000000067e+01 5.553782852004947035e-01
1.280869999999999997e+01 5.545639402287103614e-01
1.283120000000000083e+01 5.536224624067365152e-01
1.285360000000000014e+01 5.482402997382964660e-01
1.287599999999999945e+01 5.393441527092738275e-01
1.289850000000000030e+01 5.320237821667641587e-01
1.292089999999999961e+01 5.288662684858504992e-01
1.294330000000000069e+01 5.257813235983561650e-01
1.296570000000000000e+01 5.233077761607616285e-01
1.298820000000000086e+01 5.193986772538845553e-01
1.301060000000000016e+01 5.205612768751336494e-01
1.303299999999999947e+01 5.234305864372474915e-01
1.305550000000000033e+01 5.264084311442300823e-01
1.307789999999999964e+01 5.309062038154213070e-01
1.310030000000000072e+01 5.353845384056999945e-01
1.312279999999999980e+01 5.385602078055651276e-01
1.314520000000000088e+01 5.404406554998635315e-01
1.316760000000000019e+01 5.400013063883774000e-01
1.319009999999999927e+01 5.264137089377362022e-01
1.321250000000000036e+01 5.196442746163469906e-01
1.323489999999999966e+01 5.162488452471032385e-01
1.325740000000000052e+01 5.184670419427338528e-01
1.327979999999999983e+01 5.206155485410827177e-01
1.330219999999999914e+01 5.188040834522823497e-01
1.332469999999999999e+01 5.205373320073037879e-01
1.334709999999999930e+01 5.237411803599230087e-01
1.336950000000000038e+01 5.286837513858415605e-01
1.339199999999999946e+01 5.306935459248386389e-01
1.341440000000000055e+01 5.297401099930085788e-01
1.343679999999999986e+01 5.313296743185086379e-01
1.345930000000000071e+01 5.327931250542349284e-01
1.348170000000000002e+01 5.286389809975123866e-01
1.350409999999999933e+01 5.295911643345910802e-01
1.352660000000000018e+01 5.333391437364325416e-01
1.354899999999999949e+01 5.300361520340641786e-01
1.357140000000000057e+01 5.221829566751385876e-01
1.359379999999999988e+01 5.157923833271289560e-01
1.361630000000000074e+01 5.112401398277729436e-01
1.363870000000000005e+01 5.063820210802900679e-01
1.366109999999999935e+01 5.006709965326370249e-01
1.368360000000000021e+01 4.979751343230961469e-01
1.370599999999999952e+01 4.960674254720535137e-01
1.372840000000000060e+01 4.934767797841015935e-01
1.375089999999999968e+01 4.934943629059642678e-01
1.377330000000000076e+01 4.955066573091689297e-01
1.379570000000000007e+01 4.962297669485674634e-01
1.381819999999999915e+01 4.952800361026959419e-01
1.384060000000000024e+01 4.959879891843157473e-01
1.386299999999999955e+01 4.990908354990482576e-01
1.388550000000000040e+01 5.089277750630943897e-01
1.390789999999999971e+01 5.106085961788600081e-01
1.393030000000000079e+01 5.131617802155445940e-01
1.395279999999999987e+01 5.161089592352281485e-01
1.397519999999999918e+01 5.193354190264707348e-01
1.399760000000000026e+01 5.166765074119666901e-01
1.402009999999999934e+01 5.122116933011986450e-01
1.404250000000000043e+01 5.047097593741756150e-01
1.406489999999999974e+01 4.971731249599102842e-01
1.408740000000000059e+01 4.910530866584355558e-01
1.410979999999999990e+01 4.884196084994612552e-01
1.413219999999999921e+01 4.845901621333966736e-01
1.415460000000000029e+01 4.810143369127722335e-01
1.417709999999999937e+01 4.770730943093373644e-01
1.419950000000000045e+01 4.733979648095149040e-01
1.422189999999999976e+01 4.711074831687388498e-01
1.424440000000000062e+01 4.685160725884461308e-01
1.426679999999999993e+01 4.659033892316783998e-01
1.428919999999999924e+01 4.671858223113780628e-01
1.431170000000000009e+01 4.669654035088422472e-01
1.433409999999999940e+01 4.633328155681602500e-01
1.435650000000000048e+01 4.609152095748499933e-01
1.437899999999999956e+01 4.542151028652099964e-01
1.440140000000000065e+01 4.477528170017754938e-01
1.442379999999999995e+01 4.410474326855214344e-01
1.444630000000000081e+01 4.357654134308600602e-01
1.446870000000000012e+01 4.343977453634068064e-01
1.449109999999999943e+01 4.330161797148831537e-01
1.451360000000000028e+01 4.349182808316338633e-01
1.453599999999999959e+01 4.360953280957844402e-01
1.455840000000000067e+01 4.369180332093872687e-01
1.458089999999999975e+01 4.368551204868862392e-01
1.460330000000000084e+01 4.394637933851777700e-01
1.462570000000000014e+01 4.395392974623315574e-01
1.464819999999999922e+01 4.361262831010664365e-01
1.467060000000000031e+01 4.330572250028495440e-01
1.469299999999999962e+01 4.331032887078072879e-01
1.471550000000000047e+01 4.331970372824569537e-01
1.473789999999999978e+01 4.335552480589341950e-01
1.476030000000000086e+01 4.347501936875012296e-01
1.478270000000000017e+01 4.355743529070279507e-01
1.480519999999999925e+01 4.363793064195398141e-01
1.482760000000000034e+01 4.386074305051461675e-01
1.484999999999999964e+01 4.409513049495524251e-01
1.487250000000000050e+01 4.423701552445964413e-01
1.489489999999999981e+01 4.435201794093901473e-01
1.491729999999999912e+01 4.444619818533246947e-01
1.493979999999999997e+01 4.434132483074407771e-01
1.496219999999999928e+01 4.409875106602632600e-01
1.498460000000000036e+01 4.394892319492181287e-01
1.500709999999999944e+01 4.383204806732200476e-01
1.502950000000000053e+01 4.377303227687079357e-01
1.505189999999999984e+01 4.390069106427703649e-01
1.507440000000000069e+01 4.435399957380641855e-01
1.509680000000000000e+01 4.481815884314768184e-01
1.511919999999999931e+01 4.549040286820243417e-01
1.514170000000000016e+01 4.602000628315652819e-01
1.516409999999999947e+01 4.637263617081142097e-01
1.518650000000000055e+01 4.657448199581788462e-01
1.520899999999999963e+01 4.675066233257841875e-01
1.523140000000000072e+01 4.681117740574088915e-01
1.525380000000000003e+01 4.644026789437039615e-01
1.527630000000000088e+01 4.608012109391016464e-01
1.529870000000000019e+01 4.605785901014138872e-01
1.532109999999999950e+01 4.568331914189084353e-01
1.534350000000000058e+01 4.534926402600992779e-01
1.536599999999999966e+01 4.537108914037333851e-01
1.538840000000000074e+01 4.550599263448186216e-01
1.541080000000000005e+01 4.580285890507292956e-01
1.543329999999999913e+01 4.587434900129692128e-01
1.545570000000000022e+01 4.597664211236612841e-01
1.547809999999999953e+01 4.636679064541900930e-01
1.550060000000000038e+01 4.643709806943102092e-01
1.552299999999999969e+01 4.669708341818802344e-01
1.554540000000000077e+01 4.680816355152490615e-01
1.556789999999999985e+01 4.691514211544126067e-01
1.559029999999999916e+01 4.638553492937141920e-01
1.561270000000000024e+01 4.597940094949379830e-01
1.563519999999999932e+01 4.562979725942528653e-01
1.565760000000000041e+01 4.550619978930595666e-01
1.567999999999999972e+01 4.574905988703994453e-01
1.570250000000000057e+01 4.629288885466594228e-01
1.572489999999999988e+01 4.634799039279296484e-01
1.574729999999999919e+01 4.651650007436330392e-01
1.576980000000000004e+01 4.695821861989566970e-01
1.579219999999999935e+01 4.705255113711128701e-01
1.581460000000000043e+01 4.714307348241587592e-01
1.583709999999999951e+01 4.715149370742663937e-01
1.585950000000000060e+01 4.722882433551130466e-01
1.588189999999999991e+01 4.725346238650757202e-01
1.590440000000000076e+01 4.743450461945840635e-01
1.592680000000000007e+01 4.732623312516195391e-01
1.594919999999999938e+01 4.702241052468255078e-01
1.597160000000000046e+01 4.684140839485194663e-01
1.599409999999999954e+01 4.608168260757686818e-01
1.601650000000000063e+01 4.527624038857183675e-01
1.603890000000000171e+01 4.459889633535016884e-01
1.606139999999999901e+01 4.419784275438730092e-01
1.608380000000000010e+01 4.399618948084629833e-01
1.610620000000000118e+01 4.393696313390780817e-01
1.612869999999999848e+01 4.403007452434880009e-01
1.615109999999999957e+01 4.439005142591246345e-01
1.617350000000000065e+01 4.472818744718654038e-01
1.619600000000000151e+01 4.514536481960594871e-01
1.621839999999999904e+01 4.566519483892730324e-01
1.624080000000000013e+01 4.626434179000934455e-01
1.626330000000000098e+01 4.687942036321013917e-01
1.628569999999999851e+01 4.724044276347936777e-01
1.630809999999999960e+01 4.757379559377875600e-01
1.633060000000000045e+01 4.781731157164775259e-01
1.635300000000000153e+01 4.798527742967562126e-01
1.637539999999999907e+01 4.810201746230375885e-01
1.639789999999999992e+01 4.839826082279696795e-01
1.642030000000000101e+01 4.860861531810026226e-01
1.644269999999999854e+01 4.875024531020424323e-01
1.646519999999999939e+01 4.884247821953594526e-01
1.648760000000000048e+01 4.873058236681213629e-01
1.651000000000000156e+01 4.871871325258335661e-01
1.653249999999999886e+01 4.867830996873601102e-01
1.655489999999999995e+01 4.832516371663472254e-01
1.657730000000000103e+01 4.786359648609648798e-01
1.659969999999999857e+01 4.756943271735193379e-01
1.662219999999999942e+01 4.738875601739391819e-01
1.664460000000000051e+01 4.728292217927632102e-01
1.666700000000000159e+01 4.736263301549203941e-01
1.668949999999999889e+01 4.763308176311379372e-01
1.671189999999999998e+01 4.793933953654154756e-01
1.673430000000000106e+01 4.810896848130424286e-01
1.675679999999999836e+01 4.766884469633521082e-01
1.677919999999999945e+01 4.708640889761542270e-01
1.680160000000000053e+01 4.642426510128936923e-01
1.682410000000000139e+01 4.583959720381110547e-01
1.684649999999999892e+01 4.547343775649747011e-01
1.686890000000000001e+01 4.517568697421361357e-01
1.689140000000000086e+01 4.495980572146436316e-01
1.691379999999999839e+01 4.494466357505179088e-01
1.693619999999999948e+01 4.488373575714863506e-01
1.695870000000000033e+01 4.483402500395935464e-01
1.698110000000000142e+01 4.475255838105721140e-01
1.700349999999999895e+01 4.474379092561787119e-01
1.702599999999999980e+01 4.508935318728065078e-01
1.704840000000000089e+01 4.546882073068418961e-01
1.707079999999999842e+01 4.581793459019930514e-01
1.709329999999999927e+01 4.598220191264428824e-01
1.711570000000000036e+01 4.600032379607744693e-01
1.713810000000000144e+01 4.592843383552037140e-01
1.716049999999999898e+01 4.589045457313741250e-01
1.718299999999999983e+01 4.585083329963205445e-01
1.720540000000000092e+01 4.565064917895474972e-01
1.722779999999999845e+01 4.567805145666381517e-01
1.725029999999999930e+01 4.543009493513079922e-01
1.727270000000000039e+01 4.523806193497286188e-01
1.729510000000000147e+01 4.492716725744455575e-01
1.731759999999999877e+01 4.467394430497915736e-01
1.733999999999999986e+01 4.458420381748749439e-01
1.736240000000000094e+01 4.456921518476473221e-01
1.738489999999999824e+01 4.467042285571183324e-01
1.740729999999999933e+01 4.481042504346389732e-01
1.742970000000000041e+01 4.508034462568293321e-01
1.745220000000000127e+01 4.528755723237730679e-01
1.747459999999999880e+01 4.516006137282762567e-01
1.749699999999999989e+01 4.517769390792783502e-01
1.751950000000000074e+01 4.530797454311530914e-01
1.754189999999999827e+01 4.561779509708475122e-01
1.756429999999999936e+01 4.594958972851626022e-01
1.758680000000000021e+01 4.614967461592605624e-01
1.760920000000000130e+01 4.663689666171336179e-01
1.763159999999999883e+01 4.694928906533560875e-01
1.765409999999999968e+01 4.699688147490976853e-01
1.767650000000000077e+01 4.732204444265229459e-01
1.769889999999999830e+01 4.752033356638279971e-01
1.772139999999999915e+01 4.775235809677760845e-01
1.774380000000000024e+01 4.809847152189257180e-01
1.776620000000000132e+01 4.848083118044108630e-01
1.778859999999999886e+01 4.882925494259338639e-01
1.781109999999999971e+01 4.888752075410521813e-01
1.783350000000000080e+01 4.880539141632636024e-01
1.785589999999999833e+01 4.879440290870153962e-01
1.787839999999999918e+01 4.854002892333101338e-01
1.790080000000000027e+01 4.810388750941589908e-01
1.792320000000000135e+01 4.769448732310391792e-01
1.794569999999999865e+01 4.751561427698199891e-01
1.796809999999999974e+01 4.740839569005293463e-01
1.799050000000000082e+01 4.728225388295903553e-01
1.801300000000000168e+01 4.709156545972895125e-01
1.803539999999999921e+01 4.693966017734606533e-01
1.805780000000000030e+01 4.687515297670557524e-01
1.808030000000000115e+01 4.692033043417226379e-01
1.810269999999999868e+01 4.703905098498870618e-01
1.812509999999999977e+01 4.718561371224901935e-01
1.814760000000000062e+01 4.704373438524064310e-01
1.817000000000000171e+01 4.725330978360859913e-01
1.819239999999999924e+01 4.735483282610828404e-01
1.821490000000000009e+01 4.750748804668716296e-01
1.823730000000000118e+01 4.778401553517853673e-01
1.825969999999999871e+01 4.783741155331143746e-01
1.828219999999999956e+01 4.787743198053346916e-01
1.830460000000000065e+01 4.780423727569775849e-01
1.832700000000000173e+01 4.769504538822580963e-01
1.834939999999999927e+01 4.741085580648857212e-01
1.837190000000000012e+01 4.723845626181193413e-01
1.839430000000000121e+01 4.711357260630832933e-01
1.841669999999999874e+01 4.679446231430602343e-01
1.843919999999999959e+01 4.664589015816140716e-01
1.846160000000000068e+01 4.678249963641213371e-01
1.848400000000000176e+01 4.683385709198876201e-01
1.850649999999999906e+01 4.681928928102084830e-01
1.852890000000000015e+01 4.663063904877360888e-01
1.855130000000000123e+01 4.634599025492374125e-01
1.857379999999999853e+01 4.603881918937447471e-01
1.859619999999999962e+01 4.543560818671100177e-01
1.861860000000000070e+01 4.509089147671055953e-01
1.864110000000000156e+01 4.480643057079319869e-01
1.866349999999999909e+01 4.465934068816528324e-01
1.868590000000000018e+01 4.462897586680499851e-01
1.870840000000000103e+01 4.462439084196141992e-01
1.873079999999999856e+01 4.465534443992503211e-01
1.875319999999999965e+01 4.480094104603201677e-01
1.877570000000000050e+01 4.504033065351888965e-01
1.879810000000000159e+01 4.540838055412000362e-01
1.882049999999999912e+01 4.586963843498250704e-01
1.884299999999999997e+01 4.641837578740722337e-01
1.886540000000000106e+01 4.660747219894750271e-01
1.888779999999999859e+01 4.675781928774221941e-01
1.891029999999999944e+01 4.695403489825747956e-01
1.893270000000000053e+01 4.725573806941302246e-01
1.895510000000000161e+01 4.714969421706816100e-01
1.897749999999999915e+01 4.713522973909596847e-01
1.900000000000000000e+01 4.726463666779778805e-01
1.902240000000000109e+01 4.762835697005296520e-01
1.904479999999999862e+01 4.795118874369077577e-01
1.906729999999999947e+01 4.809272001073295888e-01
1.908970000000000056e+01 4.816901976856542422e-01
1.911210000000000164e+01 4.826722398800593616e-01
1.913459999999999894e+01 4.826164817326066281e-01
1.915700000000000003e+01 4.819986783065357550e-01
1.917940000000000111e+01 4.812232385796689216e-01
1.920189999999999841e+01 4.802916998995890308e-01
1.922429999999999950e+01 4.782725274292021211e-01
1.924670000000000059e+01 4.772455111730972144e-01
1.926920000000000144e+01 4.730689680320907531e-01
1.929159999999999897e+01 4.698688664930421588e-01
1.931400000000000006e+01 4.672343376690530903e-01
1.933650000000000091e+01 4.659115127752759822e-01
1.935889999999999844e+01 4.673471539485902770e-01
1.938129999999999953e+01 4.703865601418196762e-01
1.940380000000000038e+01 4.683997670748810682e-01
1.942620000000000147e+01 4.690010113150011595e-01
1.944859999999999900e+01 4.696691050808966539e-01
1.947109999999999985e+01 4.698326262978634871e-01
1.949350000000000094e+01 4.711212588297115644e-01
1.951589999999999847e+01 4.730030340556822255e-01
1.953839999999999932e+01 4.745659291631704191e-01
1.956080000000000041e+01 4.742537502534102112e-01
1.958320000000000149e+01 4.746603714582879885e-01
1.960559999999999903e+01 4.763110437140099518e-01
1.962809999999999988e+01 4.777182280182096230e-01
1.965050000000000097e+01 4.796550110553562396e-01
1.967289999999999850e+01 4.814916857072433776e-01
1.969539999999999935e+01 4.822098213180953108e-01
1.971780000000000044e+01 4.837460283249710447e-01
1.974020000000000152e+01 4.846402307066971504e-01
1.976269999999999882e+01 4.872144421363358013e-01
1.978509999999999991e+01 4.873821197677333794e-01
1.980750000000000099e+01 4.877969590286899138e-01
1.982999999999999829e+01 4.872365425813605100e-01
1.985239999999999938e+01 4.853226604688809509e-01
1.987480000000000047e+01 4.840761397368925079e-01
1.989730000000000132e+01 4.806225821982510471e-01
1.991969999999999885e+01 4.785537680540897232e-01
1.994209999999999994e+01 4.788150519570265051e-01
1.996460000000000079e+01 4.786857042165286735e-01
1.998699999999999832e+01 4.767444020625839496e-01
2.000939999999999941e+01 4.776080254684916260e-01
2.003190000000000026e+01 4.786029880987574536e-01
2.005430000000000135e+01 4.794053466225883797e-01
2.007669999999999888e+01 4.825630923006805628e-01
2.009919999999999973e+01 4.856536643241893825e-01
2.012160000000000082e+01 4.869285967084945321e-01
2.014399999999999835e+01 4.877509481039882244e-01
2.016639999999999944e+01 4.903211782693329690e-01
2.018890000000000029e+01 4.899062335623193265e-01
2.021130000000000138e+01 4.906221058131819968e-01
2.023369999999999891e+01 4.899450125627674013e-01
2.025619999999999976e+01 4.884775378980316107e-01
2.027860000000000085e+01 4.877836217387510609e-01
2.030099999999999838e+01 4.882551807336813487e-01
2.032349999999999923e+01 4.868576409169114161e-01
2.034590000000000032e+01 4.848812212676429922e-01
2.036830000000000140e+01 4.832423496017158593e-01
2.039079999999999870e+01 4.835507467725758124e-01
2.041319999999999979e+01 4.837642192054777412e-01
2.043560000000000088e+01 4.846276050534452651e-01
2.045810000000000173e+01 4.870907100928583700e-01
2.048049999999999926e+01 4.902334634934920610e-01
2.050290000000000035e+01 4.930816107331617570e-01
2.052540000000000120e+01 4.945425485574313496e-01
2.054779999999999873e+01 4.957745701514892911e-01
2.057019999999999982e+01 4.972716331328818073e-01
2.059270000000000067e+01 4.971517081568621599e-01
2.061510000000000176e+01 4.951042691837183041e-01
2.063749999999999929e+01 4.972389646510092520e-01
2.066000000000000014e+01 4.999720235627602705e-01
2.068240000000000123e+01 5.001536334540648276e-01
2.070479999999999876e+01 5.017910220785568587e-01
2.072729999999999961e+01 5.010333793851002859e-01
2.074970000000000070e+01 5.004441454147708912e-01
2.077209999999999823e+01 5.012718359876247032e-01
2.079449999999999932e+01 5.035225855423273167e-01
2.081700000000000017e+01 5.064453254918899194e-01
2.083940000000000126e+01 5.089454976606885284e-01
2.086179999999999879e+01 5.116610199828531824e-01
2.088429999999999964e+01 5.136672677460134562e-01
2.090670000000000073e+01 5.149605486205923732e-01
2.092909999999999826e+01 5.182204025466573549e-01
2.095159999999999911e+01 5.200912925091296657e-01
2.097400000000000020e+01 5.237481347610697391e-01
2.099640000000000128e+01 5.267123902404367009e-01
2.101889999999999858e+01 5.269029474600843699e-01
2.104129999999999967e+01 5.258925190376020353e-01
2.106370000000000076e+01 5.214294010611617569e-01
2.108620000000000161e+01 5.156065314082018958e-01
2.110859999999999914e+01 5.085408926675418773e-01
2.113100000000000023e+01 5.025632438398535129e-01
2.115350000000000108e+01 5.008193022868256961e-01
2.117589999999999861e+01 5.013500585571178947e-01
2.119829999999999970e+01 5.033724816400866331e-01
2.122080000000000055e+01 5.009173246366371846e-01
2.124320000000000164e+01 5.009540447040149447e-01
2.126559999999999917e+01 5.005655084139970512e-01
2.128810000000000002e+01 5.023170182314506960e-01
2.131050000000000111e+01 5.063943478452027636e-01
2.133289999999999864e+01 5.095155750564598351e-01
2.135529999999999973e+01 5.076493046904813067e-01
2.137780000000000058e+01 5.099639503904537241e-01
2.140020000000000167e+01 5.099626977950634243e-01
2.142259999999999920e+01 5.088964029880923556e-01
2.144510000000000005e+01 5.081844674076996249e-01
2.146750000000000114e+01 5.080803278562173730e-01
2.148989999999999867e+01 5.062362515541982688e-01
2.151239999999999952e+01 5.024128037620352316e-01
2.153480000000000061e+01 4.993199463751650802e-01
2.155720000000000169e+01 4.964578294873513986e-01
2.157969999999999899e+01 4.924859530038889766e-01
2.160210000000000008e+01 4.892479911990870733e-01
2.162450000000000117e+01 4.861127805543169478e-01
2.164699999999999847e+01 4.850000815655546860e-01
2.166939999999999955e+01 4.840085005002859320e-01
2.169180000000000064e+01 4.845946526198774973e-01
2.171430000000000149e+01 4.856055838244675016e-01
2.173669999999999902e+01 4.872480025576960694e-01
2.175910000000000011e+01 4.886364838259732446e-01
2.178160000000000096e+01 4.895921698959767032e-01
2.180399999999999849e+01 4.904422543026883408e-01
2.182639999999999958e+01 4.906633206932851654e-01
2.184890000000000043e+01 4.919164086936452240e-01
2.187130000000000152e+01 4.932712267727673017e-01
2.189369999999999905e+01 4.936871207083788349e-01
2.191619999999999990e+01 4.933455055460592154e-01
2.193860000000000099e+01 4.927670033945566463e-01
2.196099999999999852e+01 4.930894460822194958e-01
2.198339999999999961e+01 4.932998132229822752e-01
2.200590000000000046e+01 4.937222058013940318e-01
2.202830000000000155e+01 4.929415330108534166e-01
2.205069999999999908e+01 4.932082013904333095e-01
2.207319999999999993e+01 4.947457376134354878e-01
2.209560000000000102e+01 4.971034766642854485e-01
2.211799999999999855e+01 5.014293633225095359e-01
2.214049999999999940e+01 5.045399624105049163e-01
2.216290000000000049e+01 5.059287861127435004e-01
2.218530000000000157e+01 5.059166476076898400e-01
2.220779999999999887e+01 5.063520022147182109e-01
2.223019999999999996e+01 5.066577354683122758e-01
2.225260000000000105e+01 5.078221683280614851e-01
2.227509999999999835e+01 5.093351389526845630e-01
2.229749999999999943e+01 5.095348729101853991e-01
2.231990000000000052e+01 5.094941847645660937e-01
2.234240000000000137e+01 5.082649630341175007e-01
2.236479999999999890e+01 5.077150102201932746e-01
2.238719999999999999e+01 5.076726459358720245e-01
2.240970000000000084e+01 5.089035630422031886e-01
2.243209999999999837e+01 5.106977349615134942e-01
2.245449999999999946e+01 5.130766424932980962e-01
2.247700000000000031e+01 5.156666840655625972e-01
2.249940000000000140e+01 5.184486041447332605e-01
2.252179999999999893e+01 5.217579724451628653e-01
2.254429999999999978e+01 5.238781000731592696e-01
2.256670000000000087e+01 5.251853647256108371e-01
2.258909999999999840e+01 5.245152159805235303e-01
2.261149999999999949e+01 5.240391781440787433e-01
2.263400000000000034e+01 5.239378072558520394e-01
2.265640000000000143e+01 5.238877145280489422e-01
2.267879999999999896e+01 5.248613468085204792e-01
2.270129999999999981e+01 5.245875847611527476e-01
2.272370000000000090e+01 5.252001534037780139e-01
2.274609999999999843e+01 5.257546831939698961e-01
2.276859999999999928e+01 5.274976939576465629e-01
2.279100000000000037e+01 5.299609584544464624e-01
2.281340000000000146e+01 5.324745488144696504e-01
2.283589999999999876e+01 5.357573775054317311e-01
2.285829999999999984e+01 5.389790114018736533e-01
2.288070000000000093e+01 5.413239570126826550e-01
2.290319999999999823e+01 5.421758587092618820e-01
2.292559999999999931e+01 5.432806608529283654e-01
2.294800000000000040e+01 5.441681490615715155e-01
2.297050000000000125e+01 5.431930631512777996e-01
2.299289999999999878e+01 5.421638371669672551e-01
2.301529999999999987e+01 5.410099603445811534e-01
2.303780000000000072e+01 5.403057808432351061e-01
2.306019999999999825e+01 5.398836531816030293e-01
2.308259999999999934e+01 5.384366447181359039e-01
2.310510000000000019e+01 5.369935360724645834e-01
2.312750000000000128e+01 5.357019412122210333e-01
2.314989999999999881e+01 5.356029631468616214e-01
2.317229999999999990e+01 5.363456638922393660e-01
2.319480000000000075e+01 5.377053214105447232e-01
2.321719999999999828e+01 5.389144756804862268e-01
2.323959999999999937e+01 5.400777217971850508e-01
2.326210000000000022e+01 5.416163789645096482e-01
2.328450000000000131e+01 5.427874271721635502e-01
2.330689999999999884e+01 5.429221203834752041e-01
2.332939999999999969e+01 5.440221297162622927e-01
2.335180000000000078e+01 5.456858009015773670e-01
2.337419999999999831e+01 5.472842551585825888e-01
2.339669999999999916e+01 5.492861030401959832e-01
2.341910000000000025e+01 5.506160892691158715e-01
2.344150000000000134e+01 5.516882948734879166e-01
2.346399999999999864e+01 5.521885751267504583e-01
2.348639999999999972e+01 5.524380244879480983e-01
2.350880000000000081e+01 5.540079777070083811e-01
2.353130000000000166e+01 5.557565325821137714e-01
2.355369999999999919e+01 5.582778146729038271e-01
2.357610000000000028e+01 5.609019164846589245e-01
2.359860000000000113e+01 5.632649596780130441e-01
2.362099999999999866e+01 5.646985583112658080e-01
2.364339999999999975e+01 5.656307680254066828e-01
2.366590000000000060e+01 5.667329145872508356e-01
2.368830000000000169e+01 5.679945610265982880e-01
2.371069999999999922e+01 5.695066648601994075e-01
2.373320000000000007e+01 5.715746379296763324e-01
2.375560000000000116e+01 5.733532501272461390e-01
2.377799999999999869e+01 5.746789014180301303e-01
2.380039999999999978e+01 5.760734943618467385e-01
2.382290000000000063e+01 5.777882359030979131e-01
2.384530000000000172e+01 5.787843096385169028e-01
2.386769999999999925e+01 5.792512590676299755e-01
2.389020000000000010e+01 5.798193677516083611e-01
2.391260000000000119e+01 5.803153117975490272e-01
2.393499999999999872e+01 5.803292532277459781e-01
2.395749999999999957e+01 5.817314197291379996e-01
2.397990000000000066e+01 5.839704123845788075e-01
2.400230000000000175e+01 5.858625710086182714e-01
2.402479999999999905e+01 5.879755290933406098e-01
2.404720000000000013e+01 5.898982703858028920e-01
2.406960000000000122e+01 5.915597824561077411e-01
2.409209999999999852e+01 5.923796660029188033e-01
2.411449999999999960e+01 5.920140096330880342e-01
2.413690000000000069e+01 5.909191990873332578e-01
2.415940000000000154e+01 5.900524409021259409e-01
2.418179999999999907e+01 5.891284272027350610e-01
2.420420000000000016e+01 5.877028680428236784e-01
2.422670000000000101e+01 5.869569252017097227e-01
2.424909999999999854e+01 5.862843836645390549e-01
2.427149999999999963e+01 5.854266852362468576e-01
2.429400000000000048e+01 5.849427640828630537e-01
2.431640000000000157e+01 5.849446350945310957e-01
2.433879999999999910e+01 5.855413280330064030e-01
2.436129999999999995e+01 5.864761575219603618e-01
2.438370000000000104e+01 5.872384531479575287e-01
2.440609999999999857e+01 5.874747465262731838e-01
2.442849999999999966e+01 5.875277931054403435e-01
2.445100000000000051e+01 5.881673684062450613e-01
2.447340000000000160e+01 5.891346443603815430e-01
2.449579999999999913e+01 5.899577267859681395e-01
2.451829999999999998e+01 5.909172911068485412e-01
2.454070000000000107e+01 5.918842141992505246e-01
2.456309999999999860e+01 5.937738213274295074e-01
2.458559999999999945e+01 5.956806447711300301e-01
2.460800000000000054e+01 5.970773009346924676e-01
2.463040000000000163e+01 5.983556085572583338e-01
2.465289999999999893e+01 5.993669623284998416e-01
2.467530000000000001e+01 5.994182241996589555e-01
2.469770000000000110e+01 5.990781174605831483e-01
2.472019999999999840e+01 5.988183445734613919e-01
2.474259999999999948e+01 5.988571500780706103e-01
2.476500000000000057e+01 5.993634571248970255e-01
2.478750000000000142e+01 5.999787059467462935e-01
2.480989999999999895e+01 6.005589173398169223e-01
2.483230000000000004e+01 6.007685358967704836e-01
2.485480000000000089e+01 6.008246134765236057e-01
2.487719999999999843e+01 6.007178987480310539e-01
2.489959999999999951e+01 6.010544373536244045e-01
2.492210000000000036e+01 6.010303589829862903e-01
2.494450000000000145e+01 6.005495499226451983e-01
2.496689999999999898e+01 6.002305586571035079e-01
2.498930000000000007e+01 6.000804280509856037e-01
2.501180000000000092e+01 5.996066064472708179e-01
2.503419999999999845e+01 6.000025082101101415e-01
2.505659999999999954e+01 6.015704655060576389e-01
2.507910000000000039e+01 6.036686321109632214e-01
2.510150000000000148e+01 6.050029332735676890e-01
2.512389999999999901e+01 6.060378166230219188e-01
2.514639999999999986e+01 6.065360048897248113e-01
2.516880000000000095e+01 6.062884063651750033e-01
2.519119999999999848e+01 6.053453462453461942e-01
2.521369999999999933e+01 6.059894918357948690e-01
2.523610000000000042e+01 6.073137478624412999e-01
2.525850000000000151e+01 6.083292429223656761e-01
2.528099999999999881e+01 6.090219757027717229e-01
2.530339999999999989e+01 6.092961720767715583e-01
2.532580000000000098e+01 6.091139545336419214e-01
2.534829999999999828e+01 6.089186878317263130e-01
2.537069999999999936e+01 6.095450040884916598e-01
2.539310000000000045e+01 6.097291681491465720e-01
2.541560000000000130e+01 6.103230134176380606e-01
2.543799999999999883e+01 6.112719644470303582e-01
2.546039999999999992e+01 6.123888134034314312e-01
2.548290000000000077e+01 6.129434376659177452e-01
2.550529999999999831e+01 6.127136088030958883e-01
2.552769999999999939e+01 6.123798023786127809e-01
2.555020000000000024e+01 6.121031988167954241e-01
2.557260000000000133e+01 6.120040009917653290e-01
2.559499999999999886e+01 6.117195412544337296e-01
2.561739999999999995e+01 6.116856470910183585e-01
2.563990000000000080e+01 6.114581856595416864e-01
2.566229999999999833e+01 6.114254301159068872e-01
2.568469999999999942e+01 6.113988909501583136e-01
2.570720000000000027e+01 6.112962080519986907e-01
2.572960000000000136e+01 6.112846848405930622e-01
2.575199999999999889e+01 6.114259635261741765e-01
2.577449999999999974e+01 6.117498273510131312e-01
2.579690000000000083e+01 6.118664901244665888e-01
2.581929999999999836e+01 6.119696372025840159e-01
2.584179999999999922e+01 6.116086840856983509e-01
2.586420000000000030e+01 6.108639433101126226e-01
2.588660000000000139e+01 6.105389575379196465e-01
2.590909999999999869e+01 6.101280328280270782e-01
2.593149999999999977e+01 6.101659730113500046e-01
2.595390000000000086e+01 6.096954985790044024e-01
2.597640000000000171e+01 6.090786089455468844e-01
2.599879999999999924e+01 6.086146088621229300e-01
2.602120000000000033e+01 6.085689345933871230e-01
2.604370000000000118e+01 6.087214315214852789e-01
2.606609999999999872e+01 6.088231137241392199e-01
2.608849999999999980e+01 6.091160651028120210e-01
2.611100000000000065e+01 6.094066226721644997e-01
2.613340000000000174e+01 6.097720190174317212e-01
2.615579999999999927e+01 6.104174438007309300e-01
2.617820000000000036e+01 6.115325656291745737e-01
2.620070000000000121e+01 6.129493282203331006e-01
2.622309999999999874e+01 6.141521865626097254e-01
2.624549999999999983e+01 6.153349278863080585e-01
2.626800000000000068e+01 6.165551238246971266e-01
2.629040000000000177e+01 6.174849651566199915e-01
2.631279999999999930e+01 6.178475960274341094e-01
2.633530000000000015e+01 6.183093593188379034e-01
2.635770000000000124e+01 6.184443702400422849e-01
2.638009999999999877e+01 6.186252638354675648e-01
2.640259999999999962e+01 6.185130277603532178e-01
2.642500000000000071e+01 6.180715566823909990e-01
2.644739999999999824e+01 6.172564319772338992e-01
2.646989999999999910e+01 6.164054769954157020e-01
2.649230000000000018e+01 6.168746520541064093e-01
2.651470000000000127e+01 6.178361896163222511e-01
2.653719999999999857e+01 6.192361455189658859e-01
2.655959999999999965e+01 6.208096189786618258e-01
2.658200000000000074e+01 6.224132704731155652e-01
2.660450000000000159e+01 6.237401696155455699e-01
2.662689999999999912e+01 6.246866834654567491e-01
2.664930000000000021e+01 6.253907162581733292e-01
2.667180000000000106e+01 6.259266354720909309e-01
2.669419999999999860e+01 6.265061879638222919e-01
2.671659999999999968e+01 6.273148218910434837e-01
2.673910000000000053e+01 6.279311345901625874e-01
2.676150000000000162e+01 6.288117141299465196e-01
2.678389999999999915e+01 6.295862895150887706e-01
2.680630000000000024e+01 6.302527924491507783e-01
2.682880000000000109e+01 6.309125853449968346e-01
2.685119999999999862e+01 6.315696472187639632e-01
2.687359999999999971e+01 6.316035824760457551e-01
2.689610000000000056e+01 6.314783006594140158e-01
2.691850000000000165e+01 6.314477285833670628e-01
2.694089999999999918e+01 6.316614623952148122e-01
2.696340000000000003e+01 6.323962073641122839e-01
2.698580000000000112e+01 6.331801713145198685e-01
2.700819999999999865e+01 6.339638169864985073e-01
2.703069999999999951e+01 6.347332088299494357e-01
2.705310000000000059e+01 6.351787516331957040e-01
2.707550000000000168e+01 6.350396132707781804e-01
2.709799999999999898e+01 6.346312154173519016e-01
2.712040000000000006e+01 6.344642300557015169e-01
2.714280000000000115e+01 6.341909397557201622e-01
2.716529999999999845e+01 6.340163773891708265e-01
2.718769999999999953e+01 6.335977621346149391e-01
2.721010000000000062e+01 6.331611208958499715e-01
2.723260000000000147e+01 6.328296190720817949e-01
2.725499999999999901e+01 6.326346624001912833e-01
2.727740000000000009e+01 6.326817909566039289e-01
2.729990000000000094e+01 6.331077649877948632e-01
2.732229999999999848e+01 6.337285572760871233e-01
2.734469999999999956e+01 6.346843973378610837e-01
2.736720000000000041e+01 6.358756340799890383e-01
2.738960000000000150e+01 6.371465561494942254e-01
2.741199999999999903e+01 6.380909051519091379e-01
2.743440000000000012e+01 6.383949615849831005e-01
2.745690000000000097e+01 6.384587129753389600e-01
2.747929999999999851e+01 6.389493264321646215e-01
2.750169999999999959e+01 6.397945417347572494e-01
2.752420000000000044e+01 6.407561028437214201e-01
2.754660000000000153e+01 6.412132684243421199e-01
2.756899999999999906e+01 6.412819452319553637e-01
2.759149999999999991e+01 6.408695865900113642e-01
2.761390000000000100e+01 6.406262937452571471e-01
2.763629999999999853e+01 6.409829997505749333e-01
2.765879999999999939e+01 6.413446053256524060e-01
2.768120000000000047e+01 6.416092280236815881e-01
2.770360000000000156e+01 6.416976368492863791e-01
2.772609999999999886e+01 6.421226774984289953e-01
2.774849999999999994e+01 6.425524807199091137e-01
2.777090000000000103e+01 6.426693400929690547e-01
2.779339999999999833e+01 6.426974105048769426e-01
2.781579999999999941e+01 6.431238193399289038e-01
2.783820000000000050e+01 6.438150967994933360e-01
2.786070000000000135e+01 6.444601273395280661e-01
2.788309999999999889e+01 6.451534305824525584e-01
2.790549999999999997e+01 6.457227161479731636e-01
2.792800000000000082e+01 6.461693747568020285e-01
2.795039999999999836e+01 6.466186697191003141e-01
2.797279999999999944e+01 6.467527623788398294e-01
2.799520000000000053e+01 6.468229741112923037e-01
2.801770000000000138e+01 6.470722944766975626e-01
2.804009999999999891e+01 6.475901259395875353e-01
2.806250000000000000e+01 6.481716102137449198e-01
2.808500000000000085e+01 6.489197506291218831e-01
2.810739999999999839e+01 6.498879914593824747e-01
2.812979999999999947e+01 6.511109176473294236e-01
2.815230000000000032e+01 6.526547405087133047e-01
2.817470000000000141e+01 6.543695420593707013e-01
2.819709999999999894e+01 6.557480422199706283e-01
2.821959999999999980e+01 6.566998503981468227e-01
2.824200000000000088e+01 6.575405545007823038e-01
2.826439999999999841e+01 6.585887086955468650e-01
2.828689999999999927e+01 6.597427468942297368e-01
2.830930000000000035e+01 6.608543873796365320e-01
2.833170000000000144e+01 6.619117772175719949e-01
2.835419999999999874e+01 6.630235100035111184e-01
2.837659999999999982e+01 6.640625014714311991e-01
2.839900000000000091e+01 6.647948053848942163e-01
2.842150000000000176e+01 6.654246841840637527e-01
2.844389999999999930e+01 6.659916623793831203e-01
2.846630000000000038e+01 6.665118165745469447e-01
2.848880000000000123e+01 6.671757388247622211e-01
2.851119999999999877e+01 6.680874902399271953e-01
2.853359999999999985e+01 6.689472176431445760e-01
2.855610000000000070e+01 6.696863795195999725e-01
2.857849999999999824e+01 6.706064826574389404e-01
2.860089999999999932e+01 6.716991254981194981e-01
2.862330000000000041e+01 6.727810431049419115e-01
2.864580000000000126e+01 6.735609809109670554e-01
2.866819999999999879e+01 6.742449276654660650e-01
2.869059999999999988e+01 6.751298638144946906e-01
2.871310000000000073e+01 6.760481650117378116e-01
2.873549999999999827e+01 6.771178665862982449e-01
2.875789999999999935e+01 6.782555129529495019e-01
2.878040000000000020e+01 6.791793401728014601e-01
2.880280000000000129e+01 6.801627039697635269e-01
2.882519999999999882e+01 6.813241452161049594e-01
2.884769999999999968e+01 6.824362410146884717e-01
2.887010000000000076e+01 6.834815193856706994e-01
2.889249999999999829e+01 6.844425472114463727e-01
2.891499999999999915e+01 6.853443321024121904e-01
2.893740000000000023e+01 6.862535787617330962e-01
2.895980000000000132e+01 6.870919466114477903e-01
2.898229999999999862e+01 6.878202011110408076e-01
2.900469999999999970e+01 6.882486731285319959e-01
2.902710000000000079e+01 6.887553475709751183e-01
2.904960000000000164e+01 6.895213305334890741e-01
2.907199999999999918e+01 6.902903207796848850e-01
2.909440000000000026e+01 6.910467029645822601e-01
2.911690000000000111e+01 6.915631131443655821e-01
2.913929999999999865e+01 6.921249405266466370e-01
2.916169999999999973e+01 6.928587119658717874e-01
2.918410000000000082e+01 6.935816767815687900e-01
2.920660000000000167e+01 6.943378302925379275e-01
2.922899999999999920e+01 6.951988552057338788e-01
2.925140000000000029e+01 6.958614751571903234e-01
2.927390000000000114e+01 6.964938255972523695e-01
2.929629999999999868e+01 6.972304477342757822e-01
2.931869999999999976e+01 6.980328352944372705e-01
2.934120000000000061e+01 6.989306610193959379e-01
2.936360000000000170e+01 6.999478099725218172e-01
2.938599999999999923e+01 7.009962635438802270e-01
2.940850000000000009e+01 7.019961764688991135e-01
2.943090000000000117e+01 7.030611987285628750e-01
2.945329999999999870e+01 7.042738234622629712e-01
2.947579999999999956e+01 7.054249870751685414e-01
2.949820000000000064e+01 7.064080177704666896e-01
2.952060000000000173e+01 7.073659768268434345e-01
2.954309999999999903e+01 7.083440182867489776e-01
2.956550000000000011e+01 7.092569684131160290e-01
2.958790000000000120e+01 7.100286853781891949e-01
2.961039999999999850e+01 7.107462811178477669e-01
2.963279999999999959e+01 7.115296552662435658e-01
2.965520000000000067e+01 7.124325148152009790e-01
2.967770000000000152e+01 7.133597284622770207e-01
2.970009999999999906e+01 7.143120849063193667e-01
2.972250000000000014e+01 7.151737930289994161e-01
2.974500000000000099e+01 7.159647304597137607e-01
2.976739999999999853e+01 7.167962275351329460e-01
2.978979999999999961e+01 7.176310759701522990e-01
2.981220000000000070e+01 7.183973475869036562e-01
2.983470000000000155e+01 7.191372037142228502e-01
2.985709999999999908e+01 7.198107877222821305e-01
2.987950000000000017e+01 7.204365386490617640e-01
2.990200000000000102e+01 7.209708189321066829e-01
2.992439999999999856e+01 7.213158137425086380e-01
2.994679999999999964e+01 7.216087902630095030e-01
2.996930000000000049e+01 7.219404315023696395e-01
2.999170000000000158e+01 7.224498841708035801e-01
3.001409999999999911e+01 7.231470016608854134e-01
3.003659999999999997e+01 7.238736061385654397e-01
3.005900000000000105e+01 7.245279253402083786e-01
3.008139999999999858e+01 7.253603778846847705e-01
3.010389999999999944e+01 7.262695338446203408e-01
3.012630000000000052e+01 7.271098025068116755e-01
3.014870000000000161e+01 7.279497264440852877e-01
3.017119999999999891e+01 7.287655653641851305e-01
3.019359999999999999e+01 7.295576500239598916e-01
3.021600000000000108e+01 7.303948167559523030e-01
3.023849999999999838e+01 7.311865782639377365e-01
3.026089999999999947e+01 7.319534982471789242e-01
3.028330000000000055e+01 7.327861346947354138e-01
3.030580000000000140e+01 7.336639819565025089e-01
3.032819999999999894e+01 7.345875129315950769e-01
3.035060000000000002e+01 7.354869310061779020e-01
3.037310000000000088e+01 7.364324419670349453e-01
3.039549999999999841e+01 7.373763296526584243e-01
3.041789999999999949e+01 7.383646837777309013e-01
3.044030000000000058e+01 7.393524581542880725e-01
3.046280000000000143e+01 7.403845269163538134e-01
3.048519999999999897e+01 7.413939067918344783e-01
3.050760000000000005e+01 7.424035630337458835e-01
3.053010000000000090e+01 7.433233163997430282e-01
3.055249999999999844e+01 7.442183548002703208e-01
3.057489999999999952e+01 7.451130662898641788e-01
3.059740000000000038e+01 7.459616261228193546e-01
3.061980000000000146e+01 7.467879415480924710e-01
3.064219999999999899e+01 7.476130011940667064e-01
3.066469999999999985e+01 7.484381389031039555e-01
3.068710000000000093e+01 7.491944020629081047e-01
3.070949999999999847e+01 7.500166162296113548e-01
3.073199999999999932e+01 7.508384609538130139e-01
3.075440000000000040e+01 7.515515538014225783e-01
3.077680000000000149e+01 7.522840458398905028e-01
3.079929999999999879e+01 7.530165520282092739e-01
3.082169999999999987e+01 7.536833348330481686e-01
3.084410000000000096e+01 7.543073131522652908e-01
3.086659999999999826e+01 7.547532651204497123e-01
3.088899999999999935e+01 7.550848404686261173e-01
3.091140000000000043e+01 7.554155584998808459e-01
3.093390000000000128e+01 7.557462234462032358e-01
3.095629999999999882e+01 7.559022018461641901e-01
3.097869999999999990e+01 7.557912169247790191e-01
3.100110000000000099e+01 7.554660098177048422e-01
3.102359999999999829e+01 7.557030420519064151e-01
3.104599999999999937e+01 7.569195776572473777e-01
3.106840000000000046e+01 7.585625241722786516e-01
3.109090000000000131e+01 7.601829488498778042e-01
3.111329999999999885e+01 7.616924259150970045e-01
3.113569999999999993e+01 7.630908577822498318e-01
3.115820000000000078e+01 7.643562033017001767e-01
3.118059999999999832e+01 7.654885602217113005e-01
3.120299999999999940e+01 7.666630899217674600e-01
3.122550000000000026e+01 7.677488828828771261e-01
3.124790000000000134e+01 7.688117080500354028e-01
3.127029999999999887e+01 7.698514610716256090e-01
3.129279999999999973e+01 7.708894449349203981e-01
3.131520000000000081e+01 7.719047829442891029e-01
3.133759999999999835e+01 7.729185930876696364e-01
3.136009999999999920e+01 7.739738344853270835e-01
3.138250000000000028e+01 7.750923671285501193e-01
3.140490000000000137e+01 7.761881475611653869e-01
3.142739999999999867e+01 7.773250688882830106e-01
3.144979999999999976e+01 7.784816066497614040e-01
3.147220000000000084e+01 7.797434544267556333e-01
3.149470000000000169e+01 7.810036171659766602e-01
3.151709999999999923e+01 7.823683308026290195e-01
3.153950000000000031e+01 7.837733311206568354e-01
3.156200000000000117e+01 7.852612602921384966e-01
3.158439999999999870e+01 7.867892317936830970e-01
3.160679999999999978e+01 7.883370255903635604e-01
3.162920000000000087e+01 7.898199813394219948e-01
3.165170000000000172e+01 7.912388818504156873e-01
3.167409999999999926e+01 7.924891689353876778e-01
3.169650000000000034e+01 7.935088349396319796e-01
3.171900000000000119e+01 7.944415771120084679e-01
3.174139999999999873e+01 7.953320068432174761e-01
3.176379999999999981e+01 7.961819556985894053e-01
3.178630000000000067e+01 7.970280741233140009e-01
3.180870000000000175e+01 7.979622632509821845e-01
3.183109999999999928e+01 7.987522924014225367e-01
3.185360000000000014e+01 7.995195856638012133e-01
3.187600000000000122e+01 8.001875762211089205e-01
3.189839999999999876e+01 8.007913814734479718e-01
3.192089999999999961e+01 8.014347391241261054e-01
3.194330000000000069e+01 8.021477099189093796e-01
3.196569999999999823e+01 8.028405328543393171e-01
3.198819999999999908e+01 8.034972489668494866e-01
3.201059999999999661e+01 8.041382189489363341e-01
3.203300000000000125e+01 8.047091653973481584e-01
3.205550000000000210e+01 8.050293486503807827e-01
3.207789999999999964e+01 8.048755488527354895e-01
3.210029999999999717e+01 8.038168728159851284e-01
3.212279999999999802e+01 8.020074408604671579e-01
3.214520000000000266e+01 8.000514162710483657e-01
3.216760000000000019e+01 7.975697657167484245e-01
3.218999999999999773e+01 7.947705199328036763e-01
3.221249999999999858e+01 7.926267457489167834e-01
3.223490000000000322e+01 7.913724977971594576e-01
3.225730000000000075e+01 7.905935905024301658e-01
3.227980000000000160e+01 7.899766079350158954e-01
3.230219999999999914e+01 7.898446273533276107e-01
3.232459999999999667e+01 7.898907561250552156e-01
3.234709999999999752e+01 7.893573696929581107e-01
3.236950000000000216e+01 7.876437304801044981e-01
3.239189999999999969e+01 7.848994270674500839e-01
3.241440000000000055e+01 7.830079468005284316e-01
3.243679999999999808e+01 7.820316377759480853e-01
3.245920000000000272e+01 7.811477875878873878e-01
3.248169999999999646e+01 7.825549286004106486e-01
3.250410000000000110e+01 7.867416711424837228e-01
3.252649999999999864e+01 7.909777830716190339e-01
3.254899999999999949e+01 7.940643734369198237e-01
3.257139999999999702e+01 7.964905652362803679e-01
3.259380000000000166e+01 7.985564938790729039e-01
3.261630000000000251e+01 8.002897521216116861e-01
3.263870000000000005e+01 8.016680688143882350e-01
3.266109999999999758e+01 8.028581515494815912e-01
3.268359999999999843e+01 8.038236803514792195e-01
3.270600000000000307e+01 8.045617186529706588e-01
3.272840000000000060e+01 8.051121284328079941e-01
3.275090000000000146e+01 8.054464080524468272e-01
3.277329999999999899e+01 8.054988854218703143e-01
3.279569999999999652e+01 8.056074475427190684e-01
3.281810000000000116e+01 8.055829618404006798e-01
3.284060000000000201e+01 8.054873444914152358e-01
3.286299999999999955e+01 8.053939216610596086e-01
3.288539999999999708e+01 8.052803149551781559e-01
3.290789999999999793e+01 8.050383224797347248e-01
3.293030000000000257e+01 8.041740449404890523e-01
3.295270000000000010e+01 8.026976059528532215e-01
3.297520000000000095e+01 8.013426283802820294e-01
3.299759999999999849e+01 8.000659145704893671e-01
3.302000000000000313e+01 7.983073895221158844e-01
3.304249999999999687e+01 7.970249235279658340e-01
3.306490000000000151e+01 7.966200997938495121e-01
3.308729999999999905e+01 7.963607638989584903e-01
3.310979999999999990e+01 7.961622065882603128e-01
3.313219999999999743e+01 7.958319807697976644e-01
3.315460000000000207e+01 7.956131835888424764e-01
3.317710000000000292e+01 7.959698270815156462e-01
3.319950000000000045e+01 7.963541559882726384e-01
3.322189999999999799e+01 7.968686122760424428e-01
3.324439999999999884e+01 7.979474891910599554e-01
3.326680000000000348e+01 7.992552549787595995e-01
3.328920000000000101e+01 8.003364957921876854e-01
3.331170000000000186e+01 8.009645710332031765e-01
3.333409999999999940e+01 8.012559844247066909e-01
3.335649999999999693e+01 8.013162647710579956e-01
3.337899999999999778e+01 8.012250755535351709e-01
3.340140000000000242e+01 8.009860279966456442e-01
3.342379999999999995e+01 8.005130804685297585e-01
3.344619999999999749e+01 7.999688580835058183e-01
3.346869999999999834e+01 7.995295260622297118e-01
3.349110000000000298e+01 7.990568596072874508e-01
3.351350000000000051e+01 7.985500276758920046e-01
3.353600000000000136e+01 7.980870331834007958e-01
3.355839999999999890e+01 7.974812125804027207e-01
3.358080000000000354e+01 7.965156011524611168e-01
3.360329999999999728e+01 7.956219959267953890e-01
3.362570000000000192e+01 7.949231547932745778e-01
3.364809999999999945e+01 7.943983870871547115e-01
3.367060000000000031e+01 7.942232580852019996e-01
3.369299999999999784e+01 7.944974970600549025e-01
3.371540000000000248e+01 7.950323585816931882e-01
3.373790000000000333e+01 7.957014382263292163e-01
3.376030000000000086e+01 7.963167451157420196e-01
3.378269999999999840e+01 7.968330845980109434e-01
3.380519999999999925e+01 7.971793578851912310e-01
3.382759999999999678e+01 7.975600326951135521e-01
3.385000000000000142e+01 7.981508542323020317e-01
3.387250000000000227e+01 7.988499030075681961e-01
3.389489999999999981e+01 7.994908117496981603e-01
3.391729999999999734e+01 7.999650830983295879e-01
3.393979999999999819e+01 8.002923566203168360e-01
3.396220000000000283e+01 8.005325219479179077e-01
3.398460000000000036e+01 8.009524194232089389e-01
3.400699999999999790e+01 8.017678278990716390e-01
3.402949999999999875e+01 8.028999977818511713e-01
3.405190000000000339e+01 8.041385332160737587e-01
3.407430000000000092e+01 8.053984568936640720e-01
3.409680000000000177e+01 8.066579499703886436e-01
3.411919999999999931e+01 8.078756028424086688e-01
3.414159999999999684e+01 8.090098198630819581e-01
3.416409999999999769e+01 8.100608258567151276e-01
3.418650000000000233e+01 8.110696837504663970e-01
3.420889999999999986e+01 8.120157641323660913e-01
3.423140000000000072e+01 8.129000469345477597e-01
3.425379999999999825e+01 8.137210704047498355e-01
3.427620000000000289e+01 8.145226368855258414e-01
3.429869999999999663e+01 8.152013480707053228e-01
3.432110000000000127e+01 8.158179196696977442e-01
3.434349999999999881e+01 8.162903141932624784e-01
3.436599999999999966e+01 8.166813306675960726e-01
3.438839999999999719e+01 8.170296349783958689e-01
3.441080000000000183e+01 8.173573247555661059e-01
3.443330000000000268e+01 8.177043058709912993e-01
3.445570000000000022e+01 8.180905778515745741e-01
3.447809999999999775e+01 8.185377746083656314e-01
3.450059999999999860e+01 8.190257168848720237e-01
3.452300000000000324e+01 8.195746030896009504e-01
3.454540000000000077e+01 8.201438825667584087e-01
3.456790000000000163e+01 8.207340488897593156e-01
3.459029999999999916e+01 8.212441478213470258e-01
3.461269999999999669e+01 8.215719948522784977e-01
3.463510000000000133e+01 8.218776968809945460e-01
3.465760000000000218e+01 8.221417686275028780e-01
3.467999999999999972e+01 8.224451048082688231e-01
3.470239999999999725e+01 8.227887944055833902e-01
3.472489999999999810e+01 8.232338496661226745e-01
3.474730000000000274e+01 8.237199934460373019e-01
3.476970000000000027e+01 8.241449497088935150e-01
3.479220000000000113e+01 8.246304216993257663e-01
3.481459999999999866e+01 8.251174759090560418e-01
3.483700000000000330e+01 8.255629229692722504e-01
3.485949999999999704e+01 8.259886649897068001e-01
3.488190000000000168e+01 8.263938270023314381e-01
3.490429999999999922e+01 8.267785122435628020e-01
3.492680000000000007e+01 8.271236097158718437e-01
3.494919999999999760e+01 8.274066635471922782e-01
3.497160000000000224e+01 8.278096392971117101e-01
3.499410000000000309e+01 8.282531289700516552e-01
3.501650000000000063e+01 8.287374007804968468e-01
3.503889999999999816e+01 8.292424170918426540e-01
3.506139999999999901e+01 8.297089901389137490e-01
3.508379999999999654e+01 8.300362441856052875e-01
3.510620000000000118e+01 8.302810666894445690e-01
3.512870000000000203e+01 8.305643026264097895e-01
3.515109999999999957e+01 8.308702267355589921e-01
3.517349999999999710e+01 8.311169724946028126e-01
3.519590000000000174e+01 8.312846295138386354e-01
3.521840000000000259e+01 8.312168526405823155e-01
3.524080000000000013e+01 8.308076912153570248e-01
3.526319999999999766e+01 8.301343770095380714e-01
3.528569999999999851e+01 8.293343155121399857e-01
3.530810000000000315e+01 8.285034411585933123e-01
3.533050000000000068e+01 8.279063281191318957e-01
3.535300000000000153e+01 8.276661487078462720e-01
3.537539999999999907e+01 8.278712725118140270e-01
3.539779999999999660e+01 8.283619617625613829e-01
3.542029999999999745e+01 8.290167419088994016e-01
3.544270000000000209e+01 8.298547602136707724e-01
3.546509999999999962e+01 8.306752370572653144e-01
3.548760000000000048e+01 8.314767457408246409e-01
3.550999999999999801e+01 8.322186667006565841e-01
3.553240000000000265e+01 8.328214319248241626e-01
3.555490000000000350e+01 8.333034552970526310e-01
3.557730000000000103e+01 8.337447795480845691e-01
3.559969999999999857e+01 8.341653715179278006e-01
3.562219999999999942e+01 8.345859423228342289e-01
3.564459999999999695e+01 8.349858477308075289e-01
3.566700000000000159e+01 8.353278495323075425e-01
3.568950000000000244e+01 8.356092539066000136e-01
3.571189999999999998e+01 8.358106497315120897e-01
3.573429999999999751e+01 8.359515445194707350e-01
3.575679999999999836e+01 8.361100083252779314e-01
3.577920000000000300e+01 8.363475788550420731e-01
3.580160000000000053e+01 8.366850472978046849e-01
3.582399999999999807e+01 8.371030006151694014e-01
3.584649999999999892e+01 8.375213952890201430e-01
3.586889999999999645e+01 8.379206128023950484e-01
3.589130000000000109e+01 8.383207822084033367e-01
3.591380000000000194e+01 8.386824202348768242e-01
3.593619999999999948e+01 8.389058525941619493e-01
3.595859999999999701e+01 8.390496518004338933e-01
3.598109999999999786e+01 8.389962459267095163e-01
3.600350000000000250e+01 8.388012390361506698e-01
3.602590000000000003e+01 8.385822910995333057e-01
3.604840000000000089e+01 8.384789875885894084e-01
3.607079999999999842e+01 8.385342596962435113e-01
3.609320000000000306e+01 8.387093834414006688e-01
3.611569999999999681e+01 8.389650248270270616e-01
3.613810000000000144e+01 8.393011505953370532e-01
3.616049999999999898e+01 8.395986617980535360e-01
3.618299999999999983e+01 8.399365799403707422e-01
3.620539999999999736e+01 8.401954115969073600e-01
3.622780000000000200e+01 8.404546368420643399e-01
3.625030000000000285e+01 8.406181566187196363e-01
3.627270000000000039e+01 8.406030657575982445e-01
3.629509999999999792e+01 8.403289660505036673e-01
3.631759999999999877e+01 8.398938770850735702e-01
3.634000000000000341e+01 8.394127296596785026e-01
3.636240000000000094e+01 8.390856129958651488e-01
3.638490000000000180e+01 8.390347445979511321e-01
3.640729999999999933e+01 8.392643019222749690e-01
3.642969999999999686e+01 8.396366259435301682e-01
3.645210000000000150e+01 8.400115624335412479e-01
3.647460000000000235e+01 8.402883868915608234e-01
3.649699999999999989e+01 8.405043307563080379e-01
3.651939999999999742e+01 8.407197380713087309e-01
3.654189999999999827e+01 8.409541235528213976e-01
3.656430000000000291e+01 8.412874239694139167e-01
3.658670000000000044e+01 8.416999811010585919e-01
3.660920000000000130e+01 8.421919439949437924e-01
3.663159999999999883e+01 8.427634176829381651e-01
3.665400000000000347e+01 8.433550182040600030e-01
3.667649999999999721e+01 8.439860159662707639e-01
3.669890000000000185e+01 8.446368535475544670e-01
3.672129999999999939e+01 8.452880821335486683e-01
3.674380000000000024e+01 8.458602572388682628e-01
3.676619999999999777e+01 8.463733989060291396e-01
3.678860000000000241e+01 8.468666528618538081e-01
3.681110000000000326e+01 8.473006418957007568e-01
3.683350000000000080e+01 8.477147138575832352e-01
3.685589999999999833e+01 8.481089907438776887e-01
3.687839999999999918e+01 8.484442704609744812e-01
3.690079999999999671e+01 8.487792900145556541e-01
3.692320000000000135e+01 8.490944820770227608e-01
3.694570000000000221e+01 8.494298564769350302e-01
3.696809999999999974e+01 8.496480097153622513e-01
3.699049999999999727e+01 8.497672009788581615e-01
3.701290000000000191e+01 8.498862921909111634e-01
3.703540000000000276e+01 8.499655615427471611e-01
3.705780000000000030e+01 8.501028642886176989e-01
3.708019999999999783e+01 8.502204706650571264e-01
3.710269999999999868e+01 8.503375853497213699e-01
3.712510000000000332e+01 8.505722591193844995e-01
3.714750000000000085e+01 8.507295222858761718e-01
3.717000000000000171e+01 8.509056469336331308e-01
3.719239999999999924e+01 8.511015652349303018e-01
3.721479999999999677e+01 8.512385638595694193e-01
3.723729999999999762e+01 8.513756813158506187e-01
3.725970000000000226e+01 8.514535684639368274e-01
3.728209999999999980e+01 8.516086090380015072e-01
3.730460000000000065e+01 8.517837746568247548e-01
3.732699999999999818e+01 8.519973913023943801e-01
3.734940000000000282e+01 8.522896141827944749e-01
3.737189999999999657e+01 8.525628169201722173e-01
3.739430000000000121e+01 8.528167278127340989e-01
3.741669999999999874e+01 8.530507838512192409e-01
3.743919999999999959e+01 8.533233452542829944e-01
3.746159999999999712e+01 8.536154410639014145e-01
3.748400000000000176e+01 8.539273177485497968e-01
3.750650000000000261e+01 8.542588157495245582e-01
3.752890000000000015e+01 8.545320898604310544e-01
3.755129999999999768e+01 8.548052748671668422e-01
3.757379999999999853e+01 8.550394711686252203e-01
3.759620000000000317e+01 8.552736056442027390e-01
3.761860000000000070e+01 8.554685285527492411e-01
3.764099999999999824e+01 8.556632844989258135e-01
3.766349999999999909e+01 8.558192676579672309e-01
3.768589999999999662e+01 8.559749558588160001e-01
3.770830000000000126e+01 8.561302126057721562e-01
3.773080000000000211e+01 8.562653786859388827e-01
3.775319999999999965e+01 8.564779631762566847e-01
3.777559999999999718e+01 8.567687110485464608e-01
3.779809999999999803e+01 8.570789319426738162e-01
3.782050000000000267e+01 8.573892677003029927e-01
3.784290000000000020e+01 8.577383187399014730e-01
3.786540000000000106e+01 8.581457487749515334e-01
3.788779999999999859e+01 8.585535024722436015e-01
3.791020000000000323e+01 8.589609746821731395e-01
3.793269999999999698e+01 8.594459939802050474e-01
3.795510000000000161e+01 8.598738479594372208e-01
3.797749999999999915e+01 8.601857153945391410e-01
3.800000000000000000e+01 8.603809201526374517e-01
3.802239999999999753e+01 8.605375201546316966e-01
3.804480000000000217e+01 8.605774304096512894e-01
3.806730000000000302e+01 8.606350251297524290e-01
3.808970000000000056e+01 8.607505926968826993e-01
3.811209999999999809e+01 8.609242336631288683e-01
3.813459999999999894e+01 8.610978300731861879e-01
3.815699999999999648e+01 8.613487535700747877e-01
3.817940000000000111e+01 8.616189359832677752e-01
3.820179999999999865e+01 8.619472721906010770e-01
3.822429999999999950e+01 8.622565545337238513e-01
3.824669999999999703e+01 8.625852472852686414e-01
3.826910000000000167e+01 8.628563386076356645e-01
3.829160000000000252e+01 8.631273452678061009e-01
3.831400000000000006e+01 8.633403344050099015e-01
3.833639999999999759e+01 8.635146838490693755e-01
3.835889999999999844e+01 8.637077380600186594e-01
3.838130000000000308e+01 8.638817440617858612e-01
3.840370000000000061e+01 8.640748451984034961e-01
3.842620000000000147e+01 8.642099235526605749e-01
3.844859999999999900e+01 8.644029532272191618e-01
3.847099999999999653e+01 8.645572119090372265e-01
3.849349999999999739e+01 8.647116955231917146e-01
3.851590000000000202e+01 8.648080973703168306e-01
3.853829999999999956e+01 8.649230817398509963e-01
3.856080000000000041e+01 8.650574094415841575e-01
3.858319999999999794e+01 8.652680205821179360e-01
3.860560000000000258e+01 8.655752920086372537e-01
3.862810000000000343e+01 8.659213514827224234e-01
3.865050000000000097e+01 8.662486439316846587e-01
3.867289999999999850e+01 8.666147455476569395e-01
3.869539999999999935e+01 8.669041858939574574e-01
3.871779999999999688e+01 8.671359183852411778e-01
3.874020000000000152e+01 8.672522189780640378e-01
3.876270000000000238e+01 8.673485060123412582e-01
3.878509999999999991e+01 8.674633610322977084e-01
3.880749999999999744e+01 8.676353124400840722e-01
3.882990000000000208e+01 8.678650440820840917e-01
3.885240000000000293e+01 8.681144886586196208e-01
3.887480000000000047e+01 8.683644479059962062e-01
3.889719999999999800e+01 8.685760713389338861e-01
3.891969999999999885e+01 8.687103773280864250e-01
3.894210000000000349e+01 8.688634272097022215e-01
3.896450000000000102e+01 8.690737166674243896e-01
3.898700000000000188e+01 8.693418259260861092e-01
3.900939999999999941e+01 8.696099830230732408e-01
3.903179999999999694e+01 8.698782764854897653e-01
3.905429999999999779e+01 8.701465021845085079e-01
3.907670000000000243e+01 8.704147679290749062e-01
3.909909999999999997e+01 8.707212761684919311e-01
3.912160000000000082e+01 8.709897130578014846e-01
3.914399999999999835e+01 8.712582964905501992e-01
3.916640000000000299e+01 8.714694501327286957e-01
3.918889999999999674e+01 8.716810885504685524e-01
3.921130000000000138e+01 8.717972132662215046e-01
3.923369999999999891e+01 8.718358913391133225e-01
3.925619999999999976e+01 8.719313955892946666e-01
3.927859999999999729e+01 8.720455803127054040e-01
3.930100000000000193e+01 8.722167676132391856e-01
3.932350000000000279e+01 8.724457628093148509e-01
3.934590000000000032e+01 8.727131962917871189e-01
3.936829999999999785e+01 8.729807997594432045e-01
3.939079999999999870e+01 8.732299223510509023e-01
3.941320000000000334e+01 8.734218787847025656e-01
3.943560000000000088e+01 8.735753471535071535e-01
3.945799999999999841e+01 8.736906231067529394e-01
3.948049999999999926e+01 8.738249145246241856e-01
3.950289999999999679e+01 8.739396105409024118e-01
3.952530000000000143e+01 8.740735602346282329e-01
3.954780000000000229e+01 8.741699305610307613e-01
3.957019999999999982e+01 8.742466919326645769e-01
3.959259999999999735e+01 8.743043212065826353e-01
3.961509999999999820e+01 8.743041776928569542e-01
3.963750000000000284e+01 8.743607744960979478e-01
3.965990000000000038e+01 8.744552366272154709e-01
3.968240000000000123e+01 8.745880386985391830e-01
3.970479999999999876e+01 8.747203652944454122e-01
3.972720000000000340e+01 8.749101168602338996e-01
3.974969999999999715e+01 8.751378815396939626e-01
3.977210000000000178e+01 8.753852245965911827e-01
3.979449999999999932e+01 8.756325306913913531e-01
3.981700000000000017e+01 8.758989883606341786e-01
3.983939999999999770e+01 8.761086616883648759e-01
3.986180000000000234e+01 8.763564024178531753e-01
3.988430000000000319e+01 8.766039554011924029e-01
3.990670000000000073e+01 8.768139481935335322e-01
3.992909999999999826e+01 8.770046920622815989e-01
3.995159999999999911e+01 8.771955925775852814e-01
3.997399999999999665e+01 8.773674279919655428e-01
3.999640000000000128e+01 8.775015965753787395e-01
4.001879999999999882e+01 8.775974125023617844e-01
4.004129999999999967e+01 8.776747016249638600e-01
4.006369999999999720e+01 8.776758564240122462e-01
4.008610000000000184e+01 8.776765567063131712e-01
4.010860000000000269e+01 8.776201561018590613e-01
4.013100000000000023e+01 8.775444652027060144e-01
4.015339999999999776e+01 8.774679793386629401e-01
4.017589999999999861e+01 8.773722617171562099e-01
4.019830000000000325e+01 8.773319611889413006e-01
4.022070000000000078e+01 8.773494196617346308e-01
4.024320000000000164e+01 8.773669536380628298e-01
4.026559999999999917e+01 8.774394274890839895e-01
4.028799999999999670e+01 8.776279493388505770e-01
4.031049999999999756e+01 8.778538908422985898e-01
4.033290000000000219e+01 8.781372348302174391e-01
4.035529999999999973e+01 8.784396655135129350e-01
4.037780000000000058e+01 8.787613006295060813e-01
4.040019999999999811e+01 8.791021252485979876e-01
4.042260000000000275e+01 8.794432090407524605e-01
4.044509999999999650e+01 8.797655676712593520e-01
4.046750000000000114e+01 8.800313359735774110e-01
4.048989999999999867e+01 8.802779014571433525e-01
4.051239999999999952e+01 8.804676344360642393e-01
4.053479999999999706e+01 8.806573714992933510e-01
4.055720000000000169e+01 8.808658043202690635e-01
4.057970000000000255e+01 8.810368210731804872e-01
4.060210000000000008e+01 8.811697257040214115e-01
4.062449999999999761e+01 8.812840005601447757e-01
4.064690000000000225e+01 8.813793072502238424e-01
4.066940000000000310e+01 8.814173122785590175e-01
4.069180000000000064e+01 8.814552324057531862e-01
4.071419999999999817e+01 8.814736186873439738e-01
4.073669999999999902e+01 8.815291167520609150e-01
4.075909999999999656e+01 8.816412016505897897e-01
4.078150000000000119e+01 8.817914164819283807e-01
4.080400000000000205e+01 8.819794740678008615e-01
4.082639999999999958e+01 8.821864627333166897e-01
4.084879999999999711e+01 8.823938267946076497e-01
4.087129999999999797e+01 8.826390388245385354e-01
4.089370000000000260e+01 8.828464002603453320e-01
4.091610000000000014e+01 8.830913737476366876e-01
4.093860000000000099e+01 8.833364314486159552e-01
4.096099999999999852e+01 8.835814829328274556e-01
4.098340000000000316e+01 8.838263623038120631e-01
4.100589999999999691e+01 8.841280947478729058e-01
4.102830000000000155e+01 8.843922111848488976e-01
4.105069999999999908e+01 8.846754020201057500e-01
4.107319999999999993e+01 8.849400707052528237e-01
4.109559999999999746e+01 8.851479441496534761e-01
4.111800000000000210e+01 8.853748339299440939e-01
4.114050000000000296e+01 8.855265810567702900e-01
4.116290000000000049e+01 8.856405336479281631e-01
4.118529999999999802e+01 8.857923012042029365e-01
4.120770000000000266e+01 8.858512495405401754e-01
4.123020000000000351e+01 8.858521968995614060e-01
4.125260000000000105e+01 8.859277149957206499e-01
4.127499999999999858e+01 8.859488379284430337e-01
4.129749999999999943e+01 8.858178434824959258e-01
4.131989999999999696e+01 8.858150307195462592e-01
4.134230000000000160e+01 8.859463006862561274e-01
4.136480000000000246e+01 8.860027232695915078e-01
4.138719999999999999e+01 8.860770248835692087e-01
4.140959999999999752e+01 8.862267690972078782e-01
4.143209999999999837e+01 8.863394320851949448e-01
4.145450000000000301e+01 8.864511287237955006e-01
4.147690000000000055e+01 8.866382882837315904e-01
4.149940000000000140e+01 8.868636039008936933e-01
4.152179999999999893e+01 8.870699119362941421e-01
4.154419999999999646e+01 8.872951961102184537e-01
4.156669999999999732e+01 8.875583822142090185e-01
4.158910000000000196e+01 8.877279303385475773e-01
4.161149999999999949e+01 8.879163976588638763e-01
4.163400000000000034e+01 8.880296521595264503e-01
4.165639999999999787e+01 8.880865801886135280e-01
4.167880000000000251e+01 8.881431447839722715e-01
4.170130000000000337e+01 8.881991553554262619e-01
4.172370000000000090e+01 8.882550311102310747e-01
4.174609999999999843e+01 8.883856489520283173e-01
4.176859999999999928e+01 8.885165563155561497e-01
4.179099999999999682e+01 8.887037348679008852e-01
4.181340000000000146e+01 8.888536877831483274e-01
4.183579999999999899e+01 8.889851461635235319e-01
4.185829999999999984e+01 8.890978787457762822e-01
4.188069999999999737e+01 8.891919197192962310e-01
4.190310000000000201e+01 8.892480404863325472e-01
4.192560000000000286e+01 8.893225974160499092e-01
4.194800000000000040e+01 8.894157488419893731e-01
4.197039999999999793e+01 8.895278175896959016e-01
4.199289999999999878e+01 8.896396670169012255e-01
4.201530000000000342e+01 8.897517162391204160e-01
4.203770000000000095e+01 8.899198268537815704e-01
4.206020000000000181e+01 8.899953964926128336e-01
4.208259999999999934e+01 8.900499799105615617e-01
4.210499999999999687e+01 8.902181209024155883e-01
4.212749999999999773e+01 8.903301522543989321e-01
4.214990000000000236e+01 8.904600116462823012e-01
4.217229999999999990e+01 8.906090581692165387e-01
4.219480000000000075e+01 8.907953714764353936e-01
4.221719999999999828e+01 8.910382056206748169e-01
4.223960000000000292e+01 8.912250346288478342e-01
4.226209999999999667e+01 8.914117849947669203e-01
4.228450000000000131e+01 8.915987879548700201e-01
4.230689999999999884e+01 8.917852798288867788e-01
4.232939999999999969e+01 8.919718408127064180e-01
4.235179999999999723e+01 8.921954764868826881e-01
4.237420000000000186e+01 8.924564768774605472e-01
4.239670000000000272e+01 8.927734262744350113e-01
4.241910000000000025e+01 8.931092994649862948e-01
4.244149999999999778e+01 8.934642032005238876e-01
4.246390000000000242e+01 8.938005951845928720e-01
4.248640000000000327e+01 8.940815133983619489e-01
4.250880000000000081e+01 8.942693194803901235e-01
4.253119999999999834e+01 8.943451953739292026e-01
4.255369999999999919e+01 8.943271871557084696e-01
4.257609999999999673e+01 8.943462858640021107e-01
4.259850000000000136e+01 8.943460330825163673e-01
4.262100000000000222e+01 8.943826282370264114e-01
4.264339999999999975e+01 8.945122923349392297e-01
4.266579999999999728e+01 8.947166236445830423e-01
4.268829999999999814e+01 8.949211348483264716e-01
4.271070000000000277e+01 8.951259069511388056e-01
4.273310000000000031e+01 8.953493000133281310e-01
4.275560000000000116e+01 8.955915378053745934e-01
4.277799999999999869e+01 8.958149230169452082e-01
4.280040000000000333e+01 8.960386697963180769e-01
4.282289999999999708e+01 8.962439159587552995e-01
4.284530000000000172e+01 8.964302548863438691e-01
4.286769999999999925e+01 8.966357641606037543e-01
4.289020000000000010e+01 8.967666096436462952e-01
4.291259999999999764e+01 8.968607000553925346e-01
4.293500000000000227e+01 8.969360189589045129e-01
4.295750000000000313e+01 8.969735487723315970e-01
4.297990000000000066e+01 8.970294066764458174e-01
4.300229999999999819e+01 8.971224457262014784e-01
4.302470000000000283e+01 8.972525575248294638e-01
4.304719999999999658e+01 8.973830050701558925e-01
4.306960000000000122e+01 8.974950336191147571e-01
4.309199999999999875e+01 8.975513957692646816e-01
4.311449999999999960e+01 8.976256879391131260e-01
4.313689999999999714e+01 8.977002242790917963e-01
4.315930000000000177e+01 8.977742294284084545e-01
4.318180000000000263e+01 8.978485654850822950e-01
4.320420000000000016e+01 8.979225957710085249e-01
4.322659999999999769e+01 8.980339151666643094e-01
4.324909999999999854e+01 8.981465266894519406e-01
4.327150000000000318e+01 8.981660832471232148e-01
4.329390000000000072e+01 8.981298568202055188e-01
4.331640000000000157e+01 8.980372719417709648e-01
4.333879999999999910e+01 8.979625289388903919e-01
4.336119999999999663e+01 8.978870107439747006e-01
4.338369999999999749e+01 8.979038788319344544e-01
4.340610000000000213e+01 8.979946662292059845e-01
4.342849999999999966e+01 8.981785464979166189e-01
4.345100000000000051e+01 8.984370576162563626e-01
4.347339999999999804e+01 8.987331071471795774e-01
4.349580000000000268e+01 8.990108898238284851e-01
4.351830000000000354e+01 8.992890273358727926e-01
4.354070000000000107e+01 8.995488241376665695e-01
4.356309999999999860e+01 8.997348376667344549e-01
4.358559999999999945e+01 8.999017650409696367e-01
4.360799999999999699e+01 9.001057442198808767e-01
4.363040000000000163e+01 9.002919059856651085e-01
4.365279999999999916e+01 9.004218897149233181e-01
4.367530000000000001e+01 9.005703190541770597e-01
4.369769999999999754e+01 9.007185906447251478e-01
4.372010000000000218e+01 9.008850430200936454e-01
4.374260000000000304e+01 9.011069674853962042e-01
4.376500000000000057e+01 9.014027692761799049e-01
4.378739999999999810e+01 9.017733152369864502e-01
4.380989999999999895e+01 9.020530233324883795e-01
4.383229999999999649e+01 9.022399996280704437e-01
4.385470000000000113e+01 9.023173516611138201e-01
4.387720000000000198e+01 9.022281773482162537e-01
4.389959999999999951e+01 9.020273227119559589e-01
4.392199999999999704e+01 9.018239619262538032e-01
4.394449999999999790e+01 9.016946559412044593e-01
4.396690000000000254e+01 9.015642514581427847e-01
4.398930000000000007e+01 9.015620006433034961e-01
4.401180000000000092e+01 9.017089461679339557e-01
4.403419999999999845e+01 9.018567390116056792e-01
4.405660000000000309e+01 9.020050786061561965e-01
4.407909999999999684e+01 9.020616705715525097e-01
4.410150000000000148e+01 9.020812557873547632e-01
4.412389999999999901e+01 9.020450469936251991e-01
4.414639999999999986e+01 9.020080831710122204e-01
4.416879999999999740e+01 9.019892633923702885e-01
4.419120000000000203e+01 9.019887966781344746e-01
4.421359999999999957e+01 9.020069190505042300e-01
4.423610000000000042e+01 9.020438852950241060e-01
4.425849999999999795e+01 9.020624805846786387e-01
4.428090000000000259e+01 9.020624758239088603e-01
4.430340000000000344e+01 9.020253574928878137e-01
4.432580000000000098e+01 9.019878716368788796e-01
4.434819999999999851e+01 9.019865622908815883e-01
4.437069999999999936e+01 9.020407723709308323e-01
4.439309999999999690e+01 9.021321074109371896e-01
4.441550000000000153e+01 9.022606947402947997e-01
4.443800000000000239e+01 9.023893099344171276e-01
4.446039999999999992e+01 9.024995823930176408e-01
4.448279999999999745e+01 9.026470975059031066e-01
4.450529999999999831e+01 9.028131098950691324e-01
4.452770000000000294e+01 9.029426799248156943e-01
4.455010000000000048e+01 9.030538138183248353e-01
4.457260000000000133e+01 9.030914439798864990e-01
4.459499999999999886e+01 9.030915750915263773e-01
4.461740000000000350e+01 9.030918575838878803e-01
4.463989999999999725e+01 9.030915851472869349e-01
4.466230000000000189e+01 9.030911695056623723e-01
4.468469999999999942e+01 9.030905071863279954e-01
4.470720000000000027e+01 9.031267783682969119e-01
4.472959999999999781e+01 9.031442883195600624e-01
4.475200000000000244e+01 9.032173845438717930e-01
4.477450000000000330e+01 9.032902811104155383e-01
4.479690000000000083e+01 9.034186472604500695e-01
4.481929999999999836e+01 9.035288340667395612e-01
4.484170000000000300e+01 9.036392271420101707e-01
4.486419999999999675e+01 9.037492916491962625e-01
4.488660000000000139e+01 9.038410587484269065e-01
4.490899999999999892e+01 9.039512112996965776e-01
4.493149999999999977e+01 9.040981568747947783e-01
4.495389999999999731e+01 9.042454032566404898e-01
4.497630000000000194e+01 9.043926273015410189e-01
4.499880000000000280e+01 9.045214397430507702e-01
4.502120000000000033e+01 9.046319608532403800e-01
4.504359999999999786e+01 9.047606396273174534e-01
4.506609999999999872e+01 9.048896284993932504e-01
4.508850000000000335e+01 9.049815161571320710e-01
4.511090000000000089e+01 9.051285274507938627e-01
4.513340000000000174e+01 9.052389541254630689e-01
4.515579999999999927e+01 9.053677586185360227e-01
4.517819999999999681e+01 9.054783102148956653e-01
4.520069999999999766e+01 9.055887528902644146e-01
4.522310000000000230e+01 9.056623453662365764e-01
4.524549999999999983e+01 9.057541433727562818e-01
4.526800000000000068e+01 9.058457464707970752e-01
4.529039999999999822e+01 9.059559297755406249e-01
4.531280000000000285e+01 9.060294750570045963e-01
4.533529999999999660e+01 9.061211987160043835e-01
4.535770000000000124e+01 9.062127985548158460e-01
4.538009999999999877e+01 9.062861738946438317e-01
4.540259999999999962e+01 9.063587510791051294e-01
4.542499999999999716e+01 9.065054654364632647e-01
4.544740000000000180e+01 9.066522697284906673e-01
4.546979999999999933e+01 9.067806078781727175e-01
4.549230000000000018e+01 9.069090132948993688e-01
4.551469999999999771e+01 9.070740671297135016e-01
4.553710000000000235e+01 9.072024350161662642e-01
4.555960000000000321e+01 9.073492116239119110e-01
4.558200000000000074e+01 9.075144044788721054e-01
4.560439999999999827e+01 9.076428968012268950e-01
4.562689999999999912e+01 9.077896925778432546e-01
4.564929999999999666e+01 9.079365998842299224e-01
4.567170000000000130e+01 9.080286954629533946e-01
4.569420000000000215e+01 9.081388181198741805e-01
4.571659999999999968e+01 9.082306247010794031e-01
4.573899999999999721e+01 9.083041977584032090e-01
4.576149999999999807e+01 9.083590770348864973e-01
4.578390000000000271e+01 9.084322796354460383e-01
4.580630000000000024e+01 9.085419551288135276e-01
4.582880000000000109e+01 9.086332159803136577e-01
4.585119999999999862e+01 9.087612405581451114e-01
4.587360000000000326e+01 9.089075595017443998e-01
4.589609999999999701e+01 9.090906468212467395e-01
4.591850000000000165e+01 9.092737710580377497e-01
4.594089999999999918e+01 9.094204595402001212e-01
4.596340000000000003e+01 9.095667588587978969e-01
4.598579999999999757e+01 9.097680958209364288e-01
4.600820000000000221e+01 9.099695376128045243e-01
4.603059999999999974e+01 9.101525700278316755e-01
4.605310000000000059e+01 9.103357231898661084e-01
4.607549999999999812e+01 9.105189993827657036e-01
4.609790000000000276e+01 9.107021604675513693e-01
4.612039999999999651e+01 9.108670901201225689e-01
4.614280000000000115e+01 9.110685926490914577e-01
4.616519999999999868e+01 9.112152068317774800e-01
4.618769999999999953e+01 9.113437119814185028e-01
4.621009999999999707e+01 9.114721030466991225e-01
4.623250000000000171e+01 9.115821565159258899e-01
4.625500000000000256e+01 9.116559590584492057e-01
4.627740000000000009e+01 9.117112888915612778e-01
4.629979999999999762e+01 9.117480721087748430e-01
4.632229999999999848e+01 9.117666952914813550e-01
4.634470000000000312e+01 9.117667845702774887e-01
4.636710000000000065e+01 9.117485269017848726e-01
4.638960000000000150e+01 9.117482314971203650e-01
4.641199999999999903e+01 9.117659115117708879e-01
4.643439999999999657e+01 9.118567759331660527e-01
4.645689999999999742e+01 9.119476601975184948e-01
4.647930000000000206e+01 9.120933545820872901e-01
4.650169999999999959e+01 9.122208124939172880e-01
4.652420000000000044e+01 9.124214729375221822e-01
4.654659999999999798e+01 9.126040275925350054e-01
4.656900000000000261e+01 9.128048523937783987e-01
4.659150000000000347e+01 9.130057059924518992e-01
4.661390000000000100e+01 9.131884510116967668e-01
4.663629999999999853e+01 9.133894634447009553e-01
4.665870000000000317e+01 9.135904264061245339e-01
4.668119999999999692e+01 9.137550178526315792e-01
4.670360000000000156e+01 9.139014668920979467e-01
4.672599999999999909e+01 9.140298697813232787e-01
4.674849999999999994e+01 9.141216944121360877e-01
4.677089999999999748e+01 9.141953230645547546e-01
4.679330000000000211e+01 9.142323870800944663e-01
4.681580000000000297e+01 9.142330766666741937e-01
4.683820000000000050e+01 9.141785813859379939e-01
4.686059999999999803e+01 9.141237857320194671e-01
4.688309999999999889e+01 9.141231648934857734e-01
4.690550000000000352e+01 9.141951047537580921e-01
4.692790000000000106e+01 9.143767923151162602e-01
4.695040000000000191e+01 9.145588388456219464e-01
4.697279999999999944e+01 9.147775811270766333e-01
4.699519999999999698e+01 9.149601720367217528e-01
4.701769999999999783e+01 9.151248580504078856e-01
4.704010000000000247e+01 9.152166165700382772e-01
4.706250000000000000e+01 9.152721526683471609e-01
4.708500000000000085e+01 9.152547219666089529e-01
4.710739999999999839e+01 9.152004060542648922e-01
4.712980000000000302e+01 9.151095750242745908e-01
4.715229999999999677e+01 9.150538464360968849e-01
4.717470000000000141e+01 9.151071230864675776e-01
4.719709999999999894e+01 9.152335436200522700e-01
4.721949999999999648e+01 9.154147510109826857e-01
4.724199999999999733e+01 9.156508236395431988e-01
4.726440000000000197e+01 9.158871094703191496e-01
4.728679999999999950e+01 9.161415981540854681e-01
4.730930000000000035e+01 9.164508231201233812e-01
4.733169999999999789e+01 9.167967656694047118e-01
4.735410000000000252e+01 9.171252746466622696e-01
4.737660000000000338e+01 9.173637745121210330e-01
4.739900000000000091e+01 9.174751553374715929e-01
4.742139999999999844e+01 9.174419374804633209e-01
4.744389999999999930e+01 9.172986780004512841e-01
4.746629999999999683e+01 9.171546550520688346e-01
4.748870000000000147e+01 9.169201399198110281e-01
4.751120000000000232e+01 9.166475592495357816e-01
4.753359999999999985e+01 9.164103143076645086e-01
4.755599999999999739e+01 9.162096297362186670e-01
4.757849999999999824e+01 9.160259883453438778e-01
4.760090000000000288e+01 9.159512859404018714e-01
4.762330000000000041e+01 9.159493978420121252e-01
4.764580000000000126e+01 9.160023828386180123e-01
4.766819999999999879e+01 9.160918622564639957e-01
4.769060000000000343e+01 9.162904138211424021e-01
4.771309999999999718e+01 9.165261810435773038e-01
4.773550000000000182e+01 9.167623809571062710e-01
4.775789999999999935e+01 9.169987404680577381e-01
4.778040000000000020e+01 9.171633483865060388e-01
4.780279999999999774e+01 9.172194744281322309e-01
4.782520000000000238e+01 9.171658437414231813e-01
4.784759999999999991e+01 9.170575803141176596e-01
4.787010000000000076e+01 9.168937474837793866e-01
4.789249999999999829e+01 9.167837576918933529e-01
4.791490000000000293e+01 9.167277799364881297e-01
4.793739999999999668e+01 9.167984493249928812e-01
4.795980000000000132e+01 9.169967628191246778e-01
4.798219999999999885e+01 9.173227231815888061e-01
4.800469999999999970e+01 9.176671580029536202e-01
4.802709999999999724e+01 9.180301063293254682e-01
4.804950000000000188e+01 9.183572406477138461e-01
4.807200000000000273e+01 9.186481252183984481e-01
4.809440000000000026e+01 9.189208163750152147e-01
4.811679999999999779e+01 9.191394900489912034e-01
4.813929999999999865e+01 9.193398754184599619e-01
4.816170000000000329e+01 9.195043469104212663e-01
4.818410000000000082e+01 9.195966115634233162e-01
4.820660000000000167e+01 9.195805113785571194e-01
4.822899999999999920e+01 9.195089404763632235e-01
4.825139999999999674e+01 9.194553589827620943e-01
4.827389999999999759e+01 9.193655298952565502e-01
4.829630000000000223e+01 9.192568826646931868e-01
4.831869999999999976e+01 9.192200507307672908e-01
4.834120000000000061e+01 9.192382226698919689e-01
4.836359999999999815e+01 9.192199372851682648e-01
4.838600000000000279e+01 9.192380792168046710e-01
4.840849999999999653e+01 9.192380087830667179e-01
4.843090000000000117e+01 9.192561484179965214e-01
4.845329999999999870e+01 9.192558415377192205e-01
4.847570000000000334e+01 9.192737636336888452e-01
4.849819999999999709e+01 9.193455681398866597e-01
4.852060000000000173e+01 9.194358859717440824e-01
4.854299999999999926e+01 9.195446272783325270e-01
4.856550000000000011e+01 9.196354760395610839e-01
4.858789999999999765e+01 9.196547058108111017e-01
4.861030000000000229e+01 9.195822858352962204e-01
4.863280000000000314e+01 9.195095355220931355e-01
4.865520000000000067e+01 9.194363773526361694e-01
4.867759999999999820e+01 9.194345457294669233e-01
4.870009999999999906e+01 9.195780588966467883e-01
4.872249999999999659e+01 9.197946889659283087e-01
4.874490000000000123e+01 9.200116629302645954e-01
4.876740000000000208e+01 9.202654292417069559e-01
4.878979999999999961e+01 9.204468882871614799e-01
4.881219999999999715e+01 9.206285724784262214e-01
4.883469999999999800e+01 9.207743970664670208e-01
4.885710000000000264e+01 9.208297831866043559e-01
4.887950000000000017e+01 9.208485252094767981e-01
4.890200000000000102e+01 9.208492124821732183e-01
4.892439999999999856e+01 9.208496668873503710e-01
4.894680000000000319e+01 9.208137791357825508e-01
4.896929999999999694e+01 9.208139565311196373e-01
4.899170000000000158e+01 9.207960473537524226e-01
4.901409999999999911e+01 9.207423274100366983e-01
4.903649999999999665e+01 9.206879625350066210e-01
4.905899999999999750e+01 9.206152400253215795e-01
4.908140000000000214e+01 9.205610542144239128e-01
4.910379999999999967e+01 9.205060080930126398e-01
4.912630000000000052e+01 9.204878176101189968e-01
4.914869999999999806e+01 9.204149670717314269e-01
4.917110000000000269e+01 9.203600385206921475e-01
4.919360000000000355e+01 9.203047958875384404e-01
4.921600000000000108e+01 9.203037358433405757e-01
4.923839999999999861e+01 9.203751204102804673e-01
4.926089999999999947e+01 9.204646862594625389e-01
4.928329999999999700e+01 9.205543704654370885e-01
4.930570000000000164e+01 9.206805244081343043e-01
4.932820000000000249e+01 9.207885702114610993e-01
4.935060000000000002e+01 9.209147965851421924e-01
4.937299999999999756e+01 9.210589908264412706e-01
4.939549999999999841e+01 9.212214969302374712e-01
4.941790000000000305e+01 9.213838927040400861e-01
4.944030000000000058e+01 9.216006899895310411e-01
4.946280000000000143e+01 9.217634331378375956e-01
4.948519999999999897e+01 9.219444326130963319e-01
4.950759999999999650e+01 9.220712814618936548e-01
4.953009999999999735e+01 9.221800706058803643e-01
4.955250000000000199e+01 9.222524449606090968e-01
4.957489999999999952e+01 9.223068214825447253e-01
4.959740000000000038e+01 9.223611117454233455e-01
4.961979999999999791e+01 9.224151444581920600e-01
4.964220000000000255e+01 9.224691014457949700e-01
4.966460000000000008e+01 9.225411808498293897e-01
4.968710000000000093e+01 9.226675271734843253e-01
4.970949999999999847e+01 9.227578769637911904e-01
4.973190000000000310e+01 9.227941163235895417e-01
4.975439999999999685e+01 9.228124765963425791e-01
4.977680000000000149e+01 9.228115876946345608e-01
4.979919999999999902e+01 9.229012089123393991e-01
4.982169999999999987e+01 9.230452250117817670e-01
4.984409999999999741e+01 9.232073287628439484e-01
4.986650000000000205e+01 9.233878065684695269e-01
4.988900000000000290e+01 9.235502353425887323e-01
4.991140000000000043e+01 9.236765935503173930e-01
4.993379999999999797e+01 9.238390457158702773e-01
4.995629999999999882e+01 9.239834563038976656e-01
4.997870000000000346e+01 9.241278401057139158e-01
5.000110000000000099e+01 9.242902869936124866e-01
5.002360000000000184e+01 9.243989301886099685e-01
5.004599999999999937e+01 9.245074957619217049e-01
5.006839999999999691e+01 9.245800497422020925e-01
5.009089999999999776e+01 9.246706103504337415e-01
5.011330000000000240e+01 9.247251848715016820e-01
5.013569999999999993e+01 9.247618591709058089e-01
5.015820000000000078e+01 9.247442359472609619e-01
5.018059999999999832e+01 9.247085954284530729e-01
5.020300000000000296e+01 9.246186398034037524e-01
5.022549999999999670e+01 9.245463021007456206e-01
5.024790000000000134e+01 9.245095122411401967e-01
5.027029999999999887e+01 9.245269714070346589e-01
5.029270000000000351e+01 9.245983766738566922e-01
5.031519999999999726e+01 9.246699627393059062e-01
5.033760000000000190e+01 9.247959410334536390e-01
5.035999999999999943e+01 9.248859154665655113e-01
5.038250000000000028e+01 9.249938749260089299e-01
5.040489999999999782e+01 9.251198809828706793e-01
5.042730000000000246e+01 9.252459623163887814e-01
5.044980000000000331e+01 9.253359677893523427e-01
5.047220000000000084e+01 9.254441096425495283e-01
5.049459999999999837e+01 9.255524696442980481e-01
5.051709999999999923e+01 9.255708588114313073e-01
5.053949999999999676e+01 9.255886002217060815e-01
5.056190000000000140e+01 9.256423152800721255e-01
5.058440000000000225e+01 9.256960177116966282e-01
5.060679999999999978e+01 9.257677839587190594e-01
5.062919999999999732e+01 9.258933973510776738e-01
5.065169999999999817e+01 9.260372619820290696e-01
5.067410000000000281e+01 9.261633616746364206e-01
5.069650000000000034e+01 9.262535844211600145e-01
5.071900000000000119e+01 9.262895857474147121e-01
5.074139999999999873e+01 9.263794130814183569e-01
5.076380000000000337e+01 9.264693149092064761e-01
5.078629999999999711e+01 9.265770232276194784e-01
5.080870000000000175e+01 9.267031113896395667e-01
5.083109999999999928e+01 9.268111619725531991e-01
5.085349999999999682e+01 9.268832825895165772e-01
5.087599999999999767e+01 9.269373764825808992e-01
5.089840000000000231e+01 9.269912364345263001e-01
5.092079999999999984e+01 9.270631316871200678e-01
5.094330000000000069e+01 9.271169121715364669e-01
5.096569999999999823e+01 9.272065991213028768e-01
5.098810000000000286e+01 9.272963421473789936e-01
5.101059999999999661e+01 9.274219093561639760e-01
5.103300000000000125e+01 9.275476736153220880e-01
5.105539999999999878e+01 9.276734232875553099e-01
5.107789999999999964e+01 9.278172371170578803e-01
5.110029999999999717e+01 9.279609572129828843e-01
5.112270000000000181e+01 9.280689311131286034e-01
5.114520000000000266e+01 9.282129006785823089e-01
5.116760000000000019e+01 9.283030848113669187e-01
5.118999999999999773e+01 9.283752473200942434e-01
5.121249999999999858e+01 9.284294237495400726e-01
5.123490000000000322e+01 9.284836011369504982e-01
5.125730000000000075e+01 9.285197021141035068e-01
5.127980000000000160e+01 9.285736301461825493e-01
5.130219999999999914e+01 9.286096486729827904e-01
5.132459999999999667e+01 9.286457368598292073e-01
5.134709999999999752e+01 9.286636611281471332e-01
5.136950000000000216e+01 9.286994969492609053e-01
5.139189999999999969e+01 9.287711667984841490e-01
5.141440000000000055e+01 9.288428314980008427e-01
5.143679999999999808e+01 9.289503853485556739e-01
5.145920000000000272e+01 9.290581036777468826e-01
5.148160000000000025e+01 9.291840407735115770e-01
5.150410000000000110e+01 9.292743341523934664e-01
5.152649999999999864e+01 9.293106631124065098e-01
5.154890000000000327e+01 9.293648215402333657e-01
5.157139999999999702e+01 9.293472095179776682e-01
5.159380000000000166e+01 9.293653073318384195e-01
5.161619999999999919e+01 9.293474207778349427e-01
5.163870000000000005e+01 9.293474207778349427e-01
5.166109999999999758e+01 9.293829684849035377e-01
5.168350000000000222e+01 9.294186035923949207e-01
5.170600000000000307e+01 9.295080310434703508e-01
5.172840000000000060e+01 9.296333351219714380e-01
5.175079999999999814e+01 9.297409790450388289e-01
5.177329999999999899e+01 9.298845939093272062e-01
5.179569999999999652e+01 9.300108220014049465e-01
5.181810000000000116e+01 9.300474392043771577e-01
5.184060000000000201e+01 9.300839732291794615e-01
5.186299999999999955e+01 9.300668728791272599e-01
5.188539999999999708e+01 9.300316898261496990e-01
5.190789999999999793e+01 9.299425483503793721e-01
5.193030000000000257e+01 9.298710529923385204e-01
5.195270000000000010e+01 9.297816857063065932e-01
5.197520000000000095e+01 9.296920579053986611e-01
5.199759999999999849e+01 9.296557291403516610e-01
5.202000000000000313e+01 9.296015426827577421e-01
5.204240000000000066e+01 9.296008486659808057e-01
5.206490000000000151e+01 9.296180754990097661e-01
5.208729999999999905e+01 9.296893761134745748e-01
5.210969999999999658e+01 9.297425231207550045e-01
5.213219999999999743e+01 9.298496286321196180e-01
5.215460000000000207e+01 9.299568799038128164e-01
5.217699999999999960e+01 9.300821199240172366e-01
5.219950000000000045e+01 9.302076961773831920e-01
5.222189999999999799e+01 9.303153570074274015e-01
5.224430000000000263e+01 9.304232055981570548e-01
5.226680000000000348e+01 9.304950100091403664e-01
5.228920000000000101e+01 9.305672603201475823e-01
5.231159999999999854e+01 9.306038280384251182e-01
5.233409999999999940e+01 9.305865633744648813e-01
5.235649999999999693e+01 9.305514073561305111e-01
5.237890000000000157e+01 9.304268235744104221e-01
5.240140000000000242e+01 9.302830765049903139e-01
5.242379999999999995e+01 9.301750268159693080e-01
5.244619999999999749e+01 9.300847076764419130e-01
5.246869999999999834e+01 9.301011523678403004e-01
5.249110000000000298e+01 9.301896787577366155e-01
5.251350000000000051e+01 9.303681835063584149e-01
5.253600000000000136e+01 9.305293108333767549e-01
5.255839999999999890e+01 9.306906599889150922e-01
5.258080000000000354e+01 9.308163262497717305e-01
5.260329999999999728e+01 9.308885353010120101e-01
5.262570000000000192e+01 9.309426981497208597e-01
5.264809999999999945e+01 9.309430367246394056e-01
5.267049999999999699e+01 9.309612438118431976e-01
5.269299999999999784e+01 9.309613568374093262e-01
5.271540000000000248e+01 9.309788101352994838e-01
5.273780000000000001e+01 9.310682279396100824e-01
5.276030000000000086e+01 9.311220229954227934e-01
5.278269999999999840e+01 9.311759463025538475e-01
5.280510000000000304e+01 9.311940903641434675e-01
5.282759999999999678e+01 9.312300800704054193e-01
5.285000000000000142e+01 9.312302755515780017e-01
5.287239999999999895e+01 9.312124807262847082e-01
5.289489999999999981e+01 9.311945068347908805e-01
5.291729999999999734e+01 9.311764245864251333e-01
5.293970000000000198e+01 9.311941975841084851e-01
5.296220000000000283e+01 9.311938169396889453e-01
5.298460000000000036e+01 9.312471341559345195e-01
5.300699999999999790e+01 9.313185081005663779e-01
5.302949999999999875e+01 9.314078213121628202e-01
5.305190000000000339e+01 9.314615006728763635e-01
5.307430000000000092e+01 9.315329675773122986e-01
5.309680000000000177e+01 9.316403984819908723e-01
5.311919999999999931e+01 9.317120338887541209e-01
5.314159999999999684e+01 9.318017100844381284e-01
5.316409999999999769e+01 9.318916275694706375e-01
5.318650000000000233e+01 9.319459585326571593e-01
5.320889999999999986e+01 9.319470982000104264e-01
5.323140000000000072e+01 9.318941063985800577e-01
5.325379999999999825e+01 9.317697502818355071e-01
5.327620000000000289e+01 9.316449697725169843e-01
5.329860000000000042e+01 9.314838503982749707e-01
5.332110000000000127e+01 9.313222721818636973e-01
5.334349999999999881e+01 9.312320502096729236e-01
5.336590000000000344e+01 9.311953298814803492e-01
5.338839999999999719e+01 9.311944375728604673e-01
5.341080000000000183e+01 9.312474670576988967e-01
5.343319999999999936e+01 9.312829178325370272e-01
5.345570000000000022e+01 9.313543071393391992e-01
5.347809999999999775e+01 9.314079101720863507e-01
5.350050000000000239e+01 9.314436594169089867e-01
5.352300000000000324e+01 9.314436594169089867e-01
5.354540000000000077e+01 9.314791966679987212e-01
5.356779999999999831e+01 9.315149922318262110e-01
5.359029999999999916e+01 9.315151738496958433e-01
5.361269999999999669e+01 9.314795591027428268e-01
5.363510000000000133e+01 9.314437615222805888e-01
5.365760000000000218e+01 9.314077717716877647e-01
5.367999999999999972e+01 9.313362065306149962e-01
5.370239999999999725e+01 9.312463864209847841e-01
5.372489999999999810e+01 9.312097751862613570e-01
5.374730000000000274e+01 9.311913792312893623e-01
5.376970000000000027e+01 9.312088144876726759e-01
5.379220000000000113e+01 9.312441459767809571e-01
5.381459999999999866e+01 9.312795685682839775e-01
5.383700000000000330e+01 9.313331026926638945e-01
5.385940000000000083e+01 9.313509575172106425e-01
5.388190000000000168e+01 9.313689735989060248e-01
5.390429999999999922e+01 9.313332252916923792e-01
5.392669999999999675e+01 9.312795357935672591e-01
5.394919999999999760e+01 9.311719989455082835e-01
5.397160000000000224e+01 9.310821111412361795e-01
5.399399999999999977e+01 9.309920036318892755e-01
5.401650000000000063e+01 9.309016958982688772e-01
5.403889999999999816e+01 9.308472584927949267e-01
5.406130000000000280e+01 9.308283755430351025e-01
5.408379999999999654e+01 9.308812739742494680e-01
5.410620000000000118e+01 9.309523281929432681e-01
5.412859999999999872e+01 9.310233192382201262e-01
5.415109999999999957e+01 9.311481879325868016e-01
5.417349999999999710e+01 9.312552266678146839e-01
5.419590000000000174e+01 9.313622384216930783e-01
5.421840000000000259e+01 9.314872088422282426e-01
5.424080000000000013e+01 9.316122720484407704e-01
5.426319999999999766e+01 9.317373099867488628e-01
5.428569999999999851e+01 9.318444721584355772e-01
5.430810000000000315e+01 9.319516007896830878e-01
5.433050000000000068e+01 9.320945339166060162e-01
5.435300000000000153e+01 9.322016817326176374e-01
5.437539999999999907e+01 9.323088739287689330e-01
5.439779999999999660e+01 9.324339105479209078e-01
5.442029999999999745e+01 9.325589682341359765e-01
5.444270000000000209e+01 9.326660887883919671e-01
5.446509999999999962e+01 9.327732431673753100e-01
5.448749999999999716e+01 9.328625186804085923e-01
5.450999999999999801e+01 9.329696249993261192e-01
5.453240000000000265e+01 9.330767419523896544e-01
5.455480000000000018e+01 9.331838391197821991e-01
5.457730000000000103e+01 9.333087919942784083e-01
5.459969999999999857e+01 9.334516078327943500e-01
5.462210000000000321e+01 9.335944206860823380e-01
5.464459999999999695e+01 9.337193377852212040e-01
5.466700000000000159e+01 9.338621312260111385e-01
5.468939999999999912e+01 9.339870232739435618e-01
5.471189999999999998e+01 9.341119558425747815e-01
5.473429999999999751e+01 9.342368157018230423e-01
5.475670000000000215e+01 9.343616664226768176e-01
5.477920000000000300e+01 9.344865499060146519e-01
5.480160000000000053e+01 9.345935546062636989e-01
5.482399999999999807e+01 9.347005414113259691e-01
5.484649999999999892e+01 9.348075160265851835e-01
5.486889999999999645e+01 9.349144794148103177e-01
5.489130000000000109e+01 9.350214351456879180e-01
5.491380000000000194e+01 9.351283740309433989e-01
5.493619999999999948e+01 9.352175046628011801e-01
5.495859999999999701e+01 9.353065639457751601e-01
5.498109999999999786e+01 9.353956711648860889e-01
5.500350000000000250e+01 9.355025718837663984e-01
5.502590000000000003e+01 9.356094568064232675e-01
5.504829999999999757e+01 9.356985415932138617e-01
5.507079999999999842e+01 9.357697666723658880e-01
5.509320000000000306e+01 9.358766211147713232e-01
5.511560000000000059e+01 9.359656779265321802e-01
5.513810000000000144e+01 9.360725135469698532e-01
5.516049999999999898e+01 9.361437101902720936e-01
5.518289999999999651e+01 9.362327441188630361e-01
5.520539999999999736e+01 9.363395467146917728e-01
5.522780000000000200e+01 9.363929447208523271e-01
5.525019999999999953e+01 9.364997290710604938e-01
5.527270000000000039e+01 9.365709470804977066e-01
5.529509999999999792e+01 9.366598865621560410e-01
5.531750000000000256e+01 9.367310908662270785e-01
5.534000000000000341e+01 9.368200151559495925e-01
5.536240000000000094e+01 9.368912087957929069e-01
5.538479999999999848e+01 9.369801179008440117e-01
5.540729999999999933e+01 9.370690701183974625e-01
5.542969999999999686e+01 9.371401917658253033e-01
5.545210000000000150e+01 9.372291287984080288e-01
5.547460000000000235e+01 9.373180531789585546e-01
5.549699999999999989e+01 9.373713954404172544e-01
5.551939999999999742e+01 9.374780708577878929e-01
5.554189999999999827e+01 9.375314040147360028e-01
5.556430000000000291e+01 9.376202524595728116e-01
5.558670000000000044e+01 9.376913852848449693e-01
5.560920000000000130e+01 9.377624654697666040e-01
5.563159999999999883e+01 9.378513392647169766e-01
5.565400000000000347e+01 9.379224068284252036e-01
5.567640000000000100e+01 9.380112654646075576e-01
5.569890000000000185e+01 9.380645678038025403e-01
5.572129999999999939e+01 9.381534178275262592e-01
5.574369999999999692e+01 9.382244576539131575e-01
5.576619999999999777e+01 9.382777483849595868e-01
5.578860000000000241e+01 9.383843207678663756e-01
5.581099999999999994e+01 9.384376024207582434e-01
5.583350000000000080e+01 9.385264176212398946e-01
5.585589999999999833e+01 9.385974292313697953e-01
5.587830000000000297e+01 9.386506987872691443e-01
5.590079999999999671e+01 9.387394938176183423e-01
5.592320000000000135e+01 9.388104893192604772e-01
5.594559999999999889e+01 9.388815312049444417e-01
5.596809999999999974e+01 9.389525216603555879e-01
5.599049999999999727e+01 9.390235010644675251e-01
5.601290000000000191e+01 9.390945268210371122e-01
5.603540000000000276e+01 9.391477681770876718e-01
5.605780000000000030e+01 9.392364644998829615e-01
5.608019999999999783e+01 9.393074741383188320e-01
5.610269999999999868e+01 9.393607034247996035e-01
5.612510000000000332e+01 9.394316576838879218e-01
5.614750000000000085e+01 9.395203731896316635e-01
5.617000000000000171e+01 9.395735904147471951e-01
5.619239999999999924e+01 9.396268046258025031e-01
5.621479999999999677e+01 9.396800158233095113e-01
5.623729999999999762e+01 9.397864291797258796e-01
5.625970000000000226e+01 9.398396313396589763e-01
5.628209999999999980e+01 9.398928304880904694e-01
5.630449999999999733e+01 9.399460266255319496e-01
5.632699999999999818e+01 9.400524098694887920e-01
5.634940000000000282e+01 9.401055969770262255e-01
5.637180000000000035e+01 9.401587810756175667e-01
5.639430000000000121e+01 9.402119621657734072e-01
5.641669999999999874e+01 9.402828973921373290e-01
5.643910000000000338e+01 9.403537824234349252e-01
5.646159999999999712e+01 9.404246564522474872e-01
5.648400000000000176e+01 9.404778225078793685e-01
5.650639999999999930e+01 9.405487376652106324e-01
5.652890000000000015e+01 9.406018967037050871e-01
5.655129999999999768e+01 9.406550527380146409e-01
5.657370000000000232e+01 9.407259097370470613e-01
5.659620000000000317e+01 9.407967557466291320e-01
5.661860000000000070e+01 9.408676468435912543e-01
5.664099999999999824e+01 9.409207878646146384e-01
5.666349999999999909e+01 9.409739258845066789e-01
5.668589999999999662e+01 9.410270609037764133e-01
5.670830000000000126e+01 9.410801929229317686e-01
5.673080000000000211e+01 9.411510179257766007e-01
5.675319999999999965e+01 9.412395709847916070e-01
5.677559999999999718e+01 9.412926910085692711e-01
5.679809999999999803e+01 9.413458080347716361e-01
5.682050000000000267e+01 9.413989220639062960e-01
5.684290000000000020e+01 9.414520330964804007e-01
5.686529999999999774e+01 9.415051411330012110e-01
5.688779999999999859e+01 9.415582461739756548e-01
5.691020000000000323e+01 9.416290792180477265e-01
5.693260000000000076e+01 9.416998632832355165e-01
5.695510000000000161e+01 9.417529573417772193e-01
5.697749999999999915e+01 9.418237264633855244e-01
5.699989999999999668e+01 9.418768135417200371e-01
5.702239999999999753e+01 9.419298976280530145e-01
5.704480000000000217e+01 9.419829787228901630e-01
5.706719999999999970e+01 9.420537798031594079e-01
5.708970000000000056e+01 9.421068539145729392e-01
5.711209999999999809e+01 9.421599250361774036e-01
5.713450000000000273e+01 9.422129931684779525e-01
5.715699999999999648e+01 9.422660583119795152e-01
5.717940000000000111e+01 9.423191204671873544e-01
5.720179999999999865e+01 9.423898527207802411e-01
5.722429999999999950e+01 9.424429079074024829e-01
5.724669999999999703e+01 9.424959601074123228e-01
5.726910000000000167e+01 9.425490093213140241e-01
5.729160000000000252e+01 9.426374306725199270e-01
5.731400000000000006e+01 9.426904719237964025e-01
5.733639999999999759e+01 9.427435101908132609e-01
5.735889999999999844e+01 9.427965454740743212e-01
5.738130000000000308e+01 9.428495777740828476e-01
5.740370000000000061e+01 9.429026070913424373e-01
5.742620000000000147e+01 9.429556334263562434e-01
5.744859999999999900e+01 9.430086567796274188e-01
5.747099999999999653e+01 9.430616771516586727e-01
5.749340000000000117e+01 9.431146945429531581e-01
5.751590000000000202e+01 9.431677089540132508e-01
5.753829999999999956e+01 9.432207203853417710e-01
5.756069999999999709e+01 9.432737288374406504e-01
5.758319999999999794e+01 9.433267343108125980e-01
5.760560000000000258e+01 9.433974337868022975e-01
5.762800000000000011e+01 9.434504323066792431e-01
5.765050000000000097e+01 9.435034278495033622e-01
5.767289999999999850e+01 9.435564204157769197e-01
5.769530000000000314e+01 9.436094100060007372e-01
5.771779999999999688e+01 9.436623966206766356e-01
5.774020000000000152e+01 9.437153802603055475e-01
5.776259999999999906e+01 9.437683609253886274e-01
5.778509999999999991e+01 9.438213386164268082e-01
5.780749999999999744e+01 9.438743133339209113e-01
5.782990000000000208e+01 9.439272850783715363e-01
5.785240000000000293e+01 9.439802538502790608e-01
5.787480000000000047e+01 9.440332196501440842e-01
5.789719999999999800e+01 9.440861824784667622e-01
5.791969999999999885e+01 9.441391423357471391e-01
5.794210000000000349e+01 9.441920992224851483e-01
5.796450000000000102e+01 9.442450531391807234e-01
5.798700000000000188e+01 9.442980040863333535e-01
5.800939999999999941e+01 9.443509520644426392e-01
5.803179999999999694e+01 9.444038970740079586e-01
5.805420000000000158e+01 9.444568391155284681e-01
5.807670000000000243e+01 9.445097781895033240e-01
5.809909999999999997e+01 9.445627142964317935e-01
5.812149999999999750e+01 9.446156474368121447e-01
5.814399999999999835e+01 9.446685776111435340e-01
5.816640000000000299e+01 9.447215048199241183e-01
5.818880000000000052e+01 9.447568054487606171e-01
5.821130000000000138e+01 9.448097277131277671e-01
5.823369999999999891e+01 9.448626470132737154e-01
5.825610000000000355e+01 9.449155633496966189e-01
5.827859999999999729e+01 9.449684767228945237e-01
5.830100000000000193e+01 9.450213871333652538e-01
5.832339999999999947e+01 9.450742945816059670e-01
5.834590000000000032e+01 9.451271990681148205e-01
5.836829999999999785e+01 9.451801005933884170e-01
5.839070000000000249e+01 9.452329991579244695e-01
5.841320000000000334e+01 9.452682750871066464e-01
5.843560000000000088e+01 9.453211687161902077e-01
5.845799999999999841e+01 9.453740593858617203e-01
5.848049999999999926e+01 9.454269470966180089e-01
5.850289999999999679e+01 9.454798318489556763e-01
5.852530000000000143e+01 9.455327136433707702e-01
5.854780000000000229e+01 9.455855924803598933e-01
5.857019999999999982e+01 9.456208604888074465e-01
5.859259999999999735e+01 9.456737343949873642e-01
5.861509999999999820e+01 9.457266053450649190e-01
5.863750000000000284e+01 9.457794733395354925e-01
5.865990000000000038e+01 9.458323383788950212e-01
5.868229999999999791e+01 9.458852004636387756e-01
5.870479999999999876e+01 9.459204112957326771e-01
5.872720000000000340e+01 9.459732684620686394e-01
5.874960000000000093e+01 9.460085167684414431e-01
5.877210000000000178e+01 9.460613690109053175e-01
5.879449999999999932e+01 9.461142183008983686e-01
5.881689999999999685e+01 9.461670646389148676e-01
5.883939999999999770e+01 9.462023109529020815e-01
5.886180000000000234e+01 9.462551523691979938e-01
5.888419999999999987e+01 9.463079908348372982e-01
5.890670000000000073e+01 9.463608263503139328e-01
5.892909999999999826e+01 9.464136589161220581e-01
5.895150000000000290e+01 9.464664885327558341e-01
5.897399999999999665e+01 9.465193152007087551e-01
5.899640000000000128e+01 9.465545428286752383e-01
5.901879999999999882e+01 9.466073645813319892e-01
5.904129999999999967e+01 9.466601833866248317e-01
5.906369999999999720e+01 9.466954109933332084e-01
5.908610000000000184e+01 9.467305923955862124e-01
5.910860000000000269e+01 9.467834043275387135e-01
5.913100000000000023e+01 9.468362133137704362e-01
5.915339999999999776e+01 9.468890193547745415e-01
5.917589999999999861e+01 9.469418224510436355e-01
5.919830000000000325e+01 9.469770343513561617e-01
5.922070000000000078e+01 9.470298325389069349e-01
5.924320000000000164e+01 9.470650463828078625e-01
5.926559999999999917e+01 9.471178396621386941e-01
5.928799999999999670e+01 9.471706299988693623e-01
5.931040000000000134e+01 9.472234173934916956e-01
5.933290000000000219e+01 9.472762018464978562e-01
5.935529999999999973e+01 9.473113617137071119e-01
5.937769999999999726e+01 9.473465598695891554e-01
5.940019999999999811e+01 9.473993374635234499e-01
5.942260000000000275e+01 9.474345375607351460e-01
5.944500000000000028e+01 9.474873102521922386e-01
5.946750000000000114e+01 9.475400800044899707e-01
5.948989999999999867e+01 9.475928468181196163e-01
5.951230000000000331e+01 9.476456106935723378e-01
5.953479999999999706e+01 9.476983716313387429e-01
5.955720000000000169e+01 9.477335550751654347e-01
5.957959999999999923e+01 9.477511296319094392e-01
5.960210000000000008e+01 9.478038846957748120e-01
5.962449999999999761e+01 9.478566368234251360e-01
5.964690000000000225e+01 9.479093860153510187e-01
5.966940000000000310e+01 9.479621322720419574e-01
5.969180000000000064e+01 9.480148755939886707e-01
5.971419999999999817e+01 9.480500472844242132e-01
5.973669999999999902e+01 9.480852228707370433e-01
5.975909999999999656e+01 9.481203534356066331e-01
5.978150000000000119e+01 9.481730879562575431e-01
5.980400000000000205e+01 9.482258195441219950e-01
5.982639999999999958e+01 9.482785481996895971e-01
5.984879999999999711e+01 9.483137101046255069e-01
5.987120000000000175e+01 9.483488759021987402e-01
5.989370000000000260e+01 9.484015977130710873e-01
5.991610000000000014e+01 9.484543165932775022e-01
5.993849999999999767e+01 9.484894335087705741e-01
5.996099999999999852e+01 9.485421475101871724e-01
5.998340000000000316e+01 9.485772996377861421e-01
6.000580000000000069e+01 9.486124556547876896e-01
6.002830000000000155e+01 9.486651628172162454e-01
6.005069999999999908e+01 9.487178670514208045e-01
6.007309999999999661e+01 9.487705683578895322e-01
6.009559999999999746e+01 9.488232667371103712e-01
6.011800000000000210e+01 9.488408159449852608e-01
6.014039999999999964e+01 9.488759621895708207e-01
6.016290000000000049e+01 9.489286547157587126e-01
6.018529999999999802e+01 9.489813443161613238e-01
6.020770000000000266e+01 9.490340309912661532e-01
6.023020000000000351e+01 9.490867147415602556e-01
6.025260000000000105e+01 9.490867147415602556e-01
6.027499999999999858e+01 9.491393955675304639e-01
6.029749999999999943e+01 9.491920734696641659e-01
6.031989999999999696e+01 9.492447484484476394e-01
6.034230000000000160e+01 9.492974205043680502e-01
6.036480000000000246e+01 9.493500896379114540e-01
6.038719999999999999e+01 9.493676720164334615e-01
6.040959999999999752e+01 9.494027558495643504e-01
6.043209999999999837e+01 9.494554191398131282e-01
6.045450000000000301e+01 9.495080795091436210e-01
6.047690000000000055e+01 9.495607369580421064e-01
6.049929999999999808e+01 9.495783154243699897e-01
6.052179999999999893e+01 9.496309689756814443e-01
6.054419999999999646e+01 9.496660430964856126e-01
6.056660000000000110e+01 9.497186917870019673e-01
6.058910000000000196e+01 9.497713375590286500e-01
6.061149999999999949e+01 9.497889121157726544e-01
6.063389999999999702e+01 9.498415539928065643e-01
6.065639999999999787e+01 9.498941929524842287e-01
6.067880000000000251e+01 9.499292573690231167e-01
6.070120000000000005e+01 9.499818914719428964e-01
6.072370000000000090e+01 9.499994621217103807e-01
6.074609999999999843e+01 9.500520923322284261e-01
6.076850000000000307e+01 9.501047196273293416e-01
6.079099999999999682e+01 9.501573440074976284e-01
6.081340000000000146e+01 9.501748737907078635e-01
6.083579999999999899e+01 9.502099654732172329e-01
6.085829999999999984e+01 9.502625840249727673e-01
6.088069999999999737e+01 9.503151996632481779e-01
6.090310000000000201e+01 9.503678123885271889e-01
6.092560000000000286e+01 9.503678123885271889e-01
6.094800000000000040e+01 9.504204222012937464e-01
6.097039999999999793e+01 9.504730291020312416e-01
6.099289999999999878e+01 9.505256330912233986e-01
6.101530000000000342e+01 9.505607160100268960e-01
6.103770000000000095e+01 9.505782341693536086e-01
6.106009999999999849e+01 9.506308323369048185e-01
6.108259999999999934e+01 9.506834275943606416e-01
6.110499999999999687e+01 9.507360199422035807e-01
6.112740000000000151e+01 9.507535759639820228e-01
6.114990000000000236e+01 9.507886093809166939e-01
6.117229999999999990e+01 9.508411959109825951e-01
6.119469999999999743e+01 9.508937795328838982e-01
6.121719999999999828e+01 9.509288488577061216e-01
6.123960000000000292e+01 9.509639123742505973e-01
6.126200000000000045e+01 9.509989380541222781e-01
6.128450000000000131e+01 9.510515129544236945e-01
6.130689999999999884e+01 9.510865764580893611e-01
6.132930000000000348e+01 9.511216341563645260e-01
6.135179999999999723e+01 9.511742022719094081e-01
6.137420000000000186e+01 9.512092202198418889e-01
6.139659999999999940e+01 9.512442779052486808e-01
6.141910000000000025e+01 9.512793297881497745e-01
6.144149999999999778e+01 9.513318891898085994e-01
6.146390000000000242e+01 9.513844456878013389e-01
6.148640000000000327e+01 9.514019532121893441e-01
6.150880000000000081e+01 9.514369992826094968e-01
6.153119999999999834e+01 9.514895499747139107e-01
6.155369999999999919e+01 9.515420977645958622e-01
6.157609999999999673e+01 9.515596023919058455e-01
6.159850000000000136e+01 9.515946426527356339e-01
6.162100000000000222e+01 9.516471846396141743e-01
6.164339999999999975e+01 9.516997237257120990e-01
6.166579999999999728e+01 9.517347630027149785e-01
6.168820000000000192e+01 9.517522599115096904e-01
6.171070000000000277e+01 9.518047931974871201e-01
6.173310000000000031e+01 9.518573235841247815e-01
6.175549999999999784e+01 9.518923570549198132e-01
6.177799999999999869e+01 9.519098510719024020e-01
6.180040000000000333e+01 9.519623756612999310e-01
6.182280000000000086e+01 9.520148973527970959e-01
6.184530000000000172e+01 9.520499250202696384e-01
6.186769999999999925e+01 9.520849468997855114e-01
6.189009999999999678e+01 9.521199320440087988e-01
6.191259999999999764e+01 9.521724450446820143e-01
6.193500000000000227e+01 9.522074669117150947e-01
6.195739999999999981e+01 9.522424829936617652e-01
6.197990000000000066e+01 9.522774623585592568e-01
6.200229999999999819e+01 9.523299666727212953e-01
6.202470000000000283e+01 9.523649827421956093e-01
6.204719999999999658e+01 9.523999930294515526e-01
6.206960000000000122e+01 9.524349666178864027e-01
6.209199999999999875e+01 9.524699788239208154e-01
6.211449999999999960e+01 9.525049852496474401e-01
6.213689999999999714e+01 9.525574770200814223e-01
6.215930000000000177e+01 9.525924448349147866e-01
6.218180000000000263e+01 9.526274512481860413e-01
6.220420000000000016e+01 9.526624518840135503e-01
6.222659999999999769e+01 9.527149349784673760e-01
6.224909999999999854e+01 9.527324184043932664e-01
6.227150000000000318e+01 9.527848976459398767e-01
6.229390000000000072e+01 9.528198924947404169e-01
6.231629999999999825e+01 9.528723669175147570e-01
6.233879999999999910e+01 9.528898474583074041e-01
6.236119999999999663e+01 9.529248384506839864e-01
6.238360000000000127e+01 9.529773070947259450e-01
6.240610000000000213e+01 9.530122990357515755e-01
6.242849999999999966e+01 9.530472505072050682e-01
6.245089999999999719e+01 9.530822357173361903e-01
6.247339999999999804e+01 9.531346956968580475e-01
6.249580000000000268e+01 9.531696818551727013e-01
6.251820000000000022e+01 9.531871527891606632e-01
6.254070000000000107e+01 9.532396069947202122e-01
6.256309999999999860e+01 9.532745892994864967e-01
6.258550000000000324e+01 9.533270386924830309e-01
6.260799999999999699e+01 9.533445067475165846e-01
6.263040000000000163e+01 9.533969522957059795e-01
6.265279999999999916e+01 9.534319288225368005e-01
6.267530000000000001e+01 9.534493949590578943e-01
6.269769999999999754e+01 9.535018347380482817e-01
6.272010000000000218e+01 9.535368074145119666e-01
6.274260000000000304e+01 9.535717743298764981e-01
6.276500000000000057e+01 9.536067056448473966e-01
6.278739999999999810e+01 9.536416744722157057e-01
6.280989999999999895e+01 9.536941036769046587e-01
6.283229999999999649e+01 9.537290648219505229e-01
6.285470000000000113e+01 9.537465299994525303e-01
6.287709999999999866e+01 9.537989534403342740e-01
6.289959999999999951e+01 9.538339107400873873e-01
6.292199999999999704e+01 9.538688324688130438e-01
6.294440000000000168e+01 9.539037916789997462e-01
6.296690000000000254e+01 9.539387451347290936e-01
6.298930000000000007e+01 9.539911580119262435e-01
6.301169999999999760e+01 9.540086183967009248e-01
6.303419999999999845e+01 9.540435680096741589e-01
6.305660000000000309e+01 9.540959751284472379e-01
6.307900000000000063e+01 9.541134335972354386e-01
6.310150000000000148e+01 9.541658368797509837e-01
6.312389999999999901e+01 9.542007807309658141e-01
6.314629999999999654e+01 9.542357274478605600e-01
6.316879999999999740e+01 9.542706348116505310e-01
6.319120000000000203e+01 9.543055748232758262e-01
6.321359999999999957e+01 9.543405176996397898e-01
6.323610000000000042e+01 9.543754212358673827e-01
6.325849999999999795e+01 9.544103574091684639e-01
6.328090000000000259e+01 9.544452964462675215e-01
6.330340000000000344e+01 9.544976815063336284e-01
6.332580000000000098e+01 9.545151284924335844e-01
6.334819999999999851e+01 9.545500636915327242e-01
6.337069999999999936e+01 9.546024430023376528e-01
6.339309999999999690e+01 9.546198880768580475e-01
6.341550000000000153e+01 9.546548194392221465e-01
6.343800000000000239e+01 9.547071930026584941e-01
6.346039999999999992e+01 9.547246361662274916e-01
6.348279999999999745e+01 9.547595636931199836e-01
6.350520000000000209e+01 9.548119315110793481e-01
6.352770000000000294e+01 9.548468513824888149e-01
6.355010000000000048e+01 9.548642964570090985e-01
6.357249999999999801e+01 9.549166585313817457e-01
6.359499999999999886e+01 9.549515745711008030e-01
6.361740000000000350e+01 9.549690177346696895e-01
6.363980000000000103e+01 9.550213740673451079e-01
6.366230000000000189e+01 9.550562862766345251e-01
6.368469999999999942e+01 9.550737275298800677e-01
6.370709999999999695e+01 9.551260781227466357e-01
6.372959999999999781e+01 9.551609865028671820e-01
6.375200000000000244e+01 9.551784258464166566e-01
6.377439999999999998e+01 9.552307707013616422e-01
6.379690000000000083e+01 9.552656752535726437e-01
6.381929999999999836e+01 9.552831126880534374e-01
6.384170000000000300e+01 9.553354518069633317e-01
6.386419999999999675e+01 9.553703525325240031e-01
6.388660000000000139e+01 9.554052561135961685e-01
6.390899999999999892e+01 9.554401214433225764e-01
6.393149999999999977e+01 9.554750183434911337e-01
6.395389999999999731e+01 9.555099180982354889e-01
6.397630000000000194e+01 9.555447796142086947e-01
6.399880000000000280e+01 9.555796726902427984e-01
6.402119999999999322e+01 9.556145686199173372e-01
6.404359999999999786e+01 9.556494263233885622e-01
6.406600000000000250e+01 9.556843155765450959e-01
6.408849999999999625e+01 9.557192076824071458e-01
6.411090000000000089e+01 9.557540615746269452e-01
6.413330000000000553e+01 9.557715229176313443e-01
6.415579999999999927e+01 9.558238352894685708e-01
6.417820000000000391e+01 9.558412584258892952e-01
6.420059999999999434e+01 9.558761447983892268e-01
6.422310000000000230e+01 9.559284514448630476e-01
6.424550000000000693e+01 9.559458726775319493e-01
6.426789999999999736e+01 9.559807552293599908e-01
6.429040000000000532e+01 9.560330561523497916e-01
6.431279999999999575e+01 9.560504754818908157e-01
6.433520000000000039e+01 9.560853542143021855e-01
6.435769999999999413e+01 9.561376494156865746e-01
6.438009999999999877e+01 9.561550668427232225e-01
6.440250000000000341e+01 9.561899417569721393e-01
6.442499999999999716e+01 9.562422312386280598e-01
6.444740000000000180e+01 9.562422312386280598e-01
6.446980000000000643e+01 9.562945178611237385e-01
6.449230000000000018e+01 9.563293832467172351e-01
6.451470000000000482e+01 9.563468016249281334e-01
6.453709999999999525e+01 9.563990825305097587e-01
6.455960000000000321e+01 9.564339441023193000e-01
6.458199999999999363e+01 9.564513605783375727e-01
6.460439999999999827e+01 9.565036357688800894e-01
6.462690000000000623e+01 9.565210827549798234e-01
6.464929999999999666e+01 9.565559081026056010e-01
6.467170000000000130e+01 9.565907639560853326e-01
6.469410000000000593e+01 9.566081775799826215e-01
6.471659999999999968e+01 9.566604442014794429e-01
6.473900000000000432e+01 9.566952962443020514e-01
6.476139999999999475e+01 9.567127079675638024e-01
6.478390000000000271e+01 9.567649688787037698e-01
6.480629999999999313e+01 9.567824110870326582e-01
6.482869999999999777e+01 9.568172269353675263e-01
6.485120000000000573e+01 9.568520732645474647e-01
6.487359999999999616e+01 9.568869224363412140e-01
6.489600000000000080e+01 9.569217344871355779e-01
6.491849999999999454e+01 9.569565770087811174e-01
6.494089999999999918e+01 9.569914223721118773e-01
6.496330000000000382e+01 9.570262306266080765e-01
6.498579999999999757e+01 9.570436680610887592e-01
6.500820000000000221e+01 9.570959108980831020e-01
6.503060000000000684e+01 9.571133112305851842e-01
6.505310000000000059e+01 9.571481508835615326e-01
6.507550000000000523e+01 9.571829534459386224e-01
6.509789999999999566e+01 9.572003880179913438e-01
6.512040000000000362e+01 9.572526223018390512e-01
6.514279999999999404e+01 9.572874210710209386e-01
6.516519999999999868e+01 9.573048537355712817e-01
6.518770000000000664e+01 9.573570823196544399e-01
6.521009999999999707e+01 9.573570823196544399e-01
6.523250000000000171e+01 9.574093080545550416e-01
6.525499999999999545e+01 9.574615309407393804e-01
6.527740000000000009e+01 9.574615309407393804e-01
6.529980000000000473e+01 9.575137509786735279e-01
6.532219999999999516e+01 9.575311437297440165e-01
6.534470000000000312e+01 9.575659681688233338e-01
6.536709999999999354e+01 9.576181825116548696e-01
6.538949999999999818e+01 9.576181825116548696e-01
6.541200000000000614e+01 9.576703940076335408e-01
6.543439999999999657e+01 9.577052089590176731e-01
6.545680000000000121e+01 9.577226026572251971e-01
6.547929999999999495e+01 9.577748084608953549e-01
6.550169999999999959e+01 9.577748084608953549e-01
6.552410000000000423e+01 9.578270114191091977e-01
6.554659999999999798e+01 9.578618206750714181e-01
6.556900000000000261e+01 9.578792115323319090e-01
6.559139999999999304e+01 9.579314088010286721e-01
6.561390000000000100e+01 9.579488290820556973e-01
6.563630000000000564e+01 9.579836032256646705e-01
6.565869999999999607e+01 9.580010225552056946e-01
6.568120000000000402e+01 9.580357948067046436e-01
6.570359999999999445e+01 9.580879835446128867e-01
6.572599999999999909e+01 9.581054009716495345e-01
6.574850000000000705e+01 9.581401694398544722e-01
6.577089999999999748e+01 9.581575859158727448e-01
6.579330000000000211e+01 9.581923524928936953e-01
6.581579999999999586e+01 9.582445327041948513e-01
6.583820000000000050e+01 9.582619472786435555e-01
6.586060000000000514e+01 9.582967100742223465e-01
6.588299999999999557e+01 9.583141236981196354e-01
6.590550000000000352e+01 9.583662972769417809e-01
6.592789999999999395e+01 9.584010562923120924e-01
6.595029999999999859e+01 9.584184680155736213e-01
6.597280000000000655e+01 9.584532251413020454e-01
6.599519999999999698e+01 9.584706359144791188e-01
6.601760000000000161e+01 9.585228009741220134e-01
6.604009999999999536e+01 9.585228009741220134e-01
6.606250000000000000e+01 9.585749631949653793e-01
6.608490000000000464e+01 9.586097146536168845e-01
6.610739999999999839e+01 9.586271225774734006e-01
6.612980000000000302e+01 9.586792791221087073e-01
6.615219999999999345e+01 9.586792791221087073e-01
6.617470000000000141e+01 9.587314328293348176e-01
6.619710000000000605e+01 9.587661786236798545e-01
6.621949999999999648e+01 9.587835836996144723e-01
6.624200000000000443e+01 9.588357317334106344e-01
6.626439999999999486e+01 9.588357317334106344e-01
6.628679999999999950e+01 9.588878769311863781e-01
6.630929999999999325e+01 9.588878769311863781e-01
6.633169999999999789e+01 9.589400192934041112e-01
6.635410000000000252e+01 9.589921588205264635e-01
6.637659999999999627e+01 9.589921588205264635e-01
6.639900000000000091e+01 9.590442955130156211e-01
6.642140000000000555e+01 9.590442955130156211e-01
6.644389999999999930e+01 9.590964293713339917e-01
6.646630000000000393e+01 9.591138278075488355e-01
6.648869999999999436e+01 9.591485603959439832e-01
6.651109999999999900e+01 9.592006885873072264e-01
6.653360000000000696e+01 9.592006885873072264e-01
6.655599999999999739e+01 9.592528139458857961e-01
6.657840000000000202e+01 9.592702095388317973e-01
6.660089999999999577e+01 9.593049364721416561e-01
6.662330000000000041e+01 9.593223311176408696e-01
6.664570000000000505e+01 9.593570561665361041e-01
6.666819999999999879e+01 9.593918133310916918e-01
6.669060000000000343e+01 9.594265657806012593e-01
6.671299999999999386e+01 9.594612870615871758e-01
6.673550000000000182e+01 9.594786788656752829e-01
6.675790000000000646e+01 9.595133982631663949e-01
6.678029999999999688e+01 9.595307891204268858e-01
6.680280000000000484e+01 9.595655066347298368e-01
6.682519999999999527e+01 9.595828965453172543e-01
6.684759999999999991e+01 9.596350011408072422e-01
6.687009999999999366e+01 9.596523598976522962e-01
6.689249999999999829e+01 9.596871029073579251e-01
6.691490000000000293e+01 9.597218147739341454e-01
6.693739999999999668e+01 9.597392018454297125e-01
6.695980000000000132e+01 9.597739118300427918e-01
6.698220000000000596e+01 9.597912979554834578e-01
6.700469999999999970e+01 9.598433912379795707e-01
6.702710000000000434e+01 9.598433912379795707e-01
6.704949999999999477e+01 9.598954816933782386e-01
6.707189999999999941e+01 9.599128357445503301e-01
6.709439999999999316e+01 9.599475693221402040e-01
6.711679999999999779e+01 9.599996541247248771e-01
6.713920000000000243e+01 9.599996541247248771e-01
6.716169999999999618e+01 9.600517361015926676e-01
6.718410000000000082e+01 9.600517361015926676e-01
6.720650000000000546e+01 9.601038152532033187e-01
6.722899999999999920e+01 9.601038152532033187e-01
6.725140000000000384e+01 9.601558915800165739e-01
6.727379999999999427e+01 9.601906194918965465e-01
