# energy(eV) alpha
0.000000000000000000e+00 4.069967239835393435e+00
2.239999999999999977e-02 4.070970400285416346e+00
4.490000000000000241e-02 4.073998854524466751e+00
6.729999999999999871e-02 4.079146152485018995e+00
8.970000000000000195e-02 4.086551113102587784e+00
1.121999999999999942e-01 4.096494436303638409e+00
1.345999999999999974e-01 4.109460629652833319e+00
1.570000000000000007e-01 4.126374526067362325e+00
1.794999999999999929e-01 4.147241766565564980e+00
2.018999999999999961e-01 4.170866769316591949e+00
2.242999999999999994e-01 4.196295493633577678e+00
2.467999999999999916e-01 4.222900143905428116e+00
2.691999999999999948e-01 4.250194921648316360e+00
2.916000000000000258e-01 4.277777085220495934e+00
3.140000000000000013e-01 4.305305485383271069e+00
3.365000000000000213e-01 4.332459732770301386e+00
3.588999999999999968e-01 4.358961611684776472e+00
3.812999999999999723e-01 4.384532927577020622e+00
4.037999999999999923e-01 4.408897864807849842e+00
4.262000000000000233e-01 4.431779646771189185e+00
4.485999999999999988e-01 4.452873823159457345e+00
4.711000000000000187e-01 4.471843406853444058e+00
4.934999999999999942e-01 4.488271688056761022e+00
5.159000000000000252e-01 4.501604073552315732e+00
5.383999999999999897e-01 4.510975861245104745e+00
5.607999999999999652e-01 4.515730013335171655e+00
5.832000000000000517e-01 4.515526773129544758e+00
6.057000000000000162e-01 4.509045954337787876e+00
6.280999999999999917e-01 4.495503457139271575e+00
6.504999999999999671e-01 4.476538623231191671e+00
6.730000000000000426e-01 4.453521661687121380e+00
6.954000000000000181e-01 4.427480145614572038e+00
7.177999999999999936e-01 4.399035604474189398e+00
7.402999999999999581e-01 4.368411801012898721e+00
7.627000000000000446e-01 4.335698123084254618e+00
7.851000000000000201e-01 4.300827247671530351e+00
8.075999999999999845e-01 4.263731123764505249e+00
8.299999999999999600e-01 4.224315402217754034e+00
8.524000000000000465e-01 4.182446977657674481e+00
8.749000000000000110e-01 4.137889484880343360e+00
8.972999999999999865e-01 4.090213976388137773e+00
9.196999999999999620e-01 4.038610600177572785e+00
9.421000000000000485e-01 3.981130838484046919e+00
9.646000000000000130e-01 3.912685844541095914e+00
9.869999999999999885e-01 3.831683182314950198e+00
1.009400000000000075e+00 3.761126046139630752e+00
1.031900000000000039e+00 3.700240368167708294e+00
1.054300000000000015e+00 3.645775263226321172e+00
1.076699999999999990e+00 3.596204957679194791e+00
1.099199999999999955e+00 3.550610819981709021e+00
1.121599999999999930e+00 3.508388934830525940e+00
1.143999999999999906e+00 3.468966638634462196e+00
1.166500000000000092e+00 3.431844819128802904e+00
1.188900000000000068e+00 3.396576439877256437e+00
1.211300000000000043e+00 3.362711484763617698e+00
1.233800000000000008e+00 3.329825717484959480e+00
1.256199999999999983e+00 3.297400849210038398e+00
1.278599999999999959e+00 3.263665199234837999e+00
1.301099999999999923e+00 3.225051414120969184e+00
1.323499999999999899e+00 3.181522287326467247e+00
1.345900000000000096e+00 3.140237984567182838e+00
1.368400000000000061e+00 3.102192096797211196e+00
1.390800000000000036e+00 3.064786403162643502e+00
1.413200000000000012e+00 3.024570861398260480e+00
1.435699999999999976e+00 2.983775585570910494e+00
1.458099999999999952e+00 2.941630978100023164e+00
1.480499999999999927e+00 2.895910361421781598e+00
1.502999999999999892e+00 2.841336913816699283e+00
1.525400000000000089e+00 2.764321442157337216e+00
1.547800000000000065e+00 2.652409374584892898e+00
1.570200000000000040e+00 2.554381411267263147e+00
1.592700000000000005e+00 2.537628117751854706e+00
1.615099999999999980e+00 2.565262297625436894e+00
1.637499999999999956e+00 2.591051255038335555e+00
1.659999999999999920e+00 2.612614631165171897e+00
1.682399999999999896e+00 2.630563610520192608e+00
1.704800000000000093e+00 2.644610946452516931e+00
1.727300000000000058e+00 2.653006087660908729e+00
1.749700000000000033e+00 2.653584749472218007e+00
1.772100000000000009e+00 2.649163573856700982e+00
1.794599999999999973e+00 2.643414667273009666e+00
1.816999999999999948e+00 2.638547276415417642e+00
1.839399999999999924e+00 2.634173869395364243e+00
1.861900000000000110e+00 2.628867474193874454e+00
1.884300000000000086e+00 2.621093619597359758e+00
1.906700000000000061e+00 2.610543033832272375e+00
1.929200000000000026e+00 2.597163709018574629e+00
1.951600000000000001e+00 2.580751657777457631e+00
1.973999999999999977e+00 2.559436283657491984e+00
1.996499999999999941e+00 2.534566598299646589e+00
2.018899999999999917e+00 2.526583904923365598e+00
2.041300000000000114e+00 2.518410471637470227e+00
2.063800000000000079e+00 2.510446792810951955e+00
2.086199999999999832e+00 2.502494161895609803e+00
2.108600000000000030e+00 2.494681692740845502e+00
2.130999999999999783e+00 2.487474108264170702e+00
2.153500000000000192e+00 2.482510780627791291e+00
2.175899999999999945e+00 2.482336729715765244e+00
2.198300000000000143e+00 2.487502638588973358e+00
2.220800000000000107e+00 2.496007337179417807e+00
2.243199999999999861e+00 2.506663367741605253e+00
2.265600000000000058e+00 2.519348503462551125e+00
2.288100000000000023e+00 2.534983832060987652e+00
2.310500000000000220e+00 2.555616969254373316e+00
2.332899999999999974e+00 2.587678791439663506e+00
2.355399999999999938e+00 2.623667641032373155e+00
2.377800000000000136e+00 2.626008125330397291e+00
2.400199999999999889e+00 2.618968781686932701e+00
2.422699999999999854e+00 2.634768039961569830e+00
2.445100000000000051e+00 2.642667122731509277e+00
2.467499999999999805e+00 2.651553972628192479e+00
2.490000000000000213e+00 2.666590347138657613e+00
2.512399999999999967e+00 2.685925056420335633e+00
2.534800000000000164e+00 2.705619413986716015e+00
2.557300000000000129e+00 2.723997880287791773e+00
2.579699999999999882e+00 2.740684209428084550e+00
2.602100000000000080e+00 2.756519264500269184e+00
2.624600000000000044e+00 2.771301878188826340e+00
2.646999999999999797e+00 2.783993462871707347e+00
2.669399999999999995e+00 2.794810393475201327e+00
2.691899999999999959e+00 2.792688536554855716e+00
2.714300000000000157e+00 2.770479898922321382e+00
2.736699999999999910e+00 2.760537051662111718e+00
2.759100000000000108e+00 2.743472807622833631e+00
2.781600000000000072e+00 2.715968074782533215e+00
2.803999999999999826e+00 2.671601083498379658e+00
2.826400000000000023e+00 2.633378696842345601e+00
2.848899999999999988e+00 2.621045936271355625e+00
2.871300000000000185e+00 2.612515194736378277e+00
2.893699999999999939e+00 2.608987967727678381e+00
2.916199999999999903e+00 2.607378609441076023e+00
2.938600000000000101e+00 2.607348404918201634e+00
2.960999999999999854e+00 2.608484456389261297e+00
2.983499999999999819e+00 2.609289699084080816e+00
3.005900000000000016e+00 2.610977860148613328e+00
3.028300000000000214e+00 2.614119910539455027e+00
3.050800000000000178e+00 2.617343403032054372e+00
3.073199999999999932e+00 2.620726043902803948e+00
3.095600000000000129e+00 2.625149367013722923e+00
3.118100000000000094e+00 2.631932405435473132e+00
3.140499999999999847e+00 2.642274909763891788e+00
3.162900000000000045e+00 2.656969822835462125e+00
3.185400000000000009e+00 2.664433561570847875e+00
3.207800000000000207e+00 2.645453057764465044e+00
3.230199999999999960e+00 2.623016179314486163e+00
3.252699999999999925e+00 2.613867988264703346e+00
3.275100000000000122e+00 2.621850597943764960e+00
3.297499999999999876e+00 2.636385273816184593e+00
3.319900000000000073e+00 2.663933423875743500e+00
3.342400000000000038e+00 2.699307989618948245e+00
3.364799999999999791e+00 2.734432200078125152e+00
3.387199999999999989e+00 2.770975738536044730e+00
3.409699999999999953e+00 2.812421834285090849e+00
3.432100000000000151e+00 2.849306900084817684e+00
3.454499999999999904e+00 2.871699473228015442e+00
3.476999999999999869e+00 2.884294064455748874e+00
3.499400000000000066e+00 2.895202491411519308e+00
3.521799999999999820e+00 2.901600592748812435e+00
3.544299999999999784e+00 2.907815444587824594e+00
3.566699999999999982e+00 2.920889749345136899e+00
3.589100000000000179e+00 2.932282355739381341e+00
3.611600000000000144e+00 2.941768178574910575e+00
3.633999999999999897e+00 2.941645724846408516e+00
3.656400000000000095e+00 2.935327738346366733e+00
3.678900000000000059e+00 2.926007664788916163e+00
3.701299999999999812e+00 2.920332577260460027e+00
3.723700000000000010e+00 2.920537341586354696e+00
3.746199999999999974e+00 2.921988221450527057e+00
3.768600000000000172e+00 2.915516928417896114e+00
3.790999999999999925e+00 2.899270700371291198e+00
3.813499999999999890e+00 2.887115656376495032e+00
3.835900000000000087e+00 2.885570643992722673e+00
3.858299999999999841e+00 2.893825466035508498e+00
3.880799999999999805e+00 2.898194305424068862e+00
3.903200000000000003e+00 2.902752226794763857e+00
3.925600000000000200e+00 2.909170031918780985e+00
3.947999999999999954e+00 2.916499290340293093e+00
3.970499999999999918e+00 2.921699116099665261e+00
3.992900000000000116e+00 2.925014650270123973e+00
4.015299999999999869e+00 2.933710182289981816e+00
4.037799999999999834e+00 2.937229264120580385e+00
4.060200000000000031e+00 2.938577687132021499e+00
4.082600000000000229e+00 2.923244885244459912e+00
4.105100000000000193e+00 2.901005724233004290e+00
4.127500000000000391e+00 2.866225076943531569e+00
4.149899999999999700e+00 2.801813703823226032e+00
4.172399999999999665e+00 2.756729684988168838e+00
4.194799999999999862e+00 2.735169898729014726e+00
4.217200000000000060e+00 2.727034314251993052e+00
4.239700000000000024e+00 2.732324148763642491e+00
4.262100000000000222e+00 2.742640010021788921e+00
4.284500000000000419e+00 2.759385963508112383e+00
4.307000000000000384e+00 2.787440081054910479e+00
4.329399999999999693e+00 2.819983024844770370e+00
4.351799999999999891e+00 2.842675665593885626e+00
4.374299999999999855e+00 2.866181919132352540e+00
4.396700000000000053e+00 2.886842023852266514e+00
4.419100000000000250e+00 2.892048611177857165e+00
4.441600000000000215e+00 2.870121085110568959e+00
4.464000000000000412e+00 2.855924459857462683e+00
4.486399999999999721e+00 2.836265499742187668e+00
4.508899999999999686e+00 2.816853204149610601e+00
4.531299999999999883e+00 2.797142720206315936e+00
4.553700000000000081e+00 2.769195549387046373e+00
4.576100000000000279e+00 2.721248921711013402e+00
4.598600000000000243e+00 2.690106516016552263e+00
4.621000000000000441e+00 2.649009431733221120e+00
4.643399999999999750e+00 2.622216781402772590e+00
4.665899999999999714e+00 2.624662410354937858e+00
4.688299999999999912e+00 2.639804598087267973e+00
4.710700000000000109e+00 2.661118810593008366e+00
4.733200000000000074e+00 2.671685860777845978e+00
4.755600000000000271e+00 2.681102292672778553e+00
4.777999999999999581e+00 2.704821687562321664e+00
4.800500000000000433e+00 2.726075605999712881e+00
4.822899999999999743e+00 2.736801871389848095e+00
4.845299999999999940e+00 2.738617772446848786e+00
4.867799999999999905e+00 2.747957079066331687e+00
4.890200000000000102e+00 2.754636751955032548e+00
4.912600000000000300e+00 2.710055475841197214e+00
4.935100000000000264e+00 2.676141297025526278e+00
4.957499999999999574e+00 2.656171775230854681e+00
4.979899999999999771e+00 2.646015791032924724e+00
5.002399999999999736e+00 2.645483704509540068e+00
5.024799999999999933e+00 2.650148827045635258e+00
5.047200000000000131e+00 2.638454699499184208e+00
5.069700000000000095e+00 2.641986750760404234e+00
5.092100000000000293e+00 2.649910212613886262e+00
5.114499999999999602e+00 2.655257332612828147e+00
5.136899999999999800e+00 2.629806882604369900e+00
5.159399999999999764e+00 2.614342340788537999e+00
5.181799999999999962e+00 2.599622058824679893e+00
5.204200000000000159e+00 2.586746737874342283e+00
5.226700000000000124e+00 2.571797551346368227e+00
5.249100000000000321e+00 2.540685160378208796e+00
5.271499999999999631e+00 2.498965067589504763e+00
5.293999999999999595e+00 2.468046211861704808e+00
5.316399999999999793e+00 2.444804782674624200e+00
5.338799999999999990e+00 2.412130611508901179e+00
5.361299999999999955e+00 2.402230040937907152e+00
5.383700000000000152e+00 2.391534144176755028e+00
5.406100000000000350e+00 2.387304716384706094e+00
5.428600000000000314e+00 2.394516183123002850e+00
5.450999999999999623e+00 2.395978571816890668e+00
5.473399999999999821e+00 2.397400830634205615e+00
5.495899999999999785e+00 2.398190292291987991e+00
5.518299999999999983e+00 2.392101236474386106e+00
5.540700000000000180e+00 2.397335663397932581e+00
5.563200000000000145e+00 2.406396102656200409e+00
5.585600000000000342e+00 2.414308406141906893e+00
5.607999999999999652e+00 2.407092693982838316e+00
5.630499999999999616e+00 2.391178280705730685e+00
5.652899999999999814e+00 2.383432619987818413e+00
5.675300000000000011e+00 2.357840524486839673e+00
5.697799999999999976e+00 2.352670398009939934e+00
5.720200000000000173e+00 2.351389643883563085e+00
5.742600000000000371e+00 2.355137343645115067e+00
5.764999999999999680e+00 2.355339276768410262e+00
5.787499999999999645e+00 2.353797235650211039e+00
5.809899999999999842e+00 2.358179277089917925e+00
5.832300000000000040e+00 2.368486599457526154e+00
5.854800000000000004e+00 2.381528231631949932e+00
5.877200000000000202e+00 2.380654921966428361e+00
5.899600000000000399e+00 2.350451161950896317e+00
5.922100000000000364e+00 2.319090992659262440e+00
5.944499999999999673e+00 2.290707408330377781e+00
5.966899999999999871e+00 2.262203610297394363e+00
5.989399999999999835e+00 2.223137766669473603e+00
6.011800000000000033e+00 2.190668024384333723e+00
6.034200000000000230e+00 2.156739805158881751e+00
6.056700000000000195e+00 2.123794840635782943e+00
6.079100000000000392e+00 2.074197405105144387e+00
6.101499999999999702e+00 2.032552822400490733e+00
6.123999999999999666e+00 2.024931843601179171e+00
6.146399999999999864e+00 1.980434811842968212e+00
6.168800000000000061e+00 1.963632026278225196e+00
6.191300000000000026e+00 1.935084067586041234e+00
6.213700000000000223e+00 1.891133814620733489e+00
6.236100000000000421e+00 1.867569259094986389e+00
6.258600000000000385e+00 1.875153119949077407e+00
6.280999999999999694e+00 1.901910537130032663e+00
6.303399999999999892e+00 1.936179300377385726e+00
6.325800000000000090e+00 1.964826078532206033e+00
6.348300000000000054e+00 1.990696710910992540e+00
6.370700000000000252e+00 2.016078687092503152e+00
6.393099999999999561e+00 2.033806260459447568e+00
6.415600000000000414e+00 2.042318360568547320e+00
6.437999999999999723e+00 2.058151481245801495e+00
6.460399999999999920e+00 2.084126168722451933e+00
6.482899999999999885e+00 2.101262382059423395e+00
6.505300000000000082e+00 2.143443495317020275e+00
6.527700000000000280e+00 2.182370523226939252e+00
6.550200000000000244e+00 2.213407764834824043e+00
6.572600000000000442e+00 2.264303835746550586e+00
6.594999999999999751e+00 2.323561234563351618e+00
6.617499999999999716e+00 2.305309823327114760e+00
6.639899999999999913e+00 2.284225444895421120e+00
6.662300000000000111e+00 2.249100241632108865e+00
6.684800000000000075e+00 2.227037499904986451e+00
6.707200000000000273e+00 2.206384369675318258e+00
6.729599999999999582e+00 2.181716010762552838e+00
6.752100000000000435e+00 2.107583137302359688e+00
6.774499999999999744e+00 2.130994200041083975e+00
6.796899999999999942e+00 2.156123509293330187e+00
6.819399999999999906e+00 2.172772688698763943e+00
6.841800000000000104e+00 2.173040925083206343e+00
6.864200000000000301e+00 2.164325949270220484e+00
6.886700000000000266e+00 2.174848599308582653e+00
6.909099999999999575e+00 2.180679020578805805e+00
6.931499999999999773e+00 2.183152202584059953e+00
6.953899999999999970e+00 2.151067540952796620e+00
6.976399999999999935e+00 2.116318287540163823e+00
6.998800000000000132e+00 2.122254685511121952e+00
7.021200000000000330e+00 2.134901969241602249e+00
7.043700000000000294e+00 2.132674003639951188e+00
7.066099999999999604e+00 2.107089435785217013e+00
7.088499999999999801e+00 2.080827963600717201e+00
7.110999999999999766e+00 2.046138052675275709e+00
7.133399999999999963e+00 2.058344442378656769e+00
7.155800000000000161e+00 2.073582160355040838e+00
7.178300000000000125e+00 2.082769644317264301e+00
7.200700000000000323e+00 2.084469164319959766e+00
7.223099999999999632e+00 2.081698392862079139e+00
7.245599999999999596e+00 2.094378040188572765e+00
7.267999999999999794e+00 2.111071231262577896e+00
7.290399999999999991e+00 2.121641028927688133e+00
7.312899999999999956e+00 2.116832400783723589e+00
7.335300000000000153e+00 2.095542186759632663e+00
7.357700000000000351e+00 2.070830210591069420e+00
7.380200000000000315e+00 2.067004255185904693e+00
7.402599999999999625e+00 2.083910501615789279e+00
7.424999999999999822e+00 2.090996943697526866e+00
7.447499999999999787e+00 2.096707930777278239e+00
7.469899999999999984e+00 2.112302814043109489e+00
7.492300000000000182e+00 2.140585776219466663e+00
7.514800000000000146e+00 2.170994571653189986e+00
7.537200000000000344e+00 2.157289901449769953e+00
7.559599999999999653e+00 2.101426328008885847e+00
7.581999999999999851e+00 2.062508635557485537e+00
7.604499999999999815e+00 2.043556778384773231e+00
7.626900000000000013e+00 2.032597110339499302e+00
7.649300000000000210e+00 2.006741190296963406e+00
7.671800000000000175e+00 1.967448758853858726e+00
7.694200000000000372e+00 1.927790248256953110e+00
7.716599999999999682e+00 1.870727694857619694e+00
7.739099999999999646e+00 1.810508337090464215e+00
7.761499999999999844e+00 1.749728856305524882e+00
7.783900000000000041e+00 1.718801509974131836e+00
7.806400000000000006e+00 1.716762478121884428e+00
7.828800000000000203e+00 1.734940797606351559e+00
7.851200000000000401e+00 1.759025385561450161e+00
7.873700000000000365e+00 1.787599164012436903e+00
7.896099999999999675e+00 1.816602567311353278e+00
7.918499999999999872e+00 1.841976505551099264e+00
7.940999999999999837e+00 1.862876178734829580e+00
7.963400000000000034e+00 1.878546132180785921e+00
7.985800000000000232e+00 1.883389437518211196e+00
8.008300000000000196e+00 1.890862806120966022e+00
8.030699999999999505e+00 1.910582773538574308e+00
8.053100000000000591e+00 1.892225878607170175e+00
8.075599999999999667e+00 1.869377880913801304e+00
8.098000000000000753e+00 1.859221726673618624e+00
8.120400000000000063e+00 1.845127170504556879e+00
8.142799999999999372e+00 1.820922262643133394e+00
8.165300000000000225e+00 1.781066935454594269e+00
8.187699999999999534e+00 1.733838093667161573e+00
8.210100000000000620e+00 1.669682490563503707e+00
8.232599999999999696e+00 1.623230022282715623e+00
8.255000000000000782e+00 1.616884496228861767e+00
8.277400000000000091e+00 1.631781839188193306e+00
8.299899999999999167e+00 1.650692624440326162e+00
8.322300000000000253e+00 1.654770623358839954e+00
8.344699999999999562e+00 1.679939366629353614e+00
8.367200000000000415e+00 1.708750240274592214e+00
8.389599999999999724e+00 1.721519909069427756e+00
8.412000000000000810e+00 1.720866733756228228e+00
8.434499999999999886e+00 1.701409415669806746e+00
8.456899999999999196e+00 1.689013282087836965e+00
8.479300000000000281e+00 1.672680795881088978e+00
8.501799999999999358e+00 1.649432159229165862e+00
8.524200000000000443e+00 1.628821796504233976e+00
8.546599999999999753e+00 1.624611415934325898e+00
8.569100000000000605e+00 1.613069308031241711e+00
8.591499999999999915e+00 1.605146235392930221e+00
8.613899999999999224e+00 1.602225510424982513e+00
8.636400000000000077e+00 1.611556615139611237e+00
8.658799999999999386e+00 1.609190424440252842e+00
8.681200000000000472e+00 1.585138091649218373e+00
8.703699999999999548e+00 1.559893373998402888e+00
8.726100000000000634e+00 1.536169259162742273e+00
8.748499999999999943e+00 1.492462106704145697e+00
8.770899999999999253e+00 1.448815266212950537e+00
8.793400000000000105e+00 1.412779997616429251e+00
8.815799999999999415e+00 1.377723684243627345e+00
8.838200000000000500e+00 1.342488862135192251e+00
8.860699999999999577e+00 1.308042472495143160e+00
8.883100000000000662e+00 1.291002022876636790e+00
8.905499999999999972e+00 1.289008580160824646e+00
8.928000000000000824e+00 1.281497394005068013e+00
8.950400000000000134e+00 1.279871519617109987e+00
8.972799999999999443e+00 1.272476315435276506e+00
8.995300000000000296e+00 1.276355505163917714e+00
9.017699999999999605e+00 1.285965505738387638e+00
9.040100000000000691e+00 1.286781087030991033e+00
9.062599999999999767e+00 1.301746224680125241e+00
9.085000000000000853e+00 1.312957462954154053e+00
9.107400000000000162e+00 1.318970534433942410e+00
9.129899999999999238e+00 1.323108434051853743e+00
9.152300000000000324e+00 1.324921362287468929e+00
9.174699999999999633e+00 1.321468491792488154e+00
9.197200000000000486e+00 1.306052805448287168e+00
9.219599999999999795e+00 1.292794906277537015e+00
9.242000000000000881e+00 1.273773877787401698e+00
9.264499999999999957e+00 1.245969310018715470e+00
9.286899999999999267e+00 1.213344515976214177e+00
9.309300000000000352e+00 1.181319596286657170e+00
9.331699999999999662e+00 1.164731760003387739e+00
9.354200000000000514e+00 1.142914444883308178e+00
9.376599999999999824e+00 1.126884072362875022e+00
9.398999999999999133e+00 1.111301943397356551e+00
9.421499999999999986e+00 1.115638099122878035e+00
9.443899999999999295e+00 1.105850261524288225e+00
9.466300000000000381e+00 1.107824387562403645e+00
9.488799999999999457e+00 1.112635192432006814e+00
9.511200000000000543e+00 1.114023474912234413e+00
9.533599999999999852e+00 1.124572249565450210e+00
9.556100000000000705e+00 1.132569579941586690e+00
9.578500000000000014e+00 1.134788798201362692e+00
9.600899999999999324e+00 1.137655254842419916e+00
9.623400000000000176e+00 1.135558942980317676e+00
9.645799999999999486e+00 1.132876291029454974e+00
9.668200000000000571e+00 1.125016141586272944e+00
9.690699999999999648e+00 1.116081088355369344e+00
9.713100000000000733e+00 1.099069269334118859e+00
9.735500000000000043e+00 1.089896818911293419e+00
9.757999999999999119e+00 1.082309126372086983e+00
9.780400000000000205e+00 1.074030138446820493e+00
9.802799999999999514e+00 1.055002956003947778e+00
9.825300000000000367e+00 1.062783994172372681e+00
9.847699999999999676e+00 1.068302348166373372e+00
9.870100000000000762e+00 1.077846482660097083e+00
9.892599999999999838e+00 1.074003694737300174e+00
9.914999999999999147e+00 1.073944849156114989e+00
9.937400000000000233e+00 1.083274309834079574e+00
9.959799999999999542e+00 1.093104855446207280e+00
9.982300000000000395e+00 1.095442079466835583e+00
1.000469999999999970e+01 1.090271527259408790e+00
1.002710000000000079e+01 1.088426168301934061e+00
1.004959999999999987e+01 1.082988425686138623e+00
1.007199999999999918e+01 1.080389816731206043e+00
1.009440000000000026e+01 1.074630832045085249e+00
1.011689999999999934e+01 1.057999297153580320e+00
1.013930000000000042e+01 1.051144714397386215e+00
1.016169999999999973e+01 1.050853398891843815e+00
1.018420000000000059e+01 1.038180603579032635e+00
1.020659999999999989e+01 1.039847502993399120e+00
1.022899999999999920e+01 1.043219695408557524e+00
1.025150000000000006e+01 1.050045618553854920e+00
1.027389999999999937e+01 1.046923024927997270e+00
1.029630000000000045e+01 1.052415128541060563e+00
1.031879999999999953e+01 1.066019329723154829e+00
1.034120000000000061e+01 1.064417868563327429e+00
1.036359999999999992e+01 1.068036113019935174e+00
1.038610000000000078e+01 1.055318108419160961e+00
1.040850000000000009e+01 1.036091504766619042e+00
1.043089999999999939e+01 1.019770156161698305e+00
1.045340000000000025e+01 1.004620951190549061e+00
1.047579999999999956e+01 1.004707310221153227e+00
1.049820000000000064e+01 1.005657063069485879e+00
1.052069999999999972e+01 9.739950992689249132e-01
1.054310000000000080e+01 9.579676869740604284e-01
1.056550000000000011e+01 9.382530310288946795e-01
1.058789999999999942e+01 9.149602057263369614e-01
1.061040000000000028e+01 9.037015047948738777e-01
1.063279999999999959e+01 8.897702677064996957e-01
1.065520000000000067e+01 8.777831298668131721e-01
1.067769999999999975e+01 8.706125769234397405e-01
1.070010000000000083e+01 8.535139042154277211e-01
1.072250000000000014e+01 8.453347379420417251e-01
1.074499999999999922e+01 8.448406982888406747e-01
1.076740000000000030e+01 8.423550548694518358e-01
1.078979999999999961e+01 8.345191108160326943e-01
1.081230000000000047e+01 8.388964026479787117e-01
1.083469999999999978e+01 8.489048399419897306e-01
1.085710000000000086e+01 8.712859526010729994e-01
1.087959999999999994e+01 8.671166199431320498e-01
1.090199999999999925e+01 8.643276933041637022e-01
1.092440000000000033e+01 8.683182641440602145e-01
1.094689999999999941e+01 8.677624950459418285e-01
1.096930000000000049e+01 8.563212944963503048e-01
1.099169999999999980e+01 8.581878887431259040e-01
1.101420000000000066e+01 8.586554189785760016e-01
1.103659999999999997e+01 8.492451465712725911e-01
1.105899999999999928e+01 8.466628604591638352e-01
1.108150000000000013e+01 8.442290868909001489e-01
1.110389999999999944e+01 8.399377130816872983e-01
1.112630000000000052e+01 8.322186065004224531e-01
1.114869999999999983e+01 8.211142982002448409e-01
1.117120000000000068e+01 8.114686326113007553e-01
1.119359999999999999e+01 8.094554233555324441e-01
1.121599999999999930e+01 8.084522493166621526e-01
1.123850000000000016e+01 8.160868592551508982e-01
1.126089999999999947e+01 8.115996857746886617e-01
1.128330000000000055e+01 8.052752339245468072e-01
1.130579999999999963e+01 8.009296217671786344e-01
1.132820000000000071e+01 7.954101196546405905e-01
1.135060000000000002e+01 7.935339853079995676e-01
1.137310000000000088e+01 7.820097754522744582e-01
1.139550000000000018e+01 7.669479774660004079e-01
1.141789999999999949e+01 7.542320347407482917e-01
1.144040000000000035e+01 7.519762673028432820e-01
1.146279999999999966e+01 7.554734559997540178e-01
1.148520000000000074e+01 7.640830370020057494e-01
1.150769999999999982e+01 7.651363796150913998e-01
1.153009999999999913e+01 7.680748793285272491e-01
1.155250000000000021e+01 7.628539587056215598e-01
1.157499999999999929e+01 7.542104204697486214e-01
1.159740000000000038e+01 7.374465128608057585e-01
1.161979999999999968e+01 7.218698083449328617e-01
1.164230000000000054e+01 7.117019367480560410e-01
1.166469999999999985e+01 7.064246658206689844e-01
1.168709999999999916e+01 7.037833489670163312e-01
1.170960000000000001e+01 6.871036867568649509e-01
1.173199999999999932e+01 6.701488402270121547e-01
1.175440000000000040e+01 6.612801347736720903e-01
1.177679999999999971e+01 6.614668492364678132e-01
1.179930000000000057e+01 6.624651767384640566e-01
1.182169999999999987e+01 6.663654667770518847e-01
1.184409999999999918e+01 6.748983496497403811e-01
1.186660000000000004e+01 6.805686557749133225e-01
1.188899999999999935e+01 6.900605930858050296e-01
1.191140000000000043e+01 6.963093357848592069e-01
1.193389999999999951e+01 6.901318232739466207e-01
1.195630000000000059e+01 6.867539117242205116e-01
1.197869999999999990e+01 6.818102294631569471e-01
1.200120000000000076e+01 6.781430145548219546e-01
1.202360000000000007e+01 6.752085774546343622e-01
1.204599999999999937e+01 6.760456951011315496e-01
1.206850000000000023e+01 6.773019749819282342e-01
1.209089999999999954e+01 6.818590235110332243e-01
1.211330000000000062e+01 6.868316110147715259e-01
1.213579999999999970e+01 6.888963982941707087e-01
1.215820000000000078e+01 6.864877545906632461e-01
1.218060000000000009e+01 6.859897734544784242e-01
1.220309999999999917e+01 6.896019962854734731e-01
1.222550000000000026e+01 6.931972339504481884e-01
1.224789999999999957e+01 6.829922519841603590e-01
1.227040000000000042e+01 6.777746768367352015e-01
1.229279999999999973e+01 6.689010082172540672e-01
1.231520000000000081e+01 6.647441366914200733e-01
1.233760000000000012e+01 6.642667402743051008e-01
1.236009999999999920e+01 6.597189613196019486e-01
1.238250000000000028e+01 6.502024835042988782e-01
1.240489999999999959e+01 6.400828890227086010e-01
1.242740000000000045e+01 6.321142447919332330e-01
1.244979999999999976e+01 6.265179956030585418e-01
1.247220000000000084e+01 6.202472797424476436e-01
1.249469999999999992e+01 6.114236254903746559e-01
1.251709999999999923e+01 6.028822574541076174e-01
1.253950000000000031e+01 5.886132144751420325e-01
1.256199999999999939e+01 5.809635987969556936e-01
1.258440000000000047e+01 5.705677471599083228e-01
1.260679999999999978e+01 5.617670478267990930e-01
1.262930000000000064e+01 5.583136031558132428e-01
1.265169999999999995e+01 5.568559434666897623e-01
1.267409999999999926e+01 5.572426957311060747e-01
1.269660000000000011e+01 5.569588324202034979e-01
1.271899999999999942e+01 5.554380678638438651e-01
1.274140000000000050e+01 5.561796748418457170e-01
1.276389999999999958e+01 5.550517840269882930e-01
1.278630000000000067e+01 5.560843809916544700e-01
1.280869999999999997e+01 5.553618216345341807e-01
1.283120000000000083e+01 5.544738126597346106e-01
1.285360000000000014e+01 5.490524594718106943e-01
1.287599999999999945e+01 5.401842676207517790e-01
1.289850000000000030e+01 5.329275999114161388e-01
1.292089999999999961e+01 5.297727901061684008e-01
1.294330000000000069e+01 5.266875730851007242e-01
1.296570000000000000e+01 5.241678733091753584e-01
1.298820000000000086e+01 5.202254211636129222e-01
1.301060000000000016e+01 5.212962389319218959e-01
1.303299999999999947e+01 5.241192366395989177e-01
1.305550000000000033e+01 5.270483541845916164e-01
1.307789999999999964e+01 5.313788227073121817e-01
1.310030000000000072e+01 5.357942951157952383e-01
1.312279999999999980e+01 5.388597361132776431e-01
1.314520000000000088e+01 5.405240613769545233e-01
1.316760000000000019e+01 5.399021639217407298e-01
1.319009999999999927e+01 5.262826497490041833e-01
1.321250000000000036e+01 5.194118440890070909e-01
1.323489999999999966e+01 5.158530842425113061e-01
1.325740000000000052e+01 5.180152400537405555e-01
1.327979999999999983e+01 5.201436503588934279e-01
1.330219999999999914e+01 5.183052604759010862e-01
1.332469999999999999e+01 5.200127808873182822e-01
1.334709999999999930e+01 5.232357739881897674e-01
1.336950000000000038e+01 5.282321628818410497e-01
1.339199999999999946e+01 5.302721642263279467e-01
1.341440000000000055e+01 5.293253746667035964e-01
1.343679999999999986e+01 5.309354713718758001e-01
1.345930000000000071e+01 5.324021851640173830e-01
1.348170000000000002e+01 5.282054584639253036e-01
1.350409999999999933e+01 5.291681889783133030e-01
1.352660000000000018e+01 5.330371116511948282e-01
1.354899999999999949e+01 5.298611672695282548e-01
1.357140000000000057e+01 5.220624499979144018e-01
1.359379999999999988e+01 5.156920609609421113e-01
1.361630000000000074e+01 5.111578716892722918e-01
1.363870000000000005e+01 5.063209155612123924e-01
1.366109999999999935e+01 5.006254304873832828e-01
1.368360000000000021e+01 4.979419064801314798e-01
1.370599999999999952e+01 4.960445035219471777e-01
1.372840000000000060e+01 4.934560563110626519e-01
1.375089999999999968e+01 4.934736373419996158e-01
1.377330000000000076e+01 4.954828630517298382e-01
1.379570000000000007e+01 4.962037441340648725e-01
1.381819999999999915e+01 4.952608537041857661e-01
1.384060000000000024e+01 4.959815179935700979e-01
1.386299999999999955e+01 4.990969886389836629e-01
1.388550000000000040e+01 5.089585539296377359e-01
1.390789999999999971e+01 5.106516512200161007e-01
1.393030000000000079e+01 5.132253106696529343e-01
1.395279999999999987e+01 5.161693011565021694e-01
1.397519999999999918e+01 5.194373938764580423e-01
1.399760000000000026e+01 5.168580164581032532e-01
1.402009999999999934e+01 5.124730790073444009e-01
1.404250000000000043e+01 5.049594697410900723e-01
1.406489999999999974e+01 4.974011730844222767e-01
1.408740000000000059e+01 4.912578426252401376e-01
1.410979999999999990e+01 4.886288763142822567e-01
1.413219999999999921e+01 4.848022249400986694e-01
1.415460000000000029e+01 4.812046661542867532e-01
1.417709999999999937e+01 4.771559171087842999e-01
1.419950000000000045e+01 4.734010126827842280e-01
1.422189999999999976e+01 4.710856621772482322e-01
1.424440000000000062e+01 4.684589417872890849e-01
1.426679999999999993e+01 4.657864874074630901e-01
1.428919999999999924e+01 4.670523076274167851e-01
1.431170000000000009e+01 4.668217900102782369e-01
1.433409999999999940e+01 4.630041820068892533e-01
1.435650000000000048e+01 4.605556918719295734e-01
1.437899999999999956e+01 4.538346700240800113e-01
1.440140000000000065e+01 4.473382326302393630e-01
1.442379999999999995e+01 4.406241629564290885e-01
1.444630000000000081e+01 4.353108847607055076e-01
1.446870000000000012e+01 4.338881410528073745e-01
1.449109999999999943e+01 4.324153763917509274e-01
1.451360000000000028e+01 4.343057365371102985e-01
1.453599999999999959e+01 4.355722319854039570e-01
1.455840000000000067e+01 4.364987305084148672e-01
1.458089999999999975e+01 4.365056187819369438e-01
1.460330000000000084e+01 4.391688026143142909e-01
1.462570000000000014e+01 4.392906226290864691e-01
1.464819999999999922e+01 4.359191005083844495e-01
1.467060000000000031e+01 4.328678722753098174e-01
1.469299999999999962e+01 4.329247336182534545e-01
1.471550000000000047e+01 4.330286912363210949e-01
1.473789999999999978e+01 4.333926856646928005e-01
1.476030000000000086e+01 4.345763102356405838e-01
1.478270000000000017e+01 4.353687151768796948e-01
1.480519999999999925e+01 4.361374228580313095e-01
1.482760000000000034e+01 4.383461736229530836e-01
1.484999999999999964e+01 4.406908024650451616e-01
1.487250000000000050e+01 4.421315213103048647e-01
1.489489999999999981e+01 4.433284262434051270e-01
1.491729999999999912e+01 4.443220276498746069e-01
1.493979999999999997e+01 4.433086232462442045e-01
1.496219999999999928e+01 4.408948853469216167e-01
1.498460000000000036e+01 4.394065880811082736e-01
1.500709999999999944e+01 4.382629050197299758e-01
1.502950000000000053e+01 4.376766489961551598e-01
1.505189999999999984e+01 4.388996758827869993e-01
1.507440000000000069e+01 4.434173412625406763e-01
1.509680000000000000e+01 4.480721475645105811e-01
1.511919999999999931e+01 4.547789721125659046e-01
1.514170000000000016e+01 4.600342392491668653e-01
1.516409999999999947e+01 4.635461304088884793e-01
1.518650000000000055e+01 4.655687408418769935e-01
1.520899999999999963e+01 4.673876978555906447e-01
1.523140000000000072e+01 4.680669391754878617e-01
1.525380000000000003e+01 4.643869738556490878e-01
1.527630000000000088e+01 4.608257561449787820e-01
1.529870000000000019e+01 4.606110317566270429e-01
1.532109999999999950e+01 4.568607705157347043e-01
1.534350000000000058e+01 4.534711341365310067e-01
1.536599999999999966e+01 4.536308463474463815e-01
1.538840000000000074e+01 4.548966825007589865e-01
1.541080000000000005e+01 4.577829509826412679e-01
1.543329999999999913e+01 4.583744311135782290e-01
1.545570000000000022e+01 4.593690040318578194e-01
1.547809999999999953e+01 4.632384510986868875e-01
1.550060000000000038e+01 4.639132566104289257e-01
1.552299999999999969e+01 4.665168451607838440e-01
1.554540000000000077e+01 4.676849350713301323e-01
1.556789999999999985e+01 4.688282629731791440e-01
1.559029999999999916e+01 4.635856076568956596e-01
1.561270000000000024e+01 4.595607788659215043e-01
1.563519999999999932e+01 4.561017141803114239e-01
1.565760000000000041e+01 4.548843008403552490e-01
1.567999999999999972e+01 4.573347457451886755e-01
1.570250000000000057e+01 4.628067599804340237e-01
1.572489999999999988e+01 4.634209647513915509e-01
1.574729999999999919e+01 4.651577841084966192e-01
1.576980000000000004e+01 4.695951082636737883e-01
1.579219999999999935e+01 4.705502651088244170e-01
1.581460000000000043e+01 4.714519559241113766e-01
1.583709999999999951e+01 4.715643654483214764e-01
1.585950000000000060e+01 4.723704954557452762e-01
1.588189999999999991e+01 4.726310809257815992e-01
1.590440000000000076e+01 4.744032193595357771e-01
1.592680000000000007e+01 4.733033826936203781e-01
1.594919999999999938e+01 4.702377905074450748e-01
1.597160000000000046e+01 4.683827297684826085e-01
1.599409999999999954e+01 4.607827472420338299e-01
1.601650000000000063e+01 4.527236390349294037e-01
1.603890000000000171e+01 4.459582767717437113e-01
1.606139999999999901e+01 4.419449048259838086e-01
1.608380000000000010e+01 4.399119301445071351e-01
1.610620000000000118e+01 4.393055147896251511e-01
1.612869999999999848e+01 4.402213868408213493e-01
1.615109999999999957e+01 4.438036926605673504e-01
1.617350000000000065e+01 4.471703425493253614e-01
1.619600000000000151e+01 4.513485959758679611e-01
1.621839999999999904e+01 4.565639329953433134e-01
1.624080000000000013e+01 4.625634247228370688e-01
1.626330000000000098e+01 4.687430473040440915e-01
1.628569999999999851e+01 4.723863075577170445e-01
1.630809999999999960e+01 4.757672908752720864e-01
1.633060000000000045e+01 4.782534231200653574e-01
1.635300000000000153e+01 4.800023100717284996e-01
1.637539999999999907e+01 4.812614456679085717e-01
1.639789999999999992e+01 4.842530801349281266e-01
1.642030000000000101e+01 4.862944933491460953e-01
1.644269999999999854e+01 4.875968505418440402e-01
1.646519999999999939e+01 4.883907013867134772e-01
1.648760000000000048e+01 4.871805280100922619e-01
1.651000000000000156e+01 4.869991825466569724e-01
1.653249999999999886e+01 4.865361694291549521e-01
1.655489999999999995e+01 4.829406971942449278e-01
1.657730000000000103e+01 4.783200393603801448e-01
1.659969999999999857e+01 4.754485576997080631e-01
1.662219999999999942e+01 4.737520849400961853e-01
1.664460000000000051e+01 4.728277503775683566e-01
1.666700000000000159e+01 4.738069022069670289e-01
1.668949999999999889e+01 4.766859593355323166e-01
1.671189999999999998e+01 4.798786287261700978e-01
1.673430000000000106e+01 4.816172856708433869e-01
1.675679999999999836e+01 4.772795396284992830e-01
1.677919999999999945e+01 4.713887577993844946e-01
1.680160000000000053e+01 4.646746381341222976e-01
1.682410000000000139e+01 4.587175652851014362e-01
1.684649999999999892e+01 4.549184793646556813e-01
1.686890000000000001e+01 4.518409546256511033e-01
1.689140000000000086e+01 4.496116116749228619e-01
1.691379999999999839e+01 4.494350459735270698e-01
1.693619999999999948e+01 4.488073062787755196e-01
1.695870000000000033e+01 4.483240751011256520e-01
1.698110000000000142e+01 4.475460156787740007e-01
1.700349999999999895e+01 4.475086817175832898e-01
1.702599999999999980e+01 4.510429986826296478e-01
1.704840000000000089e+01 4.549173143520199303e-01
1.707079999999999842e+01 4.584678859401719042e-01
1.709329999999999927e+01 4.601502531339566882e-01
1.711570000000000036e+01 4.603119794697013711e-01
1.713810000000000144e+01 4.595424969753717503e-01
1.716049999999999898e+01 4.591219048793322988e-01
1.718299999999999983e+01 4.586544935716554416e-01
1.720540000000000092e+01 4.566198367954833470e-01
1.722779999999999845e+01 4.568918745382838931e-01
1.725029999999999930e+01 4.543866096647715125e-01
1.727270000000000039e+01 4.524593530293110066e-01
1.729510000000000147e+01 4.493965659217618036e-01
1.731759999999999877e+01 4.469067301608279363e-01
1.733999999999999986e+01 4.460389957449633624e-01
1.736240000000000094e+01 4.459161299237356380e-01
1.738489999999999824e+01 4.469651919752061775e-01
1.740729999999999933e+01 4.483975520472203158e-01
1.742970000000000041e+01 4.511402811231542409e-01
1.745220000000000127e+01 4.532134131271497446e-01
1.747459999999999880e+01 4.518962871074485577e-01
1.749699999999999989e+01 4.520436880658882939e-01
1.751950000000000074e+01 4.533260619117290280e-01
1.754189999999999827e+01 4.564289484293350130e-01
1.756429999999999936e+01 4.598069631944444180e-01
1.758680000000000021e+01 4.618775047795860011e-01
1.760920000000000130e+01 4.668350591112555570e-01
1.763159999999999883e+01 4.699075001403414387e-01
1.765409999999999968e+01 4.701772736190011348e-01
1.767650000000000077e+01 4.733952783551924060e-01
1.769889999999999830e+01 4.752448842595967116e-01
1.772139999999999915e+01 4.774765367936505411e-01
1.774380000000000024e+01 4.808397709713030932e-01
1.776620000000000132e+01 4.846281815320647168e-01
1.778859999999999886e+01 4.881396739202404356e-01
1.781109999999999971e+01 4.887326118184912582e-01
1.783350000000000080e+01 4.879303576442046708e-01
1.785589999999999833e+01 4.878250329769863725e-01
1.787839999999999918e+01 4.851897564987810996e-01
1.790080000000000027e+01 4.807204585134884911e-01
1.792320000000000135e+01 4.765260418361212391e-01
1.794569999999999865e+01 4.746355814641333160e-01
1.796809999999999974e+01 4.734804410961137577e-01
1.799050000000000082e+01 4.721670728648710846e-01
1.801300000000000168e+01 4.702002660875230222e-01
1.803539999999999921e+01 4.685998514040942142e-01
1.805780000000000030e+01 4.678371257838129238e-01
1.808030000000000115e+01 4.681695046011074557e-01
1.810269999999999868e+01 4.692791505697991861e-01
1.812509999999999977e+01 4.706912533510971275e-01
1.814760000000000062e+01 4.693520549577688272e-01
1.817000000000000171e+01 4.716556908982435514e-01
1.819239999999999924e+01 4.728854595050439036e-01
1.821490000000000009e+01 4.745825544860887146e-01
1.823730000000000118e+01 4.774850378595930644e-01
1.825969999999999871e+01 4.781406058052264929e-01
1.828219999999999956e+01 4.786488202303122996e-01
1.830460000000000065e+01 4.779827478659083306e-01
1.832700000000000173e+01 4.768838001799337589e-01
1.834939999999999927e+01 4.740537132856875169e-01
1.837190000000000012e+01 4.723219962610163414e-01
1.839430000000000121e+01 4.710651273186376997e-01
1.841669999999999874e+01 4.678708170912972419e-01
1.843919999999999959e+01 4.663877409538512708e-01
1.846160000000000068e+01 4.677223518910229583e-01
1.848400000000000176e+01 4.681822555578158407e-01
1.850649999999999906e+01 4.679880975080137340e-01
1.852890000000000015e+01 4.660499098069253998e-01
1.855130000000000123e+01 4.631502008621801725e-01
1.857379999999999853e+01 4.600430451547279365e-01
1.859619999999999962e+01 4.539931828207777187e-01
1.861860000000000070e+01 4.505624836923833865e-01
1.864110000000000156e+01 4.477328939485282766e-01
1.866349999999999909e+01 4.462707344949872756e-01
1.868590000000000018e+01 4.459766970436281897e-01
1.870840000000000103e+01 4.459179863403305855e-01
1.873079999999999856e+01 4.461991681015628486e-01
1.875319999999999965e+01 4.476326785890186732e-01
1.877570000000000050e+01 4.500177531513709916e-01
1.879810000000000159e+01 4.537061357506667059e-01
1.882049999999999912e+01 4.583342817227661903e-01
1.884299999999999997e+01 4.638127746503697413e-01
1.886540000000000106e+01 4.656643365164950255e-01
1.888779999999999859e+01 4.671296549560319256e-01
1.891029999999999944e+01 4.690805657351785340e-01
1.893270000000000053e+01 4.720880635708360473e-01
1.895510000000000161e+01 4.710016602183933476e-01
1.897749999999999915e+01 4.708375007306416227e-01
1.900000000000000000e+01 4.721309049904670041e-01
1.902240000000000109e+01 4.758134843577773165e-01
1.904479999999999862e+01 4.791071919251852496e-01
1.906729999999999947e+01 4.805777507937831761e-01
1.908970000000000056e+01 4.813877664654022115e-01
1.911210000000000164e+01 4.824418859726177788e-01
1.913459999999999894e+01 4.825155410310406623e-01
1.915700000000000003e+01 4.819695481244500868e-01
1.917940000000000111e+01 4.811815376467654115e-01
1.920189999999999841e+01 4.802585371760313970e-01
1.922429999999999950e+01 4.782716017015991583e-01
1.924670000000000059e+01 4.772675878087703216e-01
1.926920000000000144e+01 4.731093896031320356e-01
1.929159999999999897e+01 4.699120763361770425e-01
1.931400000000000006e+01 4.672713926291429121e-01
1.933650000000000091e+01 4.659338639623540335e-01
1.935889999999999844e+01 4.673579893307404087e-01
1.938129999999999953e+01 4.703903945980473789e-01
1.940380000000000038e+01 4.683839190247293671e-01
1.942620000000000147e+01 4.689614061571660275e-01
1.944859999999999900e+01 4.696009663684843072e-01
1.947109999999999985e+01 4.697581235592649951e-01
1.949350000000000094e+01 4.710546269481766246e-01
1.951589999999999847e+01 4.729580794860278048e-01
1.953839999999999932e+01 4.745518450005986599e-01
1.956080000000000041e+01 4.742447631955776788e-01
1.958320000000000149e+01 4.746480152372213324e-01
1.960559999999999903e+01 4.762978039775084271e-01
1.962809999999999988e+01 4.777072375394329495e-01
1.965050000000000097e+01 4.796585647973411470e-01
1.967289999999999850e+01 4.815172430171641427e-01
1.969539999999999935e+01 4.822640149413283117e-01
1.971780000000000044e+01 4.838024113417976335e-01
1.974020000000000152e+01 4.846737269221285116e-01
1.976269999999999882e+01 4.872251619122275890e-01
1.978509999999999991e+01 4.873746549375899129e-01
1.980750000000000099e+01 4.877477643835732568e-01
1.982999999999999829e+01 4.870900865715087624e-01
1.985239999999999938e+01 4.850779184167301472e-01
1.987480000000000047e+01 4.837870375925193978e-01
1.989730000000000132e+01 4.802931274244687243e-01
1.991969999999999885e+01 4.781743538396552307e-01
1.994209999999999994e+01 4.784086064906269975e-01
1.996460000000000079e+01 4.782277809872225727e-01
1.998699999999999832e+01 4.762532273301328112e-01
2.000939999999999941e+01 4.771044260833781636e-01
2.003190000000000026e+01 4.780849765833551923e-01
2.005430000000000135e+01 4.788775865096487339e-01
2.007669999999999888e+01 4.820104967479469371e-01
2.009919999999999973e+01 4.850492148935340309e-01
2.012160000000000082e+01 4.862993762064208858e-01
2.014399999999999835e+01 4.871017032985057171e-01
2.016639999999999944e+01 4.897257266074390158e-01
2.018890000000000029e+01 4.893750754763558919e-01
2.021130000000000138e+01 4.901277058447778834e-01
2.023369999999999891e+01 4.894438317975177699e-01
2.025619999999999976e+01 4.879665158004261039e-01
2.027860000000000085e+01 4.872891704282027447e-01
2.030099999999999838e+01 4.877859149837305841e-01
2.032349999999999923e+01 4.863724729499949717e-01
2.034590000000000032e+01 4.843688568315281939e-01
2.036830000000000140e+01 4.826945054519411471e-01
2.039079999999999870e+01 4.830026012150372972e-01
2.041319999999999979e+01 4.832413435429038784e-01
2.043560000000000088e+01 4.841224972361002354e-01
2.045810000000000173e+01 4.866210498694447106e-01
2.048049999999999926e+01 4.897951286860425801e-01
2.050290000000000035e+01 4.926646883286466827e-01
2.052540000000000120e+01 4.941334781676587906e-01
2.054779999999999873e+01 4.953790741941948017e-01
2.057019999999999982e+01 4.969652155098711610e-01
2.059270000000000067e+01 4.969244971590701110e-01
2.061510000000000176e+01 4.948492428974515245e-01
2.063749999999999929e+01 4.969707550183865008e-01
2.066000000000000014e+01 4.996965338989296512e-01
2.068240000000000123e+01 4.998778965502724270e-01
2.070479999999999876e+01 5.015192182166060553e-01
2.072729999999999961e+01 5.007387586790461587e-01
2.074970000000000070e+01 5.001641215688383824e-01
2.077209999999999823e+01 5.010409825649312365e-01
2.079449999999999932e+01 5.033474643216052646e-01
2.081700000000000017e+01 5.063100742271315902e-01
2.083940000000000126e+01 5.088221252533814409e-01
2.086179999999999879e+01 5.115371852374085426e-01
2.088429999999999964e+01 5.135443263472997399e-01
2.090670000000000073e+01 5.148884797905325383e-01
2.092909999999999826e+01 5.181946979610382309e-01
2.095159999999999911e+01 5.200798893692472058e-01
2.097400000000000020e+01 5.237437142655473332e-01
2.099640000000000128e+01 5.267119519221618029e-01
2.101889999999999858e+01 5.268814952796565532e-01
2.104129999999999967e+01 5.258652771300387219e-01
2.106370000000000076e+01 5.213665747227982372e-01
2.108620000000000161e+01 5.155309803847929473e-01
2.110859999999999914e+01 5.084319793102013429e-01
2.113100000000000023e+01 5.024473519441078340e-01
2.115350000000000108e+01 5.007105163361360578e-01
2.117589999999999861e+01 5.012316377941564705e-01
2.119829999999999970e+01 5.032134661688690835e-01
2.122080000000000055e+01 5.007440481029475920e-01
2.124320000000000164e+01 5.007654512693031634e-01
2.126559999999999917e+01 5.003855771547632836e-01
2.128810000000000002e+01 5.021352182547846876e-01
2.131050000000000111e+01 5.062020453403492937e-01
2.133289999999999864e+01 5.092832230175844410e-01
2.135529999999999973e+01 5.074642020720629976e-01
2.137780000000000058e+01 5.097847295964158532e-01
2.140020000000000167e+01 5.097752758335510892e-01
2.142259999999999920e+01 5.087071832874854316e-01
2.144510000000000005e+01 5.079568704607210217e-01
2.146750000000000114e+01 5.078161578470679061e-01
2.148989999999999867e+01 5.059311854491338467e-01
2.151239999999999952e+01 5.020494114518126993e-01
2.153480000000000061e+01 4.989312467267399409e-01
2.155720000000000169e+01 4.960811311139682322e-01
2.157969999999999899e+01 4.921117037396151583e-01
2.160210000000000008e+01 4.888569821032424101e-01
2.162450000000000117e+01 4.857281254360491518e-01
2.164699999999999847e+01 4.846072536958909716e-01
2.166939999999999955e+01 4.835849537137267284e-01
2.169180000000000064e+01 4.841432879561520242e-01
2.171430000000000149e+01 4.851547516469966737e-01
2.173669999999999902e+01 4.868037836948096997e-01
2.175910000000000011e+01 4.882211298654787202e-01
2.178160000000000096e+01 4.892055448993280486e-01
2.180399999999999849e+01 4.900896747044665158e-01
2.182639999999999958e+01 4.903765738488750081e-01
2.184890000000000043e+01 4.916770731305384334e-01
2.187130000000000152e+01 4.930579977770355726e-01
2.189369999999999905e+01 4.934491737102562059e-01
2.191619999999999990e+01 4.931379308918760751e-01
2.193860000000000099e+01 4.926020449909969678e-01
2.196099999999999852e+01 4.929783109451131295e-01
2.198339999999999961e+01 4.932328761684251495e-01
2.200590000000000046e+01 4.936709774759782121e-01
2.202830000000000155e+01 4.928957747237610043e-01
2.205069999999999908e+01 4.931378904284419717e-01
2.207319999999999993e+01 4.946697883171292665e-01
2.209560000000000102e+01 4.970429806637465253e-01
2.211799999999999855e+01 5.013788204898375067e-01
2.214049999999999940e+01 5.044756904566231048e-01
2.216290000000000049e+01 5.058510693595694718e-01
2.218530000000000157e+01 5.058741891838879345e-01
2.220779999999999887e+01 5.063050559918688132e-01
2.223019999999999996e+01 5.065937989699774713e-01
2.225260000000000105e+01 5.077510897923924738e-01
2.227509999999999835e+01 5.092585480081754934e-01
2.229749999999999943e+01 5.094511096401547201e-01
2.231990000000000052e+01 5.094174899580803384e-01
2.234240000000000137e+01 5.082211772603006938e-01
2.236479999999999890e+01 5.077038016959247724e-01
2.238719999999999999e+01 5.077064300708085121e-01
2.240970000000000084e+01 5.089512291645087450e-01
2.243209999999999837e+01 5.107666231320513450e-01
2.245449999999999946e+01 5.131865680544790420e-01
2.247700000000000031e+01 5.157820372777377482e-01
2.249940000000000140e+01 5.185608497117440985e-01
2.252179999999999893e+01 5.218782578313374554e-01
2.254429999999999978e+01 5.239866628846221452e-01
2.256670000000000087e+01 5.252819113625972758e-01
2.258909999999999840e+01 5.246082635779470982e-01
2.261149999999999949e+01 5.241604412003538771e-01
2.263400000000000034e+01 5.240456009013985117e-01
2.265640000000000143e+01 5.239682268299381551e-01
2.267879999999999896e+01 5.249224127920725236e-01
2.270129999999999981e+01 5.246256299440600346e-01
2.272370000000000090e+01 5.252231993014694345e-01
2.274609999999999843e+01 5.257631014554488003e-01
2.276859999999999928e+01 5.274964744617403056e-01
2.279100000000000037e+01 5.299563921616213813e-01
2.281340000000000146e+01 5.324588509214014387e-01
2.283589999999999876e+01 5.357328032837409548e-01
2.285829999999999984e+01 5.389486458369945332e-01
2.288070000000000093e+01 5.412889687623450019e-01
2.290319999999999823e+01 5.421447418903747595e-01
2.292559999999999931e+01 5.432531689619278792e-01
2.294800000000000040e+01 5.441393789553665705e-01
2.297050000000000125e+01 5.431613297392801076e-01
2.299289999999999878e+01 5.421250638634101948e-01
2.301529999999999987e+01 5.409564451389866635e-01
2.303780000000000072e+01 5.402433652537854680e-01
2.306019999999999825e+01 5.398024250044208827e-01
2.308259999999999934e+01 5.383394345784501267e-01
2.310510000000000019e+01 5.368914475378292472e-01
2.312750000000000128e+01 5.355982660228110204e-01
2.314989999999999881e+01 5.355063950621533619e-01
2.317229999999999990e+01 5.362709513518426618e-01
2.319480000000000075e+01 5.376415917560970481e-01
2.321719999999999828e+01 5.388635424995511514e-01
2.323959999999999937e+01 5.400258333303854519e-01
2.326210000000000022e+01 5.415544776155807316e-01
2.328450000000000131e+01 5.427128410146261350e-01
2.330689999999999884e+01 5.428431454792813637e-01
2.332939999999999969e+01 5.439486048342118130e-01
2.335180000000000078e+01 5.456171952325987728e-01
2.337419999999999831e+01 5.472316357525585095e-01
2.339669999999999916e+01 5.492445543977113598e-01
2.341910000000000025e+01 5.505837393269574775e-01
2.344150000000000134e+01 5.516613248125156188e-01
2.346399999999999864e+01 5.521598186286549304e-01
2.348639999999999972e+01 5.524205290662093093e-01
2.350880000000000081e+01 5.539912673857744219e-01
2.353130000000000166e+01 5.557398585409664138e-01
2.355369999999999919e+01 5.582634191046937921e-01
2.357610000000000028e+01 5.608947790487590623e-01
2.359860000000000113e+01 5.632727896171806359e-01
2.362099999999999866e+01 5.647152137777085024e-01
2.364339999999999975e+01 5.656382098804254577e-01
2.366590000000000060e+01 5.667426097217352909e-01
2.368830000000000169e+01 5.680047292380333568e-01
2.371069999999999922e+01 5.695262739494898474e-01
2.373320000000000007e+01 5.716046133855555711e-01
2.375560000000000116e+01 5.733845251749141170e-01
2.377799999999999869e+01 5.746969747657035832e-01
2.380039999999999978e+01 5.760922023235544032e-01
2.382290000000000063e+01 5.777995711427164061e-01
2.384530000000000172e+01 5.787862872575570972e-01
2.386769999999999925e+01 5.792519346597585495e-01
2.389020000000000010e+01 5.798112583428357558e-01
2.391260000000000119e+01 5.803116017281846339e-01
2.393499999999999872e+01 5.803192908159173768e-01
2.395749999999999957e+01 5.817120450730534076e-01
2.397990000000000066e+01 5.839565259348238335e-01
2.400230000000000175e+01 5.858529886848954371e-01
2.402479999999999905e+01 5.879765912031077457e-01
2.404720000000000013e+01 5.899101857093328460e-01
2.406960000000000122e+01 5.915866028048807346e-01
2.409209999999999852e+01 5.924214105062219904e-01
2.411449999999999960e+01 5.920643071055831097e-01
2.413690000000000069e+01 5.909750524988746090e-01
2.415940000000000154e+01 5.901040656982020627e-01
2.418179999999999907e+01 5.891832936015471978e-01
2.420420000000000016e+01 5.877622676931814061e-01
2.422670000000000101e+01 5.870196997534862238e-01
2.424909999999999854e+01 5.863457010613344345e-01
2.427149999999999963e+01 5.854912492235242460e-01
2.429400000000000048e+01 5.850064951538491709e-01
2.431640000000000157e+01 5.850062206424343492e-01
2.433879999999999910e+01 5.856019353979747821e-01
2.436129999999999995e+01 5.865296326567510654e-01
2.438370000000000104e+01 5.872866943918010341e-01
2.440609999999999857e+01 5.875178067712308883e-01
2.442849999999999966e+01 5.875672428262004310e-01
2.445100000000000051e+01 5.882035348636227567e-01
2.447340000000000160e+01 5.891718794804258197e-01
2.449579999999999913e+01 5.900061093419444180e-01
2.451829999999999998e+01 5.909809226855099462e-01
2.454070000000000107e+01 5.919527969081036511e-01
2.456309999999999860e+01 5.938421470014196846e-01
2.458559999999999945e+01 5.957474269246432197e-01
2.460800000000000054e+01 5.971425358470127120e-01
2.463040000000000163e+01 5.984191463592406501e-01
2.465289999999999893e+01 5.994264254309134010e-01
2.467530000000000001e+01 5.994698354141724250e-01
2.469770000000000110e+01 5.991177699149708991e-01
2.472019999999999840e+01 5.988470068007941682e-01
2.474259999999999948e+01 5.988914122102938498e-01
2.476500000000000057e+01 5.993935097830426217e-01
2.478750000000000142e+01 6.000030094407822201e-01
2.480989999999999895e+01 6.005891549591539924e-01
2.483230000000000004e+01 6.008067076037661991e-01
2.485480000000000089e+01 6.008727992266944540e-01
2.487719999999999843e+01 6.007811265040596815e-01
2.489959999999999951e+01 6.011267869736832692e-01
2.492210000000000036e+01 6.011162094439711501e-01
2.494450000000000145e+01 6.006258642865778263e-01
2.496689999999999898e+01 6.003120128939843925e-01
2.498930000000000007e+01 6.001595312499874435e-01
2.501180000000000092e+01 5.996865302352774041e-01
2.503419999999999845e+01 6.001025645030857447e-01
2.505659999999999954e+01 6.017011996651702166e-01
2.507910000000000039e+01 6.038052476667148394e-01
2.510150000000000148e+01 6.051385017656976117e-01
2.512389999999999901e+01 6.061728222631324048e-01
2.514639999999999986e+01 6.066740162991345331e-01
2.516880000000000095e+01 6.064368724711127756e-01
2.519119999999999848e+01 6.055083210343694677e-01
2.521369999999999933e+01 6.061565295840400935e-01
2.523610000000000042e+01 6.074710342227633841e-01
2.525850000000000151e+01 6.084784954805335655e-01
2.528099999999999881e+01 6.091686732961691941e-01
2.530339999999999989e+01 6.094414627706697951e-01
2.532580000000000098e+01 6.092650921733292479e-01
2.534829999999999828e+01 6.090859837765827400e-01
2.537069999999999936e+01 6.097139943489994218e-01
2.539310000000000045e+01 6.099031276784384614e-01
2.541560000000000130e+01 6.105000103016261503e-01
2.543799999999999883e+01 6.114562426160068398e-01
2.546039999999999992e+01 6.125781648059606121e-01
2.548290000000000077e+01 6.131267620782001604e-01
2.550529999999999831e+01 6.128873965580998728e-01
2.552769999999999939e+01 6.125472569063836747e-01
2.555020000000000024e+01 6.122711080660455663e-01
2.557260000000000133e+01 6.121746313303191300e-01
2.559499999999999886e+01 6.118963946841283752e-01
2.561739999999999995e+01 6.118673856624178287e-01
2.563990000000000080e+01 6.116423869480945852e-01
2.566229999999999833e+01 6.116100817964806868e-01
2.568469999999999942e+01 6.115810548310046668e-01
2.570720000000000027e+01 6.114726747141588925e-01
2.572960000000000136e+01 6.114551419584537406e-01
2.575199999999999889e+01 6.115918135963105406e-01
2.577449999999999974e+01 6.119044117818595030e-01
2.579690000000000083e+01 6.120119127797514214e-01
2.581929999999999836e+01 6.121076635542681554e-01
2.584179999999999922e+01 6.117431531426457125e-01
2.586420000000000030e+01 6.109973722771544491e-01
2.588660000000000139e+01 6.106762584873917099e-01
2.590909999999999869e+01 6.102607250571430164e-01
2.593149999999999977e+01 6.102940585738051427e-01
2.595390000000000086e+01 6.098209338917836009e-01
2.597640000000000171e+01 6.092020377482925131e-01
2.599879999999999924e+01 6.087375385766565783e-01
2.602120000000000033e+01 6.086906372289715428e-01
2.604370000000000118e+01 6.088425868496892823e-01
2.606609999999999872e+01 6.089445857502757686e-01
2.608849999999999980e+01 6.092368375727496010e-01
2.611100000000000065e+01 6.095308318968061245e-01
2.613340000000000174e+01 6.099024479649802766e-01
2.615579999999999927e+01 6.105515369049278052e-01
2.617820000000000036e+01 6.116632933012479123e-01
2.620070000000000121e+01 6.130731065633752142e-01
2.622309999999999874e+01 6.142688664000596210e-01
2.624549999999999983e+01 6.154454674489455712e-01
2.626800000000000068e+01 6.166580409428725762e-01
2.629040000000000177e+01 6.175825366369830371e-01
2.631279999999999930e+01 6.179425396737974197e-01
2.633530000000000015e+01 6.183990883927337201e-01
2.635770000000000124e+01 6.185284679167032396e-01
2.638009999999999877e+01 6.187067995996571312e-01
2.640259999999999962e+01 6.185916312561604569e-01
2.642500000000000071e+01 6.181417899254665338e-01
2.644739999999999824e+01 6.173199192030704996e-01
2.646989999999999910e+01 6.164641593161107602e-01
2.649230000000000018e+01 6.169305791450314658e-01
2.651470000000000127e+01 6.178887229868683661e-01
2.653719999999999857e+01 6.192855001895907208e-01
2.655959999999999965e+01 6.208572391692004366e-01
2.658200000000000074e+01 6.224609438993784494e-01
2.660450000000000159e+01 6.237886411708170042e-01
2.662689999999999912e+01 6.247385392178657071e-01
2.664930000000000021e+01 6.254458524493045068e-01
2.667180000000000106e+01 6.259857871055160006e-01
2.669419999999999860e+01 6.265690389262166260e-01
2.671659999999999968e+01 6.273759565413198347e-01
2.673910000000000053e+01 6.279933469124426848e-01
2.676150000000000162e+01 6.288719052978745117e-01
2.678389999999999915e+01 6.296444369086459103e-01
2.680630000000000024e+01 6.303092081911110256e-01
2.682880000000000109e+01 6.309702293846534138e-01
2.685119999999999862e+01 6.316286657488098255e-01
2.687359999999999971e+01 6.316633332436614179e-01
2.689610000000000056e+01 6.315379728403329729e-01
2.691850000000000165e+01 6.315050340779362337e-01
2.694089999999999918e+01 6.317169282479533354e-01
2.696340000000000003e+01 6.324505410174174891e-01
2.698580000000000112e+01 6.332335589397681819e-01
2.700819999999999865e+01 6.340162292649842435e-01
2.703069999999999951e+01 6.347871143766630198e-01
2.705310000000000059e+01 6.352347445487774857e-01
2.707550000000000168e+01 6.350965153115667450e-01
2.709799999999999898e+01 6.346893511924278641e-01
2.712040000000000006e+01 6.345227524624603710e-01
2.714280000000000115e+01 6.342484583698814182e-01
2.716529999999999845e+01 6.340732855505352150e-01
2.718769999999999953e+01 6.336552254228076109e-01
2.721010000000000062e+01 6.332209692126853362e-01
2.723260000000000147e+01 6.328915557832911487e-01
2.725499999999999901e+01 6.326971702627571803e-01
2.727740000000000009e+01 6.327421188655565354e-01
2.729990000000000094e+01 6.331638512783243078e-01
2.732229999999999848e+01 6.337813603888984293e-01
2.734469999999999956e+01 6.347324298401184617e-01
2.736720000000000041e+01 6.359188025340080097e-01
2.738960000000000150e+01 6.371878303578381031e-01
2.741199999999999903e+01 6.381315743157749409e-01
2.743440000000000012e+01 6.384351887048618224e-01
2.745690000000000097e+01 6.384986079219403532e-01
2.747929999999999851e+01 6.389915771672121103e-01
2.750169999999999959e+01 6.398404818979429587e-01
2.752420000000000044e+01 6.408064725358061375e-01
2.754660000000000153e+01 6.412654982244992974e-01
2.756899999999999906e+01 6.413342923351866842e-01
2.759149999999999991e+01 6.409203515091864700e-01
2.761390000000000100e+01 6.406737936397622901e-01
2.763629999999999853e+01 6.410272167016086708e-01
2.765879999999999939e+01 6.413856457084062823e-01
2.768120000000000047e+01 6.416497070896234334e-01
2.770360000000000156e+01 6.417373556968003490e-01
2.772609999999999886e+01 6.421603737647839649e-01
2.774849999999999994e+01 6.425893388233707704e-01
2.777090000000000103e+01 6.427062214197276635e-01
2.779339999999999833e+01 6.427349268164914697e-01
2.781579999999999941e+01 6.431599766862758916e-01
2.783820000000000050e+01 6.438479017075033894e-01
2.786070000000000135e+01 6.444894702173453727e-01
2.788309999999999889e+01 6.451817435458556682e-01
2.790549999999999997e+01 6.457511890980418556e-01
2.792800000000000082e+01 6.461983606676074965e-01
2.795039999999999836e+01 6.466473745123785255e-01
2.797279999999999944e+01 6.467800763580541235e-01
2.799520000000000053e+01 6.468496821623975768e-01
2.801770000000000138e+01 6.470994232967318682e-01
2.804009999999999891e+01 6.476173694078604104e-01
2.806250000000000000e+01 6.481992211768244916e-01
2.808500000000000085e+01 6.489478145773560636e-01
2.810739999999999839e+01 6.499161919295435297e-01
2.812979999999999947e+01 6.511392572588784455e-01
2.815230000000000032e+01 6.526827592063042527e-01
2.817470000000000141e+01 6.543971916133785038e-01
2.819709999999999894e+01 6.557744858475630378e-01
2.821959999999999980e+01 6.567264402170850390e-01
2.824200000000000088e+01 6.575672410472992446e-01
2.826439999999999841e+01 6.586152932788507108e-01
2.828689999999999927e+01 6.597701180825049638e-01
2.830930000000000035e+01 6.608819822285172396e-01
2.833170000000000144e+01 6.619386127277636644e-01
2.835419999999999874e+01 6.630482882847216208e-01
2.837659999999999982e+01 6.640866220336575365e-01
2.839900000000000091e+01 6.648206262035395442e-01
2.842150000000000176e+01 6.654539519191410291e-01
2.844389999999999930e+01 6.660221927457685709e-01
2.846630000000000038e+01 6.665407233623324990e-01
2.848880000000000123e+01 6.672021353274252276e-01
2.851119999999999877e+01 6.681119501924230875e-01
2.853359999999999985e+01 6.689705883565606470e-01
2.855610000000000070e+01 6.697085433441732905e-01
2.857849999999999824e+01 6.706276025386811446e-01
2.860089999999999932e+01 6.717189220770983793e-01
2.862330000000000041e+01 6.727996111540255342e-01
2.864580000000000126e+01 6.735784835872894449e-01
2.866819999999999879e+01 6.742620908088343690e-01
2.869059999999999988e+01 6.751461343101794466e-01
2.871310000000000073e+01 6.760639995157676774e-01
2.873549999999999827e+01 6.771335812033286716e-01
2.875789999999999935e+01 6.782717816013700274e-01
2.878040000000000020e+01 6.791965949371275846e-01
2.880280000000000129e+01 6.801810623535314848e-01
2.882519999999999882e+01 6.813427824872697602e-01
2.884769999999999968e+01 6.824550743376509576e-01
2.887010000000000076e+01 6.835047128311132481e-01
2.889249999999999829e+01 6.844681636114743339e-01
2.891499999999999915e+01 6.853711285816433962e-01
2.893740000000000023e+01 6.862811350022192114e-01
2.895980000000000132e+01 6.871188284994180773e-01
2.898229999999999862e+01 6.878466030518908259e-01
2.900469999999999970e+01 6.882760853721905381e-01
2.902710000000000079e+01 6.887872938254024913e-01
2.904960000000000164e+01 6.895565828573920752e-01
2.907199999999999918e+01 6.903279810130484861e-01
2.909440000000000026e+01 6.910858465419540408e-01
2.911690000000000111e+01 6.916039047884048330e-01
2.913929999999999865e+01 6.921663232190107262e-01
2.916169999999999973e+01 6.929018907100855662e-01
2.918410000000000082e+01 6.936259659362691288e-01
2.920660000000000167e+01 6.943830224841881504e-01
2.922899999999999920e+01 6.952445242465498110e-01
2.925140000000000029e+01 6.959064793057566645e-01
2.927390000000000114e+01 6.965392966780398210e-01
2.929629999999999868e+01 6.972762247326871332e-01
2.931869999999999976e+01 6.980795654207186951e-01
2.934120000000000061e+01 6.989781404236418139e-01
2.936360000000000170e+01 6.999963132190637483e-01
2.938599999999999923e+01 7.010458589834395182e-01
2.940850000000000009e+01 7.020477994566550750e-01
2.943090000000000117e+01 7.031145173031688733e-01
2.945329999999999870e+01 7.043280609454446450e-01
2.947579999999999956e+01 7.054800357319004345e-01
2.949820000000000064e+01 7.064636201654644898e-01
2.952060000000000173e+01 7.074232247792747730e-01
2.954309999999999903e+01 7.084018485887554339e-01
2.956550000000000011e+01 7.093152977847966278e-01
2.958790000000000120e+01 7.100861461572994804e-01
2.961039999999999850e+01 7.108030081297191938e-01
2.963279999999999959e+01 7.115848387295092836e-01
2.965520000000000067e+01 7.124852471384240937e-01
2.967770000000000152e+01 7.134103289735950204e-01
2.970009999999999906e+01 7.143606266360057466e-01
2.972250000000000014e+01 7.152195540717843913e-01
2.974500000000000099e+01 7.160077212883941833e-01
2.976739999999999853e+01 7.168364786456044024e-01
2.978979999999999961e+01 7.176686535283113288e-01
2.981220000000000070e+01 7.184324884839959902e-01
2.983470000000000155e+01 7.191702681455530710e-01
2.985709999999999908e+01 7.198414134465943581e-01
2.987950000000000017e+01 7.204650171732021047e-01
2.990200000000000102e+01 7.209970987065829062e-01
2.992439999999999856e+01 7.213406761972056547e-01
2.994679999999999964e+01 7.216318074008730710e-01
2.996930000000000049e+01 7.219617712975647805e-01
2.999170000000000158e+01 7.224700804314988511e-01
3.001409999999999911e+01 7.231662657841787523e-01
3.003659999999999997e+01 7.238920019884625967e-01
3.005900000000000105e+01 7.245454293355476638e-01
3.008139999999999858e+01 7.253774170430022927e-01
3.010389999999999944e+01 7.262860957313237442e-01
3.012630000000000052e+01 7.271256971926980395e-01
3.014870000000000161e+01 7.279650685697850454e-01
3.017119999999999891e+01 7.287803141292327203e-01
3.019359999999999999e+01 7.295720359378056186e-01
3.021600000000000108e+01 7.304087359567196236e-01
3.023849999999999838e+01 7.312000533284855885e-01
3.026089999999999947e+01 7.319665734531237700e-01
3.028330000000000055e+01 7.327990029441192599e-01
3.030580000000000140e+01 7.336770946779344049e-01
3.032819999999999894e+01 7.346010043939602552e-01
3.035060000000000002e+01 7.355005304478861028e-01
3.037310000000000088e+01 7.364463634701017281e-01
3.039549999999999841e+01 7.373903890467714550e-01
3.041789999999999949e+01 7.383788838392646436e-01
3.044030000000000058e+01 7.393669141206137274e-01
3.046280000000000143e+01 7.403990985100165068e-01
3.048519999999999897e+01 7.414088007963046678e-01
3.050760000000000005e+01 7.424184882634515814e-01
3.053010000000000090e+01 7.433381365426624532e-01
3.055249999999999844e+01 7.442329585214625398e-01
3.057489999999999952e+01 7.451273655624458536e-01
3.059740000000000038e+01 7.459757144277887608e-01
3.061980000000000146e+01 7.468017473129258121e-01
3.064219999999999899e+01 7.476262369107178340e-01
3.066469999999999985e+01 7.484504510433566127e-01
3.068710000000000093e+01 7.492061020882563316e-01
3.070949999999999847e+01 7.500276563947044783e-01
3.073199999999999932e+01 7.508489339019538411e-01
3.075440000000000040e+01 7.515606152725254896e-01
3.077680000000000149e+01 7.522916195740190215e-01
3.079929999999999879e+01 7.530225306315989631e-01
3.082169999999999987e+01 7.536876432013197569e-01
3.084410000000000096e+01 7.543089406046266099e-01
3.086659999999999826e+01 7.547537990229667981e-01
3.088899999999999935e+01 7.550845709229894176e-01
3.091140000000000043e+01 7.554142474413333419e-01
3.093390000000000128e+01 7.557437927746986084e-01
3.095629999999999882e+01 7.558981191645252062e-01
3.097869999999999990e+01 7.557857119949848990e-01
3.100110000000000099e+01 7.554654120194689293e-01
3.102359999999999829e+01 7.557055589257871686e-01
3.104599999999999937e+01 7.569222415063633358e-01
3.106840000000000046e+01 7.585658227487092065e-01
3.109090000000000131e+01 7.601869522551402136e-01
3.111329999999999885e+01 7.616969075922411792e-01
3.113569999999999993e+01 7.630956327105772319e-01
3.115820000000000078e+01 7.643613206744810373e-01
3.118059999999999832e+01 7.654938629276393236e-01
3.120299999999999940e+01 7.666685383494032946e-01
3.122550000000000026e+01 7.677545917775702167e-01
3.124790000000000134e+01 7.688174348978106254e-01
3.127029999999999887e+01 7.698571638036455500e-01
3.129279999999999973e+01 7.708952891768906523e-01
3.131520000000000081e+01 7.719105336742138057e-01
3.133759999999999835e+01 7.729244482029852259e-01
3.136009999999999920e+01 7.739797271043750149e-01
3.138250000000000028e+01 7.750982835247193226e-01
3.140490000000000137e+01 7.761940345573790090e-01
3.142739999999999867e+01 7.773310359113809742e-01
3.144979999999999976e+01 7.784875320851191161e-01
3.147220000000000084e+01 7.797494547700695167e-01
3.149470000000000169e+01 7.810095064591586755e-01
3.151709999999999923e+01 7.823742135847919776e-01
3.153950000000000031e+01 7.837791596674205108e-01
3.156200000000000117e+01 7.852671118076641754e-01
3.158439999999999870e+01 7.867950522973302663e-01
3.160679999999999978e+01 7.883425731828530569e-01
3.162920000000000087e+01 7.898251456602671805e-01
3.165170000000000172e+01 7.912434259537962644e-01
3.167409999999999926e+01 7.924934436909856217e-01
3.169650000000000034e+01 7.935128862704499131e-01
3.171900000000000119e+01 7.944454455034360985e-01
3.174139999999999873e+01 7.953361473022855233e-01
3.176379999999999981e+01 7.961863084484090969e-01
3.178630000000000067e+01 7.970325213015586607e-01
3.180870000000000175e+01 7.979666836587943068e-01
3.183109999999999928e+01 7.987566730322697151e-01
3.185360000000000014e+01 7.995238739654311200e-01
3.187600000000000122e+01 8.001917279948751460e-01
3.189839999999999876e+01 8.007948528665262966e-01
3.192089999999999961e+01 8.014371657655713355e-01
3.194330000000000069e+01 8.021492954140836407e-01
3.196569999999999823e+01 8.028416969091056732e-01
3.198819999999999908e+01 8.034985547751503088e-01
3.201059999999999661e+01 8.041398512563184831e-01
3.203300000000000125e+01 8.047104457565983360e-01
3.205550000000000210e+01 8.050300088264392695e-01
3.207789999999999964e+01 8.048751328300682850e-01
3.210029999999999717e+01 8.038156691665017117e-01
3.212279999999999802e+01 8.020067179160170756e-01
3.214520000000000266e+01 8.000496195892798923e-01
3.216760000000000019e+01 7.975602284933468455e-01
3.218999999999999773e+01 7.947596282626414599e-01
3.221249999999999858e+01 7.926196934702698371e-01
3.223490000000000322e+01 7.913684639589020353e-01
3.225730000000000075e+01 7.905929218844616191e-01
3.227980000000000160e+01 7.899800549754135703e-01
3.230219999999999914e+01 7.898494487256849661e-01
3.232459999999999667e+01 7.898924122995297781e-01
3.234709999999999752e+01 7.893510707811877136e-01
3.236950000000000216e+01 7.876235088084050373e-01
3.239189999999999969e+01 7.848966647477918501e-01
3.241440000000000055e+01 7.829882212176549894e-01
3.243679999999999808e+01 7.819481089345382552e-01
3.245920000000000272e+01 7.811219685993868733e-01
3.248169999999999646e+01 7.825802667222351294e-01
3.250410000000000110e+01 7.867645736224924136e-01
3.252649999999999864e+01 7.909909351975192848e-01
3.254899999999999949e+01 7.940729144207548940e-01
3.257139999999999702e+01 7.964964322145000608e-01
3.259380000000000166e+01 7.985602467093347867e-01
3.261630000000000251e+01 8.002914230943349860e-01
3.263870000000000005e+01 8.016681378469943109e-01
3.266109999999999758e+01 8.028570799140386516e-01
3.268359999999999843e+01 8.038214744341872775e-01
3.270600000000000307e+01 8.045581485511738018e-01
3.272840000000000060e+01 8.051072801312486593e-01
3.275090000000000146e+01 8.054404017468289601e-01
3.277329999999999899e+01 8.054932636643983290e-01
3.279569999999999652e+01 8.056025026276183443e-01
3.281810000000000116e+01 8.055773566214082804e-01
3.284060000000000201e+01 8.054820901681075673e-01
3.286299999999999955e+01 8.053892000135315365e-01
3.288539999999999708e+01 8.052766721167220476e-01
3.290789999999999793e+01 8.050366813876274064e-01
3.293030000000000257e+01 8.041732605286104896e-01
3.295270000000000010e+01 8.027000350965207698e-01
3.297520000000000095e+01 8.013413235119484224e-01
3.299759999999999849e+01 8.000537334268219558e-01
3.302000000000000313e+01 7.982980225026937715e-01
3.304249999999999687e+01 7.970293448593295249e-01
3.306490000000000151e+01 7.966281946248767731e-01
3.308729999999999905e+01 7.963685558601684145e-01
3.310979999999999990e+01 7.961700509720024410e-01
3.313219999999999743e+01 7.958414440169565562e-01
3.315460000000000207e+01 7.956220660543169565e-01
3.317710000000000292e+01 7.959770624556614660e-01
3.319950000000000045e+01 7.963598506949957079e-01
3.322189999999999799e+01 7.968809872125489635e-01
3.324439999999999884e+01 7.979624416827801880e-01
3.326680000000000348e+01 7.992714726745414611e-01
3.328920000000000101e+01 8.003522877175467398e-01
3.331170000000000186e+01 8.009797887266831840e-01
3.333409999999999940e+01 8.012707018904937639e-01
3.335649999999999693e+01 8.013315814913233304e-01
3.337899999999999778e+01 8.012434926245183275e-01
3.340140000000000242e+01 8.010115891523867937e-01
3.342379999999999995e+01 8.005471235044367972e-01
3.344619999999999749e+01 8.000062433207982826e-01
3.346869999999999834e+01 7.995642660917199329e-01
3.349110000000000298e+01 7.990872996273148399e-01
3.351350000000000051e+01 7.985781419437686379e-01
3.353600000000000136e+01 7.981131832309017460e-01
3.355839999999999890e+01 7.975059561198718505e-01
3.358080000000000354e+01 7.965409718560182428e-01
3.360329999999999728e+01 7.956460383537011793e-01
3.362570000000000192e+01 7.949446046370919339e-01
3.364809999999999945e+01 7.944199029925975708e-01
3.367060000000000031e+01 7.942463269193763553e-01
3.369299999999999784e+01 7.945219902373282794e-01
3.371540000000000248e+01 7.950581711264536056e-01
3.373790000000000333e+01 7.957278920370161046e-01
3.376030000000000086e+01 7.963418736426457478e-01
3.378269999999999840e+01 7.968547172671400780e-01
3.380519999999999925e+01 7.971980307032582314e-01
3.382759999999999678e+01 7.975779119109268622e-01
3.385000000000000142e+01 7.981682205352277348e-01
3.387250000000000227e+01 7.988666626548129868e-01
3.389489999999999981e+01 7.995066256422631579e-01
3.391729999999999734e+01 7.999799977194527179e-01
3.393979999999999819e+01 8.003069820192653117e-01
3.396220000000000283e+01 8.005464337133613162e-01
3.398460000000000036e+01 8.009687089839554464e-01
3.400699999999999790e+01 8.017863888576950426e-01
3.402949999999999875e+01 8.029196546925592148e-01
3.405190000000000339e+01 8.041585470675436387e-01
3.407430000000000092e+01 8.054181194896915530e-01
3.409680000000000177e+01 8.066772554634971115e-01
3.411919999999999931e+01 8.078944727285540806e-01
3.414159999999999684e+01 8.090281359055834232e-01
3.416409999999999769e+01 8.100783177859963713e-01
3.418650000000000233e+01 8.110864455220601066e-01
3.420889999999999986e+01 8.120318989258621389e-01
3.423140000000000072e+01 8.129156097904199907e-01
3.425379999999999825e+01 8.137362554987973562e-01
3.427620000000000289e+01 8.145369931740805702e-01
3.429869999999999663e+01 8.152145774086996255e-01
3.432110000000000127e+01 8.158307979577917868e-01
3.434349999999999881e+01 8.163032928031707103e-01
3.436599999999999966e+01 8.166940194158841537e-01
3.438839999999999719e+01 8.170419714111875065e-01
3.441080000000000183e+01 8.173692111702454133e-01
3.443330000000000268e+01 8.177161316903703847e-01
3.445570000000000022e+01 8.181024980237151523e-01
3.447809999999999775e+01 8.185497723027262973e-01
3.450059999999999860e+01 8.190376937249959077e-01
3.452300000000000324e+01 8.195865186798494406e-01
3.454540000000000077e+01 8.201558515010890504e-01
3.456790000000000163e+01 8.207464012662082364e-01
3.459029999999999916e+01 8.212567457630601808e-01
3.461269999999999669e+01 8.215843433573989385e-01
3.463510000000000133e+01 8.218897714452022552e-01
3.465760000000000218e+01 8.221539407035393099e-01
3.467999999999999972e+01 8.224575197752888034e-01
3.470239999999999725e+01 8.228010904816708271e-01
3.472489999999999810e+01 8.232459501145740211e-01
3.474730000000000274e+01 8.237318417417547334e-01
3.476970000000000027e+01 8.241567872752547652e-01
3.479220000000000113e+01 8.246419406783637163e-01
3.481459999999999866e+01 8.251284345681964005e-01
3.483700000000000330e+01 8.255734677989495784e-01
3.485949999999999704e+01 8.259987199047722495e-01
3.488190000000000168e+01 8.264036091862508870e-01
3.490429999999999922e+01 8.267881657000859530e-01
3.492680000000000007e+01 8.271331521536636755e-01
3.494919999999999760e+01 8.274158345281330540e-01
3.497160000000000224e+01 8.278183260481917216e-01
3.499410000000000309e+01 8.282615291086720122e-01
3.501650000000000063e+01 8.287456096462180177e-01
3.503889999999999816e+01 8.292506616803981823e-01
3.506139999999999901e+01 8.297169471292766829e-01
3.508379999999999654e+01 8.300440857435693598e-01
3.510620000000000118e+01 8.302887603041969600e-01
3.512870000000000203e+01 8.305720209827500700e-01
3.515109999999999957e+01 8.308782197445123696e-01
3.517349999999999710e+01 8.311257498873280136e-01
3.519590000000000174e+01 8.312939138453767640e-01
3.521840000000000259e+01 8.312265463263324161e-01
3.524080000000000013e+01 8.308168267776587790e-01
3.526319999999999766e+01 8.301417852495864835e-01
3.528569999999999851e+01 8.293395930409355188e-01
3.530810000000000315e+01 8.285072882660855509e-01
3.533050000000000068e+01 8.279095483370675357e-01
3.535300000000000153e+01 8.276698316207404815e-01
3.537539999999999907e+01 8.278755642931313607e-01
3.539779999999999660e+01 8.283671324545494041e-01
3.542029999999999745e+01 8.290222507478477443e-01
3.544270000000000209e+01 8.298605106091646588e-01
3.546509999999999962e+01 8.306810916375455545e-01
3.548760000000000048e+01 8.314826062878311053e-01
3.550999999999999801e+01 8.322242387593252744e-01
3.553240000000000265e+01 8.328269058652770784e-01
3.555490000000000350e+01 8.333088034262874366e-01
3.557730000000000103e+01 8.337500731741760429e-01
3.559969999999999857e+01 8.341705330950046626e-01
3.562219999999999942e+01 8.345912029455032632e-01
3.564459999999999695e+01 8.349912970253045019e-01
3.566700000000000159e+01 8.353334974997455031e-01
3.568950000000000244e+01 8.356149325053345844e-01
3.571189999999999998e+01 8.358163438659862443e-01
3.573429999999999751e+01 8.359572563818822299e-01
3.575679999999999836e+01 8.361158115478736219e-01
3.577920000000000300e+01 8.363533810722086903e-01
3.580160000000000053e+01 8.366909390237698974e-01
3.582399999999999807e+01 8.371088793339527268e-01
3.584649999999999892e+01 8.375272680616729915e-01
3.586889999999999645e+01 8.379264450378914875e-01
3.589130000000000109e+01 8.383265743474700438e-01
3.591380000000000194e+01 8.386879908473697798e-01
3.593619999999999948e+01 8.389112975868036060e-01
3.595859999999999701e+01 8.390547860097117283e-01
3.598109999999999786e+01 8.390008514043899579e-01
3.600350000000000250e+01 8.388051252199488772e-01
3.602590000000000003e+01 8.385860373989201255e-01
3.604840000000000089e+01 8.384827289237680725e-01
3.607079999999999842e+01 8.385382557963981798e-01
3.609320000000000306e+01 8.387136109449645494e-01
3.611569999999999681e+01 8.389694371279872165e-01
3.613810000000000144e+01 8.393056039057489315e-01
3.616049999999999898e+01 8.396031371377179475e-01
3.618299999999999983e+01 8.399411932924478741e-01
3.620539999999999736e+01 8.402002641880608191e-01
3.622780000000000200e+01 8.404597501623298772e-01
3.625030000000000285e+01 8.406235536846083933e-01
3.627270000000000039e+01 8.406088733825043402e-01
3.629509999999999792e+01 8.403352834518530434e-01
3.631759999999999877e+01 8.399008149787107191e-01
3.634000000000000341e+01 8.394204770637390123e-01
3.636240000000000094e+01 8.390942546697992555e-01
3.638490000000000180e+01 8.390444040529255743e-01
3.640729999999999933e+01 8.392746874293270931e-01
3.642969999999999686e+01 8.396468689468562507e-01
3.645210000000000150e+01 8.400212957495268862e-01
3.647460000000000235e+01 8.402976318786133936e-01
3.649699999999999989e+01 8.405131074153711079e-01
3.651939999999999742e+01 8.407280857269608942e-01
3.654189999999999827e+01 8.409622883217414691e-01
3.656430000000000291e+01 8.412953733061584449e-01
3.658670000000000044e+01 8.417077823473483322e-01
3.660920000000000130e+01 8.421998081909759515e-01
3.663159999999999883e+01 8.427712271867316973e-01
3.665400000000000347e+01 8.433626459674060660e-01
3.667649999999999721e+01 8.439935773513648209e-01
3.669890000000000185e+01 8.446443870757027739e-01
3.672129999999999939e+01 8.452953906415270335e-01
3.674380000000000024e+01 8.458674328359208072e-01
3.676619999999999777e+01 8.463802609447806935e-01
3.678860000000000241e+01 8.468733582646583713e-01
3.681110000000000326e+01 8.473071896586096274e-01
3.683350000000000080e+01 8.477210374868814347e-01
3.685589999999999833e+01 8.481150536739500145e-01
3.687839999999999918e+01 8.484501166463006561e-01
3.690079999999999671e+01 8.487850747582548205e-01
3.692320000000000135e+01 8.491001584659582102e-01
3.694570000000000221e+01 8.494354968883148782e-01
3.696809999999999974e+01 8.496536996821190124e-01
3.699049999999999727e+01 8.497726285643010247e-01
3.701290000000000191e+01 8.498914077655570498e-01
3.703540000000000276e+01 8.499704879875461527e-01
3.705780000000000030e+01 8.501077271119403811e-01
3.708019999999999783e+01 8.502253430204516071e-01
3.710269999999999868e+01 8.503424568219114521e-01
3.712510000000000332e+01 8.505771263706983776e-01
3.714750000000000085e+01 8.507343389358577035e-01
3.717000000000000171e+01 8.509103060278788710e-01
3.719239999999999924e+01 8.511061390866123677e-01
3.721479999999999677e+01 8.512431954286741043e-01
3.723729999999999762e+01 8.513802297131032315e-01
3.725970000000000226e+01 8.514580479313285100e-01
3.728209999999999980e+01 8.516130568906775666e-01
3.730460000000000065e+01 8.517882499698824494e-01
3.732699999999999818e+01 8.520019568903167695e-01
3.734940000000000282e+01 8.522943036961139196e-01
3.737189999999999657e+01 8.525674475977660371e-01
3.739430000000000121e+01 8.528212495996445597e-01
3.741669999999999874e+01 8.530553029009728672e-01
3.743919999999999959e+01 8.533279484960731853e-01
3.746159999999999712e+01 8.536201814577345504e-01
3.748400000000000176e+01 8.539321065885528972e-01
3.750650000000000261e+01 8.542636937541543407e-01
3.752890000000000015e+01 8.545369089564187615e-01
3.755129999999999768e+01 8.548101694245689997e-01
3.757379999999999853e+01 8.550443624016951238e-01
3.759620000000000317e+01 8.552784927488183975e-01
3.761860000000000070e+01 8.554734638450659512e-01
3.764099999999999824e+01 8.556681221663812176e-01
3.766349999999999909e+01 8.558240583192286977e-01
3.768589999999999662e+01 8.559795645014395271e-01
3.770830000000000126e+01 8.561347805944854450e-01
3.773080000000000211e+01 8.562699978600440964e-01
3.775319999999999965e+01 8.564826900915674113e-01
3.777559999999999718e+01 8.567734330865592884e-01
3.779809999999999803e+01 8.570835600134339982e-01
3.782050000000000267e+01 8.573939458258029722e-01
3.784290000000000020e+01 8.577429885506828722e-01
3.786540000000000106e+01 8.581502829391615128e-01
3.788779999999999859e+01 8.585580279191254993e-01
3.791020000000000323e+01 8.589653689910992096e-01
3.793269999999999698e+01 8.594502976894401458e-01
3.795510000000000161e+01 8.598782030926895859e-01
3.797749999999999915e+01 8.601900741244409287e-01
3.800000000000000000e+01 8.603849914794671205e-01
3.802239999999999753e+01 8.605413001314622390e-01
3.804480000000000217e+01 8.605811841402883910e-01
3.806730000000000302e+01 8.606387639362301778e-01
3.808970000000000056e+01 8.607544350535016875e-01
3.811209999999999809e+01 8.609280500061299302e-01
3.813459999999999894e+01 8.611016413406171743e-01
3.815699999999999648e+01 8.613524879186635896e-01
3.817940000000000111e+01 8.616227374103567760e-01
3.820179999999999865e+01 8.619511515068498664e-01
3.822429999999999950e+01 8.622604606158416063e-01
3.824669999999999703e+01 8.625890953706486508e-01
3.826910000000000167e+01 8.628601293875842737e-01
3.829160000000000252e+01 8.631310883765340725e-01
3.831400000000000006e+01 8.633440622954872135e-01
3.833639999999999759e+01 8.635183945733756472e-01
3.835889999999999844e+01 8.637114978316168257e-01
3.838130000000000308e+01 8.638855164716594537e-01
3.840370000000000061e+01 8.640786650285473547e-01
3.842620000000000147e+01 8.642137935854719011e-01
3.844859999999999900e+01 8.644068710232787334e-01
3.847099999999999653e+01 8.645610988929627316e-01
3.849349999999999739e+01 8.647155544390584536e-01
3.851590000000000202e+01 8.648119156233451399e-01
3.853829999999999956e+01 8.649269006158352147e-01
3.856080000000000041e+01 8.650611472742311125e-01
3.858319999999999794e+01 8.652717112811866285e-01
3.860560000000000258e+01 8.655788976328359086e-01
3.862810000000000343e+01 8.659248346881139868e-01
3.865050000000000097e+01 8.662519647880979612e-01
3.867289999999999850e+01 8.666177745984813274e-01
3.869539999999999935e+01 8.669071186193235690e-01
3.871779999999999688e+01 8.671387354241814061e-01
3.874020000000000152e+01 8.672550227359427932e-01
3.876270000000000238e+01 8.673513506371384185e-01
3.878509999999999991e+01 8.674663831463665931e-01
3.880749999999999744e+01 8.676386626515951717e-01
3.882990000000000208e+01 8.678685311708215222e-01
3.885240000000000293e+01 8.681179016612515786e-01
3.887480000000000047e+01 8.683677953392323623e-01
3.889719999999999800e+01 8.685793670813941603e-01
3.891969999999999885e+01 8.687136702857920501e-01
3.894210000000000349e+01 8.688667728164819470e-01
3.896450000000000102e+01 8.690771483017794008e-01
3.898700000000000188e+01 8.693452300895299079e-01
3.900939999999999941e+01 8.696134640991654008e-01
3.903179999999999694e+01 8.698817313880378155e-01
3.905429999999999779e+01 8.701499159821325380e-01
3.907670000000000243e+01 8.704181335798195640e-01
3.909909999999999997e+01 8.707246669103866354e-01
3.912160000000000082e+01 8.709931792573605280e-01
3.914399999999999835e+01 8.712618605519070192e-01
3.916640000000000299e+01 8.714729847310439537e-01
3.918889999999999674e+01 8.716845804493540406e-01
3.921130000000000138e+01 8.718005877016455907e-01
3.923369999999999891e+01 8.718392180639091826e-01
3.925619999999999976e+01 8.719346585169250874e-01
3.927859999999999729e+01 8.720489364949353117e-01
3.930100000000000193e+01 8.722201389827929363e-01
3.932350000000000279e+01 8.724491415114674631e-01
3.934590000000000032e+01 8.727165348808351153e-01
3.936829999999999785e+01 8.729841027093383499e-01
3.939079999999999870e+01 8.732331566239990295e-01
3.941320000000000334e+01 8.734250521684341351e-01
3.943560000000000088e+01 8.735783650529260758e-01
3.945799999999999841e+01 8.736935116212348751e-01
3.948049999999999926e+01 8.738277254066574296e-01
3.950289999999999679e+01 8.739424328549619814e-01
3.952530000000000143e+01 8.740763361233149231e-01
3.954780000000000229e+01 8.741726728416199244e-01
3.957019999999999982e+01 8.742493659985228760e-01
3.959259999999999735e+01 8.743069946554495875e-01
3.961509999999999820e+01 8.743068469082477812e-01
3.963750000000000284e+01 8.743634430540693225e-01
3.965990000000000038e+01 8.744578723801244013e-01
3.968240000000000123e+01 8.745907010030387063e-01
3.970479999999999876e+01 8.747229603280042287e-01
3.972720000000000340e+01 8.749126448867378114e-01
3.974969999999999715e+01 8.751403920683108462e-01
3.977210000000000178e+01 8.753876593058653732e-01
3.979449999999999932e+01 8.756349900425997035e-01
3.981700000000000017e+01 8.759014100743232056e-01
3.983939999999999770e+01 8.761109467983995147e-01
3.986180000000000234e+01 8.763586030770227353e-01
3.988430000000000319e+01 8.766060584448149839e-01
3.990670000000000073e+01 8.768159739690352117e-01
3.992909999999999826e+01 8.770067119299751468e-01
3.995159999999999911e+01 8.771975586473000908e-01
3.997399999999999665e+01 8.773695263689070822e-01
3.999640000000000128e+01 8.775037897931032838e-01
4.001879999999999882e+01 8.775997851990724463e-01
4.004129999999999967e+01 8.776771081735004199e-01
4.006369999999999720e+01 8.776783505264623697e-01
4.008610000000000184e+01 8.776791403444995643e-01
4.010860000000000269e+01 8.776228134343065923e-01
4.013100000000000023e+01 8.775471750414634009e-01
4.015339999999999776e+01 8.774707250648192680e-01
4.017589999999999861e+01 8.773751184983081819e-01
4.019830000000000325e+01 8.773349458016643787e-01
4.022070000000000078e+01 8.773525809526292463e-01
4.024320000000000164e+01 8.773702491711709017e-01
4.026559999999999917e+01 8.774431234255518630e-01
4.028799999999999670e+01 8.776315631473248224e-01
4.031049999999999756e+01 8.778574778638763565e-01
4.033290000000000219e+01 8.781409688214343312e-01
4.035529999999999973e+01 8.784435007117995520e-01
4.037780000000000058e+01 8.787652718502678706e-01
4.040019999999999811e+01 8.791061248451896848e-01
4.042260000000000275e+01 8.794471892857262940e-01
4.044509999999999650e+01 8.797696305897227953e-01
4.046750000000000114e+01 8.800354915814712076e-01
4.048989999999999867e+01 8.802821175641721840e-01
4.051239999999999952e+01 8.804717777900914477e-01
4.053479999999999706e+01 8.806615207056484040e-01
4.055720000000000169e+01 8.808699059269787801e-01
4.057970000000000255e+01 8.810409022263191448e-01
4.060210000000000008e+01 8.811738026719688754e-01
4.062449999999999761e+01 8.812880326425089894e-01
4.064690000000000225e+01 8.813832238339558423e-01
4.066940000000000310e+01 8.814211701909592245e-01
4.069180000000000064e+01 8.814591152979578403e-01
4.071419999999999817e+01 8.814776335232140658e-01
4.073669999999999902e+01 8.815334593502307525e-01
4.075909999999999656e+01 8.816457676279038091e-01
4.078150000000000119e+01 8.817961341594789948e-01
4.080400000000000205e+01 8.819842884150306261e-01
4.082639999999999958e+01 8.821914288301070384e-01
4.084879999999999711e+01 8.823987598044286118e-01
4.087129999999999797e+01 8.826440359814605729e-01
4.089370000000000260e+01 8.828513811473994721e-01
4.091610000000000014e+01 8.830964270993948428e-01
4.093860000000000099e+01 8.833414090741554814e-01
4.096099999999999852e+01 8.835865405270693085e-01
4.098340000000000316e+01 8.838314981081802912e-01
4.100589999999999691e+01 8.841331537005939767e-01
4.102830000000000155e+01 8.843972307747560713e-01
4.105069999999999908e+01 8.846803935129560204e-01
4.107319999999999993e+01 8.849448643164044004e-01
4.109559999999999746e+01 8.851526773240363521e-01
4.111800000000000210e+01 8.853793954063939875e-01
4.114050000000000296e+01 8.855310352382128602e-01
4.116290000000000049e+01 8.856446769739571012e-01
4.118529999999999802e+01 8.857960731235422491e-01
4.120770000000000266e+01 8.858544361587802340e-01
4.123020000000000351e+01 8.858548311300632472e-01
4.125260000000000105e+01 8.859299490680848654e-01
4.127499999999999858e+01 8.859505079051190890e-01
4.129749999999999943e+01 8.858192327954060863e-01
4.131989999999999696e+01 8.858169400056304932e-01
4.134230000000000160e+01 8.859482365036354112e-01
4.136480000000000246e+01 8.860046687083169559e-01
4.138719999999999999e+01 8.860788775562199460e-01
4.140959999999999752e+01 8.862287041014901279e-01
4.143209999999999837e+01 8.863412807132138305e-01
4.145450000000000301e+01 8.864529920039571076e-01
4.147690000000000055e+01 8.866402646708864133e-01
4.149940000000000140e+01 8.868655627936730124e-01
4.152179999999999893e+01 8.870719020541482092e-01
4.154419999999999646e+01 8.872972102083341861e-01
4.156669999999999732e+01 8.875603634470273784e-01
4.158910000000000196e+01 8.877299281507070594e-01
4.161149999999999949e+01 8.879183599103744884e-01
4.163400000000000034e+01 8.880315769816994331e-01
4.165639999999999787e+01 8.880884927775001270e-01
4.167880000000000251e+01 8.881450382188932346e-01
4.170130000000000337e+01 8.882010821073975659e-01
4.172370000000000090e+01 8.882570010465162813e-01
4.174609999999999843e+01 8.883877199797969304e-01
4.176859999999999928e+01 8.885186683268917474e-01
4.179099999999999682e+01 8.887059808042088171e-01
4.181340000000000146e+01 8.888559930046978641e-01
4.183579999999999899e+01 8.889874709252195695e-01
4.185829999999999984e+01 8.891001862702569980e-01
4.188069999999999737e+01 8.891942672961965499e-01
4.190310000000000201e+01 8.892504938459738772e-01
4.192560000000000286e+01 8.893250951155928785e-01
4.194800000000000040e+01 8.894183134507070987e-01
4.197039999999999793e+01 8.895303814925888952e-01
4.199289999999999878e+01 8.896423233655311735e-01
4.201530000000000342e+01 8.897543718621540032e-01
4.203770000000000095e+01 8.899225943591658750e-01
4.206020000000000181e+01 8.899983025891695654e-01
4.208259999999999934e+01 8.900528956874438347e-01
4.210499999999999687e+01 8.902210742459945036e-01
4.212749999999999773e+01 8.903331777445359085e-01
4.214990000000000236e+01 8.904632430789081177e-01
4.217229999999999990e+01 8.906124425651437138e-01
4.219480000000000075e+01 8.907988461197883234e-01
4.221719999999999828e+01 8.910416376053095222e-01
4.223960000000000292e+01 8.912284644201258210e-01
4.226209999999999667e+01 8.914151575441418007e-01
4.228450000000000131e+01 8.916021016319789494e-01
4.230689999999999884e+01 8.917885316572257137e-01
4.232939999999999969e+01 8.919750250795970281e-01
4.235179999999999723e+01 8.921986661776851735e-01
4.237420000000000186e+01 8.924596157776141236e-01
4.239670000000000272e+01 8.927765094347350772e-01
4.241910000000000025e+01 8.931123847852040498e-01
4.244149999999999778e+01 8.934672136172580048e-01
4.246390000000000242e+01 8.938035253145997228e-01
4.248640000000000327e+01 8.940843635525611566e-01
4.250880000000000081e+01 8.942721976244867310e-01
4.253119999999999834e+01 8.943480659824484258e-01
4.255369999999999919e+01 8.943300645647440650e-01
4.257609999999999673e+01 8.943491299133171646e-01
4.259850000000000136e+01 8.943489140212876887e-01
4.262100000000000222e+01 8.943855447859588859e-01
4.264339999999999975e+01 8.945152478124853701e-01
4.266579999999999728e+01 8.947196637990220136e-01
4.268829999999999814e+01 8.949242409008228982e-01
4.271070000000000277e+01 8.951289717519645972e-01
4.273310000000000031e+01 8.953523690826752368e-01
4.275560000000000116e+01 8.955945179612261331e-01
4.277799999999999869e+01 8.958178986047449222e-01
4.280040000000000333e+01 8.960415255910796350e-01
4.282289999999999708e+01 8.962467132800252534e-01
4.284530000000000172e+01 8.964330653876836363e-01
4.286769999999999925e+01 8.966386171680456041e-01
4.289020000000000010e+01 8.967693775008008794e-01
4.291259999999999764e+01 8.968633091481226227e-01
4.293500000000000227e+01 8.969385633303854632e-01
4.295750000000000313e+01 8.969760784362954542e-01
4.297990000000000066e+01 8.970319359989061825e-01
4.300229999999999819e+01 8.971249454086041020e-01
4.302470000000000283e+01 8.972550950840179063e-01
4.304719999999999658e+01 8.973854668134522150e-01
4.306960000000000122e+01 8.974974980523346968e-01
4.309199999999999875e+01 8.975538218745748864e-01
4.311449999999999960e+01 8.976282160439691404e-01
4.313689999999999714e+01 8.977028554983292885e-01
4.315930000000000177e+01 8.977771126337176222e-01
4.318180000000000263e+01 8.978517429790465743e-01
4.320420000000000016e+01 8.979258609388938162e-01
4.322659999999999769e+01 8.980372166224196429e-01
4.324909999999999854e+01 8.981497126728573699e-01
4.327150000000000318e+01 8.981691873350023947e-01
4.329390000000000072e+01 8.981328787746604148e-01
4.331640000000000157e+01 8.980402289985477404e-01
4.333879999999999910e+01 8.979654555621894296e-01
4.336119999999999663e+01 8.978898944821207539e-01
4.338369999999999749e+01 8.979067969112658476e-01
4.340610000000000213e+01 8.979977638116610761e-01
4.342849999999999966e+01 8.981818175999819465e-01
4.345100000000000051e+01 8.984404320532547450e-01
4.347339999999999804e+01 8.987366369712836978e-01
4.349580000000000268e+01 8.990144298770289533e-01
4.351830000000000354e+01 8.992925670502985858e-01
4.354070000000000107e+01 8.995523075470046592e-01
4.356309999999999860e+01 8.997382161846759763e-01
4.358559999999999945e+01 8.999050206848415723e-01
4.360799999999999699e+01 9.001089379697255755e-01
4.363040000000000163e+01 9.002948650211923809e-01
4.365279999999999916e+01 9.004246669931847968e-01
4.367530000000000001e+01 9.005729578528476331e-01
4.369769999999999754e+01 9.007211095474347839e-01
4.372010000000000218e+01 9.008873898770106692e-01
4.374260000000000304e+01 9.011092424358807529e-01
4.376500000000000057e+01 9.014049997199400366e-01
4.378739999999999810e+01 9.017755102701332515e-01
4.380989999999999895e+01 9.020549703512629192e-01
4.383229999999999649e+01 9.022417335622655576e-01
4.385470000000000113e+01 9.023189772075633774e-01
4.387720000000000198e+01 9.022297765311870776e-01
4.389959999999999951e+01 9.020288228499679928e-01
4.392199999999999704e+01 9.018254152195456230e-01
4.394449999999999790e+01 9.016962008197606515e-01
4.396690000000000254e+01 9.015659004529088527e-01
4.398930000000000007e+01 9.015638203127107619e-01
4.401180000000000092e+01 9.017108218224523242e-01
4.403419999999999845e+01 9.018586678466915529e-01
4.405660000000000309e+01 9.020070664454420406e-01
4.407909999999999684e+01 9.020636648182690509e-01
4.410150000000000148e+01 9.020831844987381443e-01
4.412389999999999901e+01 9.020469924888112612e-01
4.414639999999999986e+01 9.020100412601044226e-01
4.416879999999999740e+01 9.019912607677832428e-01
4.419120000000000203e+01 9.019908071398504701e-01
4.421359999999999957e+01 9.020089828599747728e-01
4.423610000000000042e+01 9.020459342187331364e-01
4.425849999999999795e+01 9.020645593679650354e-01
4.428090000000000259e+01 9.020645593679650354e-01
4.430340000000000344e+01 9.020274587285171952e-01
4.432580000000000098e+01 9.019899101000297126e-01
4.434819999999999851e+01 9.019885900807901313e-01
4.437069999999999936e+01 9.020428706309333577e-01
4.439309999999999690e+01 9.021342595303312173e-01
4.441550000000000153e+01 9.022628747902990964e-01
4.443800000000000239e+01 9.023916170792082303e-01
4.446039999999999992e+01 9.025018813452106992e-01
4.448279999999999745e+01 9.026494650356706728e-01
4.450529999999999831e+01 9.028154850644410923e-01
4.452770000000000294e+01 9.029450957218762008e-01
4.455010000000000048e+01 9.030562362813889798e-01
4.457260000000000133e+01 9.030938268703639915e-01
4.459499999999999886e+01 9.030939643290589736e-01
4.461740000000000350e+01 9.030942403774802063e-01
4.463989999999999725e+01 9.030939643290589736e-01
4.466230000000000189e+01 9.030935530840097369e-01
4.468469999999999942e+01 9.030928752158715600e-01
4.470720000000000027e+01 9.031291143308405323e-01
4.472959999999999781e+01 9.031466477285132743e-01
4.475200000000000244e+01 9.032196835156836023e-01
4.477450000000000330e+01 9.032926019067629708e-01
4.479690000000000083e+01 9.034210002275215867e-01
4.481929999999999836e+01 9.035311908704406481e-01
4.484170000000000300e+01 9.036414942347176238e-01
4.486419999999999675e+01 9.037515506341597948e-01
4.488660000000000139e+01 9.038432809017604708e-01
4.490899999999999892e+01 9.039534450673313293e-01
4.493149999999999977e+01 9.041003571406683870e-01
4.495389999999999731e+01 9.042475904072887483e-01
4.497630000000000194e+01 9.043948013570167754e-01
4.499880000000000280e+01 9.045235649456223603e-01
4.502120000000000033e+01 9.046339991420077054e-01
4.504359999999999786e+01 9.047626218315502067e-01
4.506609999999999872e+01 9.048915553859164795e-01
4.508850000000000335e+01 9.049834221726359429e-01
4.511090000000000089e+01 9.051304143587669548e-01
4.513340000000000174e+01 9.052407782904231537e-01
4.515579999999999927e+01 9.053695374595248646e-01
4.517819999999999681e+01 9.054800856240035056e-01
4.520069999999999766e+01 9.055905138365504259e-01
4.522310000000000230e+01 9.056641251655946911e-01
4.524549999999999983e+01 9.057559185919146216e-01
4.526800000000000068e+01 9.058474950289209238e-01
4.529039999999999822e+01 9.059576709184997689e-01
4.531280000000000285e+01 9.060312525579156118e-01
4.533529999999999660e+01 9.061230151135536426e-01
4.535770000000000124e+01 9.062146682464566894e-01
4.538009999999999877e+01 9.062881277953452885e-01
4.540259999999999962e+01 9.063608858501731591e-01
4.542499999999999716e+01 9.065075888764716483e-01
4.544740000000000180e+01 9.066544652058633469e-01
4.546979999999999933e+01 9.067828452319870447e-01
4.549230000000000018e+01 9.069113042547857217e-01
4.551469999999999771e+01 9.070764017199799412e-01
4.553710000000000235e+01 9.072048231545392083e-01
4.555960000000000321e+01 9.073515962171985194e-01
4.558200000000000074e+01 9.075168025199101818e-01
4.560439999999999827e+01 9.076453462129655536e-01
4.562689999999999912e+01 9.077921405928470744e-01
4.564929999999999666e+01 9.079390016682554743e-01
4.567170000000000130e+01 9.080310499150782144e-01
4.569420000000000215e+01 9.081411689081575478e-01
4.571659999999999968e+01 9.082329245377360749e-01
4.573899999999999721e+01 9.083065054802426097e-01
4.576149999999999807e+01 9.083612758662471531e-01
4.578390000000000271e+01 9.084343926809459457e-01
4.580630000000000024e+01 9.085440193481468807e-01
4.582880000000000109e+01 9.086353003219990176e-01
4.585119999999999862e+01 9.087633456139426746e-01
4.587360000000000326e+01 9.089096330974214544e-01
4.589609999999999701e+01 9.090927351187882977e-01
4.591850000000000165e+01 9.092758037948459604e-01
4.594089999999999918e+01 9.094225063365062312e-01
4.596340000000000003e+01 9.095687859500047878e-01
4.598579999999999757e+01 9.097700854256769443e-01
4.600820000000000221e+01 9.099715755923006855e-01
4.603059999999999974e+01 9.101546322136553346e-01
4.605310000000000059e+01 9.103377295956145421e-01
4.607549999999999812e+01 9.105210236419761793e-01
4.609790000000000276e+01 9.107042046710093208e-01
4.612039999999999651e+01 9.108691331386602474e-01
4.614280000000000115e+01 9.110706218901191145e-01
4.616519999999999868e+01 9.112172827070063041e-01
4.618769999999999953e+01 9.113458069885708168e-01
4.621009999999999707e+01 9.114742393180711444e-01
4.623250000000000171e+01 9.115842917162566561e-01
4.625500000000000256e+01 9.116580447080451233e-01
4.627740000000000009e+01 9.117134366367865006e-01
4.629979999999999762e+01 9.117502759715538918e-01
4.632229999999999848e+01 9.117689333572400745e-01
4.634470000000000312e+01 9.117690288210893446e-01
4.636710000000000065e+01 9.117507496551398027e-01
4.638960000000000150e+01 9.117504643456766367e-01
4.641199999999999903e+01 9.117681828374059050e-01
4.643439999999999657e+01 9.118590260900120148e-01
4.645689999999999742e+01 9.119498736971969333e-01
4.647930000000000206e+01 9.120955449105728752e-01
4.650169999999999959e+01 9.122229365455458705e-01
4.652420000000000044e+01 9.124235539149179175e-01
4.654659999999999798e+01 9.126060326732587935e-01
4.656900000000000261e+01 9.128068156079928164e-01
4.659150000000000347e+01 9.130076353048768301e-01
4.661390000000000100e+01 9.131903222987206581e-01
4.663629999999999853e+01 9.133913031151026374e-01
4.665870000000000317e+01 9.135922427838756299e-01
4.668119999999999692e+01 9.137568330574590281e-01
4.670360000000000156e+01 9.139032534402831143e-01
4.672599999999999909e+01 9.140316092086880895e-01
4.674849999999999994e+01 9.141234137931064652e-01
4.677089999999999748e+01 9.141969964590964670e-01
4.679330000000000211e+01 9.142340345854653716e-01
4.681580000000000297e+01 9.142347254294737047e-01
4.683820000000000050e+01 9.141802355793795520e-01
4.686059999999999803e+01 9.141254412572334953e-01
4.688309999999999889e+01 9.141247476201220801e-01
4.690550000000000352e+01 9.141967123431608000e-01
4.692790000000000106e+01 9.143783488962312633e-01
4.695040000000000191e+01 9.145604170489042284e-01
4.697279999999999944e+01 9.147791606782610385e-01
4.699519999999999698e+01 9.149616983174175822e-01
4.701769999999999783e+01 9.151263716866265829e-01
4.704010000000000247e+01 9.152181027055740214e-01
4.706250000000000000e+01 9.152736262731323569e-01
4.708500000000000085e+01 9.152562373865854584e-01
4.710739999999999839e+01 9.152019216444517991e-01
4.712980000000000302e+01 9.151110765123369184e-01
4.715229999999999677e+01 9.150553980980895563e-01
4.717470000000000141e+01 9.151088357641429250e-01
4.719709999999999894e+01 9.152353524594734058e-01
4.721949999999999648e+01 9.154166904172891250e-01
4.724199999999999733e+01 9.156527997095572635e-01
4.726440000000000197e+01 9.158891236506221389e-01
4.728679999999999950e+01 9.161436690053409437e-01
4.730930000000000035e+01 9.164529642576393353e-01
4.733169999999999789e+01 9.167988669541686786e-01
4.735410000000000252e+01 9.171273067154943615e-01
4.737660000000000338e+01 9.173656679340166376e-01
4.739900000000000091e+01 9.174768826203529848e-01
4.742139999999999844e+01 9.174435163682463923e-01
4.744389999999999930e+01 9.173002505508086601e-01
4.746629999999999683e+01 9.171562878667532948e-01
4.748870000000000147e+01 9.169218730704643550e-01
4.751120000000000232e+01 9.166494650276491019e-01
4.753359999999999985e+01 9.164122761014192875e-01
4.755599999999999739e+01 9.162116806957953941e-01
4.757849999999999824e+01 9.160282112377066133e-01
4.760090000000000288e+01 9.159536881103019779e-01
4.762330000000000041e+01 9.159518961754383737e-01
4.764580000000000126e+01 9.160049933492937502e-01
4.766819999999999879e+01 9.160946421452663690e-01
4.769060000000000343e+01 9.162933699362409978e-01
4.771309999999999718e+01 9.165292821976788185e-01
4.773550000000000182e+01 9.167656434949845723e-01
4.775789999999999935e+01 9.170020449196054635e-01
4.778040000000000020e+01 9.171665268770691215e-01
4.780279999999999774e+01 9.172225359159190683e-01
4.782520000000000238e+01 9.171686870437650851e-01
4.784759999999999991e+01 9.170602162194315676e-01
4.787010000000000076e+01 9.168961907135957379e-01
4.789249999999999829e+01 9.167860217152570268e-01
4.791490000000000293e+01 9.167298963908228071e-01
4.793739999999999668e+01 9.168004326336119947e-01
4.795980000000000132e+01 9.169987227200721014e-01
4.798219999999999885e+01 9.173246904478624675e-01
4.800469999999999970e+01 9.176691664167303530e-01
4.802709999999999724e+01 9.180321656333687574e-01
4.804950000000000188e+01 9.183592914387961326e-01
4.807200000000000273e+01 9.186501091697418797e-01
4.809440000000000026e+01 9.189227966295112626e-01
4.811679999999999779e+01 9.191413820331134632e-01
4.813929999999999865e+01 9.193417357174902271e-01
4.816170000000000329e+01 9.195061242339999108e-01
4.818410000000000082e+01 9.195983627910039315e-01
4.820660000000000167e+01 9.195821682369752503e-01
4.822899999999999920e+01 9.195105660096150046e-01
4.825139999999999674e+01 9.194568758717306389e-01
4.827389999999999759e+01 9.193669410337772518e-01
4.829630000000000223e+01 9.192581686798150242e-01
4.831869999999999976e+01 9.192213245581056791e-01
4.834120000000000061e+01 9.192394549269523596e-01
4.836359999999999815e+01 9.192210935366688096e-01
4.838600000000000279e+01 9.192392239191840009e-01
4.840849999999999653e+01 9.192391089515873359e-01
4.843090000000000117e+01 9.192572389833789659e-01
4.845329999999999870e+01 9.192568962460261339e-01
4.847570000000000334e+01 9.192747992499659127e-01
4.849819999999999709e+01 9.193466431739222289e-01
4.852060000000000173e+01 9.194369486587467000e-01
4.854299999999999926e+01 9.195457004597827888e-01
4.856550000000000011e+01 9.196365371335740724e-01
4.858789999999999765e+01 9.196557807199835510e-01
4.861030000000000229e+01 9.195834039614376731e-01
4.863280000000000314e+01 9.195106794464146249e-01
4.865520000000000067e+01 9.194376133621334768e-01
4.867759999999999820e+01 9.194358694040440927e-01
4.870009999999999906e+01 9.195794192158786018e-01
4.872249999999999659e+01 9.197960807563981822e-01
4.874490000000000123e+01 9.200130986683137113e-01
4.876740000000000208e+01 9.202668699665591534e-01
4.878979999999999961e+01 9.204483456240429851e-01
4.881219999999999715e+01 9.206299916741528255e-01
4.883469999999999800e+01 9.207758289060151702e-01
4.885710000000000264e+01 9.208311876684195374e-01
4.887950000000000017e+01 9.208499395513051189e-01
4.890200000000000102e+01 9.208506054680686281e-01
4.892439999999999856e+01 9.208510565257050917e-01
4.894680000000000319e+01 9.208152009069429100e-01
4.896929999999999694e+01 9.208154307306937181e-01
4.899170000000000158e+01 9.207975626476945230e-01
4.901409999999999911e+01 9.207438470035045341e-01
4.903649999999999665e+01 9.206895437820473704e-01
4.905899999999999750e+01 9.206167826051908643e-01
4.908140000000000214e+01 9.205625888127683121e-01
4.910379999999999967e+01 9.205074634515474363e-01
4.912630000000000052e+01 9.204892435450079402e-01
4.914869999999999806e+01 9.204163637843451040e-01
4.917110000000000269e+01 9.203613698002935939e-01
4.919360000000000355e+01 9.203060607361053247e-01
4.921600000000000108e+01 9.203050023527210577e-01
4.923839999999999861e+01 9.203764143515495988e-01
4.926089999999999947e+01 9.204659631784053442e-01
4.928329999999999700e+01 9.205556327546307038e-01
4.930570000000000164e+01 9.206818004540860967e-01
4.932820000000000249e+01 9.207897750690717809e-01
4.935060000000000002e+01 9.209160259993804942e-01
4.937299999999999756e+01 9.210601936934176281e-01
4.939549999999999841e+01 9.212226961434114569e-01
4.941790000000000305e+01 9.213850943558961060e-01
4.944030000000000058e+01 9.216018867220924227e-01
4.946280000000000143e+01 9.217646292366512562e-01
4.948519999999999897e+01 9.219455814898384061e-01
4.950759999999999650e+01 9.220724402350515270e-01
4.953009999999999735e+01 9.221812144891662344e-01
4.955250000000000199e+01 9.222536703285909576e-01
4.957489999999999952e+01 9.223080518091058000e-01
4.959740000000000038e+01 9.223623459726393303e-01
4.961979999999999791e+01 9.224163819203452519e-01
4.964220000000000255e+01 9.224703324705041396e-01
4.966460000000000008e+01 9.225424315346256732e-01
4.968710000000000093e+01 9.226687997553846277e-01
4.970949999999999847e+01 9.227591937155802393e-01
4.973190000000000310e+01 9.227954819342599757e-01
4.975439999999999685e+01 9.228137942780899605e-01
4.977680000000000149e+01 9.228128864023688038e-01
4.979919999999999902e+01 9.229026284850730955e-01
4.982169999999999987e+01 9.230467003332168963e-01
4.984409999999999741e+01 9.232088116113305043e-01
4.986650000000000205e+01 9.233892463883447421e-01
4.988900000000000290e+01 9.235516744029723668e-01
4.991140000000000043e+01 9.236779875574246956e-01
4.993379999999999797e+01 9.238404389663711358e-01
4.995629999999999882e+01 9.239848247869111297e-01
4.997870000000000346e+01 9.241291883555946551e-01
5.000110000000000099e+01 9.242916368277529493e-01
5.002360000000000184e+01 9.244002795115950910e-01
5.004599999999999937e+01 9.245088422477188983e-01
5.006839999999999691e+01 9.245813499195094654e-01
5.009089999999999776e+01 9.246718847698682797e-01
5.011330000000000240e+01 9.247264590095592984e-01
5.013569999999999993e+01 9.247631077965091650e-01
5.015820000000000078e+01 9.247455271129805254e-01
5.018059999999999832e+01 9.247098410662373258e-01
5.020300000000000296e+01 9.246199026182971847e-01
5.022549999999999670e+01 9.245476178940841283e-01
5.024790000000000134e+01 9.245108501459540218e-01
5.027029999999999887e+01 9.245282705781761035e-01
5.029270000000000351e+01 9.245997030789826487e-01
5.031519999999999726e+01 9.246713129660926178e-01
5.033760000000000190e+01 9.247972331145782876e-01
5.035999999999999943e+01 9.248871788284532824e-01
5.038250000000000028e+01 9.249951352133137794e-01
5.040489999999999782e+01 9.251210959816690282e-01
5.042730000000000246e+01 9.252471946902234290e-01
5.044980000000000331e+01 9.253371777236372164e-01
5.047220000000000084e+01 9.254453150918158233e-01
5.049459999999999837e+01 9.255536739902829879e-01
5.051709999999999923e+01 9.255720774442492971e-01
5.053949999999999676e+01 9.255898447172894450e-01
5.056190000000000140e+01 9.256436258221627522e-01
5.058440000000000225e+01 9.256973301461258741e-01
5.060679999999999978e+01 9.257691153839442411e-01
5.062919999999999732e+01 9.258947523568802351e-01
5.065169999999999817e+01 9.260385966759968612e-01
5.067410000000000281e+01 9.261647175494084339e-01
5.069650000000000034e+01 9.262549862720679261e-01
5.071900000000000119e+01 9.262909721559939857e-01
5.074139999999999873e+01 9.263807812077995418e-01
5.076380000000000337e+01 9.264706568859515379e-01
5.078629999999999711e+01 9.265783647665897238e-01
5.080870000000000175e+01 9.267044120136055385e-01
5.083109999999999928e+01 9.268124611347355879e-01
5.085349999999999682e+01 9.268845375433268918e-01
5.087599999999999767e+01 9.269386298548849545e-01
5.089840000000000231e+01 9.269924928384370988e-01
5.092079999999999984e+01 9.270644059462284092e-01
5.094330000000000069e+01 9.271181872335308993e-01
5.096569999999999823e+01 9.272078434446886508e-01
5.098810000000000286e+01 9.272975668430220031e-01
5.101059999999999661e+01 9.274231531002188333e-01
5.103300000000000125e+01 9.275489391524626148e-01
5.105539999999999878e+01 9.276747081501044434e-01
5.107789999999999964e+01 9.278184950891805727e-01
5.110029999999999717e+01 9.279622600531357568e-01
5.112270000000000181e+01 9.280702334543152743e-01
5.114520000000000266e+01 9.282141831575383417e-01
5.116760000000000019e+01 9.283044095720122124e-01
5.118999999999999773e+01 9.283765306634405023e-01
5.121249999999999858e+01 9.284307006967875697e-01
5.123490000000000322e+01 9.284848730488709512e-01
5.125730000000000075e+01 9.285210165143318317e-01
5.127980000000000160e+01 9.285749449578025727e-01
5.130219999999999914e+01 9.286110059284904406e-01
5.132459999999999667e+01 9.286470668607231804e-01
5.134709999999999752e+01 9.286650135540187589e-01
5.136950000000000216e+01 9.287008224984235616e-01
5.139189999999999969e+01 9.287725200136051074e-01
5.141440000000000055e+01 9.288442123671871720e-01
5.143679999999999808e+01 9.289517822392732160e-01
5.145920000000000272e+01 9.290595042281228899e-01
5.148160000000000025e+01 9.291854005061694899e-01
5.150410000000000110e+01 9.292756733575551209e-01
5.152649999999999864e+01 9.293119772903851716e-01
5.154890000000000327e+01 9.293661320306786378e-01
5.157139999999999702e+01 9.293485588341998671e-01
5.159380000000000166e+01 9.293666739284118794e-01
5.161619999999999919e+01 9.293488323938650097e-01
5.163870000000000005e+01 9.293488323938650097e-01
5.166109999999999758e+01 9.293844246435104539e-01
5.168350000000000222e+01 9.294201084677055080e-01
5.170600000000000307e+01 9.295095843643529365e-01
5.172840000000000060e+01 9.296349092892487453e-01
5.175079999999999814e+01 9.297425582072901262e-01
5.177329999999999899e+01 9.298862204074099802e-01
5.179569999999999652e+01 9.300124014871564704e-01
5.181810000000000116e+01 9.300489929811651679e-01
5.184060000000000201e+01 9.300855071382537753e-01
5.186299999999999955e+01 9.300683807047552820e-01
5.188539999999999708e+01 9.300331505803892673e-01
5.190789999999999793e+01 9.299439597476791830e-01
5.193030000000000257e+01 9.298723746492891795e-01
5.195270000000000010e+01 9.297829647510968964e-01
5.197520000000000095e+01 9.296932319479476181e-01
5.199759999999999849e+01 9.296568589275683303e-01
5.202000000000000313e+01 9.296026664677937701e-01
5.204240000000000066e+01 9.296019633364601686e-01
5.206490000000000151e+01 9.296192052834487685e-01
5.208729999999999905e+01 9.296905299864660632e-01
5.210969999999999658e+01 9.297437421243879285e-01
5.213219999999999743e+01 9.298509191346384650e-01
5.215460000000000207e+01 9.299581801529566150e-01
5.217699999999999960e+01 9.300835315152949923e-01
5.219950000000000045e+01 9.302091381475734444e-01
5.222189999999999799e+01 9.303168147034964752e-01
5.224430000000000263e+01 9.304246656287662454e-01
5.226680000000000348e+01 9.304964996744210515e-01
5.228920000000000101e+01 9.305687100444728355e-01
5.231159999999999854e+01 9.306053062679253696e-01
5.233409999999999940e+01 9.305879948176065675e-01
5.235649999999999693e+01 9.305527857592300611e-01
5.237890000000000157e+01 9.304282410970954320e-01
5.240140000000000242e+01 9.302845123118722581e-01
5.242379999999999995e+01 9.301763965726143057e-01
5.244619999999999749e+01 9.300860995621239580e-01
5.246869999999999834e+01 9.301025606465326279e-01
5.249110000000000298e+01 9.301911303815387777e-01
5.251350000000000051e+01 9.303696566301454807e-01
5.253600000000000136e+01 9.305307769043471566e-01
5.255839999999999890e+01 9.306920454211791149e-01
5.258080000000000354e+01 9.308176547553150826e-01
5.260329999999999728e+01 9.308898131490470629e-01
5.262570000000000192e+01 9.309438899487481045e-01
5.264809999999999945e+01 9.309441693340521073e-01
5.267049999999999699e+01 9.309622596105158188e-01
5.269299999999999784e+01 9.309623541104387057e-01
5.271540000000000248e+01 9.309797870287817023e-01
5.273780000000000001e+01 9.310691989985345751e-01
5.276030000000000086e+01 9.311229904458477868e-01
5.278269999999999840e+01 9.311768725113276357e-01
5.280510000000000304e+01 9.311950526027640285e-01
5.282759999999999678e+01 9.312310370785547020e-01
5.285000000000000142e+01 9.312312283223848075e-01
5.287239999999999895e+01 9.312134273558451136e-01
5.289489999999999981e+01 9.311954337587127206e-01
5.291729999999999734e+01 9.311773446840435620e-01
5.293970000000000198e+01 9.311951473758187658e-01
5.296220000000000283e+01 9.311947703473373306e-01
5.298460000000000036e+01 9.312480903307933655e-01
5.300699999999999790e+01 9.313194905697351755e-01
5.302949999999999875e+01 9.314087805194837255e-01
5.305190000000000339e+01 9.314624597141432094e-01
5.307430000000000092e+01 9.315339366161438095e-01
5.309680000000000177e+01 9.316413680278308185e-01
5.311919999999999931e+01 9.317130125727191015e-01
5.314159999999999684e+01 9.318027214486455101e-01
5.316409999999999769e+01 9.318926113914256515e-01
5.318650000000000233e+01 9.319469268352109648e-01
5.320889999999999986e+01 9.319480045627036580e-01
5.323140000000000072e+01 9.318949590846085096e-01
5.325379999999999825e+01 9.317705886303161433e-01
5.327620000000000289e+01 9.316457966846155569e-01
5.329860000000000042e+01 9.314846770198895731e-01
5.332110000000000127e+01 9.313231102470206357e-01
5.334349999999999881e+01 9.312329094366315063e-01
5.336590000000000344e+01 9.311962125803557866e-01
5.338839999999999719e+01 9.311953379537936115e-01
5.341080000000000183e+01 9.312483684106257487e-01
5.343319999999999936e+01 9.312837909554688709e-01
5.345570000000000022e+01 9.313551891736263633e-01
5.347809999999999775e+01 9.314087805194837255e-01
5.350050000000000239e+01 9.314445669929473093e-01
5.352300000000000324e+01 9.314445669929473093e-01
5.354540000000000077e+01 9.314800814366381854e-01
5.356779999999999831e+01 9.315158651919764887e-01
5.359029999999999916e+01 9.315160452642691213e-01
5.361269999999999669e+01 9.314804429973095878e-01
5.363510000000000133e+01 9.314446579090599476e-01
5.365760000000000218e+01 9.314086899366152972e-01
5.367999999999999972e+01 9.313371128439592583e-01
5.370239999999999725e+01 9.312473639162113237e-01
5.372489999999999810e+01 9.312107788383602314e-01
5.374730000000000274e+01 9.311923693528918466e-01
5.376970000000000027e+01 9.312097675106231209e-01
5.379220000000000113e+01 9.312450747630912629e-01
5.381459999999999866e+01 9.312804713718407790e-01
5.383700000000000330e+01 9.313340022029460430e-01
5.385940000000000083e+01 9.313518196366401547e-01
5.388190000000000168e+01 9.313697917953711602e-01
5.390429999999999922e+01 9.313340022029460430e-01
5.392669999999999675e+01 9.312803152356037284e-01
5.394919999999999760e+01 9.311727772013578264e-01
5.397160000000000224e+01 9.310829005547388570e-01
5.399399999999999977e+01 9.309928042429531647e-01
5.401650000000000063e+01 9.309025128708350305e-01
5.403889999999999816e+01 9.308481292325004874e-01
5.406130000000000280e+01 9.308292816465352226e-01
5.408379999999999654e+01 9.308822407181273073e-01
5.410620000000000118e+01 9.309533134006240385e-01
5.412859999999999872e+01 9.310242701623906436e-01
5.415109999999999957e+01 9.311491543654494274e-01
5.417349999999999710e+01 9.312561949876109191e-01
5.419590000000000174e+01 9.313632064479792083e-01
5.421840000000000259e+01 9.314881984133072113e-01
5.424080000000000013e+01 9.316132247675211753e-01
5.426319999999999766e+01 9.317382792742745501e-01
5.428569999999999851e+01 9.318454402401861181e-01
5.430810000000000315e+01 9.319525685384393299e-01
5.433050000000000068e+01 9.320954862052248657e-01
5.435300000000000153e+01 9.322026337723048339e-01
5.437539999999999907e+01 9.323098256443921317e-01
5.439779999999999660e+01 9.324348828020091462e-01
5.442029999999999745e+01 9.325599042187632248e-01
5.444270000000000209e+01 9.326670243264754134e-01
5.446509999999999962e+01 9.327741783872094405e-01
5.448749999999999716e+01 9.328634393345551779e-01
5.450999999999999801e+01 9.329705452380402386e-01
5.453240000000000265e+01 9.330776619666140137e-01
5.455480000000000018e+01 9.331847587370628583e-01
5.457730000000000103e+01 9.333097327851147540e-01
5.459969999999999857e+01 9.334525270466847990e-01
5.462210000000000321e+01 9.335953257869721300e-01
5.464459999999999695e+01 9.337202562087907332e-01
5.466700000000000159e+01 9.338630351903407512e-01
5.468939999999999912e+01 9.339879409078479799e-01
5.471189999999999998e+01 9.341128379403083049e-01
5.473429999999999751e+01 9.342377186198547179e-01
5.475670000000000215e+01 9.343625829527680837e-01
5.477920000000000300e+01 9.344874309453252703e-01
5.480160000000000053e+01 9.345944353428095042e-01
5.482399999999999807e+01 9.347014218778791905e-01
5.484649999999999892e+01 9.348083965112150562e-01
5.486889999999999645e+01 9.349153592466675766e-01
5.489130000000000109e+01 9.350223146754713666e-01
5.491380000000000194e+01 9.351292532854366124e-01
5.493619999999999948e+01 9.352183632749173636e-01
5.495859999999999701e+01 9.353074566266853518e-01
5.498109999999999786e+01 9.353965496412880443e-01
5.500350000000000250e+01 9.355034500588697011e-01
5.502590000000000003e+01 9.356103347010440441e-01
5.504829999999999757e+01 9.356993988776660665e-01
5.507079999999999842e+01 9.357706441156017352e-01
5.509320000000000306e+01 9.358774985838196336e-01
5.511560000000000059e+01 9.359665344588060654e-01
5.513810000000000144e+01 9.360733697858280022e-01
5.516049999999999898e+01 9.361445865636578434e-01
5.518289999999999651e+01 9.362335999179112189e-01
5.520539999999999736e+01 9.363404022352845857e-01
5.522780000000000200e+01 9.363938000950050577e-01
5.525019999999999953e+01 9.365005844821499004e-01
5.527270000000000039e+01 9.365717687753610798e-01
5.529509999999999792e+01 9.366607415342597109e-01
5.531750000000000256e+01 9.367319117980682508e-01
5.534000000000000341e+01 9.368208693480455374e-01
5.536240000000000094e+01 9.368920293065573501e-01
5.538479999999999848e+01 9.369809716548803680e-01
5.540729999999999933e+01 9.370699040420799042e-01
5.542969999999999686e+01 9.371410450908645995e-01
5.545210000000000150e+01 9.372299626271471951e-01
5.547460000000000235e+01 9.373188729094333871e-01
5.549699999999999989e+01 9.373722150308738676e-01
5.551939999999999742e+01 9.374788901683276388e-01
5.554189999999999827e+01 9.375322231853769894e-01
5.556430000000000291e+01 9.376211048056901642e-01
5.558670000000000044e+01 9.376922040360287092e-01
5.560920000000000130e+01 9.377632978757739490e-01
5.563159999999999883e+01 9.378521575968012947e-01
5.565400000000000347e+01 9.379232384705353809e-01
5.567640000000000100e+01 9.380120830402368659e-01
5.569890000000000185e+01 9.380653852383292746e-01
5.572129999999999939e+01 9.381542161784134359e-01
5.574369999999999692e+01 9.382252750095078087e-01
5.576619999999999777e+01 9.382785656012112563e-01
5.578860000000000241e+01 9.383851377055513199e-01
5.581099999999999994e+01 9.384384192192190000e-01
5.583350000000000080e+01 9.385272150200725250e-01
5.585589999999999833e+01 9.385982456123954654e-01
5.587830000000000297e+01 9.386515150292288334e-01
5.590079999999999671e+01 9.387402906732688068e-01
5.592320000000000135e+01 9.388113051442588119e-01
5.594559999999999889e+01 9.388823142439098879e-01
5.596809999999999974e+01 9.389533179734407264e-01
5.599049999999999727e+01 9.390243163340694643e-01
5.601290000000000191e+01 9.390953093270139052e-01
5.603540000000000276e+01 9.391485505499116426e-01
5.605780000000000030e+01 9.392372792147182237e-01
5.608019999999999783e+01 9.393082561119112661e-01
5.610269999999999868e+01 9.393614852653903169e-01
5.612510000000000332e+01 9.394324527784493339e-01
5.614750000000000085e+01 9.395211546314430340e-01
5.617000000000000171e+01 9.395743717237077242e-01
5.619239999999999924e+01 9.396275858019494942e-01
5.621479999999999677e+01 9.396807968666807120e-01
5.623729999999999762e+01 9.397872099576584093e-01
5.625970000000000226e+01 9.398404119849284033e-01
5.628209999999999980e+01 9.398936110007344302e-01
5.630449999999999733e+01 9.399468070055879698e-01
5.632699999999999818e+01 9.400531899844816186e-01
5.634940000000000282e+01 9.401063769595439101e-01
5.637180000000000035e+01 9.401595609256973018e-01
5.639430000000000121e+01 9.402127418834527184e-01
5.641669999999999874e+01 9.402836451482783353e-01
5.643910000000000338e+01 9.403545430669576488e-01
5.646159999999999712e+01 9.404254356406998028e-01
5.648400000000000176e+01 9.404786015641185548e-01
5.650639999999999930e+01 9.405494847871286312e-01
5.652890000000000015e+01 9.406026436988859096e-01
5.655129999999999768e+01 9.406557996064943694e-01
5.657370000000000232e+01 9.407266694777323135e-01
5.659620000000000317e+01 9.407975340103735817e-01
5.661860000000000070e+01 9.408683932056243204e-01
5.664099999999999824e+01 9.409215341001253563e-01
5.666349999999999909e+01 9.409746719935310200e-01
5.668589999999999662e+01 9.410278068863497936e-01
5.670830000000000126e+01 9.410809387790900482e-01
5.673080000000000211e+01 9.411517766368326932e-01
5.675319999999999965e+01 9.412403164619188578e-01
5.677559999999999718e+01 9.412934363594241960e-01
5.679809999999999803e+01 9.413465532593897622e-01
5.682050000000000267e+01 9.413996671623233725e-01
5.684290000000000020e+01 9.414527780687320657e-01
5.686529999999999774e+01 9.415058859791229917e-01
5.688779999999999859e+01 9.415589908940029673e-01
5.691020000000000323e+01 9.416297927883690022e-01
5.693260000000000076e+01 9.417005893594843080e-01
5.695510000000000161e+01 9.417536832951596271e-01
5.697749999999999915e+01 9.418244705534749572e-01
5.699989999999999668e+01 9.418775575059282756e-01
5.702239999999999753e+01 9.419306414664156968e-01
5.704480000000000217e+01 9.419837224354428162e-01
5.706719999999999970e+01 9.420544924083036342e-01
5.708970000000000056e+01 9.421075663992231064e-01
5.711209999999999809e+01 9.421606374003674844e-01
5.713450000000000273e+01 9.422137054122416977e-01
5.715699999999999648e+01 9.422667704353511198e-01
5.717940000000000111e+01 9.423198324702004580e-01
5.720179999999999865e+01 9.423905772024675498e-01
5.722429999999999950e+01 9.424436322666730481e-01
5.724669999999999703e+01 9.424966843443005615e-01
5.726910000000000167e+01 9.425497334358542423e-01
5.729160000000000252e+01 9.426381419540940110e-01
5.731400000000000006e+01 9.426911830852491292e-01
5.733639999999999759e+01 9.427442212321784920e-01
5.735889999999999844e+01 9.427972563953856966e-01
5.738130000000000308e+01 9.428502885753743401e-01
5.740370000000000061e+01 9.429033177726476866e-01
5.742620000000000147e+01 9.429563439877090003e-01
5.744859999999999900e+01 9.430093672210613231e-01
5.747099999999999653e+01 9.430623874732078082e-01
5.749340000000000117e+01 9.431154047446508315e-01
5.751590000000000202e+01 9.431684190358934350e-01
5.753829999999999956e+01 9.432214303474378836e-01
5.756069999999999709e+01 9.432744386797866643e-01
5.758319999999999794e+01 9.433274440334419308e-01
5.760560000000000258e+01 9.433981132056603602e-01
5.762800000000000011e+01 9.434511116109832729e-01
5.765050000000000097e+01 9.435041070392856666e-01
5.767289999999999850e+01 9.435570994910693621e-01
5.769530000000000314e+01 9.436100889668358471e-01
5.771779999999999688e+01 9.436630754670863874e-01
5.774020000000000152e+01 9.437160589923220266e-01
5.776259999999999906e+01 9.437690395430441415e-01
5.778509999999999991e+01 9.438220171197533315e-01
5.780749999999999744e+01 9.438749917229505293e-01
5.782990000000000208e+01 9.439279633531364455e-01
5.785240000000000293e+01 9.439809320108113466e-01
5.787480000000000047e+01 9.440338976964757212e-01
5.789719999999999800e+01 9.440868604106298356e-01
5.791969999999999885e+01 9.441398201537736234e-01
5.794210000000000349e+01 9.441927769264071291e-01
5.796450000000000102e+01 9.442457307290301749e-01
5.798700000000000188e+01 9.442986815621421393e-01
5.800939999999999941e+01 9.443516294262428445e-01
5.803179999999999694e+01 9.444045743218315581e-01
5.805420000000000158e+01 9.444575162494075471e-01
5.807670000000000243e+01 9.445104552094698569e-01
5.809909999999999997e+01 9.445633912025174217e-01
5.812149999999999750e+01 9.446163242290490647e-01
5.814399999999999835e+01 9.446692542895634981e-01
5.816640000000000299e+01 9.447221813845591010e-01
5.818880000000000052e+01 9.447574644672921407e-01
5.821130000000000138e+01 9.448103866208640289e-01
5.823369999999999891e+01 9.448633058102461346e-01
5.825610000000000355e+01 9.449162220359361708e-01
5.827859999999999729e+01 9.449691352984321835e-01
5.830100000000000193e+01 9.450220455982318857e-01
5.832339999999999947e+01 9.450749529358328793e-01
5.834590000000000032e+01 9.451278573117324333e-01
5.836829999999999785e+01 9.451807587264282606e-01
5.839070000000000249e+01 9.452336571804171861e-01
5.841320000000000334e+01 9.452689211718183770e-01
5.843560000000000088e+01 9.453218146924006193e-01
5.845799999999999841e+01 9.453747052536011219e-01
5.848049999999999926e+01 9.454275928559168207e-01
5.850289999999999679e+01 9.454804774998440964e-01
5.852530000000000143e+01 9.455333591858794406e-01
5.854780000000000229e+01 9.455862379145190122e-01
5.857019999999999982e+01 9.456214887575260519e-01
5.859259999999999735e+01 9.456743625582750834e-01
5.861509999999999820e+01 9.457272334029510619e-01
5.863750000000000284e+01 9.457801012920498129e-01
5.865990000000000038e+01 9.458329662260668291e-01
5.868229999999999791e+01 9.458858282054974920e-01
5.870479999999999876e+01 9.459210678839258257e-01
5.872720000000000340e+01 9.459739249401468708e-01
5.874960000000000093e+01 9.460091613368939445e-01
5.877210000000000178e+01 9.460620134712804941e-01
5.879449999999999932e+01 9.461148626532263073e-01
5.881689999999999685e+01 9.461677088832260996e-01
5.883939999999999770e+01 9.462029380635001985e-01
5.886180000000000234e+01 9.462557793746889656e-01
5.888419999999999987e+01 9.463086177352502126e-01
5.890670000000000073e+01 9.463614531456783219e-01
5.892909999999999826e+01 9.464142856064673426e-01
5.895150000000000290e+01 9.464671151181112130e-01
5.897399999999999665e+01 9.465199416811036492e-01
5.899640000000000128e+01 9.465551577518694915e-01
5.901879999999999882e+01 9.466079794015401783e-01
5.904129999999999967e+01 9.466607981038754893e-01
5.906369999999999720e+01 9.466960089349343299e-01
5.908610000000000184e+01 9.467312184564317112e-01
5.910860000000000269e+01 9.467840302835699440e-01
5.913100000000000023e+01 9.468368391650168192e-01
5.915339999999999776e+01 9.468896451012651649e-01
5.917589999999999861e+01 9.469424480928078092e-01
5.919830000000000325e+01 9.469776484514651482e-01
5.922070000000000078e+01 9.470304465362592294e-01
5.924320000000000164e+01 9.470656436242068654e-01
5.926559999999999917e+01 9.471184368036202894e-01
5.928799999999999670e+01 9.471712270404614165e-01
5.931040000000000134e+01 9.472240143352222974e-01
5.933290000000000219e+01 9.472767986883945390e-01
5.935529999999999973e+01 9.473119866232032615e-01
5.937769999999999726e+01 9.473471732510033716e-01
5.940019999999999811e+01 9.473999507423813693e-01
5.942260000000000275e+01 9.474351341032974938e-01
5.944500000000000028e+01 9.474879066950318007e-01
5.946750000000000114e+01 9.475406763476348360e-01
5.948989999999999867e+01 9.475934430615976511e-01
5.951230000000000331e+01 9.476462068374110759e-01
5.953479999999999706e+01 9.476989676755658287e-01
5.955720000000000169e+01 9.477341399358789609e-01
5.957959999999999923e+01 9.477517255765527393e-01
5.960210000000000008e+01 9.478044805408620821e-01
5.962449999999999761e+01 9.478572325689841316e-01
5.964690000000000225e+01 9.479099816614093843e-01
5.966940000000000310e+01 9.479627278186275596e-01
5.969180000000000064e+01 9.480154710411288210e-01
5.971419999999999817e+01 9.480506315593065780e-01
5.973669999999999902e+01 9.480857907735283918e-01
5.975909999999999656e+01 9.481209486839394796e-01
5.978150000000000119e+01 9.481736831052279824e-01
5.980400000000000205e+01 9.482264145937580047e-01
5.982639999999999958e+01 9.482791431500184887e-01
5.984879999999999711e+01 9.483142938920618992e-01
5.987120000000000175e+01 9.483494433312367189e-01
5.989370000000000260e+01 9.484021650474373510e-01
5.991610000000000014e+01 9.484548838329984743e-01
5.993849999999999767e+01 9.484900280621474389e-01
5.996099999999999852e+01 9.485427419643952529e-01
5.998340000000000316e+01 9.485778829384543531e-01
6.000580000000000069e+01 9.486130226107306607e-01
6.002830000000000155e+01 9.486657296786189519e-01
6.005069999999999908e+01 9.487184338183097809e-01
6.007309999999999661e+01 9.487711350302909796e-01
6.009559999999999746e+01 9.488238333150504911e-01
6.011800000000000210e+01 9.488413987595608612e-01
6.014039999999999964e+01 9.488765286730758142e-01
6.016290000000000049e+01 9.489292211048548920e-01
6.018529999999999802e+01 9.489819106108748903e-01
6.020770000000000266e+01 9.490345971916233081e-01
6.023020000000000351e+01 9.490872808475870892e-01
6.025260000000000105e+01 9.490872808475870892e-01
6.027499999999999858e+01 9.491399615792533995e-01
6.029749999999999943e+01 9.491926393871091827e-01
6.031989999999999696e+01 9.492453142716410497e-01
6.034230000000000160e+01 9.492979862333358332e-01
6.036480000000000246e+01 9.493506552726799219e-01
6.038719999999999999e+01 9.493682109698007299e-01
6.040959999999999752e+01 9.494033213901595936e-01
6.043209999999999837e+01 9.494559845862612368e-01
6.045450000000000301e+01 9.495086448614707964e-01
6.047690000000000055e+01 9.495613022162743277e-01
6.049929999999999808e+01 9.495788540189803451e-01
6.052179999999999893e+01 9.496315074806648271e-01
6.054419999999999646e+01 9.496666081666063075e-01
6.056660000000000110e+01 9.497192567631060900e-01
6.058910000000000196e+01 9.497719024411421795e-01
6.061149999999999949e+01 9.497894503520240006e-01
6.063389999999999702e+01 9.498420921395303029e-01
6.065639999999999787e+01 9.498947310097051178e-01
6.067880000000000251e+01 9.499298219693212975e-01
6.070120000000000005e+01 9.499824559783546229e-01
6.072370000000000090e+01 9.499999999999999556e-01
6.074609999999999843e+01 9.500526301210895364e-01
6.076850000000000307e+01 9.501052573267868562e-01
6.079099999999999682e+01 9.501578816175763054e-01
6.081340000000000146e+01 9.501754224001657256e-01
6.083579999999999899e+01 9.502105029939418301e-01
6.085829999999999984e+01 9.502631214563680428e-01
6.088069999999999737e+01 9.503157370053385566e-01
6.090310000000000201e+01 9.503683496413377618e-01
6.092560000000000286e+01 9.503683496413377618e-01
6.094800000000000040e+01 9.504209593648489385e-01
6.097039999999999793e+01 9.504735661763561438e-01
6.099289999999999878e+01 9.505261700763424360e-01
6.101530000000000342e+01 9.505612377257273149e-01
6.103770000000000095e+01 9.505787710652915390e-01
6.106009999999999849e+01 9.506313691436865110e-01
6.108259999999999934e+01 9.506839643120105210e-01
6.110499999999999687e+01 9.507365565707462940e-01
6.112740000000000151e+01 9.507540866771666543e-01
6.114990000000000236e+01 9.507891459203769990e-01
6.117229999999999990e+01 9.508417323613851391e-01
6.119469999999999743e+01 9.508943158942533280e-01
6.121719999999999828e+01 9.509293699674369327e-01
6.123960000000000292e+01 9.509644227484713719e-01
6.126200000000000045e+01 9.509994742374991983e-01
6.128450000000000131e+01 9.510520490488414413e-01
6.130689999999999884e+01 9.510870973084781799e-01
6.132930000000000348e+01 9.511221442766082390e-01
6.135179999999999723e+01 9.511747123075409149e-01
6.137420000000000186e+01 9.512097560475291091e-01
6.139659999999999940e+01 9.512447984965103354e-01
6.141910000000000025e+01 9.512798396546272572e-01
6.144149999999999778e+01 9.513323989717439311e-01
6.146390000000000242e+01 9.513849553852179453e-01
6.148640000000000327e+01 9.514024735445386627e-01
6.150880000000000081e+01 9.514375088955308035e-01
6.153119999999999834e+01 9.514900595031633435e-01
6.155369999999999919e+01 9.515426072085965137e-01
6.157609999999999673e+01 9.515601224655574342e-01
6.159850000000000136e+01 9.515951520123110408e-01
6.162100000000000222e+01 9.516476939147876513e-01
6.164339999999999975e+01 9.517002329165067387e-01
6.166579999999999728e+01 9.517352573063582177e-01
6.168820000000000192e+01 9.517527690179490296e-01
6.171070000000000277e+01 9.518053022195943624e-01
6.173310000000000031e+01 9.518578325219230196e-01
6.175549999999999784e+01 9.518928511129810532e-01
6.177799999999999869e+01 9.519103599254150616e-01
6.180040000000000333e+01 9.519628844305503268e-01
6.182280000000000086e+01 9.520154060378084315e-01
6.184530000000000172e+01 9.520504188329522721e-01
6.186769999999999925e+01 9.520854303405060781e-01
6.189009999999999678e+01 9.521204405606116250e-01
6.191259999999999764e+01 9.521729534771156134e-01
6.193500000000000227e+01 9.522079604792221819e-01
6.195739999999999981e+01 9.522429661943776491e-01
6.197990000000000066e+01 9.522779706227237906e-01
6.200229999999999819e+01 9.523304748527862129e-01
6.202470000000000283e+01 9.523654760647300987e-01
6.204719999999999658e+01 9.524004759903612616e-01
6.206960000000000122e+01 9.524354746298214769e-01
6.209199999999999875e+01 9.524704719832526312e-01
6.211449999999999960e+01 9.525054680507963889e-01
6.213689999999999714e+01 9.525579597413832422e-01
6.215930000000000177e+01 9.525929525948285681e-01
6.218180000000000263e+01 9.526279441628825451e-01
6.220420000000000016e+01 9.526629344456866155e-01
6.222659999999999769e+01 9.527154174603592596e-01
6.224909999999999854e+01 9.527329111561120278e-01
6.227150000000000318e+01 9.527853903162033511e-01
6.229390000000000072e+01 9.528203748171355514e-01
6.231629999999999825e+01 9.528728491601944350e-01
6.233879999999999910e+01 9.528903399657276951e-01
6.236119999999999663e+01 9.529253206136704124e-01
6.238360000000000127e+01 9.529777891780408794e-01
6.240610000000000213e+01 9.530127666161315458e-01
6.242849999999999966e+01 9.530477427705287274e-01
6.245089999999999719e+01 9.530827176413738666e-01
6.247339999999999804e+01 9.531351775412900684e-01
6.249580000000000268e+01 9.531701492038728851e-01
6.251820000000000022e+01 9.531876345540087891e-01
6.254070000000000107e+01 9.532400886800065365e-01
6.256309999999999860e+01 9.532750564938397009e-01
6.258550000000000324e+01 9.533275058096946086e-01
6.260799999999999699e+01 9.533449882737448089e-01
6.263040000000000163e+01 9.533974337424381273e-01
6.265279999999999916e+01 9.534323957855288523e-01
6.267530000000000001e+01 9.534498763263156151e-01
6.269769999999999754e+01 9.535023160258535579e-01
6.272010000000000218e+01 9.535372742233695353e-01
6.274260000000000304e+01 9.535722311393091122e-01
6.276500000000000057e+01 9.536071867738133978e-01
6.278739999999999810e+01 9.536421411270232795e-01
6.280989999999999895e+01 9.536945702547190429e-01
6.283229999999999649e+01 9.537295214053090886e-01
6.285470000000000113e+01 9.537469965002948191e-01
6.287709999999999866e+01 9.537994198642255617e-01
6.289959999999999951e+01 9.538343671728336526e-01
6.292199999999999704e+01 9.538693132010624964e-01
6.294440000000000168e+01 9.539042579490528695e-01
6.296690000000000254e+01 9.539392014169456591e-01
6.298930000000000007e+01 9.539916142189091008e-01
6.301169999999999760e+01 9.540090845130004826e-01
6.303419999999999845e+01 9.540440241414438471e-01
6.305660000000000309e+01 9.540964311850244073e-01
6.307900000000000063e+01 9.541138995598655859e-01
6.310150000000000148e+01 9.541663027655783447e-01
6.312389999999999901e+01 9.542012366372200072e-01
6.314629999999999654e+01 9.542361692299587972e-01
6.316879999999999740e+01 9.542711005439351579e-01
6.319120000000000203e+01 9.543060305792895326e-01
6.321359999999999957e+01 9.543409593361623644e-01
6.323610000000000042e+01 9.543758868146938745e-01
6.325849999999999795e+01 9.544108130150243952e-01
6.328090000000000259e+01 9.544457379372944805e-01
6.330340000000000344e+01 9.544981229246428667e-01
6.332580000000000098e+01 9.545155839482140081e-01
6.334819999999999851e+01 9.545505050371438927e-01
6.337069999999999936e+01 9.546028842752710686e-01
6.339309999999999690e+01 9.546203433826454532e-01
6.341550000000000153e+01 9.546552606394973495e-01
6.343800000000000239e+01 9.547076341302958014e-01
6.346039999999999992e+01 9.547250913221040358e-01
6.348279999999999745e+01 9.547600047481391572e-01
6.350520000000000209e+01 9.548123724935002610e-01
6.352770000000000294e+01 9.548472827281508923e-01
6.355010000000000048e+01 9.548647373668516236e-01
6.357249999999999801e+01 9.549170993686659781e-01
6.359499999999999886e+01 9.549520057748103197e-01
6.361740000000000350e+01 9.549694584994153912e-01
6.363980000000000103e+01 9.550218147595722629e-01
6.366230000000000189e+01 9.550567173384695296e-01
6.368469999999999942e+01 9.550741681496084379e-01
6.370709999999999695e+01 9.551265186699962051e-01
6.372959999999999781e+01 9.551614174229051679e-01
6.375200000000000244e+01 9.551788663212071873e-01
6.377439999999999998e+01 9.552312111037132292e-01
6.379690000000000083e+01 9.552661060318916597e-01
6.381929999999999836e+01 9.552835530179857315e-01
6.384170000000000300e+01 9.553358920644960950e-01
6.386419999999999675e+01 9.553707831692014318e-01
6.388660000000000139e+01 9.554056729996949215e-01
6.390899999999999892e+01 9.554405615561161191e-01
6.393149999999999977e+01 9.554754488386048017e-01
6.395389999999999731e+01 9.555103348473003022e-01
6.397630000000000194e+01 9.555452195823421757e-01
6.399880000000000280e+01 9.555801030438699772e-01
6.402119999999999322e+01 9.556149852320232618e-01
6.404359999999999786e+01 9.556498661469411404e-01
6.406600000000000250e+01 9.556847457887633901e-01
6.408849999999999625e+01 9.557196241576292328e-01
6.411090000000000089e+01 9.557545012536778906e-01
6.413330000000000553e+01 9.557719393244394901e-01
6.415579999999999927e+01 9.558242516278816492e-01
6.417820000000000391e+01 9.558416884261395907e-01
6.420059999999999434e+01 9.558765610684257785e-01
6.422310000000000230e+01 9.559288676465419465e-01
6.424550000000000693e+01 9.559463025365667610e-01
6.426789999999999736e+01 9.559811713626999996e-01
6.429040000000000532e+01 9.560334722173695621e-01
6.431279999999999575e+01 9.560509051997876373e-01
6.433520000000000039e+01 9.560857702110203693e-01
6.435769999999999413e+01 9.561380653441217126e-01
6.438009999999999877e+01 9.561554964195589923e-01
6.440250000000000341e+01 9.561903576171429942e-01
6.442499999999999716e+01 9.562426470305536164e-01
6.444740000000000180e+01 9.562426470305536164e-01
6.446980000000000643e+01 9.562949335848224264e-01
6.449230000000000018e+01 9.563297896994877867e-01
6.451470000000000482e+01 9.563472172804184934e-01
6.453709999999999525e+01 9.563994981178105537e-01
6.455960000000000321e+01 9.564343504217457381e-01
6.458199999999999363e+01 9.564517760974673433e-01
6.460439999999999827e+01 9.565040512198575984e-01
6.462690000000000623e+01 9.565214756257871542e-01
6.464929999999999666e+01 9.565563234854496111e-01
6.467170000000000130e+01 9.565911700756319913e-01
6.469410000000000593e+01 9.566085928947115624e-01
6.471659999999999968e+01 9.566608594481118555e-01
6.473900000000000432e+01 9.566957022306866731e-01
6.476139999999999475e+01 9.567131231461184493e-01
6.478390000000000271e+01 9.567653839891993028e-01
6.480629999999999313e+01 9.567828036358790866e-01
6.482869999999999777e+01 9.568176419778222641e-01
6.485120000000000573e+01 9.568524790513251999e-01
6.487359999999999616e+01 9.568873148565265607e-01
6.489600000000000080e+01 9.569221493935647915e-01
6.491849999999999454e+01 9.569569826625785591e-01
6.494089999999999918e+01 9.569918146637060863e-01
6.496330000000000382e+01 9.570266453970860399e-01
6.498579999999999757e+01 9.570440602884139336e-01
6.500820000000000221e+01 9.570963030611565614e-01
6.503060000000000684e+01 9.571137166850481881e-01
6.505310000000000059e+01 9.571485429824011515e-01
6.507550000000000523e+01 9.571833680126289323e-01
6.509789999999999566e+01 9.572007800526143306e-01
6.512040000000000362e+01 9.572530142722629476e-01
6.514279999999999404e+01 9.572878355019455165e-01
6.516519999999999868e+01 9.573052456418136291e-01
6.518770000000000664e+01 9.573574741617330019e-01
6.521009999999999707e+01 9.573574741617330019e-01
6.523250000000000171e+01 9.574096998324872487e-01
6.525499999999999545e+01 9.574619226545425521e-01
6.527740000000000009e+01 9.574619226545425521e-01
6.529980000000000473e+01 9.575141426283650947e-01
6.532219999999999516e+01 9.575315486534460296e-01
6.534470000000000312e+01 9.575663597544210592e-01
6.536709999999999354e+01 9.576185740331759622e-01
6.538949999999999818e+01 9.576185740331759622e-01
6.541200000000000614e+01 9.576707854650956531e-01
6.543439999999999657e+01 9.577055915050303181e-01
6.545680000000000121e+01 9.577229940506457595e-01
6.547929999999999495e+01 9.577751997902916870e-01
6.550169999999999959e+01 9.577751997902916870e-01
6.552410000000000423e+01 9.578274026844989519e-01
6.554659999999999798e+01 9.578622030334008608e-01
6.556900000000000261e+01 9.578796027337325159e-01
6.559139999999999304e+01 9.579317999384576732e-01
6.561390000000000100e+01 9.579491983746667438e-01
6.563630000000000564e+01 9.579839942991392743e-01
6.565869999999999607e+01 9.580013917874371510e-01
6.568120000000000402e+01 9.580361858162421695e-01
6.570359999999999445e+01 9.580883744902310983e-01
6.572599999999999909e+01 9.581057700831712154e-01
6.574850000000000705e+01 9.581405603215706890e-01
6.577089999999999748e+01 9.581579549670641294e-01
6.579330000000000211e+01 9.581927433107251257e-01
6.581579999999999586e+01 9.582449234581591480e-01
6.583820000000000050e+01 9.582623162092238633e-01
6.586060000000000514e+01 9.582971007643367178e-01
6.588299999999999557e+01 9.583144925684190518e-01
6.590550000000000352e+01 9.583666660869766263e-01
6.592789999999999395e+01 9.584014468547787935e-01
6.595029999999999859e+01 9.584188367653604379e-01
6.597280000000000655e+01 9.584536156399710016e-01
6.599519999999999698e+01 9.584710046040343379e-01
6.601760000000000161e+01 9.585231696034617332e-01
6.604009999999999536e+01 9.585231696034617332e-01
6.606250000000000000e+01 9.585753317641063642e-01
6.608490000000000464e+01 9.586101049609968561e-01
6.610739999999999839e+01 9.586274910864316379e-01
6.612980000000000302e+01 9.586796475709008503e-01
6.615219999999999345e+01 9.586796475709008503e-01
6.617470000000000141e+01 9.587318012179770754e-01
6.619710000000000605e+01 9.587665687399270498e-01
6.621949999999999648e+01 9.587839520281232764e-01
6.624200000000000443e+01 9.588361000018025271e-01
6.626439999999999486e+01 9.588361000018025271e-01
6.628679999999999950e+01 9.588882451394774575e-01
6.630929999999999325e+01 9.588882451394774575e-01
6.633169999999999789e+01 9.589403874416108087e-01
6.635410000000000252e+01 9.589925269086649884e-01
6.637659999999999627e+01 9.589925269086649884e-01
6.639900000000000091e+01 9.590446635411025156e-01
6.642140000000000555e+01 9.590446635411025156e-01
6.644389999999999930e+01 9.590967973393856871e-01
6.646630000000000393e+01 9.591141746424144410e-01
6.648869999999999436e+01 9.591489283039764668e-01
6.651109999999999900e+01 9.592010564353370405e-01
6.653360000000000696e+01 9.592010564353370405e-01
6.655599999999999739e+01 9.592531817339291500e-01
6.657840000000000202e+01 9.592705562040356737e-01
6.660089999999999577e+01 9.593053042002147590e-01
6.662330000000000041e+01 9.593226777263217375e-01
6.664570000000000505e+01 9.593574238346553873e-01
6.666819999999999879e+01 9.593921686845965358e-01
6.669060000000000343e+01 9.594269122762816293e-01
6.671299999999999386e+01 9.594616546098477805e-01
6.673550000000000182e+01 9.594790253048786077e-01
6.675790000000000646e+01 9.595137657515220297e-01
6.678029999999999688e+01 9.595311355031685974e-01
6.680280000000000484e+01 9.595658740631965999e-01
6.682519999999999527e+01 9.595832428716124518e-01
6.684759999999999991e+01 9.596353474106713577e-01
6.687009999999999366e+01 9.596527149616851382e-01
6.689249999999999829e+01 9.596874491208061686e-01
6.691490000000000293e+01 9.597221820228323264e-01
6.693739999999999668e+01 9.597395480024776271e-01
6.695980000000000132e+01 9.597742790191173823e-01
6.698220000000000596e+01 9.597916440561461426e-01
6.700469999999999970e+01 9.598437372822724578e-01
6.702710000000000434e+01 9.598437372822724578e-01
6.704949999999999477e+01 9.598958276813166490e-01
6.707189999999999941e+01 9.599131905195038561e-01
6.709439999999999316e+01 9.599479152537391258e-01
6.711679999999999779e+01 9.599999999999999645e-01
6.713920000000000243e+01 9.599999999999999645e-01
6.716169999999999618e+01 9.600520819205591305e-01
6.718410000000000082e+01 9.600520819205591305e-01
6.720650000000000546e+01 9.601041610158763673e-01
6.722899999999999920e+01 9.601041610158763673e-01
6.725140000000000384e+01 9.601562372864116401e-01
6.727379999999999427e+01 9.601909532310053397e-01
