# energy(eV) alpha
0.000000000000000000e+00 0.000000000000000000e+00
1.359999999999999924e-02 0.000000000000000000e+00
2.709999999999999909e-02 0.000000000000000000e+00
4.070000000000000007e-02 0.000000000000000000e+00
5.430000000000000104e-02 0.000000000000000000e+00
6.790000000000000202e-02 0.000000000000000000e+00
8.140000000000000013e-02 0.000000000000000000e+00
9.500000000000000111e-02 0.000000000000000000e+00
1.086000000000000021e-01 0.000000000000000000e+00
1.222000000000000031e-01 0.000000000000000000e+00
1.356999999999999873e-01 0.000000000000000000e+00
1.492999999999999883e-01 0.000000000000000000e+00
1.628999999999999893e-01 0.000000000000000000e+00
1.764000000000000012e-01 0.000000000000000000e+00
1.900000000000000022e-01 0.000000000000000000e+00
2.036000000000000032e-01 0.000000000000000000e+00
2.172000000000000042e-01 0.000000000000000000e+00
2.306999999999999884e-01 0.000000000000000000e+00
2.442999999999999894e-01 0.000000000000000000e+00
2.579000000000000181e-01 0.000000000000000000e+00
2.715000000000000191e-01 0.000000000000000000e+00
2.849999999999999756e-01 0.000000000000000000e+00
2.985999999999999766e-01 0.000000000000000000e+00
3.121999999999999775e-01 0.000000000000000000e+00
3.256999999999999895e-01 0.000000000000000000e+00
3.392999999999999905e-01 0.000000000000000000e+00
3.528999999999999915e-01 0.000000000000000000e+00
3.664999999999999925e-01 0.000000000000000000e+00
3.800000000000000044e-01 0.000000000000000000e+00
3.936000000000000054e-01 0.000000000000000000e+00
4.072000000000000064e-01 0.000000000000000000e+00
4.208000000000000074e-01 0.000000000000000000e+00
4.343000000000000194e-01 0.000000000000000000e+00
4.479000000000000203e-01 0.000000000000000000e+00
4.615000000000000213e-01 0.000000000000000000e+00
4.751000000000000223e-01 0.000000000000000000e+00
4.885999999999999788e-01 0.000000000000000000e+00
5.021999999999999797e-01 0.000000000000000000e+00
5.158000000000000362e-01 0.000000000000000000e+00
5.292999999999999927e-01 0.000000000000000000e+00
5.429000000000000492e-01 0.000000000000000000e+00
5.564999999999999947e-01 0.000000000000000000e+00
5.701000000000000512e-01 0.000000000000000000e+00
5.836000000000000076e-01 0.000000000000000000e+00
5.971999999999999531e-01 0.000000000000000000e+00
6.108000000000000096e-01 0.000000000000000000e+00
6.243999999999999551e-01 0.000000000000000000e+00
6.379000000000000226e-01 0.000000000000000000e+00
6.514999999999999680e-01 0.000000000000000000e+00
6.651000000000000245e-01 0.000000000000000000e+00
6.785999999999999810e-01 0.000000000000000000e+00
6.922000000000000375e-01 0.000000000000000000e+00
7.057999999999999829e-01 0.000000000000000000e+00
7.194000000000000394e-01 0.000000000000000000e+00
7.328999999999999959e-01 0.000000000000000000e+00
7.465000000000000524e-01 0.000000000000000000e+00
7.600999999999999979e-01 0.000000000000000000e+00
7.737000000000000544e-01 0.000000000000000000e+00
7.872000000000000108e-01 0.000000000000000000e+00
8.007999999999999563e-01 0.000000000000000000e+00
8.144000000000000128e-01 0.000000000000000000e+00
8.278999999999999693e-01 0.000000000000000000e+00
8.415000000000000258e-01 0.000000000000000000e+00
8.550999999999999712e-01 0.000000000000000000e+00
8.687000000000000277e-01 0.000000000000000000e+00
8.821999999999999842e-01 0.000000000000000000e+00
8.958000000000000407e-01 0.000000000000000000e+00
9.093999999999999861e-01 0.000000000000000000e+00
9.230000000000000426e-01 0.000000000000000000e+00
9.364999999999999991e-01 0.000000000000000000e+00
9.500999999999999446e-01 0.000000000000000000e+00
9.637000000000000011e-01 0.000000000000000000e+00
9.771999999999999575e-01 0.000000000000000000e+00
9.908000000000000140e-01 0.000000000000000000e+00
1.004399999999999959e+00 0.000000000000000000e+00
1.018000000000000016e+00 0.000000000000000000e+00
1.031500000000000083e+00 0.000000000000000000e+00
1.045099999999999918e+00 0.000000000000000000e+00
1.058699999999999974e+00 0.000000000000000000e+00
1.072300000000000031e+00 0.000000000000000000e+00
1.085800000000000098e+00 0.000000000000000000e+00
1.099399999999999933e+00 0.000000000000000000e+00
1.112999999999999989e+00 0.000000000000000000e+00
1.126500000000000057e+00 0.000000000000000000e+00
1.140099999999999891e+00 0.000000000000000000e+00
1.153699999999999948e+00 0.000000000000000000e+00
1.167300000000000004e+00 0.000000000000000000e+00
1.180800000000000072e+00 0.000000000000000000e+00
1.194399999999999906e+00 0.000000000000000000e+00
1.207999999999999963e+00 0.000000000000000000e+00
1.221600000000000019e+00 0.000000000000000000e+00
1.235100000000000087e+00 0.000000000000000000e+00
1.248699999999999921e+00 0.000000000000000000e+00
1.262299999999999978e+00 3.268959451730173334e-04
1.275900000000000034e+00 2.149098618592940654e-03
1.289400000000000102e+00 8.780519402560442097e-03
1.302999999999999936e+00 2.879245886940151600e-02
1.316599999999999993e+00 8.271460793055714078e-02
1.330100000000000060e+00 2.163652074907654044e-01
1.343699999999999894e+00 5.249903180769681654e-01
1.357299999999999951e+00 1.192565959943847842e+00
1.370900000000000007e+00 2.549727413849396829e+00
1.384400000000000075e+00 5.149109552272835622e+00
1.397999999999999909e+00 9.851795322447351566e+00
1.411599999999999966e+00 1.790450417517632786e+01
1.425200000000000022e+00 3.098933239414533247e+01
1.438700000000000090e+00 5.121670975507500856e+01
1.452299999999999924e+00 8.106832424535856774e+01
1.465899999999999981e+00 1.232494566319713698e+02
1.479400000000000048e+00 1.805145674415126678e+02
1.493000000000000105e+00 2.555323977672603348e+02
1.506599999999999939e+00 3.506808092546207263e+02
1.520199999999999996e+00 4.679940934818762912e+02
1.533700000000000063e+00 6.090891401052275569e+02
1.547299999999999898e+00 7.753416180542984648e+02
1.560899999999999954e+00 9.677384479328738962e+02
1.574500000000000011e+00 1.187081565264176334e+03
1.588000000000000078e+00 1.433935920156616021e+03
1.601599999999999913e+00 1.709030117567609750e+03
1.615199999999999969e+00 2.012802705798072566e+03
1.628700000000000037e+00 2.345598971882222486e+03
1.642300000000000093e+00 2.708165373987107614e+03
1.655899999999999928e+00 3.100853100999140679e+03
1.669499999999999984e+00 3.524136212852807148e+03
1.683000000000000052e+00 3.978249886754491399e+03
1.696600000000000108e+00 4.464108561616017141e+03
1.710199999999999942e+00 4.981966308934336666e+03
1.723799999999999999e+00 5.532285510988246642e+03
1.737300000000000066e+00 6.115174523332066201e+03
1.750899999999999901e+00 6.731763566292213909e+03
1.764499999999999957e+00 7.382188845198739727e+03
1.778000000000000025e+00 8.066452539879039250e+03
1.791600000000000081e+00 8.785881206727504832e+03
1.805199999999999916e+00 9.540514664763786641e+03
1.818799999999999972e+00 1.033081667479443968e+04
1.832300000000000040e+00 1.115665037183210370e+04
1.845900000000000096e+00 1.201967336412821351e+04
1.859499999999999931e+00 1.291980964383354330e+04
1.873099999999999987e+00 1.385755996870800118e+04
1.886600000000000055e+00 1.483264590650940954e+04
1.900199999999999889e+00 1.584710599420173276e+04
1.913799999999999946e+00 1.690072057234434760e+04
1.927400000000000002e+00 1.799401749556285722e+04
1.940900000000000070e+00 1.912654858753195731e+04
1.954499999999999904e+00 2.030077971110470753e+04
1.968099999999999961e+00 2.151633789095711472e+04
1.981600000000000028e+00 2.277264909300957515e+04
1.995200000000000085e+00 2.407254680400208963e+04
2.008799999999999919e+00 2.541555147504805427e+04
2.022400000000000198e+00 2.680230224662657201e+04
2.035899999999999821e+00 2.823208118975805337e+04
2.049500000000000099e+00 2.970830061319117158e+04
2.063099999999999934e+00 3.123037370880196977e+04
2.076700000000000212e+00 3.279908083090400032e+04
2.090199999999999836e+00 3.441360621819867083e+04
2.103800000000000114e+00 3.607805434175047412e+04
2.117399999999999949e+00 3.779174857439930929e+04
2.130900000000000016e+00 3.955375333692267304e+04
2.144499999999999851e+00 4.136852361260108592e+04
2.158100000000000129e+00 4.323473252758795570e+04
2.171699999999999964e+00 4.515198171926292707e+04
2.185200000000000031e+00 4.711599076787449303e+04
2.198799999999999866e+00 4.912581370661981782e+04
2.212400000000000144e+00 5.116938340505043743e+04
2.225999999999999979e+00 5.323000771950223861e+04
2.239500000000000046e+00 5.528036516201918857e+04
2.253099999999999881e+00 5.729209719120096270e+04
2.266700000000000159e+00 5.922303743980646686e+04
2.280199999999999783e+00 6.102833319219880650e+04
2.293800000000000061e+00 6.267471891182187392e+04
2.307399999999999896e+00 6.413116153941647644e+04
2.321000000000000174e+00 6.538457757012491493e+04
2.334499999999999797e+00 6.643660718286572956e+04
2.348100000000000076e+00 6.731353845440690930e+04
2.361699999999999910e+00 6.804472921849376871e+04
2.375300000000000189e+00 6.866773787110178091e+04
2.388799999999999812e+00 6.921666478164770524e+04
2.402400000000000091e+00 6.972943089830251120e+04
2.415999999999999925e+00 7.022830041868808621e+04
2.429499999999999993e+00 7.072838903848070186e+04
2.443099999999999827e+00 7.124750763908367662e+04
2.456700000000000106e+00 7.179028769578844367e+04
2.470299999999999940e+00 7.236132323132376769e+04
2.483800000000000008e+00 7.296049613973851956e+04
2.497399999999999842e+00 7.359549903534271289e+04
2.511000000000000121e+00 7.426470281700142368e+04
2.524599999999999955e+00 7.496913697303587105e+04
2.538100000000000023e+00 7.570670611205864407e+04
2.551699999999999857e+00 7.648413029349745193e+04
2.565300000000000136e+00 7.729915171477939293e+04
2.578800000000000203e+00 7.814940328194573522e+04
2.592400000000000038e+00 7.904155059941571380e+04
2.605999999999999872e+00 7.997317248243665381e+04
2.619600000000000151e+00 8.094483864102385996e+04
2.633100000000000218e+00 8.195399076331808465e+04
2.646700000000000053e+00 8.300737271669133042e+04
2.660299999999999887e+00 8.410242557128780754e+04
2.673900000000000166e+00 8.523966523032319674e+04
2.687399999999999789e+00 8.641637093405686028e+04
2.701000000000000068e+00 8.763941069712930766e+04
2.714599999999999902e+00 8.890602380156279833e+04
2.728200000000000180e+00 9.021658642508933553e+04
2.741699999999999804e+00 9.156806815408256080e+04
2.755300000000000082e+00 9.296733922653173795e+04
2.768899999999999917e+00 9.441121574972674716e+04
2.782399999999999984e+00 9.589626041063976299e+04
2.795999999999999819e+00 9.742922299005919194e+04
2.809600000000000097e+00 9.900648872000502888e+04
2.823199999999999932e+00 1.006277816275977530e+05
2.836699999999999999e+00 1.022891878084262862e+05
2.850299999999999834e+00 1.039975752908144495e+05
2.863900000000000112e+00 1.057491142876892118e+05
2.877499999999999947e+00 1.075435849846449564e+05
2.891000000000000014e+00 1.093770182630328927e+05
2.904599999999999849e+00 1.112567494598825433e+05
2.918200000000000127e+00 1.131788148155927629e+05
2.931700000000000195e+00 1.151389787125700968e+05
2.945300000000000029e+00 1.171446399854099582e+05
2.958899999999999864e+00 1.191914497951242956e+05
2.972500000000000142e+00 1.212789817040801863e+05
2.986000000000000210e+00 1.234029263543076086e+05
2.999600000000000044e+00 1.255718444778569246e+05
3.013199999999999878e+00 1.277829221822148684e+05
3.026800000000000157e+00 1.300386934552528401e+05
3.040299999999999780e+00 1.323388370324147400e+05
3.053900000000000059e+00 1.346974770113994600e+05
3.067499999999999893e+00 1.371167485400517762e+05
3.080999999999999961e+00 1.395984891624298471e+05
3.094599999999999795e+00 1.421564951964318461e+05
3.108200000000000074e+00 1.447877578613404767e+05
3.121799999999999908e+00 1.474888356958172808e+05
3.135299999999999976e+00 1.502457993216707255e+05
3.148899999999999810e+00 1.530538916741865978e+05
3.162500000000000089e+00 1.558912166735719657e+05
3.176099999999999923e+00 1.587413999809444649e+05
3.189599999999999991e+00 1.615882907699936186e+05
3.203199999999999825e+00 1.644404586062912422e+05
3.216800000000000104e+00 1.673041500041770341e+05
3.230300000000000171e+00 1.701996052127601579e+05
3.243900000000000006e+00 1.731770482737243874e+05
3.257499999999999840e+00 1.762841329134917760e+05
3.271100000000000119e+00 1.795848456782404974e+05
3.284600000000000186e+00 1.831458036594643781e+05
3.298200000000000021e+00 1.870540482615358196e+05
3.311799999999999855e+00 1.913774850035988493e+05
3.325400000000000134e+00 1.961787725842025538e+05
3.338900000000000201e+00 2.014950953199272917e+05
3.352500000000000036e+00 2.073549574346739973e+05
3.366099999999999870e+00 2.137388941096198978e+05
3.379599999999999937e+00 2.205981718804367410e+05
3.393200000000000216e+00 2.278812286885033827e+05
3.406800000000000050e+00 2.355047847983264073e+05
3.420399999999999885e+00 2.433899439010043861e+05
3.433899999999999952e+00 2.514573901152077888e+05
3.447499999999999787e+00 2.596621637783712649e+05
3.461100000000000065e+00 2.679523730681224843e+05
3.474699999999999900e+00 2.762968511909525841e+05
3.488199999999999967e+00 2.846669954697897192e+05
3.501799999999999802e+00 2.930656288034329191e+05
3.515400000000000080e+00 3.014752591390725574e+05
3.528999999999999915e+00 3.098873203989284229e+05
3.542499999999999982e+00 3.182832162269262481e+05
3.556099999999999817e+00 3.266687798012717976e+05
3.569700000000000095e+00 3.350203942189493682e+05
3.583200000000000163e+00 3.433108951374079916e+05
3.596799999999999997e+00 3.515398601187150343e+05
3.610399999999999832e+00 3.596783228173802490e+05
3.624000000000000110e+00 3.677085923575857305e+05
3.637500000000000178e+00 3.756067227314785123e+05
3.651100000000000012e+00 3.833854424701062962e+05
3.664699999999999847e+00 3.910337439252425102e+05
3.678300000000000125e+00 3.985576482539132121e+05
3.691800000000000193e+00 4.059580085421266849e+05
3.705400000000000027e+00 4.132724181356467307e+05
3.718999999999999861e+00 4.205072550652654027e+05
3.732499999999999929e+00 4.276671779993686941e+05
3.746100000000000207e+00 4.347877746525250259e+05
3.759700000000000042e+00 4.418657836888979655e+05
3.773299999999999876e+00 4.489038907877209713e+05
3.786799999999999944e+00 4.558876027118039201e+05
3.800399999999999778e+00 4.628339687072391971e+05
3.814000000000000057e+00 4.697205415251792874e+05
3.827599999999999891e+00 4.765336131441607722e+05
3.841099999999999959e+00 4.832436879024347290e+05
3.854699999999999793e+00 4.898555578331641736e+05
3.868300000000000072e+00 4.963328283474880736e+05
3.881800000000000139e+00 5.026346662180645508e+05
3.895399999999999974e+00 5.087548468691082671e+05
3.908999999999999808e+00 5.146439559721253463e+05
3.922600000000000087e+00 5.202597000998675940e+05
3.936100000000000154e+00 5.255386170921432786e+05
3.949699999999999989e+00 5.304467749352502869e+05
3.963299999999999823e+00 5.348981887900478905e+05
3.976900000000000102e+00 5.388094241137782810e+05
3.990400000000000169e+00 5.420798276725362521e+05
4.003999999999999559e+00 5.446598672445074189e+05
4.017599999999999838e+00 5.464895088894849177e+05
4.031100000000000350e+00 5.475601991599746980e+05
4.044699999999999740e+00 5.479718707140778424e+05
4.058300000000000018e+00 5.478555942064652918e+05
4.071900000000000297e+00 5.474162195109765744e+05
4.085399999999999920e+00 5.468784866589221638e+05
4.099000000000000199e+00 5.465047333859786158e+05
4.112599999999999589e+00 5.464789269870080752e+05
4.126199999999999868e+00 5.469344766054912470e+05
4.139700000000000379e+00 5.479168549204342999e+05
4.153299999999999770e+00 5.494415456706240075e+05
4.166900000000000048e+00 5.514312638947324594e+05
4.180500000000000327e+00 5.537908796103259083e+05
4.193999999999999950e+00 5.564018788466642145e+05
4.207600000000000229e+00 5.591911770631128456e+05
4.221199999999999619e+00 5.620604831177956657e+05
4.234700000000000131e+00 5.649285125766381389e+05
4.248300000000000409e+00 5.677690677569172112e+05
4.261899999999999800e+00 5.705266354314238997e+05
4.275500000000000078e+00 5.731643125730457250e+05
4.288999999999999702e+00 5.756323852831833065e+05
4.302599999999999980e+00 5.779183107927448582e+05
4.316200000000000259e+00 5.799641019396616612e+05
4.329799999999999649e+00 5.817196501286736457e+05
4.343300000000000161e+00 5.831176533199787373e+05
4.356900000000000439e+00 5.841314361859979108e+05
4.370499999999999829e+00 5.847008449233418796e+05
4.384000000000000341e+00 5.847813506193301873e+05
4.397599999999999731e+00 5.843941776792056626e+05
4.411200000000000010e+00 5.835559883973813849e+05
4.424800000000000288e+00 5.823392356206357945e+05
4.438299999999999912e+00 5.808464298633310245e+05
4.451900000000000190e+00 5.792547112649081973e+05
4.465499999999999581e+00 5.777203344502090476e+05
4.479099999999999859e+00 5.764082885771846632e+05
4.492600000000000371e+00 5.754425777391160373e+05
4.506199999999999761e+00 5.749392411805235315e+05
4.519800000000000040e+00 5.749212564712308813e+05
4.533299999999999663e+00 5.753606225509619107e+05
4.546899999999999942e+00 5.762287031875657849e+05
4.560500000000000220e+00 5.774367966555418679e+05
4.574099999999999611e+00 5.789031788513037609e+05
4.587600000000000122e+00 5.805398617319826735e+05
4.601200000000000401e+00 5.823099591362889623e+05
4.614799999999999791e+00 5.841536457910729805e+05
4.628400000000000070e+00 5.860373495986904018e+05
4.641899999999999693e+00 5.879253981997739756e+05
4.655499999999999972e+00 5.898273541523261229e+05
4.669100000000000250e+00 5.917192369477533503e+05
4.682599999999999874e+00 5.935795262243924662e+05
4.696200000000000152e+00 5.954260444365224103e+05
4.709800000000000431e+00 5.972395975619410165e+05
4.723399999999999821e+00 5.990150224974366138e+05
4.736900000000000333e+00 6.007367486168366158e+05
4.750499999999999723e+00 6.024309362920526182e+05
4.764100000000000001e+00 6.040909744079543743e+05
4.777700000000000280e+00 6.057295929980378132e+05
4.791199999999999903e+00 6.073541618727238383e+05
4.804800000000000182e+00 6.090169010730949230e+05
4.818399999999999572e+00 6.107368590225680964e+05
4.831900000000000084e+00 6.125350621024903376e+05
4.845500000000000362e+00 6.144689403550833231e+05
4.859099999999999753e+00 6.165528766754042590e+05
4.872700000000000031e+00 6.188064975135702407e+05
4.886199999999999655e+00 6.212284877597701270e+05
4.899799999999999933e+00 6.238488447529061232e+05
4.913400000000000212e+00 6.266568561331790406e+05
4.926999999999999602e+00 6.296597295660475502e+05
4.940500000000000114e+00 6.328687495960295200e+05
4.954100000000000392e+00 6.363657724974426674e+05
4.967699999999999783e+00 6.402429711315206951e+05
4.981300000000000061e+00 6.446670990596470656e+05
4.994799999999999685e+00 6.498579397169627482e+05
5.008399999999999963e+00 6.561289092012601905e+05
5.022000000000000242e+00 6.637827976319155423e+05
5.035499999999999865e+00 6.731133676194042200e+05
5.049100000000000144e+00 6.844101658916265005e+05
5.062700000000000422e+00 6.978538677887989907e+05
5.076299999999999812e+00 7.135645467935170745e+05
5.089800000000000324e+00 7.315896760794875445e+05
5.103399999999999714e+00 7.519850915765085956e+05
5.116999999999999993e+00 7.747492675626642304e+05
5.130600000000000271e+00 7.998831570760499453e+05
5.144099999999999895e+00 8.273428986113927094e+05
5.157700000000000173e+00 8.570708387685461203e+05
5.171299999999999564e+00 8.888638652416775003e+05
5.184800000000000075e+00 9.223910408294411609e+05
5.198400000000000354e+00 9.572415219427631237e+05
5.211999999999999744e+00 9.928329895943504525e+05
5.225600000000000023e+00 1.028519202785906382e+06
5.239099999999999646e+00 1.063610699063293403e+06
5.252699999999999925e+00 1.097524807159332791e+06
5.266300000000000203e+00 1.129741580332225887e+06
5.279899999999999594e+00 1.159950093478670577e+06
5.293400000000000105e+00 1.188044400122794788e+06
5.307000000000000384e+00 1.214202722694748547e+06
5.320599999999999774e+00 1.238686293209716212e+06
5.334100000000000286e+00 1.261788589781633578e+06
5.347699999999999676e+00 1.283775620597169269e+06
5.361299999999999955e+00 1.304641790939483093e+06
5.374900000000000233e+00 1.324170753082165029e+06
5.388399999999999856e+00 1.341942952548173722e+06
5.402000000000000135e+00 1.357562257625208236e+06
5.415600000000000414e+00 1.370658960615069605e+06
5.429199999999999804e+00 1.381107982740055770e+06
5.442700000000000315e+00 1.389021361224718625e+06
5.456299999999999706e+00 1.394807760156151373e+06
5.469899999999999984e+00 1.398918897465269081e+06
5.483399999999999608e+00 1.401817456927408697e+06
5.496999999999999886e+00 1.403979085361077683e+06
5.510600000000000165e+00 1.405715045289546950e+06
5.524200000000000443e+00 1.407290599068186246e+06
5.537700000000000067e+00 1.408899775258221664e+06
5.551300000000000345e+00 1.410779254778961884e+06
5.564899999999999736e+00 1.413048132190926932e+06
5.578500000000000014e+00 1.415792554398766952e+06
5.591999999999999638e+00 1.419002952113813721e+06
5.605599999999999916e+00 1.422678048877426190e+06
5.619200000000000195e+00 1.426688728527483298e+06
5.632699999999999818e+00 1.430878568996881368e+06
5.646300000000000097e+00 1.435159220760382479e+06
5.659900000000000375e+00 1.439369273809020175e+06
5.673499999999999766e+00 1.443379869410655461e+06
5.687000000000000277e+00 1.447037312843333697e+06
5.700599999999999667e+00 1.450252602958868491e+06
5.714199999999999946e+00 1.452834494194252416e+06
5.727800000000000225e+00 1.454579221954158740e+06
5.741299999999999848e+00 1.455215308424867922e+06
5.754900000000000126e+00 1.454513928100733319e+06
5.768500000000000405e+00 1.452163246845086804e+06
5.782099999999999795e+00 1.447913588763805339e+06
5.795600000000000307e+00 1.441580223609912442e+06
5.809199999999999697e+00 1.433192527503453428e+06
5.822799999999999976e+00 1.422873339942619205e+06
5.836299999999999599e+00 1.410910239623779664e+06
5.849899999999999878e+00 1.397784572551490739e+06
5.863500000000000156e+00 1.383952932843939634e+06
5.877100000000000435e+00 1.369862639004336204e+06
5.890600000000000058e+00 1.355838743518259842e+06
5.904200000000000337e+00 1.342147745420473395e+06
5.917799999999999727e+00 1.328873616600043140e+06
5.931400000000000006e+00 1.316059715890046675e+06
5.944899999999999629e+00 1.303724918796482729e+06
5.958499999999999908e+00 1.292000791713673389e+06
5.972100000000000186e+00 1.281017419008510886e+06
5.985599999999999810e+00 1.270949535941381939e+06
5.999200000000000088e+00 1.262025867325566942e+06
6.012800000000000367e+00 1.254331574659590377e+06
6.026399999999999757e+00 1.247830452623702586e+06
6.039900000000000269e+00 1.242285342263547936e+06
6.053499999999999659e+00 1.237341320510817925e+06
6.067099999999999937e+00 1.232443381844328716e+06
6.080700000000000216e+00 1.226995599301178707e+06
6.094199999999999839e+00 1.220418789967202116e+06
6.107800000000000118e+00 1.212334519605359063e+06
6.121400000000000396e+00 1.202532419485915452e+06
6.134900000000000020e+00 1.191082580267193262e+06
6.148500000000000298e+00 1.178391267673722934e+06
6.162099999999999689e+00 1.165023444670103723e+06
6.175699999999999967e+00 1.151674529708262067e+06
6.189199999999999591e+00 1.139007529342960101e+06
6.202799999999999869e+00 1.127619233484254917e+06
6.216400000000000148e+00 1.117866385381572880e+06
6.230000000000000426e+00 1.109930892894424032e+06
6.243500000000000050e+00 1.103815877814392792e+06
6.257100000000000328e+00 1.099466980431974400e+06
6.270699999999999719e+00 1.096714093282331480e+06
6.284200000000000230e+00 1.095359874758904800e+06
6.297799999999999621e+00 1.095252355213345261e+06
6.311399999999999899e+00 1.096190719370462233e+06
6.325000000000000178e+00 1.098000776871978538e+06
6.338499999999999801e+00 1.100503563925548922e+06
6.352100000000000080e+00 1.103586806757867802e+06
6.365700000000000358e+00 1.107101010682207299e+06
6.379299999999999748e+00 1.110926553577812389e+06
6.392800000000000260e+00 1.114933734181612730e+06
6.406399999999999650e+00 1.119055942403369350e+06
6.419999999999999929e+00 1.123177980541666271e+06
6.433500000000000441e+00 1.127171703905862989e+06
6.447099999999999831e+00 1.130986574915379751e+06
6.460700000000000109e+00 1.134578291905537015e+06
6.474300000000000388e+00 1.138062823046469595e+06
6.487800000000000011e+00 1.141812424948433181e+06
6.501400000000000290e+00 1.146681918429485289e+06
6.514999999999999680e+00 1.154017339027767768e+06
6.528599999999999959e+00 1.165689511716368143e+06
6.542099999999999582e+00 1.183767061273157131e+06
6.555699999999999861e+00 1.210034781640260713e+06
6.569300000000000139e+00 1.245227042129102396e+06
6.582900000000000418e+00 1.288611246962914243e+06
6.596400000000000041e+00 1.337869577406855300e+06
6.610000000000000320e+00 1.389561570750527084e+06
6.623599999999999710e+00 1.439705747518669581e+06
6.637100000000000222e+00 1.484611513539877953e+06
6.650699999999999612e+00 1.521568715257200412e+06
6.664299999999999891e+00 1.549039599096541526e+06
6.677900000000000169e+00 1.566748440856148722e+06
6.691399999999999793e+00 1.575384493994392687e+06
6.705000000000000071e+00 1.576316701342506567e+06
6.718600000000000350e+00 1.571079196873770794e+06
6.732199999999999740e+00 1.561196421695650555e+06
6.745700000000000252e+00 1.548008865993547486e+06
6.759299999999999642e+00 1.532756049527676776e+06
6.772899999999999920e+00 1.516491183400395326e+06
6.786400000000000432e+00 1.500209297157899244e+06
6.799999999999999822e+00 1.484931346831497736e+06
6.813600000000000101e+00 1.471544847425867571e+06
6.827200000000000379e+00 1.460822858667134074e+06
6.840700000000000003e+00 1.453308522683883784e+06
6.854300000000000281e+00 1.449345691488156095e+06
6.867899999999999672e+00 1.448909971665003570e+06
6.881499999999999950e+00 1.451737257007003762e+06
6.894999999999999574e+00 1.457345729101958452e+06
6.908599999999999852e+00 1.465199474518040894e+06
6.922200000000000131e+00 1.474653445227819728e+06
6.935699999999999754e+00 1.485065880412610015e+06
6.949300000000000033e+00 1.495889994340213249e+06
6.962900000000000311e+00 1.506561479600056307e+06
6.976499999999999702e+00 1.516601019700545818e+06
6.990000000000000213e+00 1.525597069990538759e+06
7.003599999999999604e+00 1.533324978446553461e+06
7.017199999999999882e+00 1.539643399198024534e+06
7.030800000000000161e+00 1.544591541583211394e+06
7.044299999999999784e+00 1.548331450566230342e+06
7.057900000000000063e+00 1.551198630201984197e+06
7.071500000000000341e+00 1.553517842039509909e+06
7.084999999999999964e+00 1.555613722079333616e+06
7.098600000000000243e+00 1.557828557550568832e+06
7.112199999999999633e+00 1.560357255295270821e+06
7.125799999999999912e+00 1.563319594566032989e+06
7.139300000000000423e+00 1.566714677587416954e+06
7.152899999999999814e+00 1.570519171042327769e+06
7.166500000000000092e+00 1.574570536419288954e+06
7.180100000000000371e+00 1.578671777601270704e+06
7.193599999999999994e+00 1.582565037170910044e+06
7.207200000000000273e+00 1.586037659969925880e+06
7.220799999999999663e+00 1.588812174646486295e+06
7.234399999999999942e+00 1.590654272800294915e+06
7.247899999999999565e+00 1.591350745742010651e+06
7.261499999999999844e+00 1.590816733001902001e+06
7.275100000000000122e+00 1.588976926822239533e+06
7.288599999999999746e+00 1.585839082492537564e+06
7.302200000000000024e+00 1.581560247482949169e+06
7.315800000000000303e+00 1.576310964310066076e+06
7.329399999999999693e+00 1.570350556055451976e+06
7.342900000000000205e+00 1.563963407834756421e+06
7.356499999999999595e+00 1.557514571254406124e+06
7.370099999999999874e+00 1.551284980245937826e+06
7.383700000000000152e+00 1.545520153154725907e+06
7.397199999999999775e+00 1.540360536042188527e+06
7.410800000000000054e+00 1.535916154289004626e+06
7.424400000000000333e+00 1.532155077002433361e+06
7.437899999999999956e+00 1.528998160505800741e+06
7.451500000000000234e+00 1.526418388563110726e+06
7.465099999999999625e+00 1.524347895218200749e+06
7.478699999999999903e+00 1.522773998244812014e+06
7.492200000000000415e+00 1.521693685988233658e+06
7.505799999999999805e+00 1.521177685350901447e+06
7.519400000000000084e+00 1.521228650754386326e+06
7.533000000000000362e+00 1.521848050725654466e+06
7.546499999999999986e+00 1.522989471381780691e+06
7.560100000000000264e+00 1.524641538934184937e+06
7.573699999999999655e+00 1.526711772855369141e+06
7.587200000000000166e+00 1.529096136126522673e+06
7.600799999999999557e+00 1.531748713130890159e+06
7.614399999999999835e+00 1.534575136693014530e+06
7.628000000000000114e+00 1.537528937362340512e+06
7.641499999999999737e+00 1.540587605203920044e+06
7.655100000000000016e+00 1.543843810930820880e+06
7.668700000000000294e+00 1.547383504441956757e+06
7.682299999999999685e+00 1.551344999009928433e+06
7.695800000000000196e+00 1.555840497923384653e+06
7.709399999999999586e+00 1.560986327257457422e+06
7.722999999999999865e+00 1.566733785524856299e+06
7.736500000000000377e+00 1.572901787173577351e+06
7.750099999999999767e+00 1.579244002610141179e+06
7.763700000000000045e+00 1.585370721659311326e+06
7.777300000000000324e+00 1.590901732538512209e+06
7.790799999999999947e+00 1.595504506506711012e+06
7.804400000000000226e+00 1.599037887198726414e+06
7.817999999999999616e+00 1.601455608891152544e+06
7.831599999999999895e+00 1.602873927971815923e+06
7.845100000000000406e+00 1.603485727497136919e+06
7.858699999999999797e+00 1.603586271829783218e+06
7.872300000000000075e+00 1.603402931952469749e+06
7.885799999999999699e+00 1.603131551112123532e+06
7.899399999999999977e+00 1.602993739004320465e+06
7.913000000000000256e+00 1.603124432574923150e+06
7.926599999999999646e+00 1.603665431933732005e+06
7.940100000000000158e+00 1.604729853262146702e+06
7.953700000000000436e+00 1.606477659634105163e+06
7.967299999999999827e+00 1.608979771777641028e+06
7.980900000000000105e+00 1.612278999513981165e+06
7.994399999999999729e+00 1.616329761058000615e+06
8.007999999999999119e+00 1.621064912688764511e+06
8.021599999999999397e+00 1.626273183829234913e+06
8.035199999999999676e+00 1.631693630620004842e+06
8.048700000000000188e+00 1.637007029848750448e+06
8.062300000000000466e+00 1.641958029705053195e+06
8.075900000000000745e+00 1.646272763005935587e+06
8.089399999999999480e+00 1.649746719089272199e+06
8.102999999999999758e+00 1.652314237437447300e+06
8.116600000000000037e+00 1.653918728409115924e+06
8.130200000000000315e+00 1.654577597209345549e+06
8.143700000000000827e+00 1.654328462297737366e+06
8.157299999999999329e+00 1.653305854456911562e+06
8.170899999999999608e+00 1.651623464273576392e+06
8.184499999999999886e+00 1.649460622648269171e+06
8.198000000000000398e+00 1.647022102549300762e+06
8.211600000000000676e+00 1.644608506253623636e+06
8.225199999999999179e+00 1.642473177255149931e+06
8.238699999999999690e+00 1.640847562526161550e+06
8.252299999999999969e+00 1.639953096221051179e+06
8.265900000000000247e+00 1.639825357389315264e+06
8.279500000000000526e+00 1.640340464061380597e+06
8.292999999999999261e+00 1.641144955581287621e+06
8.306599999999999540e+00 1.641748827182944864e+06
8.320199999999999818e+00 1.641478661562218564e+06
8.333800000000000097e+00 1.639677163581107510e+06
8.347300000000000608e+00 1.635801455251729349e+06
8.360900000000000887e+00 1.629614958455417538e+06
8.374499999999999389e+00 1.621122980821215315e+06
8.387999999999999901e+00 1.610610767057878664e+06
8.401600000000000179e+00 1.598615330464937491e+06
8.415200000000000458e+00 1.585691137501077028e+06
8.428800000000000736e+00 1.572374136018388206e+06
8.442299999999999471e+00 1.559065787695990177e+06
8.455899999999999750e+00 1.546076371574492427e+06
8.469500000000000028e+00 1.533523906704378314e+06
8.483100000000000307e+00 1.521442613393315347e+06
8.496600000000000819e+00 1.509786368908334756e+06
8.510199999999999321e+00 1.498533921620883280e+06
8.523799999999999599e+00 1.487605569007352693e+06
8.537300000000000111e+00 1.476931205624884227e+06
8.550900000000000389e+00 1.466509748799947090e+06
8.564500000000000668e+00 1.456306442687064176e+06
8.578099999999999170e+00 1.446320868643373018e+06
8.591599999999999682e+00 1.436548419223501114e+06
8.605199999999999960e+00 1.427043791147136362e+06
8.618800000000000239e+00 1.417814381056718528e+06
8.632400000000000517e+00 1.408884856869110139e+06
8.645899999999999253e+00 1.400262481477569556e+06
8.659499999999999531e+00 1.392002029669912066e+06
8.673099999999999810e+00 1.384109398752147565e+06
8.686600000000000321e+00 1.376592091700601159e+06
8.700200000000000600e+00 1.369506875157516217e+06
8.713800000000000878e+00 1.362863214544882067e+06
8.727399999999999380e+00 1.356683293433364714e+06
8.740899999999999892e+00 1.350964188114349265e+06
8.754500000000000171e+00 1.345732211126033915e+06
8.768100000000000449e+00 1.340945228405684233e+06
8.781700000000000728e+00 1.336558343858456938e+06
8.795199999999999463e+00 1.332508795287564397e+06
8.808799999999999741e+00 1.328801980804530205e+06
8.822400000000000020e+00 1.325446407370924018e+06
8.836000000000000298e+00 1.322527965522762854e+06
8.849500000000000810e+00 1.320170295852186857e+06
8.863099999999999312e+00 1.318561283566323575e+06
8.876699999999999591e+00 1.317817498942575185e+06
8.890200000000000102e+00 1.317988853579422692e+06
8.903800000000000381e+00 1.319084830221763579e+06
8.917400000000000659e+00 1.320996030985671794e+06
8.930999999999999162e+00 1.323587375755053712e+06
8.944499999999999673e+00 1.326713593036365928e+06
8.958099999999999952e+00 1.330317661426697858e+06
8.971700000000000230e+00 1.334365051807795186e+06
8.985300000000000509e+00 1.338905043134971987e+06
8.998799999999999244e+00 1.344021894699941389e+06
9.012399999999999523e+00 1.349858022098674206e+06
9.025999999999999801e+00 1.356476013498557499e+06
9.039500000000000313e+00 1.363852839497016976e+06
9.053100000000000591e+00 1.371880447221760172e+06
9.066700000000000870e+00 1.380254344691062113e+06
9.080299999999999372e+00 1.388544877339417348e+06
9.093799999999999883e+00 1.396215604069652967e+06
9.107400000000000162e+00 1.402763092441247078e+06
9.121000000000000441e+00 1.407713663821343333e+06
9.134600000000000719e+00 1.410758737318497850e+06
9.148099999999999454e+00 1.411762509299515514e+06
9.161699999999999733e+00 1.410817275825924007e+06
9.175300000000000011e+00 1.408105490919248434e+06
9.188800000000000523e+00 1.403880166807543719e+06
9.202400000000000801e+00 1.398445993030301528e+06
9.215999999999999304e+00 1.392022326214665314e+06
9.229599999999999582e+00 1.384787131599437213e+06
9.243100000000000094e+00 1.376854140152033651e+06
9.256700000000000372e+00 1.368354606606327696e+06
9.270300000000000651e+00 1.359372454249828821e+06
9.283899999999999153e+00 1.350022141435895348e+06
9.297399999999999665e+00 1.340425539400399663e+06
9.310999999999999943e+00 1.330764537140581990e+06
9.324600000000000222e+00 1.321181385572352214e+06
9.338100000000000733e+00 1.311808202692489373e+06
9.351699999999999235e+00 1.302797570587792434e+06
9.365299999999999514e+00 1.294232656630016631e+06
9.378899999999999793e+00 1.286187400471161352e+06
9.392400000000000304e+00 1.278707524304499384e+06
9.406000000000000583e+00 1.271876414230387891e+06
9.419600000000000861e+00 1.265742428032399155e+06
9.433199999999999363e+00 1.260379187426903751e+06
9.446699999999999875e+00 1.255857461639460875e+06
9.460300000000000153e+00 1.252289164711423451e+06
9.473900000000000432e+00 1.249731723537385697e+06
9.487399999999999167e+00 1.248207698295186274e+06
9.500999999999999446e+00 1.247720415198691655e+06
9.514599999999999724e+00 1.248156226301318267e+06
9.528200000000000003e+00 1.249313319730883930e+06
9.541700000000000514e+00 1.250868077499688137e+06
9.555300000000000793e+00 1.252438814988672035e+06
9.568899999999999295e+00 1.253549035644552205e+06
9.582499999999999574e+00 1.253761580237687798e+06
9.596000000000000085e+00 1.252773029416019330e+06
9.609600000000000364e+00 1.250607736500423634e+06
9.623200000000000642e+00 1.247663904153681127e+06
9.636799999999999145e+00 1.244815632873320021e+06
9.650299999999999656e+00 1.243299110188286053e+06
9.663899999999999935e+00 1.244504171120193321e+06
9.677500000000000213e+00 1.249503917025557719e+06
9.691000000000000725e+00 1.258700299562818604e+06
9.704599999999999227e+00 1.271646347973919939e+06
9.718199999999999505e+00 1.287038643047989113e+06
9.731799999999999784e+00 1.303097294972398551e+06
9.745300000000000296e+00 1.317986242444901494e+06
9.758900000000000574e+00 1.330272025402721250e+06
9.772500000000000853e+00 1.339096682590081356e+06
9.786099999999999355e+00 1.344296669199321885e+06
9.799599999999999866e+00 1.346274192001687130e+06
9.813200000000000145e+00 1.345841924301189370e+06
9.826800000000000423e+00 1.343894683800487546e+06
9.840299999999999159e+00 1.341238423438500846e+06
9.853899999999999437e+00 1.338496748093247181e+06
9.867499999999999716e+00 1.335987143366256496e+06
9.881099999999999994e+00 1.333808518513985211e+06
9.894600000000000506e+00 1.331885125380884623e+06
9.908200000000000784e+00 1.330098009690596256e+06
9.921799999999999287e+00 1.328267694041870302e+06
9.935399999999999565e+00 1.326246683997352608e+06
9.948900000000000077e+00 1.323918448542153463e+06
9.962500000000000355e+00 1.321253297447646502e+06
9.976100000000000634e+00 1.318227503268413246e+06
9.989599999999999369e+00 1.314856914857327705e+06
1.000319999999999965e+01 1.311227666501401225e+06
1.001679999999999993e+01 1.307403750110114459e+06
1.003040000000000020e+01 1.303462658897317946e+06
1.004390000000000072e+01 1.299450879459731048e+06
1.005749999999999922e+01 1.295422351354181068e+06
1.007109999999999950e+01 1.291360357994124759e+06
1.008469999999999978e+01 1.287246833997437265e+06
1.009820000000000029e+01 1.283068203282164177e+06
1.011180000000000057e+01 1.278899345418142388e+06
1.012540000000000084e+01 1.274844860151595436e+06
1.013889999999999958e+01 1.271067763839656487e+06
1.015249999999999986e+01 1.267790405758253997e+06
1.016610000000000014e+01 1.265170366518160561e+06
1.017970000000000041e+01 1.263310725547564449e+06
1.019319999999999915e+01 1.262219495637514628e+06
1.020679999999999943e+01 1.261870259545957670e+06
1.022039999999999971e+01 1.262154523445344297e+06
1.023399999999999999e+01 1.262958041614267277e+06
1.024750000000000050e+01 1.264152048138636863e+06
1.026110000000000078e+01 1.265646617246556794e+06
1.027469999999999928e+01 1.267314794366882648e+06
1.028829999999999956e+01 1.269041806128666969e+06
1.030180000000000007e+01 1.270705636629844084e+06
1.031540000000000035e+01 1.272236793493820820e+06
1.032900000000000063e+01 1.273554183705326170e+06
1.034249999999999936e+01 1.274607836220607860e+06
1.035609999999999964e+01 1.275416831855580909e+06
1.036969999999999992e+01 1.275991398289797362e+06
1.038330000000000020e+01 1.276376410709338496e+06
1.039680000000000071e+01 1.276621240979060763e+06
1.041039999999999921e+01 1.276825490515951766e+06
1.042399999999999949e+01 1.277060515727566322e+06
1.043759999999999977e+01 1.277414972986960551e+06
1.045110000000000028e+01 1.277965920506928582e+06
1.046470000000000056e+01 1.278823292693135329e+06
1.047830000000000084e+01 1.280053524476936320e+06
1.049179999999999957e+01 1.281715290801480878e+06
1.050539999999999985e+01 1.283896044107187772e+06
1.051900000000000013e+01 1.286636906285618432e+06
1.053260000000000041e+01 1.289974065818478586e+06
1.054609999999999914e+01 1.293899071274348069e+06
1.055969999999999942e+01 1.298386231967658037e+06
1.057329999999999970e+01 1.303297220187614439e+06
1.058689999999999998e+01 1.308417729707371211e+06
1.060040000000000049e+01 1.313438855409981916e+06
1.061400000000000077e+01 1.318034364016872132e+06
1.062759999999999927e+01 1.321830891792547889e+06
1.064109999999999978e+01 1.324494339453780325e+06
1.065470000000000006e+01 1.325808136078702053e+06
1.066830000000000034e+01 1.325621137615320738e+06
1.068190000000000062e+01 1.323899197665546322e+06
1.069539999999999935e+01 1.320685816460829461e+06
1.070899999999999963e+01 1.316128815122884000e+06
1.072259999999999991e+01 1.310383032666920451e+06
1.073620000000000019e+01 1.303641337401521625e+06
1.074970000000000070e+01 1.296096953891020035e+06
1.076329999999999920e+01 1.287981800603051204e+06
1.077689999999999948e+01 1.279484399326371029e+06
1.079039999999999999e+01 1.270776174652844900e+06
1.080400000000000027e+01 1.262035920123348478e+06
1.081760000000000055e+01 1.253370356408292660e+06
1.083120000000000083e+01 1.244858185770273674e+06
1.084469999999999956e+01 1.236529141488979803e+06
1.085829999999999984e+01 1.228417295016461285e+06
1.087190000000000012e+01 1.220502744262309978e+06
1.088550000000000040e+01 1.212767302384178154e+06
1.089899999999999913e+01 1.205179461803924292e+06
1.091259999999999941e+01 1.197742854924871819e+06
1.092619999999999969e+01 1.190430916730164550e+06
1.093970000000000020e+01 1.183220425719984807e+06
1.095330000000000048e+01 1.176123772676355671e+06
1.096690000000000076e+01 1.169124562703792471e+06
1.098049999999999926e+01 1.162221990752257640e+06
1.099399999999999977e+01 1.155408830099819461e+06
1.100760000000000005e+01 1.148709535891497508e+06
1.102120000000000033e+01 1.142108970525915502e+06
1.103480000000000061e+01 1.135584297851672629e+06
1.104829999999999934e+01 1.129075888108783169e+06
1.106189999999999962e+01 1.122527428430557251e+06
1.107549999999999990e+01 1.115834296327475226e+06
1.108910000000000018e+01 1.108904058979123598e+06
1.110260000000000069e+01 1.101659076829218073e+06
1.111619999999999919e+01 1.094094237024211558e+06
1.112979999999999947e+01 1.086223858532813611e+06
1.114329999999999998e+01 1.078105556824857602e+06
1.115690000000000026e+01 1.069853230463957181e+06
1.117050000000000054e+01 1.061560354765294585e+06
1.118410000000000082e+01 1.053324510903036688e+06
1.119759999999999955e+01 1.045222589514846331e+06
1.121119999999999983e+01 1.037352030661328114e+06
1.122480000000000011e+01 1.029786839191433974e+06
1.123840000000000039e+01 1.022632439825858921e+06
1.125189999999999912e+01 1.016023631780962110e+06
1.126549999999999940e+01 1.010168128314445843e+06
1.127909999999999968e+01 1.005281336681863875e+06
1.129260000000000019e+01 1.001578907633454190e+06
1.130620000000000047e+01 9.992473145429393044e+05
1.131980000000000075e+01 9.983274108533657854e+05
1.133339999999999925e+01 9.987039874656930333e+05
1.134689999999999976e+01 1.000080358680587844e+06
1.136050000000000004e+01 1.002051889639204717e+06
1.137410000000000032e+01 1.004126764923369861e+06
1.138770000000000060e+01 1.005845970638459432e+06
1.140119999999999933e+01 1.006835596539997496e+06
1.141479999999999961e+01 1.006880537985865492e+06
1.142839999999999989e+01 1.005875186359669664e+06
1.144190000000000040e+01 1.003827473976305104e+06
1.145550000000000068e+01 1.000850439224240952e+06
1.146909999999999918e+01 9.970757007561456412e+05
1.148269999999999946e+01 9.926638964975542622e+05
1.149619999999999997e+01 9.877734264318216592e+05
1.150980000000000025e+01 9.825891275358326966e+05
1.152340000000000053e+01 9.772715522122289985e+05
1.153700000000000081e+01 9.719862564062728779e+05
1.155049999999999955e+01 9.668854432978718542e+05
1.156409999999999982e+01 9.621345534833926940e+05
1.157770000000000010e+01 9.578488717333497480e+05
1.159120000000000061e+01 9.541085134585640626e+05
1.160479999999999912e+01 9.509735921618832508e+05
1.161839999999999939e+01 9.484318318013475509e+05
1.163199999999999967e+01 9.464384609179575928e+05
1.164550000000000018e+01 9.449140962052788818e+05
1.165910000000000046e+01 9.437931834107916802e+05
1.167270000000000074e+01 9.429849082466983236e+05
1.168629999999999924e+01 9.424037383959526196e+05
1.169979999999999976e+01 9.419413448689441429e+05
1.171340000000000003e+01 9.414860588250685250e+05
1.172700000000000031e+01 9.408725825620052638e+05
1.174050000000000082e+01 9.399223874804998050e+05
1.175409999999999933e+01 9.384998572890298674e+05
1.176769999999999960e+01 9.365013524993682513e+05
1.178129999999999988e+01 9.339150693794707768e+05
1.179480000000000040e+01 9.308131450303606689e+05
1.180840000000000067e+01 9.273656489133589203e+05
1.182199999999999918e+01 9.237591308725926792e+05
1.183559999999999945e+01 9.201875644854144193e+05
1.184909999999999997e+01 9.168031647999406559e+05
1.186270000000000024e+01 9.137305108595062047e+05
1.187630000000000052e+01 9.110215142990540480e+05
1.188990000000000080e+01 9.087009255248461850e+05
1.190339999999999954e+01 9.067691190489837900e+05
1.191699999999999982e+01 9.052455931465249741e+05
1.193060000000000009e+01 9.041258540199572453e+05
1.194410000000000061e+01 9.033950640670241555e+05
1.195770000000000088e+01 9.030402541724598268e+05
1.197129999999999939e+01 9.029870971895166440e+05
1.198489999999999966e+01 9.031284861163408495e+05
1.199840000000000018e+01 9.033207970086537534e+05
1.201200000000000045e+01 9.034326696679714369e+05
1.202560000000000073e+01 9.033274165486948332e+05
1.203919999999999924e+01 9.029153075552681694e+05
1.205269999999999975e+01 9.021497221565694781e+05
1.206630000000000003e+01 9.010560154598212102e+05
1.207990000000000030e+01 8.996764265619352227e+05
1.209340000000000082e+01 8.980790212143067038e+05
1.210699999999999932e+01 8.963675745895282598e+05
1.212059999999999960e+01 8.946282349554620450e+05
1.213419999999999987e+01 8.929542599951395532e+05
1.214770000000000039e+01 8.914286829866009066e+05
1.216130000000000067e+01 8.901521175195755204e+05
1.217489999999999917e+01 8.891969614329431206e+05
1.218849999999999945e+01 8.886342855970758246e+05
1.220199999999999996e+01 8.885155449613643577e+05
1.221560000000000024e+01 8.888971190089959418e+05
1.222920000000000051e+01 8.897936621409266954e+05
1.224269999999999925e+01 8.911960352604761720e+05
1.225629999999999953e+01 8.930931922954149777e+05
1.226989999999999981e+01 8.954305789356293390e+05
1.228350000000000009e+01 8.981430390535736224e+05
1.229700000000000060e+01 9.011448182147465413e+05
1.231060000000000088e+01 9.043630995007228339e+05
1.232419999999999938e+01 9.076972575249258662e+05
1.233779999999999966e+01 9.110501579980676761e+05
1.235130000000000017e+01 9.143148885603925446e+05
1.236490000000000045e+01 9.174062726990034571e+05
1.237850000000000072e+01 9.202197869109059684e+05
1.239199999999999946e+01 9.226587221372454660e+05
1.240559999999999974e+01 9.246632088696761057e+05
1.241920000000000002e+01 9.261725049826434115e+05
1.243280000000000030e+01 9.271610643439005362e+05
1.244630000000000081e+01 9.276277044791233493e+05
1.245989999999999931e+01 9.276266640520389192e+05
1.247349999999999959e+01 9.272197159802709939e+05
1.248709999999999987e+01 9.264988222980186110e+05
1.250060000000000038e+01 9.255602406435826560e+05
1.251420000000000066e+01 9.245201138433845481e+05
1.252779999999999916e+01 9.234543915508663049e+05
1.254139999999999944e+01 9.224133060562057653e+05
1.255489999999999995e+01 9.213944096927776700e+05
1.256850000000000023e+01 9.203657586329454789e+05
1.258210000000000051e+01 9.192247262322712922e+05
1.259559999999999924e+01 9.178338647301159799e+05
1.260919999999999952e+01 9.160664878097629407e+05
1.262279999999999980e+01 9.137922247914304025e+05
1.263640000000000008e+01 9.109337279559402959e+05
1.264990000000000059e+01 9.074698934201033553e+05
1.266350000000000087e+01 9.034679272421119967e+05
1.267709999999999937e+01 8.990279947334664175e+05
1.269069999999999965e+01 8.942914151899603894e+05
1.270420000000000016e+01 8.894054225262333639e+05
1.271780000000000044e+01 8.845341459796287818e+05
1.273140000000000072e+01 8.798114845584658906e+05
1.274489999999999945e+01 8.753637256165524013e+05
1.275849999999999973e+01 8.713355410838207463e+05
1.277210000000000001e+01 8.678527462747399695e+05
1.278570000000000029e+01 8.650481340913977474e+05
1.279920000000000080e+01 8.630372095732069574e+05
1.281279999999999930e+01 8.619246856523026945e+05
1.282639999999999958e+01 8.617359150416167686e+05
1.283999999999999986e+01 8.624150217834009090e+05
1.285350000000000037e+01 8.637922936512992019e+05
1.286710000000000065e+01 8.656127993715828052e+05
1.288069999999999915e+01 8.675253907331436640e+05
1.289419999999999966e+01 8.691583631906068185e+05
1.290779999999999994e+01 8.702087449719426222e+05
1.292140000000000022e+01 8.704665969067421975e+05
1.293500000000000050e+01 8.698837374276113696e+05
1.294849999999999923e+01 8.685670480910022743e+05
1.296209999999999951e+01 8.667752554835075280e+05
1.297569999999999979e+01 8.648218827456043800e+05
1.298930000000000007e+01 8.630360485165035352e+05
1.300280000000000058e+01 8.616924418252836913e+05
1.301640000000000086e+01 8.610036931142370449e+05
1.302999999999999936e+01 8.610729183777198195e+05
1.304349999999999987e+01 8.619270595049668336e+05
1.305710000000000015e+01 8.635605807284964249e+05
1.307070000000000043e+01 8.659190782311143121e+05
1.308430000000000071e+01 8.689397237863886403e+05
1.309779999999999944e+01 8.725408007070213789e+05
1.311139999999999972e+01 8.766408422636700561e+05
1.312500000000000000e+01 8.811097044398518046e+05
1.313860000000000028e+01 8.857940147645123070e+05
1.315210000000000079e+01 8.905122665866838070e+05
1.316569999999999929e+01 8.951063087093340000e+05
1.317929999999999957e+01 8.994309300070345635e+05
1.319280000000000008e+01 9.034006686904759845e+05
1.320640000000000036e+01 9.070224293269891059e+05
1.322000000000000064e+01 9.103456038234899752e+05
1.323359999999999914e+01 9.134610463928901590e+05
1.324709999999999965e+01 9.164487372282751603e+05
1.326069999999999993e+01 9.193698694457454840e+05
1.327430000000000021e+01 9.222049703157959739e+05
1.328790000000000049e+01 9.248819577432163060e+05
1.330139999999999922e+01 9.272811254427818349e+05
1.331499999999999950e+01 9.292917812272971496e+05
1.332859999999999978e+01 9.307976307524886215e+05
1.334220000000000006e+01 9.317247156027863966e+05
1.335570000000000057e+01 9.320356036463245982e+05
1.336930000000000085e+01 9.317568332475522766e+05
1.338289999999999935e+01 9.309328745511799352e+05
1.339639999999999986e+01 9.296436746598311001e+05
1.341000000000000014e+01 9.280248873432730325e+05
1.342360000000000042e+01 9.262265055223274976e+05
1.343720000000000070e+01 9.244366291271160590e+05
1.345069999999999943e+01 9.228538627341520041e+05
1.346429999999999971e+01 9.216887675356812542e+05
1.347789999999999999e+01 9.210858363822042011e+05
1.349150000000000027e+01 9.211133866039334098e+05
1.350500000000000078e+01 9.217230220066675683e+05
1.351859999999999928e+01 9.227724021208971972e+05
1.353219999999999956e+01 9.240076575973500730e+05
1.354570000000000007e+01 9.251317119839013321e+05
1.355930000000000035e+01 9.258861875552762067e+05
1.357290000000000063e+01 9.260696747049648548e+05
1.358649999999999913e+01 9.256063109364853008e+05
1.359999999999999964e+01 9.245435538572923979e+05
1.361359999999999992e+01 9.230564411764768884e+05
1.362720000000000020e+01 9.213552293393240543e+05
1.364080000000000048e+01 9.196477970754714916e+05
1.365429999999999922e+01 9.180691564855762990e+05
1.366789999999999949e+01 9.166780646993074333e+05
1.368149999999999977e+01 9.154214203179219039e+05
1.369500000000000028e+01 9.141887709071025020e+05
1.370860000000000056e+01 9.128797602922311053e+05
1.372220000000000084e+01 9.114056101434333250e+05
1.373579999999999934e+01 9.097371722097876482e+05
1.374929999999999986e+01 9.078873542187738931e+05
1.376290000000000013e+01 9.059100929659308167e+05
1.377650000000000041e+01 9.038226458931633970e+05
1.379010000000000069e+01 9.015950670263807988e+05
1.380359999999999943e+01 8.991151992976976326e+05
1.381719999999999970e+01 8.962148706133275991e+05
1.383079999999999998e+01 8.926544704821858322e+05
1.384430000000000049e+01 8.881835152444904670e+05
1.385790000000000077e+01 8.826063347248379141e+05
1.387149999999999928e+01 8.757816683269789210e+05
1.388509999999999955e+01 8.676675197277221596e+05
1.389860000000000007e+01 8.583042797029899666e+05
1.391220000000000034e+01 8.478142000290388241e+05
1.392580000000000062e+01 8.363301338428944582e+05
1.393939999999999912e+01 8.239916955523645738e+05
1.395289999999999964e+01 8.109211520023886114e+05
1.396649999999999991e+01 7.972549381945068017e+05
1.398010000000000019e+01 7.831301263889441034e+05
1.399360000000000070e+01 7.687241880748607218e+05
1.400719999999999921e+01 7.542791174302073196e+05
1.402079999999999949e+01 7.400549922095282236e+05
1.403439999999999976e+01 7.263205442743398016e+05
1.404790000000000028e+01 7.133027654308363562e+05
1.406150000000000055e+01 7.011739490217976272e+05
1.407510000000000083e+01 6.900041589573019883e+05
1.408869999999999933e+01 6.797858316987352446e+05
1.410219999999999985e+01 6.704440284667954547e+05
1.411580000000000013e+01 6.618844273342117667e+05
1.412940000000000040e+01 6.539944589345691493e+05
1.414300000000000068e+01 6.466877703270227648e+05
1.415649999999999942e+01 6.399123135769715300e+05
1.417009999999999970e+01 6.336769557414735900e+05
1.418369999999999997e+01 6.280206379661532119e+05
1.419720000000000049e+01 6.230135602384462254e+05
1.421080000000000076e+01 6.187474706317076925e+05
1.422439999999999927e+01 6.152823481078043114e+05
1.423799999999999955e+01 6.126418242750801146e+05
1.425150000000000006e+01 6.107927167234284570e+05
1.426510000000000034e+01 6.096668305685777450e+05
1.427870000000000061e+01 6.091544324208123144e+05
1.429229999999999912e+01 6.091475178621016676e+05
1.430579999999999963e+01 6.095545351861652452e+05
1.431939999999999991e+01 6.103281036279079271e+05
1.433300000000000018e+01 6.114330487459518481e+05
1.434650000000000070e+01 6.128384324058976490e+05
1.436009999999999920e+01 6.145043223722332623e+05
1.437369999999999948e+01 6.163375388172061648e+05
1.438729999999999976e+01 6.182082396144645754e+05
1.440080000000000027e+01 6.199637085134659428e+05
1.441440000000000055e+01 6.214859652503866237e+05
1.442800000000000082e+01 6.227113386346136685e+05
1.444159999999999933e+01 6.236818842701078393e+05
1.445509999999999984e+01 6.245434521164211910e+05
1.446870000000000012e+01 6.255364081444239710e+05
1.448230000000000040e+01 6.269150298457858153e+05
1.449579999999999913e+01 6.288950455360643100e+05
1.450939999999999941e+01 6.316106291613611393e+05
1.452299999999999969e+01 6.350581446424792521e+05
1.453659999999999997e+01 6.391119630021734629e+05
1.455010000000000048e+01 6.435406833952548914e+05
1.456370000000000076e+01 6.480657538610572228e+05
1.457729999999999926e+01 6.523741440286410507e+05
1.459089999999999954e+01 6.561835852311908966e+05
1.460440000000000005e+01 6.592715654208621709e+05
1.461800000000000033e+01 6.615255410085011972e+05
1.463160000000000061e+01 6.629380263916666154e+05
1.464509999999999934e+01 6.636246253417967819e+05
1.465869999999999962e+01 6.638208684928354342e+05
1.467229999999999990e+01 6.638162916530630318e+05
1.468590000000000018e+01 6.639173241433127550e+05
1.469940000000000069e+01 6.643791903276199009e+05
1.471299999999999919e+01 6.653766836990349693e+05
1.472659999999999947e+01 6.669543210526356706e+05
1.474019999999999975e+01 6.690536865463980939e+05
1.475370000000000026e+01 6.715424435577900149e+05
1.476730000000000054e+01 6.742863479396293405e+05
1.478090000000000082e+01 6.771742686623641057e+05
1.479439999999999955e+01 6.801645747553420952e+05
1.480799999999999983e+01 6.833031230444577523e+05
1.482160000000000011e+01 6.866730408015083522e+05
1.483520000000000039e+01 6.903745512889913516e+05
1.484869999999999912e+01 6.944786705456714844e+05
1.486229999999999940e+01 6.990216570189138874e+05
1.487589999999999968e+01 7.039728863934610272e+05
1.488949999999999996e+01 7.092659454053320223e+05
1.490300000000000047e+01 7.148109212641572813e+05
1.491660000000000075e+01 7.205363164852308109e+05
1.493019999999999925e+01 7.263764135265192017e+05
1.494379999999999953e+01 7.322940648227004567e+05
1.495730000000000004e+01 7.382644074311880395e+05
1.497090000000000032e+01 7.442642005729583325e+05
1.498450000000000060e+01 7.502150187072543195e+05
1.499799999999999933e+01 7.559794283008296043e+05
1.501159999999999961e+01 7.613646450898814946e+05
1.502519999999999989e+01 7.661237348966576392e+05
1.503880000000000017e+01 7.700333310914844042e+05
1.505230000000000068e+01 7.729625664124909090e+05
1.506589999999999918e+01 7.749669675424323650e+05
1.507949999999999946e+01 7.762897016016086563e+05
1.509309999999999974e+01 7.773430289479474304e+05
1.510660000000000025e+01 7.785788243174405070e+05
1.512020000000000053e+01 7.803372065469827503e+05
1.513380000000000081e+01 7.826528217585330131e+05
1.514729999999999954e+01 7.851863004510322353e+05
1.516089999999999982e+01 7.872780889788385248e+05
1.517450000000000010e+01 7.880681959280677838e+05
1.518810000000000038e+01 7.867266936286846176e+05
1.520159999999999911e+01 7.826431566752530634e+05
1.521519999999999939e+01 7.755852280438757734e+05
1.522879999999999967e+01 7.657221471662597032e+05
1.524239999999999995e+01 7.536238328021843918e+05
1.525590000000000046e+01 7.401752427960919449e+05
1.526950000000000074e+01 7.264847818515895633e+05
1.528309999999999924e+01 7.137224952217576792e+05
1.529659999999999975e+01 7.029883778175088810e+05
1.531020000000000003e+01 6.951797947738084476e+05
1.532380000000000031e+01 6.908424729231343372e+05
1.533740000000000059e+01 6.901296830082716187e+05
1.535089999999999932e+01 6.928086773491726490e+05
1.536449999999999960e+01 6.983654508674733806e+05
1.537809999999999988e+01 7.061039982315743109e+05
1.539170000000000016e+01 7.153014963077594293e+05
1.540520000000000067e+01 7.252967824590321397e+05
1.541879999999999917e+01 7.355705561281981645e+05
1.543239999999999945e+01 7.457375483951335773e+05
1.544589999999999996e+01 7.555419140730869258e+05
1.545950000000000024e+01 7.648442433254891075e+05
1.547310000000000052e+01 7.735617886457317509e+05
1.548670000000000080e+01 7.816663721932144836e+05
1.550019999999999953e+01 7.891637627829253906e+05
1.551379999999999981e+01 7.961088610032076249e+05
1.552740000000000009e+01 8.025697054140511900e+05
1.554100000000000037e+01 8.086345949110785732e+05
1.555450000000000088e+01 8.143782280744885793e+05
1.556809999999999938e+01 8.198531283204797655e+05
1.558169999999999966e+01 8.250312361529754708e+05
1.559529999999999994e+01 8.298130568416077876e+05
1.560880000000000045e+01 8.340298577133981744e+05
1.562240000000000073e+01 8.375026954209277174e+05
1.563599999999999923e+01 8.400628106447830796e+05
1.564949999999999974e+01 8.416188540361347841e+05
1.566310000000000002e+01 8.422048755866027204e+05
1.567670000000000030e+01 8.419474463973663514e+05
1.569030000000000058e+01 8.410522603768300032e+05
1.570379999999999932e+01 8.397339699948099442e+05
1.571739999999999959e+01 8.381743715810059803e+05
1.573099999999999987e+01 8.364459910130002536e+05
1.574460000000000015e+01 8.345249288394915638e+05
1.575810000000000066e+01 8.323053001183773158e+05
1.577169999999999916e+01 8.296739400606661802e+05
1.578529999999999944e+01 8.265368510674660793e+05
1.579879999999999995e+01 8.228788368410286494e+05
1.581240000000000023e+01 8.187942143421242945e+05
1.582600000000000051e+01 8.144410461906498531e+05
1.583960000000000079e+01 8.100203317257395247e+05
1.585309999999999953e+01 8.057223022248215275e+05
1.586669999999999980e+01 8.017067353524597129e+05
1.588030000000000008e+01 7.980532356461820891e+05
1.589390000000000036e+01 7.947839337630743394e+05
1.590740000000000087e+01 7.918638266834992683e+05
1.592099999999999937e+01 7.892446909847516799e+05
1.593459999999999965e+01 7.868521389432108263e+05
1.594810000000000016e+01 7.846120526928497711e+05
1.596170000000000044e+01 7.824683329588522902e+05
1.597530000000000072e+01 7.803502335272529162e+05
1.598889999999999922e+01 7.781858671743450686e+05
1.600240000000000151e+01 7.758894934827875113e+05
1.601599999999999824e+01 7.733842847596729407e+05
1.602959999999999852e+01 7.705801424993058899e+05
1.604319999999999879e+01 7.674000644028767711e+05
1.605669999999999931e+01 7.637724978802702390e+05
1.607029999999999959e+01 7.596456000546640716e+05
1.608389999999999986e+01 7.549532922657310264e+05
1.609740000000000038e+01 7.496306910140556283e+05
1.611100000000000065e+01 7.436377608133344911e+05
1.612460000000000093e+01 7.369449661480222130e+05
1.613820000000000121e+01 7.295596532525797375e+05
1.615170000000000172e+01 7.215147320622219704e+05
1.616529999999999845e+01 7.128773720895008883e+05
1.617889999999999873e+01 7.037151438179783290e+05
1.619249999999999901e+01 6.941181903735396918e+05
1.620599999999999952e+01 6.842040826560016721e+05
1.621959999999999980e+01 6.741482073541212594e+05
1.623320000000000007e+01 6.641600429266932188e+05
1.624670000000000059e+01 6.544803460030013230e+05
1.626030000000000086e+01 6.453652334514345275e+05
1.627390000000000114e+01 6.370232477732485859e+05
1.628750000000000142e+01 6.296035724692955846e+05
1.630099999999999838e+01 6.231632849921601592e+05
1.631459999999999866e+01 6.176726977309413487e+05
1.632819999999999894e+01 6.129984403130871942e+05
1.634179999999999922e+01 6.089287613404353615e+05
1.635529999999999973e+01 6.051989824097830569e+05
1.636890000000000001e+01 6.015450822320719017e+05
1.638250000000000028e+01 5.977247009756312473e+05
1.639610000000000056e+01 5.935687683816936333e+05
1.640960000000000107e+01 5.889953131349383621e+05
1.642320000000000135e+01 5.840223696743920445e+05
1.643680000000000163e+01 5.787252980533551890e+05
1.645029999999999859e+01 5.732170277565197321e+05
1.646389999999999887e+01 5.676286057496747235e+05
1.647749999999999915e+01 5.620699901124361204e+05
1.649109999999999943e+01 5.566403531744256616e+05
1.650459999999999994e+01 5.514271957277373876e+05
1.651820000000000022e+01 5.465275238461891422e+05
1.653180000000000049e+01 5.420303338501169346e+05
1.654540000000000077e+01 5.380247796393977478e+05
1.655890000000000128e+01 5.345848717517288169e+05
1.657250000000000156e+01 5.317736364161692327e+05
1.658609999999999829e+01 5.296213185267874505e+05
1.659959999999999880e+01 5.281396458228719421e+05
1.661319999999999908e+01 5.273399119307011133e+05
1.662679999999999936e+01 5.272236746878449339e+05
1.664039999999999964e+01 5.278034928095316282e+05
1.665390000000000015e+01 5.290998585885025095e+05
1.666750000000000043e+01 5.311521200938865077e+05
1.668110000000000070e+01 5.339928212333002593e+05
1.669470000000000098e+01 5.376500859289870132e+05
1.670820000000000149e+01 5.421318030857654521e+05
1.672180000000000177e+01 5.474335921764967497e+05
1.673539999999999850e+01 5.535218614209963707e+05
1.674889999999999901e+01 5.603518974101808853e+05
1.676249999999999929e+01 5.678920697264840128e+05
1.677609999999999957e+01 5.761129937836010940e+05
1.678969999999999985e+01 5.849988991040124092e+05
1.680320000000000036e+01 5.945209490739289904e+05
1.681680000000000064e+01 6.046153601258430863e+05
1.683040000000000092e+01 6.151195831894533476e+05
1.684400000000000119e+01 6.257583449064049637e+05
1.685750000000000171e+01 6.361383765867948532e+05
1.687109999999999843e+01 6.458085171859466936e+05
1.688469999999999871e+01 6.543192636100960663e+05
1.689819999999999922e+01 6.613304091724650934e+05
1.691179999999999950e+01 6.667012187994677806e+05
1.692539999999999978e+01 6.704972040035383543e+05
1.693900000000000006e+01 6.729744487950563198e+05
1.695250000000000057e+01 6.744871486219379585e+05
1.696610000000000085e+01 6.753955484176632017e+05
1.697970000000000113e+01 6.759473768921938026e+05
1.699330000000000140e+01 6.762427583036546130e+05
1.700679999999999836e+01 6.762292079710083781e+05
1.702039999999999864e+01 6.757647078810973326e+05
1.703399999999999892e+01 6.746618931779729901e+05
1.704749999999999943e+01 6.727636693149850471e+05
1.706109999999999971e+01 6.699950116096681450e+05
1.707469999999999999e+01 6.663497209137289319e+05
1.708830000000000027e+01 6.618914945165513782e+05
1.710180000000000078e+01 6.567197799987741746e+05
1.711540000000000106e+01 6.509615255062278593e+05
1.712900000000000134e+01 6.447365540258856490e+05
1.714260000000000161e+01 6.381764800006212899e+05
1.715609999999999857e+01 6.314330141082757618e+05
1.716969999999999885e+01 6.247095036602049368e+05
1.718329999999999913e+01 6.182447165693228599e+05
1.719689999999999941e+01 6.123152407247545198e+05
1.721039999999999992e+01 6.071915494275959209e+05
1.722400000000000020e+01 6.030970666331402026e+05
1.723760000000000048e+01 6.001263438540206989e+05
1.725110000000000099e+01 5.982102950499901781e+05
1.726470000000000127e+01 5.971127133934460580e+05
1.727830000000000155e+01 5.964397953386154259e+05
1.729189999999999827e+01 5.957206948149243835e+05
1.730539999999999878e+01 5.944867735825562850e+05
1.731899999999999906e+01 5.923672197775312234e+05
1.733259999999999934e+01 5.891239539048982551e+05
1.734619999999999962e+01 5.846812442105661612e+05
1.735970000000000013e+01 5.790933893185788766e+05
1.737330000000000041e+01 5.725057501956844935e+05
1.738690000000000069e+01 5.650735977174646687e+05
1.740040000000000120e+01 5.569246964556954335e+05
1.741400000000000148e+01 5.481486962712564273e+05
1.742760000000000176e+01 5.387881836830939865e+05
1.744119999999999848e+01 5.288844295342490077e+05
1.745469999999999899e+01 5.185117785355400410e+05
1.746829999999999927e+01 5.078208913245666190e+05
1.748189999999999955e+01 4.970303438865283388e+05
1.749549999999999983e+01 4.864208925961063360e+05
1.750900000000000034e+01 4.762883531866359408e+05
1.752260000000000062e+01 4.669009856491988176e+05
1.753620000000000090e+01 4.584337711785893771e+05
1.754970000000000141e+01 4.509451817086883239e+05
1.756330000000000169e+01 4.443777736353196087e+05
1.757689999999999841e+01 4.385575248345847358e+05
1.759049999999999869e+01 4.332365348959747353e+05
1.760399999999999920e+01 4.281299403047477244e+05
1.761759999999999948e+01 4.229720986837360542e+05
1.763119999999999976e+01 4.175492622110799421e+05
1.764480000000000004e+01 4.117518840511500021e+05
1.765830000000000055e+01 4.055988486838809331e+05
1.767190000000000083e+01 3.992521397489369265e+05
1.768550000000000111e+01 3.929783952826699824e+05
1.769900000000000162e+01 3.871063482381695067e+05
1.771259999999999835e+01 3.819703403072644142e+05
1.772619999999999862e+01 3.778413294381685555e+05
1.773979999999999890e+01 3.749018385202620993e+05
1.775329999999999941e+01 3.732347383293148014e+05
1.776689999999999969e+01 3.728444091158027877e+05
1.778049999999999997e+01 3.736635786264127237e+05
1.779410000000000025e+01 3.755752838125140406e+05
1.780760000000000076e+01 3.784140272020545672e+05
1.782120000000000104e+01 3.819752783980125096e+05
1.783480000000000132e+01 3.860090780791500583e+05
1.784829999999999828e+01 3.902453857529170346e+05
1.786189999999999856e+01 3.944331329458780237e+05
1.787549999999999883e+01 3.983653672214995022e+05
1.788909999999999911e+01 4.019201168081429787e+05
1.790259999999999962e+01 4.050704839635836543e+05
1.791619999999999990e+01 4.078862521309125586e+05
1.792980000000000018e+01 4.104928766149570583e+05
1.794340000000000046e+01 4.130467014440575149e+05
1.795690000000000097e+01 4.156984790426908876e+05
1.797050000000000125e+01 4.185831300118066720e+05
1.798410000000000153e+01 4.218002668212791905e+05
1.799769999999999825e+01 4.254276808583601378e+05
1.801119999999999877e+01 4.295242058596866555e+05
1.802479999999999905e+01 4.341430290078431717e+05
1.803839999999999932e+01 4.393135765865650610e+05
1.805189999999999984e+01 4.450368655363065773e+05
1.806550000000000011e+01 4.512763910987865529e+05
1.807910000000000039e+01 4.579295113361931872e+05
1.809270000000000067e+01 4.648328753670087899e+05
1.810620000000000118e+01 4.717687447813542094e+05
1.811980000000000146e+01 4.785026171461080667e+05
1.813340000000000174e+01 4.848059032769396435e+05
1.814699999999999847e+01 4.905057004448501393e+05
1.816049999999999898e+01 4.955096883604793693e+05
1.817409999999999926e+01 4.998312245998082799e+05
1.818769999999999953e+01 5.035684739651394193e+05
1.820120000000000005e+01 5.068916852503451519e+05
1.821480000000000032e+01 5.100196310116465320e+05
1.822840000000000060e+01 5.131660250511224731e+05
1.824200000000000088e+01 5.165148570722469594e+05
1.825550000000000139e+01 5.201853245472496492e+05
1.826910000000000167e+01 5.242235392835292150e+05
1.828269999999999840e+01 5.285767797056543641e+05
1.829629999999999868e+01 5.331068312130889390e+05
1.830979999999999919e+01 5.375964189319747966e+05
1.832339999999999947e+01 5.417812681783911539e+05
1.833699999999999974e+01 5.453604090458512073e+05
1.835050000000000026e+01 5.480383050294900313e+05
1.836410000000000053e+01 5.495663824021144537e+05
1.837770000000000081e+01 5.497554828268712154e+05
1.839130000000000109e+01 5.485088513458425878e+05
1.840480000000000160e+01 5.458273503926808480e+05
1.841839999999999833e+01 5.418205893866767874e+05
1.843199999999999861e+01 5.366807968444784638e+05
1.844559999999999889e+01 5.306779763675684808e+05
1.845909999999999940e+01 5.241288614601835725e+05
1.847269999999999968e+01 5.173789777375081903e+05
1.848629999999999995e+01 5.107510759907118045e+05
1.849980000000000047e+01 5.045208708024431835e+05
1.851340000000000074e+01 4.989009390065381886e+05
1.852700000000000102e+01 4.940142926000629668e+05
1.854060000000000130e+01 4.899115742325382307e+05
1.855409999999999826e+01 4.865836214161917451e+05
1.856769999999999854e+01 4.839948358335853554e+05
1.858129999999999882e+01 4.820867998004715773e+05
1.859489999999999910e+01 4.808007054119017557e+05
1.860839999999999961e+01 4.800784209259756026e+05
1.862199999999999989e+01 4.798756748602946172e+05
1.863560000000000016e+01 4.801491131818520953e+05
1.864920000000000044e+01 4.808677935334296781e+05
1.866270000000000095e+01 4.820038763544611284e+05
1.867630000000000123e+01 4.835293288420242607e+05
1.868990000000000151e+01 4.853781379341564607e+05
1.870339999999999847e+01 4.874302375651335460e+05
1.871699999999999875e+01 4.895053312414443935e+05
1.873059999999999903e+01 4.913548366220188327e+05
1.874419999999999931e+01 4.927056066624053637e+05
1.875769999999999982e+01 4.933066773318336345e+05
1.877130000000000010e+01 4.929965123870465904e+05
1.878490000000000038e+01 4.917319609465904650e+05
1.879850000000000065e+01 4.896182913115401170e+05
1.881200000000000117e+01 4.868923217669788282e+05
1.882560000000000144e+01 4.838914245462298859e+05
1.883920000000000172e+01 4.809757165047770832e+05
1.885269999999999868e+01 4.784621590673123137e+05
1.886629999999999896e+01 4.765657192658318672e+05
1.887989999999999924e+01 4.753397882458565291e+05
1.889349999999999952e+01 4.746750357742924243e+05
1.890700000000000003e+01 4.743244671108618495e+05
1.892060000000000031e+01 4.739733885467511718e+05
1.893420000000000059e+01 4.732971544771006447e+05
1.894780000000000086e+01 4.720342795137634384e+05
1.896130000000000138e+01 4.700183277663562330e+05
1.897490000000000165e+01 4.671940162712775054e+05
1.898849999999999838e+01 4.635839601635367726e+05
1.900199999999999889e+01 4.592685008319271728e+05
1.901559999999999917e+01 4.543698641890776926e+05
1.902919999999999945e+01 4.490263423462950741e+05
1.904279999999999973e+01 4.434042934995276737e+05
1.905630000000000024e+01 4.377014308298320975e+05
1.906990000000000052e+01 4.321615777132266667e+05
1.908350000000000080e+01 4.270544047332283226e+05
1.909710000000000107e+01 4.226616014372641221e+05
1.911060000000000159e+01 4.192293533009952516e+05
1.912419999999999831e+01 4.169317851122903521e+05
1.913779999999999859e+01 4.158179093051401433e+05
1.915129999999999910e+01 4.158044912652059575e+05
1.916489999999999938e+01 4.167031283231311827e+05
1.917849999999999966e+01 4.182574732406983967e+05
1.919209999999999994e+01 4.202151238622071687e+05
1.920560000000000045e+01 4.223750342151834629e+05
1.921920000000000073e+01 4.246181343439535121e+05
1.923280000000000101e+01 4.268784774137305212e+05
1.924640000000000128e+01 4.291101361160469241e+05
1.925989999999999824e+01 4.312325645851235022e+05
1.927349999999999852e+01 4.331075234340464813e+05
1.928709999999999880e+01 4.345251080065718852e+05
1.930059999999999931e+01 4.352428432252329658e+05
1.931419999999999959e+01 4.350450118956242804e+05
1.932779999999999987e+01 4.337821460532693309e+05
1.934140000000000015e+01 4.314152787713031285e+05
1.935490000000000066e+01 4.280193765551266843e+05
1.936850000000000094e+01 4.237754888885097462e+05
1.938210000000000122e+01 4.189265222567809396e+05
1.939570000000000149e+01 4.137542040780217503e+05
1.940919999999999845e+01 4.085518659658748074e+05
1.942279999999999873e+01 4.036199095649895607e+05
1.943639999999999901e+01 3.992426079344110913e+05
1.944999999999999929e+01 3.956812050752099021e+05
1.946349999999999980e+01 3.931422263346476830e+05
1.947710000000000008e+01 3.917497311550332815e+05
1.949070000000000036e+01 3.914962807611601893e+05
1.950420000000000087e+01 3.922233850126998150e+05
1.951780000000000115e+01 3.936235316607988789e+05
1.953140000000000143e+01 3.952542147601692122e+05
1.954500000000000171e+01 3.965975774018020020e+05
1.955849999999999866e+01 3.971369269486559206e+05
1.957209999999999894e+01 3.964548247780914535e+05
1.958569999999999922e+01 3.943050822308132774e+05
1.959929999999999950e+01 3.906772701705053914e+05
1.961280000000000001e+01 3.858014483379928861e+05
1.962640000000000029e+01 3.801093022285336046e+05
1.964000000000000057e+01 3.741275953550260165e+05
1.965350000000000108e+01 3.683686465387285571e+05
1.966710000000000136e+01 3.632330620759564918e+05
1.968070000000000164e+01 3.589406437056004652e+05
1.969429999999999836e+01 3.555325772373073851e+05
1.970779999999999887e+01 3.529080212585998815e+05
1.972139999999999915e+01 3.508938006242755800e+05
1.973499999999999943e+01 3.492959534939302248e+05
1.974859999999999971e+01 3.479536676385195460e+05
1.976210000000000022e+01 3.467615549240729888e+05
1.977570000000000050e+01 3.456837226893842453e+05
1.978930000000000078e+01 3.447365654742158367e+05
1.980280000000000129e+01 3.439797711970475502e+05
1.981640000000000157e+01 3.435039698535672505e+05
1.982999999999999829e+01 3.434019792506946833e+05
1.984359999999999857e+01 3.437596350964377634e+05
1.985709999999999908e+01 3.446405087617583922e+05
1.987069999999999936e+01 3.460863195325653651e+05
1.988429999999999964e+01 3.481065452477486688e+05
1.989789999999999992e+01 3.506880376201978070e+05
1.991140000000000043e+01 3.537986188418830279e+05
1.992500000000000071e+01 3.573993452542264131e+05
1.993860000000000099e+01 3.614409411852669436e+05
1.995210000000000150e+01 3.658716865025197621e+05
1.996569999999999823e+01 3.706458744520976325e+05
1.997929999999999851e+01 3.757109313148783403e+05
1.999289999999999878e+01 3.810096492289945600e+05
2.000639999999999930e+01 3.864663151420800132e+05
2.001999999999999957e+01 3.919796502290571225e+05
2.003359999999999985e+01 3.973952081302578445e+05
2.004720000000000013e+01 4.025024173496663570e+05
2.006070000000000064e+01 4.070348703635661514e+05
2.007430000000000092e+01 4.107043664383830037e+05
2.008790000000000120e+01 4.132384166071992950e+05
2.010140000000000171e+01 4.144566993608435732e+05
2.011499999999999844e+01 4.143420680649967981e+05
2.012859999999999872e+01 4.130698078130679205e+05
2.014219999999999899e+01 4.110100935407870566e+05
2.015569999999999951e+01 4.086618542695212527e+05
2.016929999999999978e+01 4.065528906305704149e+05
2.018290000000000006e+01 4.051020760991771240e+05
2.019650000000000034e+01 4.045217036675389390e+05
2.021000000000000085e+01 4.047612863005159888e+05
2.022360000000000113e+01 4.055345924037992372e+05
2.023720000000000141e+01 4.063951694222518709e+05
2.025080000000000169e+01 4.068772698802985833e+05
2.026429999999999865e+01 4.066321182279612403e+05
2.027789999999999893e+01 4.055400859060981893e+05
2.029149999999999920e+01 4.037317003491008654e+05
2.030499999999999972e+01 4.015438496257402003e+05
2.031859999999999999e+01 3.994133018032006803e+05
2.033220000000000027e+01 3.977319099233666784e+05
2.034580000000000055e+01 3.967526819226911757e+05
2.035930000000000106e+01 3.965415307068612310e+05
2.037290000000000134e+01 3.970007523161413264e+05
2.038650000000000162e+01 3.979115684528669808e+05
2.040009999999999835e+01 3.990100910548276734e+05
2.041359999999999886e+01 4.000418930518457782e+05
2.042719999999999914e+01 4.008137732659162139e+05
2.044079999999999941e+01 4.012093903852521325e+05
2.045429999999999993e+01 4.012080754250357277e+05
2.046790000000000020e+01 4.008887076727880631e+05
2.048150000000000048e+01 4.003994175281094504e+05
2.049510000000000076e+01 3.999301151953293593e+05
2.050860000000000127e+01 3.996603089834586717e+05
2.052220000000000155e+01 3.997143843793145497e+05
2.053579999999999828e+01 4.001152236396392691e+05
2.054939999999999856e+01 4.007796651672507287e+05
2.056289999999999907e+01 4.015347210360091995e+05
2.057649999999999935e+01 4.021701512672018725e+05
2.059009999999999962e+01 4.024808325680894777e+05
2.060360000000000014e+01 4.023193964303254033e+05
2.061720000000000041e+01 4.016311073737844708e+05
2.063080000000000069e+01 4.004501555397391785e+05
2.064440000000000097e+01 3.988986143522355705e+05
2.065790000000000148e+01 3.971606987958083046e+05
2.067150000000000176e+01 3.954590631593803409e+05
2.068509999999999849e+01 3.940049235274340608e+05
2.069869999999999877e+01 3.929661617152596009e+05
2.071219999999999928e+01 3.924309000823882525e+05
2.072579999999999956e+01 3.924004311698377714e+05
2.073939999999999984e+01 3.927844925822372898e+05
2.075290000000000035e+01 3.934340511592943221e+05
2.076650000000000063e+01 3.941841914716716856e+05
2.078010000000000090e+01 3.948762154816058464e+05
2.079370000000000118e+01 3.953867888413388282e+05
2.080720000000000169e+01 3.956251211428045644e+05
2.082079999999999842e+01 3.955303613137775101e+05
2.083439999999999870e+01 3.950483782843929366e+05
2.084799999999999898e+01 3.941346688086067443e+05
2.086149999999999949e+01 3.927622350947476807e+05
2.087509999999999977e+01 3.909509414487762260e+05
2.088870000000000005e+01 3.887792657727116602e+05
2.090230000000000032e+01 3.864034897534906049e+05
2.091580000000000084e+01 3.840468130862568505e+05
2.092940000000000111e+01 3.819794026806768379e+05
2.094300000000000139e+01 3.804677931609778316e+05
2.095649999999999835e+01 3.797379000995287788e+05
2.097009999999999863e+01 3.799429380186104099e+05
2.098369999999999891e+01 3.811235949368693982e+05
2.099729999999999919e+01 3.832007917381170555e+05
2.101079999999999970e+01 3.859740747679683845e+05
2.102439999999999998e+01 3.891527476626543794e+05
2.103800000000000026e+01 3.923912806742295506e+05
2.105160000000000053e+01 3.953598985300324857e+05
2.106510000000000105e+01 3.978065844800273771e+05
2.107870000000000132e+01 3.996142527663424262e+05
2.109230000000000160e+01 4.008063599029720644e+05
2.110579999999999856e+01 4.015321349006704404e+05
2.111939999999999884e+01 4.020224382539478247e+05
2.113299999999999912e+01 4.025183026551771327e+05
2.114659999999999940e+01 4.032337388075533672e+05
2.116009999999999991e+01 4.043335824252400198e+05
2.117370000000000019e+01 4.059515645022322424e+05
2.118730000000000047e+01 4.081974910816931515e+05
2.120090000000000074e+01 4.111721852125032456e+05
2.121440000000000126e+01 4.149450389825035236e+05
2.122800000000000153e+01 4.195210646782955155e+05
2.124159999999999826e+01 4.247850731428687577e+05
2.125509999999999877e+01 4.304841116628299351e+05
2.126869999999999905e+01 4.362473109754359466e+05
2.128229999999999933e+01 4.416208192985836067e+05
2.129589999999999961e+01 4.461445434961251449e+05
2.130940000000000012e+01 4.494108610241955030e+05
2.132300000000000040e+01 4.511243267632932984e+05
2.133660000000000068e+01 4.511221531713920995e+05
2.135020000000000095e+01 4.493984358729095547e+05
2.136370000000000147e+01 4.461035917970584123e+05
2.137730000000000175e+01 4.415397525173529866e+05
2.139089999999999847e+01 4.361057534443897312e+05
2.140439999999999898e+01 4.302376551562944078e+05
2.141799999999999926e+01 4.243251451037689694e+05
2.143159999999999954e+01 4.186148444462529733e+05
2.144519999999999982e+01 4.131655386321318219e+05
2.145870000000000033e+01 4.078481441001108033e+05
2.147230000000000061e+01 4.024219713124941918e+05
2.148590000000000089e+01 3.966395882058444549e+05
2.149950000000000117e+01 3.903816573106781580e+05
2.151300000000000168e+01 3.837408444937115419e+05
2.152659999999999840e+01 3.770383827527174726e+05
2.154019999999999868e+01 3.707375666925793630e+05
2.155369999999999919e+01 3.653236189679606468e+05
2.156729999999999947e+01 3.611909344934016117e+05
2.158089999999999975e+01 3.585789817686430179e+05
2.159450000000000003e+01 3.575973589158927207e+05
2.160800000000000054e+01 3.582879547684053541e+05
2.162160000000000082e+01 3.606889008803053875e+05
2.163520000000000110e+01 3.648342931361319497e+05
2.164880000000000138e+01 3.707135676437627408e+05
2.166229999999999833e+01 3.781895637773536728e+05
2.167589999999999861e+01 3.869381989326441544e+05
2.168949999999999889e+01 3.964209670973077300e+05
2.170309999999999917e+01 4.059422357173386845e+05
2.171659999999999968e+01 4.147537498922927189e+05
2.173019999999999996e+01 4.222021565179313184e+05
2.174380000000000024e+01 4.278441662875891197e+05
2.175730000000000075e+01 4.315362665550243692e+05
2.177090000000000103e+01 4.334594725453535211e+05
2.178450000000000131e+01 4.340522729850006290e+05
2.179810000000000159e+01 4.339068498256048188e+05
2.181159999999999854e+01 4.336306267965967418e+05
2.182519999999999882e+01 4.337228989296287182e+05
2.183879999999999910e+01 4.344743863689806312e+05
2.185239999999999938e+01 4.359395656574746245e+05
2.186589999999999989e+01 4.379520423212880269e+05
2.187950000000000017e+01 4.401947658874820336e+05
2.189310000000000045e+01 4.422748706664703204e+05
2.190660000000000096e+01 4.438186785597049748e+05
2.192020000000000124e+01 4.445477315415279591e+05
2.193380000000000152e+01 4.443030450602690107e+05
2.194739999999999824e+01 4.430526291168804746e+05
2.196089999999999876e+01 4.408502006952964584e+05
2.197449999999999903e+01 4.377973215171006159e+05
2.198809999999999931e+01 4.339866936111997929e+05
2.200169999999999959e+01 4.294895145463130320e+05
2.201520000000000010e+01 4.243595824866334442e+05
2.202880000000000038e+01 4.186711291253140080e+05
2.204240000000000066e+01 4.125414181571138906e+05
2.205590000000000117e+01 4.061538326348634437e+05
2.206950000000000145e+01 3.997486192398790736e+05
2.208310000000000173e+01 3.935646108872375335e+05
2.209669999999999845e+01 3.877660502968275105e+05
2.211019999999999897e+01 3.823859085047614644e+05
2.212379999999999924e+01 3.773094813770468463e+05
2.213739999999999952e+01 3.723109931076870416e+05
2.215099999999999980e+01 3.671648743498845142e+05
2.216450000000000031e+01 3.617706334998996463e+05
2.217810000000000059e+01 3.562561082164685358e+05
2.219170000000000087e+01 3.509851615043717320e+05
2.220520000000000138e+01 3.464819945155529422e+05
2.221880000000000166e+01 3.432802552439715364e+05
2.223239999999999839e+01 3.417406249525743187e+05
2.224599999999999866e+01 3.419358735160453361e+05
2.225949999999999918e+01 3.436230531110492884e+05
2.227309999999999945e+01 3.463288992549731629e+05
2.228669999999999973e+01 3.494871045249697636e+05
2.230030000000000001e+01 3.526023051387031446e+05
2.231380000000000052e+01 3.553612037174324505e+05
2.232740000000000080e+01 3.576812793127961340e+05
2.234100000000000108e+01 3.596735071575379116e+05
2.235450000000000159e+01 3.615762091142195277e+05
2.236809999999999832e+01 3.636752554936106899e+05
2.238169999999999860e+01 3.662188881948241615e+05
2.239529999999999887e+01 3.693525639243915793e+05
2.240879999999999939e+01 3.730619594123922288e+05
2.242239999999999966e+01 3.771423662660237751e+05
2.243599999999999994e+01 3.811872794285402051e+05
2.244960000000000022e+01 3.846429772279683384e+05
2.246310000000000073e+01 3.869010287235781434e+05
2.247670000000000101e+01 3.874288296153072733e+05
2.249030000000000129e+01 3.858761939068930224e+05
2.250390000000000157e+01 3.821585759612278198e+05
2.251739999999999853e+01 3.764751386322967592e+05
2.253099999999999881e+01 3.692567085899710655e+05
2.254459999999999908e+01 3.610697067715468002e+05
2.255809999999999960e+01 3.525107926085857325e+05
2.257169999999999987e+01 3.441204977612962248e+05
2.258530000000000015e+01 3.363174871128609520e+05
2.259890000000000043e+01 3.293882428200581344e+05
2.261240000000000094e+01 3.234950471490627970e+05
2.262600000000000122e+01 3.187057172816506936e+05
2.263960000000000150e+01 3.150101369751224993e+05
2.265319999999999823e+01 3.123462990850194474e+05
2.266669999999999874e+01 3.106126602081811870e+05
2.268029999999999902e+01 3.096855165310265147e+05
2.269389999999999930e+01 3.094203471023957827e+05
2.270739999999999981e+01 3.096663224438656471e+05
2.272100000000000009e+01 3.102788314815107733e+05
2.273460000000000036e+01 3.111191065882376861e+05
2.274820000000000064e+01 3.120666761960824952e+05
2.276170000000000115e+01 3.130233008521514712e+05
2.277530000000000143e+01 3.139238649095114670e+05
2.278890000000000171e+01 3.147317662114523700e+05
2.280249999999999844e+01 3.154432523992371280e+05
2.281599999999999895e+01 3.160778364544702345e+05
2.282959999999999923e+01 3.166710561717827804e+05
2.284319999999999951e+01 3.172494765174222994e+05
2.285670000000000002e+01 3.178180460257992381e+05
2.287030000000000030e+01 3.183513967978969449e+05
2.288390000000000057e+01 3.187802371935806004e+05
2.289750000000000085e+01 3.190011317641289206e+05
2.291100000000000136e+01 3.188877145353986998e+05
2.292460000000000164e+01 3.183184644652821589e+05
2.293819999999999837e+01 3.171947754278646898e+05
2.295179999999999865e+01 3.154710347551757004e+05
2.296529999999999916e+01 3.131671388349620975e+05
2.297889999999999944e+01 3.103741610579912085e+05
2.299249999999999972e+01 3.072298864768615458e+05
2.300600000000000023e+01 3.038947602111857850e+05
2.301960000000000051e+01 3.005247496972113149e+05
2.303320000000000078e+01 2.972391497221335885e+05
2.304680000000000106e+01 2.941146636419451679e+05
2.306030000000000157e+01 2.911848454349358799e+05
2.307389999999999830e+01 2.884562040390829206e+05
2.308749999999999858e+01 2.859145458942825790e+05
2.310109999999999886e+01 2.835409562549400143e+05
2.311459999999999937e+01 2.813155855162437656e+05
2.312819999999999965e+01 2.792231943766784389e+05
2.314179999999999993e+01 2.772427943961307756e+05
2.315530000000000044e+01 2.753466730530892964e+05
2.316890000000000072e+01 2.734994822766603902e+05
2.318250000000000099e+01 2.716484912871922133e+05
2.319610000000000127e+01 2.697287923979217303e+05
2.320959999999999823e+01 2.676641884891135269e+05
2.322319999999999851e+01 2.653790771824558033e+05
2.323679999999999879e+01 2.628006564157315879e+05
2.325039999999999907e+01 2.598737220198904688e+05
2.326389999999999958e+01 2.565673884929425549e+05
2.327749999999999986e+01 2.528849916169997014e+05
2.329110000000000014e+01 2.488577679108508455e+05
2.330470000000000041e+01 2.445436643556881754e+05
2.331820000000000093e+01 2.400148975935309136e+05
2.333180000000000121e+01 2.353498731303808454e+05
2.334540000000000148e+01 2.306161496531374287e+05
2.335889999999999844e+01 2.258673019458763592e+05
2.337249999999999872e+01 2.211447684943025233e+05
2.338609999999999900e+01 2.164754066433040134e+05
2.339969999999999928e+01 2.118809124179128266e+05
2.341319999999999979e+01 2.073812817123369605e+05
2.342680000000000007e+01 2.030017845749055559e+05
2.344040000000000035e+01 1.987708201917897386e+05
2.345400000000000063e+01 1.947223537776254525e+05
2.346750000000000114e+01 1.908973268550981593e+05
2.348110000000000142e+01 1.873467186048013682e+05
2.349470000000000169e+01 1.841274701848419209e+05
2.350819999999999865e+01 1.813051943019961764e+05
2.352179999999999893e+01 1.789554628540080739e+05
2.353539999999999921e+01 1.771565667926052993e+05
2.354899999999999949e+01 1.759869285797603952e+05
2.356250000000000000e+01 1.755131422932889545e+05
2.357610000000000028e+01 1.757779237703237159e+05
2.358970000000000056e+01 1.767784916529712791e+05
2.360330000000000084e+01 1.784562524370082247e+05
2.361680000000000135e+01 1.806927971125311742e+05
2.363040000000000163e+01 1.833252526017247874e+05
2.364399999999999835e+01 1.861666088668155426e+05
2.365749999999999886e+01 1.890371239225608006e+05
2.367109999999999914e+01 1.917896920334866445e+05
2.368469999999999942e+01 1.943148815922354406e+05
2.369829999999999970e+01 1.965408449823066185e+05
2.371180000000000021e+01 1.984217618900102389e+05
2.372540000000000049e+01 1.999322235826859251e+05
2.373900000000000077e+01 2.010592307120668411e+05
2.375260000000000105e+01 2.018078295087503502e+05
2.376610000000000156e+01 2.022028086071695143e+05
2.377969999999999828e+01 2.022932613232710573e+05
2.379329999999999856e+01 2.021440748948165274e+05
2.380679999999999907e+01 2.018305050987447321e+05
2.382039999999999935e+01 2.014294252960866725e+05
2.383399999999999963e+01 2.010016259895064868e+05
2.384759999999999991e+01 2.005844507124264201e+05
2.386110000000000042e+01 2.001849463132965320e+05
2.387470000000000070e+01 1.997900128546488995e+05
2.388830000000000098e+01 1.993768044226897182e+05
2.390190000000000126e+01 1.989447757045304461e+05
2.391540000000000177e+01 1.985417048252705717e+05
2.392899999999999849e+01 1.982870427978722437e+05
2.394259999999999877e+01 1.983718430023120018e+05
2.395619999999999905e+01 1.990493450129422417e+05
2.396969999999999956e+01 2.006085190024011827e+05
2.398329999999999984e+01 2.033447899066352111e+05
2.399690000000000012e+01 2.075177074422473961e+05
2.401040000000000063e+01 2.133131281129131385e+05
2.402400000000000091e+01 2.208010370835534704e+05
2.403760000000000119e+01 2.298856993861763040e+05
2.405120000000000147e+01 2.402737167653829965e+05
2.406469999999999843e+01 2.514613786245429947e+05
2.407829999999999870e+01 2.627657926824619644e+05
2.409189999999999898e+01 2.733929527050429024e+05
2.410549999999999926e+01 2.825569800114454702e+05
2.411899999999999977e+01 2.896160202120509348e+05
2.413260000000000005e+01 2.942061599168018438e+05
2.414620000000000033e+01 2.963171106331865885e+05
2.415970000000000084e+01 2.963014968921765685e+05
2.417330000000000112e+01 2.947989982526074164e+05
2.418690000000000140e+01 2.925839935069209314e+05
2.420050000000000168e+01 2.904057551932462375e+05
2.421399999999999864e+01 2.888528762806153973e+05
2.422759999999999891e+01 2.882913167445174768e+05
2.424119999999999919e+01 2.888626343164483551e+05
2.425479999999999947e+01 2.905426817383129965e+05
2.426829999999999998e+01 2.932160271491225576e+05
2.428190000000000026e+01 2.967446956604334991e+05
2.429550000000000054e+01 3.010029764921535389e+05
2.430900000000000105e+01 3.058955088676491287e+05
2.432260000000000133e+01 3.113555652378057130e+05
2.433620000000000161e+01 3.173236930856478284e+05
2.434979999999999833e+01 3.237400784767345758e+05
2.436329999999999885e+01 3.305385082724161912e+05
2.437689999999999912e+01 3.376554973596379859e+05
2.439049999999999940e+01 3.450283673434843658e+05
2.440409999999999968e+01 3.526027365962622571e+05
2.441760000000000019e+01 3.603217096624823753e+05
2.443120000000000047e+01 3.681126097902946058e+05
2.444480000000000075e+01 3.758563724518727395e+05
2.445830000000000126e+01 3.833766369753929903e+05
2.447190000000000154e+01 3.904467323382070754e+05
2.448549999999999827e+01 3.968018585911116679e+05
2.449909999999999854e+01 4.021839001253767055e+05
2.451259999999999906e+01 4.063816955497907475e+05
2.452619999999999933e+01 4.092718760144715779e+05
2.453979999999999961e+01 4.108183729936522432e+05
2.455339999999999989e+01 4.110570980755269993e+05
2.456690000000000040e+01 4.100448983180727228e+05
2.458050000000000068e+01 4.078110737541478011e+05
2.459410000000000096e+01 4.043103424896064098e+05
2.460760000000000147e+01 3.994325486831832095e+05
2.462120000000000175e+01 3.930590476795056020e+05
2.463479999999999848e+01 3.851370067145412904e+05
2.464839999999999876e+01 3.757682432280586218e+05
2.466189999999999927e+01 3.652470365333220107e+05
2.467549999999999955e+01 3.540442589836541447e+05
2.468909999999999982e+01 3.427137157303292188e+05
2.470270000000000010e+01 3.317899097367392969e+05
2.471620000000000061e+01 3.216893165111676790e+05
2.472980000000000089e+01 3.126663328152822796e+05
2.474340000000000117e+01 3.048124404991249903e+05
2.475700000000000145e+01 2.981060844929079176e+05
2.477049999999999841e+01 2.924680811112298397e+05
2.478409999999999869e+01 2.878139920613527647e+05
2.479769999999999897e+01 2.840749886972541572e+05
2.481119999999999948e+01 2.812070223733072053e+05
2.482479999999999976e+01 2.791847909308248200e+05
2.483840000000000003e+01 2.779792723159249872e+05
2.485200000000000031e+01 2.775477689532869263e+05
2.486550000000000082e+01 2.778219739718498313e+05
2.487910000000000110e+01 2.787097550908853300e+05
2.489270000000000138e+01 2.800929311472091358e+05
2.490630000000000166e+01 2.818426340397963650e+05
2.491979999999999862e+01 2.838306475702394964e+05
2.493339999999999890e+01 2.859473003867685329e+05
2.494699999999999918e+01 2.881052155544806737e+05
2.496049999999999969e+01 2.902474531601610943e+05
2.497409999999999997e+01 2.923490381136998185e+05
2.498770000000000024e+01 2.944024878242761479e+05
2.500130000000000052e+01 2.964121578190458240e+05
2.501480000000000103e+01 2.983821329992195824e+05
2.502840000000000131e+01 3.003141086375898449e+05
2.504200000000000159e+01 3.021976758052996011e+05
2.505559999999999832e+01 3.040157061956583639e+05
2.506909999999999883e+01 3.057445423171357834e+05
2.508269999999999911e+01 3.073625064880065620e+05
2.509629999999999939e+01 3.088452183543081628e+05
2.510979999999999990e+01 3.101705145368792582e+05
2.512340000000000018e+01 3.113222717252106522e+05
2.513700000000000045e+01 3.122812085327747045e+05
2.515060000000000073e+01 3.130278482144983136e+05
2.516410000000000124e+01 3.135353356461043004e+05
2.517770000000000152e+01 3.137703000258606044e+05
2.519129999999999825e+01 3.136815035234382376e+05
2.520489999999999853e+01 3.132031036062123603e+05
2.521839999999999904e+01 3.122560994875102188e+05
2.523199999999999932e+01 3.107623059046182898e+05
2.524559999999999960e+01 3.086514710345650092e+05
2.525910000000000011e+01 3.058818466865472728e+05
2.527270000000000039e+01 3.024581431441680179e+05
2.528630000000000067e+01 2.984309084959953325e+05
2.529990000000000094e+01 2.938965586886823876e+05
2.531340000000000146e+01 2.889776884333546041e+05
2.532700000000000173e+01 2.838014176394207752e+05
2.534059999999999846e+01 2.784645565803871723e+05
2.535419999999999874e+01 2.730202120778862736e+05
2.536769999999999925e+01 2.674742352317714249e+05
2.538129999999999953e+01 2.618090023762423953e+05
2.539489999999999981e+01 2.560105560179777967e+05
2.540840000000000032e+01 2.501065251682853268e+05
2.542200000000000060e+01 2.441895287368280115e+05
2.543560000000000088e+01 2.384076460863814864e+05
2.544920000000000115e+01 2.329405519211839128e+05
2.546270000000000167e+01 2.279547408325957658e+05
2.547629999999999839e+01 2.235651933326692379e+05
2.548989999999999867e+01 2.198011272979516943e+05
2.550349999999999895e+01 2.166027699871420336e+05
2.551699999999999946e+01 2.138341362058320956e+05
2.553059999999999974e+01 2.113163378571069334e+05
2.554420000000000002e+01 2.088591636294765922e+05
2.555780000000000030e+01 2.062987877703957784e+05
2.557130000000000081e+01 2.035221666166978830e+05
2.558490000000000109e+01 2.004847047544465458e+05
2.559850000000000136e+01 1.972083677768919151e+05
2.561199999999999832e+01 1.937772095450181514e+05
2.562559999999999860e+01 1.903259704380136682e+05
2.563919999999999888e+01 1.870168994714793225e+05
2.565279999999999916e+01 1.840228320613856486e+05
2.566629999999999967e+01 1.815040223176412692e+05
2.567989999999999995e+01 1.795897992211657402e+05
2.569350000000000023e+01 1.783551084681538923e+05
2.570710000000000051e+01 1.778094004732972535e+05
2.572060000000000102e+01 1.778893147520608327e+05
2.573420000000000130e+01 1.784662023319095606e+05
2.574780000000000157e+01 1.793578551633944735e+05
2.576129999999999853e+01 1.803567496078528930e+05
2.577489999999999881e+01 1.812635958604798652e+05
2.578849999999999909e+01 1.819163065058904176e+05
2.580209999999999937e+01 1.822194872131018201e+05
2.581559999999999988e+01 1.821588125406470208e+05
2.582920000000000016e+01 1.818041902265064127e+05
2.584280000000000044e+01 1.812898745537726500e+05
2.585640000000000072e+01 1.807889441526512674e+05
2.586990000000000123e+01 1.804767693872761156e+05
2.588350000000000151e+01 1.805016064819049498e+05
2.589709999999999823e+01 1.809565932433227135e+05
2.591059999999999874e+01 1.818730991597732936e+05
2.592419999999999902e+01 1.832271304476447112e+05
2.593779999999999930e+01 1.849485772633512097e+05
2.595139999999999958e+01 1.869407292284784198e+05
2.596490000000000009e+01 1.890931321422194305e+05
2.597850000000000037e+01 1.912941413248197641e+05
2.599210000000000065e+01 1.934312635998585320e+05
2.600570000000000093e+01 1.953971085080536141e+05
2.601920000000000144e+01 1.970926407957497286e+05
2.603280000000000172e+01 1.984389958212268248e+05
2.604639999999999844e+01 1.993857623716775852e+05
2.605989999999999895e+01 1.999272267643565719e+05
2.607349999999999923e+01 2.001149744318087178e+05
2.608709999999999951e+01 2.000547139851203247e+05
2.610069999999999979e+01 1.998989957972887496e+05
2.611420000000000030e+01 1.998248627647156827e+05
2.612780000000000058e+01 2.000103140473130916e+05
2.614140000000000086e+01 2.006049936808077327e+05
2.615500000000000114e+01 2.017169001923125179e+05
2.616850000000000165e+01 2.034061018119218934e+05
2.618209999999999837e+01 2.056936139178841549e+05
2.619569999999999865e+01 2.085695990597721247e+05
2.620919999999999916e+01 2.120101102457158267e+05
2.622279999999999944e+01 2.159918596765472612e+05
2.623639999999999972e+01 2.204953821529968118e+05
2.625000000000000000e+01 2.255115121724861674e+05
2.626350000000000051e+01 2.310397674766977725e+05
2.627710000000000079e+01 2.370891446746259753e+05
2.629070000000000107e+01 2.436688417846527591e+05
2.630430000000000135e+01 2.507860187751901394e+05
2.631779999999999831e+01 2.584366413666133594e+05
2.633139999999999858e+01 2.665979770918854047e+05
2.634499999999999886e+01 2.752079103237738600e+05
2.635859999999999914e+01 2.841530242521977634e+05
2.637209999999999965e+01 2.932544328645973583e+05
2.638569999999999993e+01 3.022712308302514139e+05
2.639930000000000021e+01 3.109107369702391443e+05
2.641280000000000072e+01 3.188661492855304969e+05
2.642640000000000100e+01 3.258658342324521509e+05
2.644000000000000128e+01 3.317080021823089919e+05
2.645360000000000156e+01 3.362887379245508346e+05
2.646709999999999852e+01 3.395965804715408594e+05
2.648069999999999879e+01 3.416926361447915551e+05
2.649429999999999907e+01 3.426685340473607066e+05
2.650789999999999935e+01 3.426256761650731787e+05
2.652139999999999986e+01 3.416667980640861788e+05
2.653500000000000014e+01 3.399133836081768968e+05
2.654860000000000042e+01 3.375181793636715156e+05
2.656210000000000093e+01 3.346873964563102927e+05
2.657570000000000121e+01 3.316922211582242162e+05
2.658930000000000149e+01 3.288566135180651327e+05
2.660290000000000177e+01 3.265440578127553454e+05
2.661639999999999873e+01 3.251216458275504410e+05
2.662999999999999901e+01 3.249156782911549089e+05
2.664359999999999928e+01 3.261431371570595074e+05
2.665719999999999956e+01 3.288554335844690213e+05
2.667070000000000007e+01 3.328965929429549142e+05
2.668430000000000035e+01 3.379066855091301841e+05
2.669790000000000063e+01 3.433620729285764392e+05
2.671140000000000114e+01 3.486634635158777819e+05
2.672500000000000142e+01 3.532386857439015876e+05
2.673860000000000170e+01 3.566251444279900170e+05
2.675219999999999843e+01 3.585400983668700210e+05
2.676569999999999894e+01 3.589129029287950252e+05
2.677929999999999922e+01 3.578963674159930088e+05
2.679289999999999949e+01 3.558365937312928145e+05
2.680649999999999977e+01 3.532246198211298324e+05
2.682000000000000028e+01 3.506055807219298440e+05
2.683360000000000056e+01 3.484712577278683311e+05
2.684720000000000084e+01 3.471393189591183327e+05
2.686070000000000135e+01 3.466812805156782852e+05
2.687430000000000163e+01 3.469153396335214493e+05
2.688789999999999836e+01 3.474583213692912250e+05
2.690149999999999864e+01 3.478394142633107840e+05
2.691499999999999915e+01 3.476167544175038347e+05
2.692859999999999943e+01 3.464726974839393515e+05
2.694219999999999970e+01 3.442470631762089906e+05
2.695579999999999998e+01 3.409370085349818110e+05
2.696930000000000049e+01 3.366596178586276365e+05
2.698290000000000077e+01 3.316128321206530090e+05
2.699650000000000105e+01 3.260305347973654862e+05
2.701010000000000133e+01 3.201635169409309747e+05
2.702359999999999829e+01 3.142620471774667967e+05
2.703719999999999857e+01 3.085693080781435128e+05
2.705079999999999885e+01 3.033003355580473435e+05
2.706429999999999936e+01 2.986275579538547317e+05
2.707789999999999964e+01 2.946646440567531390e+05
2.709149999999999991e+01 2.914424248212782550e+05
2.710510000000000019e+01 2.889052787683749339e+05
2.711860000000000070e+01 2.869107896099577192e+05
2.713220000000000098e+01 2.852514740374538233e+05
2.714580000000000126e+01 2.836786764629313257e+05
2.715940000000000154e+01 2.819476270615394460e+05
2.717289999999999850e+01 2.798594423130095820e+05
2.718649999999999878e+01 2.773056336933747516e+05
2.720009999999999906e+01 2.742874184823990799e+05
2.721359999999999957e+01 2.709210728568659397e+05
2.722719999999999985e+01 2.674155049488606164e+05
2.724080000000000013e+01 2.640178905391364824e+05
2.725440000000000040e+01 2.609592106494860491e+05
2.726790000000000092e+01 2.583993996944423707e+05
2.728150000000000119e+01 2.564001267162909207e+05
2.729510000000000147e+01 2.549152065892280953e+05
2.730870000000000175e+01 2.538164904904608557e+05
2.732219999999999871e+01 2.529307257971960062e+05
2.733579999999999899e+01 2.520865804094485648e+05
2.734939999999999927e+01 2.511457250665097090e+05
2.736289999999999978e+01 2.500270913689380977e+05
2.737650000000000006e+01 2.487130655237224128e+05
2.739010000000000034e+01 2.472312748071085662e+05
2.740370000000000061e+01 2.456357066077603085e+05
2.741720000000000113e+01 2.439821852954798669e+05
2.743080000000000140e+01 2.423157341318252438e+05
2.744440000000000168e+01 2.406622127875907172e+05
2.745799999999999841e+01 2.390389174477447814e+05
2.747149999999999892e+01 2.374649954812777287e+05
2.748509999999999920e+01 2.359733424332509749e+05
2.749869999999999948e+01 2.346040848224695364e+05
2.751219999999999999e+01 2.333951454972388747e+05
2.752580000000000027e+01 2.323664508527092112e+05
2.753940000000000055e+01 2.314981219426613243e+05
2.755300000000000082e+01 2.307262487718698394e+05
2.756650000000000134e+01 2.299474755555973097e+05
2.758010000000000161e+01 2.290407671156077122e+05
2.759369999999999834e+01 2.278895463125255483e+05
2.760729999999999862e+01 2.264109509245161025e+05
2.762079999999999913e+01 2.245727943414008187e+05
2.763439999999999941e+01 2.224011090568346845e+05
2.764799999999999969e+01 2.199670959794621449e+05
2.766150000000000020e+01 2.173708389532313449e+05
2.767510000000000048e+01 2.147223503785401990e+05
2.768870000000000076e+01 2.121197653336554940e+05
2.770230000000000103e+01 2.096432146018232161e+05
2.771580000000000155e+01 2.073523111521421524e+05
2.772939999999999827e+01 2.052971248362057086e+05
2.774299999999999855e+01 2.035207445613605378e+05
2.775659999999999883e+01 2.020676032825826260e+05
2.777009999999999934e+01 2.009810249842875928e+05
2.778369999999999962e+01 2.002992608029055118e+05
2.779729999999999990e+01 2.000393557734837814e+05
2.781090000000000018e+01 2.001873162037581496e+05
2.782440000000000069e+01 2.006863598501662200e+05
2.783800000000000097e+01 2.014355810266110639e+05
2.785160000000000124e+01 2.022911518465537520e+05
2.786510000000000176e+01 2.030864057449089305e+05
2.787869999999999848e+01 2.036637427854989655e+05
2.789229999999999876e+01 2.039077004669249582e+05
2.790589999999999904e+01 2.037831813062055444e+05
2.791939999999999955e+01 2.033517054173832294e+05
2.793299999999999983e+01 2.027669246119617892e+05
2.794660000000000011e+01 2.022351016303231008e+05
2.796020000000000039e+01 2.019641139422325359e+05
2.797370000000000090e+01 2.021047383590526006e+05
2.798730000000000118e+01 2.027088683657502697e+05
2.800090000000000146e+01 2.037046821215321834e+05
2.801439999999999841e+01 2.049076214090794092e+05
2.802799999999999869e+01 2.060600364606384246e+05
2.804159999999999897e+01 2.068861125417549920e+05
2.805519999999999925e+01 2.071639408699232445e+05
2.806869999999999976e+01 2.067830625770861225e+05
2.808230000000000004e+01 2.057794841085652297e+05
2.809590000000000032e+01 2.043210341304108733e+05
2.810950000000000060e+01 2.026608317266342929e+05
2.812300000000000111e+01 2.010631120341458591e+05
2.813660000000000139e+01 1.997368470738212054e+05
2.815020000000000167e+01 1.987852449674961681e+05
2.816369999999999862e+01 1.982007888942864083e+05
2.817729999999999890e+01 1.978894986264318286e+05
2.819089999999999918e+01 1.977069350896555407e+05
2.820449999999999946e+01 1.975027842062636337e+05
2.821799999999999997e+01 1.971524254240156442e+05
2.823160000000000025e+01 1.965780544356399914e+05
2.824520000000000053e+01 1.957481928520840593e+05
2.825880000000000081e+01 1.946722514744053187e+05
2.827230000000000132e+01 1.933825696408287331e+05
2.828590000000000160e+01 1.919170540997619973e+05
2.829949999999999832e+01 1.902971551876709855e+05
2.831299999999999883e+01 1.885191677882006334e+05
2.832659999999999911e+01 1.865561605842978752e+05
2.834019999999999939e+01 1.843663545841575542e+05
2.835379999999999967e+01 1.819135610011223762e+05
2.836730000000000018e+01 1.791840394039860694e+05
2.838090000000000046e+01 1.761997189734647691e+05
2.839450000000000074e+01 1.730130959855481342e+05
2.840810000000000102e+01 1.696971329351419990e+05
2.842160000000000153e+01 1.663255881256081921e+05
2.843519999999999825e+01 1.629595304189163144e+05
2.844879999999999853e+01 1.596375327202752524e+05
2.846229999999999905e+01 1.563833193044271029e+05
2.847589999999999932e+01 1.532213989458514552e+05
2.848949999999999960e+01 1.501882730064178759e+05
2.850309999999999988e+01 1.473414912024756486e+05
2.851660000000000039e+01 1.447541185572795221e+05
2.853020000000000067e+01 1.425018110565528041e+05
2.854380000000000095e+01 1.406410226484676532e+05
2.855740000000000123e+01 1.391954051647735760e+05
2.857090000000000174e+01 1.381470877241481212e+05
2.858449999999999847e+01 1.374401597977468919e+05
2.859809999999999874e+01 1.369863523095154378e+05
2.861169999999999902e+01 1.366792727752130595e+05
2.862519999999999953e+01 1.364068023775530164e+05
2.863879999999999981e+01 1.360660481503143383e+05
2.865240000000000009e+01 1.355730115541173145e+05
2.866590000000000060e+01 1.348755095865193580e+05
2.867950000000000088e+01 1.339632764763988671e+05
2.869310000000000116e+01 1.328692298473964620e+05
2.870670000000000144e+01 1.316686166393372405e+05
2.872019999999999840e+01 1.304678882634379406e+05
2.873379999999999868e+01 1.293900046664298279e+05
2.874739999999999895e+01 1.285525732915353001e+05
2.876099999999999923e+01 1.280519446192882169e+05
2.877449999999999974e+01 1.279494868160886545e+05
2.878810000000000002e+01 1.282678722645496455e+05
2.880170000000000030e+01 1.289886786136783630e+05
2.881520000000000081e+01 1.300586581473111728e+05
2.882880000000000109e+01 1.313979142629894195e+05
2.884240000000000137e+01 1.329043650265517645e+05
2.885600000000000165e+01 1.344631303598167142e+05
2.886949999999999861e+01 1.359547676592707576e+05
2.888309999999999889e+01 1.372694162504425913e+05
2.889669999999999916e+01 1.383201226029313111e+05
2.891029999999999944e+01 1.390629178733408917e+05
2.892379999999999995e+01 1.395118735651795578e+05
2.893740000000000023e+01 1.397486508407666115e+05
2.895100000000000051e+01 1.399132872531629400e+05
2.896450000000000102e+01 1.401833190486668609e+05
2.897810000000000130e+01 1.407412868141091603e+05
2.899170000000000158e+01 1.417345574604361609e+05
2.900529999999999831e+01 1.432490094849404413e+05
2.901879999999999882e+01 1.452953256034177321e+05
2.903239999999999910e+01 1.478160556429031712e+05
2.904599999999999937e+01 1.506987349104461027e+05
2.905959999999999965e+01 1.537978341453605099e+05
2.907310000000000016e+01 1.569492052291305445e+05
2.908670000000000044e+01 1.599821338568983192e+05
2.910030000000000072e+01 1.627238079934030247e+05
2.911380000000000123e+01 1.650123367575304583e+05
2.912740000000000151e+01 1.667177425001924857e+05
2.914099999999999824e+01 1.677641132253106043e+05
2.915459999999999852e+01 1.681558082742931438e+05
2.916809999999999903e+01 1.679871707078837208e+05
2.918169999999999931e+01 1.674329341306223650e+05
2.919529999999999959e+01 1.667085223004317377e+05
2.920889999999999986e+01 1.660198138170881430e+05
2.922240000000000038e+01 1.655112457970380492e+05
2.923600000000000065e+01 1.652350109414688777e+05
2.924960000000000093e+01 1.651425023840425420e+05
2.926320000000000121e+01 1.651078291866919026e+05
2.927670000000000172e+01 1.649625767402461497e+05
2.929029999999999845e+01 1.645346301589926879e+05
2.930389999999999873e+01 1.636715067245537648e+05
2.931739999999999924e+01 1.622560770787503279e+05
2.933099999999999952e+01 1.602129520003001089e+05
2.934459999999999980e+01 1.575066123905562854e+05
2.935820000000000007e+01 1.541462896803639305e+05
2.937170000000000059e+01 1.501890398077077698e+05
2.938530000000000086e+01 1.457439548135834630e+05
2.939890000000000114e+01 1.409638278222302033e+05
2.941250000000000142e+01 1.360314833198582637e+05
2.942599999999999838e+01 1.311331634104249824e+05
2.943959999999999866e+01 1.264315687019395846e+05
2.945319999999999894e+01 1.220387853567412676e+05
2.946669999999999945e+01 1.180060774411613820e+05
2.948029999999999973e+01 1.143273938504106627e+05
2.949390000000000001e+01 1.109522670968346793e+05
2.950750000000000028e+01 1.078083728833726636e+05
2.952100000000000080e+01 1.048207494934753486e+05
2.953460000000000107e+01 1.019274179185286630e+05
2.954820000000000135e+01 9.908399203147692606e+04
2.956180000000000163e+01 9.626547518680815119e+04
2.957529999999999859e+01 9.346210617595845542e+04
2.958889999999999887e+01 9.067593559046216251e+04
2.960249999999999915e+01 8.791481485771741427e+04
2.961599999999999966e+01 8.519053826545266202e+04
2.962959999999999994e+01 8.251798156499657489e+04
2.964320000000000022e+01 7.991186112169564876e+04
2.965680000000000049e+01 7.738677099501792691e+04
2.967030000000000101e+01 7.495570296478849195e+04
2.968390000000000128e+01 7.263016864234040258e+04
2.969750000000000156e+01 7.041851865982798336e+04
2.971109999999999829e+01 6.832740214200694754e+04
2.972459999999999880e+01 6.636199930178972136e+04
2.973819999999999908e+01 6.452747510635990329e+04
2.975179999999999936e+01 6.282764541986503173e+04
2.976529999999999987e+01 6.126505971356305963e+04
2.977890000000000015e+01 5.984042137454919430e+04
2.979250000000000043e+01 5.855009692530475877e+04
2.980610000000000070e+01 5.738613574257524306e+04
2.981960000000000122e+01 5.633594775799188210e+04
2.983320000000000149e+01 5.538418538074710523e+04
2.984680000000000177e+01 5.451314154076543491e+04
2.986039999999999850e+01 5.370552097399460035e+04
2.987389999999999901e+01 5.294549214439377101e+04
2.988749999999999929e+01 5.222023249222894083e+04
2.990109999999999957e+01 5.151884716521157679e+04
2.991460000000000008e+01 5.083274184360773506e+04
2.992820000000000036e+01 5.015566177903250355e+04
2.994180000000000064e+01 4.948247802007290738e+04
2.995540000000000092e+01 4.880992412767815404e+04
2.996890000000000143e+01 4.813647222333688842e+04
2.998250000000000171e+01 4.746317961307787482e+04
2.999609999999999843e+01 4.679262667512251210e+04
3.000969999999999871e+01 4.612909663545832882e+04
3.002319999999999922e+01 4.547725686727487482e+04
3.003679999999999950e+01 4.484167160516099102e+04
3.005039999999999978e+01 4.422504468001172063e+04
3.006400000000000006e+01 4.362854330796132854e+04
3.007750000000000057e+01 4.305215703149061301e+04
3.009110000000000085e+01 4.249641729536607454e+04
3.010470000000000113e+01 4.196244983675381809e+04
3.011820000000000164e+01 4.145230331510971882e+04
3.013179999999999836e+01 4.096781417126100132e+04
3.014539999999999864e+01 4.050730167982434796e+04
3.015899999999999892e+01 4.006387563878025685e+04
3.017249999999999943e+01 3.962454504451521643e+04
3.018609999999999971e+01 3.917258845989131805e+04
3.019969999999999999e+01 3.869080110361497645e+04
3.021330000000000027e+01 3.816683254591191508e+04
3.022680000000000078e+01 3.759662783051974839e+04
3.024040000000000106e+01 3.698589037972567894e+04
3.025400000000000134e+01 3.634723373598080070e+04
3.026749999999999829e+01 3.569634321144887508e+04
3.028109999999999857e+01 3.504782082959620311e+04
3.029469999999999885e+01 3.441137564969184314e+04
3.030829999999999913e+01 3.379147445250440796e+04
3.032179999999999964e+01 3.318840651933150366e+04
3.033539999999999992e+01 3.260078214961192862e+04
3.034900000000000020e+01 3.202699955736196353e+04
3.036260000000000048e+01 3.146667535084449628e+04
3.037610000000000099e+01 3.092017474380134081e+04
3.038970000000000127e+01 3.038775810653795997e+04
3.040330000000000155e+01 2.986723473300498517e+04
3.041679999999999851e+01 2.935273138419140378e+04
3.043039999999999878e+01 2.883420006721454047e+04
3.044399999999999906e+01 2.829729645709588294e+04
3.045759999999999934e+01 2.772544384059717049e+04
3.047109999999999985e+01 2.710245884819600906e+04
3.048470000000000013e+01 2.641634323478687656e+04
3.049830000000000041e+01 2.566175906056508757e+04
3.051190000000000069e+01 2.484232820836879910e+04
3.052540000000000120e+01 2.397062998923374471e+04
3.053900000000000148e+01 2.306669485442870064e+04
3.055260000000000176e+01 2.215413981833192520e+04
3.056609999999999872e+01 2.125627288179060633e+04
3.057969999999999899e+01 2.039249903770122546e+04
3.059329999999999927e+01 1.957536177964338276e+04
3.060689999999999955e+01 1.881005484865380276e+04
3.062040000000000006e+01 1.809525372654527382e+04
3.063400000000000034e+01 1.742539280771838821e+04
3.064760000000000062e+01 1.679270463941067646e+04
3.066120000000000090e+01 1.618950234875310889e+04
3.067470000000000141e+01 1.560930251691305057e+04
3.068830000000000169e+01 1.504739375649777321e+04
3.070189999999999841e+01 1.450021074988343207e+04
3.071539999999999893e+01 1.396485160269128937e+04
3.072899999999999920e+01 1.343861967494906094e+04
3.074259999999999948e+01 1.291845014483261730e+04
3.075619999999999976e+01 1.240125675632816456e+04
3.076970000000000027e+01 1.188438764587687729e+04
3.078330000000000055e+01 1.136650567489317655e+04
3.079690000000000083e+01 1.084803883592949205e+04
3.081050000000000111e+01 1.033166417010108671e+04
3.082400000000000162e+01 9.822058068484364412e+03
3.083759999999999835e+01 9.325352136632038309e+03
3.085119999999999862e+01 8.847901551669394394e+03
3.086479999999999890e+01 8.395298658113726560e+03
3.087829999999999941e+01 7.971402208127746235e+03
3.089189999999999969e+01 7.577943623484091404e+03
3.090549999999999997e+01 7.214397414458887397e+03
3.091900000000000048e+01 6.878541359713916790e+03
3.093260000000000076e+01 6.567249928483276562e+03
3.094620000000000104e+01 6.277142895109612255e+03
3.095980000000000132e+01 6.005290688220326956e+03
3.097329999999999828e+01 5.749520005939756629e+03
3.098689999999999856e+01 5.508560308357712529e+03
3.100049999999999883e+01 5.281770097016114050e+03
3.101409999999999911e+01 5.068970996691387882e+03
3.102759999999999962e+01 4.870129419788101586e+03
3.104119999999999990e+01 4.685193559857504624e+03
3.105480000000000018e+01 4.513888322587010407e+03
3.106830000000000069e+01 4.355706677379251232e+03
3.108190000000000097e+01 4.209989776164257819e+03
3.109550000000000125e+01 4.075891559293732371e+03
3.110910000000000153e+01 3.952495948315645819e+03
3.112259999999999849e+01 3.838811819451356769e+03
3.113619999999999877e+01 3.733832580549180420e+03
3.114979999999999905e+01 3.636457014918322329e+03
3.116339999999999932e+01 3.545592611555805433e+03
3.117689999999999984e+01 3.460216352674941390e+03
3.119050000000000011e+01 3.379579154153341278e+03
3.120410000000000039e+01 3.303271275289537243e+03
3.121760000000000090e+01 3.231331851980274223e+03
3.123120000000000118e+01 3.164254977805749604e+03
3.124480000000000146e+01 3.102764884967027683e+03
3.125840000000000174e+01 3.047603089410969915e+03
3.127189999999999870e+01 2.999219592548156015e+03
3.128549999999999898e+01 2.957579015166977115e+03
3.129909999999999926e+01 2.921991385932076810e+03
3.131269999999999953e+01 2.891251194099387703e+03
3.132620000000000005e+01 2.863889525501287153e+03
3.133980000000000032e+01 2.838600307078157584e+03
3.135340000000000060e+01 2.814588273647398182e+03
3.136690000000000111e+01 2.791836260875405060e+03
3.138050000000000139e+01 2.771183928782042585e+03
3.139410000000000167e+01 2.754059907539950018e+03
3.140769999999999840e+01 2.742183426333538137e+03
3.142119999999999891e+01 2.737128249399767810e+03
3.143479999999999919e+01 2.739973049988343973e+03
3.144839999999999947e+01 2.750956850047658463e+03
3.146199999999999974e+01 2.769301363148851578e+03
3.147550000000000026e+01 2.793118216549284170e+03
3.148910000000000053e+01 2.819535112433366066e+03
3.150270000000000081e+01 2.844919880589661261e+03
3.151620000000000132e+01 2.865427418425313590e+03
3.152980000000000160e+01 2.877668568376091116e+03
3.154339999999999833e+01 2.879284211056599815e+03
3.155699999999999861e+01 2.869385318885256765e+03
3.157049999999999912e+01 2.848544576727942967e+03
3.158409999999999940e+01 2.818405073066438490e+03
3.159769999999999968e+01 2.780862727124861067e+03
3.161129999999999995e+01 2.737278019985978517e+03
3.162480000000000047e+01 2.687847424212735405e+03
3.163840000000000074e+01 2.631468959232282486e+03
3.165200000000000102e+01 2.566000240175445924e+03
3.166560000000000130e+01 2.488978604326562618e+03
3.167909999999999826e+01 2.398443987334837402e+03
3.169269999999999854e+01 2.293683369523140300e+03
3.170629999999999882e+01 2.175592737098026646e+03
3.171979999999999933e+01 2.046730804517291517e+03
3.173339999999999961e+01 1.910962460133687500e+03
3.174699999999999989e+01 1.772796561929297013e+03
3.176060000000000016e+01 1.636710677632173429e+03
3.177410000000000068e+01 1.506486786497439653e+03
3.178770000000000095e+01 1.384809152560960911e+03
3.180130000000000123e+01 1.273062880256527023e+03
3.181490000000000151e+01 1.171461362113848736e+03
3.182839999999999847e+01 1.079287063329403281e+03
3.184199999999999875e+01 9.952628386077836922e+02
3.185559999999999903e+01 9.178711772449536284e+02
3.186909999999999954e+01 8.456515580730844022e+02
3.188269999999999982e+01 7.774060157834572919e+02
3.189630000000000010e+01 7.122900190172755401e+02
3.190990000000000038e+01 6.498404355740198071e+02
3.192340000000000089e+01 5.899417231299116793e+02
3.193700000000000117e+01 5.327531730579739815e+02
3.195060000000000144e+01 4.786264601172693460e+02
3.196420000000000172e+01 4.280535580734734253e+02
3.197769999999999868e+01 3.816173611602598044e+02
3.199129999999999896e+01 3.399442210257375336e+02
3.200489999999999924e+01 3.036135908989151631e+02
3.201839999999999975e+01 2.730549436108550481e+02
3.203199999999999648e+01 2.484200236397382184e+02
3.204560000000000031e+01 2.295071347122251098e+02
3.205919999999999703e+01 2.157524327865719158e+02
3.207269999999999754e+01 2.063214511464356349e+02
3.208630000000000138e+01 2.002518188063089895e+02
3.209989999999999810e+01 1.965946383500482568e+02
3.211350000000000193e+01 1.945401912087374967e+02
3.212700000000000244e+01 1.934706426562949275e+02
3.214059999999999917e+01 1.929586105316917326e+02
3.215420000000000300e+01 1.927388644922380365e+02
3.216770000000000351e+01 1.926620060132080710e+02
3.218130000000000024e+01 1.926482339813474312e+02
3.219489999999999696e+01 1.926605801091594401e+02
3.220850000000000080e+01 1.926830653280414936e+02
3.222200000000000131e+01 1.927103335551126690e+02
3.223559999999999803e+01 1.927383764791954093e+02
3.224920000000000186e+01 1.927666415702132099e+02
3.226279999999999859e+01 1.927951760070187959e+02
3.227629999999999910e+01 1.928234190216595607e+02
3.228990000000000293e+01 1.928525810258554145e+02
3.230349999999999966e+01 1.928820558275773180e+02
3.231710000000000349e+01 1.929118149666406055e+02
3.233059999999999690e+01 1.929412236192354442e+02
3.234420000000000073e+01 1.929714399705182188e+02
3.235779999999999745e+01 1.930018419392269777e+02
3.237129999999999797e+01 1.930318218415858098e+02
3.238490000000000180e+01 1.930625730006391620e+02
3.239849999999999852e+01 1.930935062599563992e+02
3.241210000000000235e+01 1.931246316649878736e+02
3.242560000000000286e+01 1.931501115555227841e+02
3.243919999999999959e+01 1.931663567042063505e+02
3.245280000000000342e+01 1.931567487120667295e+02
3.246640000000000015e+01 1.930848039078469753e+02
3.247990000000000066e+01 1.928738665574313984e+02
3.249349999999999739e+01 1.923804247141910366e+02
3.250710000000000122e+01 1.913539021382897545e+02
3.252060000000000173e+01 1.894043894182904069e+02
3.253419999999999845e+01 1.859927496282026880e+02
3.254780000000000229e+01 1.804637610646393853e+02
3.256139999999999901e+01 1.721536435636594149e+02
3.257489999999999952e+01 1.605600830600890561e+02
3.258850000000000335e+01 1.455429230872026096e+02
3.260210000000000008e+01 1.274768169263342514e+02
3.261569999999999681e+01 1.072897492272888229e+02
3.262919999999999732e+01 8.633681640977552263e+01
3.264280000000000115e+01 6.613566172255271169e+01
3.265639999999999787e+01 4.804330112018006815e+01
3.266989999999999839e+01 3.299098214554209108e+01
3.268350000000000222e+01 2.135792011289295900e+01
3.269709999999999894e+01 1.300610838535138924e+01
3.271070000000000277e+01 7.436040057740679110e+00
3.272420000000000329e+01 3.985111289167077242e+00
3.273780000000000001e+01 1.999007891706231277e+00
3.275139999999999674e+01 9.371512483326905896e-01
3.276500000000000057e+01 4.097687310301592611e-01
3.277850000000000108e+01 1.664459294565144021e-01
3.279209999999999781e+01 6.215806019365113094e-02
3.280570000000000164e+01 2.063537655862543105e-02
3.281920000000000215e+01 5.277207968738421850e-03
3.283279999999999887e+01 0.000000000000000000e+00
3.284640000000000271e+01 0.000000000000000000e+00
3.285999999999999943e+01 0.000000000000000000e+00
3.287349999999999994e+01 0.000000000000000000e+00
3.288709999999999667e+01 0.000000000000000000e+00
3.290070000000000050e+01 0.000000000000000000e+00
3.291429999999999723e+01 0.000000000000000000e+00
3.292779999999999774e+01 0.000000000000000000e+00
3.294140000000000157e+01 0.000000000000000000e+00
3.295499999999999829e+01 0.000000000000000000e+00
3.296849999999999881e+01 0.000000000000000000e+00
3.298210000000000264e+01 0.000000000000000000e+00
3.299569999999999936e+01 0.000000000000000000e+00
3.300930000000000319e+01 0.000000000000000000e+00
3.302279999999999660e+01 0.000000000000000000e+00
3.303640000000000043e+01 0.000000000000000000e+00
3.304999999999999716e+01 0.000000000000000000e+00
3.306360000000000099e+01 0.000000000000000000e+00
3.307710000000000150e+01 0.000000000000000000e+00
3.309069999999999823e+01 0.000000000000000000e+00
3.310430000000000206e+01 0.000000000000000000e+00
3.311789999999999878e+01 0.000000000000000000e+00
3.313139999999999930e+01 0.000000000000000000e+00
3.314500000000000313e+01 0.000000000000000000e+00
3.315859999999999985e+01 0.000000000000000000e+00
3.317210000000000036e+01 0.000000000000000000e+00
3.318569999999999709e+01 0.000000000000000000e+00
3.319930000000000092e+01 0.000000000000000000e+00
3.321289999999999765e+01 0.000000000000000000e+00
3.322639999999999816e+01 0.000000000000000000e+00
3.324000000000000199e+01 0.000000000000000000e+00
3.325359999999999872e+01 0.000000000000000000e+00
3.326720000000000255e+01 0.000000000000000000e+00
3.328070000000000306e+01 0.000000000000000000e+00
3.329429999999999978e+01 0.000000000000000000e+00
3.330789999999999651e+01 0.000000000000000000e+00
3.332139999999999702e+01 0.000000000000000000e+00
3.333500000000000085e+01 0.000000000000000000e+00
3.334859999999999758e+01 0.000000000000000000e+00
3.336220000000000141e+01 0.000000000000000000e+00
3.337570000000000192e+01 0.000000000000000000e+00
3.338929999999999865e+01 0.000000000000000000e+00
3.340290000000000248e+01 0.000000000000000000e+00
3.341649999999999920e+01 0.000000000000000000e+00
3.342999999999999972e+01 0.000000000000000000e+00
3.344360000000000355e+01 0.000000000000000000e+00
3.345720000000000027e+01 0.000000000000000000e+00
3.347070000000000078e+01 0.000000000000000000e+00
3.348429999999999751e+01 0.000000000000000000e+00
3.349790000000000134e+01 0.000000000000000000e+00
3.351149999999999807e+01 0.000000000000000000e+00
3.352499999999999858e+01 0.000000000000000000e+00
3.353860000000000241e+01 0.000000000000000000e+00
3.355219999999999914e+01 0.000000000000000000e+00
3.356580000000000297e+01 0.000000000000000000e+00
3.357930000000000348e+01 0.000000000000000000e+00
3.359290000000000020e+01 0.000000000000000000e+00
3.360649999999999693e+01 0.000000000000000000e+00
3.361999999999999744e+01 0.000000000000000000e+00
3.363360000000000127e+01 0.000000000000000000e+00
3.364719999999999800e+01 0.000000000000000000e+00
3.366080000000000183e+01 0.000000000000000000e+00
3.367430000000000234e+01 0.000000000000000000e+00
3.368789999999999907e+01 0.000000000000000000e+00
3.370150000000000290e+01 0.000000000000000000e+00
3.371509999999999962e+01 0.000000000000000000e+00
3.372860000000000014e+01 0.000000000000000000e+00
3.374219999999999686e+01 0.000000000000000000e+00
3.375580000000000069e+01 0.000000000000000000e+00
3.376930000000000121e+01 0.000000000000000000e+00
3.378289999999999793e+01 0.000000000000000000e+00
3.379650000000000176e+01 0.000000000000000000e+00
3.381009999999999849e+01 0.000000000000000000e+00
3.382359999999999900e+01 0.000000000000000000e+00
3.383720000000000283e+01 0.000000000000000000e+00
3.385079999999999956e+01 0.000000000000000000e+00
3.386440000000000339e+01 0.000000000000000000e+00
3.387789999999999679e+01 0.000000000000000000e+00
3.389150000000000063e+01 0.000000000000000000e+00
3.390509999999999735e+01 0.000000000000000000e+00
3.391870000000000118e+01 0.000000000000000000e+00
3.393220000000000169e+01 0.000000000000000000e+00
3.394579999999999842e+01 0.000000000000000000e+00
3.395940000000000225e+01 0.000000000000000000e+00
3.397290000000000276e+01 0.000000000000000000e+00
3.398649999999999949e+01 0.000000000000000000e+00
3.400010000000000332e+01 0.000000000000000000e+00
3.401370000000000005e+01 0.000000000000000000e+00
3.402720000000000056e+01 0.000000000000000000e+00
3.404079999999999728e+01 0.000000000000000000e+00
3.405440000000000111e+01 0.000000000000000000e+00
3.406799999999999784e+01 0.000000000000000000e+00
3.408149999999999835e+01 0.000000000000000000e+00
3.409510000000000218e+01 0.000000000000000000e+00
3.410869999999999891e+01 0.000000000000000000e+00
3.412219999999999942e+01 0.000000000000000000e+00
3.413580000000000325e+01 0.000000000000000000e+00
3.414939999999999998e+01 0.000000000000000000e+00
3.416299999999999670e+01 0.000000000000000000e+00
3.417649999999999721e+01 0.000000000000000000e+00
3.419010000000000105e+01 0.000000000000000000e+00
3.420369999999999777e+01 0.000000000000000000e+00
3.421730000000000160e+01 0.000000000000000000e+00
3.423080000000000211e+01 0.000000000000000000e+00
3.424439999999999884e+01 0.000000000000000000e+00
3.425800000000000267e+01 0.000000000000000000e+00
3.427150000000000318e+01 0.000000000000000000e+00
3.428509999999999991e+01 0.000000000000000000e+00
3.429869999999999663e+01 0.000000000000000000e+00
3.431230000000000047e+01 0.000000000000000000e+00
3.432580000000000098e+01 0.000000000000000000e+00
3.433939999999999770e+01 0.000000000000000000e+00
3.435300000000000153e+01 0.000000000000000000e+00
3.436659999999999826e+01 0.000000000000000000e+00
3.438009999999999877e+01 0.000000000000000000e+00
3.439370000000000260e+01 0.000000000000000000e+00
3.440729999999999933e+01 0.000000000000000000e+00
3.442079999999999984e+01 0.000000000000000000e+00
3.443439999999999657e+01 0.000000000000000000e+00
3.444800000000000040e+01 0.000000000000000000e+00
3.446159999999999712e+01 0.000000000000000000e+00
3.447509999999999764e+01 0.000000000000000000e+00
3.448870000000000147e+01 0.000000000000000000e+00
3.450229999999999819e+01 0.000000000000000000e+00
3.451590000000000202e+01 0.000000000000000000e+00
3.452940000000000254e+01 0.000000000000000000e+00
3.454299999999999926e+01 0.000000000000000000e+00
3.455660000000000309e+01 0.000000000000000000e+00
3.457009999999999650e+01 0.000000000000000000e+00
3.458370000000000033e+01 0.000000000000000000e+00
3.459729999999999706e+01 0.000000000000000000e+00
3.461090000000000089e+01 0.000000000000000000e+00
3.462440000000000140e+01 0.000000000000000000e+00
3.463799999999999812e+01 0.000000000000000000e+00
3.465160000000000196e+01 0.000000000000000000e+00
3.466519999999999868e+01 0.000000000000000000e+00
3.467869999999999919e+01 0.000000000000000000e+00
3.469230000000000302e+01 0.000000000000000000e+00
3.470589999999999975e+01 0.000000000000000000e+00
3.471949999999999648e+01 0.000000000000000000e+00
3.473299999999999699e+01 0.000000000000000000e+00
3.474660000000000082e+01 0.000000000000000000e+00
3.476019999999999754e+01 0.000000000000000000e+00
3.477369999999999806e+01 0.000000000000000000e+00
3.478730000000000189e+01 0.000000000000000000e+00
3.480089999999999861e+01 0.000000000000000000e+00
3.481450000000000244e+01 0.000000000000000000e+00
3.482800000000000296e+01 0.000000000000000000e+00
3.484159999999999968e+01 0.000000000000000000e+00
3.485520000000000351e+01 0.000000000000000000e+00
3.486880000000000024e+01 0.000000000000000000e+00
3.488230000000000075e+01 0.000000000000000000e+00
3.489589999999999748e+01 0.000000000000000000e+00
3.490950000000000131e+01 0.000000000000000000e+00
3.492300000000000182e+01 0.000000000000000000e+00
3.493659999999999854e+01 0.000000000000000000e+00
3.495020000000000238e+01 0.000000000000000000e+00
3.496379999999999910e+01 0.000000000000000000e+00
3.497729999999999961e+01 0.000000000000000000e+00
3.499090000000000344e+01 0.000000000000000000e+00
3.500450000000000017e+01 0.000000000000000000e+00
3.501809999999999690e+01 0.000000000000000000e+00
3.503159999999999741e+01 0.000000000000000000e+00
3.504520000000000124e+01 0.000000000000000000e+00
3.505879999999999797e+01 0.000000000000000000e+00
3.507229999999999848e+01 0.000000000000000000e+00
3.508590000000000231e+01 0.000000000000000000e+00
3.509949999999999903e+01 0.000000000000000000e+00
3.511310000000000286e+01 0.000000000000000000e+00
3.512660000000000338e+01 0.000000000000000000e+00
3.514020000000000010e+01 0.000000000000000000e+00
3.515379999999999683e+01 0.000000000000000000e+00
3.516740000000000066e+01 0.000000000000000000e+00
3.518090000000000117e+01 0.000000000000000000e+00
3.519449999999999790e+01 0.000000000000000000e+00
3.520810000000000173e+01 0.000000000000000000e+00
3.522160000000000224e+01 0.000000000000000000e+00
3.523519999999999897e+01 0.000000000000000000e+00
3.524880000000000280e+01 0.000000000000000000e+00
3.526239999999999952e+01 0.000000000000000000e+00
3.527590000000000003e+01 0.000000000000000000e+00
3.528949999999999676e+01 0.000000000000000000e+00
3.530310000000000059e+01 0.000000000000000000e+00
3.531669999999999732e+01 0.000000000000000000e+00
3.533019999999999783e+01 0.000000000000000000e+00
3.534380000000000166e+01 0.000000000000000000e+00
3.535739999999999839e+01 0.000000000000000000e+00
3.537100000000000222e+01 0.000000000000000000e+00
3.538450000000000273e+01 0.000000000000000000e+00
3.539809999999999945e+01 0.000000000000000000e+00
3.541170000000000329e+01 0.000000000000000000e+00
3.542519999999999669e+01 0.000000000000000000e+00
3.543880000000000052e+01 0.000000000000000000e+00
3.545239999999999725e+01 0.000000000000000000e+00
3.546600000000000108e+01 0.000000000000000000e+00
3.547950000000000159e+01 0.000000000000000000e+00
3.549309999999999832e+01 0.000000000000000000e+00
3.550670000000000215e+01 0.000000000000000000e+00
3.552029999999999887e+01 0.000000000000000000e+00
3.553379999999999939e+01 0.000000000000000000e+00
3.554740000000000322e+01 0.000000000000000000e+00
3.556099999999999994e+01 0.000000000000000000e+00
3.557450000000000045e+01 0.000000000000000000e+00
3.558809999999999718e+01 0.000000000000000000e+00
3.560170000000000101e+01 0.000000000000000000e+00
3.561529999999999774e+01 0.000000000000000000e+00
3.562879999999999825e+01 0.000000000000000000e+00
3.564240000000000208e+01 0.000000000000000000e+00
3.565599999999999881e+01 0.000000000000000000e+00
3.566960000000000264e+01 0.000000000000000000e+00
3.568310000000000315e+01 0.000000000000000000e+00
3.569669999999999987e+01 0.000000000000000000e+00
3.571029999999999660e+01 0.000000000000000000e+00
3.572379999999999711e+01 0.000000000000000000e+00
3.573740000000000094e+01 0.000000000000000000e+00
3.575099999999999767e+01 0.000000000000000000e+00
3.576460000000000150e+01 0.000000000000000000e+00
3.577810000000000201e+01 0.000000000000000000e+00
3.579169999999999874e+01 0.000000000000000000e+00
3.580530000000000257e+01 0.000000000000000000e+00
3.581889999999999930e+01 0.000000000000000000e+00
3.583239999999999981e+01 0.000000000000000000e+00
3.584599999999999653e+01 0.000000000000000000e+00
3.585960000000000036e+01 0.000000000000000000e+00
3.587310000000000088e+01 0.000000000000000000e+00
3.588669999999999760e+01 0.000000000000000000e+00
3.590030000000000143e+01 0.000000000000000000e+00
3.591389999999999816e+01 0.000000000000000000e+00
3.592739999999999867e+01 0.000000000000000000e+00
3.594100000000000250e+01 0.000000000000000000e+00
3.595459999999999923e+01 0.000000000000000000e+00
3.596820000000000306e+01 0.000000000000000000e+00
3.598169999999999646e+01 0.000000000000000000e+00
3.599530000000000030e+01 0.000000000000000000e+00
3.600889999999999702e+01 0.000000000000000000e+00
3.602239999999999753e+01 0.000000000000000000e+00
3.603600000000000136e+01 0.000000000000000000e+00
3.604959999999999809e+01 0.000000000000000000e+00
3.606320000000000192e+01 0.000000000000000000e+00
3.607670000000000243e+01 0.000000000000000000e+00
3.609029999999999916e+01 0.000000000000000000e+00
3.610390000000000299e+01 0.000000000000000000e+00
3.611749999999999972e+01 0.000000000000000000e+00
3.613100000000000023e+01 0.000000000000000000e+00
3.614459999999999695e+01 0.000000000000000000e+00
3.615820000000000078e+01 0.000000000000000000e+00
3.617179999999999751e+01 0.000000000000000000e+00
3.618529999999999802e+01 0.000000000000000000e+00
3.619890000000000185e+01 0.000000000000000000e+00
3.621249999999999858e+01 0.000000000000000000e+00
3.622599999999999909e+01 0.000000000000000000e+00
3.623960000000000292e+01 0.000000000000000000e+00
3.625319999999999965e+01 0.000000000000000000e+00
3.626680000000000348e+01 0.000000000000000000e+00
3.628029999999999688e+01 0.000000000000000000e+00
3.629390000000000072e+01 0.000000000000000000e+00
3.630749999999999744e+01 0.000000000000000000e+00
3.632110000000000127e+01 0.000000000000000000e+00
3.633460000000000178e+01 0.000000000000000000e+00
3.634819999999999851e+01 0.000000000000000000e+00
3.636180000000000234e+01 0.000000000000000000e+00
3.637530000000000285e+01 0.000000000000000000e+00
3.638889999999999958e+01 0.000000000000000000e+00
3.640250000000000341e+01 0.000000000000000000e+00
3.641610000000000014e+01 0.000000000000000000e+00
3.642960000000000065e+01 0.000000000000000000e+00
3.644319999999999737e+01 0.000000000000000000e+00
3.645680000000000121e+01 0.000000000000000000e+00
3.647039999999999793e+01 0.000000000000000000e+00
3.648389999999999844e+01 0.000000000000000000e+00
3.649750000000000227e+01 0.000000000000000000e+00
3.651109999999999900e+01 0.000000000000000000e+00
3.652459999999999951e+01 0.000000000000000000e+00
3.653820000000000334e+01 0.000000000000000000e+00
3.655180000000000007e+01 0.000000000000000000e+00
3.656539999999999679e+01 0.000000000000000000e+00
3.657889999999999731e+01 0.000000000000000000e+00
3.659250000000000114e+01 0.000000000000000000e+00
3.660609999999999786e+01 0.000000000000000000e+00
3.661970000000000169e+01 0.000000000000000000e+00
3.663320000000000221e+01 0.000000000000000000e+00
3.664679999999999893e+01 0.000000000000000000e+00
3.666040000000000276e+01 0.000000000000000000e+00
3.667390000000000327e+01 0.000000000000000000e+00
3.668750000000000000e+01 0.000000000000000000e+00
3.670109999999999673e+01 0.000000000000000000e+00
3.671470000000000056e+01 0.000000000000000000e+00
3.672820000000000107e+01 0.000000000000000000e+00
3.674179999999999779e+01 0.000000000000000000e+00
3.675540000000000163e+01 0.000000000000000000e+00
3.676899999999999835e+01 0.000000000000000000e+00
3.678249999999999886e+01 0.000000000000000000e+00
3.679610000000000269e+01 0.000000000000000000e+00
3.680969999999999942e+01 0.000000000000000000e+00
3.682319999999999993e+01 0.000000000000000000e+00
3.683679999999999666e+01 0.000000000000000000e+00
3.685040000000000049e+01 0.000000000000000000e+00
3.686399999999999721e+01 0.000000000000000000e+00
3.687749999999999773e+01 0.000000000000000000e+00
3.689110000000000156e+01 0.000000000000000000e+00
3.690469999999999828e+01 0.000000000000000000e+00
3.691830000000000211e+01 0.000000000000000000e+00
3.693180000000000263e+01 0.000000000000000000e+00
3.694539999999999935e+01 0.000000000000000000e+00
3.695900000000000318e+01 0.000000000000000000e+00
3.697259999999999991e+01 0.000000000000000000e+00
3.698610000000000042e+01 0.000000000000000000e+00
3.699969999999999715e+01 0.000000000000000000e+00
3.701330000000000098e+01 0.000000000000000000e+00
3.702680000000000149e+01 0.000000000000000000e+00
3.704039999999999822e+01 0.000000000000000000e+00
3.705400000000000205e+01 0.000000000000000000e+00
3.706759999999999877e+01 0.000000000000000000e+00
3.708109999999999928e+01 0.000000000000000000e+00
3.709470000000000312e+01 0.000000000000000000e+00
3.710829999999999984e+01 0.000000000000000000e+00
3.712189999999999657e+01 0.000000000000000000e+00
3.713539999999999708e+01 0.000000000000000000e+00
3.714900000000000091e+01 0.000000000000000000e+00
3.716259999999999764e+01 0.000000000000000000e+00
3.717609999999999815e+01 0.000000000000000000e+00
3.718970000000000198e+01 0.000000000000000000e+00
3.720329999999999870e+01 0.000000000000000000e+00
3.721690000000000254e+01 0.000000000000000000e+00
3.723040000000000305e+01 0.000000000000000000e+00
3.724399999999999977e+01 0.000000000000000000e+00
3.725759999999999650e+01 0.000000000000000000e+00
3.727120000000000033e+01 0.000000000000000000e+00
3.728470000000000084e+01 0.000000000000000000e+00
3.729829999999999757e+01 0.000000000000000000e+00
3.731190000000000140e+01 0.000000000000000000e+00
3.732540000000000191e+01 0.000000000000000000e+00
3.733899999999999864e+01 0.000000000000000000e+00
3.735260000000000247e+01 0.000000000000000000e+00
3.736619999999999919e+01 0.000000000000000000e+00
3.737969999999999970e+01 0.000000000000000000e+00
3.739330000000000354e+01 0.000000000000000000e+00
3.740690000000000026e+01 0.000000000000000000e+00
3.742049999999999699e+01 0.000000000000000000e+00
3.743399999999999750e+01 0.000000000000000000e+00
3.744760000000000133e+01 0.000000000000000000e+00
3.746119999999999806e+01 0.000000000000000000e+00
3.747469999999999857e+01 0.000000000000000000e+00
3.748830000000000240e+01 0.000000000000000000e+00
3.750189999999999912e+01 0.000000000000000000e+00
3.751550000000000296e+01 0.000000000000000000e+00
3.752900000000000347e+01 0.000000000000000000e+00
3.754260000000000019e+01 0.000000000000000000e+00
3.755619999999999692e+01 0.000000000000000000e+00
3.756980000000000075e+01 0.000000000000000000e+00
3.758330000000000126e+01 0.000000000000000000e+00
3.759689999999999799e+01 0.000000000000000000e+00
3.761050000000000182e+01 0.000000000000000000e+00
3.762409999999999854e+01 0.000000000000000000e+00
3.763759999999999906e+01 0.000000000000000000e+00
3.765120000000000289e+01 0.000000000000000000e+00
3.766479999999999961e+01 0.000000000000000000e+00
3.767830000000000013e+01 0.000000000000000000e+00
3.769189999999999685e+01 0.000000000000000000e+00
3.770550000000000068e+01 0.000000000000000000e+00
3.771909999999999741e+01 0.000000000000000000e+00
3.773259999999999792e+01 0.000000000000000000e+00
3.774620000000000175e+01 0.000000000000000000e+00
3.775979999999999848e+01 0.000000000000000000e+00
3.777340000000000231e+01 0.000000000000000000e+00
3.778690000000000282e+01 0.000000000000000000e+00
3.780049999999999955e+01 0.000000000000000000e+00
3.781410000000000338e+01 0.000000000000000000e+00
3.782759999999999678e+01 0.000000000000000000e+00
3.784120000000000061e+01 0.000000000000000000e+00
3.785479999999999734e+01 0.000000000000000000e+00
3.786840000000000117e+01 0.000000000000000000e+00
3.788190000000000168e+01 0.000000000000000000e+00
3.789549999999999841e+01 0.000000000000000000e+00
3.790910000000000224e+01 0.000000000000000000e+00
3.792269999999999897e+01 0.000000000000000000e+00
3.793619999999999948e+01 0.000000000000000000e+00
3.794980000000000331e+01 0.000000000000000000e+00
3.796340000000000003e+01 0.000000000000000000e+00
3.797690000000000055e+01 0.000000000000000000e+00
3.799049999999999727e+01 0.000000000000000000e+00
3.800410000000000110e+01 0.000000000000000000e+00
3.801769999999999783e+01 0.000000000000000000e+00
3.803119999999999834e+01 0.000000000000000000e+00
3.804480000000000217e+01 0.000000000000000000e+00
3.805839999999999890e+01 0.000000000000000000e+00
3.807200000000000273e+01 0.000000000000000000e+00
3.808550000000000324e+01 0.000000000000000000e+00
3.809909999999999997e+01 0.000000000000000000e+00
3.811269999999999669e+01 0.000000000000000000e+00
3.812619999999999720e+01 0.000000000000000000e+00
3.813980000000000103e+01 0.000000000000000000e+00
3.815339999999999776e+01 0.000000000000000000e+00
3.816700000000000159e+01 0.000000000000000000e+00
3.818050000000000210e+01 0.000000000000000000e+00
3.819409999999999883e+01 0.000000000000000000e+00
3.820770000000000266e+01 0.000000000000000000e+00
3.822129999999999939e+01 0.000000000000000000e+00
3.823479999999999990e+01 0.000000000000000000e+00
3.824839999999999662e+01 0.000000000000000000e+00
3.826200000000000045e+01 0.000000000000000000e+00
3.827550000000000097e+01 0.000000000000000000e+00
3.828909999999999769e+01 0.000000000000000000e+00
3.830270000000000152e+01 0.000000000000000000e+00
3.831629999999999825e+01 0.000000000000000000e+00
3.832979999999999876e+01 0.000000000000000000e+00
3.834340000000000259e+01 0.000000000000000000e+00
3.835699999999999932e+01 0.000000000000000000e+00
3.837060000000000315e+01 0.000000000000000000e+00
3.838409999999999656e+01 0.000000000000000000e+00
3.839770000000000039e+01 0.000000000000000000e+00
3.841129999999999711e+01 0.000000000000000000e+00
3.842490000000000094e+01 0.000000000000000000e+00
3.843840000000000146e+01 0.000000000000000000e+00
3.845199999999999818e+01 0.000000000000000000e+00
3.846560000000000201e+01 0.000000000000000000e+00
3.847910000000000252e+01 0.000000000000000000e+00
3.849269999999999925e+01 0.000000000000000000e+00
3.850630000000000308e+01 0.000000000000000000e+00
3.851989999999999981e+01 0.000000000000000000e+00
3.853340000000000032e+01 0.000000000000000000e+00
3.854699999999999704e+01 0.000000000000000000e+00
3.856060000000000088e+01 0.000000000000000000e+00
3.857419999999999760e+01 0.000000000000000000e+00
3.858769999999999811e+01 0.000000000000000000e+00
3.860130000000000194e+01 0.000000000000000000e+00
3.861489999999999867e+01 0.000000000000000000e+00
3.862839999999999918e+01 0.000000000000000000e+00
3.864200000000000301e+01 0.000000000000000000e+00
3.865559999999999974e+01 0.000000000000000000e+00
3.866919999999999646e+01 0.000000000000000000e+00
3.868269999999999698e+01 0.000000000000000000e+00
3.869630000000000081e+01 0.000000000000000000e+00
3.870989999999999753e+01 0.000000000000000000e+00
3.872350000000000136e+01 0.000000000000000000e+00
3.873700000000000188e+01 0.000000000000000000e+00
3.875059999999999860e+01 0.000000000000000000e+00
3.876420000000000243e+01 0.000000000000000000e+00
3.877770000000000294e+01 0.000000000000000000e+00
3.879129999999999967e+01 0.000000000000000000e+00
3.880490000000000350e+01 0.000000000000000000e+00
3.881850000000000023e+01 0.000000000000000000e+00
3.883200000000000074e+01 0.000000000000000000e+00
3.884559999999999746e+01 0.000000000000000000e+00
3.885920000000000130e+01 0.000000000000000000e+00
3.887279999999999802e+01 0.000000000000000000e+00
3.888629999999999853e+01 0.000000000000000000e+00
3.889990000000000236e+01 0.000000000000000000e+00
3.891349999999999909e+01 0.000000000000000000e+00
3.892699999999999960e+01 0.000000000000000000e+00
3.894060000000000343e+01 0.000000000000000000e+00
3.895420000000000016e+01 0.000000000000000000e+00
3.896779999999999688e+01 0.000000000000000000e+00
3.898129999999999740e+01 0.000000000000000000e+00
3.899490000000000123e+01 0.000000000000000000e+00
3.900849999999999795e+01 0.000000000000000000e+00
3.902210000000000178e+01 0.000000000000000000e+00
3.903560000000000230e+01 0.000000000000000000e+00
3.904919999999999902e+01 0.000000000000000000e+00
3.906280000000000285e+01 0.000000000000000000e+00
3.907630000000000337e+01 0.000000000000000000e+00
3.908990000000000009e+01 0.000000000000000000e+00
3.910349999999999682e+01 0.000000000000000000e+00
3.911710000000000065e+01 0.000000000000000000e+00
3.913060000000000116e+01 0.000000000000000000e+00
3.914419999999999789e+01 0.000000000000000000e+00
3.915780000000000172e+01 0.000000000000000000e+00
3.917139999999999844e+01 0.000000000000000000e+00
3.918489999999999895e+01 0.000000000000000000e+00
3.919850000000000279e+01 0.000000000000000000e+00
3.921209999999999951e+01 0.000000000000000000e+00
3.922570000000000334e+01 0.000000000000000000e+00
3.923919999999999675e+01 0.000000000000000000e+00
3.925280000000000058e+01 0.000000000000000000e+00
3.926639999999999731e+01 0.000000000000000000e+00
3.927989999999999782e+01 0.000000000000000000e+00
3.929350000000000165e+01 0.000000000000000000e+00
3.930709999999999837e+01 0.000000000000000000e+00
3.932070000000000221e+01 0.000000000000000000e+00
3.933420000000000272e+01 0.000000000000000000e+00
3.934779999999999944e+01 0.000000000000000000e+00
3.936140000000000327e+01 0.000000000000000000e+00
3.937500000000000000e+01 0.000000000000000000e+00
3.938850000000000051e+01 0.000000000000000000e+00
3.940209999999999724e+01 0.000000000000000000e+00
3.941570000000000107e+01 0.000000000000000000e+00
3.942920000000000158e+01 0.000000000000000000e+00
3.944279999999999831e+01 0.000000000000000000e+00
3.945640000000000214e+01 0.000000000000000000e+00
3.946999999999999886e+01 0.000000000000000000e+00
3.948349999999999937e+01 0.000000000000000000e+00
3.949710000000000321e+01 0.000000000000000000e+00
3.951069999999999993e+01 0.000000000000000000e+00
3.952429999999999666e+01 0.000000000000000000e+00
3.953779999999999717e+01 0.000000000000000000e+00
3.955140000000000100e+01 0.000000000000000000e+00
3.956499999999999773e+01 0.000000000000000000e+00
3.957849999999999824e+01 0.000000000000000000e+00
3.959210000000000207e+01 0.000000000000000000e+00
3.960569999999999879e+01 0.000000000000000000e+00
3.961930000000000263e+01 0.000000000000000000e+00
3.963280000000000314e+01 0.000000000000000000e+00
3.964639999999999986e+01 0.000000000000000000e+00
3.965999999999999659e+01 0.000000000000000000e+00
3.967360000000000042e+01 0.000000000000000000e+00
3.968710000000000093e+01 0.000000000000000000e+00
3.970069999999999766e+01 0.000000000000000000e+00
3.971430000000000149e+01 0.000000000000000000e+00
3.972780000000000200e+01 0.000000000000000000e+00
3.974139999999999873e+01 0.000000000000000000e+00
3.975500000000000256e+01 0.000000000000000000e+00
3.976859999999999928e+01 0.000000000000000000e+00
3.978209999999999980e+01 0.000000000000000000e+00
3.979569999999999652e+01 0.000000000000000000e+00
3.980930000000000035e+01 0.000000000000000000e+00
3.982289999999999708e+01 0.000000000000000000e+00
3.983639999999999759e+01 0.000000000000000000e+00
3.985000000000000142e+01 0.000000000000000000e+00
3.986359999999999815e+01 0.000000000000000000e+00
3.987709999999999866e+01 0.000000000000000000e+00
3.989070000000000249e+01 0.000000000000000000e+00
3.990429999999999922e+01 0.000000000000000000e+00
3.991790000000000305e+01 0.000000000000000000e+00
3.993139999999999645e+01 0.000000000000000000e+00
3.994500000000000028e+01 0.000000000000000000e+00
3.995859999999999701e+01 0.000000000000000000e+00
3.997220000000000084e+01 0.000000000000000000e+00
3.998570000000000135e+01 0.000000000000000000e+00
3.999929999999999808e+01 0.000000000000000000e+00
4.001290000000000191e+01 0.000000000000000000e+00
4.002649999999999864e+01 0.000000000000000000e+00
4.003999999999999915e+01 0.000000000000000000e+00
4.005360000000000298e+01 0.000000000000000000e+00
4.006719999999999970e+01 0.000000000000000000e+00
4.008070000000000022e+01 0.000000000000000000e+00
4.009429999999999694e+01 0.000000000000000000e+00
4.010790000000000077e+01 0.000000000000000000e+00
4.012149999999999750e+01 0.000000000000000000e+00
4.013499999999999801e+01 0.000000000000000000e+00
4.014860000000000184e+01 0.000000000000000000e+00
4.016219999999999857e+01 0.000000000000000000e+00
4.017580000000000240e+01 0.000000000000000000e+00
4.018930000000000291e+01 0.000000000000000000e+00
4.020289999999999964e+01 0.000000000000000000e+00
4.021650000000000347e+01 0.000000000000000000e+00
4.022999999999999687e+01 0.000000000000000000e+00
4.024360000000000070e+01 0.000000000000000000e+00
4.025719999999999743e+01 0.000000000000000000e+00
4.027080000000000126e+01 0.000000000000000000e+00
4.028430000000000177e+01 0.000000000000000000e+00
4.029789999999999850e+01 0.000000000000000000e+00
4.031150000000000233e+01 0.000000000000000000e+00
4.032509999999999906e+01 0.000000000000000000e+00
4.033859999999999957e+01 0.000000000000000000e+00
4.035220000000000340e+01 0.000000000000000000e+00
4.036580000000000013e+01 0.000000000000000000e+00
4.037930000000000064e+01 0.000000000000000000e+00
4.039289999999999736e+01 0.000000000000000000e+00
4.040650000000000119e+01 0.000000000000000000e+00
4.042009999999999792e+01 0.000000000000000000e+00
4.043359999999999843e+01 0.000000000000000000e+00
4.044720000000000226e+01 0.000000000000000000e+00
4.046079999999999899e+01 0.000000000000000000e+00
4.047440000000000282e+01 0.000000000000000000e+00
4.048790000000000333e+01 0.000000000000000000e+00
4.050150000000000006e+01 0.000000000000000000e+00
4.051509999999999678e+01 0.000000000000000000e+00
4.052859999999999729e+01 0.000000000000000000e+00
4.054220000000000113e+01 0.000000000000000000e+00
4.055579999999999785e+01 0.000000000000000000e+00
4.056940000000000168e+01 0.000000000000000000e+00
4.058290000000000219e+01 0.000000000000000000e+00
4.059649999999999892e+01 0.000000000000000000e+00
4.061010000000000275e+01 0.000000000000000000e+00
4.062369999999999948e+01 0.000000000000000000e+00
4.063719999999999999e+01 0.000000000000000000e+00
4.065079999999999671e+01 0.000000000000000000e+00
4.066440000000000055e+01 0.000000000000000000e+00
4.067799999999999727e+01 0.000000000000000000e+00
4.069149999999999778e+01 0.000000000000000000e+00
4.070510000000000161e+01 0.000000000000000000e+00
