# energy(eV) n_real
0.000000000000000000e+00 2.554877687874705039e+00
1.359999999999999924e-02 2.554897258208243649e+00
2.709999999999999909e-02 2.554916828391875505e+00
4.070000000000000007e-02 2.554975538043367855e+00
5.430000000000000104e-02 2.555034246345829096e+00
6.790000000000000202e-02 2.555132090519000698e+00
8.140000000000000013e-02 2.555249498581302792e+00
9.500000000000000111e-02 2.555386467836127551e+00
1.086000000000000021e-01 2.555542995138215367e+00
1.222000000000000031e-01 2.555699512853574440e+00
1.356999999999999873e-01 2.555895146519120864e+00
1.492999999999999883e-01 2.556110326257456045e+00
1.628999999999999893e-01 2.556364606232842895e+00
1.764000000000000012e-01 2.556618860917676983e+00
1.900000000000000022e-01 2.556892645380325568e+00
2.036000000000000032e-01 2.557185953347937080e+00
2.172000000000000042e-01 2.557518328380072425e+00
2.306999999999999884e-01 2.557850660222366734e+00
2.442999999999999894e-01 2.558222038838693368e+00
2.579000000000000181e-01 2.558593363549589217e+00
2.715000000000000191e-01 2.559003712384958718e+00
2.849999999999999756e-01 2.559433531076749979e+00
2.985999999999999766e-01 2.559863277599020215e+00
3.121999999999999775e-01 2.560332009720614366e+00
3.256999999999999895e-01 2.560839706033940733e+00
3.392999999999999905e-01 2.561347301714470781e+00
3.528999999999999915e-01 2.561874313856946195e+00
3.664999999999999925e-01 2.562420730481237641e+00
3.800000000000000044e-01 2.563006047593333392e+00
3.936000000000000054e-01 2.563610734881565101e+00
4.072000000000000064e-01 2.564234778642548562e+00
4.208000000000000074e-01 2.564878164747791622e+00
4.343000000000000194e-01 2.565540878645280465e+00
4.479000000000000203e-01 2.566222905361106754e+00
4.615000000000000213e-01 2.566924229501135635e+00
4.751000000000000223e-01 2.567664308277076479e+00
4.885999999999999788e-01 2.568423641068583230e+00
5.021999999999999797e-01 2.569202210803968711e+00
5.158000000000000362e-01 2.569999999999999396e+00
5.292999999999999927e-01 2.570836439760413761e+00
5.429000000000000492e-01 2.571692049993544504e+00
5.564999999999999947e-01 2.572547375657054936e+00
5.701000000000000512e-01 2.573460704965202517e+00
5.836000000000000076e-01 2.574373710244882041e+00
5.971999999999999531e-01 2.575325222180686158e+00
6.108000000000000096e-01 2.576295790471272884e+00
6.243999999999999551e-01 2.577285393587601892e+00
6.379000000000000226e-01 2.578313402206954486e+00
6.514999999999999680e-01 2.579360385832115021e+00
6.651000000000000245e-01 2.580426321366296794e+00
6.785999999999999810e-01 2.581530553760694957e+00
6.922000000000000375e-01 2.582653674033744018e+00
7.057999999999999829e-01 2.583795657554985414e+00
7.194000000000000394e-01 2.584975821937218754e+00
7.328999999999999959e-01 2.586174781409794399e+00
7.465000000000000524e-01 2.587411834246724496e+00
7.600999999999999979e-01 2.588667610953557574e+00
7.737000000000000544e-01 2.589961389673598902e+00
7.872000000000000108e-01 2.591273818028500209e+00
8.007999999999999563e-01 2.592624153247053531e+00
8.144000000000000128e-01 2.593993060900510628e+00
8.278999999999999693e-01 2.595380511601333318e+00
8.415000000000000258e-01 2.596824984476235443e+00
8.550999999999999712e-01 2.598287897828106541e+00
8.687000000000000277e-01 2.599769220527083480e+00
8.821999999999999842e-01 2.601307363615457113e+00
8.958000000000000407e-01 2.602844597743015242e+00
9.093999999999999861e-01 2.604438519143809749e+00
9.230000000000000426e-01 2.606050651848501154e+00
9.364999999999999991e-01 2.607719310048532968e+00
9.500999999999999446e-01 2.609406062689362038e+00
9.637000000000000011e-01 2.611110874704480445e+00
9.771999999999999575e-01 2.612871983086809458e+00
9.908000000000000140e-01 2.614670151281036858e+00
1.004399999999999959e+00 2.616486193351686751e+00
1.018000000000000016e+00 2.618358264256440471e+00
1.031500000000000083e+00 2.620248079858088719e+00
1.045099999999999918e+00 2.622193738075049296e+00
1.058699999999999974e+00 2.624176061166628493e+00
1.072300000000000031e+00 2.626194966105905415e+00
1.085800000000000098e+00 2.628250368591241504e+00
1.099399999999999933e+00 2.630342183062880146e+00
1.112999999999999989e+00 2.632489316217636599e+00
1.126500000000000057e+00 2.634691632810185258e+00
1.140099999999999891e+00 2.636911071689752806e+00
1.153699999999999948e+00 2.639204425579799285e+00
1.167300000000000004e+00 2.641514716975848831e+00
1.180800000000000072e+00 2.643898636483630327e+00
1.194399999999999906e+00 2.646318197042827336e+00
1.207999999999999963e+00 2.648811054039151180e+00
1.221600000000000019e+00 2.651339284210906033e+00
1.235100000000000087e+00 2.653921626574530457e+00
1.248699999999999921e+00 2.656576744609497887e+00
1.262299999999999978e+00 2.659266816248417875e+00
1.275900000000000034e+00 2.662048083712989399e+00
1.289400000000000102e+00 2.664863974014433090e+00
1.302999999999999936e+00 2.667770604830931980e+00
1.316599999999999993e+00 2.670748958625650538e+00
1.330100000000000060e+00 2.673780095669799017e+00
1.343699999999999894e+00 2.676901193544505730e+00
1.357299999999999951e+00 2.680111937960800716e+00
1.370900000000000007e+00 2.683412007128238130e+00
1.384400000000000075e+00 2.686782462351576584e+00
1.397999999999999909e+00 2.690278795961488889e+00
1.411599999999999966e+00 2.693881957324782306e+00
1.425200000000000022e+00 2.697610053362049065e+00
1.438700000000000090e+00 2.701481075262234910e+00
1.452299999999999924e+00 2.705549851693736407e+00
1.465899999999999981e+00 2.709797041940873008e+00
1.479400000000000048e+00 2.714240245436700949e+00
1.493000000000000105e+00 2.718804984020152027e+00
1.506599999999999939e+00 2.723472360621271626e+00
1.520199999999999996e+00 2.728260263244837169e+00
1.533700000000000063e+00 2.733113288803077801e+00
1.547299999999999898e+00 2.738031250629675117e+00
1.560899999999999954e+00 2.743032205131724410e+00
1.574500000000000011e+00 2.748061277535344793e+00
1.588000000000000078e+00 2.753154888099932585e+00
1.601599999999999913e+00 2.758294741282892648e+00
1.615199999999999969e+00 2.763462800985676537e+00
1.628700000000000037e+00 2.768659120035652066e+00
1.642300000000000093e+00 2.773865893851527709e+00
1.655899999999999928e+00 2.779101281650181665e+00
1.669499999999999984e+00 2.784347609812762414e+00
1.683000000000000052e+00 2.789587131894680105e+00
1.696600000000000108e+00 2.794856176147347160e+00
1.710199999999999942e+00 2.800101431374836469e+00
1.723799999999999999e+00 2.805341099787484360e+00
1.737300000000000066e+00 2.810593403966408665e+00
1.750899999999999901e+00 2.815805661861955578e+00
1.764499999999999957e+00 2.821014034337307130e+00
1.778000000000000025e+00 2.826183407585565632e+00
1.791600000000000081e+00 2.831350068873036641e+00
1.805199999999999916e+00 2.836461397192937106e+00
1.818799999999999972e+00 2.841553712172896429e+00
1.832300000000000040e+00 2.846609776850471452e+00
1.845900000000000096e+00 2.851613175074540596e+00
1.859499999999999931e+00 2.856564391283752613e+00
1.873099999999999987e+00 2.861464695458000751e+00
1.886600000000000055e+00 2.866331968992995805e+00
1.900199999999999889e+00 2.871115253911818321e+00
1.913799999999999946e+00 2.875850406782423097e+00
1.927400000000000002e+00 2.880503139185595973e+00
1.940900000000000070e+00 2.885091804082851930e+00
1.954499999999999904e+00 2.889600682318727465e+00
1.968099999999999961e+00 2.894013657533886619e+00
1.981600000000000028e+00 2.898348515152734173e+00
1.995200000000000085e+00 2.902572613300300475e+00
2.008799999999999919e+00 2.906703708136424869e+00
2.022400000000000198e+00 2.910726560529345974e+00
2.035899999999999821e+00 2.914641693899304276e+00
2.049500000000000099e+00 2.918416977513331290e+00
2.063099999999999934e+00 2.922070088332640925e+00
2.076700000000000212e+00 2.925569137019522703e+00
2.090199999999999836e+00 2.928915667209097240e+00
2.103800000000000114e+00 2.932093247498800626e+00
2.117399999999999949e+00 2.935103369002412421e+00
2.130900000000000016e+00 2.937897702744976414e+00
2.144499999999999851e+00 2.940494955790253773e+00
2.158100000000000129e+00 2.942861868434811345e+00
2.171699999999999964e+00 2.944949427074565751e+00
2.185200000000000031e+00 2.946761861757781098e+00
2.198799999999999866e+00 2.948246831465209716e+00
2.212400000000000144e+00 2.949359402867172353e+00
2.225999999999999979e+00 2.950047191894284992e+00
2.239500000000000046e+00 2.950215151631234711e+00
2.253099999999999881e+00 2.949760213152846866e+00
2.266700000000000159e+00 2.948486601003406093e+00
2.280199999999999783e+00 2.946073268660696076e+00
2.293800000000000061e+00 2.941745966687030478e+00
2.307399999999999896e+00 2.934832621209011894e+00
2.321000000000000174e+00 2.927932614217959362e+00
2.334499999999999797e+00 2.923807241498689535e+00
2.348100000000000076e+00 2.921168008456874965e+00
2.361699999999999910e+00 2.919523723269070281e+00
2.375300000000000189e+00 2.918641844628226956e+00
2.388799999999999812e+00 2.918367012812756123e+00
2.402400000000000091e+00 2.918614558608127574e+00
2.415999999999999925e+00 2.919302856940112267e+00
2.429499999999999993e+00 2.920360449545680304e+00
2.443099999999999827e+00 2.921771664003992797e+00
2.456700000000000106e+00 2.923502135165347404e+00
2.470299999999999940e+00 2.925481956929221639e+00
2.483800000000000008e+00 2.927729247080521624e+00
2.497399999999999842e+00 2.930211322830814868e+00
2.511000000000000121e+00 2.932888885881465235e+00
2.524599999999999955e+00 2.935783360257611552e+00
2.538100000000000023e+00 2.938840317551078218e+00
2.551699999999999857e+00 2.942061038520081162e+00
2.565300000000000136e+00 2.945445116764068505e+00
2.578800000000000203e+00 2.948975349832491766e+00
2.592400000000000038e+00 2.952649671707112233e+00
2.605999999999999872e+00 2.956437635015412013e+00
2.619600000000000151e+00 2.960335594787427027e+00
2.633100000000000218e+00 2.964359987220490211e+00
2.646700000000000053e+00 2.968480618462821852e+00
2.660299999999999887e+00 2.972693880488645135e+00
2.673900000000000166e+00 2.977001349285843368e+00
2.687399999999999789e+00 2.981386298322619588e+00
2.701000000000000068e+00 2.985846902870926023e+00
2.714599999999999902e+00 2.990403173007994742e+00
2.728200000000000180e+00 2.995001931904338832e+00
2.741699999999999804e+00 2.999678028784835249e+00
2.755300000000000082e+00 3.004413178441767585e+00
2.768899999999999917e+00 3.009194657811410600e+00
2.782399999999999984e+00 3.014035367856280345e+00
2.795999999999999819e+00 3.018920857630576826e+00
2.809600000000000097e+00 3.023833117873401477e+00
2.823199999999999932e+00 3.028774274987343418e+00
2.836699999999999999e+00 3.033757076175146228e+00
2.850299999999999834e+00 3.038767325243152406e+00
2.863900000000000112e+00 3.043803346864399462e+00
2.877499999999999947e+00 3.048881520196439432e+00
2.891000000000000014e+00 3.054003935270579451e+00
2.904599999999999849e+00 3.059154668116935483e+00
2.918200000000000127e+00 3.064331993175740010e+00
2.931700000000000195e+00 3.069552172570765070e+00
2.945300000000000029e+00 3.074817375590511492e+00
2.958899999999999864e+00 3.080109764182145771e+00
2.972500000000000142e+00 3.085447581781786131e+00
2.986000000000000210e+00 3.090813023510277535e+00
2.999600000000000044e+00 3.096202098458637586e+00
3.013199999999999878e+00 3.101648727026214747e+00
3.026800000000000157e+00 3.107168680455522747e+00
3.040299999999999780e+00 3.112775416501687875e+00
3.053900000000000059e+00 3.118468631371304589e+00
3.067499999999999893e+00 3.124328686187377357e+00
3.080999999999999961e+00 3.130388310621921022e+00
3.094599999999999795e+00 3.136695819935057195e+00
3.108200000000000074e+00 3.143144157230508995e+00
3.121799999999999908e+00 3.149674089773836005e+00
3.135299999999999976e+00 3.156211678092604167e+00
3.148899999999999810e+00 3.162692410116364705e+00
3.162500000000000089e+00 3.168984692268632219e+00
3.176099999999999923e+00 3.174905373303741563e+00
3.189599999999999991e+00 3.179858954721504816e+00
3.203199999999999825e+00 3.184445351738260932e+00
3.216800000000000104e+00 3.190524399738967620e+00
3.230300000000000171e+00 3.197605783092740683e+00
3.243900000000000006e+00 3.205412508791371184e+00
3.257499999999999840e+00 3.213864610969674462e+00
3.271100000000000119e+00 3.222958190833447478e+00
3.284600000000000186e+00 3.232746670646787557e+00
3.298200000000000021e+00 3.243407156602366115e+00
3.311799999999999855e+00 3.255316070714825205e+00
3.325400000000000134e+00 3.268580490271031369e+00
3.338900000000000201e+00 3.282608859610239183e+00
3.352500000000000036e+00 3.297146986847509176e+00
3.366099999999999870e+00 3.311310248898773345e+00
3.379599999999999937e+00 3.323011314368693014e+00
3.393200000000000216e+00 3.331865354207602881e+00
3.406800000000000050e+00 3.338823138283601999e+00
3.420399999999999885e+00 3.344273736728193391e+00
3.433899999999999952e+00 3.348484176960315750e+00
3.447499999999999787e+00 3.351662820763685602e+00
3.461100000000000065e+00 3.353926630059079095e+00
3.474699999999999900e+00 3.355385531661853271e+00
3.488199999999999967e+00 3.356066840021001418e+00
3.501799999999999802e+00 3.356003915783259295e+00
3.515400000000000080e+00 3.355208831521113488e+00
3.528999999999999915e+00 3.353682663301449374e+00
3.542499999999999982e+00 3.351407854836716105e+00
3.556099999999999817e+00 3.348428287180893470e+00
3.569700000000000095e+00 3.344738418833368421e+00
3.583200000000000163e+00 3.340350025843387360e+00
3.596799999999999997e+00 3.335241161107501462e+00
3.610399999999999832e+00 3.329232050331195403e+00
3.624000000000000110e+00 3.322211439783565368e+00
3.637500000000000178e+00 3.314519970448637665e+00
3.651100000000000012e+00 3.306553917609498683e+00
3.664699999999999847e+00 3.298280108731831639e+00
3.678300000000000125e+00 3.289739385870981359e+00
3.691800000000000193e+00 3.281022575457208212e+00
3.705400000000000027e+00 3.272262812504181273e+00
3.718999999999999861e+00 3.263413473948596266e+00
3.732499999999999929e+00 3.254537737524317187e+00
3.746100000000000207e+00 3.245754351537926574e+00
3.759700000000000042e+00 3.236684652754571623e+00
3.773299999999999876e+00 3.226998483242210725e+00
3.786799999999999944e+00 3.216840578164009035e+00
3.800399999999999778e+00 3.206237368151081402e+00
3.814000000000000057e+00 3.195232349402140404e+00
3.827599999999999891e+00 3.183797159935416232e+00
3.841099999999999959e+00 3.171933921053487371e+00
3.854699999999999793e+00 3.159608777433960292e+00
3.868300000000000072e+00 3.146779574774511090e+00
3.881800000000000139e+00 3.133319145116001181e+00
3.895399999999999974e+00 3.119041830508288093e+00
3.908999999999999808e+00 3.104039385745496649e+00
3.922600000000000087e+00 3.088443012434049173e+00
3.936100000000000154e+00 3.072320021350582131e+00
3.949699999999999989e+00 3.055708168907378841e+00
3.963299999999999823e+00 3.038657594057682765e+00
3.976900000000000102e+00 3.021167176929913545e+00
3.990400000000000169e+00 3.003212507294105826e+00
4.003999999999999559e+00 2.984659415964439511e+00
4.017599999999999838e+00 2.965078131885301449e+00
4.031100000000000350e+00 2.942767690708138151e+00
4.044699999999999740e+00 2.916643252756014881e+00
4.058300000000000018e+00 2.899213437806640759e+00
4.071900000000000297e+00 2.887746234529894540e+00
4.085399999999999920e+00 2.880690584312386449e+00
4.099000000000000199e+00 2.877208878119708491e+00
4.112599999999999589e+00 2.876884000323521651e+00
4.126199999999999868e+00 2.879071444096288790e+00
4.139700000000000379e+00 2.880369008240196926e+00
4.153299999999999770e+00 2.879142873617695830e+00
4.166900000000000048e+00 2.876450656015347551e+00
4.180500000000000327e+00 2.872773276471518145e+00
4.193999999999999950e+00 2.868306054562117069e+00
4.207600000000000229e+00 2.863241036785481697e+00
4.221199999999999619e+00 2.857697985091360415e+00
4.234700000000000131e+00 2.851747788246493887e+00
4.248300000000000409e+00 2.845444531919952169e+00
4.261899999999999800e+00 2.838851250621479583e+00
4.275500000000000078e+00 2.831979814228015702e+00
4.288999999999999702e+00 2.824848872837760538e+00
4.302599999999999980e+00 2.817427623952604598e+00
4.316200000000000259e+00 2.809658851668678459e+00
4.329799999999999649e+00 2.801596036711800686e+00
4.343300000000000161e+00 2.793120823971816158e+00
4.356900000000000439e+00 2.784101439670068068e+00
4.370499999999999829e+00 2.774881215009939783e+00
4.384000000000000341e+00 2.765669234518910446e+00
4.397599999999999731e+00 2.756736303345886263e+00
4.411200000000000010e+00 2.748321494943218202e+00
4.424800000000000288e+00 2.740694344114489756e+00
4.438299999999999912e+00 2.734301739934551279e+00
4.451900000000000190e+00 2.729790332544951514e+00
4.465499999999999581e+00 2.728740820850701798e+00
4.479099999999999859e+00 2.733430226980809952e+00
4.492600000000000371e+00 2.740967175613120865e+00
4.506199999999999761e+00 2.748346570585303628e+00
4.519800000000000040e+00 2.755162051917917854e+00
4.533299999999999663e+00 2.760669836212612527e+00
4.546899999999999942e+00 2.765291905000540673e+00
4.560500000000000220e+00 2.769369936722257286e+00
4.574099999999999611e+00 2.773062489416116883e+00
4.587600000000000122e+00 2.776513879444304500e+00
4.601200000000000401e+00 2.779814681777823981e+00
4.614799999999999791e+00 2.783053574063381497e+00
4.628400000000000070e+00 2.786325561157879438e+00
4.641899999999999693e+00 2.789630537848163172e+00
4.655499999999999972e+00 2.793013139400597034e+00
4.669100000000000250e+00 2.796509595514821811e+00
4.682599999999999874e+00 2.800127780287209767e+00
4.696200000000000152e+00 2.803926800949455345e+00
4.709800000000000431e+00 2.807920950703353569e+00
4.723399999999999821e+00 2.812139284980884391e+00
4.736900000000000333e+00 2.816632125629090488e+00
4.750499999999999723e+00 2.821451162981777117e+00
4.764100000000000001e+00 2.826624822911339763e+00
4.777700000000000280e+00 2.832225650803290140e+00
4.791199999999999903e+00 2.838361758532669032e+00
4.804800000000000182e+00 2.845127553051535418e+00
4.818399999999999572e+00 2.852814458852796164e+00
4.831900000000000084e+00 2.861796998222428279e+00
4.845500000000000362e+00 2.871835938513392694e+00
4.859099999999999753e+00 2.882202260463825105e+00
4.872700000000000031e+00 2.893342743831158081e+00
4.886199999999999655e+00 2.905380899614315560e+00
4.899799999999999933e+00 2.917919265016836405e+00
4.913400000000000212e+00 2.931066067043705647e+00
4.926999999999999602e+00 2.944913296302930750e+00
4.940500000000000114e+00 2.959502094047465892e+00
4.954100000000000392e+00 2.974947560883055786e+00
4.967699999999999783e+00 2.991408803666905758e+00
4.981300000000000061e+00 3.009053159746255979e+00
4.994799999999999685e+00 3.028250176476274369e+00
5.008399999999999963e+00 3.049133842822420171e+00
5.022000000000000242e+00 3.072892007108415591e+00
5.035499999999999865e+00 3.106696411368194077e+00
5.049100000000000144e+00 3.145943991207142965e+00
5.062700000000000422e+00 3.185073643144332056e+00
5.076299999999999812e+00 3.220625388652803345e+00
5.089800000000000324e+00 3.251374283931569131e+00
5.103399999999999714e+00 3.278937119189511140e+00
5.116999999999999993e+00 3.305952471097843404e+00
5.130600000000000271e+00 3.334724515776819054e+00
5.144099999999999895e+00 3.361002259948924209e+00
5.157700000000000173e+00 3.385259952677504458e+00
5.171299999999999564e+00 3.407932633379062715e+00
5.184800000000000075e+00 3.431545654127076794e+00
5.198400000000000354e+00 3.456452003821348207e+00
5.211999999999999744e+00 3.449767403562976842e+00
5.225600000000000023e+00 3.422900242261447179e+00
5.239099999999999646e+00 3.402362075253697160e+00
5.252699999999999925e+00 3.410217456174525097e+00
5.266300000000000203e+00 3.378846043119564158e+00
5.279899999999999594e+00 3.302340819018892759e+00
5.293400000000000105e+00 3.243881307281902160e+00
5.307000000000000384e+00 3.198746006912672080e+00
5.320599999999999774e+00 3.160643344164321356e+00
5.334100000000000286e+00 3.127338711376115743e+00
5.347699999999999676e+00 3.097227331694172747e+00
5.361299999999999955e+00 3.068983471073375657e+00
5.374900000000000233e+00 3.041573534469732110e+00
5.388399999999999856e+00 3.016247017125921914e+00
5.402000000000000135e+00 3.000171904995300398e+00
5.415600000000000414e+00 2.872908877243138370e+00
5.429199999999999804e+00 2.732507037113223181e+00
5.442700000000000315e+00 2.699979570611608981e+00
5.456299999999999706e+00 2.681942113774590020e+00
5.469899999999999984e+00 2.659091454649969322e+00
5.483399999999999608e+00 2.631699734942551494e+00
5.496999999999999886e+00 2.594738305760600827e+00
5.510600000000000165e+00 2.545449914338587138e+00
5.524200000000000443e+00 2.493307168354971015e+00
5.537700000000000067e+00 2.464386671241217464e+00
5.551300000000000345e+00 2.455793734615547397e+00
5.564899999999999736e+00 2.437906361947557166e+00
5.578500000000000014e+00 2.413601810704972372e+00
5.591999999999999638e+00 2.389483224662722893e+00
5.605599999999999916e+00 2.365246366612772988e+00
5.619200000000000195e+00 2.340097855168574714e+00
5.632699999999999818e+00 2.313806222065653007e+00
5.646300000000000097e+00 2.286499622234129170e+00
5.659900000000000375e+00 2.258229830873068167e+00
5.673499999999999766e+00 2.229104767417816824e+00
5.687000000000000277e+00 2.199148764338803907e+00
5.700599999999999667e+00 2.168358514965899708e+00
5.714199999999999946e+00 2.136702335921707885e+00
5.727800000000000225e+00 2.104118892227069715e+00
5.741299999999999848e+00 2.070391420009781047e+00
5.754900000000000126e+00 2.034256808217868695e+00
5.768500000000000405e+00 1.997086660912885225e+00
5.782099999999999795e+00 1.957325800416302997e+00
5.795600000000000307e+00 1.913790094707160439e+00
5.809199999999999697e+00 1.860397683057343210e+00
5.822799999999999976e+00 1.808791511751661307e+00
5.836299999999999599e+00 1.765785835233344203e+00
5.849899999999999878e+00 1.744558707693255606e+00
5.863500000000000156e+00 1.728650974021709530e+00
5.877100000000000435e+00 1.723203885804035496e+00
5.890600000000000058e+00 1.716518765611875885e+00
5.904200000000000337e+00 1.707347285033127493e+00
5.917799999999999727e+00 1.696876004250292169e+00
5.931400000000000006e+00 1.686083427256624079e+00
5.944899999999999629e+00 1.675457795359161395e+00
5.958499999999999908e+00 1.665469768810266427e+00
5.972100000000000186e+00 1.656902533917443687e+00
5.985599999999999810e+00 1.651774098059396900e+00
5.999200000000000088e+00 1.659772711543800128e+00
6.012800000000000367e+00 1.678069759384336779e+00
6.026399999999999757e+00 1.686006030262694910e+00
6.039900000000000269e+00 1.687424673876801728e+00
6.053499999999999659e+00 1.689448779289562275e+00
6.067099999999999937e+00 1.693677343668429369e+00
6.080700000000000216e+00 1.687085207130870401e+00
6.094199999999999839e+00 1.672730448269159398e+00
6.107800000000000118e+00 1.652502871437926846e+00
6.121400000000000396e+00 1.628166005360250246e+00
6.134900000000000020e+00 1.602287971229834129e+00
6.148500000000000298e+00 1.579295672948581641e+00
6.162099999999999689e+00 1.575770867823380605e+00
6.175699999999999967e+00 1.603753869053146985e+00
6.189199999999999591e+00 1.626029781655725426e+00
6.202799999999999869e+00 1.646271344974447937e+00
6.216400000000000148e+00 1.665597414806584187e+00
6.230000000000000426e+00 1.684493551340543904e+00
6.243500000000000050e+00 1.703347066140430188e+00
6.257100000000000328e+00 1.722619498939992555e+00
6.270699999999999719e+00 1.743968939845719435e+00
6.284200000000000230e+00 1.764605504892027499e+00
6.297799999999999621e+00 1.782446569782786039e+00
6.311399999999999899e+00 1.799082989025004409e+00
6.325000000000000178e+00 1.814733247013585515e+00
6.338499999999999801e+00 1.829473699771101858e+00
6.352100000000000080e+00 1.843422812907449249e+00
6.365700000000000358e+00 1.856589117755991669e+00
6.379299999999999748e+00 1.868945467988774922e+00
6.392800000000000260e+00 1.880571361845712275e+00
6.406399999999999650e+00 1.891845276611353377e+00
6.419999999999999929e+00 1.902858685050291543e+00
6.433500000000000441e+00 1.913741328170344591e+00
6.447099999999999831e+00 1.924705922293911131e+00
6.460700000000000109e+00 1.935943926189214404e+00
6.474300000000000388e+00 1.947650545131557109e+00
6.487800000000000011e+00 1.959690524791081190e+00
6.501400000000000290e+00 1.972387666909988013e+00
6.514999999999999680e+00 1.986513085098082998e+00
6.528599999999999959e+00 2.003194119985368449e+00
6.542099999999999582e+00 2.024210882775655751e+00
6.555699999999999861e+00 2.052797575897030491e+00
6.569300000000000139e+00 2.095924478827082993e+00
6.582900000000000418e+00 2.172677480146973927e+00
6.596400000000000041e+00 2.353209970852259580e+00
6.610000000000000320e+00 2.712269246848931559e+00
6.623599999999999710e+00 2.741226409498216388e+00
6.637100000000000222e+00 2.101949952050637727e+00
6.650699999999999612e+00 2.016413076757605616e+00
6.664299999999999891e+00 1.969191706216764759e+00
6.677900000000000169e+00 1.911255546434235786e+00
6.691399999999999793e+00 1.851996902463956873e+00
6.705000000000000071e+00 1.794179524019379190e+00
6.718600000000000350e+00 1.738800250850537354e+00
6.732199999999999740e+00 1.687419623141330316e+00
6.745700000000000252e+00 1.645354093190039890e+00
6.759299999999999642e+00 1.613042952386277928e+00
6.772899999999999920e+00 1.589793818098280909e+00
6.786400000000000432e+00 1.575179186045099211e+00
6.799999999999999822e+00 1.568961465655469789e+00
6.813600000000000101e+00 1.571297937924655219e+00
6.827200000000000379e+00 1.580524564350993311e+00
6.840700000000000003e+00 1.598368677081579259e+00
6.854300000000000281e+00 1.629939420826838736e+00
6.867899999999999672e+00 1.652220805183874042e+00
6.881499999999999950e+00 1.668167589878950530e+00
6.894999999999999574e+00 1.678063168158405505e+00
6.908599999999999852e+00 1.682469855033913220e+00
6.922200000000000131e+00 1.682398751822925309e+00
6.935699999999999754e+00 1.678796627163031907e+00
6.949300000000000033e+00 1.672831754282866346e+00
6.962900000000000311e+00 1.664971475102254184e+00
6.976499999999999702e+00 1.658113825894235172e+00
6.990000000000000213e+00 1.677679202257299274e+00
7.003599999999999604e+00 1.590432919689835245e+00
7.017199999999999882e+00 1.583946758731477944e+00
7.030800000000000161e+00 1.570015102539138230e+00
7.044299999999999784e+00 1.553021074612658037e+00
7.057900000000000063e+00 1.534549371328306044e+00
7.071500000000000341e+00 1.516681353649704578e+00
7.084999999999999964e+00 1.508576241330075174e+00
7.098600000000000243e+00 1.504617122686286779e+00
7.112199999999999633e+00 1.498523584617633908e+00
7.125799999999999912e+00 1.491088609197698256e+00
7.139300000000000423e+00 1.482660983189050263e+00
7.152899999999999814e+00 1.473288173857034922e+00
7.166500000000000092e+00 1.463005530942233623e+00
7.180100000000000371e+00 1.452014132130265089e+00
7.193599999999999994e+00 1.440179284234204715e+00
7.207200000000000273e+00 1.426996773612554836e+00
7.220799999999999663e+00 1.409362183842576943e+00
7.234399999999999942e+00 1.388547632541975663e+00
7.247899999999999565e+00 1.367417373343716713e+00
7.261499999999999844e+00 1.345875893479497210e+00
7.275100000000000122e+00 1.324974118117452138e+00
7.288599999999999746e+00 1.304438948778809726e+00
7.302200000000000024e+00 1.284208750712050318e+00
7.315800000000000303e+00 1.266032406276359268e+00
7.329399999999999693e+00 1.267817388709181481e+00
7.342900000000000205e+00 1.230789572821245681e+00
7.356499999999999595e+00 1.232229883804109249e+00
7.370099999999999874e+00 1.231456933368324957e+00
7.383700000000000152e+00 1.230943576224387437e+00
7.397199999999999775e+00 1.230424890908522695e+00
7.410800000000000054e+00 1.229700406329585771e+00
7.424400000000000333e+00 1.230481836389345052e+00
7.437899999999999956e+00 1.252075370195524062e+00
7.451500000000000234e+00 1.209975548185288297e+00
7.465099999999999625e+00 1.216479197388422140e+00
7.478699999999999903e+00 1.219925315510932418e+00
7.492200000000000415e+00 1.221951264017866245e+00
7.505799999999999805e+00 1.223161581181469559e+00
7.519400000000000084e+00 1.223863150517829901e+00
7.533000000000000362e+00 1.223782933344642831e+00
7.546499999999999986e+00 1.223360791043441420e+00
7.560100000000000264e+00 1.223007215325613739e+00
7.573699999999999655e+00 1.222064718377011028e+00
7.587200000000000166e+00 1.221360770853870736e+00
7.600799999999999557e+00 1.219934132429671081e+00
7.614399999999999835e+00 1.217157732134337644e+00
7.628000000000000114e+00 1.213436194277379920e+00
7.641499999999999737e+00 1.209274193508141915e+00
7.655100000000000016e+00 1.204713438303597117e+00
7.668700000000000294e+00 1.198383929150128369e+00
7.682299999999999685e+00 1.188308846616904280e+00
7.695800000000000196e+00 1.192860157586971948e+00
7.709399999999999586e+00 1.195263723190710614e+00
7.722999999999999865e+00 1.196389394745363877e+00
7.736500000000000377e+00 1.196378098930515943e+00
7.750099999999999767e+00 1.195013846164086901e+00
7.763700000000000045e+00 1.191851725814801144e+00
7.777300000000000324e+00 1.185703430660962177e+00
7.790799999999999947e+00 1.170717288926179656e+00
7.804400000000000226e+00 1.108695282716762875e+00
7.817999999999999616e+00 1.107530048684164381e+00
7.831599999999999895e+00 1.101927090312281088e+00
7.845100000000000406e+00 1.094825861282246127e+00
7.858699999999999797e+00 1.086939229677089891e+00
7.872300000000000075e+00 1.078684079116208228e+00
7.885799999999999699e+00 1.070648097221724715e+00
7.899399999999999977e+00 1.062920928468836568e+00
7.913000000000000256e+00 1.055636943368313041e+00
7.926599999999999646e+00 1.049183766525092043e+00
7.940100000000000158e+00 1.046186210641602443e+00
7.953700000000000436e+00 1.043978845272386602e+00
7.967299999999999827e+00 1.041735729354275719e+00
7.980900000000000105e+00 1.038970853915102577e+00
7.994399999999999729e+00 1.036296735362319588e+00
8.007999999999999119e+00 1.032064210966836537e+00
8.021599999999999397e+00 1.028361075319387030e+00
8.035199999999999676e+00 1.025139045135409877e+00
8.048700000000000188e+00 1.021017072877377752e+00
8.062300000000000466e+00 1.013303256784916950e+00
8.075900000000000745e+00 9.726195405667110716e-01
8.089399999999999480e+00 9.561587351881233321e-01
8.102999999999999758e+00 9.462917026051843594e-01
8.116600000000000037e+00 9.339880318639965928e-01
8.130200000000000315e+00 9.198697642974005273e-01
8.143700000000000827e+00 9.045908708405301368e-01
8.157299999999999329e+00 8.882143407521448930e-01
8.170899999999999608e+00 8.693700647236384249e-01
8.184499999999999886e+00 8.490490484284771711e-01
8.198000000000000398e+00 8.407087239347111884e-01
8.211600000000000676e+00 8.327225227083367987e-01
8.225199999999999179e+00 8.250397662079400618e-01
8.238699999999999690e+00 8.175694499181243025e-01
8.252299999999999969e+00 8.102942380296949132e-01
8.265900000000000247e+00 8.030914924279617395e-01
8.279500000000000526e+00 7.960116091873792321e-01
8.292999999999999261e+00 7.893117690856673585e-01
8.306599999999999540e+00 7.843786014879761126e-01
8.320199999999999818e+00 8.163492883615295348e-01
8.333800000000000097e+00 7.779577216838204912e-01
8.347300000000000608e+00 7.154048108825652452e-01
8.360900000000000887e+00 6.444620736799142602e-01
8.374499999999999389e+00 6.359176662230182631e-01
8.387999999999999901e+00 6.235309307062212314e-01
8.401600000000000179e+00 6.175748779198972915e-01
8.415200000000000458e+00 6.112403932450495292e-01
8.428800000000000736e+00 6.050568310220194590e-01
8.442299999999999471e+00 5.993991253366052208e-01
8.455899999999999750e+00 5.946666230523535157e-01
8.469500000000000028e+00 5.911894882960814224e-01
8.483100000000000307e+00 5.882346479429025887e-01
8.496600000000000819e+00 5.854872833935058640e-01
8.510199999999999321e+00 5.829683074378362306e-01
8.523799999999999599e+00 5.807520921626310173e-01
8.537300000000000111e+00 5.788364636039518007e-01
8.550900000000000389e+00 5.772283354442484526e-01
8.564500000000000668e+00 5.758826992465233552e-01
8.578099999999999170e+00 5.749892999178514152e-01
8.591599999999999682e+00 5.759180582357739109e-01
8.605199999999999960e+00 5.772333579748958332e-01
8.618800000000000239e+00 5.789229538008806575e-01
8.632400000000000517e+00 5.809718814261757291e-01
8.645899999999999253e+00 5.833922684817063331e-01
8.659499999999999531e+00 5.860501606293638810e-01
8.673099999999999810e+00 5.890891571734565568e-01
8.686600000000000321e+00 5.924709947799727816e-01
8.700200000000000600e+00 5.971423603577867834e-01
8.713800000000000878e+00 6.020044983547020445e-01
8.727399999999999380e+00 6.067293663761207378e-01
8.740899999999999892e+00 6.114148039645213029e-01
8.754500000000000171e+00 6.161239536511975423e-01
8.768100000000000449e+00 6.210043283546690107e-01
8.781700000000000728e+00 6.263120529736300179e-01
8.795199999999999463e+00 6.331652061142325483e-01
8.808799999999999741e+00 6.667338339259974989e-01
8.822400000000000020e+00 6.253495529845225498e-01
8.836000000000000298e+00 6.361122970883879013e-01
8.849500000000000810e+00 6.454779678344229055e-01
8.863099999999999312e+00 6.571878741076433439e-01
8.876699999999999591e+00 6.716216744348348922e-01
8.890200000000000102e+00 6.821642926985622690e-01
8.903800000000000381e+00 6.906959952213134191e-01
8.917400000000000659e+00 6.973398907894676757e-01
8.930999999999999162e+00 7.014538212170655651e-01
8.944499999999999673e+00 7.040708854406860784e-01
8.958099999999999952e+00 7.058336505484756884e-01
8.971700000000000230e+00 7.068525143264238197e-01
8.985300000000000509e+00 7.076524819558789314e-01
8.998799999999999244e+00 7.125396473172888046e-01
9.012399999999999523e+00 7.169533659894160582e-01
9.025999999999999801e+00 7.204738544858676486e-01
9.039500000000000313e+00 7.232402952480374569e-01
9.053100000000000591e+00 7.257910579733930501e-01
9.066700000000000870e+00 7.281234003674608157e-01
9.080299999999999372e+00 7.298418822110598336e-01
9.093799999999999883e+00 7.301902485574963686e-01
9.107400000000000162e+00 7.269713426367319098e-01
9.121000000000000441e+00 7.009157406597320561e-01
9.134600000000000719e+00 6.476035923837694108e-01
9.148099999999999454e+00 6.379487636465279721e-01
9.161699999999999733e+00 6.278944006060103167e-01
9.175300000000000011e+00 6.170233121232571172e-01
9.188800000000000523e+00 6.058055918989067035e-01
9.202400000000000801e+00 5.954435550060719340e-01
9.215999999999999304e+00 5.875340101024899564e-01
9.229599999999999582e+00 5.792402411636184967e-01
9.243100000000000094e+00 5.708741051182120163e-01
9.256700000000000372e+00 5.625902094277008825e-01
9.270300000000000651e+00 5.570761106582438060e-01
9.283899999999999153e+00 5.465848639920680707e-01
9.297399999999999665e+00 5.454553924609444326e-01
9.310999999999999943e+00 5.447623094130740196e-01
9.324600000000000222e+00 5.450084049778842754e-01
9.338100000000000733e+00 5.464042136055011767e-01
9.351699999999999235e+00 5.487483542551776505e-01
9.365299999999999514e+00 5.519432257751624160e-01
9.378899999999999793e+00 5.557962563220566476e-01
9.392400000000000304e+00 5.601946383072233804e-01
9.406000000000000583e+00 5.644425169365955286e-01
9.419600000000000861e+00 5.686692727032781614e-01
9.433199999999999363e+00 5.744189607630938443e-01
9.446699999999999875e+00 5.821137996184317931e-01
9.460300000000000153e+00 5.875380551694606712e-01
9.473900000000000432e+00 5.961168576309052725e-01
9.487399999999999167e+00 6.051219647719190409e-01
9.500999999999999446e+00 6.142031585961369444e-01
9.514599999999999724e+00 6.223951479715058577e-01
9.528200000000000003e+00 6.291719500121959463e-01
9.541700000000000514e+00 6.346544125438107198e-01
9.555300000000000793e+00 6.389860892329815023e-01
9.568899999999999295e+00 6.420808043596639703e-01
9.582499999999999574e+00 6.439177178531740875e-01
9.596000000000000085e+00 6.441905003582224509e-01
9.609600000000000364e+00 6.427134140291983488e-01
9.623200000000000642e+00 6.040603256531850151e-01
9.636799999999999145e+00 5.872776397571994877e-01
9.650299999999999656e+00 6.050549898905535073e-01
9.663899999999999935e+00 6.215844424158489812e-01
9.677500000000000213e+00 6.385521301916672332e-01
9.691000000000000725e+00 6.587852301878485139e-01
9.704599999999999227e+00 6.964121865523331678e-01
9.718199999999999505e+00 8.860973203046813573e-01
9.731799999999999784e+00 8.069007528073376401e-01
9.745300000000000296e+00 7.345859070109189704e-01
9.758900000000000574e+00 6.772955643688345351e-01
9.772500000000000853e+00 6.391705594807054469e-01
9.786099999999999355e+00 6.166370493899695493e-01
9.799599999999999866e+00 6.076963952102696354e-01
9.813200000000000145e+00 6.058075181597228909e-01
9.826800000000000423e+00 6.051656623726520134e-01
9.840299999999999159e+00 6.050687437633055499e-01
9.853899999999999437e+00 6.035254484318054446e-01
9.867499999999999716e+00 6.008897064005269684e-01
9.881099999999999994e+00 5.973647148319677358e-01
9.894600000000000506e+00 5.931032733293111203e-01
9.908200000000000784e+00 5.884355887363952320e-01
9.921799999999999287e+00 5.830337319154652587e-01
9.935399999999999565e+00 5.772170980645721095e-01
9.948900000000000077e+00 5.710364186225170835e-01
9.962500000000000355e+00 5.650125406267223482e-01
9.976100000000000634e+00 5.611162356529983963e-01
9.989599999999999369e+00 5.561720723793657228e-01
1.000319999999999965e+01 5.518134040192045342e-01
1.001679999999999993e+01 5.481325338962115268e-01
1.003040000000000020e+01 5.447950626710983402e-01
1.004390000000000072e+01 5.418906986089999656e-01
1.005749999999999922e+01 5.396592223083446216e-01
1.007109999999999950e+01 5.390129216945549473e-01
1.008469999999999978e+01 5.564353197318869793e-01
1.009820000000000029e+01 5.478012185061138517e-01
1.011180000000000057e+01 5.250926597695511067e-01
1.012540000000000084e+01 5.269985553205771556e-01
1.013889999999999958e+01 5.287585424338973050e-01
1.015249999999999986e+01 5.313527517674231371e-01
1.016610000000000014e+01 5.364219420232336777e-01
1.017970000000000041e+01 5.714545003378634913e-01
1.019319999999999915e+01 5.482360801868991773e-01
1.020679999999999943e+01 5.512753606909146509e-01
1.022039999999999971e+01 5.536068627268593279e-01
1.023399999999999999e+01 5.557905295396077250e-01
1.024750000000000050e+01 5.579886150086823537e-01
1.026110000000000078e+01 5.599827435679396448e-01
1.027469999999999928e+01 5.612486191948279357e-01
1.028829999999999956e+01 5.616503854628962511e-01
1.030180000000000007e+01 5.586156658865598645e-01
1.031540000000000035e+01 5.549961381943888661e-01
1.032900000000000063e+01 5.518101983346725969e-01
1.034249999999999936e+01 5.488980813909212220e-01
1.035609999999999964e+01 5.462398700907178384e-01
1.036969999999999992e+01 5.449297159942905200e-01
1.038330000000000020e+01 5.430817131906129358e-01
1.039680000000000071e+01 5.401268835523770351e-01
1.041039999999999921e+01 5.368032569786411745e-01
1.042399999999999949e+01 5.352423384704885212e-01
1.043759999999999977e+01 5.346250761753550407e-01
1.045110000000000028e+01 5.339573925461156279e-01
1.046470000000000056e+01 5.334743562811907758e-01
1.047830000000000084e+01 5.331843284425901164e-01
1.049179999999999957e+01 5.330066032902747164e-01
1.050539999999999985e+01 5.326866087236308278e-01
1.051900000000000013e+01 5.320319237610948715e-01
1.053260000000000041e+01 5.309356577368108399e-01
1.054609999999999914e+01 5.296887694826063475e-01
1.055969999999999942e+01 5.281084606810317883e-01
1.057329999999999970e+01 5.262187762330297058e-01
1.058689999999999998e+01 5.246103183239900769e-01
1.060040000000000049e+01 5.307694768400486041e-01
1.061400000000000077e+01 5.225641550397821522e-01
1.062759999999999927e+01 5.075630851261344612e-01
1.064109999999999978e+01 4.877043016748308646e-01
1.065470000000000006e+01 4.737408383630684061e-01
1.066830000000000034e+01 4.603153032025121272e-01
1.068190000000000062e+01 4.474298787856514359e-01
1.069539999999999935e+01 4.349308496100234844e-01
1.070899999999999963e+01 4.214122427098812018e-01
1.072259999999999991e+01 4.117854266690906817e-01
1.073620000000000019e+01 4.020960099406599153e-01
1.074970000000000070e+01 3.927504096046277593e-01
1.076329999999999920e+01 3.839594453714168520e-01
1.077689999999999948e+01 3.765074674215901362e-01
1.079039999999999999e+01 3.736038174409929136e-01
1.080400000000000027e+01 3.705462410797611406e-01
1.081760000000000055e+01 3.678515975597426158e-01
1.083120000000000083e+01 3.655567545552053099e-01
1.084469999999999956e+01 3.630228746084047664e-01
1.085829999999999984e+01 3.605799955102026999e-01
1.087190000000000012e+01 3.583805594154038099e-01
1.088550000000000040e+01 3.564020662475935741e-01
1.089899999999999913e+01 3.546908255949502431e-01
1.091259999999999941e+01 3.532389055534064792e-01
1.092619999999999969e+01 3.521639286144953584e-01
1.093970000000000020e+01 3.511489449724390921e-01
1.095330000000000048e+01 3.502510845128922190e-01
1.096690000000000076e+01 3.494148039056553801e-01
1.098049999999999926e+01 3.486697735203011517e-01
1.099399999999999977e+01 3.479596560858169707e-01
1.100760000000000005e+01 3.472703818422203659e-01
1.102120000000000033e+01 3.465448972614098566e-01
1.103480000000000061e+01 3.459461889161069004e-01
1.104829999999999934e+01 3.456924715993927588e-01
1.106189999999999962e+01 3.489025580222565037e-01
1.107549999999999990e+01 3.572619481266983699e-01
1.108910000000000018e+01 3.457435785133567419e-01
1.110260000000000069e+01 3.390695238212004803e-01
1.111619999999999919e+01 3.395485858920254119e-01
1.112979999999999947e+01 3.402072892146879024e-01
1.114329999999999998e+01 3.411322149362073786e-01
1.115690000000000026e+01 3.425043546709766185e-01
1.117050000000000054e+01 3.442856097570637930e-01
1.118410000000000082e+01 3.465190444716810814e-01
1.119759999999999955e+01 3.495585051942413646e-01
1.121119999999999983e+01 3.530077085627830735e-01
1.122480000000000011e+01 3.567718740634456265e-01
1.123840000000000039e+01 3.609559993842098580e-01
1.125189999999999912e+01 3.654264445299267305e-01
1.126549999999999940e+01 3.702901838422892888e-01
1.127909999999999968e+01 3.755694079091195237e-01
1.129260000000000019e+01 3.813722773332415272e-01
1.130620000000000047e+01 3.880563494842045325e-01
1.131980000000000075e+01 3.988735868385325789e-01
1.133339999999999925e+01 4.165337415100308083e-01
1.134689999999999976e+01 4.318339290737426284e-01
1.136050000000000004e+01 4.377219585322388307e-01
1.137410000000000032e+01 4.339888908485299845e-01
1.138770000000000060e+01 4.216461663974320762e-01
1.140119999999999933e+01 4.183747656817203842e-01
1.141479999999999961e+01 4.152635751077895510e-01
1.142839999999999989e+01 4.124447337262485136e-01
1.144190000000000040e+01 4.098752938078190633e-01
1.145550000000000068e+01 4.076492420463466715e-01
1.146909999999999918e+01 4.056794191490223911e-01
1.148269999999999946e+01 4.041594021622070265e-01
1.149619999999999997e+01 4.032917957323577385e-01
1.150980000000000025e+01 4.033128825306526721e-01
1.152340000000000053e+01 4.041481880917198177e-01
1.153700000000000081e+01 4.058629227907516457e-01
1.155049999999999955e+01 4.082763129213452524e-01
1.156409999999999982e+01 4.113944773510828101e-01
1.157770000000000010e+01 4.152433857772882542e-01
1.159120000000000061e+01 4.195970035255437436e-01
1.160479999999999912e+01 4.244425988701401309e-01
1.161839999999999939e+01 4.296389852580730917e-01
1.163199999999999967e+01 4.349615126656141695e-01
1.164550000000000018e+01 4.401180189898180051e-01
1.165910000000000046e+01 4.432099780258000887e-01
1.167270000000000074e+01 4.431834836159532220e-01
1.168629999999999924e+01 4.410571170631499283e-01
1.169979999999999976e+01 4.374138660522340349e-01
1.171340000000000003e+01 4.376727382771302133e-01
1.172700000000000031e+01 5.037105607191991741e-01
1.174050000000000082e+01 4.207360194493895422e-01
1.175409999999999933e+01 4.368217429021244991e-01
1.176769999999999960e+01 4.778052225325987168e-01
1.178129999999999988e+01 4.348939784752641202e-01
1.179480000000000040e+01 4.365517959100853607e-01
1.180840000000000067e+01 4.425119766269032806e-01
1.182199999999999918e+01 4.470198315401501810e-01
1.183559999999999945e+01 4.507995716164699962e-01
1.184909999999999997e+01 4.542675832923652735e-01
1.186270000000000024e+01 4.575413834866808860e-01
1.187630000000000052e+01 4.605572360919659713e-01
1.188990000000000080e+01 4.629778836458047775e-01
1.190339999999999954e+01 4.657660586438877037e-01
1.191699999999999982e+01 4.694229845397467349e-01
1.193060000000000009e+01 4.730094323656898192e-01
1.194410000000000061e+01 4.763100716221445596e-01
1.195770000000000088e+01 4.793379762857142290e-01
1.197129999999999939e+01 4.805512766060888730e-01
1.198489999999999966e+01 4.841794345286313250e-01
1.199840000000000018e+01 5.052922603491243336e-01
1.201200000000000045e+01 4.872462373561400328e-01
1.202560000000000073e+01 4.853204373845299568e-01
1.203919999999999924e+01 4.882713256468492746e-01
1.205269999999999975e+01 4.899847723535424859e-01
1.206630000000000003e+01 4.905911993837911433e-01
1.207990000000000030e+01 4.904161467379413719e-01
1.209340000000000082e+01 4.904336840630579841e-01
1.210699999999999932e+01 4.926304216171620287e-01
1.212059999999999960e+01 4.946167103806654586e-01
1.213419999999999987e+01 4.965984982452743557e-01
1.214770000000000039e+01 4.986590457269498566e-01
1.216130000000000067e+01 5.015547584648227808e-01
1.217489999999999917e+01 5.060313639687967768e-01
1.218849999999999945e+01 5.069932350301502577e-01
1.220199999999999996e+01 5.116155447769946685e-01
1.221560000000000024e+01 5.157637403269641485e-01
1.222920000000000051e+01 5.196630937545390072e-01
1.224269999999999925e+01 5.232975969232929181e-01
1.225629999999999953e+01 5.268013775594346804e-01
1.226989999999999981e+01 5.301050521628415391e-01
1.228350000000000009e+01 5.326805738775430843e-01
1.229700000000000060e+01 5.346787029511506084e-01
1.231060000000000088e+01 5.361263037211903004e-01
1.232419999999999938e+01 5.371501967989702475e-01
1.233779999999999966e+01 5.376535631721581776e-01
1.235130000000000017e+01 5.377287170270421690e-01
1.236490000000000045e+01 5.373340866383637948e-01
1.237850000000000072e+01 5.363510378046979499e-01
1.239199999999999946e+01 5.346685016701397952e-01
1.240559999999999974e+01 5.318991998781448238e-01
1.241920000000000002e+01 5.292149190176969054e-01
1.243280000000000030e+01 5.264956066384660627e-01
1.244630000000000081e+01 5.235577880758428559e-01
1.245989999999999931e+01 5.205371281121669025e-01
1.247349999999999959e+01 5.175350175241886230e-01
1.248709999999999987e+01 5.158296072622226003e-01
1.250060000000000038e+01 5.144575080362919772e-01
1.251420000000000066e+01 5.130191117170472825e-01
1.252779999999999916e+01 5.127186630280642365e-01
1.254139999999999944e+01 5.126713051470275229e-01
1.255489999999999995e+01 5.124892155684964701e-01
1.256850000000000023e+01 5.121116091922477409e-01
1.258210000000000051e+01 5.113127451191786799e-01
1.259559999999999924e+01 5.106319205134117745e-01
1.260919999999999952e+01 5.099865135234573632e-01
1.262279999999999980e+01 5.082622173652266984e-01
1.263640000000000008e+01 5.017191525250265238e-01
1.264990000000000059e+01 4.923804182543909946e-01
1.266350000000000087e+01 4.936014709098384690e-01
1.267709999999999937e+01 4.941281610110356270e-01
1.269069999999999965e+01 4.944103965506779774e-01
1.270420000000000016e+01 4.949841599137466130e-01
1.271780000000000044e+01 4.957906777074094773e-01
1.273140000000000072e+01 4.967939211462007454e-01
1.274489999999999945e+01 4.985724648378543344e-01
1.275849999999999973e+01 5.012091593866496719e-01
1.277210000000000001e+01 5.045362277496476811e-01
1.278570000000000029e+01 5.087103440531645093e-01
1.279920000000000080e+01 5.127635172406808106e-01
1.281279999999999930e+01 5.167188562341242797e-01
1.282639999999999958e+01 5.212171058171538585e-01
1.283999999999999986e+01 5.266497201023618846e-01
1.285350000000000037e+01 5.322451718343508276e-01
1.286710000000000065e+01 5.440609277212613559e-01
1.288069999999999915e+01 5.398374370525408361e-01
1.289419999999999966e+01 5.398081312221686412e-01
1.290779999999999994e+01 5.521557245659467483e-01
1.292140000000000022e+01 5.253972957432054836e-01
1.293500000000000050e+01 5.248384480844783262e-01
1.294849999999999923e+01 5.240276236252479070e-01
1.296209999999999951e+01 5.250984276863539524e-01
1.297569999999999979e+01 5.278798286180066412e-01
1.298930000000000007e+01 5.315388010896595627e-01
1.300280000000000058e+01 5.359174567203859318e-01
1.301640000000000086e+01 5.407579640092092799e-01
1.302999999999999936e+01 5.453418804785391538e-01
1.304349999999999987e+01 5.495175990177210146e-01
1.305710000000000015e+01 5.530905809240203030e-01
1.307070000000000043e+01 5.559499589532410635e-01
1.308430000000000071e+01 5.584311369400956071e-01
1.309779999999999944e+01 5.607579044272343882e-01
1.311139999999999972e+01 5.636030207356783617e-01
1.312500000000000000e+01 5.670004722290769017e-01
1.313860000000000028e+01 5.693533840263131918e-01
1.315210000000000079e+01 5.719146928440739241e-01
1.316569999999999929e+01 5.705472911990386864e-01
1.317929999999999957e+01 5.676254681673040814e-01
1.319280000000000008e+01 5.632846264485398269e-01
1.320640000000000036e+01 5.590742019950194486e-01
1.322000000000000064e+01 5.551388003240634861e-01
1.323359999999999914e+01 5.551143858564573375e-01
1.324709999999999965e+01 5.564171563137932930e-01
1.326069999999999993e+01 5.567301977549197201e-01
1.327430000000000021e+01 5.562346841707996870e-01
1.328790000000000049e+01 5.546165235218405432e-01
1.330139999999999922e+01 5.516645875762675733e-01
1.331499999999999950e+01 5.464410831189925322e-01
1.332859999999999978e+01 5.412558944713958820e-01
1.334220000000000006e+01 5.369706951556928454e-01
1.335570000000000057e+01 5.328470539001483042e-01
1.336930000000000085e+01 5.289628587094392653e-01
1.338289999999999935e+01 5.255358518027164472e-01
1.339639999999999986e+01 5.231843073843522873e-01
1.341000000000000014e+01 5.191589064296762146e-01
1.342360000000000042e+01 5.155804890345934144e-01
1.343720000000000070e+01 5.130048691219639689e-01
1.345069999999999943e+01 5.125963418841343877e-01
1.346429999999999971e+01 5.120235867042094435e-01
1.347789999999999999e+01 5.113055906544908824e-01
1.349150000000000027e+01 5.123500358831025725e-01
1.350500000000000078e+01 5.175815415989789559e-01
1.351859999999999928e+01 5.253767882073661077e-01
1.353219999999999956e+01 5.148657518135620892e-01
1.354570000000000007e+01 5.153373744072831109e-01
1.355930000000000035e+01 5.116576388790955443e-01
1.357290000000000063e+01 5.053532347830477223e-01
1.358649999999999913e+01 4.975878541183168524e-01
1.359999999999999964e+01 4.892484564322868157e-01
1.361359999999999992e+01 4.830864231914082652e-01
1.362720000000000020e+01 4.828073135720004627e-01
1.364080000000000048e+01 4.829835622331347667e-01
1.365429999999999922e+01 4.848914799663233133e-01
1.366789999999999949e+01 4.912977021051350146e-01
1.368149999999999977e+01 4.840219119257671565e-01
1.369500000000000028e+01 4.787943135570618680e-01
1.370860000000000056e+01 4.751766389132266455e-01
1.372220000000000084e+01 4.706739508351499568e-01
1.373579999999999934e+01 4.659955611511426010e-01
1.374929999999999986e+01 4.615375166314193978e-01
1.376290000000000013e+01 4.587999201615771128e-01
1.377650000000000041e+01 4.567326830422823170e-01
1.379010000000000069e+01 4.552586930378833552e-01
1.380359999999999943e+01 4.537144635501310086e-01
1.381719999999999970e+01 4.498873983131543852e-01
1.383079999999999998e+01 4.447616532653058674e-01
1.384430000000000049e+01 4.386090921775741558e-01
1.385790000000000077e+01 4.297882169360516258e-01
1.387149999999999928e+01 4.190725770626438362e-01
1.388509999999999955e+01 4.087927206248210266e-01
1.389860000000000007e+01 4.017290372697138179e-01
1.391220000000000034e+01 3.977166006173066259e-01
1.392580000000000062e+01 3.956695610967838062e-01
1.393939999999999912e+01 3.950689933322442671e-01
1.395289999999999964e+01 3.906670021919537161e-01
1.396649999999999991e+01 3.893829715179433215e-01
1.398010000000000019e+01 3.867697149271197010e-01
1.399360000000000070e+01 3.784790775812179597e-01
1.400719999999999921e+01 3.825784182895755059e-01
1.402079999999999949e+01 3.866781657287339802e-01
1.403439999999999976e+01 3.914263877532058178e-01
1.404790000000000028e+01 3.970023253096102156e-01
1.406150000000000055e+01 4.037031723998133481e-01
1.407510000000000083e+01 4.105749616783097022e-01
1.408869999999999933e+01 4.168846388828696403e-01
1.410219999999999985e+01 4.227263312218833002e-01
1.411580000000000013e+01 4.286101111553233811e-01
1.412940000000000040e+01 4.345794171387244997e-01
1.414300000000000068e+01 4.404492718922998762e-01
1.415649999999999942e+01 4.462068014830751217e-01
1.417009999999999970e+01 4.519047965786389121e-01
1.418369999999999997e+01 4.577181982492600221e-01
1.419720000000000049e+01 4.641999336800669007e-01
1.421080000000000076e+01 4.714222226250866510e-01
1.422439999999999927e+01 4.788446179649105128e-01
1.423799999999999955e+01 4.876164419916039217e-01
1.425150000000000006e+01 4.965358479515126211e-01
1.426510000000000034e+01 5.061233919179128904e-01
1.427870000000000061e+01 5.095943440990888806e-01
1.429229999999999912e+01 5.157843563057814551e-01
1.430579999999999963e+01 5.210888423819982629e-01
1.431939999999999991e+01 5.253803455632453101e-01
1.433300000000000018e+01 5.293786008609087101e-01
1.434650000000000070e+01 5.344677996975752965e-01
1.436009999999999920e+01 5.413194893381978456e-01
1.437369999999999948e+01 5.507641401111369461e-01
1.438729999999999976e+01 5.499070405677406459e-01
1.440080000000000027e+01 5.566442852714501566e-01
1.441440000000000055e+01 5.597411746150002809e-01
1.442800000000000082e+01 5.607505457469190713e-01
1.444159999999999933e+01 5.600524454271919028e-01
1.445509999999999984e+01 5.571058619699567060e-01
1.446870000000000012e+01 5.601287903024567694e-01
1.448230000000000040e+01 5.700749719385229675e-01
1.449579999999999913e+01 5.774770081549338574e-01
1.450939999999999941e+01 5.835395916679817496e-01
1.452299999999999969e+01 5.886834578995349121e-01
1.453659999999999997e+01 5.933014626979233874e-01
1.455010000000000048e+01 5.976002046648815069e-01
1.456370000000000076e+01 5.998847605786932213e-01
1.457729999999999926e+01 6.005073946461770840e-01
1.459089999999999954e+01 5.999638753347611431e-01
1.460440000000000005e+01 6.006530167530594877e-01
1.461800000000000033e+01 5.999282247562278680e-01
1.463160000000000061e+01 5.941247791336978779e-01
1.464509999999999934e+01 5.927919327938557803e-01
1.465869999999999962e+01 5.926662871064559690e-01
1.467229999999999990e+01 5.947101596943678015e-01
1.468590000000000018e+01 5.963614511325801004e-01
1.469940000000000069e+01 5.998345549219800121e-01
1.471299999999999919e+01 6.088801491275275257e-01
1.472659999999999947e+01 6.155851738984977617e-01
1.474019999999999975e+01 6.076098820118641664e-01
1.475370000000000026e+01 6.160929128161205526e-01
1.476730000000000054e+01 6.419743267495980898e-01
1.478090000000000082e+01 6.054583796150800890e-01
1.479439999999999955e+01 6.164038311143299476e-01
1.480799999999999983e+01 6.219436355016119133e-01
1.482160000000000011e+01 6.257469497900602917e-01
1.483520000000000039e+01 6.285717328626706513e-01
1.484869999999999912e+01 6.307717381538393564e-01
1.486229999999999940e+01 6.330207761158563873e-01
1.487589999999999968e+01 6.360344366774067781e-01
1.488949999999999996e+01 6.386369368320989892e-01
1.490300000000000047e+01 6.396683259624840190e-01
1.491660000000000075e+01 6.394511734486176824e-01
1.493019999999999925e+01 6.384624915310272986e-01
1.494379999999999953e+01 6.379669405642640623e-01
1.495730000000000004e+01 6.391304302264348980e-01
1.497090000000000032e+01 6.376373268858761545e-01
1.498450000000000060e+01 6.372091441280312019e-01
1.499799999999999933e+01 6.362496536391912816e-01
1.501159999999999961e+01 6.359867510176426819e-01
1.502519999999999989e+01 6.385625554863448849e-01
1.503880000000000017e+01 6.334191165074091190e-01
1.505230000000000068e+01 6.263249443774207004e-01
1.506589999999999918e+01 6.148023648291902621e-01
1.507949999999999946e+01 6.055120394123167937e-01
1.509309999999999974e+01 6.033033788076849202e-01
1.510660000000000025e+01 6.004102976421750171e-01
1.512020000000000053e+01 5.978003723729261587e-01
1.513380000000000081e+01 6.001851967249856035e-01
1.514729999999999954e+01 6.157609534466469414e-01
1.516089999999999982e+01 6.629375758496998117e-01
1.517450000000000010e+01 6.127650059734841559e-01
1.518810000000000038e+01 5.702001236619242963e-01
1.520159999999999911e+01 5.794805709073973521e-01
1.521519999999999939e+01 5.615187454965766545e-01
1.522879999999999967e+01 5.554501434513292590e-01
1.524239999999999995e+01 5.485997379943792218e-01
1.525590000000000046e+01 5.439418644730955599e-01
1.526950000000000074e+01 5.483234635803055923e-01
1.528309999999999924e+01 5.528835712015625070e-01
1.529659999999999975e+01 5.590887349308302223e-01
1.531020000000000003e+01 5.682682870172228728e-01
1.532380000000000031e+01 5.832185298016832053e-01
1.533740000000000059e+01 6.059644826942403029e-01
1.535089999999999932e+01 6.218844065667292753e-01
1.536449999999999960e+01 6.320229731494069192e-01
1.537809999999999988e+01 6.381676649554766101e-01
1.539170000000000016e+01 6.412083599989706340e-01
1.540520000000000067e+01 6.419933467790187587e-01
1.541879999999999917e+01 6.415319382865225517e-01
1.543239999999999945e+01 6.416946340044928920e-01
1.544589999999999996e+01 6.435652029540639418e-01
1.545950000000000024e+01 6.458194450176413248e-01
1.547310000000000052e+01 6.402292065461407944e-01
1.548670000000000080e+01 6.326884906876008019e-01
1.550019999999999953e+01 6.340632706603691604e-01
1.551379999999999981e+01 6.422465720232117814e-01
1.552740000000000009e+01 6.243771605926451418e-01
1.554100000000000037e+01 6.221700660950955086e-01
1.555450000000000088e+01 6.212981414275804415e-01
1.556809999999999938e+01 6.200426422950007233e-01
1.558169999999999966e+01 6.185663496370832348e-01
1.559529999999999994e+01 6.187094037569442762e-01
1.560880000000000045e+01 6.093319507876948649e-01
1.562240000000000073e+01 6.064374462732378124e-01
1.563599999999999923e+01 6.056509516327399645e-01
1.564949999999999974e+01 5.888165299296451716e-01
1.566310000000000002e+01 5.817027589974579360e-01
1.567670000000000030e+01 5.740698918814690632e-01
1.569030000000000058e+01 5.693081961310311190e-01
1.570379999999999932e+01 5.686765471693682183e-01
1.571739999999999959e+01 5.675324654287324799e-01
1.573099999999999987e+01 5.660117013007881503e-01
1.574460000000000015e+01 5.633977802397922563e-01
1.575810000000000066e+01 5.588137768952441409e-01
1.577169999999999916e+01 5.550143378274114969e-01
1.578529999999999944e+01 5.497826610086857801e-01
1.579879999999999995e+01 5.402294947806556280e-01
1.581240000000000023e+01 5.325511381376244469e-01
1.582600000000000051e+01 5.336332977429987245e-01
1.583960000000000079e+01 5.335395716538651190e-01
1.585309999999999953e+01 5.329528991438470253e-01
1.586669999999999980e+01 5.321662398692355023e-01
1.588030000000000008e+01 5.312771620801074457e-01
1.589390000000000036e+01 5.304248584773942898e-01
1.590740000000000087e+01 5.294633523654340701e-01
1.592099999999999937e+01 5.282495110097895630e-01
1.593459999999999965e+01 5.268834279714806890e-01
1.594810000000000016e+01 5.253637396662831360e-01
1.596170000000000044e+01 5.236851009519223332e-01
1.597530000000000072e+01 5.217428109668671432e-01
1.598889999999999922e+01 5.188779006617845191e-01
1.600240000000000151e+01 5.159788653394061786e-01
1.601599999999999824e+01 5.160522441793415904e-01
1.602959999999999852e+01 5.249805144657108125e-01
1.604319999999999879e+01 4.999469126425216681e-01
1.605669999999999931e+01 5.091255839932471439e-01
1.607029999999999959e+01 4.890077268125617715e-01
1.608389999999999986e+01 4.994611728400913941e-01
1.609740000000000038e+01 5.246076606660310393e-01
1.611100000000000065e+01 4.809744159355622828e-01
1.612460000000000093e+01 4.833566885309715788e-01
1.613820000000000121e+01 4.828503053196824824e-01
1.615170000000000172e+01 4.821036370023357720e-01
1.616529999999999845e+01 4.822449314345388371e-01
1.617889999999999873e+01 4.858381035183579333e-01
1.619249999999999901e+01 4.795544782193449374e-01
1.620599999999999952e+01 4.711792170212379949e-01
1.621959999999999980e+01 4.735165276879506058e-01
1.623320000000000007e+01 4.754222037434058246e-01
1.624670000000000059e+01 4.777537673577377797e-01
1.626030000000000086e+01 4.812005736747174689e-01
1.627390000000000114e+01 4.840051075899698407e-01
1.628750000000000142e+01 4.875678777519393270e-01
1.630099999999999838e+01 4.917938763081218800e-01
1.631459999999999866e+01 4.967134364030117988e-01
1.632819999999999894e+01 5.033587154393803775e-01
1.634179999999999922e+01 5.033700438753589967e-01
1.635529999999999973e+01 5.074689429076172376e-01
1.636890000000000001e+01 5.130394405550962045e-01
1.638250000000000028e+01 5.113044039405043595e-01
1.639610000000000056e+01 5.084653878305147590e-01
1.640960000000000107e+01 5.077459832778752347e-01
1.642320000000000135e+01 5.093469637398168048e-01
1.643680000000000163e+01 5.116938967488535717e-01
1.645029999999999859e+01 5.144601406738258387e-01
1.646389999999999887e+01 5.175231787030798447e-01
1.647749999999999915e+01 5.205096624706240238e-01
1.649109999999999943e+01 5.231516225124878128e-01
1.650459999999999994e+01 5.275230464933799990e-01
1.651820000000000022e+01 5.269122134794030909e-01
1.653180000000000049e+01 5.327099543478974741e-01
1.654540000000000077e+01 5.381120521361812958e-01
1.655890000000000128e+01 5.435247415175581409e-01
1.657250000000000156e+01 5.485858434609311995e-01
1.658609999999999829e+01 5.534991583888790867e-01
1.659959999999999880e+01 5.583910260992290819e-01
1.661319999999999908e+01 5.634489031001433945e-01
1.662679999999999936e+01 5.685964617890562067e-01
1.664039999999999964e+01 5.738321416648093365e-01
1.665390000000000015e+01 5.788649196785085049e-01
1.666750000000000043e+01 5.839061358992416739e-01
1.668110000000000070e+01 5.889172338436174936e-01
1.669470000000000098e+01 5.939625536397805661e-01
1.670820000000000149e+01 5.990363160992451252e-01
1.672180000000000177e+01 6.046690818295135106e-01
1.673539999999999850e+01 6.107323598839903278e-01
1.674889999999999901e+01 6.137356735986478906e-01
1.676249999999999929e+01 6.168810885566016200e-01
1.677609999999999957e+01 6.194500289406110749e-01
1.678969999999999985e+01 6.215023032405899706e-01
1.680320000000000036e+01 6.237368068972328761e-01
1.681680000000000064e+01 6.264819758973065866e-01
1.683040000000000092e+01 6.270206435974277070e-01
1.684400000000000119e+01 6.286864862575340940e-01
1.685750000000000171e+01 6.307705997909109907e-01
1.687109999999999843e+01 6.334662364100245302e-01
1.688469999999999871e+01 6.313293179813808109e-01
1.689819999999999922e+01 6.160174895972857501e-01
1.691179999999999950e+01 5.973309352089881674e-01
1.692539999999999978e+01 5.893086165938090648e-01
1.693900000000000006e+01 5.891738232363478156e-01
1.695250000000000057e+01 5.879005909991019685e-01
1.696610000000000085e+01 5.871727990439211675e-01
1.697970000000000113e+01 5.815079519326770141e-01
1.699330000000000140e+01 5.800736355398246058e-01
1.700679999999999836e+01 5.817680325614094095e-01
1.702039999999999864e+01 5.802128445504577403e-01
1.703399999999999892e+01 5.649081875316201984e-01
1.704749999999999943e+01 5.611836399835069544e-01
1.706109999999999971e+01 5.564601856794750834e-01
1.707469999999999999e+01 5.511824077795945964e-01
1.708830000000000027e+01 5.468459036077399915e-01
1.710180000000000078e+01 5.455348709545290165e-01
1.711540000000000106e+01 5.432828386619215078e-01
1.712900000000000134e+01 5.379791920309955344e-01
1.714260000000000161e+01 5.363600815108477970e-01
1.715609999999999857e+01 5.347115344037596252e-01
1.716969999999999885e+01 5.327828357935722181e-01
1.718329999999999913e+01 5.315363837584642370e-01
1.719689999999999941e+01 5.312523683769898586e-01
1.721039999999999992e+01 5.317951659557016431e-01
1.722400000000000020e+01 5.338049220455119981e-01
1.723760000000000048e+01 5.373783099874415159e-01
1.725110000000000099e+01 5.422904965331479810e-01
1.726470000000000127e+01 5.462835382472032153e-01
1.727830000000000155e+01 5.487735144015686295e-01
1.729189999999999827e+01 5.464135827830107761e-01
1.730539999999999878e+01 5.410232339037320815e-01
1.731899999999999906e+01 5.347064914638252064e-01
1.733259999999999934e+01 5.295903974899773825e-01
1.734619999999999962e+01 5.209994154241532893e-01
1.735970000000000013e+01 5.189303286896216338e-01
1.737330000000000041e+01 5.198620814480415797e-01
1.738690000000000069e+01 5.180961839803455149e-01
1.740040000000000120e+01 5.153928009931711962e-01
1.741400000000000148e+01 5.142991953943123473e-01
1.742760000000000176e+01 5.144250509837353658e-01
1.744119999999999848e+01 5.124979594193244115e-01
1.745469999999999899e+01 5.089046013482148023e-01
1.746829999999999927e+01 5.088803006001938467e-01
1.748189999999999955e+01 5.083298486173031261e-01
1.749549999999999983e+01 5.106326603382781437e-01
1.750900000000000034e+01 5.132730317843254841e-01
1.752260000000000062e+01 5.171881331258301184e-01
1.753620000000000090e+01 5.235257088757054866e-01
1.754970000000000141e+01 5.308264000795299697e-01
1.756330000000000169e+01 5.335552168259850569e-01
1.757689999999999841e+01 5.376560058030286360e-01
1.759049999999999869e+01 5.411176484113029428e-01
1.760399999999999920e+01 5.444362775590609882e-01
1.761759999999999948e+01 5.479846508719250497e-01
1.763119999999999976e+01 5.501662404152793950e-01
1.764480000000000004e+01 5.506555537576478532e-01
1.765830000000000055e+01 5.515565639676462961e-01
1.767190000000000083e+01 5.519910862578184529e-01
1.768550000000000111e+01 5.546413516577957115e-01
1.769900000000000162e+01 5.611735437840846830e-01
1.771259999999999835e+01 5.692473584225945515e-01
1.772619999999999862e+01 5.766598692086948308e-01
1.773979999999999890e+01 5.836608433891659065e-01
1.775329999999999941e+01 5.903989371059111813e-01
1.776689999999999969e+01 5.971292163666741537e-01
1.778049999999999997e+01 6.031742578079591910e-01
1.779410000000000025e+01 6.084426243863649830e-01
1.780760000000000076e+01 6.144266319811046984e-01
1.782120000000000104e+01 6.212007980717324518e-01
1.783480000000000132e+01 6.274749889268684822e-01
1.784829999999999828e+01 6.314096002321065715e-01
1.786189999999999856e+01 6.334198668911521501e-01
1.787549999999999883e+01 6.342520002599397744e-01
1.788909999999999911e+01 6.335021737492463334e-01
1.790259999999999962e+01 6.343036308373484200e-01
1.791619999999999990e+01 6.366654286227324544e-01
1.792980000000000018e+01 6.396452042740581323e-01
1.794340000000000046e+01 6.425177574958197413e-01
1.795690000000000097e+01 6.456161099721784424e-01
1.797050000000000125e+01 6.485941526107890098e-01
1.798410000000000153e+01 6.513543700539999870e-01
1.799769999999999825e+01 6.539437778344391328e-01
1.801119999999999877e+01 6.565192739359148044e-01
1.802479999999999905e+01 6.594788254309114084e-01
1.803839999999999932e+01 6.623743493757388023e-01
1.805189999999999984e+01 6.650666576841671729e-01
1.806550000000000011e+01 6.674947472621873823e-01
1.807910000000000039e+01 6.696407751243003137e-01
1.809270000000000067e+01 6.718797339704228877e-01
1.810620000000000118e+01 6.752459924391800428e-01
1.811980000000000146e+01 6.767963664873472007e-01
1.813340000000000174e+01 6.698817478650225254e-01
1.814699999999999847e+01 6.683681099963760808e-01
1.816049999999999898e+01 6.666537810929613617e-01
1.817409999999999926e+01 6.649254210888018157e-01
1.818769999999999953e+01 6.632572151858219245e-01
1.820120000000000005e+01 6.610217739986185004e-01
1.821480000000000032e+01 6.596507771939363884e-01
1.822840000000000060e+01 6.593974662949775301e-01
1.824200000000000088e+01 6.603388563353013163e-01
1.825550000000000139e+01 6.620972856061162481e-01
1.826910000000000167e+01 6.611394782254502722e-01
1.828269999999999840e+01 6.607717012782583499e-01
1.829629999999999868e+01 6.599942196610961709e-01
1.830979999999999919e+01 6.589177632673965945e-01
1.832339999999999947e+01 6.575996774542431922e-01
1.833699999999999974e+01 6.546932850435421836e-01
1.835050000000000026e+01 6.500951841197954995e-01
1.836410000000000053e+01 6.436386803783094024e-01
1.837770000000000081e+01 6.382147303875350675e-01
1.839130000000000109e+01 6.328343766625001976e-01
1.840480000000000160e+01 6.276235428988019560e-01
1.841839999999999833e+01 6.228755758573393253e-01
1.843199999999999861e+01 6.187033566434063658e-01
1.844559999999999889e+01 6.155167603627040851e-01
1.845909999999999940e+01 6.133835547163022373e-01
1.847269999999999968e+01 6.126015839330374302e-01
1.848629999999999995e+01 6.122016478983578480e-01
1.849980000000000047e+01 6.127427766490456396e-01
1.851340000000000074e+01 6.166885194174764884e-01
1.852700000000000102e+01 6.195928208371902501e-01
1.854060000000000130e+01 6.213252117054037793e-01
1.855409999999999826e+01 6.220919819836991937e-01
1.856769999999999854e+01 6.230326629654917570e-01
1.858129999999999882e+01 6.248228672380451432e-01
1.859489999999999910e+01 6.281484411130026091e-01
1.860839999999999961e+01 6.315461609460912840e-01
1.862199999999999989e+01 6.286140617078733728e-01
1.863560000000000016e+01 6.332630848986229299e-01
1.864920000000000044e+01 6.372764849108993879e-01
1.866270000000000095e+01 6.326191572912487349e-01
1.867630000000000123e+01 6.347008349156009199e-01
1.868990000000000151e+01 6.362073807450281393e-01
1.870339999999999847e+01 6.378722722706429149e-01
1.871699999999999875e+01 6.398276008684458116e-01
1.873059999999999903e+01 6.410725350862862548e-01
1.874419999999999931e+01 6.399315798216593798e-01
1.875769999999999982e+01 6.343693822130239690e-01
1.877130000000000010e+01 6.301375024059787666e-01
1.878490000000000038e+01 6.264588426402368793e-01
1.879850000000000065e+01 6.231968841424377903e-01
1.881200000000000117e+01 6.227049273525794293e-01
1.882560000000000144e+01 6.225084270002547715e-01
1.883920000000000172e+01 6.220541156573499153e-01
1.885269999999999868e+01 6.221126412176252174e-01
1.886629999999999896e+01 6.243427216825077064e-01
1.887989999999999924e+01 6.280107003158665879e-01
1.889349999999999952e+01 6.329111153660036404e-01
1.890700000000000003e+01 6.356209054957353555e-01
1.892060000000000031e+01 6.321161272207924675e-01
1.893420000000000059e+01 6.269282220305887332e-01
1.894780000000000086e+01 6.236018892500063693e-01
1.896130000000000138e+01 6.222201632754648104e-01
1.897490000000000165e+01 6.210887531919671023e-01
1.898849999999999838e+01 6.200013822737331370e-01
1.900199999999999889e+01 6.189046157945941040e-01
1.901559999999999917e+01 6.178329347395102866e-01
1.902919999999999945e+01 6.172107182094617173e-01
1.904279999999999973e+01 6.170015367314177768e-01
1.905630000000000024e+01 6.173544326290045792e-01
1.906990000000000052e+01 6.182110882987333911e-01
1.908350000000000080e+01 6.198134198492308844e-01
1.909710000000000107e+01 6.218793029111007176e-01
1.911060000000000159e+01 6.242676923375595210e-01
1.912419999999999831e+01 6.285531390220338022e-01
1.913779999999999859e+01 6.352922586448288556e-01
1.915129999999999910e+01 6.412995593747705669e-01
1.916489999999999938e+01 6.450160936125144406e-01
1.917849999999999966e+01 6.467078347418848683e-01
1.919209999999999994e+01 6.461282987883497642e-01
1.920560000000000045e+01 6.434720987150774896e-01
1.921920000000000073e+01 6.430398253348712512e-01
1.923280000000000101e+01 6.447325028385926249e-01
1.924640000000000128e+01 6.479161000310692531e-01
1.925989999999999824e+01 6.480909210795713360e-01
1.927349999999999852e+01 6.475982332644292239e-01
1.928709999999999880e+01 6.503881741095957070e-01
1.930059999999999931e+01 6.509444766028901208e-01
1.931419999999999959e+01 6.387285239223767785e-01
1.932779999999999987e+01 6.390110222579227228e-01
1.934140000000000015e+01 6.365220825758211021e-01
1.935490000000000066e+01 6.333882322417327959e-01
1.936850000000000094e+01 6.312286003199145679e-01
1.938210000000000122e+01 6.308332307123889482e-01
1.939570000000000149e+01 6.333282939015034696e-01
1.940919999999999845e+01 6.345858790090963542e-01
1.942279999999999873e+01 6.335661917025698919e-01
1.943639999999999901e+01 6.323302408345888859e-01
1.944999999999999929e+01 6.378045421382421143e-01
1.946349999999999980e+01 6.407353707990998126e-01
1.947710000000000008e+01 6.450668783799933248e-01
1.949070000000000036e+01 6.487976025193791241e-01
1.950420000000000087e+01 6.518314127410180792e-01
1.951780000000000115e+01 6.549554115345601613e-01
1.953140000000000143e+01 6.580068571668162836e-01
1.954500000000000171e+01 6.588681224243574386e-01
1.955849999999999866e+01 6.555699765240050603e-01
1.957209999999999894e+01 6.513105199153377267e-01
1.958569999999999922e+01 6.475500423578403053e-01
1.959929999999999950e+01 6.424404658165627779e-01
1.961280000000000001e+01 6.377768939140332494e-01
1.962640000000000029e+01 6.358482876340190160e-01
1.964000000000000057e+01 6.380652269222368833e-01
1.965350000000000108e+01 6.446689355513082198e-01
1.966710000000000136e+01 6.498455077493947574e-01
1.968070000000000164e+01 6.535420922339195693e-01
1.969429999999999836e+01 6.565237131381849167e-01
1.970779999999999887e+01 6.590119401330413185e-01
1.972139999999999915e+01 6.612284148511891058e-01
1.973499999999999943e+01 6.631192787797322019e-01
1.974859999999999971e+01 6.648579367112044114e-01
1.976210000000000022e+01 6.668051294068484403e-01
1.977570000000000050e+01 6.687697013303963711e-01
1.978930000000000078e+01 6.706726745491816688e-01
1.980280000000000129e+01 6.730487411667593900e-01
1.981640000000000157e+01 6.753829191649562969e-01
1.982999999999999829e+01 6.781293951541830234e-01
1.984359999999999857e+01 6.815592676014717854e-01
1.985709999999999908e+01 6.851403154555782971e-01
1.987069999999999936e+01 6.881203771702530947e-01
1.988429999999999964e+01 6.907820047044097578e-01
1.989789999999999992e+01 6.936029388437046084e-01
1.991140000000000043e+01 6.964956822314702922e-01
1.992500000000000071e+01 6.989239238992978054e-01
1.993860000000000099e+01 7.010281337978386818e-01
1.995210000000000150e+01 7.028623142269468937e-01
1.996569999999999823e+01 7.045303451482924917e-01
1.997929999999999851e+01 7.059861011969703615e-01
1.999289999999999878e+01 7.070314570293053658e-01
2.000639999999999930e+01 7.077707954958705194e-01
2.001999999999999957e+01 7.081536743098109099e-01
2.003359999999999985e+01 7.082829933234517927e-01
2.004720000000000013e+01 7.081132728472809834e-01
2.006070000000000064e+01 7.074886606585095716e-01
2.007430000000000092e+01 7.070420133375969751e-01
2.008790000000000120e+01 7.051196183485167746e-01
2.010140000000000171e+01 6.991611117588274471e-01
2.011499999999999844e+01 6.946219446281391985e-01
2.012859999999999872e+01 6.865683954070151973e-01
2.014219999999999899e+01 6.853112072320894921e-01
2.015569999999999951e+01 6.836417545965005615e-01
2.016929999999999978e+01 6.884836885799399120e-01
2.018290000000000006e+01 6.911786493809839449e-01
2.019650000000000034e+01 6.942889457525736052e-01
2.021000000000000085e+01 6.981598047390031869e-01
2.022360000000000113e+01 7.011651966167218308e-01
2.023720000000000141e+01 7.017058499077992728e-01
2.025080000000000169e+01 7.013054018654554245e-01
2.026429999999999865e+01 6.986768993386798243e-01
2.027789999999999893e+01 6.866760191133585156e-01
2.029149999999999920e+01 6.751744771121012123e-01
2.030499999999999972e+01 6.849765934721683269e-01
2.031859999999999999e+01 6.906685455461644141e-01
2.033220000000000027e+01 6.941805523440486292e-01
2.034580000000000055e+01 6.961814947854043645e-01
2.035930000000000106e+01 6.973168983940383203e-01
2.037290000000000134e+01 6.987351532305884350e-01
2.038650000000000162e+01 6.998929607778914264e-01
2.040009999999999835e+01 6.999207807322234132e-01
2.041359999999999886e+01 6.997035868785849155e-01
2.042719999999999914e+01 6.989979581562885125e-01
2.044079999999999941e+01 6.978888004669570044e-01
2.045429999999999993e+01 6.966012068174267657e-01
2.046790000000000020e+01 6.956280547040206708e-01
2.048150000000000048e+01 6.952107992997000885e-01
2.049510000000000076e+01 6.954054202996419187e-01
2.050860000000000127e+01 6.961084161487948174e-01
2.052220000000000155e+01 6.975864923585530786e-01
2.053579999999999828e+01 6.996245309290697323e-01
2.054939999999999856e+01 7.036990076766083124e-01
2.056289999999999907e+01 7.076595018458891051e-01
2.057649999999999935e+01 7.007170402485789484e-01
2.059009999999999962e+01 6.966488750389776552e-01
2.060360000000000014e+01 6.975107270137584914e-01
2.061720000000000041e+01 6.980292753885045665e-01
2.063080000000000069e+01 6.981278000154875762e-01
2.064440000000000097e+01 6.961825904583186508e-01
2.065790000000000148e+01 6.941441794217559913e-01
2.067150000000000176e+01 6.943689154787532347e-01
2.068509999999999849e+01 6.967184892748262692e-01
2.069869999999999877e+01 6.989114535849785259e-01
2.071219999999999928e+01 7.009485783002908921e-01
2.072579999999999956e+01 7.033950978908963814e-01
2.073939999999999984e+01 7.051028868573993025e-01
2.075290000000000035e+01 7.054838554858232635e-01
2.076650000000000063e+01 7.048538858860819989e-01
2.078010000000000090e+01 7.040595630498984736e-01
2.079370000000000118e+01 7.032288426600722397e-01
2.080720000000000169e+01 7.025488558235120085e-01
2.082079999999999842e+01 7.030359669871433237e-01
2.083439999999999870e+01 7.038326987880477725e-01
2.084799999999999898e+01 7.042081424269794887e-01
2.086149999999999949e+01 7.031880331343597357e-01
2.087509999999999977e+01 7.015925756825952542e-01
2.088870000000000005e+01 7.002194111206355709e-01
2.090230000000000032e+01 6.992427594506258615e-01
2.091580000000000084e+01 6.993317858763279382e-01
2.092940000000000111e+01 7.030694291327559409e-01
2.094300000000000139e+01 7.056078878420026790e-01
2.095649999999999835e+01 7.079062267286702070e-01
2.097009999999999863e+01 7.101493637349212129e-01
2.098369999999999891e+01 7.129816030133404592e-01
2.099729999999999919e+01 7.161744412911328350e-01
2.101079999999999970e+01 7.192209419259013581e-01
2.102439999999999998e+01 7.226269347714719959e-01
2.103800000000000026e+01 7.239860496465375661e-01
2.105160000000000053e+01 7.207822739998928085e-01
2.106510000000000105e+01 7.188901530675632090e-01
2.107870000000000132e+01 7.162074479563563800e-01
2.109230000000000160e+01 7.134460200723161671e-01
2.110579999999999856e+01 7.124547922266695199e-01
2.111939999999999884e+01 7.143844473324316713e-01
2.113299999999999912e+01 7.162698117634130890e-01
2.114659999999999940e+01 7.181211594355235706e-01
2.116009999999999991e+01 7.204758161120501381e-01
2.117370000000000019e+01 7.215172664210722786e-01
2.118730000000000047e+01 7.186873390139526530e-01
2.120090000000000074e+01 7.188778079593605153e-01
2.121440000000000126e+01 7.204010846535885415e-01
2.122800000000000153e+01 7.230159169214378512e-01
2.124159999999999826e+01 7.267583549518901176e-01
2.125509999999999877e+01 7.302976164399407333e-01
2.126869999999999905e+01 7.311356095123782151e-01
2.128229999999999933e+01 7.264498098716624108e-01
2.129589999999999961e+01 7.176861402381793376e-01
2.130940000000000012e+01 7.129365847182468352e-01
2.132300000000000040e+01 7.116526999146419730e-01
2.133660000000000068e+01 7.085079116688032252e-01
2.135020000000000095e+01 7.050880242943754483e-01
2.136370000000000147e+01 6.936125652078017900e-01
2.137730000000000175e+01 6.896150384663389810e-01
2.139089999999999847e+01 6.880180507764872555e-01
2.140439999999999898e+01 6.881743008942963202e-01
2.141799999999999926e+01 6.887000892929290297e-01
2.143159999999999954e+01 6.899732539587133395e-01
2.144519999999999982e+01 6.917709579287614208e-01
2.145870000000000033e+01 6.931573262122563417e-01
2.147230000000000061e+01 6.939827527857158618e-01
2.148590000000000089e+01 6.961880746948829746e-01
2.149950000000000117e+01 6.959269032801459476e-01
2.151300000000000168e+01 6.794177743434361982e-01
2.152659999999999840e+01 6.750665423840419566e-01
2.154019999999999868e+01 6.868885807160529655e-01
2.155369999999999919e+01 6.959594081941263832e-01
2.156729999999999947e+01 7.063275890274289814e-01
2.158089999999999975e+01 7.122531235280704642e-01
2.159450000000000003e+01 7.066184323886403051e-01
2.160800000000000054e+01 7.102815545761164140e-01
2.162160000000000082e+01 7.153082429108034157e-01
2.163520000000000110e+01 7.197799522263566008e-01
2.164880000000000138e+01 7.235647796307440593e-01
2.166229999999999833e+01 7.299449826385884244e-01
2.167589999999999861e+01 7.380155880659515777e-01
2.168949999999999889e+01 7.425684431914592043e-01
2.170309999999999917e+01 7.428847427684555083e-01
2.171659999999999968e+01 7.384982891883677958e-01
2.173019999999999996e+01 7.323947651166708983e-01
2.174380000000000024e+01 7.246874601188194598e-01
2.175730000000000075e+01 7.173330836875321248e-01
2.177090000000000103e+01 7.118809312599770900e-01
2.178450000000000131e+01 7.087990969674242692e-01
2.179810000000000159e+01 7.088880918667661568e-01
2.181159999999999854e+01 7.098097419312866529e-01
2.182519999999999882e+01 7.109685679095216759e-01
2.183879999999999910e+01 7.122188619108871244e-01
2.185239999999999938e+01 7.139210810322336176e-01
2.186589999999999989e+01 7.153817347884180444e-01
2.187950000000000017e+01 7.143713939897043952e-01
2.189310000000000045e+01 7.113887595232261107e-01
2.190660000000000096e+01 7.072363052881591727e-01
2.192020000000000124e+01 7.024980740838185911e-01
2.193380000000000152e+01 6.976685630295593743e-01
2.194739999999999824e+01 6.935931747241619316e-01
2.196089999999999876e+01 6.911519970443192884e-01
2.197449999999999903e+01 6.904090692421458453e-01
2.198809999999999931e+01 6.895064382376153711e-01
2.200169999999999959e+01 6.863446361358841452e-01
2.201520000000000010e+01 6.852241768316799098e-01
2.202880000000000038e+01 6.815138307101096249e-01
2.204240000000000066e+01 6.780672055968951506e-01
2.205590000000000117e+01 6.779638742384973549e-01
2.206950000000000145e+01 6.776884894700252460e-01
2.208310000000000173e+01 6.759957504269566986e-01
2.209669999999999845e+01 6.766361494506616392e-01
2.211019999999999897e+01 6.802029041718760105e-01
2.212379999999999924e+01 6.856852580214006787e-01
2.213739999999999952e+01 6.919129009095037475e-01
2.215099999999999980e+01 6.916085075798688031e-01
2.216450000000000031e+01 6.750860712824173770e-01
2.217810000000000059e+01 6.753202161929739988e-01
2.219170000000000087e+01 6.784890907178044994e-01
2.220520000000000138e+01 6.822782412887266057e-01
2.221880000000000166e+01 6.876809103242327303e-01
2.223239999999999839e+01 6.943469562612893942e-01
2.224599999999999866e+01 7.000182514166609637e-01
2.225949999999999918e+01 7.060662052829258517e-01
2.227309999999999945e+01 7.214369958085244949e-01
2.228669999999999973e+01 7.219843084040414860e-01
2.230030000000000001e+01 6.902725128775879515e-01
2.231380000000000052e+01 6.991778514109783238e-01
2.232740000000000080e+01 7.053216463051701357e-01
2.234100000000000108e+01 7.085004416266867944e-01
2.235450000000000159e+01 7.067711681360615561e-01
2.236809999999999832e+01 7.056213898380395699e-01
2.238169999999999860e+01 7.045816592419804625e-01
2.239529999999999887e+01 7.047743647566697689e-01
2.240879999999999939e+01 7.072852165416032566e-01
2.242239999999999966e+01 7.117775999245093965e-01
2.243599999999999994e+01 7.155668075805495798e-01
2.244960000000000022e+01 7.125761098266862881e-01
2.246310000000000073e+01 7.054955024391482699e-01
2.247670000000000101e+01 6.997860640026356549e-01
2.249030000000000129e+01 6.918435371990924176e-01
2.250390000000000157e+01 6.839294467291902047e-01
2.251739999999999853e+01 6.785280027464739572e-01
2.253099999999999881e+01 6.769055171123519177e-01
2.254459999999999908e+01 6.772598610177215095e-01
2.255809999999999960e+01 6.779566707272405290e-01
2.257169999999999987e+01 6.791903786074950933e-01
2.258530000000000015e+01 6.807485885486594945e-01
2.259890000000000043e+01 6.827930461092128755e-01
2.261240000000000094e+01 6.850185506894455045e-01
2.262600000000000122e+01 6.875435068502057101e-01
2.263960000000000150e+01 6.903178386739218242e-01
2.265319999999999823e+01 6.932048239573485038e-01
2.266669999999999874e+01 6.957981591473935135e-01
2.268029999999999902e+01 6.978292381171609104e-01
2.269389999999999930e+01 6.995917925147276950e-01
2.270739999999999981e+01 7.011697010790383100e-01
2.272100000000000009e+01 7.024956385555778393e-01
2.273460000000000036e+01 7.035582234223656251e-01
2.274820000000000064e+01 7.042510078474509827e-01
2.276170000000000115e+01 7.047251028453459520e-01
2.277530000000000143e+01 7.049942372594475426e-01
2.278890000000000171e+01 7.049372561635323109e-01
2.280249999999999844e+01 7.047322169186120977e-01
2.281599999999999895e+01 7.045555512807324394e-01
2.282959999999999923e+01 7.046434883142521644e-01
2.284319999999999951e+01 7.055217519076016908e-01
2.285670000000000002e+01 7.060678686296256723e-01
2.287030000000000030e+01 7.055673252494476522e-01
2.288390000000000057e+01 7.057949279694100131e-01
2.289750000000000085e+01 7.052874041963288487e-01
2.291100000000000136e+01 7.045764305644690584e-01
2.292460000000000164e+01 7.036194191168904100e-01
2.293819999999999837e+01 7.023873476535829052e-01
2.295179999999999865e+01 7.006871467702586731e-01
2.296529999999999916e+01 6.980605937874712064e-01
2.297889999999999944e+01 6.956535506801506674e-01
2.299249999999999972e+01 6.962628153898543504e-01
2.300600000000000023e+01 6.970188577983302824e-01
2.301960000000000051e+01 6.976722555785702662e-01
2.303320000000000078e+01 6.978985762063105724e-01
2.304680000000000106e+01 6.983045689040905390e-01
2.306030000000000157e+01 6.988498603242742080e-01
2.307389999999999830e+01 6.992331531910905840e-01
2.308749999999999858e+01 6.996059413172888153e-01
2.310109999999999886e+01 7.000618619113008201e-01
2.311459999999999937e+01 7.005074962099372415e-01
2.312819999999999965e+01 7.010594516425784350e-01
2.314179999999999993e+01 7.015548008803167424e-01
2.315530000000000044e+01 7.019933013953375545e-01
2.316890000000000072e+01 7.024325492360184997e-01
2.318250000000000099e+01 7.028032696423848202e-01
2.319610000000000127e+01 7.030928134422274045e-01
2.320959999999999823e+01 7.030716153469894758e-01
2.322319999999999851e+01 7.029478802408736238e-01
2.323679999999999879e+01 7.026638810628806908e-01
2.325039999999999907e+01 7.022781229219647869e-01
2.326389999999999958e+01 7.018607293582370676e-01
2.327749999999999986e+01 7.014283051907634903e-01
2.329110000000000014e+01 7.011879791341494306e-01
2.330470000000000041e+01 7.011802771513733212e-01
2.331820000000000093e+01 7.015794580394533186e-01
2.333180000000000121e+01 7.024368775586149471e-01
2.334540000000000148e+01 7.035598842185720736e-01
2.335889999999999844e+01 7.047034312022699698e-01
2.337249999999999872e+01 7.055846015080267097e-01
2.338609999999999900e+01 7.066340192164910494e-01
2.339969999999999928e+01 7.079159734648252655e-01
2.341319999999999979e+01 7.094198169639907015e-01
2.342680000000000007e+01 7.111521995748033564e-01
2.344040000000000035e+01 7.129722359458423586e-01
2.345400000000000063e+01 7.148624223191835103e-01
2.346750000000000114e+01 7.169064665304385464e-01
2.348110000000000142e+01 7.190872195440647374e-01
2.349470000000000169e+01 7.214181109151447391e-01
2.350819999999999865e+01 7.239439425328063615e-01
2.352179999999999893e+01 7.268202408153208172e-01
2.353539999999999921e+01 7.298447781356240949e-01
2.354899999999999949e+01 7.327904582613610218e-01
2.356250000000000000e+01 7.357385531946257773e-01
2.357610000000000028e+01 7.388227143921346496e-01
2.358970000000000056e+01 7.420473270967319346e-01
2.360330000000000084e+01 7.456096241655467693e-01
2.361680000000000135e+01 7.491279896199719568e-01
2.363040000000000163e+01 7.540148826147483607e-01
2.364399999999999835e+01 7.547570998705688261e-01
2.365749999999999886e+01 7.509495501788916449e-01
2.367109999999999914e+01 7.536826975205631607e-01
2.368469999999999942e+01 7.555114772322750749e-01
2.369829999999999970e+01 7.570896729165748074e-01
2.371180000000000021e+01 7.579626142030290170e-01
2.372540000000000049e+01 7.578113530414972709e-01
2.373900000000000077e+01 7.577893727153212078e-01
2.375260000000000105e+01 7.581297325552892596e-01
2.376610000000000156e+01 7.586501622262729061e-01
2.377969999999999828e+01 7.595682444192644045e-01
2.379329999999999856e+01 7.603481245979943903e-01
2.380679999999999907e+01 7.611634195168535122e-01
2.382039999999999935e+01 7.620864185063226381e-01
2.383399999999999963e+01 7.633185687790291496e-01
2.384759999999999991e+01 7.648798159523210183e-01
2.386110000000000042e+01 7.667379935468364716e-01
2.387470000000000070e+01 7.688259722704052779e-01
2.388830000000000098e+01 7.706835493935859649e-01
2.390190000000000126e+01 7.718543250292559943e-01
2.391540000000000177e+01 7.719594261160731552e-01
2.392899999999999849e+01 7.721803812572149983e-01
2.394259999999999877e+01 7.748782833211416143e-01
2.395619999999999905e+01 7.790325396388376733e-01
2.396969999999999956e+01 7.826021635147450972e-01
2.398329999999999984e+01 7.860424441642537285e-01
2.399690000000000012e+01 7.896941949025120255e-01
2.401040000000000063e+01 7.936111170542515802e-01
2.402400000000000091e+01 7.979890166345625646e-01
2.403760000000000119e+01 8.027626039644292222e-01
2.405120000000000147e+01 8.077009488743499555e-01
2.406469999999999843e+01 8.114646945200192363e-01
2.407829999999999870e+01 8.120653393955556965e-01
2.409189999999999898e+01 8.109650852396962373e-01
2.410549999999999926e+01 8.081577208772744436e-01
2.411899999999999977e+01 8.024734295678316309e-01
2.413260000000000005e+01 7.943476134166778113e-01
2.414620000000000033e+01 7.848507427388018431e-01
2.415970000000000084e+01 7.772273011926605912e-01
2.417330000000000112e+01 7.772320646803373423e-01
2.418690000000000140e+01 7.811653963818010471e-01
2.420050000000000168e+01 7.846516087555386321e-01
2.421399999999999864e+01 7.872092226327493947e-01
2.422759999999999891e+01 7.884256487363476840e-01
2.424119999999999919e+01 7.902884426352750902e-01
2.425479999999999947e+01 7.926674499445549582e-01
2.426829999999999998e+01 7.941628057077815273e-01
2.428190000000000026e+01 7.940364529241948910e-01
2.429550000000000054e+01 7.954464221222182774e-01
2.430900000000000105e+01 7.965489685162685518e-01
2.432260000000000133e+01 7.973473998038174138e-01
2.433620000000000161e+01 7.985815233458432028e-01
2.434979999999999833e+01 7.997382261840574325e-01
2.436329999999999885e+01 8.003785946737888013e-01
2.437689999999999912e+01 8.000162382883099221e-01
2.439049999999999940e+01 7.984112447447900829e-01
2.440409999999999968e+01 7.971866607387421144e-01
2.441760000000000019e+01 7.962941439265451837e-01
2.443120000000000047e+01 7.968573864581085520e-01
2.444480000000000075e+01 7.954107102424909925e-01
2.445830000000000126e+01 7.915903165539197595e-01
2.447190000000000154e+01 7.932414619244371190e-01
2.448549999999999827e+01 7.883441520240481726e-01
2.449909999999999854e+01 7.826356072185333135e-01
2.451259999999999906e+01 7.782176508664691017e-01
2.452619999999999933e+01 7.731288956225343956e-01
2.453979999999999961e+01 7.665151718225127198e-01
2.455339999999999989e+01 7.603954051644374879e-01
2.456690000000000040e+01 7.583533263566473170e-01
2.458050000000000068e+01 7.550128480258090358e-01
2.459410000000000096e+01 7.512303694721530478e-01
2.460760000000000147e+01 7.490612059879915297e-01
2.462120000000000175e+01 7.467620634101562738e-01
2.463479999999999848e+01 7.395304731818319599e-01
2.464839999999999876e+01 7.286685246659173609e-01
2.466189999999999927e+01 7.220458388782156067e-01
2.467549999999999955e+01 7.234425125222132547e-01
2.468909999999999982e+01 7.267089666397317238e-01
2.470270000000000010e+01 7.286895695037893805e-01
2.471620000000000061e+01 7.305457983765879515e-01
2.472980000000000089e+01 7.325266685333990946e-01
2.474340000000000117e+01 7.344471983422158345e-01
2.475700000000000145e+01 7.363030475501364247e-01
2.477049999999999841e+01 7.379627096803048625e-01
2.478409999999999869e+01 7.395792179317292048e-01
2.479769999999999897e+01 7.417926829106461506e-01
2.481119999999999948e+01 7.447747421881072416e-01
2.482479999999999976e+01 7.465681020445416038e-01
2.483840000000000003e+01 7.484811298832536597e-01
2.485200000000000031e+01 7.517193982631861227e-01
2.486550000000000082e+01 7.540354615617339551e-01
2.487910000000000110e+01 7.553162797074356449e-01
2.489270000000000138e+01 7.564104300940549530e-01
2.490630000000000166e+01 7.585143374445948439e-01
2.491979999999999862e+01 7.603084586991197824e-01
2.493339999999999890e+01 7.591238033506444438e-01
2.494699999999999918e+01 7.595488443873401607e-01
2.496049999999999969e+01 7.599966258585264534e-01
2.497409999999999997e+01 7.602422154988679459e-01
2.498770000000000024e+01 7.603500531230511505e-01
2.500130000000000052e+01 7.604930888414173085e-01
2.501480000000000103e+01 7.606019299919891674e-01
2.502840000000000131e+01 7.605487828329906552e-01
2.504200000000000159e+01 7.602740203326343593e-01
2.505559999999999832e+01 7.599358083636974515e-01
2.506909999999999883e+01 7.594495020163006815e-01
2.508269999999999911e+01 7.588351171790272964e-01
2.509629999999999939e+01 7.580614337361885058e-01
2.510979999999999990e+01 7.572770963812562872e-01
2.512340000000000018e+01 7.564175306975864377e-01
2.513700000000000045e+01 7.554179207543324504e-01
2.515060000000000073e+01 7.544067798377143141e-01
2.516410000000000124e+01 7.532546878423580505e-01
2.517770000000000152e+01 7.519289928245038723e-01
2.519129999999999825e+01 7.506880335134514803e-01
2.520489999999999853e+01 7.494228116590627709e-01
2.521839999999999904e+01 7.480689852976132315e-01
2.523199999999999932e+01 7.464298470037770139e-01
2.524559999999999960e+01 7.442648188168459189e-01
2.525910000000000011e+01 7.418659227718260585e-01
2.527270000000000039e+01 7.399003855374669536e-01
2.528630000000000067e+01 7.380985188747032355e-01
2.529990000000000094e+01 7.364877917222796277e-01
2.531340000000000146e+01 7.353246307222388589e-01
2.532700000000000173e+01 7.345674165042878068e-01
2.534059999999999846e+01 7.343130726576954093e-01
2.535419999999999874e+01 7.349575371287865311e-01
2.536769999999999925e+01 7.360258278550838584e-01
2.538129999999999953e+01 7.363109420200961708e-01
2.539489999999999981e+01 7.344905703754577297e-01
2.540840000000000032e+01 7.322263407016877945e-01
2.542200000000000060e+01 7.327473933667346673e-01
2.543560000000000088e+01 7.338164831772111540e-01
2.544920000000000115e+01 7.354102182257717946e-01
2.546270000000000167e+01 7.374862084531301765e-01
2.547629999999999839e+01 7.397311561092430043e-01
2.548989999999999867e+01 7.419445496893002368e-01
2.550349999999999895e+01 7.441017324188209381e-01
2.551699999999999946e+01 7.460537788100414236e-01
2.553059999999999974e+01 7.465388172941638256e-01
2.554420000000000002e+01 7.465933745736693661e-01
2.555780000000000030e+01 7.477233135461136548e-01
2.557130000000000081e+01 7.479326786416482520e-01
2.558490000000000109e+01 7.482168929401744606e-01
2.559850000000000136e+01 7.486257329341290401e-01
2.561199999999999832e+01 7.494552810268768628e-01
2.562559999999999860e+01 7.510367621459949072e-01
2.563919999999999888e+01 7.530194476379478141e-01
2.565279999999999916e+01 7.542812820478241864e-01
2.566629999999999967e+01 7.560171270914995967e-01
2.567989999999999995e+01 7.593168651220114640e-01
2.569350000000000023e+01 7.621984409133599758e-01
2.570710000000000051e+01 7.646911887458808232e-01
2.572060000000000102e+01 7.671279064121213631e-01
2.573420000000000130e+01 7.695624829666561917e-01
2.574780000000000157e+01 7.716802817202381704e-01
2.576129999999999853e+01 7.727235562265397650e-01
2.577489999999999881e+01 7.732721122189516461e-01
2.578849999999999909e+01 7.735876684666834757e-01
2.580209999999999937e+01 7.737277058078311232e-01
2.581559999999999988e+01 7.739484030494090394e-01
2.582920000000000016e+01 7.743903133373499781e-01
2.584280000000000044e+01 7.751299181635996627e-01
2.585640000000000072e+01 7.763539077081693662e-01
2.586990000000000123e+01 7.785143164824195328e-01
2.588350000000000151e+01 7.811729053738877271e-01
2.589709999999999823e+01 7.833319827361169274e-01
2.591059999999999874e+01 7.852379997120675359e-01
2.592419999999999902e+01 7.870876500380467045e-01
2.593779999999999930e+01 7.884970489072349320e-01
2.595139999999999958e+01 7.896162728395250685e-01
2.596490000000000009e+01 7.908477752526059668e-01
2.597850000000000037e+01 7.918279829161002370e-01
2.599210000000000065e+01 7.926830628509852206e-01
2.600570000000000093e+01 7.934017174976051301e-01
2.601920000000000144e+01 7.939334634994118511e-01
2.603280000000000172e+01 7.942104010641900524e-01
2.604639999999999844e+01 7.945462966120140358e-01
2.605989999999999895e+01 7.943992013933717233e-01
2.607349999999999923e+01 7.941420072493979854e-01
2.608709999999999951e+01 7.948076992240401539e-01
2.610069999999999979e+01 7.951361991029323173e-01
2.611420000000000030e+01 7.966133491504079345e-01
2.612780000000000058e+01 7.991554402626166453e-01
2.614140000000000086e+01 8.015158740834152917e-01
2.615500000000000114e+01 8.034274795622438070e-01
2.616850000000000165e+01 8.052935175658216815e-01
2.618209999999999837e+01 8.074925082660074915e-01
2.619569999999999865e+01 8.095433652938042179e-01
2.620919999999999916e+01 8.112915339973755247e-01
2.622279999999999944e+01 8.130320779665530795e-01
2.623639999999999972e+01 8.147222359496546495e-01
2.625000000000000000e+01 8.163691486769880656e-01
2.626350000000000051e+01 8.180345992099524732e-01
2.627710000000000079e+01 8.195579282755487416e-01
2.629070000000000107e+01 8.209230662912478937e-01
2.630430000000000135e+01 8.221190102634935437e-01
2.631779999999999831e+01 8.232211014505993463e-01
2.633139999999999858e+01 8.241261970085546062e-01
2.634499999999999886e+01 8.248164803964628256e-01
2.635859999999999914e+01 8.252130783610729381e-01
2.637209999999999965e+01 8.251406824759710545e-01
2.638569999999999993e+01 8.249246412153407038e-01
2.639930000000000021e+01 8.245415427989826185e-01
2.641280000000000072e+01 8.229176662472799109e-01
2.642640000000000100e+01 8.191104043100327914e-01
2.644000000000000128e+01 8.133099670385212088e-01
2.645360000000000156e+01 8.079485284926968269e-01
2.646709999999999852e+01 8.058118572998363982e-01
2.648069999999999879e+01 8.045915470193556462e-01
2.649429999999999907e+01 8.024343261059506682e-01
2.650789999999999935e+01 8.000509992890834088e-01
2.652139999999999986e+01 7.971324561415659149e-01
2.653500000000000014e+01 7.933897677613371835e-01
2.654860000000000042e+01 7.901353268929203200e-01
2.656210000000000093e+01 7.891968448181534423e-01
2.657570000000000121e+01 7.890907271218481345e-01
2.658930000000000149e+01 7.887660917762986390e-01
2.660290000000000177e+01 7.885707704033129151e-01
2.661639999999999873e+01 7.882729747757954986e-01
2.662999999999999901e+01 7.894952392696757970e-01
2.664359999999999928e+01 7.912023715261172763e-01
2.665719999999999956e+01 7.933638029310741135e-01
2.667070000000000007e+01 7.982744571979424331e-01
2.668430000000000035e+01 8.033524518509819190e-01
2.669790000000000063e+01 8.015123495668069475e-01
2.671140000000000114e+01 7.947231775230072515e-01
2.672500000000000142e+01 7.908612645397617991e-01
2.673860000000000170e+01 7.890368605391350210e-01
2.675219999999999843e+01 7.852848962350755802e-01
2.676569999999999894e+01 7.806877051449095939e-01
2.677929999999999922e+01 7.765829786291791326e-01
2.679289999999999949e+01 7.743255444294663281e-01
2.680649999999999977e+01 7.716005356117667802e-01
2.682000000000000028e+01 7.678380688337711479e-01
2.683360000000000056e+01 7.670925355510910260e-01
2.684720000000000084e+01 7.716873694612493839e-01
2.686070000000000135e+01 7.784762354837244658e-01
2.687430000000000163e+01 7.811115436313472715e-01
2.688789999999999836e+01 7.752041829346034696e-01
2.690149999999999864e+01 7.694426927756408130e-01
2.691499999999999915e+01 7.662685149657941786e-01
2.692859999999999943e+01 7.639129718308282913e-01
2.694219999999999970e+01 7.614880569377501240e-01
2.695579999999999998e+01 7.586804446121512280e-01
2.696930000000000049e+01 7.562503917047493918e-01
2.698290000000000077e+01 7.544967922767338298e-01
2.699650000000000105e+01 7.531996168600217922e-01
2.701010000000000133e+01 7.522531255866986566e-01
2.702359999999999829e+01 7.516584902191256745e-01
2.703719999999999857e+01 7.512113335686190219e-01
2.705079999999999885e+01 7.512915668105458744e-01
2.706429999999999936e+01 7.524657107062996397e-01
2.707789999999999964e+01 7.537437353102302007e-01
2.709149999999999991e+01 7.549191304662820068e-01
2.710510000000000019e+01 7.561772515042020082e-01
2.711860000000000070e+01 7.572738551434690102e-01
2.713220000000000098e+01 7.574006588231251280e-01
2.714580000000000126e+01 7.571503010721701843e-01
2.715940000000000154e+01 7.566048960925757516e-01
2.717289999999999850e+01 7.562655125546522417e-01
2.718649999999999878e+01 7.547703681979968104e-01
2.720009999999999906e+01 7.521210097938548778e-01
2.721359999999999957e+01 7.511868746483978398e-01
2.722719999999999985e+01 7.508292994314264002e-01
2.724080000000000013e+01 7.522532439507610968e-01
2.725440000000000040e+01 7.541293054390616479e-01
2.726790000000000092e+01 7.558682117227697450e-01
2.728150000000000119e+01 7.571869228058913937e-01
2.729510000000000147e+01 7.581783698471182831e-01
2.730870000000000175e+01 7.588983391248668164e-01
2.732219999999999871e+01 7.593840562963700691e-01
2.733579999999999899e+01 7.588015308633951905e-01
2.734939999999999927e+01 7.577699943924971482e-01
2.736289999999999978e+01 7.576948466783519631e-01
2.737650000000000006e+01 7.571169316590867782e-01
2.739010000000000034e+01 7.571391859569536198e-01
2.740370000000000061e+01 7.572625258220680999e-01
2.741720000000000113e+01 7.576707822182782159e-01
2.743080000000000140e+01 7.583703239418634334e-01
2.744440000000000168e+01 7.593743284563286844e-01
2.745799999999999841e+01 7.589380180716447377e-01
2.747149999999999892e+01 7.574928644202334471e-01
2.748509999999999920e+01 7.580639913091091753e-01
2.749869999999999948e+01 7.587737507653088409e-01
2.751219999999999999e+01 7.593677322929313078e-01
2.752580000000000027e+01 7.599108403373384668e-01
2.753940000000000055e+01 7.605908778183840813e-01
2.755300000000000082e+01 7.611964912360155155e-01
2.756650000000000134e+01 7.615701079197034762e-01
2.758010000000000161e+01 7.614530101707739362e-01
2.759369999999999834e+01 7.606010700164952398e-01
2.760729999999999862e+01 7.593961221549127005e-01
2.762079999999999913e+01 7.586478698966703238e-01
2.763439999999999941e+01 7.583647296175227703e-01
2.764799999999999969e+01 7.582865119924644404e-01
2.766150000000000020e+01 7.585303433108934179e-01
2.767510000000000048e+01 7.590444796446901288e-01
2.768870000000000076e+01 7.597427701063810268e-01
2.770230000000000103e+01 7.603956031934189230e-01
2.771580000000000155e+01 7.610423986118851625e-01
2.772939999999999827e+01 7.616895790218833895e-01
2.774299999999999855e+01 7.623432665250501339e-01
2.775659999999999883e+01 7.630621458489118547e-01
2.777009999999999934e+01 7.639109700053224872e-01
2.778369999999999962e+01 7.650131276898368693e-01
2.779729999999999990e+01 7.662909197187023347e-01
2.781090000000000018e+01 7.680546889863976157e-01
2.782440000000000069e+01 7.688897724024160718e-01
2.783800000000000097e+01 7.687871802928422094e-01
2.785160000000000124e+01 7.698486824229540115e-01
2.786510000000000176e+01 7.703530427628419996e-01
2.787869999999999848e+01 7.708293460629647154e-01
2.789229999999999876e+01 7.712666738447608861e-01
2.790589999999999904e+01 7.681718805957091778e-01
2.791939999999999955e+01 7.644839653827487647e-01
2.793299999999999983e+01 7.666908434579600140e-01
2.794660000000000011e+01 7.683592627736406389e-01
2.796020000000000039e+01 7.692736646557130076e-01
2.797370000000000090e+01 7.700714745757611945e-01
2.798730000000000118e+01 7.714219328752454086e-01
2.800090000000000146e+01 7.724084197405002294e-01
2.801439999999999841e+01 7.730451509280948930e-01
2.802799999999999869e+01 7.731888026179147833e-01
2.804159999999999897e+01 7.728413263828316504e-01
2.805519999999999925e+01 7.717411301701401216e-01
2.806869999999999976e+01 7.686497929326605583e-01
2.808230000000000004e+01 7.637725186824848578e-01
2.809590000000000032e+01 7.628541639334340818e-01
2.810950000000000060e+01 7.658338767712421502e-01
2.812300000000000111e+01 7.673281242013931802e-01
2.813660000000000139e+01 7.682556068180065312e-01
2.815020000000000167e+01 7.689353950928483616e-01
2.816369999999999862e+01 7.693038505071096989e-01
2.817729999999999890e+01 7.693030985163892277e-01
2.819089999999999918e+01 7.689512764745252138e-01
2.820449999999999946e+01 7.684351832868936416e-01
2.821799999999999997e+01 7.678424133237715665e-01
2.823160000000000025e+01 7.673079410260783551e-01
2.824520000000000053e+01 7.665731870270078296e-01
2.825880000000000081e+01 7.656200271226023535e-01
2.827230000000000132e+01 7.652354946598483032e-01
2.828590000000000160e+01 7.653538357829854366e-01
2.829949999999999832e+01 7.651565672308355825e-01
2.831299999999999883e+01 7.652843615863647031e-01
2.832659999999999911e+01 7.651879295648935653e-01
2.834019999999999939e+01 7.644573610500057237e-01
2.835379999999999967e+01 7.636001926299564868e-01
2.836730000000000018e+01 7.629163645712635500e-01
2.838090000000000046e+01 7.622825730199256355e-01
2.839450000000000074e+01 7.618356196142017644e-01
2.840810000000000102e+01 7.617221277181457362e-01
2.842160000000000153e+01 7.625337969877572508e-01
2.843519999999999825e+01 7.636130789092228088e-01
2.844879999999999853e+01 7.641706875980102120e-01
2.846229999999999905e+01 7.643284599659103673e-01
2.847589999999999932e+01 7.643893262583386639e-01
2.848949999999999960e+01 7.644380034925674083e-01
2.850309999999999988e+01 7.649314335410585253e-01
2.851660000000000039e+01 7.661398634222258419e-01
2.853020000000000067e+01 7.676332999207239327e-01
2.854380000000000095e+01 7.691532817200270600e-01
2.855740000000000123e+01 7.705807645654225713e-01
2.857090000000000174e+01 7.716829118423774725e-01
2.858449999999999847e+01 7.726545541439462372e-01
2.859809999999999874e+01 7.735000848994345590e-01
2.861169999999999902e+01 7.742160154948107831e-01
2.862519999999999953e+01 7.748669999728232671e-01
2.863879999999999981e+01 7.752840304078888467e-01
2.865240000000000009e+01 7.754728189946495931e-01
2.866590000000000060e+01 7.755370519627451387e-01
2.867950000000000088e+01 7.755777683205040685e-01
2.869310000000000116e+01 7.757278550244871562e-01
2.870670000000000144e+01 7.760032443966645710e-01
2.872019999999999840e+01 7.764608429360038144e-01
2.873379999999999868e+01 7.774716428621686326e-01
2.874739999999999895e+01 7.789237376032951410e-01
2.876099999999999923e+01 7.802026787189899615e-01
2.877449999999999974e+01 7.814795516346277893e-01
2.878810000000000002e+01 7.827045436650977850e-01
2.880170000000000030e+01 7.838780191824723520e-01
2.881520000000000081e+01 7.848065267773162157e-01
2.882880000000000109e+01 7.856147118449274824e-01
2.884240000000000137e+01 7.862180242411420661e-01
2.885600000000000165e+01 7.868322504201172851e-01
2.886949999999999861e+01 7.872122684740259224e-01
2.888309999999999889e+01 7.872023117671292924e-01
2.889669999999999916e+01 7.869878776546352928e-01
2.891029999999999944e+01 7.866909282601526332e-01
2.892379999999999995e+01 7.863267328511587273e-01
2.893740000000000023e+01 7.858158931532576164e-01
2.895100000000000051e+01 7.855034863288731239e-01
2.896450000000000102e+01 7.855092057726121846e-01
2.897810000000000130e+01 7.868119947494643940e-01
2.899170000000000158e+01 7.891393114901009698e-01
2.900529999999999831e+01 7.906782392181789243e-01
2.901879999999999882e+01 7.914768067408854968e-01
2.903239999999999910e+01 7.917121572210026326e-01
2.904599999999999937e+01 7.916466092986512715e-01
2.905959999999999965e+01 7.916492279059510473e-01
2.907310000000000016e+01 7.915986900943569049e-01
2.908670000000000044e+01 7.913784693595481423e-01
2.910030000000000072e+01 7.907833365608354370e-01
2.911380000000000123e+01 7.898711392328796599e-01
2.912740000000000151e+01 7.885098887663165579e-01
2.914099999999999824e+01 7.867993290611959845e-01
2.915459999999999852e+01 7.847405265676361541e-01
2.916809999999999903e+01 7.826237298966770561e-01
2.918169999999999931e+01 7.805991255036183185e-01
2.919529999999999959e+01 7.796938176235542750e-01
2.920889999999999986e+01 7.809882007322686004e-01
2.922240000000000038e+01 7.828216604562259207e-01
2.923600000000000065e+01 7.832251499209887946e-01
2.924960000000000093e+01 7.818357826858518544e-01
2.926320000000000121e+01 7.807081964623929782e-01
2.927670000000000172e+01 7.795606018821260585e-01
2.929029999999999845e+01 7.782788935138716946e-01
2.930389999999999873e+01 7.769764288382067230e-01
2.931739999999999924e+01 7.755983782682029926e-01
2.933099999999999952e+01 7.741352217854347018e-01
2.934459999999999980e+01 7.726513469886975294e-01
2.935820000000000007e+01 7.711473950410170364e-01
2.937170000000000059e+01 7.698182651901168683e-01
2.938530000000000086e+01 7.685973102157028780e-01
2.939890000000000114e+01 7.671998026533520809e-01
2.941250000000000142e+01 7.662499410303174052e-01
2.942599999999999838e+01 7.670194676823111068e-01
2.943959999999999866e+01 7.683348223697251678e-01
2.945319999999999894e+01 7.690659917955807723e-01
2.946669999999999945e+01 7.696033323276371130e-01
2.948029999999999973e+01 7.700735644221873288e-01
2.949390000000000001e+01 7.704893621055731723e-01
2.950750000000000028e+01 7.707763564170317938e-01
2.952100000000000080e+01 7.709934690954254322e-01
2.953460000000000107e+01 7.712763377036587764e-01
2.954820000000000135e+01 7.715574435283487631e-01
2.956180000000000163e+01 7.718370358027484279e-01
2.957529999999999859e+01 7.722420805488999784e-01
2.958889999999999887e+01 7.728500798290053320e-01
2.960249999999999915e+01 7.731680151468195428e-01
2.961599999999999966e+01 7.734279682446502102e-01
2.962959999999999994e+01 7.741078439622770535e-01
2.964320000000000022e+01 7.747236769665214462e-01
2.965680000000000049e+01 7.753379016570361992e-01
2.967030000000000101e+01 7.759568694490430740e-01
2.968390000000000128e+01 7.766405150482027508e-01
2.969750000000000156e+01 7.773244122821820756e-01
2.971109999999999829e+01 7.780764582602055501e-01
2.972459999999999880e+01 7.787642301816122270e-01
2.973819999999999908e+01 7.795160868639199325e-01
2.975179999999999936e+01 7.802711807474662642e-01
2.976529999999999987e+01 7.810242963604956401e-01
2.977890000000000015e+01 7.818426710405552704e-01
2.979250000000000043e+01 7.826621247181830832e-01
2.980610000000000070e+01 7.834217833351202476e-01
2.981960000000000122e+01 7.841170861745410114e-01
2.983320000000000149e+01 7.848118784451264540e-01
2.984680000000000177e+01 7.854439897438283413e-01
2.986039999999999850e+01 7.860742215082426876e-01
2.987389999999999901e+01 7.866405222467044434e-01
2.988749999999999929e+01 7.872713829574824462e-01
2.990109999999999957e+01 7.878369992674502109e-01
2.991460000000000008e+01 7.883402582900075339e-01
2.992820000000000036e+01 7.888432530067267523e-01
2.994180000000000064e+01 7.893459837081318042e-01
2.995540000000000092e+01 7.898471600097747292e-01
2.996890000000000143e+01 7.903493811826112214e-01
2.998250000000000171e+01 7.907868877230932458e-01
2.999609999999999843e+01 7.912886396790372867e-01
3.000969999999999871e+01 7.917257905728339873e-01
3.002319999999999922e+01 7.922258852959546127e-01
3.003679999999999950e+01 7.926627027816055548e-01
3.005039999999999978e+01 7.931635355559460976e-01
3.006400000000000006e+01 7.936629791385505506e-01
3.007750000000000057e+01 7.942880705340098491e-01
3.009110000000000085e+01 7.946116254360907627e-01
3.010470000000000113e+01 7.948498806529831207e-01
3.011820000000000164e+01 7.954124465235017372e-01
3.013179999999999836e+01 7.959118677927309315e-01
3.014539999999999864e+01 7.963482614335153364e-01
3.015899999999999892e+01 7.968492361574585070e-01
3.017249999999999943e+01 7.972872102244650261e-01
3.018609999999999971e+01 7.976622867958301777e-01
3.019969999999999999e+01 7.980998292828732632e-01
3.021330000000000027e+01 7.982301587788798169e-01
3.022680000000000078e+01 7.982240849081932987e-01
3.024040000000000106e+01 7.985236700218609762e-01
3.025400000000000134e+01 7.990850459397558225e-01
3.026749999999999829e+01 7.995201115706782602e-01
3.028109999999999857e+01 7.999549906447125380e-01
3.029469999999999885e+01 8.003280936957818392e-01
3.030829999999999913e+01 8.007001863814977582e-01
3.032179999999999964e+01 8.010721549402248787e-01
3.033539999999999992e+01 8.014439994102900977e-01
3.034900000000000020e+01 8.017533694567626767e-01
3.036260000000000048e+01 8.021249943574543240e-01
3.037610000000000099e+01 8.024957189778776367e-01
3.038970000000000127e+01 8.028671114811236631e-01
3.040330000000000155e+01 8.032391252212494059e-01
3.041679999999999851e+01 8.036102543629800588e-01
3.043039999999999878e+01 8.039819787581958810e-01
3.044399999999999906e+01 8.043535533549122096e-01
3.045759999999999934e+01 8.046014214835206513e-01
3.047109999999999985e+01 8.048485213842571095e-01
3.048470000000000013e+01 8.050327843466661415e-01
3.049830000000000041e+01 8.052784726936157433e-01
3.051190000000000069e+01 8.054614601548704123e-01
3.052540000000000120e+01 8.057680219011778000e-01
3.053900000000000148e+01 8.060746445931941118e-01
3.055260000000000176e+01 8.064422392069161560e-01
3.056609999999999872e+01 8.069349151285432065e-01
3.057969999999999899e+01 8.074284379325394889e-01
3.059329999999999927e+01 8.079217400582003883e-01
3.060689999999999955e+01 8.083534250593877868e-01
3.062040000000000006e+01 8.087849251819548835e-01
3.063400000000000034e+01 8.092162405766393229e-01
3.064760000000000062e+01 8.096473713943166395e-01
3.066120000000000090e+01 8.100783177859962603e-01
3.067470000000000141e+01 8.105090799028196180e-01
3.068830000000000169e+01 8.109396578960558211e-01
3.070189999999999841e+01 8.113700519171007652e-01
3.071539999999999893e+01 8.118002621174735811e-01
3.072899999999999920e+01 8.122306128950628201e-01
3.074259999999999948e+01 8.125989143636245249e-01
3.075619999999999976e+01 8.130288919774708578e-01
3.076970000000000027e+01 8.134583719398786883e-01
3.078330000000000055e+01 8.138265102152889563e-01
3.079690000000000083e+01 8.141945016007847702e-01
3.081050000000000111e+01 8.145615899705102025e-01
3.082400000000000162e+01 8.150520157357702411e-01
3.083759999999999835e+01 8.154806322294355647e-01
3.085119999999999862e+01 8.159090664345221011e-01
3.086479999999999890e+01 8.163373185034137336e-01
3.087829999999999941e+01 8.168267840552042580e-01
3.089189999999999969e+01 8.172547980630087139e-01
3.090549999999999997e+01 8.177439196352982442e-01
3.091900000000000048e+01 8.181714826130664919e-01
3.093260000000000076e+01 8.185989938678026601e-01
3.094620000000000104e+01 8.190261389705387751e-01
3.095980000000000132e+01 8.194532187939762569e-01
3.097329999999999828e+01 8.198800809883250995e-01
3.098689999999999856e+01 8.203065967996556740e-01
3.100049999999999883e+01 8.207330294320872577e-01
3.101409999999999911e+01 8.211592453924614343e-01
3.102759999999999962e+01 8.215243850001405779e-01
3.104119999999999990e+01 8.219502000924366891e-01
3.105480000000000018e+01 8.223757994295978202e-01
3.106830000000000069e+01 8.227404132265649928e-01
3.108190000000000097e+01 8.231657097508251475e-01
3.109550000000000125e+01 8.235299785816920792e-01
3.110910000000000153e+01 8.239547760452552438e-01
3.112259999999999849e+01 8.243187924990904580e-01
3.113619999999999877e+01 8.246825613580928138e-01
3.114979999999999905e+01 8.251068571062278867e-01
3.116339999999999932e+01 8.254702833700395814e-01
3.117689999999999984e+01 8.258336319630098510e-01
3.119050000000000011e+01 8.261968207620127291e-01
3.120410000000000039e+01 8.265597725039504073e-01
3.121760000000000090e+01 8.269226424484111826e-01
3.123120000000000118e+01 8.272852803745390782e-01
3.124480000000000146e+01 8.275874180059222818e-01
3.125840000000000174e+01 8.279498376253355829e-01
3.127189999999999870e+01 8.283120304875174478e-01
3.128549999999999898e+01 8.286741332598817067e-01
3.129909999999999926e+01 8.289757647470905599e-01
3.131269999999999953e+01 8.293375777233157331e-01
3.132620000000000005e+01 8.296389680034854663e-01
3.133980000000000032e+01 8.300004918782400987e-01
3.135340000000000060e+01 8.303016415291054608e-01
3.136690000000000111e+01 8.306026819933777228e-01
3.138050000000000139e+01 8.309637234139485296e-01
3.139410000000000167e+01 8.312645241537097718e-01
3.140769999999999840e+01 8.315652160857599506e-01
3.142119999999999891e+01 8.319259029441568032e-01
3.143479999999999919e+01 8.322263559142678568e-01
3.144839999999999947e+01 8.325267004534870896e-01
3.146199999999999974e+01 8.328269366791245520e-01
3.147550000000000026e+01 8.331270647082791303e-01
3.148910000000000053e+01 8.334271472766270339e-01
3.150270000000000081e+01 8.337270591957173238e-01
3.151620000000000132e+01 8.339669110760499215e-01
3.152980000000000160e+01 8.342666956909012832e-01
3.154339999999999833e+01 8.345063924325859528e-01
3.155699999999999861e+01 8.347460203458832995e-01
3.157049999999999912e+01 8.349855129268348719e-01
3.158409999999999940e+01 8.352848653121323075e-01
3.159769999999999968e+01 8.355242078506555092e-01
3.161129999999999995e+01 8.358233673462960311e-01
3.162480000000000047e+01 8.360626178706518363e-01
3.163840000000000074e+01 8.363615847823571148e-01
3.165200000000000102e+01 8.366006813882678195e-01
3.166560000000000130e+01 8.368397096812683067e-01
3.167909999999999826e+01 8.370786121792510581e-01
3.169269999999999854e+01 8.373175040711432482e-01
3.170629999999999882e+01 8.375562746381011170e-01
3.171979999999999933e+01 8.377949814679055418e-01
3.173339999999999961e+01 8.380336246076588447e-01
3.174699999999999989e+01 8.383318484544549642e-01
3.176060000000000016e+01 8.385703473956206411e-01
3.177410000000000068e+01 8.388683890097543561e-01
3.178770000000000095e+01 8.391663565445288686e-01
3.180130000000000123e+01 8.394046269422293927e-01
3.181490000000000151e+01 8.397024042132106292e-01
3.182839999999999847e+01 8.399405268170131444e-01
3.184199999999999875e+01 8.402381141836526846e-01
3.185559999999999903e+01 8.404761082129417193e-01
3.186909999999999954e+01 8.407734870850085418e-01
3.188269999999999982e+01 8.410113296223094004e-01
3.189630000000000010e+01 8.413085382385792066e-01
3.190990000000000038e+01 8.415462148751455818e-01
3.192340000000000089e+01 8.418432346632418461e-01
3.193700000000000117e+01 8.420807750627968824e-01
3.195060000000000144e+01 8.423775959107923095e-01
3.196420000000000172e+01 8.426149856752529477e-01
3.197769999999999868e+01 8.429116288642571897e-01
3.199129999999999896e+01 8.432081676933027570e-01
3.200489999999999924e+01 8.434453174416212118e-01
3.201839999999999975e+01 8.436824067812618289e-01
3.203199999999999648e+01 8.439786747956118385e-01
3.204560000000000031e+01 8.442156143472987484e-01
3.205919999999999703e+01 8.444524874176281282e-01
3.207269999999999754e+01 8.446892940625293500e-01
3.208630000000000138e+01 8.449852090429750273e-01
3.209989999999999810e+01 8.452218664347486143e-01
3.211350000000000193e+01 8.454584575823235193e-01
3.212700000000000244e+01 8.456949825412976018e-01
3.214059999999999917e+01 8.459314413671901178e-01
3.215420000000000300e+01 8.461678341154430516e-01
3.216770000000000351e+01 8.464041608414213380e-01
3.218130000000000024e+01 8.466404216004118632e-01
3.219489999999999696e+01 8.468766164476250191e-01
3.220850000000000080e+01 8.471127454381943700e-01
3.222200000000000131e+01 8.473488086271757647e-01
3.223559999999999803e+01 8.475848060695493347e-01
3.224920000000000186e+01 8.478207378202180511e-01
3.226279999999999859e+01 8.480566039340088347e-01
3.227629999999999910e+01 8.482924044656725560e-01
3.228990000000000293e+01 8.485281394698835911e-01
3.230349999999999966e+01 8.487638090012403769e-01
3.231710000000000349e+01 8.489405182159993624e-01
3.233059999999999690e+01 8.491760733010118578e-01
3.234420000000000073e+01 8.494115630629262004e-01
3.235779999999999745e+01 8.496469875560574980e-01
3.237129999999999797e+01 8.498823468346460297e-01
3.238490000000000180e+01 8.500588235291300920e-01
3.239849999999999852e+01 8.502940688125575353e-01
3.241210000000000235e+01 8.505292490302156505e-01
3.242560000000000286e+01 8.507643642360631642e-01
3.243919999999999959e+01 8.509406580088658689e-01
3.245280000000000342e+01 8.511756595736603703e-01
3.246640000000000015e+01 8.514105962746479905e-01
3.247990000000000066e+01 8.515867562658103740e-01
3.249349999999999739e+01 8.518215795842604132e-01
3.250710000000000122e+01 8.520563381863467400e-01
3.252060000000000173e+01 8.522323646999706570e-01
3.253419999999999845e+01 8.524670101770560615e-01
3.254780000000000229e+01 8.526429519082354691e-01
3.256139999999999901e+01 8.528774844236999275e-01
3.257489999999999952e+01 8.531119524628696382e-01
3.258850000000000335e+01 8.532877612116525068e-01
3.260210000000000008e+01 8.535221165451478686e-01
3.261569999999999681e+01 8.536978408256028494e-01
3.262919999999999732e+01 8.539320816083677546e-01
3.264280000000000115e+01 8.541077215433660053e-01
3.265639999999999787e+01 8.543418519538885647e-01
3.266989999999999839e+01 8.545174076635302374e-01
3.268350000000000222e+01 8.547514258543240651e-01
3.269709999999999894e+01 8.549268974596598847e-01
3.271070000000000277e+01 8.551023330572778969e-01
3.272420000000000329e+01 8.553361912137238399e-01
3.273780000000000001e+01 8.555115428794632937e-01
3.275139999999999674e+01 8.557452892070163131e-01
3.276500000000000057e+01 8.559205570612263836e-01
3.277850000000000108e+01 8.561541917201596075e-01
3.279209999999999781e+01 8.563293758829015889e-01
3.280570000000000164e+01 8.565045242145542526e-01
3.281920000000000215e+01 8.567379996241557549e-01
3.283279999999999887e+01 8.569130644353603055e-01
3.284640000000000271e+01 8.570880934886448976e-01
3.285999999999999943e+01 8.573214099741123251e-01
3.287349999999999994e+01 8.574963556773870232e-01
3.288709999999999667e+01 8.576712656956626546e-01
3.290070000000000050e+01 8.579044235810885377e-01
3.291429999999999723e+01 8.580792504192138459e-01
3.292779999999999774e+01 8.582540416450130660e-01
3.294140000000000157e+01 8.584287972802402411e-01
3.295499999999999829e+01 8.586617494683222995e-01
3.296849999999999881e+01 8.588364221433555379e-01
3.298210000000000264e+01 8.590110593001698547e-01
3.299569999999999936e+01 8.591856609604235917e-01
3.300930000000000319e+01 8.594184079946158850e-01
3.302279999999999660e+01 8.595929269136641793e-01
3.303640000000000043e+01 8.597674104081869384e-01
3.304999999999999716e+01 8.599418584997475801e-01
3.306360000000000099e+01 8.601162712098870955e-01
3.307710000000000150e+01 8.602906485601247155e-01
3.309069999999999823e+01 8.605230967266364051e-01
3.310430000000000206e+01 8.606973916540004987e-01
3.311789999999999878e+01 8.608716512930367770e-01
3.313139999999999930e+01 8.610458756651702128e-01
3.314500000000000313e+01 8.612200647918044627e-01
3.315859999999999985e+01 8.613942186943212009e-01
3.317210000000000036e+01 8.615683373940804524e-01
3.318569999999999709e+01 8.617424209124209256e-01
3.319930000000000092e+01 8.619164692706596798e-01
3.321289999999999765e+01 8.621484790916237317e-01
3.322639999999999816e+01 8.623224454924038884e-01
3.324000000000000199e+01 8.624963768039839440e-01
3.325359999999999872e+01 8.626702730475879211e-01
3.326720000000000255e+01 8.628441342444184148e-01
3.328070000000000306e+01 8.630179604156567041e-01
3.329429999999999978e+01 8.631917515824626408e-01
3.330789999999999651e+01 8.633655077659750932e-01
3.332139999999999702e+01 8.635392289873112803e-01
3.333500000000000085e+01 8.637129152675673271e-01
3.334859999999999758e+01 8.638865666278181532e-01
3.336220000000000141e+01 8.640601830891179169e-01
3.337570000000000192e+01 8.642337646724987943e-01
3.338929999999999865e+01 8.644073113989723112e-01
3.340290000000000248e+01 8.645808232895291212e-01
3.341649999999999920e+01 8.647543003651383398e-01
3.342999999999999972e+01 8.649277426467485430e-01
3.344360000000000355e+01 8.651011501552867689e-01
3.345720000000000027e+01 8.652167358529305741e-01
3.347070000000000078e+01 8.653900854527973863e-01
3.348429999999999751e+01 8.655634003352959960e-01
3.349790000000000134e+01 8.657366805212772798e-01
3.351149999999999807e+01 8.659099260315704649e-01
3.352499999999999858e+01 8.660831368869850166e-01
3.353860000000000241e+01 8.662563131083085288e-01
3.355219999999999914e+01 8.664294547163087223e-01
3.356580000000000297e+01 8.666025617317317797e-01
3.357930000000000348e+01 8.667179472008179619e-01
3.359290000000000020e+01 8.668909966079934026e-01
3.360649999999999693e+01 8.670640114778147556e-01
3.361999999999999744e+01 8.672369918309527081e-01
3.363360000000000127e+01 8.674099376880575196e-01
3.364719999999999800e+01 8.675828490697587991e-01
3.366080000000000183e+01 8.676981041814024742e-01
3.367430000000000234e+01 8.678709581498852410e-01
3.368789999999999907e+01 8.680437776978762177e-01
3.370150000000000290e+01 8.682165628459295181e-01
3.371509999999999962e+01 8.683893136145790503e-01
3.372860000000000014e+01 8.685044617041410842e-01
3.374219999999999686e+01 8.686771552193599533e-01
3.375580000000000069e+01 8.688498144098322218e-01
3.376930000000000121e+01 8.690224392960171906e-01
3.378289999999999793e+01 8.691950298983537326e-01
3.379650000000000176e+01 8.693100712634127536e-01
3.381009999999999849e+01 8.694826047713661854e-01
3.382359999999999900e+01 8.696551040498754492e-01
3.383720000000000283e+01 8.697700845625814248e-01
3.385079999999999956e+01 8.699425268372618092e-01
3.386440000000000339e+01 8.701149349367588437e-01
3.387789999999999679e+01 8.702873088813831703e-01
3.389150000000000063e+01 8.704022058795577443e-01
3.390509999999999735e+01 8.705745229444749045e-01
3.391870000000000118e+01 8.707468059085832213e-01
3.393220000000000169e+01 8.708616422830895987e-01
3.394579999999999842e+01 8.710338684574785439e-01
3.395940000000000225e+01 8.712060605849800687e-01
3.397290000000000276e+01 8.713208364316785692e-01
3.398649999999999949e+01 8.714929718592112629e-01
3.400010000000000332e+01 8.716650732936359613e-01
3.401370000000000005e+01 8.717797887081346619e-01
3.402720000000000056e+01 8.719518335321050362e-01
3.404079999999999728e+01 8.721238444166058423e-01
3.405440000000000111e+01 8.722384994942610215e-01
3.406799999999999784e+01 8.724104538575863099e-01
3.408149999999999835e+01 8.725250712730263647e-01
3.409510000000000218e+01 8.726969691708570398e-01
3.410869999999999891e+01 8.728688332160794427e-01
3.412219999999999942e+01 8.729833904490966745e-01
3.413580000000000325e+01 8.731551981177229083e-01
3.414939999999999998e+01 8.732697177848317560e-01
3.416299999999999670e+01 8.734414691323053592e-01
3.417649999999999721e+01 8.736131867136621709e-01
3.419010000000000105e+01 8.737276463521111980e-01
3.420369999999999777e+01 8.738993077008357924e-01
3.421730000000000160e+01 8.740137298692737255e-01
3.423080000000000211e+01 8.741853350405734968e-01
3.424439999999999884e+01 8.742997197757756966e-01
3.425800000000000267e+01 8.744712688247681109e-01
3.427150000000000318e+01 8.745856161634490977e-01
3.428509999999999991e+01 8.747571091451613601e-01
3.429869999999999663e+01 8.748714191239761462e-01
3.431230000000000047e+01 8.750428560933457556e-01
3.432580000000000098e+01 8.751571287488891793e-01
3.433939999999999770e+01 8.753285097607640397e-01
3.435300000000000153e+01 8.754427451295715423e-01
3.436659999999999826e+01 8.756140702387097408e-01
3.438009999999999877e+01 8.757282683572570336e-01
3.439370000000000260e+01 8.758995376183273951e-01
3.440729999999999933e+01 8.760136985230311257e-01
3.442079999999999984e+01 8.761849119906139904e-01
3.443439999999999657e+01 8.762990357178306322e-01
3.444800000000000040e+01 8.764701934464170785e-01
3.446159999999999712e+01 8.765842800324450401e-01
3.447509999999999764e+01 8.767553820764375505e-01
3.448870000000000147e+01 8.768694315575152887e-01
3.450229999999999819e+01 8.770404779712279719e-01
3.451590000000000202e+01 8.771544903835355456e-01
3.452940000000000254e+01 8.772684879784523604e-01
3.454299999999999926e+01 8.774394566008527629e-01
3.455660000000000309e+01 8.775534171775527525e-01
3.457009999999999650e+01 8.777243302996675656e-01
3.458370000000000033e+01 8.778382538941897906e-01
3.459729999999999706e+01 8.779521627059188038e-01
3.461090000000000089e+01 8.781229982183589300e-01
3.462440000000000140e+01 8.782368700982667864e-01
3.463799999999999812e+01 8.784076502399098541e-01
3.465160000000000196e+01 8.785214852238959482e-01
3.466519999999999868e+01 8.786353054595517076e-01
3.467869999999999919e+01 8.788060081724521355e-01
3.469230000000000302e+01 8.789197915623472301e-01
3.470589999999999975e+01 8.790904390334364216e-01
3.471949999999999648e+01 8.792041856133306910e-01
3.473299999999999699e+01 8.793179174792242758e-01
3.474660000000000082e+01 8.794884877018003255e-01
3.476019999999999754e+01 8.796021828076600046e-01
3.477369999999999806e+01 8.797158632194828076e-01
3.478730000000000189e+01 8.798863562983574305e-01
3.480089999999999861e+01 8.800000000000000044e-01
3.481450000000000244e+01 8.801136290275249907e-01
3.482800000000000296e+01 8.802840450672726469e-01
3.484159999999999968e+01 8.803976374343582822e-01
3.485520000000000351e+01 8.805112151472007653e-01
3.486880000000000024e+01 8.806247782114695610e-01
3.488230000000000075e+01 8.807950953541917594e-01
3.489589999999999748e+01 8.809086218218095121e-01
3.490950000000000131e+01 8.810221336606702813e-01
3.492300000000000182e+01 8.811923740024081297e-01
3.493659999999999854e+01 8.813058492941028277e-01
3.495020000000000238e+01 8.814193099768123929e-01
3.496379999999999910e+01 8.815327560561773135e-01
3.497729999999999961e+01 8.817028978062847466e-01
3.499090000000000344e+01 8.818163074019440550e-01
3.500450000000000017e+01 8.819297024139736152e-01
3.501809999999999690e+01 8.820997676000146281e-01
3.503159999999999741e+01 8.822131261775694178e-01
3.504520000000000124e+01 8.823264701911643915e-01
3.505879999999999797e+01 8.824397996464120597e-01
3.507229999999999848e+01 8.826097665446491769e-01
3.508590000000000231e+01 8.827230596285563502e-01
3.509949999999999903e+01 8.828363381737296400e-01
3.511310000000000286e+01 8.829496021857645705e-01
3.512660000000000338e+01 8.830628516702534458e-01
3.514020000000000010e+01 8.832326986700616001e-01
3.515379999999999683e+01 8.833459118601274529e-01
3.516740000000000066e+01 8.834591105421912838e-01
3.518090000000000117e+01 8.835722947218297429e-01
3.519449999999999790e+01 8.836854644046148177e-01
3.520810000000000173e+01 8.838551917593739926e-01
3.522160000000000224e+01 8.839683252243825118e-01
3.523519999999999897e+01 8.840814442120136230e-01
3.524880000000000280e+01 8.841945487278237703e-01
3.526239999999999952e+01 8.843076387773656233e-01
3.527590000000000003e+01 8.844772467395640714e-01
3.528949999999999676e+01 8.845903006477066066e-01
3.530310000000000059e+01 8.847033401089881011e-01
3.531669999999999732e+01 8.848163651289457921e-01
3.533019999999999783e+01 8.849293757131129201e-01
3.534380000000000166e+01 8.850423718670197282e-01
3.535739999999999839e+01 8.852118390532290881e-01
3.537100000000000222e+01 8.853247991556545404e-01
3.538450000000000273e+01 8.854377448471462131e-01
3.539809999999999945e+01 8.855506761332182508e-01
3.541170000000000329e+01 8.856635930193810236e-01
3.542519999999999669e+01 8.857764955111419036e-01
3.543880000000000052e+01 8.858893836140039335e-01
3.545239999999999725e+01 8.860022573334674911e-01
3.546600000000000108e+01 8.861715409558128531e-01
3.547950000000000159e+01 8.862843787408192231e-01
3.549309999999999832e+01 8.863972021616494112e-01
3.550670000000000215e+01 8.865100112237875862e-01
3.552029999999999887e+01 8.866228059327145861e-01
3.553379999999999939e+01 8.867355862939075850e-01
3.554740000000000322e+01 8.868483523128404267e-01
3.556099999999999994e+01 8.869611039949834019e-01
3.557450000000000045e+01 8.870738413458036931e-01
3.558809999999999718e+01 8.871865643707641524e-01
3.560170000000000101e+01 8.872992730753248569e-01
3.561529999999999774e+01 8.874683092933516315e-01
3.562879999999999825e+01 8.875809822207774147e-01
3.564240000000000208e+01 8.876936408468858453e-01
3.565599999999999881e+01 8.878062851771211239e-01
3.566960000000000264e+01 8.879189152169245647e-01
3.568310000000000315e+01 8.880315309717330408e-01
3.569669999999999987e+01 8.881441324469806498e-01
3.571029999999999660e+01 8.882567196480981586e-01
3.572379999999999711e+01 8.883692925805123375e-01
3.573740000000000094e+01 8.884818512496469589e-01
3.575099999999999767e+01 8.885943956609223537e-01
3.576460000000000150e+01 8.887069258197551891e-01
3.577810000000000201e+01 8.888194417315589124e-01
3.579169999999999874e+01 8.889319434017430854e-01
3.580530000000000257e+01 8.890444308357146053e-01
3.581889999999999930e+01 8.891569040388765943e-01
3.583239999999999981e+01 8.892693630166284002e-01
3.584599999999999653e+01 8.893818077743663730e-01
3.585960000000000036e+01 8.894942383174833100e-01
3.587310000000000088e+01 8.896066546513689000e-01
3.588669999999999760e+01 8.897190567814089457e-01
3.590030000000000143e+01 8.898314447129860305e-01
3.591389999999999816e+01 8.899438184514796291e-01
3.592739999999999867e+01 8.900561780022651082e-01
3.594100000000000250e+01 8.901685233707153921e-01
3.595459999999999923e+01 8.902808545621994085e-01
3.596820000000000306e+01 8.903931715820825321e-01
3.598169999999999646e+01 8.905054744357274732e-01
3.599530000000000030e+01 8.906177631284927232e-01
3.600889999999999702e+01 8.907300376657338870e-01
3.602239999999999753e+01 8.908422980528034607e-01
3.603600000000000136e+01 8.909545442950498328e-01
3.604959999999999809e+01 8.910667763978186162e-01
3.606320000000000192e+01 8.911789943664516489e-01
3.607670000000000243e+01 8.912911982062876604e-01
3.609029999999999916e+01 8.914033879226620494e-01
3.610390000000000299e+01 8.915155635209066620e-01
3.611749999999999972e+01 8.916277250063503468e-01
3.613100000000000023e+01 8.917398723843181774e-01
3.614459999999999695e+01 8.918520056601317858e-01
3.615820000000000078e+01 8.919641248391103616e-01
3.617179999999999751e+01 8.920201791439473782e-01
3.618529999999999802e+01 8.921322771876376567e-01
3.619890000000000185e+01 8.922443611477742786e-01
3.621249999999999858e+01 8.923564310296643320e-01
3.622599999999999909e+01 8.924684868386109082e-01
3.623960000000000292e+01 8.925805285799147670e-01
3.625319999999999965e+01 8.926925562588723384e-01
3.626680000000000348e+01 8.928045698807773878e-01
3.628029999999999688e+01 8.929165694509202389e-01
3.629390000000000072e+01 8.930285549745875517e-01
3.630749999999999744e+01 8.931405264570632108e-01
3.632110000000000127e+01 8.931965069345042529e-01
3.633460000000000178e+01 8.933084573650917903e-01
3.634819999999999851e+01 8.934203937676820084e-01
3.636180000000000234e+01 8.935323161475470233e-01
3.637530000000000285e+01 8.936442245099556203e-01
3.638889999999999958e+01 8.937561188601731432e-01
3.640250000000000341e+01 8.938679992034617161e-01
3.641610000000000014e+01 8.939798655450803544e-01
3.642960000000000065e+01 8.940357934669057594e-01
3.644319999999999737e+01 8.941476388158725586e-01
3.645680000000000121e+01 8.942594701763018072e-01
3.647039999999999793e+01 8.943712875534410855e-01
3.648389999999999844e+01 8.944830909525343099e-01
3.649750000000000227e+01 8.945948803788225101e-01
3.651109999999999900e+01 8.947066558375431633e-01
3.652459999999999951e+01 8.947625383307014069e-01
3.653820000000000334e+01 8.948742928478836678e-01
3.655180000000000007e+01 8.949860334105779192e-01
3.656539999999999679e+01 8.950977600240098697e-01
3.657889999999999731e+01 8.952094726934026747e-01
3.659250000000000114e+01 8.953211714239756036e-01
3.660609999999999786e+01 8.953770155638349770e-01
3.661970000000000169e+01 8.954886933959579354e-01
3.663320000000000221e+01 8.956003573022958131e-01
3.664679999999999893e+01 8.957120072880568884e-01
3.666040000000000276e+01 8.958236433584458869e-01
3.667390000000000327e+01 8.958794561770014875e-01
3.668750000000000000e+01 8.959910713840846253e-01
3.670109999999999673e+01 8.961026726887940663e-01
3.671470000000000056e+01 8.962142600963232120e-01
3.672820000000000107e+01 8.963258336118623548e-01
3.674179999999999779e+01 8.963816151617567396e-01
3.675540000000000163e+01 8.964931678490360989e-01
3.676899999999999835e+01 8.966047066572870872e-01
3.678249999999999886e+01 8.967162315916891169e-01
3.679610000000000269e+01 8.968277426574179367e-01
3.680969999999999942e+01 8.968834929911465581e-01
3.682319999999999993e+01 8.969949832635630838e-01
3.683679999999999666e+01 8.971064596802321711e-01
3.685040000000000049e+01 8.972179222463180226e-01
3.686399999999999721e+01 8.973293709669821760e-01
3.687749999999999773e+01 8.973850901368931599e-01
3.689110000000000156e+01 8.974965180990954750e-01
3.690469999999999828e+01 8.976079322287653373e-01
3.691830000000000211e+01 8.977193325310534044e-01
3.693180000000000263e+01 8.977750274985375478e-01
3.694539999999999935e+01 8.978864070694020372e-01
3.695900000000000318e+01 8.979977728257458880e-01
3.697259999999999991e+01 8.981091247727081006e-01
3.698610000000000042e+01 8.981647955692763086e-01
3.699969999999999715e+01 8.982761268117949172e-01
3.701330000000000098e+01 8.983874442577657327e-01
3.702680000000000149e+01 8.984987479123162091e-01
3.704039999999999822e+01 8.985543945694104417e-01
3.705400000000000205e+01 8.986656775464388902e-01
3.706759999999999877e+01 8.987769467448526450e-01
3.708109999999999928e+01 8.988325761786783996e-01
3.709470000000000312e+01 8.989438247187641062e-01
3.710829999999999984e+01 8.990550594930211137e-01
3.712189999999999657e+01 8.991662805065590014e-01
3.713539999999999708e+01 8.992218858546536797e-01
3.714900000000000091e+01 8.993330862366845091e-01
3.716259999999999764e+01 8.994442728707543466e-01
3.717609999999999815e+01 8.994998610338968970e-01
3.718970000000000198e+01 8.996110270555824906e-01
3.720329999999999870e+01 8.997221793420454583e-01
3.721690000000000254e+01 8.998333178983759506e-01
3.723040000000000305e+01 8.998888820293313717e-01
3.724399999999999977e+01 9.000000000000000222e-01
3.725759999999999650e+01 9.001111042532470297e-01
3.727120000000000033e+01 9.001666512374250084e-01
3.728470000000000084e+01 9.002777349240621563e-01
3.729829999999999757e+01 9.003888049059695087e-01
3.731190000000000140e+01 9.004443347592341329e-01
3.732540000000000191e+01 9.005553841935541870e-01
3.733899999999999864e+01 9.006664199358161982e-01
3.735260000000000247e+01 9.007219326740077969e-01
3.736619999999999919e+01 9.008329478876757612e-01
3.737969999999999970e+01 9.009439494219382283e-01
3.739330000000000354e+01 9.009994450608723726e-01
3.740690000000000026e+01 9.011104260855048453e-01
3.742049999999999699e+01 9.012213934433647156e-01
3.743399999999999750e+01 9.012768719988325516e-01
3.744760000000000133e+01 9.013878188659971702e-01
3.746119999999999806e+01 9.014987520790029851e-01
3.747469999999999857e+01 9.015542135667715673e-01
3.748830000000000240e+01 9.016651263079880074e-01
3.750189999999999912e+01 9.017760254076396809e-01
3.751550000000000296e+01 9.018314698434514165e-01
3.752900000000000347e+01 9.019423484901902821e-01
3.754260000000000019e+01 9.020532135079393221e-01
3.755619999999999692e+01 9.021086409075127488e-01
3.756980000000000075e+01 9.022194854911967932e-01
3.758330000000000126e+01 9.022749026765622959e-01
3.759689999999999799e+01 9.023857268374759766e-01
3.761050000000000182e+01 9.024965373894794363e-01
3.762409999999999854e+01 9.025519375637061081e-01
3.763759999999999906e+01 9.026627277117406090e-01
3.765120000000000289e+01 9.027181176868002144e-01
3.766479999999999961e+01 9.028288874421331878e-01
3.767830000000000013e+01 9.029396436085856958e-01
3.769189999999999685e+01 9.029950165975446641e-01
3.770550000000000068e+01 9.031057523900509754e-01
3.771909999999999741e+01 9.032164746061710492e-01
3.773259999999999792e+01 9.032718306246463325e-01
3.774620000000000175e+01 9.033825324855466743e-01
3.775979999999999848e+01 9.034378783292186244e-01
3.777340000000000231e+01 9.035485598461213685e-01
3.778690000000000282e+01 9.036592278065885830e-01
3.780049999999999955e+01 9.037145567047152328e-01
3.781410000000000338e+01 9.038252043398655733e-01
3.782759999999999678e+01 9.038805230781333799e-01
3.784120000000000061e+01 9.039911503991617803e-01
3.785479999999999734e+01 9.040464589831653797e-01
3.786840000000000117e+01 9.041570660012562266e-01
3.788190000000000168e+01 9.042676594902638865e-01
3.789549999999999841e+01 9.043229511629127249e-01
3.790910000000000224e+01 9.044335243676010494e-01
3.792269999999999897e+01 9.044888059008800996e-01
3.793619999999999948e+01 9.045993588324059420e-01
3.794980000000000331e+01 9.046546302318911881e-01
3.796340000000000003e+01 9.047651629014016317e-01
3.797690000000000055e+01 9.048756820690894154e-01
3.799049999999999727e+01 9.049309365912958647e-01
3.800410000000000110e+01 9.050414355155238511e-01
3.801769999999999783e+01 9.050966799187808443e-01
3.803119999999999834e+01 9.052071586106685830e-01
3.804480000000000217e+01 9.052623929005335635e-01
3.805839999999999890e+01 9.053728513711905013e-01
3.807200000000000273e+01 9.054280755532159164e-01
3.808550000000000324e+01 9.055385138137415080e-01
3.809909999999999997e+01 9.055937278934742540e-01
3.811269999999999669e+01 9.057041459549580731e-01
3.812619999999999720e+01 9.058145505565693423e-01
3.813980000000000103e+01 9.058697478114610124e-01
3.815339999999999776e+01 9.059801322324899653e-01
3.816700000000000159e+01 9.060353193998564869e-01
3.818050000000000210e+01 9.061456836513650526e-01
3.819409999999999883e+01 9.062008607367353363e-01
3.820770000000000266e+01 9.063112048297758960e-01
3.822129999999999939e+01 9.063663718386731905e-01
3.823479999999999990e+01 9.064766957842876893e-01
3.824839999999999662e+01 9.065318527222304690e-01
3.826200000000000045e+01 9.066421565314508602e-01
3.827550000000000097e+01 9.066973034039530477e-01
3.828909999999999769e+01 9.068075870878011813e-01
3.830270000000000152e+01 9.068627239003707041e-01
3.831629999999999825e+01 9.069729874698584382e-01
3.832979999999999876e+01 9.070281142279990050e-01
3.834340000000000259e+01 9.071383576941279836e-01
3.835699999999999932e+01 9.071934744033379738e-01
3.837060000000000315e+01 9.073036977771004041e-01
3.838409999999999656e+01 9.073588044428730903e-01
3.839770000000000039e+01 9.074690077352502993e-01
3.841129999999999711e+01 9.075241043630741800e-01
3.842490000000000094e+01 9.076342875850382796e-01
3.843840000000000146e+01 9.076893741803965243e-01
3.845199999999999818e+01 9.077995373429091908e-01
3.846560000000000201e+01 9.078546139112804170e-01
3.847910000000000252e+01 9.079647570252933342e-01
3.849269999999999925e+01 9.080198235721508304e-01
3.850630000000000308e+01 9.081299466486060235e-01
3.851989999999999981e+01 9.081850031794183042e-01
3.853340000000000032e+01 9.082400563727631715e-01
3.854699999999999704e+01 9.083501527494779459e-01
3.856060000000000088e+01 9.084051959340611049e-01
3.857419999999999760e+01 9.085152722987104301e-01
3.858769999999999811e+01 9.085703054799886269e-01
3.860130000000000194e+01 9.086803618434811103e-01
3.861489999999999867e+01 9.087353850269065392e-01
3.862839999999999918e+01 9.088454214001410181e-01
3.864200000000000301e+01 9.089004345911601002e-01
3.865559999999999974e+01 9.090104509850258641e-01
3.866919999999999646e+01 9.090654541890808016e-01
3.868269999999999698e+01 9.091204540653563537e-01
3.869630000000000081e+01 9.092304438369845920e-01
3.870989999999999753e+01 9.092854337335444237e-01
3.872350000000000136e+01 9.093954035511725431e-01
3.873700000000000188e+01 9.094503834734469772e-01
3.875059999999999860e+01 9.095603333479314045e-01
3.876420000000000243e+01 9.096153033013461009e-01
3.877770000000000294e+01 9.097252332435326050e-01
3.879129999999999967e+01 9.097801932335084496e-01
3.880490000000000350e+01 9.098351499035415291e-01
3.881850000000000023e+01 9.099450532861859120e-01
3.883200000000000074e+01 9.099999999999998090e-01
3.884559999999999746e+01 9.101098834756162770e-01
3.885920000000000130e+01 9.101648202386203312e-01
3.887279999999999802e+01 9.102746838180220124e-01
3.888629999999999853e+01 9.103296106356202344e-01
3.889990000000000236e+01 9.103845341392832191e-01
3.891349999999999909e+01 9.104943712072028905e-01
3.892699999999999960e+01 9.105492847726585071e-01
3.894060000000000343e+01 9.106591019695569056e-01
3.895420000000000016e+01 9.107140056021978403e-01
3.896779999999999688e+01 9.107689059250978492e-01
3.898129999999999740e+01 9.108786966440700628e-01
3.899490000000000123e+01 9.109335870413384217e-01
3.900849999999999795e+01 9.110433579144299188e-01
3.902210000000000178e+01 9.110982383914481009e-01
3.903560000000000230e+01 9.111531155629113421e-01
3.904919999999999902e+01 9.112628599915614247e-01
3.906280000000000285e+01 9.113177272499420889e-01
3.907630000000000337e+01 9.114274518577986095e-01
3.908990000000000009e+01 9.114823092084672895e-01
3.910349999999999682e+01 9.115371632577576877e-01
3.911710000000000065e+01 9.116468614545875093e-01
3.913060000000000116e+01 9.117017056033184241e-01
3.914419999999999789e+01 9.117565464530540398e-01
3.915780000000000172e+01 9.118662182579196918e-01
3.917139999999999844e+01 9.119210492142397761e-01
3.918489999999999895e+01 9.120307012376281941e-01
3.919850000000000279e+01 9.120855223058854655e-01
3.921209999999999951e+01 9.121403400793102190e-01
3.922570000000000334e+01 9.122499657440388265e-01
3.923919999999999675e+01 9.123047736365298421e-01
3.925280000000000058e+01 9.123595782365635509e-01
3.926639999999999731e+01 9.124691775616313727e-01
3.927989999999999782e+01 9.125239722878517590e-01
3.929350000000000165e+01 9.125787637239867189e-01
3.930709999999999837e+01 9.126883367283707971e-01
3.932070000000000221e+01 9.127431182978045232e-01
3.933420000000000272e+01 9.128526715741155373e-01
3.934779999999999944e+01 9.129074432821762120e-01
3.936140000000000327e+01 9.129622117042961449e-01
3.937500000000000000e+01 9.130717386930775614e-01
3.938850000000000051e+01 9.131264972609216546e-01
3.940209999999999724e+01 9.131812525451887819e-01
3.941570000000000107e+01 9.132907532653551375e-01
3.942920000000000158e+01 9.133454987024350880e-01
3.944279999999999831e+01 9.134002408582997390e-01
3.945640000000000214e+01 9.135097153287424776e-01
3.946999999999999886e+01 9.135644476444998441e-01
3.948349999999999937e+01 9.136191766814004689e-01
3.949710000000000321e+01 9.137286249209882749e-01
3.951069999999999993e+01 9.137833441248531807e-01
3.952429999999999666e+01 9.138380600522172381e-01
3.953779999999999717e+01 9.139474820797964805e-01
3.955140000000000100e+01 9.140021881811881688e-01
3.956499999999999773e+01 9.140568910084315712e-01
3.957849999999999824e+01 9.141662868428259703e-01
3.959210000000000207e+01 9.142209798511516938e-01
3.960569999999999879e+01 9.142756695876796957e-01
3.961930000000000263e+01 9.143303560529967289e-01
3.963280000000000314e+01 9.144397191723465657e-01
3.964639999999999986e+01 9.144943958275522089e-01
3.965999999999999659e+01 9.145490692138940059e-01
3.967360000000000042e+01 9.146584061823299638e-01
3.968710000000000093e+01 9.147130697655959652e-01
3.970069999999999766e+01 9.147677300823416902e-01
3.971430000000000149e+01 9.148770409186142150e-01
3.972780000000000200e+01 9.149316914393117450e-01
3.974139999999999873e+01 9.149863386958299039e-01
3.975500000000000256e+01 9.150956234186675697e-01
3.976859999999999928e+01 9.151502608861563637e-01
3.978209999999999980e+01 9.152048950918040271e-01
3.979569999999999652e+01 9.152595260361948704e-01
3.980930000000000035e+01 9.153687781435413395e-01
3.982289999999999708e+01 9.154233993076644760e-01
3.983639999999999759e+01 9.154780172128657023e-01
3.985000000000000142e+01 9.155872432488343371e-01
3.986359999999999815e+01 9.156418513807678128e-01
3.987709999999999866e+01 9.156964562561109577e-01
3.989070000000000249e+01 9.157510578754468611e-01
3.990429999999999922e+01 9.158602513484247476e-01
3.991790000000000305e+01 9.159148432032312437e-01
3.993139999999999645e+01 9.159694318043587469e-01
3.994500000000000028e+01 9.160240171523886810e-01
3.995859999999999701e+01 9.161331780914825362e-01
3.997220000000000084e+01 9.161877536837086389e-01
3.998570000000000135e+01 9.162423260251624235e-01
3.999929999999999808e+01 9.163514609580758474e-01
4.001290000000000191e+01 9.164060235506965579e-01
4.002649999999999864e+01 9.164605828948673150e-01
4.003999999999999915e+01 9.165151389911679880e-01
4.005360000000000298e+01 9.166242414424790041e-01
4.006719999999999970e+01 9.166787877986487532e-01
4.008070000000000022e+01 9.167333309092671190e-01
4.009429999999999694e+01 9.167878707749137490e-01
4.010790000000000077e+01 9.168969407736071719e-01
4.012149999999999750e+01 9.169514709078120385e-01
4.013499999999999801e+01 9.170059977993600953e-01
4.014860000000000184e+01 9.170605214488298795e-01
4.016219999999999857e+01 9.171695590238481133e-01
4.017580000000000240e+01 9.172240729505523049e-01
4.018930000000000291e+01 9.172785836374901525e-01
4.020289999999999964e+01 9.173330910852393050e-01
4.021650000000000347e+01 9.174420962654808998e-01
4.022999999999999687e+01 9.174965939991276409e-01
4.024360000000000070e+01 9.175510884958939517e-01
4.025719999999999743e+01 9.176055797563569261e-01
4.027080000000000126e+01 9.177145525706780216e-01
4.028430000000000177e+01 9.177690341256889983e-01
4.029789999999999850e+01 9.178235124467011286e-01
4.031150000000000233e+01 9.178779875342908401e-01
4.032509999999999906e+01 9.179324593890335615e-01
4.033859999999999957e+01 9.180413934022799705e-01
4.035220000000000340e+01 9.180958555619340711e-01
4.036580000000000013e+01 9.181503144910423408e-01
4.037930000000000064e+01 9.182047701901792092e-01
4.039289999999999736e+01 9.183136719008380133e-01
4.040650000000000119e+01 9.183681179135085859e-01
4.042009999999999792e+01 9.184225606985054746e-01
4.043359999999999843e+01 9.184770002564027758e-01
4.044720000000000226e+01 9.185314365877739196e-01
4.046079999999999899e+01 9.186402995732333432e-01
4.047440000000000282e+01 9.186947262284681504e-01
4.048790000000000333e+01 9.187491496594702989e-01
4.050150000000000006e+01 9.188035698668131079e-01
4.051509999999999678e+01 9.188579868510694526e-01
4.052859999999999729e+01 9.189668111526116956e-01
4.054220000000000113e+01 9.190212184710425669e-01
4.055579999999999785e+01 9.190756225686762537e-01
4.056940000000000168e+01 9.191300234460846319e-01
4.058290000000000219e+01 9.191844211038391332e-01
4.059649999999999892e+01 9.192932067626735648e-01
4.061010000000000275e+01 9.193475947648962476e-01
4.062369999999999948e+01 9.194019795497505587e-01
4.063719999999999999e+01 9.194563611178074858e-01
4.065079999999999671e+01 9.195107394696377945e-01
4.066440000000000055e+01 9.196194865269002872e-01
4.067799999999999727e+01 9.196738552334734473e-01
4.069149999999999778e+01 9.197282207261011644e-01
4.070510000000000161e+01 9.197825830053535379e-01
