# energy(eV) alpha
0.000000000000000000e+00 0.000000000000000000e+00
1.359999999999999924e-02 0.000000000000000000e+00
2.709999999999999909e-02 0.000000000000000000e+00
4.070000000000000007e-02 0.000000000000000000e+00
5.430000000000000104e-02 0.000000000000000000e+00
6.790000000000000202e-02 0.000000000000000000e+00
8.140000000000000013e-02 0.000000000000000000e+00
9.500000000000000111e-02 0.000000000000000000e+00
1.086000000000000021e-01 0.000000000000000000e+00
1.222000000000000031e-01 0.000000000000000000e+00
1.356999999999999873e-01 0.000000000000000000e+00
1.492999999999999883e-01 0.000000000000000000e+00
1.628999999999999893e-01 0.000000000000000000e+00
1.764000000000000012e-01 0.000000000000000000e+00
1.900000000000000022e-01 0.000000000000000000e+00
2.036000000000000032e-01 0.000000000000000000e+00
2.172000000000000042e-01 0.000000000000000000e+00
2.306999999999999884e-01 0.000000000000000000e+00
2.442999999999999894e-01 0.000000000000000000e+00
2.579000000000000181e-01 0.000000000000000000e+00
2.715000000000000191e-01 0.000000000000000000e+00
2.849999999999999756e-01 0.000000000000000000e+00
2.985999999999999766e-01 0.000000000000000000e+00
3.121999999999999775e-01 0.000000000000000000e+00
3.256999999999999895e-01 0.000000000000000000e+00
3.392999999999999905e-01 0.000000000000000000e+00
3.528999999999999915e-01 0.000000000000000000e+00
3.664999999999999925e-01 0.000000000000000000e+00
3.800000000000000044e-01 0.000000000000000000e+00
3.936000000000000054e-01 0.000000000000000000e+00
4.072000000000000064e-01 0.000000000000000000e+00
4.208000000000000074e-01 0.000000000000000000e+00
4.343000000000000194e-01 0.000000000000000000e+00
4.479000000000000203e-01 0.000000000000000000e+00
4.615000000000000213e-01 0.000000000000000000e+00
4.751000000000000223e-01 0.000000000000000000e+00
4.885999999999999788e-01 0.000000000000000000e+00
5.021999999999999797e-01 0.000000000000000000e+00
5.158000000000000362e-01 0.000000000000000000e+00
5.292999999999999927e-01 0.000000000000000000e+00
5.429000000000000492e-01 0.000000000000000000e+00
5.564999999999999947e-01 0.000000000000000000e+00
5.701000000000000512e-01 0.000000000000000000e+00
5.836000000000000076e-01 0.000000000000000000e+00
5.971999999999999531e-01 0.000000000000000000e+00
6.108000000000000096e-01 0.000000000000000000e+00
6.243999999999999551e-01 0.000000000000000000e+00
6.379000000000000226e-01 0.000000000000000000e+00
6.514999999999999680e-01 0.000000000000000000e+00
6.651000000000000245e-01 0.000000000000000000e+00
6.785999999999999810e-01 0.000000000000000000e+00
6.922000000000000375e-01 0.000000000000000000e+00
7.057999999999999829e-01 0.000000000000000000e+00
7.194000000000000394e-01 0.000000000000000000e+00
7.328999999999999959e-01 0.000000000000000000e+00
7.465000000000000524e-01 0.000000000000000000e+00
7.600999999999999979e-01 0.000000000000000000e+00
7.737000000000000544e-01 0.000000000000000000e+00
7.872000000000000108e-01 0.000000000000000000e+00
8.007999999999999563e-01 0.000000000000000000e+00
8.144000000000000128e-01 0.000000000000000000e+00
8.278999999999999693e-01 0.000000000000000000e+00
8.415000000000000258e-01 0.000000000000000000e+00
8.550999999999999712e-01 0.000000000000000000e+00
8.687000000000000277e-01 0.000000000000000000e+00
8.821999999999999842e-01 0.000000000000000000e+00
8.958000000000000407e-01 0.000000000000000000e+00
9.093999999999999861e-01 0.000000000000000000e+00
9.230000000000000426e-01 0.000000000000000000e+00
9.364999999999999991e-01 0.000000000000000000e+00
9.500999999999999446e-01 0.000000000000000000e+00
9.637000000000000011e-01 0.000000000000000000e+00
9.771999999999999575e-01 0.000000000000000000e+00
9.908000000000000140e-01 0.000000000000000000e+00
1.004399999999999959e+00 0.000000000000000000e+00
1.018000000000000016e+00 0.000000000000000000e+00
1.031500000000000083e+00 0.000000000000000000e+00
1.045099999999999918e+00 0.000000000000000000e+00
1.058699999999999974e+00 0.000000000000000000e+00
1.072300000000000031e+00 0.000000000000000000e+00
1.085800000000000098e+00 0.000000000000000000e+00
1.099399999999999933e+00 0.000000000000000000e+00
1.112999999999999989e+00 0.000000000000000000e+00
1.126500000000000057e+00 0.000000000000000000e+00
1.140099999999999891e+00 0.000000000000000000e+00
1.153699999999999948e+00 0.000000000000000000e+00
1.167300000000000004e+00 0.000000000000000000e+00
1.180800000000000072e+00 0.000000000000000000e+00
1.194399999999999906e+00 0.000000000000000000e+00
1.207999999999999963e+00 0.000000000000000000e+00
1.221600000000000019e+00 0.000000000000000000e+00
1.235100000000000087e+00 0.000000000000000000e+00
1.248699999999999921e+00 0.000000000000000000e+00
1.262299999999999978e+00 0.000000000000000000e+00
1.275900000000000034e+00 0.000000000000000000e+00
1.289400000000000102e+00 0.000000000000000000e+00
1.302999999999999936e+00 0.000000000000000000e+00
1.316599999999999993e+00 0.000000000000000000e+00
1.330100000000000060e+00 0.000000000000000000e+00
1.343699999999999894e+00 0.000000000000000000e+00
1.357299999999999951e+00 0.000000000000000000e+00
1.370900000000000007e+00 0.000000000000000000e+00
1.384400000000000075e+00 0.000000000000000000e+00
1.397999999999999909e+00 0.000000000000000000e+00
1.411599999999999966e+00 0.000000000000000000e+00
1.425200000000000022e+00 0.000000000000000000e+00
1.438700000000000090e+00 0.000000000000000000e+00
1.452299999999999924e+00 0.000000000000000000e+00
1.465899999999999981e+00 1.370727314435370481e+01
1.479400000000000048e+00 4.971910657020188040e+01
1.493000000000000105e+00 1.113153929874222854e+02
1.506599999999999939e+00 1.990429601581696204e+02
1.520199999999999996e+00 3.106140511974841161e+02
1.533700000000000063e+00 4.464737380533939017e+02
1.547299999999999898e+00 6.099991228592103880e+02
1.560899999999999954e+00 8.016825899698992544e+02
1.574500000000000011e+00 1.019147048449347949e+03
1.588000000000000078e+00 1.265672173082948802e+03
1.601599999999999913e+00 1.538964350805531694e+03
1.615199999999999969e+00 1.842368713295260250e+03
1.628700000000000037e+00 2.173264663655988443e+03
1.642300000000000093e+00 2.535345925388948672e+03
1.655899999999999928e+00 2.925950609542394432e+03
1.669499999999999984e+00 3.348559703347020786e+03
1.683000000000000052e+00 3.800395505584433977e+03
1.696600000000000108e+00 4.285333218350917377e+03
1.710199999999999942e+00 4.803727216189810861e+03
1.723799999999999999e+00 5.352917633573590138e+03
1.737300000000000066e+00 5.932944064203143171e+03
1.750899999999999901e+00 6.548135992280302162e+03
1.764499999999999957e+00 7.198583264040346876e+03
1.778000000000000025e+00 7.881218405812646779e+03
1.791600000000000081e+00 8.600421585698761191e+03
1.805199999999999916e+00 9.353193680261390909e+03
1.818799999999999972e+00 1.014309374407130599e+04
1.832300000000000040e+00 1.096679780078314980e+04
1.845900000000000096e+00 1.182923778467977718e+04
1.859499999999999931e+00 1.272705350933675982e+04
1.873099999999999987e+00 1.366399977031331036e+04
1.886600000000000055e+00 1.463637215717764229e+04
1.900199999999999889e+00 1.564973197068842819e+04
1.913799999999999946e+00 1.670367643953295556e+04
1.927400000000000002e+00 1.779552522002988553e+04
1.940900000000000070e+00 1.892466639799799304e+04
1.954499999999999904e+00 2.009699942016808200e+04
1.968099999999999961e+00 2.131226208160653186e+04
1.981600000000000028e+00 2.256627869803354770e+04
1.995200000000000085e+00 2.386551401483492737e+04
2.008799999999999919e+00 2.520582518828404500e+04
2.022400000000000198e+00 2.659139438586909455e+04
2.035899999999999821e+00 2.801790578694990472e+04
2.049500000000000099e+00 2.949248726776861076e+04
2.063099999999999934e+00 3.101072567553010958e+04
2.076700000000000212e+00 3.257716542280912472e+04
2.090199999999999836e+00 3.419086249792184390e+04
2.103800000000000114e+00 3.585230399136134656e+04
2.117399999999999949e+00 3.756060261859850289e+04
2.130900000000000016e+00 3.931894693561455642e+04
2.144499999999999851e+00 4.113156522010552726e+04
2.158100000000000129e+00 4.299431067144939880e+04
2.171699999999999964e+00 4.490880858979865297e+04
2.185200000000000031e+00 4.688135850370521075e+04
2.198799999999999866e+00 4.890684490470203309e+04
2.212400000000000144e+00 5.099646952329666237e+04
2.225999999999999979e+00 5.314112403072524467e+04
2.239500000000000046e+00 5.535303936979544960e+04
2.253099999999999881e+00 5.762933343964556843e+04
2.266700000000000159e+00 5.998525067445850436e+04
2.280199999999999783e+00 6.241978001491432224e+04
2.293800000000000061e+00 6.495898934716275107e+04
2.307399999999999896e+00 6.706787654447175737e+04
2.321000000000000174e+00 6.744138894008335774e+04
2.334499999999999797e+00 6.777560990725796728e+04
2.348100000000000076e+00 6.811797895814073854e+04
2.361699999999999910e+00 6.846910998282546643e+04
2.375300000000000189e+00 6.884295796616046573e+04
2.388799999999999812e+00 6.923245013509980345e+04
2.402400000000000091e+00 6.964572969856827694e+04
2.415999999999999925e+00 7.009058533396321582e+04
2.429499999999999993e+00 7.055789157451046049e+04
2.443099999999999827e+00 7.105843163987046864e+04
2.456700000000000106e+00 7.159055690831309767e+04
2.470299999999999940e+00 7.215211814581377257e+04
2.483800000000000008e+00 7.274439770719097578e+04
2.497399999999999842e+00 7.337877608974650502e+04
2.511000000000000121e+00 7.404076166439498775e+04
2.524599999999999955e+00 7.474316815051318554e+04
2.538100000000000023e+00 7.547609471033098816e+04
2.551699999999999857e+00 7.625017251023376593e+04
2.565300000000000136e+00 7.706282897418456560e+04
2.578800000000000203e+00 7.791186051891607349e+04
2.592400000000000038e+00 7.879925920196426159e+04
2.605999999999999872e+00 7.973207396792936197e+04
2.619600000000000151e+00 8.070185200694990635e+04
2.633100000000000218e+00 8.170534149771678494e+04
2.646700000000000053e+00 8.275888231116604584e+04
2.660299999999999887e+00 8.385082308140340319e+04
2.673900000000000166e+00 8.498596124404181319e+04
2.687399999999999789e+00 8.616190338913198502e+04
2.701000000000000068e+00 8.738083931993729493e+04
2.714599999999999902e+00 8.864848068354959833e+04
2.728200000000000180e+00 8.995753885730594629e+04
2.741699999999999804e+00 9.130856007355057227e+04
2.755300000000000082e+00 9.270439069056873268e+04
2.768899999999999917e+00 9.415172907529537042e+04
2.782399999999999984e+00 9.563774583481375885e+04
2.795999999999999819e+00 9.717469368670198310e+04
2.809600000000000097e+00 9.875536853647166572e+04
2.823199999999999932e+00 1.003847151348221960e+05
2.836699999999999999e+00 1.020495587239583983e+05
2.850299999999999834e+00 1.037625050345124910e+05
2.863900000000000112e+00 1.055155653498999163e+05
2.877499999999999947e+00 1.073083946680205845e+05
2.891000000000000014e+00 1.091421417703953193e+05
2.904599999999999849e+00 1.110251243977546110e+05
2.918200000000000127e+00 1.129491089936299104e+05
2.931700000000000195e+00 1.149097812373901688e+05
2.945300000000000029e+00 1.169198837955026102e+05
2.958899999999999864e+00 1.189715821282012621e+05
2.972500000000000142e+00 1.210692434396471945e+05
2.986000000000000210e+00 1.232047599263400916e+05
2.999600000000000044e+00 1.253768640476032888e+05
3.013199999999999878e+00 1.275851249581484444e+05
3.026800000000000157e+00 1.298289700881961471e+05
3.040299999999999780e+00 1.320985841309213138e+05
3.053900000000000059e+00 1.344025931680531357e+05
3.067499999999999893e+00 1.367381414172546356e+05
3.080999999999999961e+00 1.391040932525789540e+05
3.094599999999999795e+00 1.415820432741483382e+05
3.108200000000000074e+00 1.441776691584129876e+05
3.121799999999999908e+00 1.468991951533120300e+05
3.135299999999999976e+00 1.497509670837558224e+05
3.148899999999999810e+00 1.527362638223671238e+05
3.162500000000000089e+00 1.558678372701118933e+05
3.176099999999999923e+00 1.591511144828325196e+05
3.189599999999999991e+00 1.626082260132019583e+05
3.203199999999999825e+00 1.649677652374371537e+05
3.216800000000000104e+00 1.673452144311728771e+05
3.230300000000000171e+00 1.698358070181240619e+05
3.243900000000000006e+00 1.724689684231818828e+05
3.257499999999999840e+00 1.752431958259271923e+05
3.271100000000000119e+00 1.781580454164299590e+05
3.284600000000000186e+00 1.811990455450635636e+05
3.298200000000000021e+00 1.843711310282079212e+05
3.311799999999999855e+00 1.877279578706033935e+05
3.325400000000000134e+00 1.917657649866225838e+05
3.338900000000000201e+00 1.965770873736533977e+05
3.352500000000000036e+00 2.021910330626213399e+05
3.366099999999999870e+00 2.094169626123995113e+05
3.379599999999999937e+00 2.177217000908360060e+05
3.393200000000000216e+00 2.261042632430041849e+05
3.406800000000000050e+00 2.345057921798555180e+05
3.420399999999999885e+00 2.429105905944514961e+05
3.433899999999999952e+00 2.513010264734530647e+05
3.447499999999999787e+00 2.596883344788863324e+05
3.461100000000000065e+00 2.680622931663342169e+05
3.474699999999999900e+00 2.764559179788293550e+05
3.488199999999999967e+00 2.848583613569711451e+05
3.501799999999999802e+00 2.932927847009591642e+05
3.515400000000000080e+00 3.017493410559903132e+05
3.528999999999999915e+00 3.102323138087943662e+05
3.542499999999999982e+00 3.187120070734829642e+05
3.556099999999999817e+00 3.271899991275336361e+05
3.569700000000000095e+00 3.356563085631619906e+05
3.583200000000000163e+00 3.441037480159153929e+05
3.596799999999999997e+00 3.525681168362975004e+05
3.610399999999999832e+00 3.610469358065261622e+05
3.624000000000000110e+00 3.693034545729109086e+05
3.637500000000000178e+00 3.771954424890129012e+05
3.651100000000000012e+00 3.849289698687441996e+05
3.664699999999999847e+00 3.925009995248230989e+05
3.678300000000000125e+00 3.998987271489750710e+05
3.691800000000000193e+00 4.071028511531048571e+05
3.705400000000000027e+00 4.142240688578341505e+05
3.718999999999999861e+00 4.212551519544182229e+05
3.732499999999999929e+00 4.281742560839723446e+05
3.746100000000000207e+00 4.352021130029884516e+05
3.759700000000000042e+00 4.424151024615114438e+05
3.773299999999999876e+00 4.495791279603660223e+05
3.786799999999999944e+00 4.566630089124340448e+05
3.800399999999999778e+00 4.636931345383783919e+05
3.814000000000000057e+00 4.706452193525712937e+05
3.827599999999999891e+00 4.775291595951936324e+05
3.841099999999999959e+00 4.843257327581417630e+05
3.854699999999999793e+00 4.910649234095464344e+05
3.868300000000000072e+00 4.977470000551195699e+05
3.881800000000000139e+00 5.043671626240180922e+05
3.895399999999999974e+00 5.107991500502157141e+05
3.908999999999999808e+00 5.169489666365238954e+05
3.922600000000000087e+00 5.228024739378380473e+05
3.936100000000000154e+00 5.283156579121985706e+05
3.949699999999999989e+00 5.335012937822509557e+05
3.963299999999999823e+00 5.383421992337000556e+05
3.976900000000000102e+00 5.428165099866548553e+05
3.990400000000000169e+00 5.469120967767824186e+05
4.003999999999999559e+00 5.506644831116532441e+05
4.017599999999999838e+00 5.541375375601478154e+05
4.031100000000000350e+00 5.576324377959242556e+05
4.044699999999999740e+00 5.544334846786329290e+05
4.058300000000000018e+00 5.504627928695630981e+05
4.071900000000000297e+00 5.467188971760169370e+05
4.085399999999999920e+00 5.435072675946173258e+05
4.099000000000000199e+00 5.410670449054770870e+05
4.112599999999999589e+00 5.395765928007302573e+05
4.126199999999999868e+00 5.404702595226790290e+05
4.139700000000000379e+00 5.432397478949448559e+05
4.153299999999999770e+00 5.463457970286912750e+05
4.166900000000000048e+00 5.495654917656859616e+05
4.180500000000000327e+00 5.528319186566385906e+05
4.193999999999999950e+00 5.560737489836594323e+05
4.207600000000000229e+00 5.592883056840773206e+05
4.221199999999999619e+00 5.624464163122668397e+05
4.234700000000000131e+00 5.655052813195420895e+05
4.248300000000000409e+00 5.684949439888498746e+05
4.261899999999999800e+00 5.713807477826457471e+05
4.275500000000000078e+00 5.741587681512966519e+05
4.288999999999999702e+00 5.768177931890393374e+05
4.302599999999999980e+00 5.793738819286853541e+05
4.316200000000000259e+00 5.817457069506049156e+05
4.329799999999999649e+00 5.839346259349382017e+05
4.343300000000000161e+00 5.859014331611900125e+05
4.356900000000000439e+00 5.874036452503931941e+05
4.370499999999999829e+00 5.883615677460225997e+05
4.384000000000000341e+00 5.886985350991005544e+05
4.397599999999999731e+00 5.883962553789709928e+05
4.411200000000000010e+00 5.874110875113744987e+05
4.424800000000000288e+00 5.856500951340453466e+05
4.438299999999999912e+00 5.830110278216429288e+05
4.451900000000000190e+00 5.793670665550396079e+05
4.465499999999999581e+00 5.743776134251288604e+05
4.479099999999999859e+00 5.708286679038966540e+05
4.492600000000000371e+00 5.696374693107184721e+05
4.506199999999999761e+00 5.697363520540994359e+05
4.519800000000000040e+00 5.709982909521358088e+05
4.533299999999999663e+00 5.726263672553235665e+05
4.546899999999999942e+00 5.744258594557013130e+05
4.560500000000000220e+00 5.763053835587606300e+05
4.574099999999999611e+00 5.782406895415289328e+05
4.587600000000000122e+00 5.801809582365895621e+05
4.601200000000000401e+00 5.821326545015298761e+05
4.614799999999999791e+00 5.840813561742224265e+05
4.628400000000000070e+00 5.860323277266677469e+05
4.641899999999999693e+00 5.879729213871331885e+05
4.655499999999999972e+00 5.899190344587226864e+05
4.669100000000000250e+00 5.918587365283492254e+05
4.682599999999999874e+00 5.937691377342075575e+05
4.696200000000000152e+00 5.956629255448688054e+05
4.709800000000000431e+00 5.975242089072656818e+05
4.723399999999999821e+00 5.993466197921301937e+05
4.736900000000000333e+00 6.011150641715421807e+05
4.750499999999999723e+00 6.028351685653774766e+05
4.764100000000000001e+00 6.044879547932653222e+05
4.777700000000000280e+00 6.060577198095301865e+05
4.791199999999999903e+00 6.075170528391135158e+05
4.804800000000000182e+00 6.088625053511324804e+05
4.818399999999999572e+00 6.100191524153151549e+05
4.831900000000000084e+00 6.113226897527461406e+05
4.845500000000000362e+00 6.132517417573878774e+05
4.859099999999999753e+00 6.152387860665273620e+05
4.872700000000000031e+00 6.173248316233323421e+05
4.886199999999999655e+00 6.198282212409762433e+05
4.899799999999999933e+00 6.225673270498276688e+05
4.913400000000000212e+00 6.255048692503912607e+05
4.926999999999999602e+00 6.286194707724797772e+05
4.940500000000000114e+00 6.318791252685127547e+05
4.954100000000000392e+00 6.352995481795875821e+05
4.967699999999999783e+00 6.388147027930477634e+05
4.981300000000000061e+00 6.423863595912400633e+05
4.994799999999999685e+00 6.458950959487487562e+05
5.008399999999999963e+00 6.498022910159084713e+05
5.022000000000000242e+00 6.502230163225798169e+05
5.035499999999999865e+00 6.539450491532036103e+05
5.049100000000000144e+00 6.635131306388381636e+05
5.062700000000000422e+00 6.783765190506698564e+05
5.076299999999999812e+00 6.970047838049596176e+05
5.089800000000000324e+00 7.170165506373228272e+05
5.103399999999999714e+00 7.373403463784350315e+05
5.116999999999999993e+00 7.574544752934590215e+05
5.130600000000000271e+00 7.816231138410110725e+05
5.144099999999999895e+00 8.079572943765969248e+05
5.157700000000000173e+00 8.364081602974649286e+05
5.171299999999999564e+00 8.668700846776375547e+05
5.184800000000000075e+00 8.986730401561361505e+05
5.198400000000000354e+00 9.511289278683532029e+05
5.211999999999999744e+00 1.001021024742238806e+06
5.225600000000000023e+00 1.036678272040465963e+06
5.239099999999999646e+00 1.057819552925435826e+06
5.252699999999999925e+00 1.110975171303906012e+06
5.266300000000000203e+00 1.170258066612421302e+06
5.279899999999999594e+00 1.195818840547856409e+06
5.293400000000000105e+00 1.213138522026912542e+06
5.307000000000000384e+00 1.229364540083826287e+06
5.320599999999999774e+00 1.245505091499573551e+06
5.334100000000000286e+00 1.262351964820942841e+06
5.347699999999999676e+00 1.280578177609942155e+06
5.361299999999999955e+00 1.300713913436788134e+06
5.374900000000000233e+00 1.323251614755585557e+06
5.388399999999999856e+00 1.347663609508157475e+06
5.402000000000000135e+00 1.416857773041014327e+06
5.415600000000000414e+00 1.441905510545746656e+06
5.429199999999999804e+00 1.405517050109282834e+06
5.442700000000000315e+00 1.389853865200143307e+06
5.456299999999999706e+00 1.389438852390431566e+06
5.469899999999999984e+00 1.394947625460670330e+06
5.483399999999999608e+00 1.404624828314323211e+06
5.496999999999999886e+00 1.414961392809054814e+06
5.510600000000000165e+00 1.418610378021682380e+06
5.524200000000000443e+00 1.409275170323154656e+06
5.537700000000000067e+00 1.399097889131840086e+06
5.551300000000000345e+00 1.401610576067871181e+06
5.564899999999999736e+00 1.407325311225436861e+06
5.578500000000000014e+00 1.411793775185195496e+06
5.591999999999999638e+00 1.416283153062016936e+06
5.605599999999999916e+00 1.421268359549912857e+06
5.619200000000000195e+00 1.426544452372289263e+06
5.632699999999999818e+00 1.431798631478135707e+06
5.646300000000000097e+00 1.436941108853642130e+06
5.659900000000000375e+00 1.441820445118174888e+06
5.673499999999999766e+00 1.446394850096601993e+06
5.687000000000000277e+00 1.450609405841755681e+06
5.700599999999999667e+00 1.454448388693236513e+06
5.714199999999999946e+00 1.457874367403124692e+06
5.727800000000000225e+00 1.460908145839129342e+06
5.741299999999999848e+00 1.463669582026414340e+06
5.754900000000000126e+00 1.465312909162287600e+06
5.768500000000000405e+00 1.466324694314777851e+06
5.782099999999999795e+00 1.466374278110984946e+06
5.795600000000000307e+00 1.465326967604995472e+06
5.809199999999999697e+00 1.456641006432736525e+06
5.822799999999999976e+00 1.439975856040366227e+06
5.836299999999999599e+00 1.415687544617566513e+06
5.849899999999999878e+00 1.394380771896535298e+06
5.863500000000000156e+00 1.373990646275822772e+06
5.877100000000000435e+00 1.359113694387748372e+06
5.890600000000000058e+00 1.347436992778609972e+06
5.904200000000000337e+00 1.336755475608877605e+06
5.917799999999999727e+00 1.326063716423377162e+06
5.931400000000000006e+00 1.315031314074950060e+06
5.944899999999999629e+00 1.303312978376023239e+06
5.958499999999999908e+00 1.290540551869353512e+06
5.972100000000000186e+00 1.276081431349046528e+06
5.985599999999999810e+00 1.258402480690744240e+06
5.999200000000000088e+00 1.243369003391580191e+06
6.012800000000000367e+00 1.238755450984783703e+06
6.026399999999999757e+00 1.236981105968719581e+06
6.039900000000000269e+00 1.234084338988453615e+06
6.053499999999999659e+00 1.231622482726309216e+06
6.067099999999999937e+00 1.234666041941597592e+06
6.080700000000000216e+00 1.237665940002686111e+06
6.094199999999999839e+00 1.238300515650249319e+06
6.107800000000000118e+00 1.235126944455855293e+06
6.121400000000000396e+00 1.226562116293150233e+06
6.134900000000000020e+00 1.210759896831585793e+06
6.148500000000000298e+00 1.184232326824963558e+06
6.162099999999999689e+00 1.151754234211815055e+06
6.175699999999999967e+00 1.134175049730739556e+06
6.189199999999999591e+00 1.122027845601208974e+06
6.202799999999999869e+00 1.112538492587157059e+06
6.216400000000000148e+00 1.104820966515668435e+06
6.230000000000000426e+00 1.098453475340580801e+06
6.243500000000000050e+00 1.093162986925794743e+06
6.257100000000000328e+00 1.088662406423851615e+06
6.270699999999999719e+00 1.086801527953985846e+06
6.284200000000000230e+00 1.087539345961893210e+06
6.297799999999999621e+00 1.089010938925356138e+06
6.311399999999999899e+00 1.091190869522520807e+06
6.325000000000000178e+00 1.093985037400386063e+06
6.338499999999999801e+00 1.097301639188749483e+06
6.352100000000000080e+00 1.101131422040443402e+06
6.365700000000000358e+00 1.105376449623052729e+06
6.379299999999999748e+00 1.109893502223925432e+06
6.392800000000000260e+00 1.114427788583007408e+06
6.406399999999999650e+00 1.119067076744650025e+06
6.419999999999999929e+00 1.123723213724859059e+06
6.433500000000000441e+00 1.128337089644128690e+06
6.447099999999999831e+00 1.132870286945512751e+06
6.460700000000000109e+00 1.137295178401688347e+06
6.474300000000000388e+00 1.141683086084937677e+06
6.487800000000000011e+00 1.145658328262209194e+06
6.501400000000000290e+00 1.148821024994517909e+06
6.514999999999999680e+00 1.150716767580136191e+06
6.528599999999999959e+00 1.150734190681506414e+06
6.542099999999999582e+00 1.147905612741588848e+06
6.555699999999999861e+00 1.140568864303206792e+06
6.569300000000000139e+00 1.125230850256852806e+06
6.582900000000000418e+00 1.092963511578759411e+06
6.596400000000000041e+00 1.044069472809928819e+06
6.610000000000000320e+00 1.355892155645063147e+06
6.623599999999999710e+00 1.785141040686517023e+06
6.637100000000000222e+00 1.673550696675801417e+06
6.650699999999999612e+00 1.626350604115568101e+06
6.664299999999999891e+00 1.619002118292337982e+06
6.677900000000000169e+00 1.617495892435613787e+06
6.691399999999999793e+00 1.614381355905184755e+06
6.705000000000000071e+00 1.607881575211170828e+06
6.718600000000000350e+00 1.596839303474683082e+06
6.732199999999999740e+00 1.579948876431952463e+06
6.745700000000000252e+00 1.559286931576278294e+06
6.759299999999999642e+00 1.536794660378338769e+06
6.772899999999999920e+00 1.513548476874457672e+06
6.786400000000000432e+00 1.490375209218590753e+06
6.799999999999999822e+00 1.468091270695567830e+06
6.813600000000000101e+00 1.448095551538090454e+06
6.827200000000000379e+00 1.430410119202987058e+06
6.840700000000000003e+00 1.415914960408115759e+06
6.854300000000000281e+00 1.415736584633737104e+06
6.867899999999999672e+00 1.422081872102083638e+06
6.881499999999999950e+00 1.432244699979598867e+06
6.894999999999999574e+00 1.444520345146390842e+06
6.908599999999999852e+00 1.457666518894540379e+06
6.922200000000000131e+00 1.470856485377727309e+06
6.935699999999999754e+00 1.483565898139253957e+06
6.949300000000000033e+00 1.495775313040432287e+06
6.962900000000000311e+00 1.506816389086609473e+06
6.976499999999999702e+00 1.513977969080615789e+06
6.990000000000000213e+00 1.563278718815811677e+06
7.003599999999999604e+00 1.550504456827224465e+06
7.017199999999999882e+00 1.550110654183847830e+06
7.030800000000000161e+00 1.553484349533509696e+06
7.044299999999999784e+00 1.556144115545686567e+06
7.057900000000000063e+00 1.556449454316222342e+06
7.071500000000000341e+00 1.552396518847592175e+06
7.084999999999999964e+00 1.549959934016805142e+06
7.098600000000000243e+00 1.551546269997099414e+06
7.112199999999999633e+00 1.554802978006463265e+06
7.125799999999999912e+00 1.558859329982294934e+06
7.139300000000000423e+00 1.563393931419317378e+06
7.152899999999999814e+00 1.568316165278522298e+06
7.166500000000000092e+00 1.573429942200715654e+06
7.180100000000000371e+00 1.578876452595971758e+06
7.193599999999999994e+00 1.584794802849653410e+06
7.207200000000000273e+00 1.591785722685851855e+06
7.220799999999999663e+00 1.597789495357190026e+06
7.234399999999999942e+00 1.601296304423262598e+06
7.247899999999999565e+00 1.602831605740624247e+06
7.261499999999999844e+00 1.602285256979067810e+06
7.275100000000000122e+00 1.600057381065913243e+06
7.288599999999999746e+00 1.595981828019840410e+06
7.302200000000000024e+00 1.589223478323379764e+06
7.315800000000000303e+00 1.577412255914195674e+06
7.329399999999999693e+00 1.580697802837220253e+06
7.342900000000000205e+00 1.562922438181548612e+06
7.356499999999999595e+00 1.551128691465469776e+06
7.370099999999999874e+00 1.543203759783072164e+06
7.383700000000000152e+00 1.537120728691624710e+06
7.397199999999999775e+00 1.532232401560378959e+06
7.410800000000000054e+00 1.527555147017984651e+06
7.424400000000000333e+00 1.520916662678721128e+06
7.437899999999999956e+00 1.539490749354636297e+06
7.451500000000000234e+00 1.526497211951623438e+06
7.465099999999999625e+00 1.519459047194681829e+06
7.478699999999999903e+00 1.516932975398867624e+06
7.492200000000000415e+00 1.516033083205214702e+06
7.505799999999999805e+00 1.516069376537304139e+06
7.519400000000000084e+00 1.516887116075088503e+06
7.533000000000000362e+00 1.518076946214497788e+06
7.546499999999999986e+00 1.519540408619010821e+06
7.560100000000000264e+00 1.521591205352970632e+06
7.573699999999999655e+00 1.523902275542133255e+06
7.587200000000000166e+00 1.526963313973709242e+06
7.600799999999999557e+00 1.530731487706280081e+06
7.614399999999999835e+00 1.534622296600938076e+06
7.628000000000000114e+00 1.538287269169913605e+06
7.641499999999999737e+00 1.541830194737687474e+06
7.655100000000000016e+00 1.545526983088229550e+06
7.668700000000000294e+00 1.548602353498586453e+06
7.682299999999999685e+00 1.545270313089891570e+06
7.695800000000000196e+00 1.546852946684213122e+06
7.709399999999999586e+00 1.551504208442781353e+06
7.722999999999999865e+00 1.557980261282873107e+06
7.736500000000000377e+00 1.566125599283724325e+06
7.750099999999999767e+00 1.576125526070497232e+06
7.763700000000000045e+00 1.588461126947062090e+06
7.777300000000000324e+00 1.604713610229949700e+06
7.790799999999999947e+00 1.627503099152586656e+06
7.804400000000000226e+00 1.612423939946053550e+06
7.817999999999999616e+00 1.605235426293824101e+06
7.831599999999999895e+00 1.603598124419032363e+06
7.845100000000000406e+00 1.603309255346523365e+06
7.858699999999999797e+00 1.603379188369627343e+06
7.872300000000000075e+00 1.603282127033091383e+06
7.885799999999999699e+00 1.602931579813119723e+06
7.899399999999999977e+00 1.602341783169460483e+06
7.913000000000000256e+00 1.601322694346748060e+06
7.926599999999999646e+00 1.599545168531414820e+06
7.940100000000000158e+00 1.598975568950288696e+06
7.953700000000000436e+00 1.599965936840522103e+06
7.967299999999999827e+00 1.602238117636365118e+06
7.980900000000000105e+00 1.605390332822222263e+06
7.994399999999999729e+00 1.609870797560701380e+06
8.007999999999999119e+00 1.614700871630961774e+06
8.021599999999999397e+00 1.620539962392000714e+06
8.035199999999999676e+00 1.628627813300960464e+06
8.048700000000000188e+00 1.640307094466808019e+06
8.062300000000000466e+00 1.659457585282420972e+06
8.075900000000000745e+00 1.659454292043114081e+06
8.089399999999999480e+00 1.656201835090192035e+06
8.102999999999999758e+00 1.656713696406845236e+06
8.116600000000000037e+00 1.658630677725254791e+06
8.130200000000000315e+00 1.660393228026159806e+06
8.143700000000000827e+00 1.661495387196623953e+06
8.157299999999999329e+00 1.661770991065012524e+06
8.170899999999999608e+00 1.659564883689304581e+06
8.184499999999999886e+00 1.651650018023755634e+06
8.198000000000000398e+00 1.645336989453206537e+06
8.211600000000000676e+00 1.640934341521980241e+06
8.225199999999999179e+00 1.637586677908737911e+06
8.238699999999999690e+00 1.634937000403071754e+06
8.252299999999999969e+00 1.632985069925094955e+06
8.265900000000000247e+00 1.631568636444432894e+06
8.279500000000000526e+00 1.630603279419784667e+06
8.292999999999999261e+00 1.629554736743019195e+06
8.306599999999999540e+00 1.625533701360006584e+06
8.320199999999999818e+00 1.656057396354116732e+06
8.333800000000000097e+00 1.682698131227670936e+06
8.347300000000000608e+00 1.686800613230363233e+06
8.360900000000000887e+00 1.657587432650417788e+06
8.374499999999999389e+00 1.631670942543536657e+06
8.387999999999999901e+00 1.611274406455028104e+06
8.401600000000000179e+00 1.594428917367974063e+06
8.415200000000000458e+00 1.579931299615141703e+06
8.428800000000000736e+00 1.566394753840928664e+06
8.442299999999999471e+00 1.553305801086176885e+06
8.455899999999999750e+00 1.540590247735524783e+06
8.469500000000000028e+00 1.528548311775693670e+06
8.483100000000000307e+00 1.517206925367147895e+06
8.496600000000000819e+00 1.506307194564393489e+06
8.510199999999999321e+00 1.495706895038760267e+06
8.523799999999999599e+00 1.485293454479834996e+06
8.537300000000000111e+00 1.475004235152648063e+06
8.550900000000000389e+00 1.464803790439243196e+06
8.564500000000000668e+00 1.454508523050932214e+06
8.578099999999999170e+00 1.443885360346638598e+06
8.591599999999999682e+00 1.433695037153345300e+06
8.605199999999999960e+00 1.424079991315313382e+06
8.618800000000000239e+00 1.414849577693900326e+06
8.632400000000000517e+00 1.405985246773525840e+06
8.645899999999999253e+00 1.397459977214355022e+06
8.659499999999999531e+00 1.389191908592537744e+06
8.673099999999999810e+00 1.381136770090780687e+06
8.686600000000000321e+00 1.373161692003701581e+06
8.700200000000000600e+00 1.365881712630167603e+06
8.713800000000000878e+00 1.359388604648915352e+06
8.727399999999999380e+00 1.353386044224850833e+06
8.740899999999999892e+00 1.347700296917564468e+06
8.754500000000000171e+00 1.342216717377446359e+06
8.768100000000000449e+00 1.336742379809924867e+06
8.781700000000000728e+00 1.330809520261101890e+06
8.795199999999999463e+00 1.322089551952938316e+06
8.808799999999999741e+00 1.342498393066377379e+06
8.822400000000000020e+00 1.330741682042523753e+06
8.836000000000000298e+00 1.318690055960295256e+06
8.849500000000000810e+00 1.311199336033405736e+06
8.863099999999999312e+00 1.306423224543045741e+06
8.876699999999999591e+00 1.306564354302797932e+06
8.890200000000000102e+00 1.309132191823761677e+06
8.903800000000000381e+00 1.312969937578686047e+06
8.917400000000000659e+00 1.317805747641216964e+06
8.930999999999999162e+00 1.322592254327925388e+06
8.944499999999999673e+00 1.326878498336756136e+06
8.958099999999999952e+00 1.330658242789964192e+06
8.971700000000000230e+00 1.333651974433370633e+06
8.985300000000000509e+00 1.335000218543334864e+06
8.998799999999999244e+00 1.338075955142298480e+06
9.012399999999999523e+00 1.342868973155080806e+06
9.025999999999999801e+00 1.348735780320941936e+06
9.039500000000000313e+00 1.355403975869458867e+06
9.053100000000000591e+00 1.363228909515239531e+06
9.066700000000000870e+00 1.372830209025058430e+06
9.080299999999999372e+00 1.385018733382581500e+06
9.093799999999999883e+00 1.401247821020394331e+06
9.107400000000000162e+00 1.425365662240150617e+06
9.121000000000000441e+00 1.445607813231809298e+06
9.134600000000000719e+00 1.434919995076912222e+06
9.148099999999999454e+00 1.425142609954058891e+06
9.161699999999999733e+00 1.419650851822213503e+06
9.175300000000000011e+00 1.414704916205630405e+06
9.188800000000000523e+00 1.408892231863704743e+06
9.202400000000000801e+00 1.401932233015719568e+06
9.215999999999999304e+00 1.395321511662253644e+06
9.229599999999999582e+00 1.388561349692819174e+06
9.243100000000000094e+00 1.381022359228598420e+06
9.256700000000000372e+00 1.372067216869101627e+06
9.270300000000000651e+00 1.363902491406808374e+06
9.283899999999999153e+00 1.351148219605256105e+06
9.297399999999999665e+00 1.338984269075166667e+06
9.310999999999999943e+00 1.328010678273009369e+06
9.324600000000000222e+00 1.317558108323319349e+06
9.338100000000000733e+00 1.307607442812242312e+06
9.351699999999999235e+00 1.298304239463914186e+06
9.365299999999999514e+00 1.289656697233712766e+06
9.378899999999999793e+00 1.281720866733426694e+06
9.392400000000000304e+00 1.274677369291266892e+06
9.406000000000000583e+00 1.268014072428314248e+06
9.419600000000000861e+00 1.261164553225076990e+06
9.433199999999999363e+00 1.254587853201400489e+06
9.446699999999999875e+00 1.250055510706290137e+06
9.460300000000000153e+00 1.244948928721183445e+06
9.473900000000000432e+00 1.241199795929189539e+06
9.487399999999999167e+00 1.239249774127431912e+06
9.500999999999999446e+00 1.239296303319185507e+06
9.514599999999999724e+00 1.241081581947587896e+06
9.528200000000000003e+00 1.243973751253530383e+06
9.541700000000000514e+00 1.247622633377159247e+06
9.555300000000000793e+00 1.251919627579882741e+06
9.568899999999999295e+00 1.256872804849682609e+06
9.582499999999999574e+00 1.262685554960107431e+06
9.596000000000000085e+00 1.270119191467638360e+06
9.609600000000000364e+00 1.285753390623599058e+06
9.623200000000000642e+00 1.274132872731449781e+06
9.636799999999999145e+00 1.244289792219613679e+06
9.650299999999999656e+00 1.224618308475498576e+06
9.663899999999999935e+00 1.211775336525708670e+06
9.677500000000000213e+00 1.199438305589305703e+06
9.691000000000000725e+00 1.180920919269833947e+06
9.704599999999999227e+00 1.134643822996206116e+06
9.718199999999999505e+00 1.295345538770543877e+06
9.731799999999999784e+00 1.371359516351293307e+06
9.745300000000000296e+00 1.396309488944559358e+06
9.758900000000000574e+00 1.395320834452405805e+06
9.772500000000000853e+00 1.382516342894809786e+06
9.786099999999999355e+00 1.365624194719157880e+06
9.799599999999999866e+00 1.351016234255733434e+06
9.813200000000000145e+00 1.341512364509369945e+06
9.826800000000000423e+00 1.335826670753675979e+06
9.840299999999999159e+00 1.333260730174624827e+06
9.853899999999999437e+00 1.332311779661111068e+06
9.867499999999999716e+00 1.332096839375248179e+06
9.881099999999999994e+00 1.332080400226134341e+06
9.894600000000000506e+00 1.331986462292031152e+06
9.908200000000000784e+00 1.331768522829649737e+06
9.921799999999999287e+00 1.331119061397908255e+06
9.935399999999999565e+00 1.329802301806185162e+06
9.948900000000000077e+00 1.327480570897602476e+06
9.962500000000000355e+00 1.323898526286058361e+06
9.976100000000000634e+00 1.320765712226358475e+06
9.989599999999999369e+00 1.317106626150767552e+06
1.000319999999999965e+01 1.312873274739211658e+06
1.001679999999999993e+01 1.308391129272788996e+06
1.003040000000000020e+01 1.303545108586138347e+06
1.004390000000000072e+01 1.298112132015048526e+06
1.005749999999999922e+01 1.291644539844513405e+06
1.007109999999999950e+01 1.282064509941592813e+06
1.008469999999999978e+01 1.289797920356264804e+06
1.009820000000000029e+01 1.296933713516439777e+06
1.011180000000000057e+01 1.284871975516365143e+06
1.012540000000000084e+01 1.273768167164891027e+06
1.013889999999999958e+01 1.265099115491581149e+06
1.015249999999999986e+01 1.256157120320158545e+06
1.016610000000000014e+01 1.243071978550150059e+06
1.017970000000000041e+01 1.263035510241206735e+06
1.019319999999999915e+01 1.262304037927747006e+06
1.020679999999999943e+01 1.259553005580357043e+06
1.022039999999999971e+01 1.259007052130152704e+06
1.023399999999999999e+01 1.259368487941193394e+06
1.024750000000000050e+01 1.260622576732405229e+06
1.026110000000000078e+01 1.262907861356631853e+06
1.027469999999999928e+01 1.266089882946044439e+06
1.028829999999999956e+01 1.270572079790445045e+06
1.030180000000000007e+01 1.273823748252960388e+06
1.031540000000000035e+01 1.275535069944357034e+06
1.032900000000000063e+01 1.276432975913198199e+06
1.034249999999999936e+01 1.276765643782585161e+06
1.035609999999999964e+01 1.276499266423747875e+06
1.036969999999999992e+01 1.276909060580101097e+06
1.038330000000000020e+01 1.277799292712911731e+06
1.039680000000000071e+01 1.278070978036472807e+06
1.041039999999999921e+01 1.277052110748750158e+06
1.042399999999999949e+01 1.275935641098970314e+06
1.043759999999999977e+01 1.275513628498654114e+06
1.045110000000000028e+01 1.275487122182552470e+06
1.046470000000000056e+01 1.275818078021457186e+06
1.047830000000000084e+01 1.276677140386677580e+06
1.049179999999999957e+01 1.278149699284155620e+06
1.050539999999999985e+01 1.280275474147823406e+06
1.051900000000000013e+01 1.282909173357712105e+06
1.053260000000000041e+01 1.285913271868905984e+06
1.054609999999999914e+01 1.289280713359741727e+06
1.055969999999999942e+01 1.293083725310947746e+06
1.057329999999999970e+01 1.297056639851923333e+06
1.058689999999999998e+01 1.300456962245783536e+06
1.060040000000000049e+01 1.314028706371022621e+06
1.061400000000000077e+01 1.328345222520862706e+06
1.062759999999999927e+01 1.338372639091653982e+06
1.064109999999999978e+01 1.340348399813999655e+06
1.065470000000000006e+01 1.339789338015877875e+06
1.066830000000000034e+01 1.337991224665040849e+06
1.068190000000000062e+01 1.334965331598086283e+06
1.069539999999999935e+01 1.330824804955842439e+06
1.070899999999999963e+01 1.323879224925512215e+06
1.072259999999999991e+01 1.316565853476325748e+06
1.073620000000000019e+01 1.308866944187623914e+06
1.074970000000000070e+01 1.300223852842184249e+06
1.076329999999999920e+01 1.290194153089656495e+06
1.077689999999999948e+01 1.278517824803908821e+06
1.079039999999999999e+01 1.268113613852210110e+06
1.080400000000000027e+01 1.258911615016944241e+06
1.081760000000000055e+01 1.250207064710238017e+06
1.083120000000000083e+01 1.242219289512007497e+06
1.084469999999999956e+01 1.234433617439328926e+06
1.085829999999999984e+01 1.226652904562404845e+06
1.087190000000000012e+01 1.218969687760155415e+06
1.088550000000000040e+01 1.211327270908318693e+06
1.089899999999999913e+01 1.203731632916915463e+06
1.091259999999999941e+01 1.196253958397016162e+06
1.092619999999999969e+01 1.188979676031010458e+06
1.093970000000000020e+01 1.181890793190676020e+06
1.095330000000000048e+01 1.174982931751484750e+06
1.096690000000000076e+01 1.168123423888822785e+06
1.098049999999999926e+01 1.161378210814854596e+06
1.099399999999999977e+01 1.154611337005570764e+06
1.100760000000000005e+01 1.147892951216189424e+06
1.102120000000000033e+01 1.140918887193849310e+06
1.103480000000000061e+01 1.133634975993317785e+06
1.104829999999999934e+01 1.125327232177090133e+06
1.106189999999999962e+01 1.118274177079631714e+06
1.107549999999999990e+01 1.120944315691205673e+06
1.108910000000000018e+01 1.116963059418470599e+06
1.110260000000000069e+01 1.105985856299281819e+06
1.111619999999999919e+01 1.095657895262360107e+06
1.112979999999999947e+01 1.086419109284745296e+06
1.114329999999999998e+01 1.077503879314671736e+06
1.115690000000000026e+01 1.068719220777949318e+06
1.117050000000000054e+01 1.060046446720920503e+06
1.118410000000000082e+01 1.051388648334940430e+06
1.119759999999999955e+01 1.043017728402834269e+06
1.121119999999999983e+01 1.035046599404374720e+06
1.122480000000000011e+01 1.027441292589935823e+06
1.123840000000000039e+01 1.020075301671800669e+06
1.125189999999999912e+01 1.013019685175276245e+06
1.126549999999999940e+01 1.006164115354928188e+06
1.127909999999999968e+01 9.994584316161908209e+05
1.129260000000000019e+01 9.926317348091114545e+05
1.130620000000000047e+01 9.848298099826605758e+05
1.131980000000000075e+01 9.781145790889356285e+05
1.133339999999999925e+01 9.799633355251980247e+05
1.134689999999999976e+01 9.913765685227857903e+05
1.136050000000000004e+01 1.006176175192875788e+06
1.137410000000000032e+01 1.018171008317912347e+06
1.138770000000000060e+01 1.018433433714680024e+06
1.140119999999999933e+01 1.017117942106629140e+06
1.141479999999999961e+01 1.015373677113572485e+06
1.142839999999999989e+01 1.012859216243492789e+06
1.144190000000000040e+01 1.009661010712577612e+06
1.145550000000000068e+01 1.005700360793855158e+06
1.146909999999999918e+01 1.001038058270046837e+06
1.148269999999999946e+01 9.956277636988299200e+05
1.149619999999999997e+01 9.895528118576145498e+05
1.150980000000000025e+01 9.831512263331655413e+05
1.152340000000000053e+01 9.766431985622295178e+05
1.153700000000000081e+01 9.702074302659513196e+05
1.155049999999999955e+01 9.640238696456983453e+05
1.156409999999999982e+01 9.582708802996868035e+05
1.157770000000000010e+01 9.530485056000637123e+05
1.159120000000000061e+01 9.485995206342075253e+05
1.160479999999999912e+01 9.451053612997942837e+05
1.161839999999999939e+01 9.427172063455790048e+05
1.163199999999999967e+01 9.417580844583521830e+05
1.164550000000000018e+01 9.429340843263781862e+05
1.165910000000000046e+01 9.453148182187037310e+05
1.167270000000000074e+01 9.464740791376152774e+05
1.168629999999999924e+01 9.446257509992147097e+05
1.169979999999999976e+01 9.357013312414878746e+05
1.171340000000000003e+01 9.076175659095384181e+05
1.172700000000000031e+01 9.791407278597013792e+05
1.174050000000000082e+01 9.481764477906795219e+05
1.175409999999999933e+01 9.212728167906071758e+05
1.176769999999999960e+01 9.589258169020586647e+05
1.178129999999999988e+01 9.456195475193726597e+05
1.179480000000000040e+01 9.310589878186018905e+05
1.180840000000000067e+01 9.239051045513009885e+05
1.182199999999999918e+01 9.195282281976975501e+05
1.183559999999999945e+01 9.161936661478205351e+05
1.184909999999999997e+01 9.134087082957489183e+05
1.186270000000000024e+01 9.111987474729149835e+05
1.187630000000000052e+01 9.092754300573319197e+05
1.188990000000000080e+01 9.069887565343059832e+05
1.190339999999999954e+01 9.043961703464178136e+05
1.191699999999999982e+01 9.026214534713857574e+05
1.193060000000000009e+01 9.015293085998874158e+05
1.194410000000000061e+01 9.008699997700535459e+05
1.195770000000000088e+01 9.007497833588421345e+05
1.197129999999999939e+01 8.979824933113291627e+05
1.198489999999999966e+01 8.905098635602694703e+05
1.199840000000000018e+01 9.139489758950207615e+05
1.201200000000000045e+01 9.118925661835795036e+05
1.202560000000000073e+01 9.062507130080396309e+05
1.203919999999999924e+01 9.045414387211917201e+05
1.205269999999999975e+01 9.041342538648559712e+05
1.206630000000000003e+01 9.036616551903806394e+05
1.207990000000000030e+01 9.018824003928796155e+05
1.209340000000000082e+01 8.984843141558006173e+05
1.210699999999999932e+01 8.961064336761998711e+05
1.212059999999999960e+01 8.941313306583465310e+05
1.213419999999999987e+01 8.920576734053171240e+05
1.214770000000000039e+01 8.896068051368886372e+05
1.216130000000000067e+01 8.871811926644934574e+05
1.217489999999999917e+01 8.877536787892404245e+05
1.218849999999999945e+01 8.851098993522521341e+05
1.220199999999999996e+01 8.843696428153453162e+05
1.221560000000000024e+01 8.847160172600859078e+05
1.222920000000000051e+01 8.857335172932717251e+05
1.224269999999999925e+01 8.873107193733210443e+05
1.225629999999999953e+01 8.895804030995439971e+05
1.226989999999999981e+01 8.926417981673231116e+05
1.228350000000000009e+01 8.960884046999273123e+05
1.229700000000000060e+01 8.997815210172416409e+05
1.231060000000000088e+01 9.035809105268529383e+05
1.232419999999999938e+01 9.075057552934862906e+05
1.233779999999999966e+01 9.113779700450152159e+05
1.235130000000000017e+01 9.152741525016467785e+05
1.236490000000000045e+01 9.191706099388246657e+05
1.237850000000000072e+01 9.230377319841341814e+05
1.239199999999999946e+01 9.265998877910795854e+05
1.240559999999999974e+01 9.290187197063198546e+05
1.241920000000000002e+01 9.305921198825534666e+05
1.243280000000000030e+01 9.316360706512635807e+05
1.244630000000000081e+01 9.319778352302327985e+05
1.245989999999999931e+01 9.314960013347096974e+05
1.247349999999999959e+01 9.294942980341274524e+05
1.248709999999999987e+01 9.276955621138097486e+05
1.250060000000000038e+01 9.260035928133887937e+05
1.251420000000000066e+01 9.235528775021497859e+05
1.252779999999999916e+01 9.217550635754981777e+05
1.254139999999999944e+01 9.206094669853528030e+05
1.255489999999999995e+01 9.199415131829465972e+05
1.256850000000000023e+01 9.196270916666788980e+05
1.258210000000000051e+01 9.191923637284153374e+05
1.259559999999999924e+01 9.190304076702800812e+05
1.260919999999999952e+01 9.200593693702593446e+05
1.262279999999999980e+01 9.230436993964012945e+05
1.263640000000000008e+01 9.224317051094946219e+05
1.264990000000000059e+01 9.112463361395802349e+05
1.266350000000000087e+01 9.042487686453744536e+05
1.267709999999999937e+01 8.989243981159460964e+05
1.269069999999999965e+01 8.937816086598137626e+05
1.270420000000000016e+01 8.887526811086675152e+05
1.271780000000000044e+01 8.837069629577383166e+05
1.273140000000000072e+01 8.783199750182904536e+05
1.274489999999999945e+01 8.727466132369410479e+05
1.275849999999999973e+01 8.676627724417867139e+05
1.277210000000000001e+01 8.631165008377324557e+05
1.278570000000000029e+01 8.598754141758441692e+05
1.279920000000000080e+01 8.573946203511100030e+05
1.281279999999999930e+01 8.551284363544726511e+05
1.282639999999999958e+01 8.531378140198123874e+05
1.283999999999999986e+01 8.526458363397670910e+05
1.285350000000000037e+01 8.511777997581273085e+05
1.286710000000000065e+01 8.660532143423160305e+05
1.288069999999999915e+01 8.696402400262270821e+05
1.289419999999999966e+01 8.675726784140807576e+05
1.290779999999999994e+01 8.971645142320034793e+05
1.292140000000000022e+01 8.848987236725586699e+05
1.293500000000000050e+01 8.776557978669143049e+05
1.294849999999999923e+01 8.710404742619293975e+05
1.296209999999999951e+01 8.649231218160275603e+05
1.297569999999999979e+01 8.601474261703706579e+05
1.298930000000000007e+01 8.564839750645663589e+05
1.300280000000000058e+01 8.543036675279092742e+05
1.301640000000000086e+01 8.538851960814576596e+05
1.302999999999999936e+01 8.548575419758292846e+05
1.304349999999999987e+01 8.569390420635516057e+05
1.305710000000000015e+01 8.597083854240324581e+05
1.307070000000000043e+01 8.626113987266998738e+05
1.308430000000000071e+01 8.656092288007283350e+05
1.309779999999999944e+01 8.682335243605241412e+05
1.311139999999999972e+01 8.714674996693753637e+05
1.312500000000000000e+01 8.767635111715713283e+05
1.313860000000000028e+01 8.825819002684546867e+05
1.315210000000000079e+01 8.921184590508829569e+05
1.316569999999999929e+01 9.003266567443822278e+05
1.317929999999999957e+01 9.069548321509147063e+05
1.319280000000000008e+01 9.107260534326252528e+05
1.320640000000000036e+01 9.124255148324150359e+05
1.322000000000000064e+01 9.104268022892620647e+05
1.323359999999999914e+01 9.099537409145130077e+05
1.324709999999999965e+01 9.126101712087405613e+05
1.326069999999999993e+01 9.166546511297965189e+05
1.327430000000000021e+01 9.216775441224410897e+05
1.328790000000000049e+01 9.271349412824976025e+05
1.330139999999999922e+01 9.327985986015098169e+05
1.331499999999999950e+01 9.357630887868114514e+05
1.332859999999999978e+01 9.365825770418752218e+05
1.334220000000000006e+01 9.368353703377499478e+05
1.335570000000000057e+01 9.364032127588759176e+05
1.336930000000000085e+01 9.352738689830893418e+05
1.338289999999999935e+01 9.335549170559188351e+05
1.339639999999999986e+01 9.332469051801894093e+05
1.341000000000000014e+01 9.312275414939866168e+05
1.342360000000000042e+01 9.276904984116830165e+05
1.343720000000000070e+01 9.230717558952471009e+05
1.345069999999999943e+01 9.199483054808775196e+05
1.346429999999999971e+01 9.172443893478234531e+05
1.347789999999999999e+01 9.134489209162606858e+05
1.349150000000000027e+01 9.089036118199828779e+05
1.350500000000000078e+01 9.090797701106462628e+05
1.351859999999999928e+01 9.255722257208594820e+05
1.353219999999999956e+01 9.246396128813946852e+05
1.354570000000000007e+01 9.295104139292956097e+05
1.355930000000000035e+01 9.347178343088008696e+05
1.357290000000000063e+01 9.376640518898965092e+05
1.358649999999999913e+01 9.372002160644322867e+05
1.359999999999999964e+01 9.320053878471874632e+05
1.361359999999999992e+01 9.222733864780877484e+05
1.362720000000000020e+01 9.158614383458067896e+05
1.364080000000000048e+01 9.105727262808216037e+05
1.365429999999999922e+01 9.068885620072345482e+05
1.366789999999999949e+01 9.171024273254661821e+05
1.368149999999999977e+01 9.190656388957988238e+05
1.369500000000000028e+01 9.178409734049494145e+05
1.370860000000000056e+01 9.171213272461345186e+05
1.372220000000000084e+01 9.154370236895898124e+05
1.373579999999999934e+01 9.125481440659643849e+05
1.374929999999999986e+01 9.080770357763109496e+05
1.376290000000000013e+01 9.039096185475563398e+05
1.377650000000000041e+01 9.004908647484345129e+05
1.379010000000000069e+01 8.986185275205791695e+05
1.380359999999999943e+01 8.991677862595060142e+05
1.381719999999999970e+01 8.997723995664963732e+05
1.383079999999999998e+01 8.996912371915705735e+05
1.384430000000000049e+01 8.997655904638036154e+05
1.385790000000000077e+01 8.974017852434372762e+05
1.387149999999999928e+01 8.902187828981733182e+05
1.388509999999999955e+01 8.778686024404902710e+05
1.389860000000000007e+01 8.633151428206190467e+05
1.391220000000000034e+01 8.489466773749417625e+05
1.392580000000000062e+01 8.358017552530734101e+05
1.393939999999999912e+01 8.264461449807389872e+05
1.395289999999999964e+01 8.134002508498966927e+05
1.396649999999999991e+01 8.017909881874220446e+05
1.398010000000000019e+01 7.913252918635043316e+05
1.399360000000000070e+01 7.676566655371673405e+05
1.400719999999999921e+01 7.490366948244924424e+05
1.402079999999999949e+01 7.328106568777543725e+05
1.403439999999999976e+01 7.179005106873124605e+05
1.404790000000000028e+01 7.041946804085240001e+05
1.406150000000000055e+01 6.924705041544734268e+05
1.407510000000000083e+01 6.829289984913918888e+05
1.408869999999999933e+01 6.746126672848238377e+05
1.410219999999999985e+01 6.664348065528197912e+05
1.411580000000000013e+01 6.587546486803190783e+05
1.412940000000000040e+01 6.516502061988252681e+05
1.414300000000000068e+01 6.450490990860430757e+05
1.415649999999999942e+01 6.387806539255764801e+05
1.417009999999999970e+01 6.322857374162283959e+05
1.418369999999999997e+01 6.254824747539967066e+05
1.419720000000000049e+01 6.188856583293954609e+05
1.421080000000000076e+01 6.133487831990949344e+05
1.422439999999999927e+01 6.077312625015724916e+05
1.423799999999999955e+01 6.043240291341951815e+05
1.425150000000000006e+01 6.026128445572052151e+05
1.426510000000000034e+01 6.089017544451173162e+05
1.427870000000000061e+01 6.074609042408351088e+05
1.429229999999999912e+01 6.084657384602300590e+05
1.430579999999999963e+01 6.100753180166078964e+05
1.431939999999999991e+01 6.106396439955002861e+05
1.433300000000000018e+01 6.093474169471876230e+05
1.434650000000000070e+01 6.075144585600441787e+05
1.436009999999999920e+01 6.057709885804685764e+05
1.437369999999999948e+01 6.193563011989009101e+05
1.438729999999999976e+01 6.157376540284785442e+05
1.440080000000000027e+01 6.215732295618057251e+05
1.441440000000000055e+01 6.277227567161229672e+05
1.442800000000000082e+01 6.322692999985474162e+05
1.444159999999999933e+01 6.350915953472115798e+05
1.445509999999999984e+01 6.266872982406656956e+05
1.446870000000000012e+01 6.151209850816047983e+05
1.448230000000000040e+01 6.157712784621758619e+05
1.449579999999999913e+01 6.191306710967980325e+05
1.450939999999999941e+01 6.236056804149823729e+05
1.452299999999999969e+01 6.287378750477718422e+05
1.453659999999999997e+01 6.342373180462152231e+05
1.455010000000000048e+01 6.423517129606681410e+05
1.456370000000000076e+01 6.505921572392528178e+05
1.457729999999999926e+01 6.577826259729756275e+05
1.459089999999999954e+01 6.614576701115496689e+05
1.460440000000000005e+01 6.672245229922257131e+05
1.461800000000000033e+01 6.760615996053346898e+05
1.463160000000000061e+01 6.725674108276369516e+05
1.464509999999999934e+01 6.694431823345447192e+05
1.465869999999999962e+01 6.646918325132991886e+05
1.467229999999999990e+01 6.625219054145135451e+05
1.468590000000000018e+01 6.585542854400841752e+05
1.469940000000000069e+01 6.511206473844972206e+05
1.471299999999999919e+01 6.541642187771996250e+05
1.472659999999999947e+01 6.740662968898968538e+05
1.474019999999999975e+01 6.605548269705965649e+05
1.475370000000000026e+01 6.401631655016858131e+05
1.476730000000000054e+01 7.173885013991157757e+05
1.478090000000000082e+01 6.766093424427871360e+05
1.479439999999999955e+01 6.746890712692103116e+05
1.480799999999999983e+01 6.777402583867475623e+05
1.482160000000000011e+01 6.819218695314609213e+05
1.483520000000000039e+01 6.864173714569606818e+05
1.484869999999999912e+01 6.906105973567144247e+05
1.486229999999999940e+01 6.942604124253439950e+05
1.487589999999999968e+01 6.996629638844385045e+05
1.488949999999999996e+01 7.076098605261606863e+05
1.490300000000000047e+01 7.154922949477583170e+05
1.491660000000000075e+01 7.225356549108260078e+05
1.493019999999999925e+01 7.275139958438541507e+05
1.494379999999999953e+01 7.306416272166096605e+05
1.495730000000000004e+01 7.386280475970680127e+05
1.497090000000000032e+01 7.431725140963933663e+05
1.498450000000000060e+01 7.488760046511205146e+05
1.499799999999999933e+01 7.536675210487790173e+05
1.501159999999999961e+01 7.570551063025882468e+05
1.502519999999999989e+01 7.731669860214266228e+05
1.503880000000000017e+01 7.842415642439335352e+05
1.505230000000000068e+01 7.943235408024023054e+05
1.506589999999999918e+01 7.934250748212781036e+05
1.507949999999999946e+01 7.829777671076706611e+05
1.509309999999999974e+01 7.781853636568342336e+05
1.510660000000000025e+01 7.725614479873039527e+05
1.512020000000000053e+01 7.611233227077764459e+05
1.513380000000000081e+01 7.440857424535491737e+05
1.514729999999999954e+01 7.149406409965885105e+05
1.516089999999999982e+01 8.423270510677247075e+05
1.517450000000000010e+01 8.601575720053132391e+05
1.518810000000000038e+01 8.062730391177440761e+05
1.520159999999999911e+01 8.158682392830573954e+05
1.521519999999999939e+01 7.968552881137616932e+05
1.522879999999999967e+01 7.825223098299143603e+05
1.524239999999999995e+01 7.639959040484471479e+05
1.525590000000000046e+01 7.368241008870551595e+05
1.526950000000000074e+01 7.180398884371598251e+05
1.528309999999999924e+01 7.002842980078806868e+05
1.529659999999999975e+01 6.823088677414994454e+05
1.531020000000000003e+01 6.631458091192957945e+05
1.532380000000000031e+01 6.455223072168265935e+05
1.533740000000000059e+01 6.528837194515925366e+05
1.535089999999999932e+01 6.683790546881575137e+05
1.536449999999999960e+01 6.854663987628654577e+05
1.537809999999999988e+01 7.021812236800389364e+05
1.539170000000000016e+01 7.173515217318256618e+05
1.540520000000000067e+01 7.301145098369136686e+05
1.541879999999999917e+01 7.390798247308763675e+05
1.543239999999999945e+01 7.460036039305677405e+05
1.544589999999999996e+01 7.548243785890924046e+05
1.545950000000000024e+01 7.739599492442960618e+05
1.547310000000000052e+01 7.856913881762754172e+05
1.548670000000000080e+01 7.819853879461571341e+05
1.550019999999999953e+01 7.797312248061051359e+05
1.551379999999999981e+01 8.162542711507953936e+05
1.552740000000000009e+01 8.088442966664494015e+05
1.554100000000000037e+01 8.082472428596763639e+05
1.555450000000000088e+01 8.117339658177025849e+05
1.556809999999999938e+01 8.166336083137689857e+05
1.558169999999999966e+01 8.209572448632117594e+05
1.559529999999999994e+01 8.374510736848410452e+05
1.560880000000000045e+01 8.377042367902580881e+05
1.562240000000000073e+01 8.403471557514058659e+05
1.563599999999999923e+01 8.617958600509722019e+05
1.564949999999999974e+01 8.560868846753371181e+05
1.566310000000000002e+01 8.532543438326356700e+05
1.567670000000000030e+01 8.463906094525987282e+05
1.569030000000000058e+01 8.374500591133357957e+05
1.570379999999999932e+01 8.342035654867416015e+05
1.571739999999999959e+01 8.331004521587168565e+05
1.573099999999999987e+01 8.340897932373030344e+05
1.574460000000000015e+01 8.365597267276416533e+05
1.575810000000000066e+01 8.361425563902459107e+05
1.577169999999999916e+01 8.371207561209338019e+05
1.578529999999999944e+01 8.397042622337931534e+05
1.579879999999999995e+01 8.332016728426426416e+05
1.581240000000000023e+01 8.169016978141128784e+05
1.582600000000000051e+01 8.097842202912353678e+05
1.583960000000000079e+01 8.050558449893203797e+05
1.585309999999999953e+01 8.012021779323541559e+05
1.586669999999999980e+01 7.977865225822962821e+05
1.588030000000000008e+01 7.946562869289092487e+05
1.589390000000000036e+01 7.920592532394564478e+05
1.590740000000000087e+01 7.899084256203727564e+05
1.592099999999999937e+01 7.879710262168588815e+05
1.593459999999999965e+01 7.860909715897249989e+05
1.594810000000000016e+01 7.842637990570579423e+05
1.596170000000000044e+01 7.826603130203144392e+05
1.597530000000000072e+01 7.814330088173063705e+05
1.598889999999999922e+01 7.787647089819409885e+05
1.600240000000000151e+01 7.726424500705745304e+05
1.601599999999999824e+01 7.629659314730855403e+05
1.602959999999999852e+01 7.964291578845204785e+05
1.604319999999999879e+01 7.643256722331205383e+05
1.605669999999999931e+01 7.820239789549461566e+05
1.607029999999999959e+01 7.461046711298627779e+05
1.608389999999999986e+01 7.231108264349197270e+05
1.609740000000000038e+01 7.943016752295456827e+05
1.611100000000000065e+01 7.538670769217195921e+05
1.612460000000000093e+01 7.391198277171747759e+05
1.613820000000000121e+01 7.288319644770147279e+05
1.615170000000000172e+01 7.188564395779253682e+05
1.616529999999999845e+01 7.078693034705063328e+05
1.617889999999999873e+01 7.118319473851771327e+05
1.619249999999999901e+01 7.075627332585795084e+05
1.620599999999999952e+01 6.851824561009964673e+05
1.621959999999999980e+01 6.714364980276387651e+05
1.623320000000000007e+01 6.596158043205748545e+05
1.624670000000000059e+01 6.479811434909272939e+05
1.626030000000000086e+01 6.392546410239256220e+05
1.627390000000000114e+01 6.299478979934297968e+05
1.628750000000000142e+01 6.214657658121892018e+05
1.630099999999999838e+01 6.141165479011673015e+05
1.631459999999999866e+01 6.067105362322566798e+05
1.632819999999999894e+01 6.113647283628426958e+05
1.634179999999999922e+01 6.044566482351613231e+05
1.635529999999999973e+01 5.995796893628337421e+05
1.636890000000000001e+01 6.077913992085349746e+05
1.638250000000000028e+01 6.085744393581768963e+05
1.639610000000000056e+01 6.020218681930819293e+05
1.640960000000000107e+01 5.927254345298992703e+05
1.642320000000000135e+01 5.848159928404296516e+05
1.643680000000000163e+01 5.778949097440111218e+05
1.645029999999999859e+01 5.716946775866860989e+05
1.646389999999999887e+01 5.662013537126063602e+05
1.647749999999999915e+01 5.619738974037881708e+05
1.649109999999999943e+01 5.543256891771393130e+05
1.650459999999999994e+01 5.565243411322742468e+05
1.651820000000000022e+01 5.428538419842619915e+05
1.653180000000000049e+01 5.369159793968539452e+05
1.654540000000000077e+01 5.325864250102086226e+05
1.655890000000000128e+01 5.297199940737503348e+05
1.657250000000000156e+01 5.275603974740408594e+05
1.658609999999999829e+01 5.258880332063856767e+05
1.659959999999999880e+01 5.242662722241925076e+05
1.661319999999999908e+01 5.232730640368944150e+05
1.662679999999999936e+01 5.229614311769931228e+05
1.664039999999999964e+01 5.236103177377088577e+05
1.665390000000000015e+01 5.245819733649847331e+05
1.666750000000000043e+01 5.262639265276541701e+05
1.668110000000000070e+01 5.285276211743522435e+05
1.669470000000000098e+01 5.313025099082743982e+05
1.670820000000000149e+01 5.342958430819588248e+05
1.672180000000000177e+01 5.381582082013188628e+05
1.673539999999999850e+01 5.493573385108311195e+05
1.674889999999999901e+01 5.565143615499774460e+05
1.676249999999999929e+01 5.648673498640006874e+05
1.677609999999999957e+01 5.731373362058057683e+05
1.678969999999999985e+01 5.807434766011891188e+05
1.680320000000000036e+01 5.878657140143475262e+05
1.681680000000000064e+01 5.999110344212746713e+05
1.683040000000000092e+01 6.080420347029701807e+05
1.684400000000000119e+01 6.177830470719342120e+05
1.685750000000000171e+01 6.291017977118907729e+05
1.687109999999999843e+01 6.504146818974950584e+05
1.688469999999999871e+01 6.851284989796346053e+05
1.689819999999999922e+01 7.017464621399915777e+05
1.691179999999999950e+01 6.897035022571372101e+05
1.692539999999999978e+01 6.736014021542003611e+05
1.693900000000000006e+01 6.709458047380744247e+05
1.695250000000000057e+01 6.692814936942610657e+05
1.696610000000000085e+01 6.765058425365162548e+05
1.697970000000000113e+01 6.719536834644711344e+05
1.699330000000000140e+01 6.679194228170341812e+05
1.700679999999999836e+01 6.743548516964352457e+05
1.702039999999999864e+01 6.972182531582785305e+05
1.703399999999999892e+01 6.841311263511840953e+05
1.704749999999999943e+01 6.807504198860398028e+05
1.706109999999999971e+01 6.775986016224692576e+05
1.707469999999999999e+01 6.716020246785159688e+05
1.708830000000000027e+01 6.621060349654376041e+05
1.710180000000000078e+01 6.575491422795024700e+05
1.711540000000000106e+01 6.568086085624446860e+05
1.712900000000000134e+01 6.463845364369278541e+05
1.714260000000000161e+01 6.392943291795905679e+05
1.715609999999999857e+01 6.329900778003624873e+05
1.716969999999999885e+01 6.251696599808539031e+05
1.718329999999999913e+01 6.163194143727129558e+05
1.719689999999999941e+01 6.076223595998880919e+05
1.721039999999999992e+01 5.984583412840135861e+05
1.722400000000000020e+01 5.898085547386416001e+05
1.723760000000000048e+01 5.835856391665885458e+05
1.725110000000000099e+01 5.832662453552443767e+05
1.726470000000000127e+01 5.869868658425140893e+05
1.727830000000000155e+01 5.978676335451034829e+05
1.729189999999999827e+01 6.065355149220804451e+05
1.730539999999999878e+01 6.101390521716650110e+05
1.731899999999999906e+01 6.068345348338683834e+05
1.733259999999999934e+01 6.077046505193719640e+05
1.734619999999999962e+01 5.918888793570648413e+05
1.735970000000000013e+01 5.779278794708215864e+05
1.737330000000000041e+01 5.734487544034110615e+05
1.738690000000000069e+01 5.683707117477812571e+05
1.740040000000000120e+01 5.586213779334462015e+05
1.741400000000000148e+01 5.485785392590753036e+05
1.742760000000000176e+01 5.433787753861509264e+05
1.744119999999999848e+01 5.380867499116632389e+05
1.745469999999999899e+01 5.226644015781240887e+05
1.746829999999999927e+01 5.117892428818698390e+05
1.748189999999999955e+01 4.954882519145437982e+05
1.749549999999999983e+01 4.825249768053655862e+05
1.750900000000000034e+01 4.693493411359079764e+05
1.752260000000000062e+01 4.555129496235095430e+05
1.753620000000000090e+01 4.435579507663830300e+05
1.754970000000000141e+01 4.456688722548862570e+05
1.756330000000000169e+01 4.392290847197106923e+05
1.757689999999999841e+01 4.355538418562665465e+05
1.759049999999999869e+01 4.316197006232105196e+05
1.760399999999999920e+01 4.275155001227327739e+05
1.761759999999999948e+01 4.258899743951605051e+05
1.763119999999999976e+01 4.258278913996812771e+05
1.764480000000000004e+01 4.202565302469612216e+05
1.765830000000000055e+01 4.151859051528743003e+05
1.767190000000000083e+01 4.044705833517003339e+05
1.768550000000000111e+01 3.883044342760995496e+05
1.769900000000000162e+01 3.759259800394751946e+05
1.771259999999999835e+01 3.707211831865150598e+05
1.772619999999999862e+01 3.674830726390546188e+05
1.773979999999999890e+01 3.656641279961594846e+05
1.775329999999999941e+01 3.646613251480507315e+05
1.776689999999999969e+01 3.653509436589013203e+05
1.778049999999999997e+01 3.680911337511264719e+05
1.779410000000000025e+01 3.687400024473334779e+05
1.780760000000000076e+01 3.690976932191115920e+05
1.782120000000000104e+01 3.727661276453125174e+05
1.783480000000000132e+01 3.822840907575283200e+05
1.784829999999999828e+01 3.925090921912164777e+05
1.786189999999999856e+01 4.004216824942700914e+05
1.787549999999999883e+01 4.090560767291157972e+05
1.788909999999999911e+01 4.095656202755885315e+05
1.790259999999999962e+01 4.079264954329624306e+05
1.791619999999999990e+01 4.074350214491211227e+05
1.792980000000000018e+01 4.089699930983208469e+05
1.794340000000000046e+01 4.104224266671985970e+05
1.795690000000000097e+01 4.127067385604919400e+05
1.797050000000000125e+01 4.160372964544889983e+05
1.798410000000000153e+01 4.194850505792996846e+05
1.799769999999999825e+01 4.228820738897126284e+05
1.801119999999999877e+01 4.258490151840804028e+05
1.802479999999999905e+01 4.296599509069950436e+05
1.803839999999999932e+01 4.347289309677931014e+05
1.805189999999999984e+01 4.403083280595428660e+05
1.806550000000000011e+01 4.464436074318041210e+05
1.807910000000000039e+01 4.530097814793924335e+05
1.809270000000000067e+01 4.585266687589454814e+05
1.810620000000000118e+01 4.666368921037293039e+05
1.811980000000000146e+01 4.946813392281981069e+05
1.813340000000000174e+01 4.933035741710999864e+05
1.814699999999999847e+01 4.976810562728662626e+05
1.816049999999999898e+01 5.018169797047580942e+05
1.817409999999999926e+01 5.048832830645631184e+05
1.818769999999999953e+01 5.088943405870683491e+05
1.820120000000000005e+01 5.097384698349565733e+05
1.821480000000000032e+01 5.090805510038969223e+05
1.822840000000000060e+01 5.086757184449105407e+05
1.824200000000000088e+01 5.081895208482108428e+05
1.825550000000000139e+01 5.169959383828223799e+05
1.826910000000000167e+01 5.207913027541127522e+05
1.828269999999999840e+01 5.258158191025586566e+05
1.829629999999999868e+01 5.313224266253823880e+05
1.830979999999999919e+01 5.368077276674991008e+05
1.832339999999999947e+01 5.450611870792295085e+05
1.833699999999999974e+01 5.532809476388697512e+05
1.835050000000000026e+01 5.617529176255097846e+05
1.836410000000000053e+01 5.623140547544847941e+05
1.837770000000000081e+01 5.622595300056930864e+05
1.839130000000000109e+01 5.603901708701848984e+05
1.840480000000000160e+01 5.565410212011453696e+05
1.841839999999999833e+01 5.508579020002268953e+05
1.843199999999999861e+01 5.433570650760373101e+05
1.844559999999999889e+01 5.345754978598292219e+05
1.845909999999999940e+01 5.243215997145848814e+05
1.847269999999999968e+01 5.157503380098280613e+05
1.848629999999999995e+01 5.075916345782071003e+05
1.849980000000000047e+01 4.934373665498008486e+05
1.851340000000000074e+01 4.889671416950079147e+05
1.852700000000000102e+01 4.874872569861936499e+05
1.854060000000000130e+01 4.869385541223806795e+05
1.855409999999999826e+01 4.845764336743219174e+05
1.856769999999999854e+01 4.804237251907837926e+05
1.858129999999999882e+01 4.760825767621872365e+05
1.859489999999999910e+01 4.710583332891298342e+05
1.860839999999999961e+01 4.861852868259508978e+05
1.862199999999999989e+01 4.731969335905516054e+05
1.863560000000000016e+01 4.688730029548222083e+05
1.864920000000000044e+01 4.904333443697010516e+05
1.866270000000000095e+01 4.793018837180066039e+05
1.867630000000000123e+01 4.794200924424962723e+05
1.868990000000000151e+01 4.798241054422440939e+05
1.870339999999999847e+01 4.809977218527297373e+05
1.871699999999999875e+01 4.850651202958938666e+05
1.873059999999999903e+01 4.927666619925244595e+05
1.874419999999999931e+01 5.066209412189482828e+05
1.875769999999999982e+01 5.073852152002666262e+05
1.877130000000000010e+01 5.054264373735396657e+05
1.878490000000000038e+01 5.028362663772099186e+05
1.879850000000000065e+01 4.934520206311448128e+05
1.881200000000000117e+01 4.874602525073823635e+05
1.882560000000000144e+01 4.835222210354369599e+05
1.883920000000000172e+01 4.786996895492735202e+05
1.885269999999999868e+01 4.700903567293339293e+05
1.886629999999999896e+01 4.636956650284838397e+05
1.887989999999999924e+01 4.596438340108764241e+05
1.889349999999999952e+01 4.630698514513301197e+05
1.890700000000000003e+01 4.795143438272512867e+05
1.892060000000000031e+01 4.876772464772479143e+05
1.893420000000000059e+01 4.856380357777641620e+05
1.894780000000000086e+01 4.788783917248831713e+05
1.896130000000000138e+01 4.748786355283817393e+05
1.897490000000000165e+01 4.712853730504245614e+05
1.898849999999999838e+01 4.674836765513641876e+05
1.900199999999999889e+01 4.631993155026578461e+05
1.901559999999999917e+01 4.577839536436481285e+05
1.902919999999999945e+01 4.516984968235713313e+05
1.904279999999999973e+01 4.451362250157356611e+05
1.905630000000000024e+01 4.380014255825921427e+05
1.906990000000000052e+01 4.308283967418633401e+05
1.908350000000000080e+01 4.236238181941355579e+05
1.909710000000000107e+01 4.175374879788776743e+05
1.911060000000000159e+01 4.095631476191657712e+05
1.912419999999999831e+01 3.999675255593825132e+05
1.913779999999999859e+01 3.984487217733780853e+05
1.915129999999999910e+01 4.046804302439517342e+05
1.916489999999999938e+01 4.127228601586003206e+05
1.917849999999999966e+01 4.211027985579316155e+05
1.919209999999999994e+01 4.305100068540854845e+05
1.920560000000000045e+01 4.280535239986050292e+05
1.921920000000000073e+01 4.241006605159151368e+05
1.923280000000000101e+01 4.189025061697607744e+05
1.924640000000000128e+01 4.260206527232664521e+05
1.925989999999999824e+01 4.313249554539129022e+05
1.927349999999999852e+01 4.292430883103605011e+05
1.928709999999999880e+01 4.283045011116109672e+05
1.930059999999999931e+01 4.671550717044866760e+05
1.931419999999999959e+01 4.424056648331569158e+05
1.932779999999999987e+01 4.429813053951684851e+05
1.934140000000000015e+01 4.421006020755831269e+05
1.935490000000000066e+01 4.359260505916234106e+05
1.936850000000000094e+01 4.276175253477892256e+05
1.938210000000000122e+01 4.146397326272701030e+05
1.939570000000000149e+01 4.105024241898262990e+05
1.940919999999999845e+01 4.098190708988962579e+05
1.942279999999999873e+01 4.106109143873886787e+05
1.943639999999999901e+01 3.872455916915175621e+05
1.944999999999999929e+01 3.872813172368989908e+05
1.946349999999999980e+01 3.806973368987436988e+05
1.947710000000000008e+01 3.797823786495682434e+05
1.949070000000000036e+01 3.812115120735464734e+05
1.950420000000000087e+01 3.827328051585892099e+05
1.951780000000000115e+01 3.849483356805387302e+05
1.953140000000000143e+01 3.923051633768500760e+05
1.954500000000000171e+01 4.064970033499909914e+05
1.955849999999999866e+01 4.142671853938911227e+05
1.957209999999999894e+01 4.137637637738371850e+05
1.958569999999999922e+01 4.150762687839390710e+05
1.959929999999999950e+01 4.106286290710131289e+05
1.961280000000000001e+01 3.978644315062610549e+05
1.962640000000000029e+01 3.805771687480219989e+05
1.964000000000000057e+01 3.584593498748081620e+05
1.965350000000000108e+01 3.524048907806475181e+05
1.966710000000000136e+01 3.515266864369714749e+05
1.968070000000000164e+01 3.513061710388686624e+05
1.969429999999999836e+01 3.510165126594525645e+05
1.970779999999999887e+01 3.505370907513678540e+05
1.972139999999999915e+01 3.503588946022290620e+05
1.973499999999999943e+01 3.500532379001614754e+05
1.974859999999999971e+01 3.486257753968680627e+05
1.976210000000000022e+01 3.470943851626982214e+05
1.977570000000000050e+01 3.463129275832290296e+05
1.978930000000000078e+01 3.439229350983527256e+05
1.980280000000000129e+01 3.429425740290426183e+05
1.981640000000000157e+01 3.410998928121770732e+05
1.982999999999999829e+01 3.390624112675550277e+05
1.984359999999999857e+01 3.378825795285135973e+05
1.985709999999999908e+01 3.398702386270725401e+05
1.987069999999999936e+01 3.424349529656228842e+05
1.988429999999999964e+01 3.442665097717253957e+05
1.989789999999999992e+01 3.462992561364018475e+05
1.991140000000000043e+01 3.501656177895146539e+05
1.992500000000000071e+01 3.543883641742730397e+05
1.993860000000000099e+01 3.588988300547871622e+05
1.995210000000000150e+01 3.635273401553512085e+05
1.996569999999999823e+01 3.685148318929416710e+05
1.997929999999999851e+01 3.740289225656854105e+05
1.999289999999999878e+01 3.796055011874360498e+05
2.000639999999999930e+01 3.854814546050220379e+05
2.001999999999999957e+01 3.912656685987588135e+05
2.003359999999999985e+01 3.971935543653987697e+05
2.004720000000000013e+01 4.034407725782606285e+05
2.006070000000000064e+01 4.093855705164420069e+05
2.007430000000000092e+01 4.145261470852124621e+05
2.008790000000000120e+01 4.328294974158077966e+05
2.010140000000000171e+01 4.289437352692258428e+05
2.011499999999999844e+01 4.424582895245733089e+05
2.012859999999999872e+01 4.204648344707388314e+05
2.014219999999999899e+01 4.191376220664231223e+05
2.015569999999999951e+01 3.948934687103459146e+05
2.016929999999999978e+01 3.932716232582295197e+05
2.018290000000000006e+01 3.909665029048596043e+05
2.019650000000000034e+01 3.885928016487003188e+05
2.021000000000000085e+01 3.909508553012611228e+05
2.022360000000000113e+01 4.007920038534255582e+05
2.023720000000000141e+01 4.096678725986274076e+05
2.025080000000000169e+01 4.167623398027480580e+05
2.026429999999999865e+01 4.378639670808410156e+05
2.027789999999999893e+01 4.518015239812804502e+05
2.029149999999999920e+01 3.883754757539983257e+05
2.030499999999999972e+01 3.827720061575694126e+05
2.031859999999999999e+01 3.837480023331422708e+05
2.033220000000000027e+01 3.871087604196655448e+05
2.034580000000000055e+01 3.905493397552326205e+05
2.035930000000000106e+01 3.917997143806933891e+05
2.037290000000000134e+01 3.930387584256368573e+05
2.038650000000000162e+01 3.982598019936392084e+05
2.040009999999999835e+01 4.008729332554095308e+05
2.041359999999999886e+01 4.037761685966956429e+05
2.042719999999999914e+01 4.062302159929531044e+05
2.044079999999999941e+01 4.072951599869409692e+05
2.045429999999999993e+01 4.065318497690646909e+05
2.046790000000000020e+01 4.043890293106997851e+05
2.048150000000000048e+01 4.010188069446571171e+05
2.049510000000000076e+01 3.978869295340168173e+05
2.050860000000000127e+01 3.947608388594405842e+05
2.052220000000000155e+01 3.915020649930696818e+05
2.053579999999999828e+01 3.909177949784899247e+05
2.054939999999999856e+01 3.834361916182061541e+05
2.056289999999999907e+01 4.167349636377746356e+05
2.057649999999999935e+01 4.192076069938408327e+05
2.059009999999999962e+01 4.053085732342309202e+05
2.060360000000000014e+01 4.034265447153829155e+05
2.061720000000000041e+01 4.021954889218623284e+05
2.063080000000000069e+01 4.064475051809994620e+05
2.064440000000000097e+01 4.066496296415395918e+05
2.065790000000000148e+01 3.996647453439311939e+05
2.067150000000000176e+01 3.899920470180301345e+05
2.068509999999999849e+01 3.866757125359535567e+05
2.069869999999999877e+01 3.855657948848659289e+05
2.071219999999999928e+01 3.843964982585237012e+05
2.072579999999999956e+01 3.859988362520038499e+05
2.073939999999999984e+01 3.908317746773956460e+05
2.075290000000000035e+01 3.957944694040203467e+05
2.076650000000000063e+01 3.983488020953999949e+05
2.078010000000000090e+01 3.990593941417208407e+05
2.079370000000000118e+01 3.994925883041755878e+05
2.080720000000000169e+01 3.960864478940389236e+05
2.082079999999999842e+01 3.945698864668893511e+05
2.083439999999999870e+01 3.943806756996631157e+05
2.084799999999999898e+01 3.981784547004920314e+05
2.086149999999999949e+01 3.999163681812935392e+05
2.087509999999999977e+01 3.988253348965050536e+05
2.088870000000000005e+01 3.944253577373714652e+05
2.090230000000000032e+01 3.914462078459149343e+05
2.091580000000000084e+01 3.760377614998395438e+05
2.092940000000000111e+01 3.747344648601225927e+05
2.094300000000000139e+01 3.736289671864039847e+05
2.095649999999999835e+01 3.729560236114235013e+05
2.097009999999999863e+01 3.718695981687546591e+05
2.098369999999999891e+01 3.710800469611435547e+05
2.099729999999999919e+01 3.735281964710598695e+05
2.101079999999999970e+01 3.766264818835129845e+05
2.102439999999999998e+01 3.823186327971410938e+05
2.103800000000000026e+01 4.032006084822808043e+05
2.105160000000000053e+01 4.055506080068135634e+05
2.106510000000000105e+01 4.101456848164217081e+05
2.107870000000000132e+01 4.117986122276401729e+05
2.109230000000000160e+01 4.090147306658116286e+05
2.110579999999999856e+01 3.984363079512091354e+05
2.111939999999999884e+01 3.961179453575772350e+05
2.113299999999999912e+01 3.957782546601698850e+05
2.114659999999999940e+01 3.963550353878757451e+05
2.116009999999999991e+01 3.976932723038848490e+05
2.117370000000000019e+01 4.132872961774219293e+05
2.118730000000000047e+01 4.092051929545165040e+05
2.120090000000000074e+01 4.059218866559558664e+05
2.121440000000000126e+01 4.044260934000685811e+05
2.122800000000000153e+01 4.039657421837247093e+05
2.124159999999999826e+01 4.083639928047337453e+05
2.125509999999999877e+01 4.212451897888478707e+05
2.126869999999999905e+01 4.431446060694653424e+05
2.128229999999999933e+01 4.652918233966047410e+05
2.129589999999999961e+01 4.648083558342495817e+05
2.130940000000000012e+01 4.539630920737662236e+05
2.132300000000000040e+01 4.617534063570958097e+05
2.133660000000000068e+01 4.566206865450104815e+05
2.135020000000000095e+01 4.816853159961800557e+05
2.136370000000000147e+01 4.618680982586646569e+05
2.137730000000000175e+01 4.475608189363850397e+05
2.139089999999999847e+01 4.334443014060542337e+05
2.140439999999999898e+01 4.244772740412132698e+05
2.141799999999999926e+01 4.159121881311766920e+05
2.143159999999999954e+01 4.084822439961011987e+05
2.144519999999999982e+01 4.051656323598953895e+05
2.145870000000000033e+01 4.031978391699699569e+05
2.147230000000000061e+01 4.031303056705196504e+05
2.148590000000000089e+01 3.936621572533010039e+05
2.149950000000000117e+01 4.391481746003779699e+05
2.151300000000000168e+01 4.183295913060898893e+05
2.152659999999999840e+01 3.532583993430805276e+05
2.154019999999999868e+01 3.418356297545862035e+05
2.155369999999999919e+01 3.360222790774126770e+05
2.156729999999999947e+01 3.300607992585998145e+05
2.158089999999999975e+01 3.763500545570710674e+05
2.159450000000000003e+01 3.563594596462003537e+05
2.160800000000000054e+01 3.490389868459816789e+05
2.162160000000000082e+01 3.483361452037703129e+05
2.163520000000000110e+01 3.527875134165242780e+05
2.164880000000000138e+01 3.520725023140055127e+05
2.166229999999999833e+01 3.493631786569847027e+05
2.167589999999999861e+01 3.667463409489197074e+05
2.168949999999999889e+01 3.895941423380579217e+05
2.170309999999999917e+01 4.183945051505499869e+05
2.171659999999999968e+01 4.367889462402799982e+05
2.173019999999999996e+01 4.513803637056523585e+05
2.174380000000000024e+01 4.573787807774654939e+05
2.175730000000000075e+01 4.539009253093231819e+05
2.177090000000000103e+01 4.466594036569797900e+05
2.178450000000000131e+01 4.337736057742745616e+05
2.179810000000000159e+01 4.268216831312135910e+05
2.181159999999999854e+01 4.231055183311196161e+05
2.182519999999999882e+01 4.219014312368572573e+05
2.183879999999999910e+01 4.220447942727582413e+05
2.185239999999999938e+01 4.236274735065295245e+05
2.186589999999999989e+01 4.335566887878795969e+05
2.187950000000000017e+01 4.442183035295035806e+05
2.189310000000000045e+01 4.524404993738040212e+05
2.190660000000000096e+01 4.571042766804953571e+05
2.192020000000000124e+01 4.585755065847525257e+05
2.193380000000000152e+01 4.558228214863052708e+05
2.194739999999999824e+01 4.491639155515994062e+05
2.196089999999999876e+01 4.412051896598760504e+05
2.197449999999999903e+01 4.345338245479742181e+05
2.198809999999999931e+01 4.402201963305724203e+05
2.200169999999999959e+01 4.305001933296018397e+05
2.201520000000000010e+01 4.322828091510827071e+05
2.202880000000000038e+01 4.298267885697503225e+05
2.204240000000000066e+01 4.148158542407026398e+05
2.205590000000000117e+01 4.050763330895050312e+05
2.206950000000000145e+01 4.030152932243826799e+05
2.208310000000000173e+01 3.906983332265642821e+05
2.209669999999999845e+01 3.763363475491038989e+05
2.211019999999999897e+01 3.625665332182052662e+05
2.212379999999999924e+01 3.620145368234216585e+05
2.213739999999999952e+01 3.593009971111952327e+05
2.215099999999999980e+01 4.231433534070511814e+05
2.216450000000000031e+01 3.795225266610703547e+05
2.217810000000000059e+01 3.558244359673687140e+05
2.219170000000000087e+01 3.429427898124455824e+05
2.220520000000000138e+01 3.300302426564076450e+05
2.221880000000000166e+01 3.201060445248449687e+05
2.223239999999999839e+01 3.164156131272348575e+05
2.224599999999999866e+01 3.214523378426464624e+05
2.225949999999999918e+01 3.112235229013938806e+05
2.227309999999999945e+01 3.068127005490610027e+05
2.228669999999999973e+01 4.577262426343017723e+05
2.230030000000000001e+01 3.521632379286034848e+05
2.231380000000000052e+01 3.433597232836479670e+05
2.232740000000000080e+01 3.437847387562539661e+05
2.234100000000000108e+01 3.621061250585350208e+05
2.235450000000000159e+01 3.648143187165472773e+05
2.236809999999999832e+01 3.662736594816400320e+05
2.238169999999999860e+01 3.646224667206991580e+05
2.239529999999999887e+01 3.589470069670068915e+05
2.240879999999999939e+01 3.551588365849624388e+05
2.242239999999999966e+01 3.566435962703152909e+05
2.243599999999999994e+01 3.800755229876535013e+05
2.244960000000000022e+01 4.055314572121952660e+05
2.246310000000000073e+01 4.074274686729751411e+05
2.247670000000000101e+01 4.157206855105318245e+05
2.249030000000000129e+01 4.156407242702802760e+05
2.250390000000000157e+01 4.051970196502304752e+05
2.251739999999999853e+01 3.859638582778009586e+05
2.253099999999999881e+01 3.682303931873130496e+05
2.254459999999999908e+01 3.567886669405305875e+05
2.255809999999999960e+01 3.461808267856810708e+05
2.257169999999999987e+01 3.370026494376439950e+05
2.258530000000000015e+01 3.286997381000406458e+05
2.259890000000000043e+01 3.215391105647746590e+05
2.261240000000000094e+01 3.155000971349712927e+05
2.262600000000000122e+01 3.103612220046708826e+05
2.263960000000000150e+01 3.064742931648301892e+05
2.265319999999999823e+01 3.048844353239244665e+05
2.266669999999999874e+01 3.050847295177206397e+05
2.268029999999999902e+01 3.055322294734711177e+05
2.269389999999999930e+01 3.062603455254751025e+05
2.270739999999999981e+01 3.073941008529152023e+05
2.272100000000000009e+01 3.089645457381950109e+05
2.273460000000000036e+01 3.108114176419164287e+05
2.274820000000000064e+01 3.124920487159743207e+05
2.276170000000000115e+01 3.141039589804089628e+05
2.277530000000000143e+01 3.158088157691060333e+05
2.278890000000000171e+01 3.170059038226569537e+05
2.280249999999999844e+01 3.172873739092035685e+05
2.281599999999999895e+01 3.170624939315140946e+05
2.282959999999999923e+01 3.149132575138082611e+05
2.284319999999999951e+01 3.137241160579742864e+05
2.285670000000000002e+01 3.187523260223847465e+05
2.287030000000000030e+01 3.171970626939479844e+05
2.288390000000000057e+01 3.192550612620393513e+05
2.289750000000000085e+01 3.209908785940443049e+05
2.291100000000000136e+01 3.219985943336131168e+05
2.292460000000000164e+01 3.226279519341245177e+05
2.293819999999999837e+01 3.233856144732181565e+05
2.295179999999999865e+01 3.236985048698878963e+05
2.296529999999999916e+01 3.241072481962540769e+05
2.297889999999999944e+01 3.110250874673387734e+05
2.299249999999999972e+01 3.045775321640003822e+05
2.300600000000000023e+01 3.007459287960308138e+05
2.301960000000000051e+01 2.983009609565387946e+05
2.303320000000000078e+01 2.958716007921093260e+05
2.304680000000000106e+01 2.920273120535418857e+05
2.306030000000000157e+01 2.899637085013178876e+05
2.307389999999999830e+01 2.876344654447251814e+05
2.308749999999999858e+01 2.851420614097085199e+05
2.310109999999999886e+01 2.827830219044942642e+05
2.311459999999999937e+01 2.802599832801974262e+05
2.312819999999999965e+01 2.781978629801089410e+05
2.314179999999999993e+01 2.763260766086552758e+05
2.315530000000000044e+01 2.746429717780941864e+05
2.316890000000000072e+01 2.729609081406695186e+05
2.318250000000000099e+01 2.713054370178818936e+05
2.319610000000000127e+01 2.705168445586067392e+05
2.320959999999999823e+01 2.693440891380758258e+05
2.322319999999999851e+01 2.677077122241570614e+05
2.323679999999999879e+01 2.657941114291066770e+05
2.325039999999999907e+01 2.634113134403976146e+05
2.326389999999999958e+01 2.605294718239488138e+05
2.327749999999999986e+01 2.563017061866514559e+05
2.329110000000000014e+01 2.516576940170412126e+05
2.330470000000000041e+01 2.460806827520687657e+05
2.331820000000000093e+01 2.400194879475695489e+05
2.333180000000000121e+01 2.343115293981051364e+05
2.334540000000000148e+01 2.293655048607981298e+05
2.335889999999999844e+01 2.259340918998843990e+05
2.337249999999999872e+01 2.215865968351772754e+05
2.338609999999999900e+01 2.163547593687336484e+05
2.339969999999999928e+01 2.113982631044161099e+05
2.341319999999999979e+01 2.065560399835744174e+05
2.342680000000000007e+01 2.019990210757668538e+05
2.344040000000000035e+01 1.977682640371219022e+05
2.345400000000000063e+01 1.935356230483156396e+05
2.346750000000000114e+01 1.896112238435668114e+05
2.348110000000000142e+01 1.856706283613439591e+05
2.349470000000000169e+01 1.820421087628454843e+05
2.350819999999999865e+01 1.782199744797436579e+05
2.352179999999999893e+01 1.746652982157933293e+05
2.353539999999999921e+01 1.732249426455723005e+05
2.354899999999999949e+01 1.718140225809786934e+05
2.356250000000000000e+01 1.707367756772158609e+05
2.357610000000000028e+01 1.699604703316249652e+05
2.358970000000000056e+01 1.696417196171518590e+05
2.360330000000000084e+01 1.697306877903451968e+05
2.361680000000000135e+01 1.741425934686971596e+05
2.363040000000000163e+01 1.716842008716278069e+05
2.364399999999999835e+01 2.097152649532907817e+05
2.365749999999999886e+01 1.891864029082981870e+05
2.367109999999999914e+01 1.909961544668997813e+05
2.368469999999999942e+01 1.935029509287290275e+05
2.369829999999999970e+01 1.963830486058140232e+05
2.371180000000000021e+01 2.026100922310791211e+05
2.372540000000000049e+01 2.051466563934094447e+05
2.373900000000000077e+01 2.047939405375572387e+05
2.375260000000000105e+01 2.051368213781830564e+05
2.376610000000000156e+01 2.036838070245173294e+05
2.377969999999999828e+01 2.037126871638594603e+05
2.379329999999999856e+01 2.036201285667856282e+05
2.380679999999999907e+01 2.028834245150072675e+05
2.382039999999999935e+01 2.016446546812680608e+05
2.383399999999999963e+01 2.000099788138134463e+05
2.384759999999999991e+01 1.984515976210530207e+05
2.386110000000000042e+01 1.977673050512186310e+05
2.387470000000000070e+01 1.979721047418406233e+05
2.388830000000000098e+01 2.004348854539061722e+05
2.390190000000000126e+01 2.035403614155369869e+05
2.391540000000000177e+01 2.059825791706398886e+05
2.392899999999999849e+01 1.994449248334598960e+05
2.394259999999999877e+01 1.900946916157498490e+05
2.395619999999999905e+01 1.910584650498853007e+05
2.396969999999999956e+01 1.923119816137546732e+05
2.398329999999999984e+01 1.938982820639892889e+05
2.399690000000000012e+01 1.963450076538352587e+05
2.401040000000000063e+01 1.994722245958649728e+05
2.402400000000000091e+01 2.035249783116763865e+05
2.403760000000000119e+01 2.113822759239580773e+05
2.405120000000000147e+01 2.218283115734691673e+05
2.406469999999999843e+01 2.448191520210405870e+05
2.407829999999999870e+01 2.656627046328842989e+05
2.409189999999999898e+01 2.843900091388726141e+05
2.410549999999999926e+01 3.053408212725537014e+05
2.411899999999999977e+01 3.239735897737413179e+05
2.413260000000000005e+01 3.334766683199635590e+05
2.414620000000000033e+01 3.345838080514328321e+05
2.415970000000000084e+01 3.085967926600739011e+05
2.417330000000000112e+01 2.824468400271988939e+05
2.418690000000000140e+01 2.764754657887399080e+05
2.420050000000000168e+01 2.739951451333942241e+05
2.421399999999999864e+01 2.798042454497970757e+05
2.422759999999999891e+01 2.790622800176904420e+05
2.424119999999999919e+01 2.807370371402675519e+05
2.425479999999999947e+01 2.816021715835776995e+05
2.426829999999999998e+01 2.940818750264406553e+05
2.428190000000000026e+01 2.932086915261495742e+05
2.429550000000000054e+01 2.968773013347042724e+05
2.430900000000000105e+01 3.026627138687983388e+05
2.432260000000000133e+01 3.065480880314175738e+05
2.433620000000000161e+01 3.113418617465930292e+05
2.434979999999999833e+01 3.197059924760643626e+05
2.436329999999999885e+01 3.276488456703630509e+05
2.437689999999999912e+01 3.407967849156433949e+05
2.439049999999999940e+01 3.466263980688326992e+05
2.440409999999999968e+01 3.524719669590311241e+05
2.441760000000000019e+01 3.567917625948043424e+05
2.443120000000000047e+01 3.595348829833737109e+05
2.444480000000000075e+01 3.884230420302383136e+05
2.445830000000000126e+01 3.703142480112710618e+05
2.447190000000000154e+01 3.963270630030802567e+05
2.448549999999999827e+01 4.114453817307806457e+05
2.449909999999999854e+01 4.134075664215670549e+05
2.451259999999999906e+01 4.188568424134908128e+05
2.452619999999999933e+01 4.242591646846274380e+05
2.453979999999999961e+01 4.289682968104325118e+05
2.455339999999999989e+01 4.126964371054822113e+05
2.456690000000000040e+01 4.114085478977714665e+05
2.458050000000000068e+01 4.119726596498079016e+05
2.459410000000000096e+01 4.061464800623291521e+05
2.460760000000000147e+01 4.005539865133115090e+05
2.462120000000000175e+01 4.096952388615477248e+05
2.463479999999999848e+01 4.193320335078400676e+05
2.464839999999999876e+01 4.055897260686475784e+05
2.466189999999999927e+01 3.660881040753992856e+05
2.467549999999999955e+01 3.389635592508805566e+05
2.468909999999999982e+01 3.291896029031749349e+05
2.470270000000000010e+01 3.195422563615127583e+05
2.471620000000000061e+01 3.108461836628890596e+05
2.472980000000000089e+01 3.038460587339485646e+05
2.474340000000000117e+01 2.979255233917341684e+05
2.475700000000000145e+01 2.930780867600772763e+05
2.477049999999999841e+01 2.883258233860122273e+05
2.478409999999999869e+01 2.839476044019206311e+05
2.479769999999999897e+01 2.759709846122393501e+05
2.481119999999999948e+01 2.753532919222326600e+05
2.482479999999999976e+01 2.763590291224609246e+05
2.483840000000000003e+01 2.690767824512880179e+05
2.485200000000000031e+01 2.699072871623780229e+05
2.486550000000000082e+01 2.745721417555737426e+05
2.487910000000000110e+01 2.762595504018088104e+05
2.489270000000000138e+01 2.781787972082606284e+05
2.490630000000000166e+01 2.735651154574068496e+05
2.491979999999999862e+01 2.898435523256454617e+05
2.493339999999999890e+01 2.877911073913222644e+05
2.494699999999999918e+01 2.884527373372528236e+05
2.496049999999999969e+01 2.906024946617000387e+05
2.497409999999999997e+01 2.926646155189386336e+05
2.498770000000000024e+01 2.946144322047341266e+05
2.500130000000000052e+01 2.960521570770979743e+05
2.501480000000000103e+01 2.980029810465298942e+05
2.502840000000000131e+01 3.005206229413195979e+05
2.504200000000000159e+01 3.026287243854093249e+05
2.505559999999999832e+01 3.047657889454959077e+05
2.506909999999999883e+01 3.066308085802794667e+05
2.508269999999999911e+01 3.085531404755586991e+05
2.509629999999999939e+01 3.100421528251448763e+05
2.510979999999999990e+01 3.113704061593674705e+05
2.512340000000000018e+01 3.125663443566726637e+05
2.513700000000000045e+01 3.136552694948536810e+05
2.515060000000000073e+01 3.145834900596587104e+05
2.516410000000000124e+01 3.154030555165565456e+05
2.517770000000000152e+01 3.156208246907270513e+05
2.519129999999999825e+01 3.151229173634125036e+05
2.520489999999999853e+01 3.153140195797363413e+05
2.521839999999999904e+01 3.151996541393919033e+05
2.523199999999999932e+01 3.158908729366469197e+05
2.524559999999999960e+01 3.157772547595502110e+05
2.525910000000000011e+01 3.121364587379043805e+05
2.527270000000000039e+01 3.079412148564743693e+05
2.528630000000000067e+01 3.031298285705525195e+05
2.529990000000000094e+01 2.969926909770534839e+05
2.531340000000000146e+01 2.902940754626408452e+05
2.532700000000000173e+01 2.834108170983737218e+05
2.534059999999999846e+01 2.756165734746444505e+05
2.535419999999999874e+01 2.678304255167306401e+05
2.536769999999999925e+01 2.651388036910865339e+05
2.538129999999999953e+01 2.655276049295024714e+05
2.539489999999999981e+01 2.684309138826337876e+05
2.540840000000000032e+01 2.530499443151746818e+05
2.542200000000000060e+01 2.433352378621063835e+05
2.543560000000000088e+01 2.346791271380905237e+05
2.544920000000000115e+01 2.267547962705381506e+05
2.546270000000000167e+01 2.202874534547697986e+05
2.547629999999999839e+01 2.160710440662024484e+05
2.548989999999999867e+01 2.127557816731208295e+05
2.550349999999999895e+01 2.113837169229215069e+05
2.551699999999999946e+01 2.116355520296948089e+05
2.553059999999999974e+01 2.168100546450623369e+05
2.554420000000000002e+01 2.087604111056289112e+05
2.555780000000000030e+01 2.102881083632919763e+05
2.557130000000000081e+01 2.073948324804910226e+05
2.558490000000000109e+01 2.046536969702779315e+05
2.559850000000000136e+01 1.999719388474623265e+05
2.561199999999999832e+01 1.939676364523861557e+05
2.562559999999999860e+01 1.883016862481486751e+05
2.563919999999999888e+01 1.844545892535948951e+05
2.565279999999999916e+01 1.845883967328264844e+05
2.566629999999999967e+01 1.737666737514818960e+05
2.567989999999999995e+01 1.719034913941022533e+05
2.569350000000000023e+01 1.716859501516318414e+05
2.570710000000000051e+01 1.718983267845476512e+05
2.572060000000000102e+01 1.726316827409495891e+05
2.573420000000000130e+01 1.735322602618824167e+05
2.574780000000000157e+01 1.787274229677765688e+05
2.576129999999999853e+01 1.828034409842076420e+05
2.577489999999999881e+01 1.856418192906751938e+05
2.578849999999999909e+01 1.873533970896412211e+05
2.580209999999999937e+01 1.877562690822985896e+05
2.581559999999999988e+01 1.867867110271973361e+05
2.582920000000000016e+01 1.847501022474772763e+05
2.584280000000000044e+01 1.819676775032360165e+05
2.585640000000000072e+01 1.782320140772288432e+05
2.586990000000000123e+01 1.736202167312149249e+05
2.588350000000000151e+01 1.746315270864640188e+05
2.589709999999999823e+01 1.762521798923560127e+05
2.591059999999999874e+01 1.780898843029901327e+05
2.592419999999999902e+01 1.802683580026654527e+05
2.593779999999999930e+01 1.845415517106101324e+05
2.595139999999999958e+01 1.858755979287976807e+05
2.596490000000000009e+01 1.886775784973722475e+05
2.597850000000000037e+01 1.915354591307479714e+05
2.599210000000000065e+01 1.944200875599904975e+05
2.600570000000000093e+01 1.970033372581415169e+05
2.601920000000000144e+01 1.996309078802887525e+05
2.603280000000000172e+01 2.021572736702618713e+05
2.604639999999999844e+01 2.028418880182384455e+05
2.605989999999999895e+01 2.074732038717620599e+05
2.607349999999999923e+01 2.023243812494433660e+05
2.608709999999999951e+01 2.034246965367741650e+05
2.610069999999999979e+01 2.004523530163275136e+05
2.611420000000000030e+01 1.943696667644906265e+05
2.612780000000000058e+01 1.936866002512090781e+05
2.614140000000000086e+01 1.952001262754893396e+05
2.615500000000000114e+01 1.983014968624026224e+05
2.616850000000000165e+01 1.984381434587360418e+05
2.618209999999999837e+01 2.011226004005664727e+05
2.619569999999999865e+01 2.049808952278200595e+05
2.620919999999999916e+01 2.090649362442372076e+05
2.622279999999999944e+01 2.129753200925698911e+05
2.623639999999999972e+01 2.172131989916474849e+05
2.625000000000000000e+01 2.219388408996074286e+05
2.626350000000000051e+01 2.271327867976413982e+05
2.627710000000000079e+01 2.333273776080356038e+05
2.629070000000000107e+01 2.400387447877538798e+05
2.630430000000000135e+01 2.469479605439854786e+05
2.631779999999999831e+01 2.543584809984411986e+05
2.633139999999999858e+01 2.626301386968911975e+05
2.634499999999999886e+01 2.712866168114874745e+05
2.635859999999999914e+01 2.811703606766372104e+05
2.637209999999999965e+01 2.910571505108239362e+05
2.638569999999999993e+01 3.001987007480409229e+05
2.639930000000000021e+01 3.128242280655384529e+05
2.641280000000000072e+01 3.288915310458318563e+05
2.642640000000000100e+01 3.444875888359033270e+05
2.644000000000000128e+01 3.532186444253949448e+05
2.645360000000000156e+01 3.462876629080669372e+05
2.646709999999999852e+01 3.407250229932924849e+05
2.648069999999999879e+01 3.444193428883258603e+05
2.649429999999999907e+01 3.470285338765404886e+05
2.650789999999999935e+01 3.490805271347863018e+05
2.652139999999999986e+01 3.517173073884925689e+05
2.653500000000000014e+01 3.513543066131797968e+05
2.654860000000000042e+01 3.415738033699278603e+05
2.656210000000000093e+01 3.322611025336355087e+05
2.657570000000000121e+01 3.305984976499025943e+05
2.658930000000000149e+01 3.250954881056520389e+05
2.660290000000000177e+01 3.251713705646328162e+05
2.661639999999999873e+01 3.177591485862241243e+05
2.662999999999999901e+01 3.124721564038196229e+05
2.664359999999999928e+01 3.114452241969931638e+05
2.665719999999999956e+01 3.071794537658954505e+05
2.667070000000000007e+01 3.027353792547638877e+05
2.668430000000000035e+01 3.287497389141695458e+05
2.669790000000000063e+01 3.632642276691645384e+05
2.671140000000000114e+01 3.680857638354508090e+05
2.672500000000000142e+01 3.609952585939482669e+05
2.673860000000000170e+01 3.693986167703958345e+05
2.675219999999999843e+01 3.744598786756491754e+05
2.676569999999999894e+01 3.756387943114727386e+05
2.677929999999999922e+01 3.669814650963745662e+05
2.679289999999999949e+01 3.621009588229309302e+05
2.680649999999999977e+01 3.621557353153997683e+05
2.682000000000000028e+01 3.520767920871548704e+05
2.683360000000000056e+01 3.267156982981316978e+05
2.684720000000000084e+01 3.138275675246432656e+05
2.686070000000000135e+01 3.154437902140564984e+05
2.687430000000000163e+01 3.555124488377918606e+05
2.688789999999999836e+01 3.680704366117914324e+05
2.690149999999999864e+01 3.621550875612301752e+05
2.691499999999999915e+01 3.574296645491302479e+05
2.692859999999999943e+01 3.544255652014915831e+05
2.694219999999999970e+01 3.525063584261288051e+05
2.695579999999999998e+01 3.487678453519662144e+05
2.696930000000000049e+01 3.415697076974307420e+05
2.698290000000000077e+01 3.345618408041014918e+05
2.699650000000000105e+01 3.273147988808504306e+05
2.701010000000000133e+01 3.202494121429926017e+05
2.702359999999999829e+01 3.133751578326627496e+05
2.703719999999999857e+01 3.066060906394319609e+05
2.705079999999999885e+01 2.970567889891872182e+05
2.706429999999999936e+01 2.903617081372914254e+05
2.707789999999999964e+01 2.869200909611230600e+05
2.709149999999999991e+01 2.840711519681463833e+05
2.710510000000000019e+01 2.815610565149188042e+05
2.711860000000000070e+01 2.838340754801796866e+05
2.713220000000000098e+01 2.851996567064930568e+05
2.714580000000000126e+01 2.856186549280347535e+05
2.715940000000000154e+01 2.854220031761239516e+05
2.717289999999999850e+01 2.840532581370627740e+05
2.718649999999999878e+01 2.913297441754867905e+05
2.720009999999999906e+01 2.809560686629540287e+05
2.721359999999999957e+01 2.755701549871956231e+05
2.722719999999999985e+01 2.638941069095123094e+05
2.724080000000000013e+01 2.558185567245810817e+05
2.725440000000000040e+01 2.518297232201730658e+05
2.726790000000000092e+01 2.508263768522909668e+05
2.728150000000000119e+01 2.508796039051261905e+05
2.729510000000000147e+01 2.510413233630293980e+05
2.730870000000000175e+01 2.525693693200235430e+05
2.732219999999999871e+01 2.532619342333238747e+05
2.733579999999999899e+01 2.596071613986998273e+05
2.734939999999999927e+01 2.527737223507250601e+05
2.736289999999999978e+01 2.542046659149927145e+05
2.737650000000000006e+01 2.501273023253748252e+05
2.739010000000000034e+01 2.476775969055905298e+05
2.740370000000000061e+01 2.444591911111217923e+05
2.741720000000000113e+01 2.416971072216741741e+05
2.743080000000000140e+01 2.395776018450547417e+05
2.744440000000000168e+01 2.384637096403938776e+05
2.745799999999999841e+01 2.471530454585498373e+05
2.747149999999999892e+01 2.378217583854706027e+05
2.748509999999999920e+01 2.340854196379821806e+05
2.749869999999999948e+01 2.321455808747871488e+05
2.751219999999999999e+01 2.306090266656962631e+05
2.752580000000000027e+01 2.294567327480638633e+05
2.753940000000000055e+01 2.284473872138827574e+05
2.755300000000000082e+01 2.289286683493384917e+05
2.756650000000000134e+01 2.302125247168994101e+05
2.758010000000000161e+01 2.323806255920745025e+05
2.759369999999999834e+01 2.342264393810372276e+05
2.760729999999999862e+01 2.321344446460147446e+05
2.762079999999999913e+01 2.282333959333337552e+05
2.763439999999999941e+01 2.243683908871284511e+05
2.764799999999999969e+01 2.206216857923052739e+05
2.766150000000000020e+01 2.165927235312115808e+05
2.767510000000000048e+01 2.126722268766266061e+05
2.768870000000000076e+01 2.101801676918942539e+05
2.770230000000000103e+01 2.082566187813473807e+05
2.771580000000000155e+01 2.061508935462426452e+05
2.772939999999999827e+01 2.040474011975421745e+05
2.774299999999999855e+01 2.021281911655224685e+05
2.775659999999999883e+01 2.001933581813740602e+05
2.777009999999999934e+01 1.982259238086471159e+05
2.778369999999999962e+01 1.960127326002519403e+05
2.779729999999999990e+01 1.952301706057848351e+05
2.781090000000000018e+01 1.934091390453464410e+05
2.782440000000000069e+01 2.031959121276962396e+05
2.783800000000000097e+01 1.981842490668043029e+05
2.785160000000000124e+01 2.009411182547962817e+05
2.786510000000000176e+01 2.025566771027865761e+05
2.787869999999999848e+01 2.052795954486921255e+05
2.789229999999999876e+01 2.087454259274379874e+05
2.790589999999999904e+01 2.295712842893631605e+05
2.791939999999999955e+01 2.008079582977328391e+05
2.793299999999999983e+01 1.964501727294841257e+05
2.794660000000000011e+01 1.957503948238351441e+05
2.796020000000000039e+01 1.980073698456574930e+05
2.797370000000000090e+01 1.945840983248045959e+05
2.798730000000000118e+01 1.963603310109294252e+05
2.800090000000000146e+01 1.989605304786766937e+05
2.801439999999999841e+01 2.027491399629910884e+05
2.802799999999999869e+01 2.072187906391963770e+05
2.804159999999999897e+01 2.123772139541603101e+05
2.805519999999999925e+01 2.181257346071142238e+05
2.806869999999999976e+01 2.279911421811185719e+05
2.808230000000000004e+01 2.213597060659639828e+05
2.809590000000000032e+01 1.941101516421688430e+05
2.810950000000000060e+01 1.932624927489554975e+05
2.812300000000000111e+01 1.931645168136077991e+05
2.813660000000000139e+01 1.937670194516225311e+05
2.815020000000000167e+01 1.948024495055758161e+05
2.816369999999999862e+01 1.962867359974226274e+05
2.817729999999999890e+01 1.984234889217759774e+05
2.819089999999999918e+01 1.997248323502911953e+05
2.820449999999999946e+01 1.999553876973043662e+05
2.821799999999999997e+01 1.998330586412250123e+05
2.823160000000000025e+01 1.995092606293719437e+05
2.824520000000000053e+01 1.990497867299524660e+05
2.825880000000000081e+01 1.978971685211981821e+05
2.827230000000000132e+01 1.919125526189309312e+05
2.828590000000000160e+01 1.916005954632171488e+05
2.829949999999999832e+01 1.894929645059436734e+05
2.831299999999999883e+01 1.873018300347215554e+05
2.832659999999999911e+01 1.885410334482942999e+05
2.834019999999999939e+01 1.882482066776535648e+05
2.835379999999999967e+01 1.859155300607108802e+05
2.836730000000000018e+01 1.827789960146791709e+05
2.838090000000000046e+01 1.790564075382611773e+05
2.839450000000000074e+01 1.749030650474129070e+05
2.840810000000000102e+01 1.683979508400048944e+05
2.842160000000000153e+01 1.618764717209739902e+05
2.843519999999999825e+01 1.605927633978911617e+05
2.844879999999999853e+01 1.594203537466166017e+05
2.846229999999999905e+01 1.579533718101235863e+05
2.847589999999999932e+01 1.551844298101804743e+05
2.848949999999999960e+01 1.518490533112613775e+05
2.850309999999999988e+01 1.450254730886365869e+05
2.851660000000000039e+01 1.407155179578064126e+05
2.853020000000000067e+01 1.374951414988034812e+05
2.854380000000000095e+01 1.355962375898881583e+05
2.855740000000000123e+01 1.355973432872659469e+05
2.857090000000000174e+01 1.356553159781306749e+05
2.858449999999999847e+01 1.357366978403923858e+05
2.859809999999999874e+01 1.360275630359542847e+05
2.861169999999999902e+01 1.363409680697002041e+05
2.862519999999999953e+01 1.366651261212780082e+05
2.863879999999999981e+01 1.381541140885073692e+05
2.865240000000000009e+01 1.379988272046848433e+05
2.866590000000000060e+01 1.380524124033196131e+05
2.867950000000000088e+01 1.369862834408175841e+05
2.869310000000000116e+01 1.349627951327245974e+05
2.870670000000000144e+01 1.327291990345624217e+05
2.872019999999999840e+01 1.299016350955507369e+05
2.873379999999999868e+01 1.256737311735061230e+05
2.874739999999999895e+01 1.243766228260692005e+05
2.876099999999999923e+01 1.242314838406869821e+05
2.877449999999999974e+01 1.240867170720325230e+05
2.878810000000000002e+01 1.246966389213546790e+05
2.880170000000000030e+01 1.260583989241568343e+05
2.881520000000000081e+01 1.280150271201650030e+05
2.882880000000000109e+01 1.303612324637297279e+05
2.884240000000000137e+01 1.319958358801313152e+05
2.885600000000000165e+01 1.341852120300470269e+05
2.886949999999999861e+01 1.373426203589124780e+05
2.888309999999999889e+01 1.400122070235556457e+05
2.889669999999999916e+01 1.419770756446757005e+05
2.891029999999999944e+01 1.430286891763994645e+05
2.892379999999999995e+01 1.439073883786489023e+05
2.893740000000000023e+01 1.438820310199664673e+05
2.895100000000000051e+01 1.412052129593793361e+05
2.896450000000000102e+01 1.384670522867456602e+05
2.897810000000000130e+01 1.304636704463814531e+05
2.899170000000000158e+01 1.327464805090406153e+05
2.900529999999999831e+01 1.370119808942225354e+05
2.901879999999999882e+01 1.421399550469840760e+05
2.903239999999999910e+01 1.473676962863115768e+05
2.904599999999999937e+01 1.502380091632817057e+05
2.905959999999999965e+01 1.532842500441180891e+05
2.907310000000000016e+01 1.567154625746229431e+05
2.908670000000000044e+01 1.609301610365087399e+05
2.910030000000000072e+01 1.652293373253066093e+05
2.911380000000000123e+01 1.694195086659847293e+05
2.912740000000000151e+01 1.733480835147269827e+05
2.914099999999999824e+01 1.760584161625798733e+05
2.915459999999999852e+01 1.777323495921430003e+05
2.916809999999999903e+01 1.748958873199509399e+05
2.918169999999999931e+01 1.733473090472122130e+05
2.919529999999999959e+01 1.599668188892726321e+05
2.920889999999999986e+01 1.550377707680496387e+05
2.922240000000000038e+01 1.541786143192438176e+05
2.923600000000000065e+01 1.660884097245861194e+05
2.924960000000000093e+01 1.668401388219335058e+05
2.926320000000000121e+01 1.679186073784416367e+05
2.927670000000000172e+01 1.682433810713284474e+05
2.929029999999999845e+01 1.684080134323399107e+05
2.930389999999999873e+01 1.678129909507077246e+05
2.931739999999999924e+01 1.668476896643438959e+05
2.933099999999999952e+01 1.651284771721928555e+05
2.934459999999999980e+01 1.626353014758699283e+05
2.935820000000000007e+01 1.593622887421336491e+05
2.937170000000000059e+01 1.552636887760188256e+05
2.938530000000000086e+01 1.501573009465983487e+05
2.939890000000000114e+01 1.458397857921454124e+05
2.941250000000000142e+01 1.346111587551644770e+05
2.942599999999999838e+01 1.236503760806781502e+05
2.943959999999999866e+01 1.207772828889741795e+05
2.945319999999999894e+01 1.180010687326724292e+05
2.946669999999999945e+01 1.152562510842729098e+05
2.948029999999999973e+01 1.123289578704507585e+05
2.949390000000000001e+01 1.099922529216335824e+05
2.950750000000000028e+01 1.076739132007478474e+05
2.952100000000000080e+01 1.049762640555328253e+05
2.953460000000000107e+01 1.022692764021423645e+05
2.954820000000000135e+01 9.936792195618063852e+04
2.956180000000000163e+01 9.627209423391117889e+04
2.957529999999999859e+01 9.277203308705934614e+04
2.958889999999999887e+01 8.983137292139120109e+04
2.960249999999999915e+01 8.944764643345505465e+04
2.961599999999999966e+01 8.441298691487552423e+04
2.962959999999999994e+01 8.185595007224625442e+04
2.964320000000000022e+01 7.930764344260025246e+04
2.965680000000000049e+01 7.656739147766985116e+04
2.967030000000000101e+01 7.421584071425479488e+04
2.968390000000000128e+01 7.186018137288057187e+04
2.969750000000000156e+01 6.950651511878958263e+04
2.971109999999999829e+01 6.753600467707816279e+04
2.972459999999999880e+01 6.557272077495187114e+04
2.973819999999999908e+01 6.360613049937854521e+04
2.975179999999999936e+01 6.202777372748965718e+04
2.976529999999999987e+01 6.025787276558530721e+04
2.977890000000000015e+01 5.867814117999586597e+04
2.979250000000000043e+01 5.729313171466838685e+04
2.980610000000000070e+01 5.649247650344725844e+04
2.981960000000000122e+01 5.569705356346529879e+04
2.983320000000000149e+01 5.490256239604086295e+04
2.984680000000000177e+01 5.430566611852423375e+04
2.986039999999999850e+01 5.351682560071290209e+04
2.987389999999999901e+01 5.273265689160400507e+04
2.988749999999999929e+01 5.213722317268810002e+04
2.990109999999999957e+01 5.135414892837595107e+04
2.991460000000000008e+01 5.076763166930773150e+04
2.992820000000000036e+01 5.018152689393561013e+04
2.994180000000000064e+01 4.959566178834654420e+04
2.995540000000000092e+01 4.881791884490378288e+04
2.996890000000000143e+01 4.823240179121366236e+04
2.998250000000000171e+01 4.745902570804171410e+04
2.999609999999999843e+01 4.687412465081366827e+04
3.000969999999999871e+01 4.610113157122556731e+04
3.002319999999999922e+01 4.532454322303066147e+04
3.003679999999999950e+01 4.455194883526878402e+04
3.005039999999999978e+01 4.396797679354640422e+04
3.006400000000000006e+01 4.319233075797212950e+04
3.007750000000000057e+01 4.241011513276661572e+04
3.009110000000000085e+01 4.394729144702792837e+04
3.010470000000000113e+01 4.165070975099579664e+04
3.011820000000000164e+01 4.106424912169476011e+04
3.013179999999999836e+01 4.048144749330261402e+04
3.014539999999999864e+01 3.990201539233169751e+04
3.015899999999999892e+01 3.970311706524849433e+04
3.017249999999999943e+01 3.950728644108111621e+04
3.018609999999999971e+01 3.931472936937810300e+04
3.019969999999999999e+01 3.911911854776265682e+04
3.021330000000000027e+01 4.008942239496650291e+04
3.022680000000000078e+01 3.895622494480151363e+04
3.024040000000000106e+01 3.627229406507621025e+04
3.025400000000000134e+01 3.587937654399062012e+04
3.026749999999999829e+01 3.530030547360591299e+04
3.028109999999999857e+01 3.472147389806992578e+04
3.029469999999999885e+01 3.433721812151971244e+04
3.030829999999999913e+01 3.376119402233391884e+04
3.032179999999999964e+01 3.318508452431212936e+04
3.033539999999999992e+01 3.260911015851808406e+04
3.034900000000000020e+01 3.203565036984433027e+04
3.036260000000000048e+01 3.145967553885114103e+04
3.037610000000000099e+01 3.069182791079130766e+04
3.038970000000000127e+01 3.011590229965167237e+04
3.040330000000000155e+01 2.973178959501760619e+04
3.041679999999999851e+01 2.915581074206139238e+04
3.043039999999999878e+01 2.877173742412123465e+04
3.044399999999999906e+01 2.838768164418074593e+04
3.045759999999999934e+01 2.819977870442783387e+04
3.047109999999999985e+01 2.781989370874821543e+04
3.048470000000000013e+01 2.725023080552050305e+04
3.049830000000000041e+01 2.648634985789221173e+04
3.051190000000000069e+01 2.553228070429665968e+04
3.052540000000000120e+01 2.438195576273082406e+04
3.053900000000000148e+01 2.323156162487652909e+04
3.055260000000000176e+01 2.169535860843355840e+04
3.056609999999999872e+01 2.053992163041259482e+04
3.057969999999999899e+01 1.976878080649756157e+04
3.059329999999999927e+01 1.899790482814709685e+04
3.060689999999999955e+01 1.842055779767449712e+04
3.062040000000000006e+01 1.784326159191720944e+04
3.063400000000000034e+01 1.726613409224097632e+04
3.064760000000000062e+01 1.668911454274083371e+04
3.066120000000000090e+01 1.611220237363401975e+04
3.067470000000000141e+01 1.553534637145263878e+04
3.068830000000000169e+01 1.495864916257606819e+04
3.070189999999999841e+01 1.438205763340954763e+04
3.071539999999999893e+01 1.380552627469069557e+04
3.072899999999999920e+01 1.342086771478646006e+04
3.074259999999999948e+01 1.284554815465452884e+04
3.075619999999999976e+01 1.246101836696828832e+04
3.076970000000000027e+01 1.188483346198305117e+04
3.078330000000000055e+01 1.150133026581878403e+04
3.079690000000000083e+01 1.111783727972883935e+04
3.081050000000000111e+01 1.015930901919213829e+04
3.082400000000000162e+01 9.774337448156469691e+03
3.083759999999999835e+01 9.198597997155869962e+03
3.085119999999999862e+01 8.622958542491020125e+03
3.086479999999999890e+01 8.047418539596172195e+03
3.087829999999999941e+01 7.662965774598885218e+03
3.089189999999999969e+01 7.279209522585199920e+03
3.090549999999999997e+01 7.086530437866825196e+03
3.091900000000000048e+01 6.702898263872489224e+03
3.093260000000000076e+01 6.510848925838296964e+03
3.094620000000000104e+01 6.127354765985393897e+03
3.095980000000000132e+01 5.935388584054092462e+03
3.097329999999999828e+01 5.743437250941969069e+03
3.098689999999999856e+01 5.360106762548485676e+03
3.100049999999999883e+01 5.168256189925870785e+03
3.101409999999999911e+01 4.976438325547403110e+03
3.102759999999999962e+01 4.784991998833716934e+03
3.104119999999999990e+01 4.593225004884403461e+03
3.105480000000000018e+01 4.401490139722495769e+03
3.106830000000000069e+01 4.210084597627064795e+03
3.108190000000000097e+01 4.209751408964558323e+03
3.109550000000000125e+01 4.018379116881247683e+03
3.110910000000000153e+01 3.826727605797922024e+03
3.112259999999999849e+01 3.826697635998081296e+03
3.113619999999999877e+01 3.635347075089637201e+03
3.114979999999999905e+01 3.635064734891897388e+03
3.116339999999999932e+01 3.443732252278956366e+03
3.117689999999999984e+01 3.443708256115092354e+03
3.119050000000000011e+01 3.443695987946256992e+03
3.120410000000000039e+01 3.252368900527866572e+03
3.121760000000000090e+01 3.252348169628350661e+03
3.123120000000000118e+01 3.061024736756369293e+03
3.124480000000000146e+01 3.061239683619661719e+03
3.125840000000000174e+01 3.061231572937595047e+03
3.127189999999999870e+01 2.869888610964203053e+03
3.128549999999999898e+01 2.869882121477903183e+03
3.129909999999999926e+01 2.870084986444175684e+03
3.131269999999999953e+01 2.870079419304669955e+03
3.132620000000000005e+01 2.870273722276990156e+03
3.133980000000000032e+01 2.870269077069247487e+03
3.135340000000000060e+01 2.870473143174921915e+03
3.136690000000000111e+01 2.870668286765884204e+03
3.138050000000000139e+01 2.679287465847683961e+03
3.139410000000000167e+01 2.679478697599303814e+03
3.140769999999999840e+01 2.679670141629459977e+03
3.142119999999999891e+01 2.679659658959854823e+03
3.143479999999999919e+01 2.679851654945342489e+03
3.144839999999999947e+01 2.680043861408157227e+03
3.146199999999999974e+01 2.680236277818127292e+03
3.147550000000000026e+01 2.680420387752031274e+03
3.148910000000000053e+01 2.872085382998502610e+03
3.150270000000000081e+01 2.872292218451500958e+03
3.151620000000000132e+01 2.872696659759410977e+03
3.152980000000000160e+01 3.064430485366388893e+03
3.154339999999999833e+01 3.064871709165327502e+03
3.155699999999999861e+01 3.065312932318241565e+03
3.157049999999999912e+01 2.874135645303074398e+03
3.158409999999999940e+01 2.874343284156697791e+03
3.159769999999999968e+01 2.683106750861844375e+03
3.161129999999999995e+01 2.683300833686965234e+03
3.162480000000000047e+01 2.683678580356094244e+03
3.163840000000000074e+01 2.683872951700441718e+03
3.165200000000000102e+01 2.684259266123220186e+03
3.166560000000000130e+01 2.684645578948342973e+03
3.167909999999999826e+01 2.493236199032959121e+03
3.169269999999999854e+01 2.493594916936972822e+03
3.170629999999999882e+01 2.302111192130067138e+03
3.171979999999999933e+01 2.110565589555613315e+03
3.173339999999999961e+01 1.918972026764010252e+03
3.174699999999999989e+01 1.727200353463873171e+03
3.176060000000000016e+01 1.535510060151804510e+03
3.177410000000000068e+01 1.343664833801199620e+03
3.178770000000000095e+01 1.343762644458950035e+03
3.180130000000000123e+01 1.151962250501444259e+03
3.181490000000000151e+01 1.152046207157525487e+03
3.182839999999999847e+01 9.601735928112279908e+02
3.184199999999999875e+01 9.602436564265238985e+02
3.185559999999999903e+01 9.603817607616314262e+02
3.186909999999999954e+01 7.683591444056959290e+02
3.188269999999999982e+01 7.684696494952891044e+02
3.189630000000000010e+01 7.685258580293420891e+02
3.190990000000000038e+01 5.764772979526521794e+02
3.192340000000000089e+01 5.765177067903847501e+02
3.193700000000000117e+01 5.766006170600885525e+02
3.195060000000000144e+01 3.844285985004455597e+02
3.196420000000000172e+01 3.844838821670527409e+02
3.197769999999999868e+01 3.845109006452150311e+02
3.199129999999999896e+01 3.845391497171241895e+02
3.200489999999999924e+01 1.922972286357884286e+02
3.201839999999999975e+01 1.923242799693786083e+02
3.203199999999999648e+01 1.923384291392769967e+02
3.204560000000000031e+01 1.923660862314095255e+02
3.205919999999999703e+01 1.923937429499025029e+02
3.207269999999999754e+01 1.924207993368778205e+02
3.208630000000000138e+01 1.924349782041488481e+02
3.209989999999999810e+01 1.924626395450331131e+02
3.211350000000000193e+01 1.924903004824016364e+02
3.212700000000000244e+01 1.925173617719090373e+02
3.214059999999999917e+01 1.925450220523116514e+02
3.215420000000000300e+01 1.925726819116552804e+02
3.216770000000000351e+01 1.925997426077300645e+02
3.218130000000000024e+01 1.926274017747515757e+02
3.219489999999999696e+01 1.926550605033218915e+02
3.220850000000000080e+01 1.926827187877233598e+02
3.222200000000000131e+01 1.927097785533002536e+02
3.223559999999999803e+01 1.927374360988004867e+02
3.224920000000000186e+01 1.927650931829386138e+02
3.226279999999999859e+01 1.927927498000626372e+02
3.227629999999999910e+01 1.928198085408427289e+02
3.228990000000000293e+01 1.928474643730164644e+02
3.230349999999999966e+01 1.928751197211793169e+02
3.231710000000000349e+01 1.929161571301592630e+02
3.233059999999999690e+01 1.929432092058254113e+02
3.234420000000000073e+01 1.929708577343133413e+02
3.235779999999999745e+01 1.929985057624602405e+02
3.237129999999999797e+01 1.930255569986491935e+02
3.238490000000000180e+01 1.930665619467578438e+02
3.239849999999999852e+01 1.930942031275853026e+02
3.241210000000000235e+01 1.931218437919185646e+02
3.242560000000000286e+01 1.931488882663845743e+02
3.243919999999999959e+01 1.931898666632266952e+02
3.245280000000000342e+01 1.932175004529918567e+02
3.246640000000000015e+01 1.932451337102845912e+02
3.247990000000000066e+01 1.932854963578744503e+02
3.249349999999999739e+01 1.933131232566278186e+02
3.250710000000000122e+01 1.933407496124948466e+02
3.252060000000000173e+01 1.933810922003973189e+02
3.253419999999999845e+01 1.934087121918788910e+02
3.254780000000000229e+01 1.934496349092623859e+02
3.256139999999999901e+01 1.934772483720836078e+02
3.257489999999999952e+01 1.935042672481708905e+02
3.258850000000000335e+01 1.935451694955434903e+02
3.260210000000000008e+01 1.935727760296892939e+02
3.261569999999999681e+01 1.936136636737072934e+02
3.262919999999999732e+01 0.000000000000000000e+00
3.264280000000000115e+01 0.000000000000000000e+00
3.265639999999999787e+01 0.000000000000000000e+00
3.266989999999999839e+01 0.000000000000000000e+00
3.268350000000000222e+01 0.000000000000000000e+00
3.269709999999999894e+01 0.000000000000000000e+00
3.271070000000000277e+01 0.000000000000000000e+00
3.272420000000000329e+01 0.000000000000000000e+00
3.273780000000000001e+01 0.000000000000000000e+00
3.275139999999999674e+01 0.000000000000000000e+00
3.276500000000000057e+01 0.000000000000000000e+00
3.277850000000000108e+01 0.000000000000000000e+00
3.279209999999999781e+01 0.000000000000000000e+00
3.280570000000000164e+01 0.000000000000000000e+00
3.281920000000000215e+01 0.000000000000000000e+00
3.283279999999999887e+01 0.000000000000000000e+00
3.284640000000000271e+01 0.000000000000000000e+00
3.285999999999999943e+01 0.000000000000000000e+00
3.287349999999999994e+01 0.000000000000000000e+00
3.288709999999999667e+01 0.000000000000000000e+00
3.290070000000000050e+01 0.000000000000000000e+00
3.291429999999999723e+01 0.000000000000000000e+00
3.292779999999999774e+01 0.000000000000000000e+00
3.294140000000000157e+01 0.000000000000000000e+00
3.295499999999999829e+01 0.000000000000000000e+00
3.296849999999999881e+01 0.000000000000000000e+00
3.298210000000000264e+01 0.000000000000000000e+00
3.299569999999999936e+01 0.000000000000000000e+00
3.300930000000000319e+01 0.000000000000000000e+00
3.302279999999999660e+01 0.000000000000000000e+00
3.303640000000000043e+01 0.000000000000000000e+00
3.304999999999999716e+01 0.000000000000000000e+00
3.306360000000000099e+01 0.000000000000000000e+00
3.307710000000000150e+01 0.000000000000000000e+00
3.309069999999999823e+01 0.000000000000000000e+00
3.310430000000000206e+01 0.000000000000000000e+00
3.311789999999999878e+01 0.000000000000000000e+00
3.313139999999999930e+01 0.000000000000000000e+00
3.314500000000000313e+01 0.000000000000000000e+00
3.315859999999999985e+01 0.000000000000000000e+00
3.317210000000000036e+01 0.000000000000000000e+00
3.318569999999999709e+01 0.000000000000000000e+00
3.319930000000000092e+01 0.000000000000000000e+00
3.321289999999999765e+01 0.000000000000000000e+00
3.322639999999999816e+01 0.000000000000000000e+00
3.324000000000000199e+01 0.000000000000000000e+00
3.325359999999999872e+01 0.000000000000000000e+00
3.326720000000000255e+01 0.000000000000000000e+00
3.328070000000000306e+01 0.000000000000000000e+00
3.329429999999999978e+01 0.000000000000000000e+00
3.330789999999999651e+01 0.000000000000000000e+00
3.332139999999999702e+01 0.000000000000000000e+00
3.333500000000000085e+01 0.000000000000000000e+00
3.334859999999999758e+01 0.000000000000000000e+00
3.336220000000000141e+01 0.000000000000000000e+00
3.337570000000000192e+01 0.000000000000000000e+00
3.338929999999999865e+01 0.000000000000000000e+00
3.340290000000000248e+01 0.000000000000000000e+00
3.341649999999999920e+01 0.000000000000000000e+00
3.342999999999999972e+01 0.000000000000000000e+00
3.344360000000000355e+01 0.000000000000000000e+00
3.345720000000000027e+01 0.000000000000000000e+00
3.347070000000000078e+01 0.000000000000000000e+00
3.348429999999999751e+01 0.000000000000000000e+00
3.349790000000000134e+01 0.000000000000000000e+00
3.351149999999999807e+01 0.000000000000000000e+00
3.352499999999999858e+01 0.000000000000000000e+00
3.353860000000000241e+01 0.000000000000000000e+00
3.355219999999999914e+01 0.000000000000000000e+00
3.356580000000000297e+01 0.000000000000000000e+00
3.357930000000000348e+01 0.000000000000000000e+00
3.359290000000000020e+01 0.000000000000000000e+00
3.360649999999999693e+01 0.000000000000000000e+00
3.361999999999999744e+01 0.000000000000000000e+00
3.363360000000000127e+01 0.000000000000000000e+00
3.364719999999999800e+01 0.000000000000000000e+00
3.366080000000000183e+01 0.000000000000000000e+00
3.367430000000000234e+01 0.000000000000000000e+00
3.368789999999999907e+01 0.000000000000000000e+00
3.370150000000000290e+01 0.000000000000000000e+00
3.371509999999999962e+01 0.000000000000000000e+00
3.372860000000000014e+01 0.000000000000000000e+00
3.374219999999999686e+01 0.000000000000000000e+00
3.375580000000000069e+01 0.000000000000000000e+00
3.376930000000000121e+01 0.000000000000000000e+00
3.378289999999999793e+01 0.000000000000000000e+00
3.379650000000000176e+01 0.000000000000000000e+00
3.381009999999999849e+01 0.000000000000000000e+00
3.382359999999999900e+01 0.000000000000000000e+00
3.383720000000000283e+01 0.000000000000000000e+00
3.385079999999999956e+01 0.000000000000000000e+00
3.386440000000000339e+01 0.000000000000000000e+00
3.387789999999999679e+01 0.000000000000000000e+00
3.389150000000000063e+01 0.000000000000000000e+00
3.390509999999999735e+01 0.000000000000000000e+00
3.391870000000000118e+01 0.000000000000000000e+00
3.393220000000000169e+01 0.000000000000000000e+00
3.394579999999999842e+01 0.000000000000000000e+00
3.395940000000000225e+01 0.000000000000000000e+00
3.397290000000000276e+01 0.000000000000000000e+00
3.398649999999999949e+01 0.000000000000000000e+00
3.400010000000000332e+01 0.000000000000000000e+00
3.401370000000000005e+01 0.000000000000000000e+00
3.402720000000000056e+01 0.000000000000000000e+00
3.404079999999999728e+01 0.000000000000000000e+00
3.405440000000000111e+01 0.000000000000000000e+00
3.406799999999999784e+01 0.000000000000000000e+00
3.408149999999999835e+01 0.000000000000000000e+00
3.409510000000000218e+01 0.000000000000000000e+00
3.410869999999999891e+01 0.000000000000000000e+00
3.412219999999999942e+01 0.000000000000000000e+00
3.413580000000000325e+01 0.000000000000000000e+00
3.414939999999999998e+01 0.000000000000000000e+00
3.416299999999999670e+01 0.000000000000000000e+00
3.417649999999999721e+01 0.000000000000000000e+00
3.419010000000000105e+01 0.000000000000000000e+00
3.420369999999999777e+01 0.000000000000000000e+00
3.421730000000000160e+01 0.000000000000000000e+00
3.423080000000000211e+01 0.000000000000000000e+00
3.424439999999999884e+01 0.000000000000000000e+00
3.425800000000000267e+01 0.000000000000000000e+00
3.427150000000000318e+01 0.000000000000000000e+00
3.428509999999999991e+01 0.000000000000000000e+00
3.429869999999999663e+01 0.000000000000000000e+00
3.431230000000000047e+01 0.000000000000000000e+00
3.432580000000000098e+01 0.000000000000000000e+00
3.433939999999999770e+01 0.000000000000000000e+00
3.435300000000000153e+01 0.000000000000000000e+00
3.436659999999999826e+01 0.000000000000000000e+00
3.438009999999999877e+01 0.000000000000000000e+00
3.439370000000000260e+01 0.000000000000000000e+00
3.440729999999999933e+01 0.000000000000000000e+00
3.442079999999999984e+01 0.000000000000000000e+00
3.443439999999999657e+01 0.000000000000000000e+00
3.444800000000000040e+01 0.000000000000000000e+00
3.446159999999999712e+01 0.000000000000000000e+00
3.447509999999999764e+01 0.000000000000000000e+00
3.448870000000000147e+01 0.000000000000000000e+00
3.450229999999999819e+01 0.000000000000000000e+00
3.451590000000000202e+01 0.000000000000000000e+00
3.452940000000000254e+01 0.000000000000000000e+00
3.454299999999999926e+01 0.000000000000000000e+00
3.455660000000000309e+01 0.000000000000000000e+00
3.457009999999999650e+01 0.000000000000000000e+00
3.458370000000000033e+01 0.000000000000000000e+00
3.459729999999999706e+01 0.000000000000000000e+00
3.461090000000000089e+01 0.000000000000000000e+00
3.462440000000000140e+01 0.000000000000000000e+00
3.463799999999999812e+01 0.000000000000000000e+00
3.465160000000000196e+01 0.000000000000000000e+00
3.466519999999999868e+01 0.000000000000000000e+00
3.467869999999999919e+01 0.000000000000000000e+00
3.469230000000000302e+01 0.000000000000000000e+00
3.470589999999999975e+01 0.000000000000000000e+00
3.471949999999999648e+01 0.000000000000000000e+00
3.473299999999999699e+01 0.000000000000000000e+00
3.474660000000000082e+01 0.000000000000000000e+00
3.476019999999999754e+01 0.000000000000000000e+00
3.477369999999999806e+01 0.000000000000000000e+00
3.478730000000000189e+01 0.000000000000000000e+00
3.480089999999999861e+01 0.000000000000000000e+00
3.481450000000000244e+01 0.000000000000000000e+00
3.482800000000000296e+01 0.000000000000000000e+00
3.484159999999999968e+01 0.000000000000000000e+00
3.485520000000000351e+01 0.000000000000000000e+00
3.486880000000000024e+01 0.000000000000000000e+00
3.488230000000000075e+01 0.000000000000000000e+00
3.489589999999999748e+01 0.000000000000000000e+00
3.490950000000000131e+01 0.000000000000000000e+00
3.492300000000000182e+01 0.000000000000000000e+00
3.493659999999999854e+01 0.000000000000000000e+00
3.495020000000000238e+01 0.000000000000000000e+00
3.496379999999999910e+01 0.000000000000000000e+00
3.497729999999999961e+01 0.000000000000000000e+00
3.499090000000000344e+01 0.000000000000000000e+00
3.500450000000000017e+01 0.000000000000000000e+00
3.501809999999999690e+01 0.000000000000000000e+00
3.503159999999999741e+01 0.000000000000000000e+00
3.504520000000000124e+01 0.000000000000000000e+00
3.505879999999999797e+01 0.000000000000000000e+00
3.507229999999999848e+01 0.000000000000000000e+00
3.508590000000000231e+01 0.000000000000000000e+00
3.509949999999999903e+01 0.000000000000000000e+00
3.511310000000000286e+01 0.000000000000000000e+00
3.512660000000000338e+01 0.000000000000000000e+00
3.514020000000000010e+01 0.000000000000000000e+00
3.515379999999999683e+01 0.000000000000000000e+00
3.516740000000000066e+01 0.000000000000000000e+00
3.518090000000000117e+01 0.000000000000000000e+00
3.519449999999999790e+01 0.000000000000000000e+00
3.520810000000000173e+01 0.000000000000000000e+00
3.522160000000000224e+01 0.000000000000000000e+00
3.523519999999999897e+01 0.000000000000000000e+00
3.524880000000000280e+01 0.000000000000000000e+00
3.526239999999999952e+01 0.000000000000000000e+00
3.527590000000000003e+01 0.000000000000000000e+00
3.528949999999999676e+01 0.000000000000000000e+00
3.530310000000000059e+01 0.000000000000000000e+00
3.531669999999999732e+01 0.000000000000000000e+00
3.533019999999999783e+01 0.000000000000000000e+00
3.534380000000000166e+01 0.000000000000000000e+00
3.535739999999999839e+01 0.000000000000000000e+00
3.537100000000000222e+01 0.000000000000000000e+00
3.538450000000000273e+01 0.000000000000000000e+00
3.539809999999999945e+01 0.000000000000000000e+00
3.541170000000000329e+01 0.000000000000000000e+00
3.542519999999999669e+01 0.000000000000000000e+00
3.543880000000000052e+01 0.000000000000000000e+00
3.545239999999999725e+01 0.000000000000000000e+00
3.546600000000000108e+01 0.000000000000000000e+00
3.547950000000000159e+01 0.000000000000000000e+00
3.549309999999999832e+01 0.000000000000000000e+00
3.550670000000000215e+01 0.000000000000000000e+00
3.552029999999999887e+01 0.000000000000000000e+00
3.553379999999999939e+01 0.000000000000000000e+00
3.554740000000000322e+01 0.000000000000000000e+00
3.556099999999999994e+01 0.000000000000000000e+00
3.557450000000000045e+01 0.000000000000000000e+00
3.558809999999999718e+01 0.000000000000000000e+00
3.560170000000000101e+01 0.000000000000000000e+00
3.561529999999999774e+01 0.000000000000000000e+00
3.562879999999999825e+01 0.000000000000000000e+00
3.564240000000000208e+01 0.000000000000000000e+00
3.565599999999999881e+01 0.000000000000000000e+00
3.566960000000000264e+01 0.000000000000000000e+00
3.568310000000000315e+01 0.000000000000000000e+00
3.569669999999999987e+01 0.000000000000000000e+00
3.571029999999999660e+01 0.000000000000000000e+00
3.572379999999999711e+01 0.000000000000000000e+00
3.573740000000000094e+01 0.000000000000000000e+00
3.575099999999999767e+01 0.000000000000000000e+00
3.576460000000000150e+01 0.000000000000000000e+00
3.577810000000000201e+01 0.000000000000000000e+00
3.579169999999999874e+01 0.000000000000000000e+00
3.580530000000000257e+01 0.000000000000000000e+00
3.581889999999999930e+01 0.000000000000000000e+00
3.583239999999999981e+01 0.000000000000000000e+00
3.584599999999999653e+01 0.000000000000000000e+00
3.585960000000000036e+01 0.000000000000000000e+00
3.587310000000000088e+01 0.000000000000000000e+00
3.588669999999999760e+01 0.000000000000000000e+00
3.590030000000000143e+01 0.000000000000000000e+00
3.591389999999999816e+01 0.000000000000000000e+00
3.592739999999999867e+01 0.000000000000000000e+00
3.594100000000000250e+01 0.000000000000000000e+00
3.595459999999999923e+01 0.000000000000000000e+00
3.596820000000000306e+01 0.000000000000000000e+00
3.598169999999999646e+01 0.000000000000000000e+00
3.599530000000000030e+01 0.000000000000000000e+00
3.600889999999999702e+01 0.000000000000000000e+00
3.602239999999999753e+01 0.000000000000000000e+00
3.603600000000000136e+01 0.000000000000000000e+00
3.604959999999999809e+01 0.000000000000000000e+00
3.606320000000000192e+01 0.000000000000000000e+00
3.607670000000000243e+01 0.000000000000000000e+00
3.609029999999999916e+01 0.000000000000000000e+00
3.610390000000000299e+01 0.000000000000000000e+00
3.611749999999999972e+01 0.000000000000000000e+00
3.613100000000000023e+01 0.000000000000000000e+00
3.614459999999999695e+01 0.000000000000000000e+00
3.615820000000000078e+01 0.000000000000000000e+00
3.617179999999999751e+01 0.000000000000000000e+00
3.618529999999999802e+01 0.000000000000000000e+00
3.619890000000000185e+01 0.000000000000000000e+00
3.621249999999999858e+01 0.000000000000000000e+00
3.622599999999999909e+01 0.000000000000000000e+00
3.623960000000000292e+01 0.000000000000000000e+00
3.625319999999999965e+01 0.000000000000000000e+00
3.626680000000000348e+01 0.000000000000000000e+00
3.628029999999999688e+01 0.000000000000000000e+00
3.629390000000000072e+01 0.000000000000000000e+00
3.630749999999999744e+01 0.000000000000000000e+00
3.632110000000000127e+01 0.000000000000000000e+00
3.633460000000000178e+01 0.000000000000000000e+00
3.634819999999999851e+01 0.000000000000000000e+00
3.636180000000000234e+01 0.000000000000000000e+00
3.637530000000000285e+01 0.000000000000000000e+00
3.638889999999999958e+01 0.000000000000000000e+00
3.640250000000000341e+01 0.000000000000000000e+00
3.641610000000000014e+01 0.000000000000000000e+00
3.642960000000000065e+01 0.000000000000000000e+00
3.644319999999999737e+01 0.000000000000000000e+00
3.645680000000000121e+01 0.000000000000000000e+00
3.647039999999999793e+01 0.000000000000000000e+00
3.648389999999999844e+01 0.000000000000000000e+00
3.649750000000000227e+01 0.000000000000000000e+00
3.651109999999999900e+01 0.000000000000000000e+00
3.652459999999999951e+01 0.000000000000000000e+00
3.653820000000000334e+01 0.000000000000000000e+00
3.655180000000000007e+01 0.000000000000000000e+00
3.656539999999999679e+01 0.000000000000000000e+00
3.657889999999999731e+01 0.000000000000000000e+00
3.659250000000000114e+01 0.000000000000000000e+00
3.660609999999999786e+01 0.000000000000000000e+00
3.661970000000000169e+01 0.000000000000000000e+00
3.663320000000000221e+01 0.000000000000000000e+00
3.664679999999999893e+01 0.000000000000000000e+00
3.666040000000000276e+01 0.000000000000000000e+00
3.667390000000000327e+01 0.000000000000000000e+00
3.668750000000000000e+01 0.000000000000000000e+00
3.670109999999999673e+01 0.000000000000000000e+00
3.671470000000000056e+01 0.000000000000000000e+00
3.672820000000000107e+01 0.000000000000000000e+00
3.674179999999999779e+01 0.000000000000000000e+00
3.675540000000000163e+01 0.000000000000000000e+00
3.676899999999999835e+01 0.000000000000000000e+00
3.678249999999999886e+01 0.000000000000000000e+00
3.679610000000000269e+01 0.000000000000000000e+00
3.680969999999999942e+01 0.000000000000000000e+00
3.682319999999999993e+01 0.000000000000000000e+00
3.683679999999999666e+01 0.000000000000000000e+00
3.685040000000000049e+01 0.000000000000000000e+00
3.686399999999999721e+01 0.000000000000000000e+00
3.687749999999999773e+01 0.000000000000000000e+00
3.689110000000000156e+01 0.000000000000000000e+00
3.690469999999999828e+01 0.000000000000000000e+00
3.691830000000000211e+01 0.000000000000000000e+00
3.693180000000000263e+01 0.000000000000000000e+00
3.694539999999999935e+01 0.000000000000000000e+00
3.695900000000000318e+01 0.000000000000000000e+00
3.697259999999999991e+01 0.000000000000000000e+00
3.698610000000000042e+01 0.000000000000000000e+00
3.699969999999999715e+01 0.000000000000000000e+00
3.701330000000000098e+01 0.000000000000000000e+00
3.702680000000000149e+01 0.000000000000000000e+00
3.704039999999999822e+01 0.000000000000000000e+00
3.705400000000000205e+01 0.000000000000000000e+00
3.706759999999999877e+01 0.000000000000000000e+00
3.708109999999999928e+01 0.000000000000000000e+00
3.709470000000000312e+01 0.000000000000000000e+00
3.710829999999999984e+01 0.000000000000000000e+00
3.712189999999999657e+01 0.000000000000000000e+00
3.713539999999999708e+01 0.000000000000000000e+00
3.714900000000000091e+01 0.000000000000000000e+00
3.716259999999999764e+01 0.000000000000000000e+00
3.717609999999999815e+01 0.000000000000000000e+00
3.718970000000000198e+01 0.000000000000000000e+00
3.720329999999999870e+01 0.000000000000000000e+00
3.721690000000000254e+01 0.000000000000000000e+00
3.723040000000000305e+01 0.000000000000000000e+00
3.724399999999999977e+01 0.000000000000000000e+00
3.725759999999999650e+01 0.000000000000000000e+00
3.727120000000000033e+01 0.000000000000000000e+00
3.728470000000000084e+01 0.000000000000000000e+00
3.729829999999999757e+01 0.000000000000000000e+00
3.731190000000000140e+01 0.000000000000000000e+00
3.732540000000000191e+01 0.000000000000000000e+00
3.733899999999999864e+01 0.000000000000000000e+00
3.735260000000000247e+01 0.000000000000000000e+00
3.736619999999999919e+01 0.000000000000000000e+00
3.737969999999999970e+01 0.000000000000000000e+00
3.739330000000000354e+01 0.000000000000000000e+00
3.740690000000000026e+01 0.000000000000000000e+00
3.742049999999999699e+01 0.000000000000000000e+00
3.743399999999999750e+01 0.000000000000000000e+00
3.744760000000000133e+01 0.000000000000000000e+00
3.746119999999999806e+01 0.000000000000000000e+00
3.747469999999999857e+01 0.000000000000000000e+00
3.748830000000000240e+01 0.000000000000000000e+00
3.750189999999999912e+01 0.000000000000000000e+00
3.751550000000000296e+01 0.000000000000000000e+00
3.752900000000000347e+01 0.000000000000000000e+00
3.754260000000000019e+01 0.000000000000000000e+00
3.755619999999999692e+01 0.000000000000000000e+00
3.756980000000000075e+01 0.000000000000000000e+00
3.758330000000000126e+01 0.000000000000000000e+00
3.759689999999999799e+01 0.000000000000000000e+00
3.761050000000000182e+01 0.000000000000000000e+00
3.762409999999999854e+01 0.000000000000000000e+00
3.763759999999999906e+01 0.000000000000000000e+00
3.765120000000000289e+01 0.000000000000000000e+00
3.766479999999999961e+01 0.000000000000000000e+00
3.767830000000000013e+01 0.000000000000000000e+00
3.769189999999999685e+01 0.000000000000000000e+00
3.770550000000000068e+01 0.000000000000000000e+00
3.771909999999999741e+01 0.000000000000000000e+00
3.773259999999999792e+01 0.000000000000000000e+00
3.774620000000000175e+01 0.000000000000000000e+00
3.775979999999999848e+01 0.000000000000000000e+00
3.777340000000000231e+01 0.000000000000000000e+00
3.778690000000000282e+01 0.000000000000000000e+00
3.780049999999999955e+01 0.000000000000000000e+00
3.781410000000000338e+01 0.000000000000000000e+00
3.782759999999999678e+01 0.000000000000000000e+00
3.784120000000000061e+01 0.000000000000000000e+00
3.785479999999999734e+01 0.000000000000000000e+00
3.786840000000000117e+01 0.000000000000000000e+00
3.788190000000000168e+01 0.000000000000000000e+00
3.789549999999999841e+01 0.000000000000000000e+00
3.790910000000000224e+01 0.000000000000000000e+00
3.792269999999999897e+01 0.000000000000000000e+00
3.793619999999999948e+01 0.000000000000000000e+00
3.794980000000000331e+01 0.000000000000000000e+00
3.796340000000000003e+01 0.000000000000000000e+00
3.797690000000000055e+01 0.000000000000000000e+00
3.799049999999999727e+01 0.000000000000000000e+00
3.800410000000000110e+01 0.000000000000000000e+00
3.801769999999999783e+01 0.000000000000000000e+00
3.803119999999999834e+01 0.000000000000000000e+00
3.804480000000000217e+01 0.000000000000000000e+00
3.805839999999999890e+01 0.000000000000000000e+00
3.807200000000000273e+01 0.000000000000000000e+00
3.808550000000000324e+01 0.000000000000000000e+00
3.809909999999999997e+01 0.000000000000000000e+00
3.811269999999999669e+01 0.000000000000000000e+00
3.812619999999999720e+01 0.000000000000000000e+00
3.813980000000000103e+01 0.000000000000000000e+00
3.815339999999999776e+01 0.000000000000000000e+00
3.816700000000000159e+01 0.000000000000000000e+00
3.818050000000000210e+01 0.000000000000000000e+00
3.819409999999999883e+01 0.000000000000000000e+00
3.820770000000000266e+01 0.000000000000000000e+00
3.822129999999999939e+01 0.000000000000000000e+00
3.823479999999999990e+01 0.000000000000000000e+00
3.824839999999999662e+01 0.000000000000000000e+00
3.826200000000000045e+01 0.000000000000000000e+00
3.827550000000000097e+01 0.000000000000000000e+00
3.828909999999999769e+01 0.000000000000000000e+00
3.830270000000000152e+01 0.000000000000000000e+00
3.831629999999999825e+01 0.000000000000000000e+00
3.832979999999999876e+01 0.000000000000000000e+00
3.834340000000000259e+01 0.000000000000000000e+00
3.835699999999999932e+01 0.000000000000000000e+00
3.837060000000000315e+01 0.000000000000000000e+00
3.838409999999999656e+01 0.000000000000000000e+00
3.839770000000000039e+01 0.000000000000000000e+00
3.841129999999999711e+01 0.000000000000000000e+00
3.842490000000000094e+01 0.000000000000000000e+00
3.843840000000000146e+01 0.000000000000000000e+00
3.845199999999999818e+01 0.000000000000000000e+00
3.846560000000000201e+01 0.000000000000000000e+00
3.847910000000000252e+01 0.000000000000000000e+00
3.849269999999999925e+01 0.000000000000000000e+00
3.850630000000000308e+01 0.000000000000000000e+00
3.851989999999999981e+01 0.000000000000000000e+00
3.853340000000000032e+01 0.000000000000000000e+00
3.854699999999999704e+01 0.000000000000000000e+00
3.856060000000000088e+01 0.000000000000000000e+00
3.857419999999999760e+01 0.000000000000000000e+00
3.858769999999999811e+01 0.000000000000000000e+00
3.860130000000000194e+01 0.000000000000000000e+00
3.861489999999999867e+01 0.000000000000000000e+00
3.862839999999999918e+01 0.000000000000000000e+00
3.864200000000000301e+01 0.000000000000000000e+00
3.865559999999999974e+01 0.000000000000000000e+00
3.866919999999999646e+01 0.000000000000000000e+00
3.868269999999999698e+01 0.000000000000000000e+00
3.869630000000000081e+01 0.000000000000000000e+00
3.870989999999999753e+01 0.000000000000000000e+00
3.872350000000000136e+01 0.000000000000000000e+00
3.873700000000000188e+01 0.000000000000000000e+00
3.875059999999999860e+01 0.000000000000000000e+00
3.876420000000000243e+01 0.000000000000000000e+00
3.877770000000000294e+01 0.000000000000000000e+00
3.879129999999999967e+01 0.000000000000000000e+00
3.880490000000000350e+01 0.000000000000000000e+00
3.881850000000000023e+01 0.000000000000000000e+00
3.883200000000000074e+01 0.000000000000000000e+00
3.884559999999999746e+01 0.000000000000000000e+00
3.885920000000000130e+01 0.000000000000000000e+00
3.887279999999999802e+01 0.000000000000000000e+00
3.888629999999999853e+01 0.000000000000000000e+00
3.889990000000000236e+01 0.000000000000000000e+00
3.891349999999999909e+01 0.000000000000000000e+00
3.892699999999999960e+01 0.000000000000000000e+00
3.894060000000000343e+01 0.000000000000000000e+00
3.895420000000000016e+01 0.000000000000000000e+00
3.896779999999999688e+01 0.000000000000000000e+00
3.898129999999999740e+01 0.000000000000000000e+00
3.899490000000000123e+01 0.000000000000000000e+00
3.900849999999999795e+01 0.000000000000000000e+00
3.902210000000000178e+01 0.000000000000000000e+00
3.903560000000000230e+01 0.000000000000000000e+00
3.904919999999999902e+01 0.000000000000000000e+00
3.906280000000000285e+01 0.000000000000000000e+00
3.907630000000000337e+01 0.000000000000000000e+00
3.908990000000000009e+01 0.000000000000000000e+00
3.910349999999999682e+01 0.000000000000000000e+00
3.911710000000000065e+01 0.000000000000000000e+00
3.913060000000000116e+01 0.000000000000000000e+00
3.914419999999999789e+01 0.000000000000000000e+00
3.915780000000000172e+01 0.000000000000000000e+00
3.917139999999999844e+01 0.000000000000000000e+00
3.918489999999999895e+01 0.000000000000000000e+00
3.919850000000000279e+01 0.000000000000000000e+00
3.921209999999999951e+01 0.000000000000000000e+00
3.922570000000000334e+01 0.000000000000000000e+00
3.923919999999999675e+01 0.000000000000000000e+00
3.925280000000000058e+01 0.000000000000000000e+00
3.926639999999999731e+01 0.000000000000000000e+00
3.927989999999999782e+01 0.000000000000000000e+00
3.929350000000000165e+01 0.000000000000000000e+00
3.930709999999999837e+01 0.000000000000000000e+00
3.932070000000000221e+01 0.000000000000000000e+00
3.933420000000000272e+01 0.000000000000000000e+00
3.934779999999999944e+01 0.000000000000000000e+00
3.936140000000000327e+01 0.000000000000000000e+00
3.937500000000000000e+01 0.000000000000000000e+00
3.938850000000000051e+01 0.000000000000000000e+00
3.940209999999999724e+01 0.000000000000000000e+00
3.941570000000000107e+01 0.000000000000000000e+00
3.942920000000000158e+01 0.000000000000000000e+00
3.944279999999999831e+01 0.000000000000000000e+00
3.945640000000000214e+01 0.000000000000000000e+00
3.946999999999999886e+01 0.000000000000000000e+00
3.948349999999999937e+01 0.000000000000000000e+00
3.949710000000000321e+01 0.000000000000000000e+00
3.951069999999999993e+01 0.000000000000000000e+00
3.952429999999999666e+01 0.000000000000000000e+00
3.953779999999999717e+01 0.000000000000000000e+00
3.955140000000000100e+01 0.000000000000000000e+00
3.956499999999999773e+01 0.000000000000000000e+00
3.957849999999999824e+01 0.000000000000000000e+00
3.959210000000000207e+01 0.000000000000000000e+00
3.960569999999999879e+01 0.000000000000000000e+00
3.961930000000000263e+01 0.000000000000000000e+00
3.963280000000000314e+01 0.000000000000000000e+00
3.964639999999999986e+01 0.000000000000000000e+00
3.965999999999999659e+01 0.000000000000000000e+00
3.967360000000000042e+01 0.000000000000000000e+00
3.968710000000000093e+01 0.000000000000000000e+00
3.970069999999999766e+01 0.000000000000000000e+00
3.971430000000000149e+01 0.000000000000000000e+00
3.972780000000000200e+01 0.000000000000000000e+00
3.974139999999999873e+01 0.000000000000000000e+00
3.975500000000000256e+01 0.000000000000000000e+00
3.976859999999999928e+01 0.000000000000000000e+00
3.978209999999999980e+01 0.000000000000000000e+00
3.979569999999999652e+01 0.000000000000000000e+00
3.980930000000000035e+01 0.000000000000000000e+00
3.982289999999999708e+01 0.000000000000000000e+00
3.983639999999999759e+01 0.000000000000000000e+00
3.985000000000000142e+01 0.000000000000000000e+00
3.986359999999999815e+01 0.000000000000000000e+00
3.987709999999999866e+01 0.000000000000000000e+00
3.989070000000000249e+01 0.000000000000000000e+00
3.990429999999999922e+01 0.000000000000000000e+00
3.991790000000000305e+01 0.000000000000000000e+00
3.993139999999999645e+01 0.000000000000000000e+00
3.994500000000000028e+01 0.000000000000000000e+00
3.995859999999999701e+01 0.000000000000000000e+00
3.997220000000000084e+01 0.000000000000000000e+00
3.998570000000000135e+01 0.000000000000000000e+00
3.999929999999999808e+01 0.000000000000000000e+00
4.001290000000000191e+01 0.000000000000000000e+00
4.002649999999999864e+01 0.000000000000000000e+00
4.003999999999999915e+01 0.000000000000000000e+00
4.005360000000000298e+01 0.000000000000000000e+00
4.006719999999999970e+01 0.000000000000000000e+00
4.008070000000000022e+01 0.000000000000000000e+00
4.009429999999999694e+01 0.000000000000000000e+00
4.010790000000000077e+01 0.000000000000000000e+00
4.012149999999999750e+01 0.000000000000000000e+00
4.013499999999999801e+01 0.000000000000000000e+00
4.014860000000000184e+01 0.000000000000000000e+00
4.016219999999999857e+01 0.000000000000000000e+00
4.017580000000000240e+01 0.000000000000000000e+00
4.018930000000000291e+01 0.000000000000000000e+00
4.020289999999999964e+01 0.000000000000000000e+00
4.021650000000000347e+01 0.000000000000000000e+00
4.022999999999999687e+01 0.000000000000000000e+00
4.024360000000000070e+01 0.000000000000000000e+00
4.025719999999999743e+01 0.000000000000000000e+00
4.027080000000000126e+01 0.000000000000000000e+00
4.028430000000000177e+01 0.000000000000000000e+00
4.029789999999999850e+01 0.000000000000000000e+00
4.031150000000000233e+01 0.000000000000000000e+00
4.032509999999999906e+01 0.000000000000000000e+00
4.033859999999999957e+01 0.000000000000000000e+00
4.035220000000000340e+01 0.000000000000000000e+00
4.036580000000000013e+01 0.000000000000000000e+00
4.037930000000000064e+01 0.000000000000000000e+00
4.039289999999999736e+01 0.000000000000000000e+00
4.040650000000000119e+01 0.000000000000000000e+00
4.042009999999999792e+01 0.000000000000000000e+00
4.043359999999999843e+01 0.000000000000000000e+00
4.044720000000000226e+01 0.000000000000000000e+00
4.046079999999999899e+01 0.000000000000000000e+00
4.047440000000000282e+01 0.000000000000000000e+00
4.048790000000000333e+01 0.000000000000000000e+00
4.050150000000000006e+01 0.000000000000000000e+00
4.051509999999999678e+01 0.000000000000000000e+00
4.052859999999999729e+01 0.000000000000000000e+00
4.054220000000000113e+01 0.000000000000000000e+00
4.055579999999999785e+01 0.000000000000000000e+00
4.056940000000000168e+01 0.000000000000000000e+00
4.058290000000000219e+01 0.000000000000000000e+00
4.059649999999999892e+01 0.000000000000000000e+00
4.061010000000000275e+01 0.000000000000000000e+00
4.062369999999999948e+01 0.000000000000000000e+00
4.063719999999999999e+01 0.000000000000000000e+00
4.065079999999999671e+01 0.000000000000000000e+00
4.066440000000000055e+01 0.000000000000000000e+00
4.067799999999999727e+01 0.000000000000000000e+00
4.069149999999999778e+01 0.000000000000000000e+00
4.070510000000000161e+01 0.000000000000000000e+00
