# energy dos
-1.367949999999999910e+01 0.000000000000000000e+00
-1.366709999999999958e+01 0.000000000000000000e+00
-1.365460000000000029e+01 0.000000000000000000e+00
-1.364220000000000077e+01 0.000000000000000000e+00
-1.362969999999999970e+01 0.000000000000000000e+00
-1.361730000000000018e+01 0.000000000000000000e+00
-1.360490000000000066e+01 0.000000000000000000e+00
-1.359239999999999959e+01 0.000000000000000000e+00
-1.358000000000000007e+01 0.000000000000000000e+00
-1.356750000000000078e+01 0.000000000000000000e+00
-1.355509999999999948e+01 0.000000000000000000e+00
-1.354260000000000019e+01 0.000000000000000000e+00
-1.353020000000000067e+01 0.000000000000000000e+00
-1.351779999999999937e+01 0.000000000000000000e+00
-1.350530000000000008e+01 0.000000000000000000e+00
-1.349290000000000056e+01 0.000000000000000000e+00
-1.348039999999999949e+01 0.000000000000000000e+00
-1.346799999999999997e+01 0.000000000000000000e+00
-1.345560000000000045e+01 0.000000000000000000e+00
-1.344309999999999938e+01 0.000000000000000000e+00
-1.343069999999999986e+01 0.000000000000000000e+00
-1.341820000000000057e+01 0.000000000000000000e+00
-1.340579999999999927e+01 0.000000000000000000e+00
-1.339329999999999998e+01 0.000000000000000000e+00
-1.338090000000000046e+01 0.000000000000000000e+00
-1.336849999999999916e+01 0.000000000000000000e+00
-1.335599999999999987e+01 0.000000000000000000e+00
-1.334360000000000035e+01 0.000000000000000000e+00
-1.333109999999999928e+01 0.000000000000000000e+00
-1.331869999999999976e+01 0.000000000000000000e+00
-1.330630000000000024e+01 0.000000000000000000e+00
-1.329379999999999917e+01 0.000000000000000000e+00
-1.328139999999999965e+01 0.000000000000000000e+00
-1.326890000000000036e+01 0.000000000000000000e+00
-1.325649999999999906e+01 0.000000000000000000e+00
-1.324399999999999977e+01 0.000000000000000000e+00
-1.323160000000000025e+01 0.000000000000000000e+00
-1.321920000000000073e+01 0.000000000000000000e+00
-1.320669999999999966e+01 0.000000000000000000e+00
-1.319430000000000014e+01 0.000000000000000000e+00
-1.318179999999999907e+01 0.000000000000000000e+00
-1.316939999999999955e+01 0.000000000000000000e+00
-1.315700000000000003e+01 0.000000000000000000e+00
-1.314450000000000074e+01 0.000000000000000000e+00
-1.313209999999999944e+01 0.000000000000000000e+00
-1.311960000000000015e+01 0.000000000000000000e+00
-1.310720000000000063e+01 0.000000000000000000e+00
-1.309469999999999956e+01 0.000000000000000000e+00
-1.308230000000000004e+01 0.000000000000000000e+00
-1.306990000000000052e+01 0.000000000000000000e+00
-1.305739999999999945e+01 0.000000000000000000e+00
-1.304499999999999993e+01 0.000000000000000000e+00
-1.303250000000000064e+01 0.000000000000000000e+00
-1.302009999999999934e+01 0.000000000000000000e+00
-1.300760000000000005e+01 0.000000000000000000e+00
-1.299520000000000053e+01 0.000000000000000000e+00
-1.298279999999999923e+01 0.000000000000000000e+00
-1.297029999999999994e+01 0.000000000000000000e+00
-1.295790000000000042e+01 0.000000000000000000e+00
-1.294539999999999935e+01 0.000000000000000000e+00
-1.293299999999999983e+01 0.000000000000000000e+00
-1.292060000000000031e+01 0.000000000000000000e+00
-1.290809999999999924e+01 0.000000000000000000e+00
-1.289569999999999972e+01 0.000000000000000000e+00
-1.288320000000000043e+01 0.000000000000000000e+00
-1.287079999999999913e+01 0.000000000000000000e+00
-1.285829999999999984e+01 0.000000000000000000e+00
-1.284590000000000032e+01 0.000000000000000000e+00
-1.283350000000000080e+01 0.000000000000000000e+00
-1.282099999999999973e+01 0.000000000000000000e+00
-1.280860000000000021e+01 0.000000000000000000e+00
-1.279609999999999914e+01 0.000000000000000000e+00
-1.278369999999999962e+01 0.000000000000000000e+00
-1.277130000000000010e+01 0.000000000000000000e+00
-1.275880000000000081e+01 0.000000000000000000e+00
-1.274639999999999951e+01 0.000000000000000000e+00
-1.273390000000000022e+01 0.000000000000000000e+00
-1.272150000000000070e+01 0.000000000000000000e+00
-1.270899999999999963e+01 0.000000000000000000e+00
-1.269660000000000011e+01 0.000000000000000000e+00
-1.268420000000000059e+01 0.000000000000000000e+00
-1.267169999999999952e+01 0.000000000000000000e+00
-1.265930000000000000e+01 0.000000000000000000e+00
-1.264680000000000071e+01 0.000000000000000000e+00
-1.263439999999999941e+01 0.000000000000000000e+00
-1.262199999999999989e+01 0.000000000000000000e+00
-1.260950000000000060e+01 0.000000000000000000e+00
-1.259709999999999930e+01 0.000000000000000000e+00
-1.258460000000000001e+01 0.000000000000000000e+00
-1.257220000000000049e+01 0.000000000000000000e+00
-1.255969999999999942e+01 0.000000000000000000e+00
-1.254729999999999990e+01 0.000000000000000000e+00
-1.253490000000000038e+01 0.000000000000000000e+00
-1.252239999999999931e+01 0.000000000000000000e+00
-1.250999999999999979e+01 0.000000000000000000e+00
-1.249750000000000050e+01 0.000000000000000000e+00
-1.248509999999999920e+01 0.000000000000000000e+00
-1.247269999999999968e+01 0.000000000000000000e+00
-1.246020000000000039e+01 0.000000000000000000e+00
-1.244779999999999909e+01 0.000000000000000000e+00
-1.243529999999999980e+01 0.000000000000000000e+00
-1.242290000000000028e+01 0.000000000000000000e+00
-1.241039999999999921e+01 0.000000000000000000e+00
-1.239799999999999969e+01 0.000000000000000000e+00
-1.238560000000000016e+01 0.000000000000000000e+00
-1.237309999999999910e+01 0.000000000000000000e+00
-1.236069999999999958e+01 0.000000000000000000e+00
-1.234820000000000029e+01 0.000000000000000000e+00
-1.233580000000000076e+01 0.000000000000000000e+00
-1.232329999999999970e+01 0.000000000000000000e+00
-1.231090000000000018e+01 0.000000000000000000e+00
-1.229850000000000065e+01 0.000000000000000000e+00
-1.228599999999999959e+01 0.000000000000000000e+00
-1.227360000000000007e+01 0.000000000000000000e+00
-1.226110000000000078e+01 0.000000000000000000e+00
-1.224869999999999948e+01 0.000000000000000000e+00
-1.223629999999999995e+01 0.000000000000000000e+00
-1.222380000000000067e+01 0.000000000000000000e+00
-1.221139999999999937e+01 0.000000000000000000e+00
-1.219890000000000008e+01 0.000000000000000000e+00
-1.218650000000000055e+01 0.000000000000000000e+00
-1.217399999999999949e+01 0.000000000000000000e+00
-1.216159999999999997e+01 0.000000000000000000e+00
-1.214920000000000044e+01 0.000000000000000000e+00
-1.213669999999999938e+01 0.000000000000000000e+00
-1.212429999999999986e+01 0.000000000000000000e+00
-1.211180000000000057e+01 0.000000000000000000e+00
-1.209939999999999927e+01 0.000000000000000000e+00
-1.208699999999999974e+01 0.000000000000000000e+00
-1.207450000000000045e+01 0.000000000000000000e+00
-1.206209999999999916e+01 0.000000000000000000e+00
-1.204959999999999987e+01 0.000000000000000000e+00
-1.203720000000000034e+01 0.000000000000000000e+00
-1.202469999999999928e+01 0.000000000000000000e+00
-1.201229999999999976e+01 0.000000000000000000e+00
-1.199990000000000023e+01 0.000000000000000000e+00
-1.198739999999999917e+01 0.000000000000000000e+00
-1.197499999999999964e+01 1.930000000000000118e-02
-1.196250000000000036e+01 1.171999999999999986e-01
-1.195009999999999906e+01 2.980999999999999761e-01
-1.193769999999999953e+01 5.429000000000000492e-01
-1.192520000000000024e+01 5.276999999999999469e-01
-1.191280000000000072e+01 6.110999999999999766e-01
-1.190029999999999966e+01 7.008999999999999675e-01
-1.188790000000000013e+01 7.953999999999999959e-01
-1.187539999999999907e+01 8.944999999999999618e-01
-1.186299999999999955e+01 9.979000000000000092e-01
-1.185060000000000002e+01 1.104400000000000048e+00
-1.183810000000000073e+01 1.213899999999999979e+00
-1.182569999999999943e+01 1.328100000000000058e+00
-1.181320000000000014e+01 1.447500000000000009e+00
-1.180080000000000062e+01 1.570999999999999952e+00
-1.178839999999999932e+01 1.698600000000000110e+00
-1.177590000000000003e+01 1.830300000000000038e+00
-1.176350000000000051e+01 1.966099999999999959e+00
-1.175099999999999945e+01 2.156800000000000050e+00
-1.173859999999999992e+01 2.413199999999999790e+00
-1.172610000000000063e+01 2.684299999999999908e+00
-1.171369999999999933e+01 2.973700000000000010e+00
-1.170129999999999981e+01 3.285000000000000142e+00
-1.168880000000000052e+01 3.620000000000000107e+00
-1.167639999999999922e+01 3.978400000000000158e+00
-1.166389999999999993e+01 4.358999999999999986e+00
-1.165150000000000041e+01 5.056000000000000050e+00
-1.163899999999999935e+01 6.296700000000000408e+00
-1.162659999999999982e+01 8.322400000000000020e+00
-1.161420000000000030e+01 9.913999999999999702e+00
-1.160169999999999924e+01 9.751500000000000057e+00
-1.158929999999999971e+01 1.076600000000000001e+01
-1.157680000000000042e+01 1.164220000000000077e+01
-1.156439999999999912e+01 1.203180000000000049e+01
-1.155199999999999960e+01 1.282540000000000013e+01
-1.153950000000000031e+01 1.573189999999999955e+01
-1.152710000000000079e+01 1.820299999999999940e+01
-1.151459999999999972e+01 1.543500000000000094e+00
-1.150220000000000020e+01 0.000000000000000000e+00
-1.148969999999999914e+01 0.000000000000000000e+00
-1.147729999999999961e+01 0.000000000000000000e+00
-1.146490000000000009e+01 0.000000000000000000e+00
-1.145240000000000080e+01 0.000000000000000000e+00
-1.143999999999999950e+01 0.000000000000000000e+00
-1.142750000000000021e+01 0.000000000000000000e+00
-1.141510000000000069e+01 0.000000000000000000e+00
-1.140269999999999939e+01 0.000000000000000000e+00
-1.139020000000000010e+01 0.000000000000000000e+00
-1.137780000000000058e+01 0.000000000000000000e+00
-1.136529999999999951e+01 0.000000000000000000e+00
-1.135289999999999999e+01 0.000000000000000000e+00
-1.134040000000000070e+01 0.000000000000000000e+00
-1.132799999999999940e+01 0.000000000000000000e+00
-1.131559999999999988e+01 0.000000000000000000e+00
-1.130310000000000059e+01 0.000000000000000000e+00
-1.129069999999999929e+01 0.000000000000000000e+00
-1.127820000000000000e+01 0.000000000000000000e+00
-1.126580000000000048e+01 0.000000000000000000e+00
-1.125339999999999918e+01 0.000000000000000000e+00
-1.124089999999999989e+01 0.000000000000000000e+00
-1.122850000000000037e+01 0.000000000000000000e+00
-1.121599999999999930e+01 0.000000000000000000e+00
-1.120359999999999978e+01 0.000000000000000000e+00
-1.119110000000000049e+01 0.000000000000000000e+00
-1.117869999999999919e+01 0.000000000000000000e+00
-1.116629999999999967e+01 0.000000000000000000e+00
-1.115380000000000038e+01 0.000000000000000000e+00
-1.114139999999999908e+01 0.000000000000000000e+00
-1.112889999999999979e+01 0.000000000000000000e+00
-1.111650000000000027e+01 0.000000000000000000e+00
-1.110410000000000075e+01 0.000000000000000000e+00
-1.109159999999999968e+01 0.000000000000000000e+00
-1.107920000000000016e+01 0.000000000000000000e+00
-1.106669999999999909e+01 0.000000000000000000e+00
-1.105429999999999957e+01 0.000000000000000000e+00
-1.104180000000000028e+01 0.000000000000000000e+00
-1.102940000000000076e+01 0.000000000000000000e+00
-1.101699999999999946e+01 0.000000000000000000e+00
-1.100450000000000017e+01 0.000000000000000000e+00
-1.099210000000000065e+01 0.000000000000000000e+00
-1.097959999999999958e+01 0.000000000000000000e+00
-1.096720000000000006e+01 0.000000000000000000e+00
-1.095470000000000077e+01 0.000000000000000000e+00
-1.094229999999999947e+01 0.000000000000000000e+00
-1.092989999999999995e+01 0.000000000000000000e+00
-1.091740000000000066e+01 0.000000000000000000e+00
-1.090499999999999936e+01 0.000000000000000000e+00
-1.089250000000000007e+01 0.000000000000000000e+00
-1.088010000000000055e+01 0.000000000000000000e+00
-1.086769999999999925e+01 0.000000000000000000e+00
-1.085519999999999996e+01 0.000000000000000000e+00
-1.084280000000000044e+01 0.000000000000000000e+00
-1.083029999999999937e+01 0.000000000000000000e+00
-1.081789999999999985e+01 0.000000000000000000e+00
-1.080540000000000056e+01 0.000000000000000000e+00
-1.079299999999999926e+01 0.000000000000000000e+00
-1.078059999999999974e+01 0.000000000000000000e+00
-1.076810000000000045e+01 0.000000000000000000e+00
-1.075569999999999915e+01 0.000000000000000000e+00
-1.074319999999999986e+01 0.000000000000000000e+00
-1.073080000000000034e+01 0.000000000000000000e+00
-1.071840000000000082e+01 0.000000000000000000e+00
-1.070589999999999975e+01 0.000000000000000000e+00
-1.069350000000000023e+01 0.000000000000000000e+00
-1.068099999999999916e+01 0.000000000000000000e+00
-1.066859999999999964e+01 0.000000000000000000e+00
-1.065610000000000035e+01 0.000000000000000000e+00
-1.064370000000000083e+01 0.000000000000000000e+00
-1.063129999999999953e+01 0.000000000000000000e+00
-1.061880000000000024e+01 0.000000000000000000e+00
-1.060640000000000072e+01 0.000000000000000000e+00
-1.059389999999999965e+01 0.000000000000000000e+00
-1.058150000000000013e+01 0.000000000000000000e+00
-1.056910000000000061e+01 0.000000000000000000e+00
-1.055659999999999954e+01 0.000000000000000000e+00
-1.054420000000000002e+01 0.000000000000000000e+00
-1.053170000000000073e+01 0.000000000000000000e+00
-1.051929999999999943e+01 0.000000000000000000e+00
-1.050680000000000014e+01 0.000000000000000000e+00
-1.049440000000000062e+01 0.000000000000000000e+00
-1.048199999999999932e+01 0.000000000000000000e+00
-1.046950000000000003e+01 0.000000000000000000e+00
-1.045710000000000051e+01 0.000000000000000000e+00
-1.044459999999999944e+01 0.000000000000000000e+00
-1.043219999999999992e+01 0.000000000000000000e+00
-1.041980000000000040e+01 0.000000000000000000e+00
-1.040729999999999933e+01 0.000000000000000000e+00
-1.039489999999999981e+01 0.000000000000000000e+00
-1.038240000000000052e+01 0.000000000000000000e+00
-1.036999999999999922e+01 0.000000000000000000e+00
-1.035749999999999993e+01 0.000000000000000000e+00
-1.034510000000000041e+01 0.000000000000000000e+00
-1.033269999999999911e+01 0.000000000000000000e+00
-1.032019999999999982e+01 0.000000000000000000e+00
-1.030780000000000030e+01 0.000000000000000000e+00
-1.029529999999999923e+01 0.000000000000000000e+00
-1.028289999999999971e+01 0.000000000000000000e+00
-1.027040000000000042e+01 0.000000000000000000e+00
-1.025799999999999912e+01 0.000000000000000000e+00
-1.024559999999999960e+01 0.000000000000000000e+00
-1.023310000000000031e+01 0.000000000000000000e+00
-1.022070000000000078e+01 0.000000000000000000e+00
-1.020819999999999972e+01 0.000000000000000000e+00
-1.019580000000000020e+01 0.000000000000000000e+00
-1.018340000000000067e+01 0.000000000000000000e+00
-1.017089999999999961e+01 0.000000000000000000e+00
-1.015850000000000009e+01 0.000000000000000000e+00
-1.014600000000000080e+01 0.000000000000000000e+00
-1.013359999999999950e+01 0.000000000000000000e+00
-1.012110000000000021e+01 0.000000000000000000e+00
-1.010870000000000068e+01 0.000000000000000000e+00
-1.009629999999999939e+01 0.000000000000000000e+00
-1.008380000000000010e+01 0.000000000000000000e+00
-1.007140000000000057e+01 0.000000000000000000e+00
-1.005889999999999951e+01 0.000000000000000000e+00
-1.004649999999999999e+01 0.000000000000000000e+00
-1.003410000000000046e+01 0.000000000000000000e+00
-1.002159999999999940e+01 0.000000000000000000e+00
-1.000919999999999987e+01 0.000000000000000000e+00
-9.996700000000000585e+00 0.000000000000000000e+00
-9.984299999999999287e+00 0.000000000000000000e+00
-9.971799999999999997e+00 0.000000000000000000e+00
-9.959400000000000475e+00 0.000000000000000000e+00
-9.946999999999999176e+00 0.000000000000000000e+00
-9.934499999999999886e+00 0.000000000000000000e+00
-9.922100000000000364e+00 0.000000000000000000e+00
-9.909599999999999298e+00 0.000000000000000000e+00
-9.897199999999999775e+00 0.000000000000000000e+00
-9.884800000000000253e+00 0.000000000000000000e+00
-9.872299999999999187e+00 0.000000000000000000e+00
-9.859899999999999665e+00 0.000000000000000000e+00
-9.847400000000000375e+00 0.000000000000000000e+00
-9.834999999999999076e+00 0.000000000000000000e+00
-9.822499999999999787e+00 0.000000000000000000e+00
-9.810100000000000264e+00 0.000000000000000000e+00
-9.797700000000000742e+00 0.000000000000000000e+00
-9.785199999999999676e+00 0.000000000000000000e+00
-9.772800000000000153e+00 0.000000000000000000e+00
-9.760299999999999088e+00 0.000000000000000000e+00
-9.747899999999999565e+00 0.000000000000000000e+00
-9.735500000000000043e+00 0.000000000000000000e+00
-9.723000000000000753e+00 0.000000000000000000e+00
-9.710599999999999454e+00 0.000000000000000000e+00
-9.698100000000000165e+00 0.000000000000000000e+00
-9.685700000000000642e+00 0.000000000000000000e+00
-9.673199999999999577e+00 0.000000000000000000e+00
-9.660800000000000054e+00 0.000000000000000000e+00
-9.648400000000000531e+00 0.000000000000000000e+00
-9.635899999999999466e+00 0.000000000000000000e+00
-9.623499999999999943e+00 0.000000000000000000e+00
-9.611000000000000654e+00 0.000000000000000000e+00
-9.598599999999999355e+00 0.000000000000000000e+00
-9.586199999999999832e+00 0.000000000000000000e+00
-9.573699999999998766e+00 0.000000000000000000e+00
-9.561299999999999244e+00 0.000000000000000000e+00
-9.548799999999999955e+00 0.000000000000000000e+00
-9.536400000000000432e+00 0.000000000000000000e+00
-9.523900000000001143e+00 0.000000000000000000e+00
-9.511499999999999844e+00 0.000000000000000000e+00
-9.499100000000000321e+00 5.037000000000000366e-01
-9.486599999999999255e+00 6.447499999999999787e+00
-9.474199999999999733e+00 1.153139999999999965e+01
-9.461700000000000443e+00 1.786489999999999867e+01
-9.449300000000000921e+00 2.853719999999999857e+01
-9.436799999999999855e+00 5.023969999999999914e+01
-9.424400000000000333e+00 5.179890000000000327e+01
-9.411999999999999034e+00 5.094290000000000163e+01
-9.399499999999999744e+00 4.723420000000000130e+01
-9.387100000000000222e+00 3.953309999999999746e+01
-9.374600000000000932e+00 2.212610000000000099e+01
-9.362199999999999633e+00 4.677999999999999936e+00
-9.349800000000000111e+00 2.022499999999999964e+00
-9.337299999999999045e+00 2.811399999999999899e+00
-9.324899999999999523e+00 1.014010000000000034e+01
-9.312400000000000233e+00 1.626020000000000110e+01
-9.300000000000000711e+00 2.194089999999999918e+01
-9.287499999999999645e+00 3.800410000000000110e+01
-9.275100000000000122e+00 4.427349999999999852e+01
-9.262699999999998823e+00 3.645850000000000080e+01
-9.250199999999999534e+00 1.476114000000000033e+02
-9.237800000000000011e+00 4.257169999999999987e+01
-9.225300000000000722e+00 3.543099999999999916e+00
-9.212900000000001199e+00 2.216800000000000104e+00
-9.200499999999999901e+00 2.081599999999999895e+00
-9.187999999999998835e+00 1.752199999999999980e+00
-9.175599999999999312e+00 1.713700000000000001e+00
-9.163100000000000023e+00 1.675400000000000000e+00
-9.150700000000000500e+00 1.637299999999999978e+00
-9.138200000000001211e+00 1.599599999999999911e+00
-9.125799999999999912e+00 1.567499999999999893e+00
-9.113399999999998613e+00 1.558699999999999974e+00
-9.100899999999999324e+00 1.574500000000000011e+00
-9.088499999999999801e+00 1.611399999999999944e+00
-9.076000000000000512e+00 1.652300000000000102e+00
-9.063600000000000989e+00 1.694600000000000106e+00
-9.051199999999999690e+00 1.738299999999999956e+00
-9.038699999999998624e+00 1.783300000000000107e+00
-9.026299999999999102e+00 1.829599999999999893e+00
-9.013799999999999812e+00 1.877399999999999958e+00
-9.001400000000000290e+00 1.932199999999999918e+00
-8.988900000000001000e+00 1.997300000000000075e+00
-8.976499999999999702e+00 2.072200000000000042e+00
-8.964100000000000179e+00 2.156600000000000072e+00
-8.951599999999999113e+00 2.250999999999999890e+00
-8.939199999999999591e+00 2.354699999999999793e+00
-8.926700000000000301e+00 2.467699999999999783e+00
-8.914300000000000779e+00 2.589799999999999880e+00
-8.901900000000001256e+00 2.720200000000000173e+00
-8.889400000000000190e+00 2.868799999999999795e+00
-8.876999999999998892e+00 3.071400000000000130e+00
-8.864499999999999602e+00 3.421800000000000175e+00
-8.852100000000000080e+00 3.717900000000000205e+00
-8.839600000000000790e+00 3.876599999999999824e+00
-8.827200000000001268e+00 3.897899999999999920e+00
-8.814799999999999969e+00 3.781699999999999839e+00
-8.802299999999998903e+00 4.044500000000000206e+00
-8.789899999999999380e+00 4.581500000000000128e+00
-8.777400000000000091e+00 4.529799999999999827e+00
-8.765000000000000568e+00 4.422600000000000087e+00
-8.752499999999999503e+00 4.375600000000000378e+00
-8.740099999999999980e+00 4.388799999999999812e+00
-8.727699999999998681e+00 4.459999999999999964e+00
-8.715199999999999392e+00 4.515399999999999636e+00
-8.702799999999999869e+00 4.653100000000000236e+00
-8.690300000000000580e+00 4.844699999999999562e+00
-8.677900000000001057e+00 5.033400000000000318e+00
-8.665499999999999758e+00 5.761899999999999800e+00
-8.652999999999998693e+00 6.959399999999999586e+00
-8.640599999999999170e+00 4.595799999999999663e+00
-8.628099999999999881e+00 2.930499999999999883e+00
-8.615700000000000358e+00 9.665200000000000458e+00
-8.603200000000001069e+00 0.000000000000000000e+00
-8.590799999999999770e+00 0.000000000000000000e+00
-8.578400000000000247e+00 0.000000000000000000e+00
-8.565899999999999181e+00 0.000000000000000000e+00
-8.553499999999999659e+00 0.000000000000000000e+00
-8.541000000000000369e+00 0.000000000000000000e+00
-8.528600000000000847e+00 0.000000000000000000e+00
-8.516199999999999548e+00 0.000000000000000000e+00
-8.503700000000000259e+00 0.000000000000000000e+00
-8.491299999999998960e+00 0.000000000000000000e+00
-8.478799999999999670e+00 0.000000000000000000e+00
-8.466400000000000148e+00 0.000000000000000000e+00
-8.453900000000000858e+00 0.000000000000000000e+00
-8.441499999999999559e+00 0.000000000000000000e+00
-8.429100000000000037e+00 0.000000000000000000e+00
-8.416599999999998971e+00 0.000000000000000000e+00
-8.404199999999999449e+00 0.000000000000000000e+00
-8.391700000000000159e+00 0.000000000000000000e+00
-8.379300000000000637e+00 0.000000000000000000e+00
-8.366900000000001114e+00 0.000000000000000000e+00
-8.354400000000000048e+00 0.000000000000000000e+00
-8.341999999999998749e+00 0.000000000000000000e+00
-8.329499999999999460e+00 0.000000000000000000e+00
-8.317099999999999937e+00 0.000000000000000000e+00
-8.304600000000000648e+00 0.000000000000000000e+00
-8.292200000000001125e+00 0.000000000000000000e+00
-8.279799999999999827e+00 0.000000000000000000e+00
-8.267299999999998761e+00 0.000000000000000000e+00
-8.254899999999999238e+00 0.000000000000000000e+00
-8.242399999999999949e+00 0.000000000000000000e+00
-8.230000000000000426e+00 0.000000000000000000e+00
-8.217600000000000904e+00 0.000000000000000000e+00
-8.205099999999999838e+00 0.000000000000000000e+00
-8.192700000000000315e+00 0.000000000000000000e+00
-8.180199999999999250e+00 0.000000000000000000e+00
-8.167799999999999727e+00 0.000000000000000000e+00
-8.155300000000000438e+00 0.000000000000000000e+00
-8.142900000000000915e+00 0.000000000000000000e+00
-8.130499999999999616e+00 0.000000000000000000e+00
-8.118000000000000327e+00 0.000000000000000000e+00
-8.105599999999999028e+00 0.000000000000000000e+00
-8.093099999999999739e+00 0.000000000000000000e+00
-8.080700000000000216e+00 0.000000000000000000e+00
-8.068200000000000927e+00 0.000000000000000000e+00
-8.055799999999999628e+00 0.000000000000000000e+00
-8.043400000000000105e+00 0.000000000000000000e+00
-8.030899999999999039e+00 0.000000000000000000e+00
-8.018499999999999517e+00 0.000000000000000000e+00
-8.006000000000000227e+00 0.000000000000000000e+00
-7.993599999999999817e+00 0.000000000000000000e+00
-7.981200000000000294e+00 0.000000000000000000e+00
-7.968700000000000117e+00 0.000000000000000000e+00
-7.956299999999999706e+00 0.000000000000000000e+00
-7.943799999999999528e+00 0.000000000000000000e+00
-7.931400000000000006e+00 0.000000000000000000e+00
-7.918899999999999828e+00 0.000000000000000000e+00
-7.906500000000000306e+00 0.000000000000000000e+00
-7.894099999999999895e+00 0.000000000000000000e+00
-7.881599999999999717e+00 0.000000000000000000e+00
-7.869200000000000195e+00 0.000000000000000000e+00
-7.856700000000000017e+00 0.000000000000000000e+00
-7.844299999999999606e+00 0.000000000000000000e+00
-7.831900000000000084e+00 0.000000000000000000e+00
-7.819399999999999906e+00 0.000000000000000000e+00
-7.807000000000000384e+00 0.000000000000000000e+00
-7.794500000000000206e+00 0.000000000000000000e+00
-7.782099999999999795e+00 0.000000000000000000e+00
-7.769599999999999618e+00 0.000000000000000000e+00
-7.757200000000000095e+00 0.000000000000000000e+00
-7.744799999999999685e+00 0.000000000000000000e+00
-7.732299999999999507e+00 0.000000000000000000e+00
-7.719899999999999984e+00 0.000000000000000000e+00
-7.707399999999999807e+00 0.000000000000000000e+00
-7.695000000000000284e+00 0.000000000000000000e+00
-7.682599999999999874e+00 0.000000000000000000e+00
-7.670099999999999696e+00 0.000000000000000000e+00
-7.657700000000000173e+00 0.000000000000000000e+00
-7.645199999999999996e+00 0.000000000000000000e+00
-7.632799999999999585e+00 0.000000000000000000e+00
-7.620300000000000296e+00 0.000000000000000000e+00
-7.607899999999999885e+00 0.000000000000000000e+00
-7.595500000000000362e+00 0.000000000000000000e+00
-7.583000000000000185e+00 0.000000000000000000e+00
-7.570599999999999774e+00 0.000000000000000000e+00
-7.558099999999999596e+00 0.000000000000000000e+00
-7.545700000000000074e+00 0.000000000000000000e+00
-7.533299999999999663e+00 0.000000000000000000e+00
-7.520800000000000374e+00 0.000000000000000000e+00
-7.508399999999999963e+00 0.000000000000000000e+00
-7.495899999999999785e+00 0.000000000000000000e+00
-7.483500000000000263e+00 0.000000000000000000e+00
-7.471000000000000085e+00 0.000000000000000000e+00
-7.458599999999999675e+00 0.000000000000000000e+00
-7.446200000000000152e+00 0.000000000000000000e+00
-7.433699999999999974e+00 0.000000000000000000e+00
-7.421299999999999564e+00 0.000000000000000000e+00
-7.408800000000000274e+00 0.000000000000000000e+00
-7.396399999999999864e+00 0.000000000000000000e+00
-7.383899999999999686e+00 0.000000000000000000e+00
-7.371500000000000163e+00 0.000000000000000000e+00
-7.359099999999999753e+00 0.000000000000000000e+00
-7.346599999999999575e+00 0.000000000000000000e+00
-7.334200000000000053e+00 0.000000000000000000e+00
-7.321699999999999875e+00 0.000000000000000000e+00
-7.309300000000000352e+00 0.000000000000000000e+00
-7.296899999999999942e+00 0.000000000000000000e+00
-7.284399999999999764e+00 0.000000000000000000e+00
-7.272000000000000242e+00 0.000000000000000000e+00
-7.259500000000000064e+00 0.000000000000000000e+00
-7.247099999999999653e+00 0.000000000000000000e+00
-7.234600000000000364e+00 0.000000000000000000e+00
-7.222199999999999953e+00 0.000000000000000000e+00
-7.209799999999999542e+00 0.000000000000000000e+00
-7.197300000000000253e+00 0.000000000000000000e+00
-7.184899999999999842e+00 0.000000000000000000e+00
-7.172399999999999665e+00 0.000000000000000000e+00
-7.160000000000000142e+00 0.000000000000000000e+00
-7.147599999999999731e+00 0.000000000000000000e+00
-7.135099999999999554e+00 0.000000000000000000e+00
-7.122700000000000031e+00 0.000000000000000000e+00
-7.110199999999999854e+00 0.000000000000000000e+00
-7.097800000000000331e+00 0.000000000000000000e+00
-7.085300000000000153e+00 0.000000000000000000e+00
-7.072899999999999743e+00 0.000000000000000000e+00
-7.060500000000000220e+00 0.000000000000000000e+00
-7.048000000000000043e+00 0.000000000000000000e+00
-7.035599999999999632e+00 0.000000000000000000e+00
-7.023100000000000342e+00 0.000000000000000000e+00
-7.010699999999999932e+00 0.000000000000000000e+00
-6.998299999999999521e+00 0.000000000000000000e+00
-6.985800000000000232e+00 0.000000000000000000e+00
-6.973399999999999821e+00 0.000000000000000000e+00
-6.960899999999999643e+00 0.000000000000000000e+00
-6.948500000000000121e+00 0.000000000000000000e+00
-6.935999999999999943e+00 0.000000000000000000e+00
-6.923599999999999532e+00 0.000000000000000000e+00
-6.911200000000000010e+00 0.000000000000000000e+00
-6.898699999999999832e+00 0.000000000000000000e+00
-6.886300000000000310e+00 0.000000000000000000e+00
-6.873800000000000132e+00 0.000000000000000000e+00
-6.861399999999999721e+00 0.000000000000000000e+00
-6.849000000000000199e+00 0.000000000000000000e+00
-6.836500000000000021e+00 0.000000000000000000e+00
-6.824099999999999611e+00 0.000000000000000000e+00
-6.811600000000000321e+00 0.000000000000000000e+00
-6.799199999999999910e+00 0.000000000000000000e+00
-6.786699999999999733e+00 0.000000000000000000e+00
-6.774300000000000210e+00 0.000000000000000000e+00
-6.761899999999999800e+00 0.000000000000000000e+00
-6.749399999999999622e+00 0.000000000000000000e+00
-6.737000000000000099e+00 0.000000000000000000e+00
-6.724499999999999922e+00 0.000000000000000000e+00
-6.712099999999999511e+00 0.000000000000000000e+00
-6.699600000000000222e+00 0.000000000000000000e+00
-6.687199999999999811e+00 0.000000000000000000e+00
-6.674800000000000288e+00 0.000000000000000000e+00
-6.662300000000000111e+00 0.000000000000000000e+00
-6.649899999999999700e+00 0.000000000000000000e+00
-6.637399999999999523e+00 0.000000000000000000e+00
-6.625000000000000000e+00 0.000000000000000000e+00
-6.612599999999999589e+00 0.000000000000000000e+00
-6.600100000000000300e+00 0.000000000000000000e+00
-6.587699999999999889e+00 0.000000000000000000e+00
-6.575199999999999712e+00 0.000000000000000000e+00
-6.562800000000000189e+00 0.000000000000000000e+00
-6.550300000000000011e+00 0.000000000000000000e+00
-6.537899999999999601e+00 0.000000000000000000e+00
-6.525500000000000078e+00 0.000000000000000000e+00
-6.512999999999999901e+00 0.000000000000000000e+00
-6.500600000000000378e+00 0.000000000000000000e+00
-6.488100000000000200e+00 0.000000000000000000e+00
-6.475699999999999790e+00 0.000000000000000000e+00
-6.463300000000000267e+00 0.000000000000000000e+00
-6.450800000000000090e+00 0.000000000000000000e+00
-6.438399999999999679e+00 0.000000000000000000e+00
-6.425899999999999501e+00 0.000000000000000000e+00
-6.413499999999999979e+00 0.000000000000000000e+00
-6.400999999999999801e+00 0.000000000000000000e+00
-6.388600000000000279e+00 0.000000000000000000e+00
-6.376199999999999868e+00 0.000000000000000000e+00
-6.363699999999999690e+00 0.000000000000000000e+00
-6.351300000000000168e+00 0.000000000000000000e+00
-6.338799999999999990e+00 0.000000000000000000e+00
-6.326399999999999579e+00 0.000000000000000000e+00
-6.314000000000000057e+00 0.000000000000000000e+00
-6.301499999999999879e+00 0.000000000000000000e+00
-6.289100000000000357e+00 0.000000000000000000e+00
-6.276600000000000179e+00 0.000000000000000000e+00
-6.264199999999999768e+00 0.000000000000000000e+00
-6.251699999999999591e+00 0.000000000000000000e+00
-6.239300000000000068e+00 0.000000000000000000e+00
-6.226899999999999658e+00 0.000000000000000000e+00
-6.214400000000000368e+00 0.000000000000000000e+00
-6.201999999999999957e+00 0.000000000000000000e+00
-6.189499999999999780e+00 0.000000000000000000e+00
-6.177100000000000257e+00 0.000000000000000000e+00
-6.164699999999999847e+00 0.000000000000000000e+00
-6.152199999999999669e+00 0.000000000000000000e+00
-6.139800000000000146e+00 0.000000000000000000e+00
-6.127299999999999969e+00 0.000000000000000000e+00
-6.114899999999999558e+00 0.000000000000000000e+00
-6.102400000000000269e+00 0.000000000000000000e+00
-6.089999999999999858e+00 0.000000000000000000e+00
-6.077600000000000335e+00 0.000000000000000000e+00
-6.065100000000000158e+00 0.000000000000000000e+00
-6.052699999999999747e+00 0.000000000000000000e+00
-6.040199999999999569e+00 0.000000000000000000e+00
-6.027800000000000047e+00 0.000000000000000000e+00
-6.015299999999999869e+00 0.000000000000000000e+00
-6.002900000000000347e+00 0.000000000000000000e+00
-5.990499999999999936e+00 0.000000000000000000e+00
-5.977999999999999758e+00 0.000000000000000000e+00
-5.965600000000000236e+00 0.000000000000000000e+00
-5.953100000000000058e+00 0.000000000000000000e+00
-5.940699999999999648e+00 0.000000000000000000e+00
-5.928300000000000125e+00 0.000000000000000000e+00
-5.915799999999999947e+00 0.000000000000000000e+00
-5.903399999999999537e+00 0.000000000000000000e+00
-5.890900000000000247e+00 0.000000000000000000e+00
-5.878499999999999837e+00 0.000000000000000000e+00
-5.865999999999999659e+00 0.000000000000000000e+00
-5.853600000000000136e+00 0.000000000000000000e+00
-5.841199999999999726e+00 0.000000000000000000e+00
-5.828699999999999548e+00 0.000000000000000000e+00
-5.816300000000000026e+00 0.000000000000000000e+00
-5.803799999999999848e+00 0.000000000000000000e+00
-5.791400000000000325e+00 0.000000000000000000e+00
-5.778999999999999915e+00 0.000000000000000000e+00
-5.766499999999999737e+00 0.000000000000000000e+00
-5.754100000000000215e+00 0.000000000000000000e+00
-5.741600000000000037e+00 0.000000000000000000e+00
-5.729199999999999626e+00 0.000000000000000000e+00
-5.716700000000000337e+00 0.000000000000000000e+00
-5.704299999999999926e+00 0.000000000000000000e+00
-5.691899999999999515e+00 0.000000000000000000e+00
-5.679400000000000226e+00 0.000000000000000000e+00
-5.666999999999999815e+00 0.000000000000000000e+00
-5.654499999999999638e+00 0.000000000000000000e+00
-5.642100000000000115e+00 0.000000000000000000e+00
-5.629699999999999704e+00 0.000000000000000000e+00
-5.617199999999999527e+00 0.000000000000000000e+00
-5.604800000000000004e+00 0.000000000000000000e+00
-5.592299999999999827e+00 0.000000000000000000e+00
-5.579900000000000304e+00 0.000000000000000000e+00
-5.567400000000000126e+00 0.000000000000000000e+00
-5.554999999999999716e+00 0.000000000000000000e+00
-5.542600000000000193e+00 0.000000000000000000e+00
-5.530100000000000016e+00 0.000000000000000000e+00
-5.517699999999999605e+00 0.000000000000000000e+00
-5.505200000000000315e+00 0.000000000000000000e+00
-5.492799999999999905e+00 0.000000000000000000e+00
-5.480399999999999494e+00 0.000000000000000000e+00
-5.467900000000000205e+00 0.000000000000000000e+00
-5.455499999999999794e+00 0.000000000000000000e+00
-5.442999999999999616e+00 0.000000000000000000e+00
-5.430600000000000094e+00 0.000000000000000000e+00
-5.418099999999999916e+00 0.000000000000000000e+00
-5.405699999999999505e+00 0.000000000000000000e+00
-5.393299999999999983e+00 0.000000000000000000e+00
-5.380799999999999805e+00 0.000000000000000000e+00
-5.368399999999999395e+00 0.000000000000000000e+00
-5.355900000000000105e+00 0.000000000000000000e+00
-5.343500000000000583e+00 0.000000000000000000e+00
-5.330999999999999517e+00 0.000000000000000000e+00
-5.318599999999999994e+00 0.000000000000000000e+00
-5.306200000000000472e+00 0.000000000000000000e+00
-5.293699999999999406e+00 0.000000000000000000e+00
-5.281299999999999883e+00 0.000000000000000000e+00
-5.268800000000000594e+00 0.000000000000000000e+00
-5.256399999999999295e+00 0.000000000000000000e+00
-5.243999999999999773e+00 0.000000000000000000e+00
-5.231500000000000483e+00 0.000000000000000000e+00
-5.219100000000000072e+00 0.000000000000000000e+00
-5.206599999999999895e+00 0.000000000000000000e+00
-5.194200000000000372e+00 0.000000000000000000e+00
-5.181699999999999307e+00 0.000000000000000000e+00
-5.169299999999999784e+00 0.000000000000000000e+00
-5.156900000000000261e+00 0.000000000000000000e+00
-5.144400000000000084e+00 0.000000000000000000e+00
-5.131999999999999673e+00 0.000000000000000000e+00
-5.119500000000000384e+00 0.000000000000000000e+00
-5.107099999999999973e+00 0.000000000000000000e+00
-5.094699999999999562e+00 0.000000000000000000e+00
-5.082200000000000273e+00 0.000000000000000000e+00
-5.069799999999999862e+00 0.000000000000000000e+00
-5.057299999999999685e+00 0.000000000000000000e+00
-5.044900000000000162e+00 0.000000000000000000e+00
-5.032399999999999984e+00 0.000000000000000000e+00
-5.019999999999999574e+00 0.000000000000000000e+00
-5.007600000000000051e+00 0.000000000000000000e+00
-4.995099999999999874e+00 0.000000000000000000e+00
-4.982699999999999463e+00 0.000000000000000000e+00
-4.970200000000000173e+00 0.000000000000000000e+00
-4.957799999999999763e+00 0.000000000000000000e+00
-4.945399999999999352e+00 0.000000000000000000e+00
-4.932900000000000063e+00 0.000000000000000000e+00
-4.920500000000000540e+00 0.000000000000000000e+00
-4.907999999999999474e+00 0.000000000000000000e+00
-4.895599999999999952e+00 0.000000000000000000e+00
-4.883099999999999774e+00 0.000000000000000000e+00
-4.870699999999999363e+00 0.000000000000000000e+00
-4.858299999999999841e+00 0.000000000000000000e+00
-4.845800000000000551e+00 0.000000000000000000e+00
-4.833400000000000141e+00 0.000000000000000000e+00
-4.820899999999999963e+00 0.000000000000000000e+00
-4.808500000000000441e+00 0.000000000000000000e+00
-4.796100000000000030e+00 0.000000000000000000e+00
-4.783599999999999852e+00 0.000000000000000000e+00
-4.771200000000000330e+00 0.000000000000000000e+00
-4.758700000000000152e+00 0.000000000000000000e+00
-4.746299999999999741e+00 0.000000000000000000e+00
-4.733800000000000452e+00 0.000000000000000000e+00
-4.721400000000000041e+00 0.000000000000000000e+00
-4.708999999999999631e+00 0.000000000000000000e+00
-4.696500000000000341e+00 0.000000000000000000e+00
-4.684099999999999930e+00 0.000000000000000000e+00
-4.671599999999999753e+00 0.000000000000000000e+00
-4.659200000000000230e+00 0.000000000000000000e+00
-4.646700000000000053e+00 0.000000000000000000e+00
-4.634299999999999642e+00 0.000000000000000000e+00
-4.621900000000000119e+00 0.000000000000000000e+00
-4.609399999999999942e+00 0.000000000000000000e+00
-4.596999999999999531e+00 0.000000000000000000e+00
-4.584500000000000242e+00 0.000000000000000000e+00
-4.572099999999999831e+00 0.000000000000000000e+00
-4.559699999999999420e+00 0.000000000000000000e+00
-4.547200000000000131e+00 0.000000000000000000e+00
-4.534799999999999720e+00 0.000000000000000000e+00
-4.522299999999999542e+00 0.000000000000000000e+00
-4.509900000000000020e+00 0.000000000000000000e+00
-4.497399999999999842e+00 5.970000000000000306e-02
-4.484999999999999432e+00 7.932000000000000162e-01
-4.472599999999999909e+00 6.213999999999999524e-01
-4.460099999999999731e+00 4.304999999999999938e-01
-4.447699999999999321e+00 4.922000000000000264e-01
-4.435200000000000031e+00 5.583000000000000185e-01
-4.422800000000000509e+00 7.667000000000000481e-01
-4.410400000000000098e+00 1.031300000000000106e+00
-4.397899999999999920e+00 1.289099999999999913e+00
-4.385500000000000398e+00 1.540100000000000025e+00
-4.372999999999999332e+00 1.784299999999999997e+00
-4.360599999999999810e+00 2.021700000000000053e+00
-4.348100000000000520e+00 2.396500000000000075e+00
-4.335700000000000109e+00 3.592799999999999994e+00
-4.323299999999999699e+00 4.833800000000000097e+00
-4.310800000000000409e+00 6.554700000000000415e+00
-4.298399999999999999e+00 7.603100000000000414e+00
-4.285899999999999821e+00 1.138809999999999967e+01
-4.273500000000000298e+00 5.251400000000000290e+00
-4.261099999999999888e+00 4.241200000000000081e+00
-4.248599999999999710e+00 3.766300000000000203e+00
-4.236200000000000188e+00 3.368700000000000028e+00
-4.223700000000000010e+00 3.031099999999999905e+00
-4.211299999999999599e+00 2.752200000000000202e+00
-4.198800000000000310e+00 2.532099999999999795e+00
-4.186399999999999899e+00 2.370600000000000041e+00
-4.173999999999999488e+00 2.240200000000000191e+00
-4.161500000000000199e+00 2.117799999999999905e+00
-4.149099999999999788e+00 2.003400000000000070e+00
-4.136599999999999611e+00 1.882500000000000062e+00
-4.124200000000000088e+00 1.727200000000000069e+00
-4.111800000000000566e+00 1.591800000000000104e+00
-4.099299999999999500e+00 1.475999999999999979e+00
-4.086899999999999977e+00 1.380100000000000104e+00
-4.074399999999999800e+00 1.304400000000000004e+00
-4.061999999999999389e+00 1.249900000000000011e+00
-4.049500000000000099e+00 1.215100000000000069e+00
-4.037100000000000577e+00 1.186099999999999932e+00
-4.024699999999999278e+00 1.159200000000000008e+00
-4.012199999999999989e+00 1.134500000000000064e+00
-3.999800000000000022e+00 1.111900000000000110e+00
-3.987299999999999844e+00 1.091399999999999926e+00
-3.974899999999999878e+00 1.071600000000000108e+00
-3.962400000000000144e+00 1.052000000000000046e+00
-3.949999999999999734e+00 1.032499999999999973e+00
-3.937599999999999767e+00 1.013200000000000101e+00
-3.925100000000000033e+00 9.940999999999999837e-01
-3.912700000000000067e+00 9.750999999999999668e-01
-3.900199999999999889e+00 9.562000000000000499e-01
-3.887799999999999923e+00 9.375999999999999890e-01
-3.875399999999999956e+00 9.190000000000000391e-01
-3.862899999999999778e+00 9.006999999999999451e-01
-3.850499999999999812e+00 8.824999999999999512e-01
-3.838000000000000078e+00 8.643999999999999462e-01
-3.825600000000000112e+00 8.465000000000000302e-01
-3.813099999999999934e+00 8.287999999999999812e-01
-3.800699999999999967e+00 8.112000000000000322e-01
-3.788300000000000001e+00 7.937999999999999501e-01
-3.775799999999999823e+00 7.765999999999999570e-01
-3.763399999999999856e+00 7.594999999999999529e-01
-3.750900000000000123e+00 7.420999999999999819e-01
-3.738500000000000156e+00 7.187000000000000055e-01
-3.726099999999999746e+00 6.873000000000000220e-01
-3.713600000000000012e+00 6.478000000000000425e-01
-3.701200000000000045e+00 6.304999999999999494e-01
-3.688699999999999868e+00 6.147000000000000242e-01
-3.676299999999999901e+00 5.997999999999999998e-01
-3.663799999999999724e+00 5.858999999999999764e-01
-3.651399999999999757e+00 5.727999999999999758e-01
-3.638999999999999790e+00 5.607999999999999652e-01
-3.626500000000000057e+00 5.495999999999999774e-01
-3.614100000000000090e+00 5.393999999999999906e-01
-3.601599999999999913e+00 5.302000000000000046e-01
-3.589199999999999946e+00 5.218000000000000416e-01
-3.576799999999999979e+00 5.143999999999999684e-01
-3.564300000000000246e+00 5.079000000000000181e-01
-3.551899999999999835e+00 5.023999999999999577e-01
-3.539399999999999658e+00 4.975999999999999868e-01
-3.527000000000000135e+00 4.929000000000000048e-01
-3.514499999999999957e+00 4.883000000000000118e-01
-3.502099999999999991e+00 4.837000000000000188e-01
-3.489700000000000024e+00 4.791000000000000258e-01
-3.477199999999999847e+00 4.744999999999999774e-01
-3.464799999999999880e+00 4.698999999999999844e-01
-3.452300000000000146e+00 4.652999999999999914e-01
-3.439899999999999736e+00 4.607999999999999874e-01
-3.427500000000000213e+00 4.561999999999999944e-01
-3.415000000000000036e+00 4.516999999999999904e-01
-3.402599999999999625e+00 4.471999999999999864e-01
-3.390099999999999891e+00 4.426999999999999824e-01
-3.377699999999999925e+00 4.381999999999999784e-01
-3.365199999999999747e+00 4.336999999999999744e-01
-3.352800000000000225e+00 4.292000000000000259e-01
-3.340399999999999814e+00 4.248000000000000109e-01
-3.327899999999999636e+00 4.203000000000000069e-01
-3.315500000000000114e+00 4.158000000000000029e-01
-3.302999999999999936e+00 4.112000000000000099e-01
-3.290599999999999969e+00 4.063999999999999835e-01
-3.278100000000000236e+00 4.016000000000000125e-01
-3.265699999999999825e+00 3.966999999999999971e-01
-3.253299999999999859e+00 3.916999999999999926e-01
-3.240800000000000125e+00 3.866999999999999882e-01
-3.228399999999999714e+00 3.815000000000000058e-01
-3.215899999999999981e+00 3.761999999999999789e-01
-3.203500000000000014e+00 3.709000000000000075e-01
-3.191100000000000048e+00 3.655999999999999805e-01
-3.178599999999999870e+00 3.603999999999999981e-01
-3.166199999999999903e+00 3.553000000000000047e-01
-3.153699999999999726e+00 3.502000000000000113e-01
-3.141300000000000203e+00 3.452000000000000068e-01
-3.128800000000000026e+00 3.402000000000000024e-01
-3.116399999999999615e+00 3.352999999999999869e-01
-3.104000000000000092e+00 3.305000000000000160e-01
-3.091499999999999915e+00 3.257999999999999785e-01
-3.079099999999999948e+00 3.210999999999999965e-01
-3.066600000000000215e+00 3.165000000000000036e-01
-3.054199999999999804e+00 3.119000000000000106e-01
-3.041799999999999837e+00 3.074000000000000066e-01
-3.029300000000000104e+00 3.029999999999999916e-01
-3.016899999999999693e+00 2.987000000000000210e-01
-3.004399999999999959e+00 2.943999999999999950e-01
-2.991999999999999993e+00 2.902000000000000135e-01
-2.979499999999999815e+00 2.859999999999999765e-01
-2.967099999999999849e+00 2.818999999999999839e-01
-2.954699999999999882e+00 2.778999999999999804e-01
-2.942199999999999704e+00 2.681000000000000050e-01
-2.929800000000000182e+00 2.591999999999999860e-01
-2.917300000000000004e+00 2.514000000000000123e-01
-2.904900000000000038e+00 2.444999999999999951e-01
-2.892500000000000071e+00 2.388000000000000123e-01
-2.879999999999999893e+00 2.340000000000000135e-01
-2.867599999999999927e+00 2.303000000000000047e-01
-2.855100000000000193e+00 2.277000000000000135e-01
-2.842699999999999783e+00 2.260000000000000064e-01
-2.830200000000000049e+00 2.243999999999999884e-01
-2.817800000000000082e+00 2.228999999999999870e-01
-2.805399999999999672e+00 2.212999999999999967e-01
-2.792899999999999938e+00 2.197999999999999954e-01
-2.780499999999999972e+00 2.182000000000000051e-01
-2.767999999999999794e+00 2.167000000000000037e-01
-2.755600000000000271e+00 2.152000000000000024e-01
-2.743199999999999861e+00 2.136000000000000121e-01
-2.730699999999999683e+00 2.121000000000000107e-01
-2.718300000000000161e+00 2.106000000000000094e-01
-2.705799999999999983e+00 2.091000000000000081e-01
-2.693400000000000016e+00 2.076000000000000068e-01
-2.680899999999999839e+00 2.061000000000000054e-01
-2.668499999999999872e+00 2.056999999999999940e-01
-2.656099999999999905e+00 2.136000000000000121e-01
-2.643600000000000172e+00 2.313999999999999946e-01
-2.631199999999999761e+00 2.589000000000000190e-01
-2.618700000000000028e+00 2.963000000000000078e-01
-2.606300000000000061e+00 3.432999999999999940e-01
-2.593799999999999883e+00 4.002000000000000002e-01
-2.581399999999999917e+00 4.668999999999999817e-01
-2.568999999999999950e+00 5.433000000000000052e-01
-2.556499999999999773e+00 6.294999999999999485e-01
-2.544099999999999806e+00 7.254000000000000448e-01
-2.531600000000000072e+00 8.312000000000000499e-01
-2.519200000000000106e+00 9.466999999999999860e-01
-2.506800000000000139e+00 1.098899999999999988e+00
-2.494299999999999962e+00 2.332100000000000062e+00
-2.481899999999999995e+00 3.369099999999999984e+00
-2.469399999999999817e+00 3.680099999999999927e+00
-2.456999999999999851e+00 2.023899999999999810e+00
-2.444499999999999673e+00 1.778100000000000014e+00
-2.432100000000000151e+00 1.765099999999999891e+00
-2.419699999999999740e+00 1.752299999999999969e+00
-2.407200000000000006e+00 1.739700000000000024e+00
-2.394800000000000040e+00 1.727200000000000069e+00
-2.382299999999999862e+00 1.714900000000000091e+00
-2.369899999999999896e+00 1.702800000000000091e+00
-2.357499999999999929e+00 1.690399999999999903e+00
-2.344999999999999751e+00 1.677400000000000002e+00
-2.332599999999999785e+00 1.663899999999999935e+00
-2.320100000000000051e+00 1.649899999999999922e+00
-2.307700000000000085e+00 1.635299999999999976e+00
-2.295199999999999907e+00 1.620200000000000085e+00
-2.282799999999999940e+00 1.604600000000000026e+00
-2.270399999999999974e+00 1.588400000000000034e+00
-2.257899999999999796e+00 1.571700000000000097e+00
-2.245499999999999829e+00 1.558200000000000029e+00
-2.233000000000000096e+00 1.546499999999999986e+00
-2.220600000000000129e+00 1.532299999999999995e+00
-2.208199999999999719e+00 1.519200000000000106e+00
-2.195699999999999985e+00 1.506999999999999895e+00
-2.183300000000000018e+00 1.495800000000000018e+00
-2.170799999999999841e+00 1.485500000000000043e+00
-2.158399999999999874e+00 1.476299999999999946e+00
-2.145900000000000141e+00 1.467999999999999972e+00
-2.133499999999999730e+00 1.632400000000000073e+00
-2.121100000000000207e+00 1.710499999999999909e+00
-2.108600000000000030e+00 1.647799999999999931e+00
-2.096200000000000063e+00 1.491000000000000103e+00
-2.083699999999999886e+00 1.491800000000000015e+00
-2.071299999999999919e+00 1.491500000000000048e+00
-2.058899999999999952e+00 1.490099999999999980e+00
-2.046399999999999775e+00 1.487700000000000022e+00
-2.033999999999999808e+00 1.484199999999999964e+00
-2.021500000000000075e+00 1.479600000000000026e+00
-2.009100000000000108e+00 1.473999999999999977e+00
-1.996599999999999930e+00 1.955000000000000071e+00
-1.984199999999999964e+00 1.754399999999999959e+00
-1.971799999999999997e+00 1.790599999999999969e+00
-1.959299999999999820e+00 1.843099999999999961e+00
-1.946899999999999853e+00 1.939999999999999947e+00
-1.934399999999999897e+00 2.188400000000000123e+00
-1.921999999999999931e+00 2.359599999999999920e+00
-1.909599999999999964e+00 2.404300000000000104e+00
-1.897100000000000009e+00 2.393100000000000005e+00
-1.884700000000000042e+00 2.322499999999999787e+00
-1.872199999999999864e+00 2.295799999999999841e+00
-1.859799999999999898e+00 2.428900000000000059e+00
-1.847299999999999942e+00 2.715599999999999792e+00
-1.834899999999999975e+00 2.175499999999999989e+00
-1.822500000000000009e+00 2.179800000000000182e+00
-1.810000000000000053e+00 2.184299999999999908e+00
-1.797599999999999865e+00 2.188800000000000079e+00
-1.785099999999999909e+00 2.193200000000000038e+00
-1.772699999999999942e+00 2.198799999999999866e+00
-1.760199999999999987e+00 2.206100000000000172e+00
-1.747800000000000020e+00 2.215100000000000069e+00
-1.735399999999999832e+00 2.225800000000000001e+00
-1.722899999999999876e+00 2.237299999999999844e+00
-1.710499999999999909e+00 2.241999999999999993e+00
-1.697999999999999954e+00 2.246300000000000185e+00
-1.685599999999999987e+00 2.250100000000000211e+00
-1.673200000000000021e+00 2.253499999999999837e+00
-1.660699999999999843e+00 2.254300000000000193e+00
-1.648299999999999876e+00 2.254300000000000193e+00
-1.635799999999999921e+00 2.254300000000000193e+00
-1.623399999999999954e+00 2.254300000000000193e+00
-1.610899999999999999e+00 2.254199999999999982e+00
-1.598500000000000032e+00 2.251799999999999802e+00
-1.586099999999999843e+00 2.249699999999999811e+00
-1.573599999999999888e+00 2.247900000000000009e+00
-1.561199999999999921e+00 2.246500000000000163e+00
-1.548699999999999966e+00 2.245400000000000063e+00
-1.536299999999999999e+00 2.245000000000000107e+00
-1.523900000000000032e+00 2.244499999999999940e+00
-1.511399999999999855e+00 2.243500000000000050e+00
-1.498999999999999888e+00 2.241899999999999782e+00
-1.486499999999999932e+00 2.239799999999999791e+00
-1.474099999999999966e+00 2.237099999999999866e+00
-1.461600000000000010e+00 2.233900000000000219e+00
-1.449199999999999822e+00 2.230199999999999960e+00
-1.436799999999999855e+00 2.225900000000000212e+00
-1.424299999999999899e+00 2.221099999999999852e+00
-1.411899999999999933e+00 2.215599999999999792e+00
-1.399399999999999977e+00 2.209200000000000053e+00
-1.387000000000000011e+00 2.202100000000000168e+00
-1.374600000000000044e+00 2.194199999999999928e+00
-1.362099999999999866e+00 2.185500000000000220e+00
-1.349699999999999900e+00 2.175899999999999945e+00
-1.337199999999999944e+00 2.165599999999999969e+00
-1.324799999999999978e+00 2.157799999999999940e+00
-1.312300000000000022e+00 2.157399999999999984e+00
-1.299900000000000055e+00 2.162500000000000089e+00
-1.287499999999999867e+00 2.166399999999999881e+00
-1.274999999999999911e+00 2.169099999999999806e+00
-1.262599999999999945e+00 2.170599999999999863e+00
-1.250099999999999989e+00 2.172899999999999832e+00
-1.237700000000000022e+00 2.176699999999999857e+00
-1.225299999999999834e+00 2.181500000000000217e+00
-1.212799999999999878e+00 2.186999999999999833e+00
-1.200399999999999912e+00 2.193900000000000183e+00
-1.187899999999999956e+00 2.201099999999999834e+00
-1.175499999999999989e+00 2.208299999999999930e+00
-1.162999999999999812e+00 2.215599999999999792e+00
-1.150599999999999845e+00 2.221999999999999975e+00
-1.138199999999999878e+00 2.222999999999999865e+00
-1.125699999999999923e+00 2.224000000000000199e+00
-1.113299999999999956e+00 2.224899999999999878e+00
-1.100800000000000001e+00 2.225699999999999790e+00
-1.088400000000000034e+00 2.226500000000000146e+00
-1.075899999999999856e+00 2.226199999999999957e+00
-1.063499999999999890e+00 2.222199999999999953e+00
-1.051099999999999923e+00 2.217600000000000016e+00
-1.038599999999999968e+00 2.212200000000000166e+00
-1.026199999999999779e+00 2.206199999999999939e+00
-1.013700000000000045e+00 2.198700000000000099e+00
-1.001300000000000079e+00 2.186500000000000110e+00
-9.888999999999998902e-01 2.175300000000000011e+00
-9.763999999999999346e-01 2.165900000000000158e+00
-9.639999999999999680e-01 2.155199999999999783e+00
-9.514999999999999014e-01 2.144200000000000106e+00
-9.390999999999999348e-01 2.142900000000000027e+00
-9.265999999999999792e-01 2.151499999999999968e+00
-9.141999999999999016e-01 2.165599999999999969e+00
-9.017999999999999350e-01 2.185099999999999820e+00
-8.892999999999999794e-01 2.198799999999999866e+00
-8.768999999999999018e-01 2.175199999999999800e+00
-8.643999999999999462e-01 2.142599999999999838e+00
-8.519999999999999796e-01 2.101100000000000190e+00
-8.395999999999999019e-01 2.051200000000000134e+00
-8.270999999999999464e-01 1.993700000000000028e+00
-8.146999999999999797e-01 1.928700000000000081e+00
-8.021999999999999131e-01 1.856400000000000050e+00
-7.897999999999999465e-01 1.776599999999999957e+00
-7.772999999999999909e-01 1.689300000000000024e+00
-7.648999999999999133e-01 1.608999999999999986e+00
-7.524999999999999467e-01 1.566799999999999971e+00
-7.399999999999999911e-01 1.522899999999999920e+00
-7.275999999999999135e-01 1.477200000000000069e+00
-7.150999999999999579e-01 1.429699999999999971e+00
-7.026999999999999913e-01 1.380600000000000049e+00
-6.902999999999999137e-01 1.329700000000000104e+00
-6.777999999999999581e-01 1.276999999999999913e+00
-6.653999999999999915e-01 1.225899999999999990e+00
-6.528999999999999249e-01 1.179999999999999938e+00
-6.404999999999999583e-01 1.139599999999999946e+00
-6.279999999999998916e-01 1.105599999999999916e+00
-6.155999999999999250e-01 1.082500000000000018e+00
-6.031999999999999584e-01 1.093800000000000106e+00
-5.907000000000000028e-01 1.093199999999999950e+00
-5.783000000000000362e-01 1.067499999999999893e+00
-5.657999999999998586e-01 1.041700000000000070e+00
-5.533999999999998920e-01 1.015800000000000036e+00
-5.409999999999999254e-01 9.899000000000000021e-01
-5.284999999999999698e-01 9.638999999999999790e-01
-5.161000000000000032e-01 9.379999999999999449e-01
-5.036000000000000476e-01 9.124999999999999778e-01
-4.911999999999998590e-01 8.872999999999999776e-01
-4.786999999999999034e-01 8.626000000000000334e-01
-4.662999999999999368e-01 8.383000000000000451e-01
-4.538999999999999702e-01 8.143000000000000238e-01
-4.414000000000000146e-01 7.906999999999999584e-01
-4.290000000000000480e-01 7.674999999999999600e-01
-4.164999999999998703e-01 7.447000000000000286e-01
-4.040999999999999037e-01 7.223000000000000531e-01
-3.915999999999999481e-01 7.003000000000000336e-01
-3.791999999999999815e-01 6.774999999999999911e-01
-3.668000000000000149e-01 6.509000000000000341e-01
-3.542999999999998373e-01 6.218000000000000194e-01
-3.418999999999998707e-01 5.934000000000000385e-01
-3.293999999999999151e-01 5.657999999999999696e-01
-3.169999999999999485e-01 5.390000000000000346e-01
-3.045999999999999819e-01 5.131000000000000005e-01
-2.921000000000000263e-01 4.884999999999999898e-01
-2.796999999999998376e-01 4.658999999999999808e-01
-2.671999999999998820e-01 4.455000000000000071e-01
-2.547999999999999154e-01 4.272000000000000242e-01
-2.422999999999999599e-01 4.111000000000000210e-01
-2.298999999999999932e-01 3.970000000000000195e-01
-2.175000000000000266e-01 3.851999999999999869e-01
-2.049999999999998490e-01 3.754000000000000115e-01
-1.925999999999998824e-01 3.678000000000000158e-01
-1.800999999999999268e-01 3.623000000000000109e-01
-1.676999999999999602e-01 3.588999999999999968e-01
-1.552999999999999936e-01 3.577000000000000179e-01
-1.428000000000000380e-01 3.553999999999999937e-01
-1.303999999999998494e-01 3.276999999999999913e-01
-1.178999999999998938e-01 2.693999999999999728e-01
-1.054999999999999272e-01 1.998000000000000054e-01
-9.299999999999997158e-02 1.554999999999999993e-01
-8.060000000000000497e-02 1.166999999999999982e-01
-6.820000000000003837e-02 8.350000000000000477e-02
-5.569999999999986073e-02 5.580000000000000238e-02
-4.329999999999989413e-02 3.370000000000000079e-02
-3.079999999999993854e-02 1.710000000000000062e-02
-1.839999999999997193e-02 6.100000000000000387e-03
-6.000000000000005329e-03 5.999999999999999474e-04
6.499999999999950262e-03 0.000000000000000000e+00
1.890000000000013891e-02 0.000000000000000000e+00
3.140000000000009450e-02 0.000000000000000000e+00
4.380000000000006111e-02 0.000000000000000000e+00
5.630000000000001670e-02 0.000000000000000000e+00
6.869999999999998330e-02 0.000000000000000000e+00
8.109999999999994991e-02 0.000000000000000000e+00
9.360000000000012754e-02 0.000000000000000000e+00
1.060000000000000941e-01 0.000000000000000000e+00
1.185000000000000497e-01 0.000000000000000000e+00
1.309000000000000163e-01 0.000000000000000000e+00
1.432999999999999829e-01 0.000000000000000000e+00
1.558000000000001606e-01 0.000000000000000000e+00
1.682000000000001272e-01 0.000000000000000000e+00
1.807000000000000828e-01 0.000000000000000000e+00
1.931000000000000494e-01 0.000000000000000000e+00
2.056000000000000050e-01 0.000000000000000000e+00
2.179999999999999716e-01 0.000000000000000000e+00
2.304000000000001602e-01 0.000000000000000000e+00
2.429000000000001158e-01 0.000000000000000000e+00
2.553000000000000824e-01 0.000000000000000000e+00
2.678000000000000380e-01 0.000000000000000000e+00
2.802000000000000046e-01 0.000000000000000000e+00
2.926999999999999602e-01 0.000000000000000000e+00
3.051000000000001489e-01 0.000000000000000000e+00
3.175000000000001155e-01 0.000000000000000000e+00
3.300000000000000711e-01 0.000000000000000000e+00
3.424000000000000377e-01 0.000000000000000000e+00
3.548999999999999932e-01 0.000000000000000000e+00
3.672999999999999599e-01 0.000000000000000000e+00
3.797000000000001485e-01 0.000000000000000000e+00
3.922000000000001041e-01 0.000000000000000000e+00
4.046000000000000707e-01 0.000000000000000000e+00
4.171000000000000263e-01 0.000000000000000000e+00
4.294999999999999929e-01 0.000000000000000000e+00
4.420000000000001705e-01 0.000000000000000000e+00
4.544000000000001371e-01 0.000000000000000000e+00
4.668000000000001037e-01 0.000000000000000000e+00
4.793000000000002814e-01 0.000000000000000000e+00
4.917000000000002480e-01 0.000000000000000000e+00
5.041999999999999815e-01 0.000000000000000000e+00
5.165999999999999481e-01 0.000000000000000000e+00
5.289999999999999147e-01 0.000000000000000000e+00
5.415000000000000924e-01 0.000000000000000000e+00
5.539000000000000590e-01 0.000000000000000000e+00
5.664000000000002366e-01 0.000000000000000000e+00
5.788000000000002032e-01 0.000000000000000000e+00
5.912999999999999368e-01 0.000000000000000000e+00
6.036999999999999034e-01 0.000000000000000000e+00
6.160999999999998700e-01 0.000000000000000000e+00
6.286000000000000476e-01 0.000000000000000000e+00
6.410000000000000142e-01 0.000000000000000000e+00
6.535000000000001918e-01 0.000000000000000000e+00
6.659000000000001585e-01 0.000000000000000000e+00
6.783000000000001251e-01 0.000000000000000000e+00
6.907999999999998586e-01 0.000000000000000000e+00
7.032000000000002693e-01 0.000000000000000000e+00
7.157000000000000028e-01 0.000000000000000000e+00
7.280999999999999694e-01 0.000000000000000000e+00
7.406000000000001471e-01 0.000000000000000000e+00
7.530000000000001137e-01 0.000000000000000000e+00
7.654000000000000803e-01 0.000000000000000000e+00
7.779000000000002579e-01 0.000000000000000000e+00
7.903000000000002245e-01 0.000000000000000000e+00
8.027999999999999581e-01 0.000000000000000000e+00
8.151999999999999247e-01 0.000000000000000000e+00
8.275999999999998913e-01 0.000000000000000000e+00
8.401000000000000689e-01 0.000000000000000000e+00
8.525000000000000355e-01 0.000000000000000000e+00
8.650000000000002132e-01 0.000000000000000000e+00
8.774000000000001798e-01 0.000000000000000000e+00
8.898999999999999133e-01 0.000000000000000000e+00
9.022999999999998799e-01 0.000000000000000000e+00
9.146999999999998465e-01 0.000000000000000000e+00
9.272000000000000242e-01 0.000000000000000000e+00
9.395999999999999908e-01 0.000000000000000000e+00
9.521000000000001684e-01 0.000000000000000000e+00
9.645000000000001350e-01 0.000000000000000000e+00
9.769999999999998685e-01 0.000000000000000000e+00
9.894000000000002792e-01 0.000000000000000000e+00
1.001800000000000246e+00 0.000000000000000000e+00
1.014299999999999979e+00 0.000000000000000000e+00
1.026699999999999946e+00 0.000000000000000000e+00
1.039200000000000124e+00 0.000000000000000000e+00
1.051600000000000090e+00 0.000000000000000000e+00
1.064000000000000057e+00 0.000000000000000000e+00
1.076500000000000234e+00 0.000000000000000000e+00
1.088900000000000201e+00 0.000000000000000000e+00
1.101399999999999935e+00 0.000000000000000000e+00
1.113799999999999901e+00 0.000000000000000000e+00
1.126300000000000079e+00 0.000000000000000000e+00
1.138700000000000045e+00 0.000000000000000000e+00
1.151100000000000012e+00 0.000000000000000000e+00
1.163600000000000190e+00 0.000000000000000000e+00
1.176000000000000156e+00 0.000000000000000000e+00
1.188499999999999890e+00 0.000000000000000000e+00
1.200899999999999856e+00 0.000000000000000000e+00
1.213300000000000267e+00 0.000000000000000000e+00
1.225800000000000001e+00 0.000000000000000000e+00
1.238199999999999967e+00 0.000000000000000000e+00
1.250700000000000145e+00 0.000000000000000000e+00
1.263100000000000112e+00 0.000000000000000000e+00
1.275599999999999845e+00 0.000000000000000000e+00
1.288000000000000256e+00 0.000000000000000000e+00
1.300400000000000222e+00 0.000000000000000000e+00
1.312899999999999956e+00 0.000000000000000000e+00
1.325299999999999923e+00 0.000000000000000000e+00
1.337800000000000100e+00 0.000000000000000000e+00
1.350200000000000067e+00 0.000000000000000000e+00
1.362600000000000033e+00 0.000000000000000000e+00
1.375100000000000211e+00 0.000000000000000000e+00
1.387500000000000178e+00 0.000000000000000000e+00
1.399999999999999911e+00 0.000000000000000000e+00
1.412399999999999878e+00 0.000000000000000000e+00
1.424900000000000055e+00 0.000000000000000000e+00
1.437300000000000022e+00 0.000000000000000000e+00
1.449699999999999989e+00 0.000000000000000000e+00
1.462200000000000166e+00 0.000000000000000000e+00
1.474600000000000133e+00 0.000000000000000000e+00
1.487099999999999866e+00 1.000000000000000048e-04
1.499500000000000277e+00 1.000000000000000048e-04
1.511900000000000244e+00 2.000000000000000096e-04
1.524399999999999977e+00 2.999999999999999737e-04
1.536799999999999944e+00 4.000000000000000192e-04
1.549300000000000122e+00 5.000000000000000104e-04
1.561700000000000088e+00 6.999999999999999929e-04
1.574200000000000266e+00 8.999999999999999754e-04
1.586600000000000232e+00 1.000000000000000021e-03
1.599000000000000199e+00 1.199999999999999895e-03
1.611499999999999932e+00 1.500000000000000031e-03
1.623899999999999899e+00 1.699999999999999905e-03
1.636400000000000077e+00 1.899999999999999996e-03
1.648800000000000043e+00 2.200000000000000133e-03
1.661300000000000221e+00 2.500000000000000052e-03
1.673700000000000188e+00 2.799999999999999972e-03
1.686100000000000154e+00 3.099999999999999891e-03
1.698599999999999888e+00 3.500000000000000073e-03
1.710999999999999854e+00 3.799999999999999992e-03
1.723500000000000032e+00 4.199999999999999740e-03
1.735899999999999999e+00 4.599999999999999922e-03
1.748299999999999965e+00 5.000000000000000104e-03
1.760800000000000143e+00 5.400000000000000286e-03
1.773200000000000109e+00 5.899999999999999863e-03
1.785699999999999843e+00 6.300000000000000044e-03
1.798100000000000254e+00 6.799999999999999621e-03
1.810599999999999987e+00 7.300000000000000065e-03
1.822999999999999954e+00 7.799999999999999642e-03
1.835399999999999920e+00 8.399999999999999481e-03
1.847900000000000098e+00 8.899999999999999925e-03
1.860300000000000065e+00 9.499999999999999764e-03
1.872800000000000242e+00 1.009999999999999960e-02
1.885200000000000209e+00 1.069999999999999944e-02
1.897600000000000176e+00 1.129999999999999928e-02
1.910099999999999909e+00 1.190000000000000085e-02
1.922499999999999876e+00 1.260000000000000009e-02
1.935000000000000053e+00 1.319999999999999993e-02
1.947400000000000020e+00 1.389999999999999916e-02
1.959900000000000198e+00 1.460000000000000013e-02
1.972300000000000164e+00 1.540000000000000049e-02
1.984700000000000131e+00 1.609999999999999973e-02
1.997199999999999864e+00 1.689999999999999836e-02
2.009600000000000275e+00 1.760000000000000106e-02
2.022100000000000009e+00 1.839999999999999969e-02
2.034499999999999975e+00 1.930000000000000118e-02
2.046899999999999942e+00 2.009999999999999981e-02
2.059400000000000119e+00 2.089999999999999844e-02
2.071800000000000086e+00 2.179999999999999993e-02
2.084300000000000264e+00 2.270000000000000143e-02
2.096700000000000230e+00 2.359999999999999945e-02
2.109199999999999964e+00 2.450000000000000094e-02
2.121599999999999930e+00 2.539999999999999897e-02
2.133999999999999897e+00 2.639999999999999986e-02
2.146500000000000075e+00 2.740000000000000074e-02
2.158900000000000041e+00 2.840000000000000163e-02
2.171400000000000219e+00 2.939999999999999905e-02
2.183800000000000185e+00 3.039999999999999994e-02
2.196200000000000152e+00 3.150000000000000022e-02
2.208699999999999886e+00 3.320000000000000034e-02
2.221099999999999852e+00 3.490000000000000047e-02
2.233600000000000030e+00 3.660000000000000059e-02
2.245999999999999996e+00 3.830000000000000071e-02
2.258500000000000174e+00 4.009999999999999676e-02
2.270900000000000141e+00 4.189999999999999974e-02
2.283300000000000107e+00 4.370000000000000273e-02
2.295799999999999841e+00 4.560000000000000164e-02
2.308200000000000252e+00 4.750000000000000056e-02
2.320699999999999985e+00 4.939999999999999947e-02
2.333099999999999952e+00 5.129999999999999838e-02
2.345600000000000129e+00 5.330000000000000016e-02
2.358000000000000096e+00 5.519999999999999907e-02
2.370400000000000063e+00 5.729999999999999677e-02
2.382900000000000240e+00 5.929999999999999855e-02
2.395300000000000207e+00 6.140000000000000319e-02
2.407799999999999940e+00 6.350000000000000089e-02
2.420200000000000351e+00 6.560000000000000553e-02
2.432599999999999874e+00 6.779999999999999916e-02
2.445100000000000051e+00 6.990000000000000380e-02
2.457500000000000462e+00 7.209999999999999742e-02
2.469999999999999751e+00 7.439999999999999392e-02
2.482400000000000162e+00 7.660000000000000142e-02
2.494900000000000340e+00 7.889999999999999791e-02
2.507299999999999862e+00 8.129999999999999727e-02
2.519700000000000273e+00 8.359999999999999376e-02
2.532200000000000450e+00 8.599999999999999312e-02
2.544599999999999973e+00 8.840000000000000635e-02
2.557100000000000151e+00 9.089999999999999469e-02
2.569499999999999673e+00 9.329999999999999405e-02
2.581900000000000084e+00 9.589999999999999913e-02
2.594400000000000261e+00 9.909999999999999365e-02
2.606799999999999784e+00 1.048999999999999932e-01
2.619299999999999962e+00 1.115000000000000019e-01
2.631700000000000372e+00 1.188000000000000028e-01
2.644199999999999662e+00 1.267999999999999960e-01
2.656600000000000072e+00 1.355000000000000093e-01
2.669000000000000483e+00 1.449999999999999900e-01
2.681499999999999773e+00 1.552999999999999936e-01
2.693900000000000183e+00 1.665000000000000091e-01
2.706400000000000361e+00 1.802999999999999881e-01
2.718799999999999883e+00 1.965999999999999970e-01
2.731200000000000294e+00 2.131000000000000116e-01
2.743700000000000472e+00 2.298000000000000043e-01
2.756099999999999994e+00 2.464000000000000079e-01
2.768600000000000172e+00 2.631999999999999895e-01
2.780999999999999694e+00 2.800000000000000266e-01
2.793499999999999872e+00 2.968999999999999972e-01
2.805900000000000283e+00 3.138000000000000234e-01
2.818299999999999805e+00 3.307999999999999829e-01
2.830799999999999983e+00 3.478999999999999870e-01
2.843200000000000394e+00 3.649000000000000021e-01
2.855699999999999683e+00 3.816999999999999837e-01
2.868100000000000094e+00 3.983999999999999764e-01
2.880499999999999616e+00 4.148999999999999910e-01
2.892999999999999794e+00 4.313000000000000167e-01
2.905400000000000205e+00 4.475999999999999979e-01
2.917900000000000382e+00 4.636000000000000121e-01
2.930299999999999905e+00 4.794999999999999818e-01
2.942800000000000082e+00 4.953000000000000180e-01
2.955200000000000493e+00 5.109000000000000208e-01
2.967600000000000016e+00 5.262999999999999901e-01
2.980100000000000193e+00 5.415999999999999703e-01
2.992499999999999716e+00 5.567999999999999616e-01
3.004999999999999893e+00 5.717999999999999750e-01
3.017400000000000304e+00 5.866000000000000103e-01
3.029900000000000482e+00 6.012999999999999456e-01
3.042300000000000004e+00 6.158000000000000140e-01
3.054700000000000415e+00 6.301999999999999824e-01
3.067199999999999704e+00 6.443999999999999728e-01
3.079600000000000115e+00 6.583999999999999853e-01
3.092100000000000293e+00 6.723000000000000087e-01
3.104499999999999815e+00 6.861000000000000432e-01
3.116900000000000226e+00 6.996999999999999886e-01
3.129400000000000404e+00 7.130999999999999561e-01
3.141799999999999926e+00 7.230999999999999650e-01
3.154300000000000104e+00 7.203000000000000513e-01
3.166699999999999626e+00 7.201999999999999513e-01
3.179199999999999804e+00 7.220999999999999641e-01
3.191600000000000215e+00 7.247999999999999998e-01
3.203999999999999737e+00 7.279999999999999805e-01
3.216499999999999915e+00 7.289999999999999813e-01
3.228900000000000325e+00 7.268999999999999906e-01
3.241400000000000503e+00 7.233000000000000540e-01
3.253800000000000026e+00 7.250999999999999668e-01
3.266200000000000436e+00 7.320999999999999730e-01
3.278699999999999726e+00 7.400999999999999801e-01
3.291100000000000136e+00 7.479999999999999982e-01
3.303600000000000314e+00 7.559000000000000163e-01
3.315999999999999837e+00 7.638000000000000345e-01
3.328500000000000014e+00 7.731999999999999984e-01
3.340900000000000425e+00 8.095999999999999863e-01
3.353299999999999947e+00 8.433000000000000496e-01
3.365800000000000125e+00 8.741999999999999771e-01
3.378199999999999648e+00 9.022999999999999909e-01
3.390699999999999825e+00 9.276999999999999691e-01
3.403100000000000236e+00 9.503000000000000336e-01
3.415499999999999758e+00 9.701999999999999513e-01
3.427999999999999936e+00 9.872999999999999554e-01
3.440400000000000347e+00 1.001600000000000046e+00
3.452899999999999636e+00 1.026000000000000023e+00
3.465300000000000047e+00 1.057399999999999896e+00
3.477800000000000225e+00 1.090700000000000003e+00
3.490199999999999747e+00 1.125799999999999912e+00
3.502600000000000158e+00 1.162800000000000056e+00
3.515100000000000335e+00 1.201699999999999990e+00
3.527499999999999858e+00 1.242299999999999960e+00
3.540000000000000036e+00 1.275400000000000089e+00
3.552400000000000446e+00 1.297099999999999920e+00
3.564799999999999969e+00 1.307099999999999929e+00
3.577300000000000146e+00 1.341800000000000104e+00
3.589699999999999669e+00 1.385399999999999965e+00
3.602199999999999847e+00 1.431100000000000039e+00
3.614600000000000257e+00 1.479200000000000070e+00
3.627100000000000435e+00 1.529400000000000093e+00
3.639499999999999957e+00 1.581900000000000084e+00
3.651900000000000368e+00 1.636900000000000022e+00
3.664399999999999658e+00 1.695799999999999974e+00
3.676800000000000068e+00 1.759200000000000097e+00
3.689300000000000246e+00 1.830000000000000071e+00
3.701699999999999768e+00 1.908700000000000063e+00
3.714199999999999946e+00 1.995000000000000107e+00
3.726600000000000357e+00 2.079299999999999926e+00
3.738999999999999879e+00 2.156099999999999905e+00
3.751500000000000057e+00 2.225099999999999856e+00
3.763900000000000468e+00 2.277600000000000069e+00
3.776399999999999757e+00 2.309699999999999864e+00
3.788800000000000168e+00 2.327799999999999869e+00
3.801199999999999690e+00 2.342499999999999805e+00
3.813699999999999868e+00 2.398099999999999898e+00
3.826100000000000279e+00 2.452900000000000080e+00
3.838600000000000456e+00 2.507000000000000117e+00
3.850999999999999979e+00 2.559699999999999864e+00
3.863500000000000156e+00 2.593500000000000139e+00
3.875899999999999679e+00 2.619699999999999918e+00
3.888300000000000090e+00 2.619000000000000217e+00
3.900800000000000267e+00 2.547200000000000131e+00
3.913199999999999790e+00 2.484199999999999964e+00
3.925699999999999967e+00 2.426400000000000112e+00
3.938100000000000378e+00 2.370499999999999829e+00
3.950499999999999901e+00 2.314999999999999947e+00
3.963000000000000078e+00 2.259900000000000020e+00
3.975400000000000489e+00 2.205200000000000049e+00
3.987899999999999778e+00 2.150999999999999801e+00
4.000300000000000189e+00 2.097199999999999953e+00
4.012800000000000367e+00 2.043800000000000061e+00
4.025199999999999889e+00 1.990899999999999892e+00
4.037600000000000300e+00 1.938399999999999901e+00
4.050100000000000477e+00 1.886300000000000088e+00
4.062500000000000000e+00 1.837699999999999889e+00
4.075000000000000178e+00 1.868400000000000061e+00
4.087399999999999700e+00 1.823499999999999899e+00
4.099800000000000111e+00 1.778100000000000014e+00
4.112300000000000288e+00 1.731899999999999995e+00
4.124699999999999811e+00 1.690800000000000081e+00
4.137199999999999989e+00 1.649599999999999955e+00
4.149600000000000399e+00 1.607900000000000107e+00
4.162099999999999689e+00 1.565600000000000103e+00
4.174500000000000099e+00 1.522699999999999942e+00
4.186899999999999622e+00 1.473500000000000032e+00
4.199399999999999800e+00 1.418900000000000050e+00
4.211800000000000210e+00 1.363799999999999901e+00
4.224300000000000388e+00 1.308300000000000018e+00
4.236699999999999910e+00 1.252399999999999958e+00
4.249100000000000321e+00 1.195999999999999952e+00
4.261600000000000499e+00 1.139199999999999990e+00
4.274000000000000021e+00 1.081900000000000084e+00
4.286500000000000199e+00 1.024199999999999999e+00
4.298899999999999721e+00 9.754000000000000448e-01
4.311399999999999899e+00 9.366999999999999771e-01
4.323800000000000310e+00 9.032999999999999918e-01
4.336199999999999832e+00 8.761999999999999789e-01
4.348700000000000010e+00 8.575000000000000400e-01
4.361100000000000421e+00 8.436000000000000165e-01
4.373599999999999710e+00 8.347999999999999865e-01
4.386000000000000121e+00 8.273000000000000353e-01
4.398500000000000298e+00 8.201000000000000512e-01
4.410899999999999821e+00 8.129999999999999449e-01
4.423300000000000232e+00 8.062000000000000277e-01
4.435800000000000409e+00 7.995999999999999774e-01
4.448199999999999932e+00 7.932000000000000162e-01
4.460700000000000109e+00 7.869000000000000439e-01
4.473099999999999632e+00 7.810000000000000275e-01
4.485500000000000043e+00 7.752000000000000002e-01
4.498000000000000220e+00 7.695999999999999508e-01
4.510399999999999743e+00 7.641999999999999904e-01
4.522899999999999920e+00 7.590999999999999970e-01
4.535300000000000331e+00 7.540999999999999925e-01
4.547799999999999621e+00 7.493999999999999551e-01
4.560200000000000031e+00 7.448000000000000176e-01
4.572600000000000442e+00 7.405000000000000471e-01
4.585099999999999731e+00 7.364000000000000545e-01
4.597500000000000142e+00 7.325000000000000400e-01
4.610000000000000320e+00 7.288000000000000034e-01
4.622399999999999842e+00 7.252999999999999448e-01
4.634800000000000253e+00 7.220999999999999641e-01
4.647300000000000431e+00 7.189999999999999725e-01
4.659699999999999953e+00 7.161999999999999478e-01
4.672200000000000131e+00 7.135000000000000231e-01
4.684599999999999653e+00 7.110999999999999543e-01
4.697099999999999831e+00 7.088999999999999746e-01
4.709500000000000242e+00 7.068999999999999728e-01
4.721899999999999764e+00 7.050999999999999490e-01
4.734399999999999942e+00 7.035000000000000142e-01
4.746800000000000352e+00 7.020999999999999464e-01
4.759299999999999642e+00 7.008999999999999675e-01
4.771700000000000053e+00 6.999999999999999556e-01
4.784100000000000463e+00 6.999999999999999556e-01
4.796599999999999753e+00 7.014000000000000234e-01
4.809000000000000163e+00 7.043000000000000371e-01
4.821500000000000341e+00 7.086999999999999966e-01
4.833899999999999864e+00 7.145000000000000240e-01
4.846400000000000041e+00 7.217999999999999972e-01
4.858800000000000452e+00 7.305000000000000382e-01
4.871199999999999974e+00 7.395000000000000462e-01
4.883700000000000152e+00 7.477000000000000313e-01
4.896099999999999675e+00 7.550999999999999934e-01
4.908599999999999852e+00 7.616000000000000547e-01
4.921000000000000263e+00 7.673999999999999710e-01
4.933399999999999785e+00 7.723999999999999755e-01
4.945899999999999963e+00 7.764999999999999680e-01
4.958300000000000374e+00 7.801000000000000156e-01
4.970799999999999663e+00 7.839000000000000412e-01
4.983200000000000074e+00 9.729999999999999760e-01
4.995700000000000252e+00 7.603999999999999648e-01
5.008099999999999774e+00 7.684999999999999609e-01
5.020500000000000185e+00 7.765999999999999570e-01
5.033000000000000362e+00 7.848000000000000531e-01
5.045399999999999885e+00 7.930000000000000382e-01
5.057900000000000063e+00 8.013000000000000123e-01
5.070300000000000473e+00 8.096999999999999753e-01
5.082699999999999996e+00 8.296999999999999931e-01
5.095200000000000173e+00 8.651999999999999691e-01
5.107599999999999696e+00 9.070000000000000284e-01
5.120099999999999874e+00 9.482000000000000428e-01
5.132500000000000284e+00 9.890999999999999792e-01
5.145000000000000462e+00 1.035400000000000098e+00
5.157399999999999984e+00 1.086000000000000076e+00
5.169800000000000395e+00 1.137000000000000011e+00
5.182299999999999685e+00 1.187699999999999978e+00
5.194700000000000095e+00 1.238099999999999978e+00
5.207200000000000273e+00 1.288300000000000001e+00
5.219599999999999795e+00 1.338100000000000067e+00
5.232099999999999973e+00 1.387699999999999934e+00
5.244500000000000384e+00 1.437100000000000044e+00
5.256899999999999906e+00 1.486099999999999977e+00
5.269400000000000084e+00 1.534899999999999931e+00
5.281800000000000495e+00 1.582699999999999996e+00
5.294299999999999784e+00 1.629000000000000004e+00
5.306700000000000195e+00 1.673799999999999955e+00
5.319099999999999717e+00 1.717200000000000060e+00
5.331599999999999895e+00 1.814899999999999958e+00
5.344000000000000306e+00 1.612900000000000000e+00
5.356500000000000483e+00 1.629499999999999948e+00
5.368900000000000006e+00 1.644200000000000106e+00
5.381400000000000183e+00 1.656900000000000039e+00
5.393799999999999706e+00 1.667699999999999960e+00
5.406200000000000117e+00 1.676600000000000090e+00
5.418700000000000294e+00 1.683599999999999985e+00
5.431099999999999817e+00 1.677300000000000013e+00
5.443599999999999994e+00 1.673000000000000043e+00
5.456000000000000405e+00 1.706399999999999917e+00
5.468399999999999928e+00 1.795800000000000063e+00
5.480900000000000105e+00 1.880600000000000049e+00
5.493299999999999628e+00 1.959699999999999998e+00
5.505799999999999805e+00 2.031000000000000139e+00
5.518200000000000216e+00 2.094199999999999839e+00
5.530700000000000394e+00 2.149500000000000188e+00
5.543099999999999916e+00 2.196699999999999875e+00
5.555500000000000327e+00 2.236000000000000210e+00
5.567999999999999616e+00 2.267199999999999882e+00
5.580400000000000027e+00 2.290399999999999991e+00
5.592900000000000205e+00 2.305600000000000094e+00
5.605299999999999727e+00 2.312800000000000189e+00
5.617700000000000138e+00 2.311999999999999833e+00
5.630200000000000315e+00 2.303100000000000147e+00
5.642599999999999838e+00 2.286300000000000221e+00
5.655100000000000016e+00 2.257000000000000117e+00
5.667500000000000426e+00 2.203699999999999992e+00
5.679999999999999716e+00 2.158500000000000085e+00
5.692400000000000126e+00 2.125500000000000167e+00
5.704799999999999649e+00 2.082300000000000040e+00
5.717299999999999827e+00 2.035600000000000076e+00
5.729700000000000237e+00 1.986099999999999977e+00
5.742200000000000415e+00 1.932199999999999918e+00
5.754599999999999937e+00 1.892400000000000082e+00
5.767000000000000348e+00 1.853699999999999903e+00
5.779499999999999638e+00 1.812300000000000022e+00
5.791900000000000048e+00 1.768899999999999917e+00
5.804400000000000226e+00 1.723400000000000043e+00
5.816799999999999748e+00 1.675899999999999945e+00
5.829299999999999926e+00 1.626300000000000079e+00
5.841700000000000337e+00 1.574699999999999989e+00
5.854099999999999859e+00 1.463100000000000067e+00
5.866600000000000037e+00 1.355199999999999960e+00
5.879000000000000448e+00 1.253900000000000015e+00
5.891499999999999737e+00 1.159100000000000019e+00
5.903900000000000148e+00 1.070899999999999963e+00
5.916400000000000325e+00 9.891999999999999682e-01
5.928799999999999848e+00 9.147999999999999465e-01
5.941200000000000259e+00 8.485000000000000320e-01
5.953700000000000436e+00 7.906999999999999584e-01
5.966099999999999959e+00 7.409000000000000030e-01
5.978600000000000136e+00 6.991000000000000547e-01
5.990999999999999659e+00 6.653000000000000025e-01
6.003400000000000070e+00 6.405999999999999472e-01
6.015900000000000247e+00 6.229999999999999982e-01
6.028299999999999770e+00 6.115000000000000435e-01
6.040799999999999947e+00 6.084000000000000519e-01
6.053200000000000358e+00 6.118999999999999995e-01
6.065699999999999648e+00 6.209000000000000075e-01
6.078100000000000058e+00 6.602999999999999980e-01
6.090500000000000469e+00 7.335000000000000409e-01
6.102999999999999758e+00 8.273000000000000353e-01
6.115400000000000169e+00 9.406999999999999806e-01
6.127900000000000347e+00 1.063499999999999890e+00
6.140299999999999869e+00 1.193000000000000060e+00
6.152700000000000280e+00 1.328999999999999959e+00
6.165200000000000458e+00 1.471799999999999997e+00
6.177599999999999980e+00 1.609599999999999920e+00
6.190100000000000158e+00 1.724099999999999966e+00
6.202499999999999680e+00 1.814999999999999947e+00
6.214999999999999858e+00 1.882300000000000084e+00
6.227400000000000269e+00 1.925899999999999945e+00
6.239799999999999791e+00 1.945599999999999996e+00
6.252299999999999969e+00 1.941999999999999948e+00
6.264700000000000379e+00 1.952199999999999935e+00
6.277199999999999669e+00 1.982499999999999929e+00
6.289600000000000080e+00 2.008399999999999963e+00
6.302000000000000490e+00 2.033100000000000129e+00
6.314499999999999780e+00 2.056799999999999962e+00
6.326900000000000190e+00 2.079299999999999926e+00
6.339400000000000368e+00 2.347300000000000164e+00
6.351799999999999891e+00 2.153000000000000025e+00
6.364300000000000068e+00 2.177599999999999980e+00
6.376700000000000479e+00 2.201499999999999790e+00
6.389100000000000001e+00 2.224899999999999878e+00
6.401600000000000179e+00 2.247700000000000031e+00
6.413999999999999702e+00 2.270300000000000207e+00
6.426500000000000767e+00 2.293299999999999894e+00
6.438900000000000290e+00 2.321099999999999941e+00
6.451299999999999812e+00 2.342799999999999994e+00
6.463800000000000878e+00 2.358600000000000030e+00
6.476200000000000401e+00 2.368199999999999861e+00
6.488699999999999690e+00 2.371799999999999908e+00
6.501099999999999213e+00 2.369400000000000173e+00
6.513600000000000279e+00 2.362800000000000011e+00
6.525999999999999801e+00 2.353499999999999925e+00
6.538399999999999324e+00 2.343199999999999950e+00
6.550900000000000389e+00 2.332300000000000040e+00
6.563299999999999912e+00 2.320699999999999985e+00
6.575799999999999201e+00 2.307700000000000085e+00
6.588200000000000500e+00 2.294099999999999806e+00
6.600699999999999790e+00 2.279799999999999827e+00
6.613099999999999312e+00 2.265000000000000124e+00
6.625500000000000611e+00 2.249699999999999811e+00
6.637999999999999901e+00 2.233999999999999986e+00
6.650399999999999423e+00 2.217900000000000205e+00
6.662900000000000489e+00 2.201400000000000023e+00
6.675300000000000011e+00 2.184400000000000119e+00
6.687699999999999534e+00 2.166999999999999815e+00
6.700200000000000600e+00 2.149199999999999999e+00
6.712600000000000122e+00 2.130999999999999783e+00
6.725099999999999412e+00 2.112400000000000055e+00
6.737500000000000711e+00 2.093399999999999928e+00
6.750000000000000000e+00 2.073900000000000077e+00
6.762399999999999523e+00 2.050800000000000178e+00
6.774800000000000821e+00 5.036400000000000432e+00
6.787300000000000111e+00 1.814200000000000035e+00
6.799699999999999633e+00 1.769600000000000062e+00
6.812200000000000699e+00 1.726499999999999924e+00
6.824600000000000222e+00 1.684900000000000064e+00
6.836999999999999744e+00 1.644900000000000029e+00
6.849500000000000810e+00 1.606400000000000050e+00
6.861900000000000333e+00 1.569399999999999906e+00
6.874399999999999622e+00 1.534000000000000030e+00
6.886800000000000921e+00 1.501400000000000068e+00
6.899300000000000210e+00 1.470800000000000107e+00
6.911699999999999733e+00 1.440299999999999914e+00
6.924099999999999255e+00 1.409999999999999920e+00
6.936600000000000321e+00 1.379899999999999904e+00
6.948999999999999844e+00 1.350500000000000034e+00
6.961500000000000909e+00 1.322500000000000009e+00
6.973900000000000432e+00 1.295900000000000052e+00
6.986299999999999955e+00 1.270799999999999930e+00
6.998799999999999244e+00 1.247000000000000108e+00
7.011200000000000543e+00 1.224699999999999900e+00
7.023699999999999832e+00 1.203699999999999992e+00
7.036099999999999355e+00 1.184199999999999919e+00
7.048600000000000421e+00 1.166099999999999914e+00
7.060999999999999943e+00 1.149399999999999977e+00
7.073399999999999466e+00 1.134100000000000108e+00
7.085900000000000531e+00 1.120000000000000107e+00
7.098300000000000054e+00 1.106800000000000006e+00
7.110799999999999343e+00 1.094600000000000017e+00
7.123200000000000642e+00 1.083299999999999930e+00
7.135600000000000165e+00 1.073099999999999943e+00
7.148099999999999454e+00 1.064000000000000057e+00
7.160500000000000753e+00 1.055900000000000061e+00
7.173000000000000043e+00 1.048799999999999955e+00
7.185399999999999565e+00 1.042899999999999938e+00
7.197900000000000631e+00 1.037900000000000045e+00
7.210300000000000153e+00 1.034100000000000019e+00
7.222699999999999676e+00 1.031300000000000106e+00
7.235200000000000742e+00 1.031600000000000072e+00
7.247600000000000264e+00 1.052899999999999947e+00
7.260099999999999554e+00 1.072400000000000020e+00
7.272500000000000853e+00 1.083900000000000086e+00
7.285000000000000142e+00 1.090300000000000047e+00
7.297399999999999665e+00 1.096799999999999997e+00
7.309799999999999187e+00 1.103699999999999903e+00
7.322300000000000253e+00 1.110800000000000010e+00
7.334699999999999775e+00 1.118200000000000083e+00
7.347200000000000841e+00 1.125899999999999901e+00
7.359600000000000364e+00 1.133999999999999897e+00
7.371999999999999886e+00 1.142300000000000093e+00
7.384499999999999176e+00 1.150900000000000034e+00
7.396900000000000475e+00 1.159799999999999942e+00
7.409399999999999764e+00 1.169000000000000039e+00
7.421799999999999287e+00 1.178500000000000103e+00
7.434300000000000352e+00 1.188299999999999912e+00
7.446699999999999875e+00 1.198399999999999910e+00
7.459099999999999397e+00 1.208800000000000097e+00
7.471600000000000463e+00 1.240399999999999947e+00
7.483999999999999986e+00 1.387100000000000000e+00
7.496499999999999275e+00 1.499000000000000110e+00
7.508900000000000574e+00 1.483000000000000096e+00
7.521300000000000097e+00 1.463100000000000067e+00
7.533799999999999386e+00 1.445300000000000029e+00
7.546200000000000685e+00 1.429699999999999971e+00
7.558699999999999974e+00 1.415799999999999947e+00
7.571099999999999497e+00 1.403599999999999959e+00
7.583600000000000563e+00 1.392900000000000027e+00
7.596000000000000085e+00 1.383899999999999908e+00
7.608399999999999608e+00 1.376500000000000057e+00
7.620900000000000674e+00 1.370700000000000029e+00
7.633300000000000196e+00 1.368500000000000050e+00
7.645799999999999486e+00 1.368600000000000039e+00
7.658200000000000784e+00 1.371099999999999985e+00
7.670600000000000307e+00 1.375899999999999901e+00
7.683099999999999596e+00 1.383099999999999996e+00
7.695500000000000895e+00 1.392600000000000060e+00
7.708000000000000185e+00 1.404600000000000071e+00
7.720399999999999707e+00 1.808100000000000041e+00
7.732900000000000773e+00 1.592899999999999983e+00
7.745300000000000296e+00 1.597299999999999942e+00
7.757699999999999818e+00 1.601799999999999891e+00
7.770200000000000884e+00 1.606200000000000072e+00
7.782600000000000406e+00 1.610700000000000021e+00
7.795099999999999696e+00 1.615199999999999969e+00
7.807499999999999218e+00 1.619699999999999918e+00
7.819900000000000517e+00 1.599699999999999900e+00
7.832399999999999807e+00 1.535900000000000043e+00
7.844799999999999329e+00 1.468699999999999894e+00
7.857300000000000395e+00 1.464399999999999924e+00
7.869699999999999918e+00 1.461899999999999977e+00
7.882199999999999207e+00 1.461000000000000076e+00
7.894600000000000506e+00 1.464299999999999935e+00
7.907000000000000028e+00 1.484799999999999898e+00
7.919499999999999318e+00 1.505400000000000071e+00
7.931900000000000617e+00 1.526599999999999957e+00
7.944399999999999906e+00 1.542899999999999938e+00
7.956799999999999429e+00 1.554200000000000026e+00
7.969300000000000495e+00 1.560599999999999987e+00
7.981700000000000017e+00 1.562100000000000044e+00
7.994099999999999540e+00 1.555299999999999905e+00
8.006600000000000605e+00 1.547600000000000087e+00
8.019000000000000128e+00 1.535099999999999909e+00
8.031499999999999417e+00 1.517800000000000038e+00
8.043900000000000716e+00 1.495800000000000018e+00
8.056300000000000239e+00 1.469000000000000083e+00
8.068799999999999528e+00 1.437400000000000011e+00
8.081200000000000827e+00 1.401000000000000023e+00
8.093700000000000117e+00 1.359900000000000109e+00
8.106099999999999639e+00 1.360300000000000065e+00
8.118600000000000705e+00 1.361399999999999944e+00
8.131000000000000227e+00 1.361299999999999955e+00
8.143399999999999750e+00 1.359900000000000109e+00
8.155900000000000816e+00 1.357299999999999951e+00
8.168300000000000338e+00 1.353399999999999936e+00
8.180799999999999628e+00 1.348200000000000065e+00
8.193200000000000927e+00 1.261900000000000022e+00
8.205600000000000449e+00 1.163899999999999935e+00
8.218099999999999739e+00 1.141000000000000014e+00
8.230499999999999261e+00 1.118700000000000028e+00
8.243000000000000327e+00 1.096999999999999975e+00
8.255399999999999849e+00 1.075800000000000090e+00
8.267900000000000915e+00 1.055299999999999905e+00
8.280300000000000438e+00 1.035300000000000109e+00
8.292699999999999960e+00 1.015900000000000025e+00
8.305199999999999250e+00 9.969999999999999973e-01
8.317600000000000549e+00 9.788000000000000034e-01
8.330099999999999838e+00 9.626000000000000112e-01
8.342499999999999361e+00 9.492000000000000437e-01
8.354900000000000659e+00 9.374000000000000110e-01
8.367399999999999949e+00 9.272000000000000242e-01
8.379799999999999471e+00 9.183999999999999941e-01
8.392300000000000537e+00 9.112999999999999989e-01
8.404700000000000060e+00 9.055999999999999606e-01
8.417199999999999349e+00 9.015999999999999570e-01
8.429600000000000648e+00 8.992999999999999883e-01
8.442000000000000171e+00 8.989000000000000323e-01
8.454499999999999460e+00 9.000000000000000222e-01
8.466900000000000759e+00 9.025999999999999579e-01
8.479400000000000048e+00 9.082000000000000073e-01
8.491799999999999571e+00 9.165999999999999703e-01
8.504200000000000870e+00 9.272000000000000242e-01
8.516700000000000159e+00 9.395999999999999908e-01
8.529099999999999682e+00 9.537999999999999812e-01
8.541600000000000747e+00 9.697000000000000064e-01
8.554000000000000270e+00 9.874000000000000554e-01
8.566499999999999559e+00 1.015300000000000091e+00
8.578900000000000858e+00 1.047099999999999920e+00
8.591300000000000381e+00 1.079599999999999893e+00
8.603799999999999670e+00 1.112700000000000022e+00
8.616199999999999193e+00 1.146400000000000086e+00
8.628700000000000259e+00 1.180800000000000072e+00
8.641099999999999781e+00 1.215799999999999992e+00
8.653600000000000847e+00 1.251400000000000068e+00
8.666000000000000369e+00 1.287800000000000056e+00
8.678399999999999892e+00 1.324699999999999989e+00
8.690899999999999181e+00 1.356100000000000083e+00
8.703300000000000480e+00 1.385899999999999910e+00
8.715799999999999770e+00 1.410500000000000087e+00
8.728199999999999292e+00 1.412500000000000089e+00
8.740600000000000591e+00 1.390500000000000069e+00
8.753099999999999881e+00 1.358999999999999986e+00
8.765499999999999403e+00 1.353699999999999903e+00
8.778000000000000469e+00 1.350500000000000034e+00
8.790399999999999991e+00 1.349499999999999922e+00
8.802899999999999281e+00 1.350500000000000034e+00
8.815300000000000580e+00 1.355199999999999960e+00
8.827700000000000102e+00 1.362100000000000088e+00
8.840199999999999392e+00 1.371599999999999930e+00
8.852600000000000691e+00 1.384200000000000097e+00
8.865099999999999980e+00 1.399899999999999922e+00
8.877499999999999503e+00 1.418600000000000083e+00
8.889900000000000801e+00 1.440299999999999914e+00
8.902400000000000091e+00 1.463799999999999990e+00
8.914799999999999613e+00 1.487999999999999989e+00
8.927300000000000679e+00 1.513099999999999890e+00
8.939700000000000202e+00 1.538999999999999924e+00
8.952199999999999491e+00 1.562799999999999967e+00
8.964600000000000790e+00 1.581299999999999928e+00
8.977000000000000313e+00 1.594500000000000028e+00
8.989499999999999602e+00 1.602400000000000047e+00
9.001900000000000901e+00 1.605599999999999916e+00
9.014400000000000190e+00 1.610000000000000098e+00
9.026799999999999713e+00 1.617499999999999938e+00
9.039199999999999235e+00 1.628300000000000081e+00
9.051700000000000301e+00 1.642200000000000104e+00
9.064099999999999824e+00 1.659299999999999997e+00
9.076600000000000890e+00 1.679599999999999982e+00
9.089000000000000412e+00 1.703899999999999970e+00
9.101499999999999702e+00 1.745900000000000007e+00
9.113899999999999224e+00 1.770499999999999963e+00
9.126300000000000523e+00 1.730299999999999949e+00
9.138799999999999812e+00 1.699899999999999967e+00
9.151199999999999335e+00 1.679300000000000015e+00
9.163700000000000401e+00 1.668500000000000094e+00
9.176099999999999923e+00 1.668500000000000094e+00
9.188499999999999446e+00 1.677499999999999991e+00
9.201000000000000512e+00 1.687200000000000033e+00
9.213400000000000034e+00 1.696600000000000108e+00
9.225899999999999324e+00 1.705600000000000005e+00
9.238300000000000622e+00 1.714199999999999946e+00
9.250799999999999912e+00 1.723600000000000021e+00
9.263199999999999434e+00 1.732299999999999951e+00
9.275600000000000733e+00 1.740299999999999958e+00
9.288100000000000023e+00 1.747600000000000042e+00
9.300499999999999545e+00 1.754299999999999971e+00
9.313000000000000611e+00 1.760499999999999954e+00
9.325400000000000134e+00 1.766499999999999959e+00
9.337899999999999423e+00 1.772399999999999975e+00
9.350300000000000722e+00 1.778200000000000003e+00
9.362700000000000244e+00 1.784000000000000030e+00
9.375199999999999534e+00 1.790000000000000036e+00
9.387600000000000833e+00 1.795900000000000052e+00
9.400100000000000122e+00 1.804599999999999982e+00
9.412499999999999645e+00 1.834100000000000064e+00
9.424900000000000944e+00 1.881199999999999983e+00
9.437400000000000233e+00 1.951200000000000045e+00
9.449799999999999756e+00 2.072599999999999998e+00
9.462300000000000821e+00 2.276400000000000201e+00
9.474700000000000344e+00 2.473300000000000054e+00
9.487199999999999633e+00 2.733800000000000008e+00
9.499600000000000932e+00 2.887100000000000222e+00
9.512000000000000455e+00 2.922600000000000087e+00
9.524499999999999744e+00 2.820199999999999818e+00
9.536899999999999267e+00 2.708299999999999930e+00
9.549400000000000333e+00 2.596099999999999852e+00
9.561799999999999855e+00 2.483800000000000008e+00
9.574199999999999378e+00 2.371300000000000185e+00
9.586700000000000443e+00 2.258599999999999941e+00
9.599099999999999966e+00 2.145599999999999952e+00
9.611599999999999255e+00 2.032399999999999984e+00
9.624000000000000554e+00 1.919100000000000028e+00
9.636499999999999844e+00 1.810300000000000020e+00
9.648899999999999366e+00 1.716499999999999915e+00
9.661300000000000665e+00 1.625299999999999967e+00
9.673799999999999955e+00 1.545500000000000096e+00
9.686199999999999477e+00 1.489500000000000046e+00
9.698700000000000543e+00 1.467000000000000082e+00
9.711100000000000065e+00 1.488899999999999890e+00
9.723499999999999588e+00 1.505700000000000038e+00
9.736000000000000654e+00 1.517500000000000071e+00
9.748400000000000176e+00 1.524299999999999988e+00
9.760899999999999466e+00 1.526000000000000023e+00
9.773300000000000765e+00 1.522699999999999942e+00
9.785800000000000054e+00 1.514399999999999968e+00
9.798199999999999577e+00 1.500999999999999890e+00
9.810600000000000875e+00 1.490599999999999925e+00
9.823100000000000165e+00 1.479100000000000081e+00
9.835499999999999687e+00 1.465700000000000003e+00
9.848000000000000753e+00 1.451899999999999968e+00
9.860400000000000276e+00 1.437599999999999989e+00
9.872799999999999798e+00 1.422800000000000065e+00
9.885300000000000864e+00 1.407599999999999962e+00
9.897700000000000387e+00 1.392500000000000071e+00
9.910199999999999676e+00 1.495700000000000029e+00
9.922599999999999199e+00 1.597800000000000109e+00
9.935100000000000264e+00 1.698800000000000088e+00
9.947499999999999787e+00 1.800699999999999967e+00
9.959899999999999309e+00 1.846500000000000030e+00
9.972400000000000375e+00 1.770799999999999930e+00
9.984799999999999898e+00 1.702700000000000102e+00
9.997299999999999187e+00 1.642200000000000104e+00
1.000970000000000049e+01 1.588600000000000012e+00
1.002219999999999978e+01 1.541600000000000081e+00
1.003459999999999930e+01 1.558699999999999974e+00
1.004700000000000060e+01 1.602400000000000047e+00
1.005949999999999989e+01 1.625399999999999956e+00
1.007189999999999941e+01 1.627599999999999936e+00
1.008440000000000047e+01 1.609099999999999975e+00
1.009680000000000000e+01 1.569700000000000095e+00
1.010919999999999952e+01 1.509700000000000042e+00
1.012170000000000059e+01 1.428800000000000070e+00
1.013410000000000011e+01 1.327199999999999935e+00
1.014659999999999940e+01 1.254699999999999926e+00
1.015900000000000070e+01 1.250199999999999978e+00
1.017149999999999999e+01 1.244799999999999907e+00
1.018389999999999951e+01 1.025700000000000056e+00
1.019630000000000081e+01 1.024199999999999999e+00
1.020880000000000010e+01 1.023200000000000109e+00
1.022119999999999962e+01 1.022699999999999942e+00
1.023370000000000068e+01 1.022699999999999942e+00
1.024610000000000021e+01 1.023300000000000098e+00
1.025849999999999973e+01 1.024299999999999988e+00
1.027100000000000080e+01 1.025900000000000034e+00
1.028340000000000032e+01 1.027900000000000036e+00
1.029589999999999961e+01 1.030599999999999961e+00
1.030830000000000091e+01 1.034000000000000030e+00
1.032080000000000020e+01 1.038100000000000023e+00
1.033319999999999972e+01 1.042799999999999949e+00
1.034559999999999924e+01 1.048300000000000010e+00
1.035810000000000031e+01 1.054400000000000004e+00
1.037049999999999983e+01 1.061299999999999910e+00
1.038300000000000090e+01 1.068799999999999972e+00
1.039540000000000042e+01 1.076899999999999968e+00
1.040779999999999994e+01 1.085599999999999898e+00
1.042029999999999923e+01 1.094300000000000050e+00
1.043270000000000053e+01 1.102800000000000002e+00
1.044519999999999982e+01 1.111299999999999955e+00
1.045759999999999934e+01 1.119599999999999929e+00
1.047010000000000041e+01 1.127899999999999903e+00
1.048249999999999993e+01 1.135999999999999899e+00
1.049489999999999945e+01 1.144099999999999895e+00
1.050740000000000052e+01 1.151999999999999913e+00
1.051980000000000004e+01 1.158900000000000041e+00
1.053229999999999933e+01 1.165899999999999936e+00
1.054470000000000063e+01 1.175300000000000011e+00
1.055710000000000015e+01 1.187400000000000011e+00
1.056959999999999944e+01 1.202299999999999924e+00
1.058200000000000074e+01 1.220099999999999962e+00
1.059450000000000003e+01 1.240599999999999925e+00
1.060689999999999955e+01 1.263900000000000023e+00
1.061940000000000062e+01 1.290100000000000025e+00
1.063180000000000014e+01 1.318999999999999950e+00
1.064419999999999966e+01 1.350700000000000012e+00
1.065670000000000073e+01 1.385199999999999987e+00
1.066910000000000025e+01 1.424199999999999910e+00
1.068159999999999954e+01 1.468299999999999939e+00
1.069400000000000084e+01 1.515099999999999891e+00
1.070650000000000013e+01 1.564699999999999980e+00
1.071889999999999965e+01 1.616999999999999993e+00
1.073129999999999917e+01 1.671999999999999931e+00
1.074380000000000024e+01 1.729800000000000004e+00
1.075619999999999976e+01 1.790399999999999991e+00
1.076870000000000083e+01 1.854100000000000081e+00
1.078110000000000035e+01 1.935400000000000009e+00
1.079349999999999987e+01 2.030299999999999994e+00
1.080600000000000094e+01 2.110899999999999999e+00
1.081840000000000046e+01 2.173500000000000210e+00
1.083089999999999975e+01 2.242999999999999883e+00
1.084329999999999927e+01 2.347300000000000164e+00
1.085580000000000034e+01 2.378400000000000070e+00
1.086819999999999986e+01 2.517300000000000093e+00
1.088059999999999938e+01 1.665000000000000036e+00
1.089310000000000045e+01 1.690600000000000103e+00
1.090549999999999997e+01 1.703600000000000003e+00
1.091799999999999926e+01 1.703899999999999970e+00
1.093040000000000056e+01 1.691500000000000004e+00
1.094280000000000008e+01 1.666400000000000103e+00
1.095529999999999937e+01 1.628600000000000048e+00
1.096770000000000067e+01 1.630800000000000027e+00
1.098019999999999996e+01 1.650500000000000078e+00
1.099259999999999948e+01 1.665100000000000025e+00
1.100510000000000055e+01 1.679200000000000026e+00
1.101750000000000007e+01 1.692900000000000071e+00
1.102989999999999959e+01 1.705999999999999961e+00
1.104240000000000066e+01 1.718699999999999894e+00
1.105480000000000018e+01 1.730900000000000105e+00
1.106729999999999947e+01 1.742599999999999927e+00
1.107970000000000077e+01 1.753900000000000015e+00
1.109210000000000029e+01 1.767400000000000082e+00
1.110459999999999958e+01 1.780499999999999972e+00
1.111700000000000088e+01 1.793299999999999894e+00
1.112950000000000017e+01 1.805800000000000072e+00
1.114189999999999969e+01 1.818200000000000038e+00
1.115440000000000076e+01 1.830500000000000016e+00
1.116680000000000028e+01 1.842700000000000005e+00
1.117919999999999980e+01 1.854700000000000015e+00
1.119170000000000087e+01 1.866600000000000037e+00
1.120410000000000039e+01 1.878400000000000070e+00
1.121659999999999968e+01 1.886600000000000055e+00
1.122899999999999920e+01 1.892800000000000038e+00
1.124140000000000050e+01 1.899599999999999955e+00
1.125389999999999979e+01 1.907000000000000028e+00
1.126629999999999932e+01 1.914900000000000047e+00
1.127880000000000038e+01 1.923200000000000021e+00
1.129119999999999990e+01 1.931999999999999940e+00
1.130369999999999919e+01 1.941200000000000037e+00
1.131610000000000049e+01 1.950900000000000079e+00
1.132850000000000001e+01 1.960099999999999953e+00
1.134099999999999930e+01 1.967000000000000082e+00
1.135340000000000060e+01 1.988099999999999978e+00
1.136589999999999989e+01 2.139200000000000212e+00
1.137829999999999941e+01 2.380999999999999783e+00
1.139080000000000048e+01 2.420500000000000096e+00
1.140320000000000000e+01 2.257699999999999818e+00
1.141559999999999953e+01 2.097100000000000186e+00
1.142810000000000059e+01 2.091400000000000148e+00
1.144050000000000011e+01 2.091699999999999893e+00
1.145299999999999940e+01 2.088200000000000056e+00
1.146540000000000070e+01 2.080799999999999983e+00
1.147780000000000022e+01 2.070300000000000029e+00
1.149029999999999951e+01 2.058399999999999785e+00
1.150270000000000081e+01 2.086800000000000210e+00
1.151520000000000010e+01 2.091299999999999937e+00
1.152759999999999962e+01 1.864000000000000101e+00
1.154010000000000069e+01 1.860500000000000043e+00
1.155250000000000021e+01 1.857099999999999973e+00
1.156489999999999974e+01 1.852500000000000036e+00
1.157740000000000080e+01 1.846799999999999997e+00
1.158980000000000032e+01 1.839900000000000091e+00
1.160229999999999961e+01 1.839599999999999902e+00
1.161470000000000091e+01 1.830300000000000038e+00
1.162710000000000043e+01 1.804100000000000037e+00
1.163959999999999972e+01 1.762499999999999956e+00
1.165199999999999925e+01 1.719200000000000061e+00
1.166450000000000031e+01 1.688499999999999890e+00
1.167689999999999984e+01 1.745500000000000052e+00
1.168940000000000090e+01 1.786399999999999988e+00
1.170180000000000042e+01 1.807199999999999918e+00
1.171419999999999995e+01 1.814999999999999947e+00
1.172669999999999924e+01 1.802000000000000046e+00
1.173910000000000053e+01 1.768000000000000016e+00
1.175159999999999982e+01 1.740599999999999925e+00
1.176399999999999935e+01 1.737900000000000000e+00
1.177640000000000065e+01 1.763300000000000090e+00
1.178889999999999993e+01 1.811700000000000088e+00
1.180129999999999946e+01 1.694800000000000084e+00
1.181380000000000052e+01 1.586400000000000032e+00
1.182620000000000005e+01 1.486499999999999932e+00
1.183869999999999933e+01 1.394900000000000029e+00
1.185110000000000063e+01 1.311800000000000077e+00
1.186350000000000016e+01 1.237200000000000077e+00
1.187599999999999945e+01 1.171000000000000041e+00
1.188840000000000074e+01 1.113299999999999956e+00
1.190090000000000003e+01 1.063900000000000068e+00
1.191329999999999956e+01 1.022699999999999942e+00
1.192570000000000086e+01 9.892999999999999572e-01
1.193820000000000014e+01 9.649999999999999689e-01
1.195059999999999967e+01 9.510999999999999455e-01
1.196310000000000073e+01 9.525000000000000133e-01
1.197550000000000026e+01 9.605000000000000204e-01
1.198799999999999955e+01 9.706000000000000183e-01
1.200040000000000084e+01 9.826000000000000290e-01
1.201280000000000037e+01 9.966000000000000414e-01
1.202529999999999966e+01 1.012399999999999967e+00
1.203769999999999918e+01 1.030000000000000027e+00
1.205020000000000024e+01 1.049400000000000110e+00
1.206259999999999977e+01 1.070599999999999996e+00
1.207499999999999929e+01 1.093699999999999894e+00
1.208750000000000036e+01 1.118500000000000050e+00
1.209989999999999988e+01 1.145199999999999996e+00
1.211240000000000094e+01 1.151000000000000023e+00
1.212480000000000047e+01 1.156900000000000039e+00
1.213729999999999976e+01 1.171799999999999953e+00
1.214969999999999928e+01 1.189000000000000057e+00
1.216210000000000058e+01 1.208099999999999952e+00
1.217459999999999987e+01 1.229100000000000081e+00
1.218699999999999939e+01 1.251900000000000013e+00
1.219950000000000045e+01 1.276699999999999946e+00
1.221189999999999998e+01 1.303299999999999903e+00
1.222439999999999927e+01 1.331800000000000095e+00
1.223680000000000057e+01 1.362100000000000088e+00
1.224920000000000009e+01 1.373399999999999954e+00
1.226169999999999938e+01 1.310599999999999987e+00
1.227410000000000068e+01 1.281300000000000106e+00
1.228659999999999997e+01 1.297099999999999920e+00
1.229899999999999949e+01 1.418600000000000083e+00
1.231140000000000079e+01 1.601099999999999968e+00
1.232390000000000008e+01 1.742799999999999905e+00
1.233629999999999960e+01 1.840600000000000014e+00
1.234880000000000067e+01 1.893399999999999972e+00
1.236120000000000019e+01 1.902300000000000102e+00
1.237369999999999948e+01 1.992599999999999927e+00
1.238610000000000078e+01 2.096200000000000063e+00
1.239850000000000030e+01 2.212899999999999867e+00
1.241099999999999959e+01 2.342900000000000205e+00
1.242340000000000089e+01 2.571299999999999919e+00
1.243590000000000018e+01 2.934099999999999930e+00
1.244829999999999970e+01 3.223300000000000054e+00
1.246069999999999922e+01 3.438899999999999846e+00
1.247320000000000029e+01 3.580900000000000194e+00
1.248559999999999981e+01 3.649300000000000210e+00
1.249810000000000088e+01 3.644099999999999895e+00
1.251050000000000040e+01 3.565399999999999903e+00
1.252299999999999969e+01 3.467900000000000205e+00
1.253539999999999921e+01 3.398200000000000109e+00
1.254780000000000051e+01 3.368500000000000050e+00
1.256029999999999980e+01 3.409299999999999997e+00
1.257269999999999932e+01 3.445800000000000196e+00
1.258520000000000039e+01 3.468300000000000161e+00
1.259759999999999991e+01 3.469899999999999984e+00
1.260999999999999943e+01 3.444100000000000161e+00
1.262250000000000050e+01 3.395399999999999974e+00
1.263490000000000002e+01 3.324199999999999822e+00
1.264739999999999931e+01 3.236099999999999977e+00
1.265980000000000061e+01 3.137100000000000222e+00
1.267229999999999990e+01 3.042699999999999960e+00
1.268469999999999942e+01 2.953800000000000203e+00
1.269710000000000072e+01 2.870499999999999829e+00
1.270960000000000001e+01 2.793000000000000149e+00
1.272199999999999953e+01 2.721099999999999852e+00
1.273450000000000060e+01 3.189200000000000035e+00
1.274690000000000012e+01 2.796199999999999797e+00
1.275929999999999964e+01 2.689099999999999824e+00
1.277180000000000071e+01 2.844199999999999839e+00
1.278420000000000023e+01 2.683100000000000041e+00
1.279669999999999952e+01 2.532599999999999962e+00
1.280910000000000082e+01 2.392900000000000027e+00
1.282160000000000011e+01 2.264600000000000168e+00
1.283399999999999963e+01 2.186999999999999833e+00
1.284640000000000093e+01 2.135800000000000143e+00
1.285890000000000022e+01 2.087200000000000166e+00
1.287129999999999974e+01 2.041300000000000114e+00
1.288380000000000081e+01 1.997999999999999998e+00
1.289620000000000033e+01 1.961699999999999999e+00
1.290869999999999962e+01 1.930299999999999905e+00
1.292110000000000092e+01 4.543499999999999872e+00
1.293350000000000044e+01 2.169999999999999929e+00
1.294599999999999973e+01 2.152699999999999836e+00
1.295839999999999925e+01 2.137100000000000222e+00
1.297090000000000032e+01 2.123200000000000198e+00
1.298329999999999984e+01 2.111499999999999932e+00
1.299569999999999936e+01 2.102700000000000014e+00
1.300820000000000043e+01 2.096999999999999975e+00
1.302059999999999995e+01 2.095099999999999962e+00
1.303309999999999924e+01 2.098599999999999799e+00
1.304550000000000054e+01 2.107499999999999929e+00
1.305799999999999983e+01 2.671800000000000175e+00
1.307039999999999935e+01 2.593300000000000161e+00
1.308280000000000065e+01 2.634599999999999831e+00
1.309529999999999994e+01 2.575099999999999945e+00
1.310769999999999946e+01 2.414899999999999824e+00
1.312020000000000053e+01 2.167699999999999960e+00
1.313260000000000005e+01 2.100900000000000212e+00
1.314499999999999957e+01 2.038600000000000190e+00
1.315750000000000064e+01 1.981500000000000039e+00
1.316990000000000016e+01 1.929999999999999938e+00
1.318239999999999945e+01 1.883599999999999941e+00
1.319480000000000075e+01 1.842400000000000038e+00
1.320730000000000004e+01 1.806699999999999973e+00
1.321969999999999956e+01 1.777099999999999902e+00
1.323210000000000086e+01 1.753100000000000103e+00
1.324460000000000015e+01 1.734399999999999942e+00
1.325699999999999967e+01 1.721100000000000074e+00
1.326950000000000074e+01 1.734900000000000109e+00
1.328190000000000026e+01 1.752999999999999892e+00
1.329429999999999978e+01 1.771900000000000031e+00
1.330680000000000085e+01 1.792499999999999982e+00
1.331920000000000037e+01 1.814599999999999991e+00
1.333169999999999966e+01 1.838300000000000045e+00
1.334409999999999918e+01 1.863699999999999912e+00
1.335660000000000025e+01 1.890600000000000058e+00
1.336899999999999977e+01 1.919000000000000039e+00
1.338139999999999930e+01 1.948700000000000099e+00
1.339390000000000036e+01 1.974299999999999944e+00
1.340629999999999988e+01 1.999600000000000044e+00
1.341879999999999917e+01 2.034699999999999953e+00
1.343120000000000047e+01 2.066300000000000026e+00
1.344359999999999999e+01 2.094599999999999795e+00
1.345609999999999928e+01 2.119499999999999940e+00
1.346850000000000058e+01 2.140899999999999803e+00
1.348099999999999987e+01 2.158799999999999830e+00
1.349339999999999939e+01 2.173299999999999788e+00
1.350590000000000046e+01 2.184299999999999908e+00
1.351829999999999998e+01 2.191800000000000193e+00
1.353069999999999951e+01 2.195899999999999963e+00
1.354320000000000057e+01 2.148000000000000131e+00
1.355560000000000009e+01 2.087299999999999933e+00
1.356809999999999938e+01 2.045900000000000052e+00
1.358050000000000068e+01 1.993700000000000028e+00
1.359299999999999997e+01 1.956900000000000084e+00
1.360539999999999949e+01 1.934900000000000064e+00
1.361780000000000079e+01 1.916700000000000070e+00
1.363030000000000008e+01 1.901100000000000012e+00
1.364269999999999960e+01 1.887100000000000000e+00
1.365520000000000067e+01 1.874800000000000022e+00
1.366760000000000019e+01 1.864100000000000090e+00
1.367999999999999972e+01 1.855199999999999960e+00
1.369250000000000078e+01 1.848000000000000087e+00
1.370490000000000030e+01 1.842400000000000038e+00
1.371739999999999959e+01 1.838500000000000023e+00
1.372980000000000089e+01 1.836300000000000043e+00
1.374230000000000018e+01 1.836699999999999999e+00
1.375469999999999970e+01 1.841900000000000093e+00
1.376709999999999923e+01 1.842300000000000049e+00
1.377960000000000029e+01 1.838500000000000023e+00
1.379199999999999982e+01 1.830500000000000016e+00
1.380450000000000088e+01 1.818300000000000027e+00
1.381690000000000040e+01 1.801900000000000057e+00
1.382929999999999993e+01 1.781300000000000106e+00
1.384179999999999922e+01 1.756399999999999961e+00
1.385420000000000051e+01 1.727400000000000047e+00
1.386669999999999980e+01 1.695300000000000029e+00
1.387909999999999933e+01 1.661000000000000032e+00
1.389160000000000039e+01 1.624500000000000055e+00
1.390399999999999991e+01 1.586799999999999988e+00
1.391639999999999944e+01 1.556400000000000006e+00
1.392890000000000050e+01 1.532699999999999951e+00
1.394130000000000003e+01 1.510599999999999943e+00
1.395379999999999932e+01 1.490399999999999947e+00
1.396620000000000061e+01 1.471799999999999997e+00
1.397860000000000014e+01 1.455000000000000071e+00
1.399109999999999943e+01 1.439999999999999947e+00
1.400350000000000072e+01 1.425699999999999967e+00
1.401600000000000001e+01 1.411200000000000010e+00
1.402839999999999954e+01 1.396600000000000064e+00
1.404090000000000060e+01 1.381699999999999928e+00
1.405330000000000013e+01 1.366400000000000059e+00
1.406569999999999965e+01 1.350400000000000045e+00
1.407820000000000071e+01 1.333800000000000097e+00
1.409060000000000024e+01 1.316599999999999993e+00
1.410309999999999953e+01 1.298100000000000032e+00
1.411550000000000082e+01 1.279199999999999893e+00
1.412790000000000035e+01 1.261200000000000099e+00
1.414039999999999964e+01 1.244199999999999973e+00
1.415280000000000094e+01 1.228099999999999969e+00
1.416530000000000022e+01 1.212900000000000089e+00
1.417769999999999975e+01 1.198700000000000099e+00
1.419020000000000081e+01 1.185400000000000009e+00
1.420260000000000034e+01 1.172900000000000054e+00
1.421499999999999986e+01 1.160800000000000054e+00
1.422750000000000092e+01 1.149499999999999966e+00
1.423990000000000045e+01 1.138900000000000023e+00
1.425239999999999974e+01 1.129099999999999993e+00
1.426479999999999926e+01 1.120300000000000074e+00
1.427730000000000032e+01 1.112600000000000033e+00
1.428969999999999985e+01 1.105799999999999894e+00
1.430209999999999937e+01 1.099499999999999922e+00
1.431460000000000043e+01 1.093599999999999905e+00
1.432699999999999996e+01 1.088000000000000078e+00
1.433949999999999925e+01 1.082699999999999996e+00
1.435190000000000055e+01 1.077700000000000102e+00
1.436430000000000007e+01 1.415100000000000025e+00
1.437679999999999936e+01 1.198700000000000099e+00
1.438920000000000066e+01 1.202099999999999946e+00
1.440169999999999995e+01 1.203899999999999970e+00
1.441409999999999947e+01 1.204099999999999948e+00
1.442659999999999876e+01 1.202599999999999891e+00
1.443900000000000183e+01 1.199500000000000011e+00
1.445140000000000136e+01 1.194900000000000073e+00
1.446390000000000065e+01 1.188600000000000101e+00
1.447630000000000017e+01 1.180600000000000094e+00
1.448879999999999946e+01 1.171100000000000030e+00
1.450119999999999898e+01 1.159899999999999931e+00
1.451359999999999850e+01 1.147199999999999998e+00
1.452610000000000134e+01 1.132800000000000029e+00
1.453850000000000087e+01 1.116800000000000015e+00
1.455100000000000016e+01 1.099199999999999955e+00
1.456339999999999968e+01 1.079900000000000082e+00
1.457589999999999897e+01 1.059099999999999930e+00
1.458829999999999849e+01 1.036599999999999966e+00
1.460070000000000157e+01 1.012499999999999956e+00
1.461320000000000086e+01 9.868000000000000105e-01
1.462560000000000038e+01 9.595000000000000195e-01
1.463809999999999967e+01 9.406999999999999806e-01
1.465049999999999919e+01 9.354000000000000092e-01
1.466289999999999871e+01 9.464000000000000190e-01
1.467540000000000155e+01 9.559999999999999609e-01
1.468780000000000108e+01 9.635000000000000231e-01
1.470030000000000037e+01 9.687999999999999945e-01
1.471269999999999989e+01 9.718999999999999861e-01
1.472519999999999918e+01 9.728999999999999870e-01
1.473759999999999870e+01 9.717000000000000082e-01
1.475000000000000178e+01 9.683000000000000496e-01
1.476250000000000107e+01 9.633000000000000451e-01
1.477490000000000059e+01 9.567999999999999838e-01
1.478739999999999988e+01 9.493000000000000327e-01
1.479979999999999940e+01 9.696000000000000174e-01
1.481219999999999892e+01 1.109299999999999953e+00
1.482470000000000176e+01 1.251200000000000090e+00
1.483710000000000129e+01 1.396099999999999897e+00
1.484960000000000058e+01 1.545400000000000107e+00
1.486200000000000010e+01 1.719000000000000083e+00
1.487449999999999939e+01 1.900700000000000056e+00
1.488689999999999891e+01 2.066800000000000193e+00
1.489929999999999843e+01 2.217499999999999805e+00
1.491180000000000128e+01 2.352599999999999802e+00
1.492420000000000080e+01 2.472199999999999953e+00
1.493670000000000009e+01 2.486099999999999977e+00
1.494909999999999961e+01 2.498400000000000176e+00
1.496159999999999890e+01 2.524000000000000021e+00
1.497399999999999842e+01 2.572599999999999998e+00
1.498640000000000150e+01 2.651899999999999924e+00
1.499890000000000079e+01 2.737400000000000055e+00
1.501130000000000031e+01 2.828800000000000203e+00
1.502379999999999960e+01 2.926400000000000112e+00
1.503619999999999912e+01 3.029900000000000038e+00
1.504859999999999864e+01 3.104900000000000215e+00
1.506110000000000149e+01 3.191600000000000215e+00
1.507350000000000101e+01 3.304699999999999971e+00
1.508600000000000030e+01 3.884900000000000020e+00
1.509839999999999982e+01 3.818599999999999994e+00
1.511089999999999911e+01 3.930699999999999861e+00
1.512329999999999863e+01 4.000700000000000145e+00
1.513570000000000171e+01 4.028999999999999915e+00
1.514820000000000100e+01 4.023900000000000254e+00
1.516060000000000052e+01 4.001400000000000290e+00
1.517309999999999981e+01 3.963000000000000078e+00
1.518549999999999933e+01 3.914099999999999913e+00
1.519789999999999885e+01 3.868300000000000072e+00
1.521040000000000170e+01 3.841299999999999937e+00
1.522280000000000122e+01 3.887500000000000178e+00
1.523530000000000051e+01 4.055399999999999672e+00
1.524770000000000003e+01 4.091700000000000337e+00
1.526019999999999932e+01 3.722199999999999953e+00
1.527259999999999884e+01 3.388100000000000112e+00
1.528499999999999837e+01 3.423000000000000043e+00
1.529750000000000121e+01 3.454699999999999882e+00
1.530990000000000073e+01 3.458200000000000163e+00
1.532240000000000002e+01 3.404700000000000060e+00
1.533479999999999954e+01 3.297899999999999832e+00
1.534719999999999906e+01 3.155499999999999972e+00
1.535969999999999835e+01 3.019200000000000106e+00
1.537210000000000143e+01 2.893899999999999917e+00
1.538460000000000072e+01 2.779900000000000038e+00
1.539700000000000024e+01 2.676699999999999857e+00
1.540949999999999953e+01 2.589700000000000113e+00
1.542189999999999905e+01 2.508599999999999941e+00
1.543429999999999858e+01 2.433100000000000041e+00
1.544680000000000142e+01 2.363199999999999967e+00
1.545920000000000094e+01 2.304199999999999804e+00
1.547170000000000023e+01 2.263199999999999878e+00
1.548409999999999975e+01 2.243100000000000094e+00
1.549649999999999928e+01 2.244000000000000217e+00
1.550899999999999856e+01 2.277499999999999858e+00
1.552140000000000164e+01 2.330600000000000005e+00
1.553390000000000093e+01 2.454800000000000093e+00
1.554630000000000045e+01 2.658700000000000063e+00
1.555879999999999974e+01 2.697400000000000020e+00
1.557119999999999926e+01 2.595800000000000107e+00
1.558359999999999879e+01 2.597300000000000164e+00
1.559610000000000163e+01 2.602300000000000058e+00
1.560850000000000115e+01 2.618199999999999861e+00
1.562100000000000044e+01 2.666100000000000136e+00
1.563339999999999996e+01 2.707300000000000040e+00
1.564589999999999925e+01 2.741899999999999782e+00
1.565829999999999878e+01 2.769899999999999807e+00
1.567069999999999830e+01 2.791300000000000114e+00
1.568320000000000114e+01 2.806200000000000028e+00
1.569560000000000066e+01 2.814400000000000013e+00
1.570809999999999995e+01 2.815999999999999837e+00
1.572049999999999947e+01 2.810900000000000176e+00
1.573289999999999900e+01 2.799300000000000122e+00
1.574539999999999829e+01 2.781099999999999905e+00
1.575780000000000136e+01 2.756299999999999972e+00
1.577030000000000065e+01 2.726700000000000124e+00
1.578270000000000017e+01 2.705400000000000027e+00
1.579519999999999946e+01 2.688800000000000079e+00
1.580759999999999899e+01 2.677799999999999958e+00
1.581999999999999851e+01 2.667100000000000026e+00
1.583250000000000135e+01 2.656600000000000072e+00
1.584490000000000087e+01 2.646300000000000097e+00
1.585740000000000016e+01 2.636200000000000099e+00
1.586979999999999968e+01 2.625799999999999912e+00
1.588219999999999921e+01 2.613399999999999945e+00
1.589469999999999850e+01 2.599000000000000199e+00
1.590710000000000157e+01 2.582399999999999807e+00
1.591960000000000086e+01 2.563000000000000167e+00
1.593200000000000038e+01 2.540700000000000180e+00
1.594449999999999967e+01 2.515499999999999847e+00
1.595689999999999920e+01 2.487499999999999822e+00
1.596929999999999872e+01 2.456500000000000128e+00
1.598180000000000156e+01 2.423099999999999810e+00
1.599420000000000108e+01 2.426400000000000112e+00
1.600670000000000215e+01 2.395799999999999930e+00
1.601910000000000167e+01 2.235500000000000043e+00
1.603150000000000119e+01 2.077700000000000102e+00
1.604399999999999693e+01 1.922800000000000065e+00
1.605640000000000356e+01 1.816200000000000037e+00
1.606889999999999930e+01 1.746899999999999897e+00
1.608129999999999882e+01 1.686900000000000066e+00
1.609380000000000166e+01 1.636400000000000077e+00
1.610620000000000118e+01 1.595299999999999940e+00
1.611860000000000070e+01 1.563600000000000101e+00
1.613110000000000355e+01 1.574000000000000066e+00
1.614350000000000307e+01 1.661399999999999988e+00
1.615599999999999881e+01 1.734299999999999953e+00
1.616839999999999833e+01 1.818899999999999961e+00
1.618079999999999785e+01 1.869399999999999951e+00
1.619330000000000069e+01 1.885899999999999910e+00
1.620570000000000022e+01 1.868300000000000072e+00
1.621820000000000306e+01 1.817499999999999893e+00
1.623060000000000258e+01 1.762899999999999912e+00
1.624309999999999832e+01 1.696700000000000097e+00
1.625549999999999784e+01 1.660099999999999909e+00
1.626789999999999736e+01 1.618000000000000105e+00
1.628040000000000020e+01 1.649999999999999911e+00
1.629279999999999973e+01 1.354300000000000059e+00
1.630530000000000257e+01 1.334799999999999986e+00
1.631770000000000209e+01 1.319499999999999895e+00
1.633019999999999783e+01 1.308200000000000029e+00
1.634259999999999735e+01 1.299099999999999921e+00
1.635499999999999687e+01 1.291299999999999892e+00
1.636749999999999972e+01 1.284699999999999953e+00
1.637989999999999924e+01 1.279500000000000082e+00
1.639240000000000208e+01 1.275600000000000067e+00
1.640480000000000160e+01 1.272999999999999909e+00
1.641720000000000113e+01 1.271600000000000064e+00
1.642969999999999686e+01 1.271600000000000064e+00
1.644210000000000349e+01 1.272899999999999920e+00
1.645459999999999923e+01 1.275400000000000089e+00
1.646699999999999875e+01 1.279300000000000104e+00
1.647950000000000159e+01 1.284499999999999975e+00
1.649190000000000111e+01 1.324300000000000033e+00
1.650430000000000064e+01 1.365199999999999969e+00
1.651680000000000348e+01 1.397000000000000020e+00
1.652920000000000300e+01 1.419699999999999962e+00
1.654169999999999874e+01 1.433300000000000018e+00
1.655409999999999826e+01 1.437899999999999956e+00
1.656649999999999778e+01 1.433300000000000018e+00
1.657900000000000063e+01 1.422099999999999920e+00
1.659140000000000015e+01 1.402900000000000036e+00
1.660390000000000299e+01 1.375299999999999967e+00
1.661630000000000251e+01 1.346899999999999986e+00
1.662879999999999825e+01 1.375099999999999989e+00
1.664119999999999777e+01 1.405000000000000027e+00
1.665359999999999729e+01 1.436700000000000088e+00
1.666610000000000014e+01 1.470199999999999951e+00
1.667849999999999966e+01 1.500099999999999989e+00
1.669100000000000250e+01 1.530100000000000016e+00
1.670340000000000202e+01 1.563199999999999923e+00
1.671580000000000155e+01 1.599699999999999900e+00
1.672829999999999728e+01 1.641399999999999970e+00
1.674069999999999681e+01 1.697699999999999987e+00
1.675319999999999965e+01 1.755100000000000104e+00
1.676559999999999917e+01 1.813199999999999923e+00
1.677810000000000201e+01 1.905799999999999939e+00
1.679050000000000153e+01 1.715600000000000014e+00
1.680290000000000106e+01 1.745200000000000085e+00
1.681539999999999679e+01 1.774199999999999999e+00
1.682780000000000342e+01 1.802599999999999980e+00
1.684029999999999916e+01 1.830300000000000038e+00
1.685269999999999868e+01 1.857299999999999951e+00
1.686509999999999820e+01 1.883699999999999930e+00
1.687760000000000105e+01 1.909499999999999975e+00
1.689000000000000057e+01 1.945400000000000018e+00
1.690250000000000341e+01 1.988299999999999956e+00
1.691490000000000293e+01 2.033399999999999874e+00
1.692739999999999867e+01 2.080900000000000194e+00
1.693979999999999819e+01 2.130500000000000060e+00
1.695219999999999771e+01 2.182599999999999874e+00
1.696470000000000056e+01 2.237999999999999989e+00
1.697710000000000008e+01 2.298299999999999788e+00
1.698960000000000292e+01 2.364100000000000090e+00
1.700200000000000244e+01 2.435299999999999798e+00
1.701449999999999818e+01 2.511800000000000033e+00
1.702689999999999770e+01 2.593700000000000117e+00
1.703929999999999723e+01 2.691500000000000004e+00
1.705180000000000007e+01 2.788199999999999790e+00
1.706419999999999959e+01 2.880799999999999805e+00
1.707670000000000243e+01 2.969199999999999839e+00
1.708910000000000196e+01 3.053599999999999870e+00
1.710150000000000148e+01 3.133799999999999919e+00
1.711399999999999721e+01 3.222300000000000164e+00
1.712639999999999674e+01 3.306999999999999940e+00
1.713889999999999958e+01 3.386000000000000121e+00
1.715129999999999910e+01 3.459499999999999797e+00
1.716380000000000194e+01 3.513799999999999812e+00
1.717620000000000147e+01 3.587099999999999955e+00
1.718860000000000099e+01 3.172200000000000131e+00
1.720109999999999673e+01 2.829800000000000093e+00
1.721350000000000335e+01 2.651400000000000201e+00
1.722599999999999909e+01 2.620000000000000107e+00
1.723839999999999861e+01 2.619200000000000195e+00
1.725079999999999814e+01 2.624499999999999833e+00
1.726330000000000098e+01 2.620499999999999829e+00
1.727570000000000050e+01 2.606599999999999806e+00
1.728820000000000334e+01 2.595499999999999918e+00
1.730060000000000286e+01 2.572299999999999809e+00
1.731309999999999860e+01 2.679800000000000182e+00
1.732549999999999812e+01 2.440799999999999859e+00
1.733789999999999765e+01 2.448399999999999910e+00
1.735040000000000049e+01 2.460999999999999854e+00
1.736280000000000001e+01 2.467900000000000205e+00
1.737530000000000285e+01 2.463999999999999968e+00
1.738770000000000238e+01 2.484399999999999942e+00
1.740010000000000190e+01 2.600000000000000089e+00
1.741259999999999764e+01 2.716800000000000104e+00
1.742499999999999716e+01 3.644800000000000040e+00
1.743750000000000000e+01 3.846600000000000019e+00
1.744989999999999952e+01 3.519800000000000040e+00
1.746240000000000236e+01 3.243199999999999861e+00
1.747480000000000189e+01 3.123699999999999921e+00
1.748720000000000141e+01 3.152699999999999836e+00
1.749969999999999715e+01 3.212499999999999911e+00
1.751209999999999667e+01 3.301200000000000134e+00
1.752459999999999951e+01 3.298099999999999810e+00
1.753699999999999903e+01 3.241600000000000037e+00
1.754939999999999856e+01 3.162999999999999812e+00
1.756190000000000140e+01 3.077100000000000168e+00
1.757430000000000092e+01 2.993799999999999795e+00
1.758679999999999666e+01 2.912900000000000045e+00
1.759920000000000329e+01 2.834600000000000009e+00
1.761169999999999902e+01 2.758799999999999919e+00
1.762409999999999854e+01 2.685400000000000009e+00
1.763649999999999807e+01 2.614599999999999813e+00
1.764900000000000091e+01 2.546300000000000008e+00
1.766140000000000043e+01 2.493399999999999839e+00
1.767390000000000327e+01 2.448500000000000121e+00
1.768630000000000280e+01 2.404399999999999871e+00
1.769879999999999853e+01 2.364799999999999791e+00
1.771119999999999806e+01 2.350699999999999790e+00
1.772359999999999758e+01 2.334999999999999964e+00
1.773610000000000042e+01 2.317400000000000126e+00
1.774849999999999994e+01 2.298099999999999810e+00
1.776100000000000279e+01 2.276800000000000157e+00
1.777340000000000231e+01 2.254100000000000215e+00
1.778580000000000183e+01 2.231300000000000061e+00
1.779829999999999757e+01 2.136499999999999844e+00
1.781069999999999709e+01 2.041500000000000092e+00
1.782319999999999993e+01 2.050100000000000033e+00
1.783559999999999945e+01 2.059699999999999864e+00
1.784810000000000230e+01 2.069199999999999928e+00
1.786050000000000182e+01 2.114900000000000002e+00
1.787290000000000134e+01 2.166199999999999903e+00
1.788539999999999708e+01 2.192699999999999871e+00
1.789779999999999660e+01 2.205400000000000027e+00
1.791029999999999944e+01 2.210999999999999854e+00
1.792269999999999897e+01 2.204000000000000181e+00
1.793509999999999849e+01 2.184499999999999886e+00
1.794760000000000133e+01 2.152499999999999858e+00
1.796000000000000085e+01 2.108000000000000096e+00
1.797249999999999659e+01 2.052700000000000191e+00
1.798490000000000322e+01 2.059499999999999886e+00
1.799739999999999895e+01 2.063800000000000079e+00
1.800979999999999848e+01 2.065399999999999903e+00
1.802219999999999800e+01 2.064400000000000013e+00
1.803470000000000084e+01 2.060700000000000198e+00
1.804710000000000036e+01 2.056500000000000217e+00
1.805960000000000321e+01 2.043099999999999916e+00
1.807200000000000273e+01 2.201600000000000001e+00
1.808440000000000225e+01 1.961000000000000076e+00
1.809689999999999799e+01 1.943300000000000027e+00
1.810929999999999751e+01 1.928199999999999914e+00
1.812180000000000035e+01 1.915499999999999980e+00
1.813419999999999987e+01 1.911000000000000032e+00
1.814670000000000272e+01 1.931400000000000006e+00
1.815910000000000224e+01 1.964499999999999913e+00
1.817150000000000176e+01 1.977999999999999980e+00
1.818399999999999750e+01 1.976299999999999946e+00
1.819639999999999702e+01 1.973600000000000021e+00
1.820889999999999986e+01 1.970399999999999929e+00
1.822129999999999939e+01 1.966900000000000093e+00
1.823369999999999891e+01 1.962900000000000089e+00
1.824620000000000175e+01 1.958499999999999908e+00
1.825860000000000127e+01 1.953899999999999970e+00
1.827109999999999701e+01 1.948900000000000077e+00
1.828349999999999653e+01 1.943500000000000005e+00
1.829599999999999937e+01 1.937899999999999956e+00
1.830839999999999890e+01 1.931899999999999951e+00
1.832079999999999842e+01 1.932399999999999896e+00
1.833330000000000126e+01 1.932800000000000074e+00
1.834570000000000078e+01 1.931200000000000028e+00
1.835819999999999652e+01 1.926800000000000068e+00
1.837060000000000315e+01 1.919699999999999962e+00
1.838309999999999889e+01 1.909899999999999931e+00
1.839549999999999841e+01 1.897299999999999986e+00
1.840789999999999793e+01 1.881999999999999895e+00
1.842040000000000077e+01 1.864000000000000101e+00
1.843280000000000030e+01 1.844799999999999995e+00
1.844530000000000314e+01 1.824699999999999989e+00
1.845770000000000266e+01 1.803600000000000092e+00
1.847010000000000218e+01 1.781600000000000072e+00
1.848259999999999792e+01 1.758599999999999941e+00
1.849499999999999744e+01 1.736299999999999955e+00
1.850750000000000028e+01 1.719600000000000017e+00
1.851989999999999981e+01 1.708700000000000108e+00
1.853240000000000265e+01 1.703799999999999981e+00
1.854480000000000217e+01 1.706800000000000095e+00
1.855720000000000169e+01 1.742599999999999927e+00
1.856969999999999743e+01 2.085799999999999876e+00
1.858209999999999695e+01 1.934600000000000097e+00
1.859459999999999980e+01 2.020199999999999996e+00
1.860699999999999932e+01 2.117300000000000182e+00
1.861939999999999884e+01 2.215500000000000025e+00
1.863190000000000168e+01 2.320899999999999963e+00
1.864430000000000121e+01 2.438499999999999890e+00
1.865679999999999694e+01 2.970600000000000129e+00
1.866920000000000357e+01 2.041199999999999903e+00
1.868169999999999931e+01 2.049900000000000055e+00
1.869409999999999883e+01 2.058300000000000018e+00
1.870649999999999835e+01 2.066300000000000026e+00
1.871900000000000119e+01 2.073900000000000077e+00
1.873140000000000072e+01 2.080799999999999983e+00
1.874390000000000356e+01 2.085999999999999854e+00
1.875630000000000308e+01 2.089500000000000135e+00
1.876870000000000260e+01 2.091200000000000170e+00
1.878119999999999834e+01 2.091099999999999959e+00
1.879359999999999786e+01 2.089399999999999924e+00
1.880610000000000070e+01 2.085900000000000087e+00
1.881850000000000023e+01 2.080700000000000216e+00
1.883100000000000307e+01 2.075299999999999923e+00
1.884340000000000259e+01 2.081100000000000172e+00
1.885580000000000211e+01 2.100900000000000212e+00
1.886829999999999785e+01 2.135200000000000209e+00
1.888069999999999737e+01 2.184000000000000163e+00
1.889320000000000022e+01 2.247199999999999864e+00
1.890559999999999974e+01 2.324899999999999967e+00
1.891799999999999926e+01 2.417100000000000026e+00
1.893050000000000210e+01 2.523699999999999832e+00
1.894290000000000163e+01 2.626399999999999846e+00
1.895539999999999736e+01 2.628899999999999793e+00
1.896779999999999688e+01 2.600099999999999856e+00
1.898029999999999973e+01 2.540000000000000036e+00
1.899269999999999925e+01 2.448599999999999888e+00
1.900509999999999877e+01 2.325899999999999856e+00
1.901760000000000161e+01 1.939799999999999969e+00
1.903000000000000114e+01 1.895100000000000007e+00
1.904249999999999687e+01 1.856700000000000017e+00
1.905490000000000350e+01 1.824600000000000000e+00
1.906739999999999924e+01 1.798699999999999966e+00
1.907979999999999876e+01 1.779099999999999904e+00
1.909219999999999828e+01 1.765600000000000058e+00
1.910470000000000113e+01 1.758199999999999985e+00
1.911710000000000065e+01 1.756999999999999895e+00
1.912960000000000349e+01 1.768599999999999950e+00
1.914200000000000301e+01 1.787600000000000078e+00
1.915440000000000254e+01 1.811900000000000066e+00
1.916689999999999827e+01 1.841800000000000104e+00
1.917929999999999779e+01 1.867199999999999971e+00
1.919180000000000064e+01 1.878100000000000103e+00
1.920420000000000016e+01 1.874400000000000066e+00
1.921670000000000300e+01 1.856100000000000083e+00
1.922910000000000252e+01 1.660400000000000098e+00
1.924150000000000205e+01 1.551600000000000090e+00
1.925399999999999778e+01 1.460800000000000098e+00
1.926639999999999731e+01 1.383999999999999897e+00
1.927890000000000015e+01 1.322200000000000042e+00
1.929129999999999967e+01 1.315299999999999914e+00
1.930369999999999919e+01 1.308499999999999996e+00
1.931620000000000203e+01 1.301800000000000068e+00
1.932860000000000156e+01 1.295299999999999896e+00
1.934109999999999729e+01 1.288899999999999935e+00
1.935349999999999682e+01 1.282599999999999962e+00
1.936599999999999966e+01 1.281700000000000061e+00
1.937839999999999918e+01 1.312200000000000033e+00
1.939079999999999870e+01 1.349499999999999922e+00
1.940330000000000155e+01 1.373099999999999987e+00
1.941570000000000107e+01 1.382800000000000029e+00
1.942819999999999681e+01 1.378700000000000037e+00
1.944060000000000343e+01 1.360899999999999999e+00
1.945300000000000296e+01 1.329199999999999937e+00
1.946549999999999869e+01 1.283800000000000052e+00
1.947789999999999822e+01 1.224599999999999911e+00
1.949040000000000106e+01 1.214599999999999902e+00
1.950280000000000058e+01 1.209600000000000009e+00
1.951530000000000342e+01 1.204700000000000104e+00
1.952770000000000294e+01 1.201500000000000012e+00
1.954010000000000247e+01 1.205799999999999983e+00
1.955259999999999820e+01 1.218499999999999917e+00
1.956499999999999773e+01 1.233500000000000041e+00
1.957750000000000057e+01 1.248599999999999932e+00
1.958990000000000009e+01 1.250599999999999934e+00
1.960229999999999961e+01 1.256000000000000005e+00
1.961480000000000246e+01 1.265200000000000102e+00
1.962720000000000198e+01 1.278100000000000014e+00
1.963969999999999771e+01 1.294799999999999951e+00
1.965209999999999724e+01 1.315299999999999914e+00
1.966460000000000008e+01 1.342700000000000005e+00
1.967699999999999960e+01 1.374600000000000044e+00
1.968939999999999912e+01 1.410099999999999909e+00
1.970190000000000197e+01 1.444800000000000084e+00
1.971430000000000149e+01 1.321600000000000108e+00
1.972679999999999723e+01 1.284200000000000008e+00
1.973919999999999675e+01 1.284100000000000019e+00
1.975160000000000338e+01 1.285400000000000098e+00
1.976409999999999911e+01 1.467600000000000016e+00
1.977649999999999864e+01 1.503700000000000037e+00
1.978900000000000148e+01 1.533600000000000074e+00
1.980140000000000100e+01 1.558200000000000029e+00
1.981389999999999674e+01 1.577299999999999924e+00
1.982630000000000337e+01 1.588999999999999968e+00
1.983870000000000289e+01 1.592700000000000005e+00
1.985119999999999862e+01 1.586600000000000010e+00
1.986359999999999815e+01 1.570500000000000007e+00
1.987610000000000099e+01 1.544399999999999995e+00
1.988850000000000051e+01 1.508199999999999985e+00
1.990100000000000335e+01 1.462099999999999955e+00
1.991340000000000288e+01 1.405899999999999928e+00
1.992580000000000240e+01 1.339699999999999891e+00
1.993829999999999814e+01 1.239900000000000002e+00
1.995069999999999766e+01 1.071199999999999930e+00
1.996320000000000050e+01 9.616000000000000103e-01
1.997560000000000002e+01 9.313000000000000167e-01
1.998799999999999955e+01 9.015999999999999570e-01
2.000050000000000239e+01 8.726000000000000423e-01
2.001290000000000191e+01 8.441999999999999504e-01
2.002539999999999765e+01 8.168999999999999595e-01
2.003779999999999717e+01 7.923000000000000043e-01
2.005030000000000001e+01 7.681000000000000050e-01
2.006269999999999953e+01 7.443999999999999506e-01
2.007509999999999906e+01 7.210999999999999632e-01
2.008760000000000190e+01 6.981000000000000538e-01
2.010000000000000142e+01 6.750000000000000444e-01
2.011249999999999716e+01 6.520000000000000240e-01
2.012489999999999668e+01 6.290000000000000036e-01
2.013730000000000331e+01 6.059999999999999831e-01
2.014979999999999905e+01 5.829999999999999627e-01
2.016219999999999857e+01 5.600000000000000533e-01
2.017470000000000141e+01 5.370000000000000329e-01
2.018710000000000093e+01 5.139000000000000234e-01
2.019959999999999667e+01 4.910999999999999810e-01
2.021200000000000330e+01 4.687000000000000055e-01
2.022440000000000282e+01 4.467999999999999750e-01
2.023689999999999856e+01 4.253000000000000114e-01
2.024929999999999808e+01 4.042999999999999927e-01
2.026180000000000092e+01 3.836999999999999855e-01
2.027420000000000044e+01 3.635999999999999788e-01
2.028659999999999997e+01 3.439999999999999725e-01
2.029910000000000281e+01 3.247999999999999776e-01
2.031150000000000233e+01 3.059999999999999942e-01
2.032399999999999807e+01 2.877000000000000113e-01
2.033639999999999759e+01 2.697999999999999843e-01
2.034890000000000043e+01 2.561999999999999833e-01
2.036129999999999995e+01 2.519000000000000128e-01
2.037369999999999948e+01 2.479999999999999982e-01
2.038620000000000232e+01 2.441000000000000114e-01
2.039860000000000184e+01 2.403000000000000136e-01
2.041109999999999758e+01 2.366000000000000048e-01
2.042349999999999710e+01 2.328000000000000069e-01
2.043589999999999662e+01 2.290999999999999981e-01
2.044839999999999947e+01 2.255000000000000060e-01
2.046079999999999899e+01 2.218999999999999861e-01
2.047330000000000183e+01 2.182999999999999940e-01
2.048570000000000135e+01 2.147999999999999909e-01
2.049819999999999709e+01 2.112999999999999878e-01
2.051059999999999661e+01 2.079000000000000015e-01
2.052300000000000324e+01 2.044999999999999873e-01
2.053549999999999898e+01 2.011999999999999900e-01
2.054789999999999850e+01 1.978999999999999926e-01
2.056040000000000134e+01 1.945999999999999952e-01
2.057280000000000086e+01 1.913999999999999868e-01
2.058529999999999660e+01 1.882000000000000062e-01
2.059770000000000323e+01 1.849999999999999978e-01
2.061010000000000275e+01 1.819999999999999951e-01
2.062259999999999849e+01 1.789000000000000035e-01
2.063499999999999801e+01 1.759000000000000008e-01
2.064750000000000085e+01 1.728999999999999981e-01
2.065990000000000038e+01 1.698999999999999955e-01
2.067229999999999990e+01 1.668999999999999928e-01
2.068480000000000274e+01 1.640000000000000069e-01
2.069720000000000226e+01 1.610999999999999932e-01
2.070969999999999800e+01 1.582000000000000073e-01
2.072209999999999752e+01 1.552999999999999936e-01
2.073460000000000036e+01 1.524999999999999967e-01
2.074699999999999989e+01 1.496000000000000107e-01
2.075939999999999941e+01 1.468000000000000138e-01
2.077190000000000225e+01 1.441000000000000059e-01
2.078430000000000177e+01 1.413000000000000089e-01
2.079679999999999751e+01 1.386000000000000010e-01
2.080919999999999703e+01 1.358999999999999930e-01
2.082159999999999656e+01 1.332000000000000128e-01
2.083409999999999940e+01 1.305999999999999939e-01
2.084649999999999892e+01 1.279000000000000137e-01
2.085900000000000176e+01 1.252999999999999947e-01
2.087140000000000128e+01 1.228000000000000064e-01
2.088389999999999702e+01 1.202000000000000013e-01
2.089629999999999654e+01 1.176999999999999991e-01
2.090870000000000317e+01 1.150999999999999940e-01
2.092119999999999891e+01 1.126999999999999946e-01
2.093359999999999843e+01 1.102000000000000063e-01
2.094610000000000127e+01 1.078000000000000069e-01
2.095850000000000080e+01 1.053000000000000047e-01
2.097090000000000032e+01 1.029000000000000054e-01
2.098340000000000316e+01 1.005999999999999950e-01
2.099580000000000268e+01 9.819999999999999563e-02
2.100829999999999842e+01 9.589999999999999913e-02
2.102069999999999794e+01 9.360000000000000264e-02
2.103320000000000078e+01 9.130000000000000615e-02
2.104560000000000031e+01 8.909999999999999865e-02
2.105799999999999983e+01 8.690000000000000502e-02
2.107050000000000267e+01 8.469999999999999751e-02
2.108290000000000219e+01 8.250000000000000389e-02
2.109539999999999793e+01 8.029999999999999638e-02
2.110779999999999745e+01 7.820000000000000562e-02
2.112019999999999698e+01 7.610000000000000098e-02
2.113269999999999982e+01 7.399999999999999634e-02
2.114509999999999934e+01 7.190000000000000557e-02
2.115760000000000218e+01 6.990000000000000380e-02
2.117000000000000171e+01 6.779999999999999916e-02
2.118249999999999744e+01 6.579999999999999738e-02
2.119489999999999696e+01 6.370000000000000662e-02
2.120730000000000359e+01 6.110000000000000153e-02
2.121979999999999933e+01 5.840000000000000052e-02
2.123219999999999885e+01 5.569999999999999951e-02
2.124470000000000169e+01 5.310000000000000137e-02
2.125710000000000122e+01 5.059999999999999915e-02
2.126959999999999695e+01 4.809999999999999692e-02
2.128200000000000358e+01 4.569999999999999757e-02
2.129440000000000310e+01 4.340000000000000108e-02
2.130689999999999884e+01 4.109999999999999765e-02
2.131929999999999836e+01 3.889999999999999708e-02
2.133180000000000121e+01 3.679999999999999938e-02
2.134420000000000073e+01 3.479999999999999760e-02
2.135660000000000025e+01 3.280000000000000276e-02
2.136910000000000309e+01 3.090000000000000038e-02
2.138150000000000261e+01 2.910000000000000087e-02
2.139399999999999835e+01 2.730000000000000135e-02
2.140639999999999787e+01 2.560000000000000123e-02
2.141890000000000072e+01 2.400000000000000050e-02
2.143130000000000024e+01 2.239999999999999977e-02
2.144369999999999976e+01 2.089999999999999844e-02
2.145620000000000260e+01 1.949999999999999997e-02
2.146860000000000213e+01 1.810000000000000150e-02
2.148109999999999786e+01 1.679999999999999896e-02
2.149349999999999739e+01 1.549999999999999989e-02
2.150589999999999691e+01 1.430000000000000021e-02
2.151839999999999975e+01 1.310000000000000053e-02
2.153079999999999927e+01 1.200000000000000025e-02
2.154330000000000211e+01 1.099999999999999936e-02
2.155570000000000164e+01 1.000000000000000021e-02
2.156819999999999737e+01 8.999999999999999320e-03
2.158059999999999690e+01 8.200000000000000691e-03
2.159300000000000352e+01 7.300000000000000065e-03
2.160549999999999926e+01 6.599999999999999964e-03
2.161789999999999878e+01 5.899999999999999863e-03
2.163040000000000163e+01 5.199999999999999761e-03
2.164280000000000115e+01 4.599999999999999922e-03
2.165520000000000067e+01 4.100000000000000346e-03
2.166770000000000351e+01 3.599999999999999901e-03
2.168010000000000304e+01 3.200000000000000153e-03
2.169259999999999877e+01 2.799999999999999972e-03
2.170499999999999829e+01 2.500000000000000052e-03
2.171750000000000114e+01 2.200000000000000133e-03
2.172990000000000066e+01 2.000000000000000042e-03
2.174230000000000018e+01 1.799999999999999951e-03
2.175480000000000302e+01 1.500000000000000031e-03
2.176720000000000255e+01 1.299999999999999940e-03
2.177969999999999828e+01 1.199999999999999895e-03
2.179209999999999781e+01 1.000000000000000021e-03
2.180449999999999733e+01 8.000000000000000383e-04
2.181700000000000017e+01 6.999999999999999929e-04
2.182939999999999969e+01 5.000000000000000104e-04
2.184190000000000254e+01 4.000000000000000192e-04
2.185430000000000206e+01 2.999999999999999737e-04
2.186679999999999779e+01 2.000000000000000096e-04
2.187919999999999732e+01 2.000000000000000096e-04
2.189159999999999684e+01 1.000000000000000048e-04
2.190409999999999968e+01 1.000000000000000048e-04
2.191649999999999920e+01 0.000000000000000000e+00
2.192900000000000205e+01 0.000000000000000000e+00
2.194140000000000157e+01 0.000000000000000000e+00
2.195389999999999731e+01 0.000000000000000000e+00
2.196629999999999683e+01 0.000000000000000000e+00
2.197870000000000346e+01 0.000000000000000000e+00
2.199119999999999919e+01 0.000000000000000000e+00
2.200359999999999872e+01 0.000000000000000000e+00
2.201610000000000156e+01 0.000000000000000000e+00
2.202850000000000108e+01 0.000000000000000000e+00
2.204090000000000060e+01 0.000000000000000000e+00
2.205340000000000344e+01 0.000000000000000000e+00
2.206580000000000297e+01 0.000000000000000000e+00
2.207829999999999870e+01 0.000000000000000000e+00
2.209069999999999823e+01 0.000000000000000000e+00
2.210320000000000107e+01 0.000000000000000000e+00
2.211560000000000059e+01 0.000000000000000000e+00
2.212800000000000011e+01 0.000000000000000000e+00
2.214050000000000296e+01 0.000000000000000000e+00
2.215290000000000248e+01 0.000000000000000000e+00
2.216539999999999822e+01 0.000000000000000000e+00
2.217779999999999774e+01 0.000000000000000000e+00
2.219019999999999726e+01 0.000000000000000000e+00
2.220270000000000010e+01 0.000000000000000000e+00
2.221509999999999962e+01 0.000000000000000000e+00
2.222760000000000247e+01 0.000000000000000000e+00
2.224000000000000199e+01 0.000000000000000000e+00
2.225249999999999773e+01 0.000000000000000000e+00
2.226489999999999725e+01 0.000000000000000000e+00
2.227729999999999677e+01 0.000000000000000000e+00
2.228979999999999961e+01 0.000000000000000000e+00
2.230219999999999914e+01 0.000000000000000000e+00
2.231470000000000198e+01 0.000000000000000000e+00
2.232710000000000150e+01 0.000000000000000000e+00
2.233950000000000102e+01 0.000000000000000000e+00
2.235199999999999676e+01 0.000000000000000000e+00
2.236440000000000339e+01 0.000000000000000000e+00
2.237689999999999912e+01 0.000000000000000000e+00
2.238929999999999865e+01 0.000000000000000000e+00
2.240180000000000149e+01 0.000000000000000000e+00
2.241420000000000101e+01 0.000000000000000000e+00
2.242660000000000053e+01 0.000000000000000000e+00
2.243910000000000338e+01 0.000000000000000000e+00
2.245150000000000290e+01 0.000000000000000000e+00
2.246399999999999864e+01 0.000000000000000000e+00
2.247639999999999816e+01 0.000000000000000000e+00
2.248879999999999768e+01 0.000000000000000000e+00
2.250130000000000052e+01 0.000000000000000000e+00
2.251370000000000005e+01 0.000000000000000000e+00
2.252620000000000289e+01 0.000000000000000000e+00
2.253860000000000241e+01 0.000000000000000000e+00
2.255109999999999815e+01 0.000000000000000000e+00
2.256349999999999767e+01 0.000000000000000000e+00
2.257589999999999719e+01 0.000000000000000000e+00
2.258840000000000003e+01 0.000000000000000000e+00
2.260079999999999956e+01 0.000000000000000000e+00
2.261330000000000240e+01 0.000000000000000000e+00
2.262570000000000192e+01 0.000000000000000000e+00
2.263819999999999766e+01 0.000000000000000000e+00
2.265059999999999718e+01 0.000000000000000000e+00
2.266299999999999670e+01 0.000000000000000000e+00
2.267549999999999955e+01 0.000000000000000000e+00
2.268789999999999907e+01 0.000000000000000000e+00
2.270040000000000191e+01 0.000000000000000000e+00
2.271280000000000143e+01 0.000000000000000000e+00
2.272520000000000095e+01 0.000000000000000000e+00
2.273769999999999669e+01 0.000000000000000000e+00
2.275010000000000332e+01 0.000000000000000000e+00
2.276259999999999906e+01 0.000000000000000000e+00
2.277499999999999858e+01 0.000000000000000000e+00
2.278750000000000142e+01 0.000000000000000000e+00
2.279990000000000094e+01 0.000000000000000000e+00
2.281230000000000047e+01 0.000000000000000000e+00
2.282480000000000331e+01 0.000000000000000000e+00
2.283720000000000283e+01 0.000000000000000000e+00
2.284969999999999857e+01 0.000000000000000000e+00
2.286209999999999809e+01 0.000000000000000000e+00
2.287449999999999761e+01 0.000000000000000000e+00
2.288700000000000045e+01 0.000000000000000000e+00
2.289939999999999998e+01 0.000000000000000000e+00
2.291190000000000282e+01 0.000000000000000000e+00
2.292430000000000234e+01 0.000000000000000000e+00
2.293679999999999808e+01 0.000000000000000000e+00
2.294919999999999760e+01 0.000000000000000000e+00
2.296159999999999712e+01 0.000000000000000000e+00
2.297409999999999997e+01 0.000000000000000000e+00
2.298649999999999949e+01 0.000000000000000000e+00
2.299900000000000233e+01 0.000000000000000000e+00
2.301140000000000185e+01 0.000000000000000000e+00
2.302380000000000138e+01 0.000000000000000000e+00
2.303629999999999711e+01 0.000000000000000000e+00
2.304869999999999663e+01 0.000000000000000000e+00
2.306119999999999948e+01 0.000000000000000000e+00
2.307359999999999900e+01 0.000000000000000000e+00
2.308610000000000184e+01 0.000000000000000000e+00
2.309850000000000136e+01 0.000000000000000000e+00
2.311090000000000089e+01 0.000000000000000000e+00
2.312339999999999662e+01 0.000000000000000000e+00
2.313580000000000325e+01 0.000000000000000000e+00
2.314829999999999899e+01 0.000000000000000000e+00
2.316069999999999851e+01 0.000000000000000000e+00
2.317309999999999803e+01 0.000000000000000000e+00
2.318560000000000088e+01 0.000000000000000000e+00
2.319800000000000040e+01 0.000000000000000000e+00
2.321050000000000324e+01 0.000000000000000000e+00
2.322290000000000276e+01 0.000000000000000000e+00
2.323539999999999850e+01 0.000000000000000000e+00
2.324779999999999802e+01 0.000000000000000000e+00
2.326019999999999754e+01 0.000000000000000000e+00
2.327270000000000039e+01 0.000000000000000000e+00
2.328509999999999991e+01 0.000000000000000000e+00
2.329760000000000275e+01 0.000000000000000000e+00
2.331000000000000227e+01 0.000000000000000000e+00
2.332249999999999801e+01 0.000000000000000000e+00
2.333489999999999753e+01 0.000000000000000000e+00
2.334729999999999706e+01 0.000000000000000000e+00
2.335979999999999990e+01 0.000000000000000000e+00
2.337219999999999942e+01 0.000000000000000000e+00
2.338470000000000226e+01 0.000000000000000000e+00
2.339710000000000178e+01 0.000000000000000000e+00
2.340950000000000131e+01 0.000000000000000000e+00
2.342199999999999704e+01 0.000000000000000000e+00
2.343439999999999657e+01 0.000000000000000000e+00
2.344689999999999941e+01 0.000000000000000000e+00
2.345929999999999893e+01 0.000000000000000000e+00
2.347180000000000177e+01 0.000000000000000000e+00
2.348420000000000130e+01 0.000000000000000000e+00
2.349660000000000082e+01 0.000000000000000000e+00
2.350909999999999656e+01 0.000000000000000000e+00
2.352150000000000318e+01 0.000000000000000000e+00
2.353399999999999892e+01 0.000000000000000000e+00
2.354639999999999844e+01 0.000000000000000000e+00
2.355879999999999797e+01 0.000000000000000000e+00
2.357130000000000081e+01 0.000000000000000000e+00
2.358370000000000033e+01 0.000000000000000000e+00
2.359620000000000317e+01 0.000000000000000000e+00
2.360860000000000269e+01 0.000000000000000000e+00
2.362109999999999843e+01 0.000000000000000000e+00
2.363349999999999795e+01 0.000000000000000000e+00
